04/08 13:20 [DEBUG] cshmd.common (get_logger)                                    : $$$$$$$$$$$$$$  Logger 'cshmd.common........' initialized  $$$$$$$$$$$$$$
04/08 13:20 [DEBUG] cshmd.functions (get_logger)                                 : $$$$$$$$$$$$$$  Logger 'cshmd.functions.....' initialized  $$$$$$$$$$$$$$
04/08 13:20 [DEBUG] cshmd.load (get_logger)                                      : $$$$$$$$$$$$$$  Logger 'cshmd.load..........' initialized  $$$$$$$$$$$$$$
04/08 13:20 [DEBUG] cshmd.analysis (get_logger)                                  : $$$$$$$$$$$$$$  Logger 'cshmd.analysis......' initialized  $$$$$$$$$$$$$$
04/08 13:20 [DEBUG] cshmd.structure (get_logger)                                 : $$$$$$$$$$$$$$  Logger 'cshmd.structure.....' initialized  $$$$$$$$$$$$$$
04/08 13:20 [DEBUG] cshmd.builder (get_logger)                                   : $$$$$$$$$$$$$$  Logger 'cshmd.builder.......' initialized  $$$$$$$$$$$$$$
04/08 13:20 [DEBUG] cshmd.trj_analysis (get_logger)                              : $$$$$$$$$$$$$$  Logger 'cshmd.trj_analysis..' initialized  $$$$$$$$$$$$$$
04/08 13:20 [DEBUG] csh_builder (get_logger)                                     : $$$$$$$$$$$$$$  Logger 'csh_builder.........' initialized  $$$$$$$$$$$$$$
04/08 13:20 [INFO] csh_builder (main)                                            : ----------------------------------------------------------------------
04/08 13:20 [INFO] csh_builder (main)                                            : 'L02.yaml' loaded
04/08 13:20 [INFO] cshmd.structure (__init__)                                    : /Users/kimuni/bin/kimuni/cshmd/data/resources/cif/T14_111_term.cif was loaded
04/08 13:20 [DEBUG] cshmd.analysis (__init__)                                    : [Structure] Now new data setted for get Bonds
04/08 13:20 [DEBUG] cshmd.analysis (__del_bond__)                                : del -> Si_O O_H H_O Ca_O C_O BO NBO
04/08 13:20 [DEBUG] cshmd.analysis (__initialize_mole__)                         : initalize -> H2O SiO4 OH CO3 H3O
04/08 13:20 [DEBUG] cshmd.analysis (__initialize_mole__)                         : initalize -> SiOH CaOH HCO3 H2CO3 H3CO3
04/08 13:20 [INFO] cshmd.analysis (__init__)                                     : Not any C-S-H Si range info
04/08 13:20 [DEBUG] cshmd.analysis (find_bond)                                   : find_bond O - H rcut -> 1.2
04/08 13:20 [DEBUG] cshmd.common (time_wrapper)                                  : [RUNTIME] get_distance_table in 0.000 seconds
04/08 13:20 [DEBUG] cshmd.analysis (get_mole)                                    : get_mole O - H -> nbonds: 2
04/08 13:20 [DEBUG] cshmd.analysis (find_bond)                                   : find_bond Si - O rcut -> 2.2
04/08 13:20 [DEBUG] cshmd.common (time_wrapper)                                  : [RUNTIME] get_distance_table in 0.000 seconds
04/08 13:20 [DEBUG] cshmd.analysis (get_mole)                                    : get_mole Si - O -> nbonds: 4
04/08 13:20 [DEBUG] cshmd.analysis (get_mole)                                    : get_mole O - H -> nbonds: 1
04/08 13:20 [DEBUG] cshmd.analysis (find_bond)                                   : find_bond C - O rcut -> 1.6
04/08 13:20 [DEBUG] cshmd.analysis (get_mole)                                    : get_mole C - O -> nbonds: 3
04/08 13:20 [DEBUG] cshmd.analysis (get_mole)                                    : get_mole O - H -> nbonds: 3
04/08 13:20 [DEBUG] cshmd.analysis (find_bond)                                   : find_bond Ca - O rcut -> 3.0
04/08 13:20 [DEBUG] cshmd.common (time_wrapper)                                  : [RUNTIME] get_distance_table in 0.000 seconds
04/08 13:20 [DEBUG] cshmd.analysis (search_basic)                                : Basic search result -> H2O: 9, SiO4: 12, OH: 2, CO3: 0, H3O: 0, Ca_O: 60
04/08 13:20 [DEBUG] cshmd.analysis (full_search)                                 : Search layer details
04/08 13:20 [DEBUG] cshmd.analysis (find_bond)                                   : find_bond Ca - O rcut -> 3.0
04/08 13:20 [DEBUG] cshmd.analysis (find_bond)                                   : find_bond Si - O rcut -> 2.2
04/08 13:20 [DEBUG] cshmd.analysis (__detail_search_oh_co3)                      : No CO3 in basic search
04/08 13:20 [DEBUG] cshmd.analysis (__detail_search_oh_sioh)                     : Searching 'OH' in 'SiO4
04/08 13:20 [DEBUG] cshmd.analysis (__detail_search_oh_caoh)                     : No CaOH in basic search. RETURN
04/08 13:20 [INFO] cshmd.analysis (Qn)                                           : [Structure] Q2: 1.000
04/08 13:20 [INFO] cshmd.analysis (CS)                                           : [Structure] C/S: 0.750
04/08 13:20 [INFO] cshmd.analysis (validate_tetra)                               : [Structure] BT: 4, PT: 8
04/08 13:20 [INFO] cshmd.analysis (MCL)                                          : [Structure] MCL: inf
04/08 13:20 [DEBUG] cshmd.analysis (__init__)                                    : <class 'cshmd.analysis.Chain'> loaded
04/08 13:20 [DEBUG] cshmd.analysis (__init__)                                    : <class 'cshmd.analysis.Chain'> loaded
04/08 13:20 [DEBUG] cshmd.analysis (__init__)                                    : <class 'cshmd.analysis.Chain'> loaded
04/08 13:20 [DEBUG] cshmd.analysis (__init__)                                    : <class 'cshmd.analysis.Chain'> loaded
04/08 13:20 [INFO] cshmd.analysis (validate_tetra)                               : [Structure] CL : Length 3: 1
04/08 13:20 [INFO] cshmd.analysis (validate_tetra)                               : [Structure] MCL : 3.0
04/08 13:20 [INFO] cshmd.structure (__init__)                                    : /Users/kimuni/bin/kimuni/cshmd/data/resources/cif/T14_111_term.cif was loaded
04/08 13:20 [DEBUG] cshmd.analysis (__init__)                                    : [Structure] Now new data setted for get Bonds
04/08 13:20 [DEBUG] cshmd.analysis (__del_bond__)                                : del -> Si_O O_H H_O Ca_O C_O BO NBO
04/08 13:20 [DEBUG] cshmd.analysis (__initialize_mole__)                         : initalize -> H2O SiO4 OH CO3 H3O
04/08 13:20 [DEBUG] cshmd.analysis (__initialize_mole__)                         : initalize -> SiOH CaOH HCO3 H2CO3 H3CO3
04/08 13:20 [DEBUG] cshmd.analysis (find_bond)                                   : find_bond O - H rcut -> 1.2
04/08 13:20 [DEBUG] cshmd.common (time_wrapper)                                  : [RUNTIME] get_distance_table in 0.000 seconds
04/08 13:20 [DEBUG] cshmd.analysis (get_mole)                                    : get_mole O - H -> nbonds: 2
04/08 13:20 [DEBUG] cshmd.analysis (find_bond)                                   : find_bond Si - O rcut -> 2.2
04/08 13:20 [DEBUG] cshmd.common (time_wrapper)                                  : [RUNTIME] get_distance_table in 0.000 seconds
04/08 13:20 [DEBUG] cshmd.analysis (get_mole)                                    : get_mole Si - O -> nbonds: 4
04/08 13:20 [DEBUG] cshmd.analysis (get_mole)                                    : get_mole O - H -> nbonds: 1
04/08 13:20 [DEBUG] cshmd.analysis (find_bond)                                   : find_bond C - O rcut -> 1.6
04/08 13:20 [DEBUG] cshmd.analysis (get_mole)                                    : get_mole C - O -> nbonds: 3
04/08 13:20 [DEBUG] cshmd.analysis (get_mole)                                    : get_mole O - H -> nbonds: 3
04/08 13:20 [DEBUG] cshmd.analysis (find_bond)                                   : find_bond Ca - O rcut -> 3.0
04/08 13:20 [DEBUG] cshmd.common (time_wrapper)                                  : [RUNTIME] get_distance_table in 0.000 seconds
04/08 13:20 [DEBUG] cshmd.analysis (search_basic)                                : Basic search result -> H2O: 9, SiO4: 12, OH: 2, CO3: 0, H3O: 0, Ca_O: 60
04/08 13:20 [DEBUG] cshmd.analysis (full_search)                                 : Search layer details
04/08 13:20 [DEBUG] cshmd.analysis (find_bond)                                   : find_bond Ca - O rcut -> 3.0
04/08 13:20 [DEBUG] cshmd.analysis (find_bond)                                   : find_bond Si - O rcut -> 2.2
04/08 13:20 [DEBUG] cshmd.analysis (__detail_search_oh_co3)                      : No CO3 in basic search
04/08 13:20 [DEBUG] cshmd.analysis (__detail_search_oh_sioh)                     : Searching 'OH' in 'SiO4
04/08 13:20 [DEBUG] cshmd.analysis (__detail_search_oh_caoh)                     : No CaOH in basic search. RETURN
04/08 13:20 [INFO] cshmd.analysis (Qn)                                           : [Structure] Q2: 1.000
04/08 13:20 [INFO] cshmd.analysis (CS)                                           : [Structure] C/S: 0.750
04/08 13:20 [INFO] cshmd.analysis (validate_tetra)                               : [Structure] BT: 4, PT: 8
04/08 13:20 [INFO] cshmd.analysis (MCL)                                          : [Structure] MCL: inf
04/08 13:20 [DEBUG] cshmd.analysis (__init__)                                    : <class 'cshmd.analysis.Chain'> loaded
04/08 13:20 [DEBUG] cshmd.analysis (__init__)                                    : <class 'cshmd.analysis.Chain'> loaded
04/08 13:20 [DEBUG] cshmd.analysis (__init__)                                    : <class 'cshmd.analysis.Chain'> loaded
04/08 13:20 [DEBUG] cshmd.analysis (__init__)                                    : <class 'cshmd.analysis.Chain'> loaded
04/08 13:20 [INFO] cshmd.analysis (validate_tetra)                               : [Structure] CL : Length 3: 1
04/08 13:20 [INFO] cshmd.analysis (validate_tetra)                               : [Structure] MCL : 3.0
04/08 13:20 [INFO] csh_builder (main)                                            : [Structure] Reading command 'supercell'...
04/08 13:20 [INFO] cshmd.structure (makeSupercell)                               : [Structure] Supercell created 8 * 8 * 1
04/08 13:20 [DEBUG] cshmd.analysis (__init__)                                    : [Structure] Now new data setted for get Bonds
04/08 13:20 [DEBUG] cshmd.analysis (__del_bond__)                                : del -> Si_O O_H H_O Ca_O C_O BO NBO
04/08 13:20 [DEBUG] cshmd.analysis (__initialize_mole__)                         : initalize -> H2O SiO4 OH CO3 H3O
04/08 13:20 [DEBUG] cshmd.analysis (__initialize_mole__)                         : initalize -> SiOH CaOH HCO3 H2CO3 H3CO3
04/08 13:20 [DEBUG] cshmd.analysis (find_bond)                                   : find_bond O - H rcut -> 1.2
04/08 13:20 [DEBUG] cshmd.common (time_wrapper)                                  : [RUNTIME] get_distance_table in 0.644 seconds
04/08 13:20 [DEBUG] cshmd.analysis (get_mole)                                    : get_mole O - H -> nbonds: 2
04/08 13:20 [DEBUG] cshmd.analysis (find_bond)                                   : find_bond Si - O rcut -> 2.2
04/08 13:20 [DEBUG] cshmd.common (time_wrapper)                                  : [RUNTIME] get_distance_table in 0.405 seconds
04/08 13:20 [DEBUG] cshmd.analysis (get_mole)                                    : get_mole Si - O -> nbonds: 4
04/08 13:20 [DEBUG] cshmd.analysis (get_mole)                                    : get_mole O - H -> nbonds: 1
04/08 13:20 [DEBUG] cshmd.analysis (find_bond)                                   : find_bond C - O rcut -> 1.6
04/08 13:20 [DEBUG] cshmd.analysis (get_mole)                                    : get_mole C - O -> nbonds: 3
04/08 13:20 [DEBUG] cshmd.analysis (get_mole)                                    : get_mole O - H -> nbonds: 3
04/08 13:20 [DEBUG] cshmd.analysis (find_bond)                                   : find_bond Ca - O rcut -> 3.0
04/08 13:20 [DEBUG] cshmd.common (time_wrapper)                                  : [RUNTIME] get_distance_table in 0.291 seconds
04/08 13:20 [DEBUG] cshmd.analysis (search_basic)                                : Basic search result -> H2O: 576, SiO4: 768, OH: 128, CO3: 0, H3O: 0, Ca_O: 3840
04/08 13:20 [DEBUG] cshmd.analysis (full_search)                                 : Search layer details
04/08 13:20 [DEBUG] cshmd.analysis (find_bond)                                   : find_bond Ca - O rcut -> 3.0
04/08 13:20 [DEBUG] cshmd.analysis (find_bond)                                   : find_bond Si - O rcut -> 2.2
04/08 13:20 [DEBUG] cshmd.analysis (__detail_search_oh_co3)                      : No CO3 in basic search
04/08 13:20 [DEBUG] cshmd.analysis (__detail_search_oh_sioh)                     : Searching 'OH' in 'SiO4
04/08 13:20 [DEBUG] cshmd.analysis (__detail_search_oh_caoh)                     : No CaOH in basic search. RETURN
04/08 13:20 [INFO] cshmd.analysis (Qn)                                           : [Structure] Q2: 1.000
04/08 13:20 [INFO] cshmd.analysis (CS)                                           : [Structure] C/S: 0.750
04/08 13:20 [INFO] cshmd.analysis (validate_tetra)                               : [Structure] BT: 256, PT: 512
04/08 13:20 [INFO] cshmd.analysis (MCL)                                          : [Structure] MCL: inf
04/08 13:20 [DEBUG] cshmd.analysis (__init__)                                    : <class 'cshmd.analysis.Chain'> loaded
04/08 13:20 [DEBUG] cshmd.analysis (__init__)                                    : <class 'cshmd.analysis.Chain'> loaded
04/08 13:20 [DEBUG] cshmd.analysis (__init__)                                    : <class 'cshmd.analysis.Chain'> loaded
04/08 13:20 [DEBUG] cshmd.analysis (__init__)                                    : <class 'cshmd.analysis.Chain'> loaded
04/08 13:20 [INFO] cshmd.analysis (validate_tetra)                               : [Structure] CL : Length 24: 8
04/08 13:20 [INFO] cshmd.analysis (validate_tetra)                               : [Structure] MCL : 24.0
04/08 13:20 [INFO] cshmd.builder (update_manager)                                : [Structure] Number of atoms: 86 -> 5504
04/08 13:20 [INFO] csh_builder (main)                                            : [Structure] Reading command 'defect_BT'...
04/08 13:20 [INFO] cshmd.builder (defect_BT)                                     : [Structure] Termination scope: False
04/08 13:20 [INFO] cshmd.builder (defect_BT)                                     : [Structure] Exists 64 Bridging Tetra in 'up' side
04/08 13:20 [INFO] cshmd.structure (add_Ca)                                      : [Structure] Add Ca
04/08 13:20 [INFO] cshmd.builder (defect_BT)                                     : [Structure] Exists 64 Bridging Tetra in 'down' side
04/08 13:20 [INFO] cshmd.structure (add_Ca)                                      : [Structure] Add Ca
04/08 13:20 [INFO] cshmd.builder (defect_BT)                                     : [Structure] Termination scope: False
04/08 13:20 [INFO] cshmd.builder (defect_BT)                                     : [Structure] Exists 64 Bridging Tetra in 'down' side
04/08 13:20 [INFO] cshmd.structure (add_Ca)                                      : [Structure] Add Ca with 1 OH
04/08 13:20 [INFO] cshmd.structure (check_rm_list)                               : Delete 640 atoms in rm_list
04/08 13:20 [DEBUG] cshmd.analysis (__init__)                                    : [Structure] Now new data setted for get Bonds
04/08 13:20 [DEBUG] cshmd.analysis (__del_bond__)                                : del -> Si_O O_H H_O Ca_O C_O BO NBO
04/08 13:20 [DEBUG] cshmd.analysis (__initialize_mole__)                         : initalize -> H2O SiO4 OH CO3 H3O
04/08 13:20 [DEBUG] cshmd.analysis (__initialize_mole__)                         : initalize -> SiOH CaOH HCO3 H2CO3 H3CO3
04/08 13:20 [DEBUG] cshmd.analysis (find_bond)                                   : find_bond O - H rcut -> 1.2
04/08 13:20 [DEBUG] cshmd.common (time_wrapper)                                  : [RUNTIME] get_distance_table in 0.518 seconds
04/08 13:20 [DEBUG] cshmd.analysis (get_mole)                                    : get_mole O - H -> nbonds: 2
04/08 13:20 [DEBUG] cshmd.analysis (find_bond)                                   : find_bond Si - O rcut -> 2.2
04/08 13:20 [DEBUG] cshmd.common (time_wrapper)                                  : [RUNTIME] get_distance_table in 0.234 seconds
04/08 13:20 [DEBUG] cshmd.analysis (get_mole)                                    : get_mole Si - O -> nbonds: 4
04/08 13:20 [DEBUG] cshmd.analysis (get_mole)                                    : get_mole O - H -> nbonds: 1
04/08 13:20 [DEBUG] cshmd.analysis (find_bond)                                   : find_bond C - O rcut -> 1.6
04/08 13:20 [DEBUG] cshmd.analysis (get_mole)                                    : get_mole C - O -> nbonds: 3
04/08 13:20 [DEBUG] cshmd.analysis (get_mole)                                    : get_mole O - H -> nbonds: 3
04/08 13:20 [DEBUG] cshmd.analysis (find_bond)                                   : find_bond Ca - O rcut -> 3.0
04/08 13:20 [DEBUG] cshmd.common (time_wrapper)                                  : [RUNTIME] get_distance_table in 0.302 seconds
04/08 13:20 [DEBUG] cshmd.analysis (search_basic)                                : Basic search result -> H2O: 576, SiO4: 576, OH: 128, CO3: 0, H3O: 0, Ca_O: 4032
04/08 13:20 [DEBUG] cshmd.analysis (full_search)                                 : Search layer details
04/08 13:20 [DEBUG] cshmd.analysis (find_bond)                                   : find_bond Ca - O rcut -> 3.0
04/08 13:20 [DEBUG] cshmd.analysis (find_bond)                                   : find_bond Si - O rcut -> 2.2
04/08 13:20 [DEBUG] cshmd.analysis (__detail_search_oh_co3)                      : No CO3 in basic search
04/08 13:20 [DEBUG] cshmd.analysis (__detail_search_oh_sioh)                     : Searching 'OH' in 'SiO4
04/08 13:20 [DEBUG] cshmd.analysis (__detail_search_oh_caoh)                     : Searching 'OH' in 'CaOH
04/08 13:20 [INFO] cshmd.analysis (Qn)                                           : [Structure] Q1: 0.667
04/08 13:20 [INFO] cshmd.analysis (Qn)                                           : [Structure] Q2: 0.333
04/08 13:20 [INFO] cshmd.analysis (CS)                                           : [Structure] C/S: 1.111
04/08 13:20 [INFO] cshmd.analysis (validate_tetra)                               : [Structure] BT: 64, PT: 512
04/08 13:20 [INFO] cshmd.analysis (MCL)                                          : [Structure] MCL: 1.333
04/08 13:20 [DEBUG] cshmd.analysis (__init__)                                    : <class 'cshmd.analysis.Chain'> loaded
04/08 13:20 [DEBUG] cshmd.analysis (__init__)                                    : <class 'cshmd.analysis.Chain'> loaded
04/08 13:20 [DEBUG] cshmd.analysis (__init__)                                    : <class 'cshmd.analysis.Chain'> loaded
04/08 13:20 [DEBUG] cshmd.analysis (__init__)                                    : <class 'cshmd.analysis.Chain'> loaded
04/08 13:20 [INFO] cshmd.analysis (validate_tetra)                               : [Structure] CL : Length 2: 64
04/08 13:20 [INFO] cshmd.analysis (validate_tetra)                               : [Structure] MCL : 2.0
04/08 13:20 [INFO] cshmd.builder (update_manager)                                : [Structure] Number of atoms: 5504 -> 5184
04/08 13:20 [DEBUG] cshmd.common (get_logger)                                    : $$$$$$$$$$$$$$  Logger 'cshmd.common........' initialized  $$$$$$$$$$$$$$
04/08 13:20 [DEBUG] cshmd.functions (get_logger)                                 : $$$$$$$$$$$$$$  Logger 'cshmd.functions.....' initialized  $$$$$$$$$$$$$$
04/08 13:20 [DEBUG] cshmd.load (get_logger)                                      : $$$$$$$$$$$$$$  Logger 'cshmd.load..........' initialized  $$$$$$$$$$$$$$
04/08 13:20 [DEBUG] cshmd.analysis (get_logger)                                  : $$$$$$$$$$$$$$  Logger 'cshmd.analysis......' initialized  $$$$$$$$$$$$$$
04/08 13:20 [DEBUG] cshmd.structure (get_logger)                                 : $$$$$$$$$$$$$$  Logger 'cshmd.structure.....' initialized  $$$$$$$$$$$$$$
04/08 13:20 [DEBUG] cshmd.builder (get_logger)                                   : $$$$$$$$$$$$$$  Logger 'cshmd.builder.......' initialized  $$$$$$$$$$$$$$
04/08 13:20 [DEBUG] cshmd.trj_analysis (get_logger)                              : $$$$$$$$$$$$$$  Logger 'cshmd.trj_analysis..' initialized  $$$$$$$$$$$$$$
04/08 13:20 [DEBUG] csh_builder (get_logger)                                     : $$$$$$$$$$$$$$  Logger 'csh_builder.........' initialized  $$$$$$$$$$$$$$
04/08 13:20 [INFO] csh_builder (main)                                            : ----------------------------------------------------------------------
04/08 13:20 [INFO] csh_builder (main)                                            : 'L02.yaml' loaded
04/08 13:20 [INFO] cshmd.structure (__init__)                                    : /Users/kimuni/bin/kimuni/cshmd/data/resources/cif/T14_111_term.cif was loaded
04/08 13:20 [DEBUG] cshmd.analysis (__init__)                                    : [Structure] Now new data setted for get Bonds
04/08 13:20 [DEBUG] cshmd.analysis (__del_bond__)                                : del -> Si_O O_H H_O Ca_O C_O BO NBO
04/08 13:20 [DEBUG] cshmd.analysis (__initialize_mole__)                         : initalize -> H2O SiO4 OH CO3 H3O
04/08 13:20 [DEBUG] cshmd.analysis (__initialize_mole__)                         : initalize -> SiOH CaOH HCO3 H2CO3 H3CO3
04/08 13:20 [INFO] cshmd.analysis (__init__)                                     : Not any C-S-H Si range info
04/08 13:20 [DEBUG] cshmd.analysis (find_bond)                                   : find_bond O - H rcut -> 1.2
04/08 13:20 [DEBUG] cshmd.common (time_wrapper)                                  : [RUNTIME] get_distance_table in 0.000 seconds
04/08 13:20 [DEBUG] cshmd.analysis (get_mole)                                    : get_mole O - H -> nbonds: 2
04/08 13:20 [DEBUG] cshmd.analysis (find_bond)                                   : find_bond Si - O rcut -> 2.2
04/08 13:20 [DEBUG] cshmd.common (time_wrapper)                                  : [RUNTIME] get_distance_table in 0.000 seconds
04/08 13:20 [DEBUG] cshmd.analysis (get_mole)                                    : get_mole Si - O -> nbonds: 4
04/08 13:20 [DEBUG] cshmd.analysis (get_mole)                                    : get_mole O - H -> nbonds: 1
04/08 13:20 [DEBUG] cshmd.analysis (find_bond)                                   : find_bond C - O rcut -> 1.6
04/08 13:20 [DEBUG] cshmd.analysis (get_mole)                                    : get_mole C - O -> nbonds: 3
04/08 13:20 [DEBUG] cshmd.analysis (get_mole)                                    : get_mole O - H -> nbonds: 3
04/08 13:20 [DEBUG] cshmd.analysis (find_bond)                                   : find_bond Ca - O rcut -> 3.0
04/08 13:20 [DEBUG] cshmd.common (time_wrapper)                                  : [RUNTIME] get_distance_table in 0.000 seconds
04/08 13:20 [DEBUG] cshmd.analysis (search_basic)                                : Basic search result -> H2O: 9, SiO4: 12, OH: 2, CO3: 0, H3O: 0, Ca_O: 60
04/08 13:20 [DEBUG] cshmd.analysis (full_search)                                 : Search layer details
04/08 13:20 [DEBUG] cshmd.analysis (find_bond)                                   : find_bond Ca - O rcut -> 3.0
04/08 13:20 [DEBUG] cshmd.analysis (find_bond)                                   : find_bond Si - O rcut -> 2.2
04/08 13:20 [DEBUG] cshmd.analysis (__detail_search_oh_co3)                      : No CO3 in basic search
04/08 13:20 [DEBUG] cshmd.analysis (__detail_search_oh_sioh)                     : Searching 'OH' in 'SiO4
04/08 13:20 [DEBUG] cshmd.analysis (__detail_search_oh_caoh)                     : No CaOH in basic search. RETURN
04/08 13:20 [INFO] cshmd.analysis (Qn)                                           : [Structure] Q2: 1.000
04/08 13:20 [INFO] cshmd.analysis (CS)                                           : [Structure] C/S: 0.750
04/08 13:20 [INFO] cshmd.analysis (validate_tetra)                               : [Structure] BT: 4, PT: 8
04/08 13:20 [INFO] cshmd.analysis (MCL)                                          : [Structure] MCL: inf
04/08 13:20 [DEBUG] cshmd.analysis (__init__)                                    : <class 'cshmd.analysis.Chain'> loaded
04/08 13:20 [DEBUG] cshmd.analysis (__init__)                                    : <class 'cshmd.analysis.Chain'> loaded
04/08 13:20 [DEBUG] cshmd.analysis (__init__)                                    : <class 'cshmd.analysis.Chain'> loaded
04/08 13:20 [DEBUG] cshmd.analysis (__init__)                                    : <class 'cshmd.analysis.Chain'> loaded
04/08 13:20 [INFO] cshmd.analysis (validate_tetra)                               : [Structure] CL : Length 3: 1
04/08 13:20 [INFO] cshmd.analysis (validate_tetra)                               : [Structure] MCL : 3.0
04/08 13:20 [INFO] cshmd.structure (__init__)                                    : /Users/kimuni/bin/kimuni/cshmd/data/resources/cif/T14_111_term.cif was loaded
04/08 13:20 [DEBUG] cshmd.analysis (__init__)                                    : [Structure] Now new data setted for get Bonds
04/08 13:20 [DEBUG] cshmd.analysis (__del_bond__)                                : del -> Si_O O_H H_O Ca_O C_O BO NBO
04/08 13:20 [DEBUG] cshmd.analysis (__initialize_mole__)                         : initalize -> H2O SiO4 OH CO3 H3O
04/08 13:20 [DEBUG] cshmd.analysis (__initialize_mole__)                         : initalize -> SiOH CaOH HCO3 H2CO3 H3CO3
04/08 13:20 [DEBUG] cshmd.analysis (find_bond)                                   : find_bond O - H rcut -> 1.2
04/08 13:20 [DEBUG] cshmd.common (time_wrapper)                                  : [RUNTIME] get_distance_table in 0.000 seconds
04/08 13:20 [DEBUG] cshmd.analysis (get_mole)                                    : get_mole O - H -> nbonds: 2
04/08 13:20 [DEBUG] cshmd.analysis (find_bond)                                   : find_bond Si - O rcut -> 2.2
04/08 13:20 [DEBUG] cshmd.common (time_wrapper)                                  : [RUNTIME] get_distance_table in 0.000 seconds
04/08 13:20 [DEBUG] cshmd.analysis (get_mole)                                    : get_mole Si - O -> nbonds: 4
04/08 13:20 [DEBUG] cshmd.analysis (get_mole)                                    : get_mole O - H -> nbonds: 1
04/08 13:20 [DEBUG] cshmd.analysis (find_bond)                                   : find_bond C - O rcut -> 1.6
04/08 13:20 [DEBUG] cshmd.analysis (get_mole)                                    : get_mole C - O -> nbonds: 3
04/08 13:20 [DEBUG] cshmd.analysis (get_mole)                                    : get_mole O - H -> nbonds: 3
04/08 13:20 [DEBUG] cshmd.analysis (find_bond)                                   : find_bond Ca - O rcut -> 3.0
04/08 13:20 [DEBUG] cshmd.common (time_wrapper)                                  : [RUNTIME] get_distance_table in 0.000 seconds
04/08 13:20 [DEBUG] cshmd.analysis (search_basic)                                : Basic search result -> H2O: 9, SiO4: 12, OH: 2, CO3: 0, H3O: 0, Ca_O: 60
04/08 13:20 [DEBUG] cshmd.analysis (full_search)                                 : Search layer details
04/08 13:20 [DEBUG] cshmd.analysis (find_bond)                                   : find_bond Ca - O rcut -> 3.0
04/08 13:20 [DEBUG] cshmd.analysis (find_bond)                                   : find_bond Si - O rcut -> 2.2
04/08 13:20 [DEBUG] cshmd.analysis (__detail_search_oh_co3)                      : No CO3 in basic search
04/08 13:20 [DEBUG] cshmd.analysis (__detail_search_oh_sioh)                     : Searching 'OH' in 'SiO4
04/08 13:20 [DEBUG] cshmd.analysis (__detail_search_oh_caoh)                     : No CaOH in basic search. RETURN
04/08 13:20 [INFO] cshmd.analysis (Qn)                                           : [Structure] Q2: 1.000
04/08 13:20 [INFO] cshmd.analysis (CS)                                           : [Structure] C/S: 0.750
04/08 13:20 [INFO] cshmd.analysis (validate_tetra)                               : [Structure] BT: 4, PT: 8
04/08 13:20 [INFO] cshmd.analysis (MCL)                                          : [Structure] MCL: inf
04/08 13:20 [DEBUG] cshmd.analysis (__init__)                                    : <class 'cshmd.analysis.Chain'> loaded
04/08 13:20 [DEBUG] cshmd.analysis (__init__)                                    : <class 'cshmd.analysis.Chain'> loaded
04/08 13:20 [DEBUG] cshmd.analysis (__init__)                                    : <class 'cshmd.analysis.Chain'> loaded
04/08 13:20 [DEBUG] cshmd.analysis (__init__)                                    : <class 'cshmd.analysis.Chain'> loaded
04/08 13:20 [INFO] cshmd.analysis (validate_tetra)                               : [Structure] CL : Length 3: 1
04/08 13:20 [INFO] cshmd.analysis (validate_tetra)                               : [Structure] MCL : 3.0
04/08 13:20 [INFO] csh_builder (main)                                            : [Structure] Reading command 'supercell'...
04/08 13:20 [INFO] cshmd.structure (makeSupercell)                               : [Structure] Supercell created 8 * 8 * 1
04/08 13:20 [DEBUG] cshmd.analysis (__init__)                                    : [Structure] Now new data setted for get Bonds
04/08 13:20 [DEBUG] cshmd.analysis (__del_bond__)                                : del -> Si_O O_H H_O Ca_O C_O BO NBO
04/08 13:20 [DEBUG] cshmd.analysis (__initialize_mole__)                         : initalize -> H2O SiO4 OH CO3 H3O
04/08 13:20 [DEBUG] cshmd.analysis (__initialize_mole__)                         : initalize -> SiOH CaOH HCO3 H2CO3 H3CO3
04/08 13:20 [DEBUG] cshmd.analysis (find_bond)                                   : find_bond O - H rcut -> 1.2
04/08 13:20 [DEBUG] cshmd.common (time_wrapper)                                  : [RUNTIME] get_distance_table in 0.669 seconds
04/08 13:20 [DEBUG] cshmd.analysis (get_mole)                                    : get_mole O - H -> nbonds: 2
04/08 13:20 [DEBUG] cshmd.analysis (find_bond)                                   : find_bond Si - O rcut -> 2.2
04/08 13:20 [DEBUG] cshmd.common (time_wrapper)                                  : [RUNTIME] get_distance_table in 0.413 seconds
04/08 13:20 [DEBUG] cshmd.analysis (get_mole)                                    : get_mole Si - O -> nbonds: 4
04/08 13:20 [DEBUG] cshmd.analysis (get_mole)                                    : get_mole O - H -> nbonds: 1
04/08 13:20 [DEBUG] cshmd.analysis (find_bond)                                   : find_bond C - O rcut -> 1.6
04/08 13:20 [DEBUG] cshmd.analysis (get_mole)                                    : get_mole C - O -> nbonds: 3
04/08 13:20 [DEBUG] cshmd.analysis (get_mole)                                    : get_mole O - H -> nbonds: 3
04/08 13:20 [DEBUG] cshmd.analysis (find_bond)                                   : find_bond Ca - O rcut -> 3.0
04/08 13:20 [DEBUG] cshmd.common (time_wrapper)                                  : [RUNTIME] get_distance_table in 0.284 seconds
04/08 13:20 [DEBUG] cshmd.analysis (search_basic)                                : Basic search result -> H2O: 576, SiO4: 768, OH: 128, CO3: 0, H3O: 0, Ca_O: 3840
04/08 13:20 [DEBUG] cshmd.analysis (full_search)                                 : Search layer details
04/08 13:20 [DEBUG] cshmd.analysis (find_bond)                                   : find_bond Ca - O rcut -> 3.0
04/08 13:20 [DEBUG] cshmd.analysis (find_bond)                                   : find_bond Si - O rcut -> 2.2
04/08 13:20 [DEBUG] cshmd.analysis (__detail_search_oh_co3)                      : No CO3 in basic search
04/08 13:20 [DEBUG] cshmd.analysis (__detail_search_oh_sioh)                     : Searching 'OH' in 'SiO4
04/08 13:20 [DEBUG] cshmd.analysis (__detail_search_oh_caoh)                     : No CaOH in basic search. RETURN
04/08 13:20 [INFO] cshmd.analysis (Qn)                                           : [Structure] Q2: 1.000
04/08 13:20 [INFO] cshmd.analysis (CS)                                           : [Structure] C/S: 0.750
04/08 13:20 [INFO] cshmd.analysis (validate_tetra)                               : [Structure] BT: 256, PT: 512
04/08 13:20 [INFO] cshmd.analysis (MCL)                                          : [Structure] MCL: inf
04/08 13:20 [DEBUG] cshmd.analysis (__init__)                                    : <class 'cshmd.analysis.Chain'> loaded
04/08 13:20 [DEBUG] cshmd.analysis (__init__)                                    : <class 'cshmd.analysis.Chain'> loaded
04/08 13:20 [DEBUG] cshmd.analysis (__init__)                                    : <class 'cshmd.analysis.Chain'> loaded
04/08 13:20 [DEBUG] cshmd.analysis (__init__)                                    : <class 'cshmd.analysis.Chain'> loaded
04/08 13:20 [INFO] cshmd.analysis (validate_tetra)                               : [Structure] CL : Length 24: 8
04/08 13:20 [INFO] cshmd.analysis (validate_tetra)                               : [Structure] MCL : 24.0
04/08 13:20 [INFO] cshmd.builder (update_manager)                                : [Structure] Number of atoms: 86 -> 5504
04/08 13:20 [INFO] csh_builder (main)                                            : [Structure] Reading command 'defect_BT'...
04/08 13:20 [INFO] cshmd.builder (defect_BT)                                     : [Structure] Termination scope: False
04/08 13:20 [INFO] cshmd.builder (defect_BT)                                     : [Structure] Exists 64 Bridging Tetra in 'up' side
04/08 13:20 [INFO] cshmd.structure (add_Ca)                                      : [Structure] Add Ca
04/08 13:20 [INFO] cshmd.builder (defect_BT)                                     : [Structure] Exists 64 Bridging Tetra in 'down' side
04/08 13:20 [INFO] cshmd.structure (add_Ca)                                      : [Structure] Add Ca
04/08 13:20 [INFO] cshmd.builder (defect_BT)                                     : [Structure] Termination scope: False
04/08 13:20 [INFO] cshmd.builder (defect_BT)                                     : [Structure] Exists 64 Bridging Tetra in 'down' side
04/08 13:20 [INFO] cshmd.structure (add_Ca)                                      : [Structure] Add Ca with 1 OH
04/08 13:20 [INFO] cshmd.structure (check_rm_list)                               : Delete 640 atoms in rm_list
04/08 13:20 [DEBUG] cshmd.analysis (__init__)                                    : [Structure] Now new data setted for get Bonds
04/08 13:20 [DEBUG] cshmd.analysis (__del_bond__)                                : del -> Si_O O_H H_O Ca_O C_O BO NBO
04/08 13:20 [DEBUG] cshmd.analysis (__initialize_mole__)                         : initalize -> H2O SiO4 OH CO3 H3O
04/08 13:20 [DEBUG] cshmd.analysis (__initialize_mole__)                         : initalize -> SiOH CaOH HCO3 H2CO3 H3CO3
04/08 13:20 [DEBUG] cshmd.analysis (find_bond)                                   : find_bond O - H rcut -> 1.2
04/08 13:20 [DEBUG] cshmd.common (time_wrapper)                                  : [RUNTIME] get_distance_table in 0.542 seconds
04/08 13:20 [DEBUG] cshmd.analysis (get_mole)                                    : get_mole O - H -> nbonds: 2
04/08 13:20 [DEBUG] cshmd.analysis (find_bond)                                   : find_bond Si - O rcut -> 2.2
04/08 13:20 [DEBUG] cshmd.common (time_wrapper)                                  : [RUNTIME] get_distance_table in 0.247 seconds
04/08 13:20 [DEBUG] cshmd.analysis (get_mole)                                    : get_mole Si - O -> nbonds: 4
04/08 13:20 [DEBUG] cshmd.analysis (get_mole)                                    : get_mole O - H -> nbonds: 1
04/08 13:20 [DEBUG] cshmd.analysis (find_bond)                                   : find_bond C - O rcut -> 1.6
04/08 13:20 [DEBUG] cshmd.analysis (get_mole)                                    : get_mole C - O -> nbonds: 3
04/08 13:20 [DEBUG] cshmd.analysis (get_mole)                                    : get_mole O - H -> nbonds: 3
04/08 13:20 [DEBUG] cshmd.analysis (find_bond)                                   : find_bond Ca - O rcut -> 3.0
04/08 13:20 [DEBUG] cshmd.common (time_wrapper)                                  : [RUNTIME] get_distance_table in 0.304 seconds
04/08 13:20 [DEBUG] cshmd.analysis (search_basic)                                : Basic search result -> H2O: 576, SiO4: 576, OH: 128, CO3: 0, H3O: 0, Ca_O: 4032
04/08 13:20 [DEBUG] cshmd.analysis (full_search)                                 : Search layer details
04/08 13:20 [DEBUG] cshmd.analysis (find_bond)                                   : find_bond Ca - O rcut -> 3.0
04/08 13:20 [DEBUG] cshmd.analysis (find_bond)                                   : find_bond Si - O rcut -> 2.2
04/08 13:20 [DEBUG] cshmd.analysis (__detail_search_oh_co3)                      : No CO3 in basic search
04/08 13:20 [DEBUG] cshmd.analysis (__detail_search_oh_sioh)                     : Searching 'OH' in 'SiO4
04/08 13:20 [DEBUG] cshmd.analysis (__detail_search_oh_caoh)                     : Searching 'OH' in 'CaOH
04/08 13:20 [INFO] cshmd.analysis (Qn)                                           : [Structure] Q1: 0.667
04/08 13:20 [INFO] cshmd.analysis (Qn)                                           : [Structure] Q2: 0.333
04/08 13:20 [INFO] cshmd.analysis (CS)                                           : [Structure] C/S: 1.111
04/08 13:20 [INFO] cshmd.analysis (validate_tetra)                               : [Structure] BT: 64, PT: 512
04/08 13:20 [INFO] cshmd.analysis (MCL)                                          : [Structure] MCL: 1.333
04/08 13:20 [DEBUG] cshmd.analysis (__init__)                                    : <class 'cshmd.analysis.Chain'> loaded
04/08 13:20 [DEBUG] cshmd.analysis (__init__)                                    : <class 'cshmd.analysis.Chain'> loaded
04/08 13:20 [DEBUG] cshmd.analysis (__init__)                                    : <class 'cshmd.analysis.Chain'> loaded
04/08 13:20 [DEBUG] cshmd.analysis (__init__)                                    : <class 'cshmd.analysis.Chain'> loaded
04/08 13:20 [INFO] cshmd.analysis (validate_tetra)                               : [Structure] CL : Length 2: 64
04/08 13:20 [INFO] cshmd.analysis (validate_tetra)                               : [Structure] MCL : 2.0
04/08 13:20 [INFO] cshmd.builder (update_manager)                                : [Structure] Number of atoms: 5504 -> 5184
04/08 13:37 [DEBUG] cshmd.common (get_logger)                                    : $$$$$$$$$$$$$$  Logger 'cshmd.common........' initialized  $$$$$$$$$$$$$$
04/08 13:37 [DEBUG] cshmd.functions (get_logger)                                 : $$$$$$$$$$$$$$  Logger 'cshmd.functions.....' initialized  $$$$$$$$$$$$$$
04/08 13:37 [DEBUG] cshmd.load (get_logger)                                      : $$$$$$$$$$$$$$  Logger 'cshmd.load..........' initialized  $$$$$$$$$$$$$$
04/08 13:37 [DEBUG] cshmd.analysis (get_logger)                                  : $$$$$$$$$$$$$$  Logger 'cshmd.analysis......' initialized  $$$$$$$$$$$$$$
04/08 13:37 [DEBUG] cshmd.structure (get_logger)                                 : $$$$$$$$$$$$$$  Logger 'cshmd.structure.....' initialized  $$$$$$$$$$$$$$
04/08 13:37 [DEBUG] cshmd.builder (get_logger)                                   : $$$$$$$$$$$$$$  Logger 'cshmd.builder.......' initialized  $$$$$$$$$$$$$$
04/08 13:37 [DEBUG] cshmd.trj_analysis (get_logger)                              : $$$$$$$$$$$$$$  Logger 'cshmd.trj_analysis..' initialized  $$$$$$$$$$$$$$
04/08 13:37 [DEBUG] csh_builder (get_logger)                                     : $$$$$$$$$$$$$$  Logger 'csh_builder.........' initialized  $$$$$$$$$$$$$$
04/08 13:37 [INFO] csh_builder (main)                                            : ----------------------------------------------------------------------
04/08 13:37 [INFO] csh_builder (main)                                            : 'L02.yaml' loaded
04/08 13:37 [INFO] cshmd.structure (__init__)                                    : /Users/kimuni/bin/kimuni/cshmd/data/resources/cif/T14_111_term.cif was loaded
04/08 13:37 [DEBUG] cshmd.analysis (__init__)                                    : [Structure] Now new data setted for get Bonds
04/08 13:37 [DEBUG] cshmd.analysis (__del_bond__)                                : del -> Si_O O_H H_O Ca_O C_O BO NBO
04/08 13:37 [DEBUG] cshmd.analysis (__initialize_mole__)                         : initalize -> H2O SiO4 OH CO3 H3O
04/08 13:37 [DEBUG] cshmd.analysis (__initialize_mole__)                         : initalize -> SiOH CaOH HCO3 H2CO3 H3CO3
04/08 13:37 [INFO] cshmd.analysis (__init__)                                     : Not any C-S-H Si range info
04/08 13:37 [DEBUG] cshmd.analysis (find_bond)                                   : find_bond O - H rcut -> 1.2
04/08 13:37 [DEBUG] cshmd.common (time_wrapper)                                  : [RUNTIME] get_distance_table in 0.001 seconds
04/08 13:37 [DEBUG] cshmd.analysis (get_mole)                                    : get_mole O - H -> nbonds: 2
04/08 13:37 [DEBUG] cshmd.analysis (find_bond)                                   : find_bond Si - O rcut -> 2.2
04/08 13:37 [DEBUG] cshmd.common (time_wrapper)                                  : [RUNTIME] get_distance_table in 0.000 seconds
04/08 13:37 [DEBUG] cshmd.analysis (get_mole)                                    : get_mole Si - O -> nbonds: 4
04/08 13:37 [DEBUG] cshmd.analysis (get_mole)                                    : get_mole O - H -> nbonds: 1
04/08 13:37 [DEBUG] cshmd.analysis (find_bond)                                   : find_bond C - O rcut -> 1.6
04/08 13:37 [DEBUG] cshmd.analysis (get_mole)                                    : get_mole C - O -> nbonds: 3
04/08 13:37 [DEBUG] cshmd.analysis (get_mole)                                    : get_mole O - H -> nbonds: 3
04/08 13:37 [DEBUG] cshmd.analysis (find_bond)                                   : find_bond Ca - O rcut -> 3.0
04/08 13:37 [DEBUG] cshmd.common (time_wrapper)                                  : [RUNTIME] get_distance_table in 0.000 seconds
04/08 13:37 [DEBUG] cshmd.analysis (search_basic)                                : Basic search result -> H2O: 9, SiO4: 12, OH: 2, CO3: 0, H3O: 0, Ca_O: 60
04/08 13:37 [DEBUG] cshmd.analysis (full_search)                                 : Search layer details
04/08 13:37 [DEBUG] cshmd.analysis (find_bond)                                   : find_bond Ca - O rcut -> 3.0
04/08 13:37 [DEBUG] cshmd.analysis (find_bond)                                   : find_bond Si - O rcut -> 2.2
04/08 13:37 [DEBUG] cshmd.analysis (__detail_search_oh_co3)                      : No CO3 in basic search
04/08 13:37 [DEBUG] cshmd.analysis (__detail_search_oh_sioh)                     : Searching 'OH' in 'SiO4
04/08 13:37 [DEBUG] cshmd.analysis (__detail_search_oh_caoh)                     : No CaOH in basic search. RETURN
04/08 13:37 [INFO] cshmd.analysis (Qn)                                           : [Structure] Q2: 1.000
04/08 13:37 [INFO] cshmd.analysis (CS)                                           : [Structure] C/S: 0.750
04/08 13:37 [INFO] cshmd.analysis (validate_tetra)                               : [Structure] BT: 4, PT: 8
04/08 13:37 [INFO] cshmd.analysis (MCL)                                          : [Structure] MCL: inf
04/08 13:37 [DEBUG] cshmd.analysis (__init__)                                    : <class 'cshmd.analysis.Chain'> loaded
04/08 13:37 [DEBUG] cshmd.analysis (__init__)                                    : <class 'cshmd.analysis.Chain'> loaded
04/08 13:37 [DEBUG] cshmd.analysis (__init__)                                    : <class 'cshmd.analysis.Chain'> loaded
04/08 13:37 [DEBUG] cshmd.analysis (__init__)                                    : <class 'cshmd.analysis.Chain'> loaded
04/08 13:37 [INFO] cshmd.analysis (validate_tetra)                               : [Structure] CL : Length 3: 1
04/08 13:37 [INFO] cshmd.analysis (validate_tetra)                               : [Structure] MCL : 3.0
04/08 13:37 [INFO] cshmd.structure (__init__)                                    : /Users/kimuni/bin/kimuni/cshmd/data/resources/cif/T14_111_term.cif was loaded
04/08 13:37 [DEBUG] cshmd.analysis (__init__)                                    : [Structure] Now new data setted for get Bonds
04/08 13:37 [DEBUG] cshmd.analysis (__del_bond__)                                : del -> Si_O O_H H_O Ca_O C_O BO NBO
04/08 13:37 [DEBUG] cshmd.analysis (__initialize_mole__)                         : initalize -> H2O SiO4 OH CO3 H3O
04/08 13:37 [DEBUG] cshmd.analysis (__initialize_mole__)                         : initalize -> SiOH CaOH HCO3 H2CO3 H3CO3
04/08 13:37 [DEBUG] cshmd.analysis (find_bond)                                   : find_bond O - H rcut -> 1.2
04/08 13:37 [DEBUG] cshmd.common (time_wrapper)                                  : [RUNTIME] get_distance_table in 0.000 seconds
04/08 13:37 [DEBUG] cshmd.analysis (get_mole)                                    : get_mole O - H -> nbonds: 2
04/08 13:37 [DEBUG] cshmd.analysis (find_bond)                                   : find_bond Si - O rcut -> 2.2
04/08 13:37 [DEBUG] cshmd.common (time_wrapper)                                  : [RUNTIME] get_distance_table in 0.000 seconds
04/08 13:37 [DEBUG] cshmd.analysis (get_mole)                                    : get_mole Si - O -> nbonds: 4
04/08 13:37 [DEBUG] cshmd.analysis (get_mole)                                    : get_mole O - H -> nbonds: 1
04/08 13:37 [DEBUG] cshmd.analysis (find_bond)                                   : find_bond C - O rcut -> 1.6
04/08 13:37 [DEBUG] cshmd.analysis (get_mole)                                    : get_mole C - O -> nbonds: 3
04/08 13:37 [DEBUG] cshmd.analysis (get_mole)                                    : get_mole O - H -> nbonds: 3
04/08 13:37 [DEBUG] cshmd.analysis (find_bond)                                   : find_bond Ca - O rcut -> 3.0
04/08 13:37 [DEBUG] cshmd.common (time_wrapper)                                  : [RUNTIME] get_distance_table in 0.000 seconds
04/08 13:37 [DEBUG] cshmd.analysis (search_basic)                                : Basic search result -> H2O: 9, SiO4: 12, OH: 2, CO3: 0, H3O: 0, Ca_O: 60
04/08 13:37 [DEBUG] cshmd.analysis (full_search)                                 : Search layer details
04/08 13:37 [DEBUG] cshmd.analysis (find_bond)                                   : find_bond Ca - O rcut -> 3.0
04/08 13:37 [DEBUG] cshmd.analysis (find_bond)                                   : find_bond Si - O rcut -> 2.2
04/08 13:37 [DEBUG] cshmd.analysis (__detail_search_oh_co3)                      : No CO3 in basic search
04/08 13:37 [DEBUG] cshmd.analysis (__detail_search_oh_sioh)                     : Searching 'OH' in 'SiO4
04/08 13:37 [DEBUG] cshmd.analysis (__detail_search_oh_caoh)                     : No CaOH in basic search. RETURN
04/08 13:37 [INFO] cshmd.analysis (Qn)                                           : [Structure] Q2: 1.000
04/08 13:37 [INFO] cshmd.analysis (CS)                                           : [Structure] C/S: 0.750
04/08 13:37 [INFO] cshmd.analysis (validate_tetra)                               : [Structure] BT: 4, PT: 8
04/08 13:37 [INFO] cshmd.analysis (MCL)                                          : [Structure] MCL: inf
04/08 13:37 [DEBUG] cshmd.analysis (__init__)                                    : <class 'cshmd.analysis.Chain'> loaded
04/08 13:37 [DEBUG] cshmd.analysis (__init__)                                    : <class 'cshmd.analysis.Chain'> loaded
04/08 13:37 [DEBUG] cshmd.analysis (__init__)                                    : <class 'cshmd.analysis.Chain'> loaded
04/08 13:37 [DEBUG] cshmd.analysis (__init__)                                    : <class 'cshmd.analysis.Chain'> loaded
04/08 13:37 [INFO] cshmd.analysis (validate_tetra)                               : [Structure] CL : Length 3: 1
04/08 13:37 [INFO] cshmd.analysis (validate_tetra)                               : [Structure] MCL : 3.0
04/08 13:37 [INFO] csh_builder (main)                                            : [Structure] Reading command 'supercell'...
04/08 13:37 [INFO] cshmd.structure (makeSupercell)                               : [Structure] Supercell created 8 * 8 * 1
04/08 13:37 [DEBUG] cshmd.analysis (__init__)                                    : [Structure] Now new data setted for get Bonds
04/08 13:37 [DEBUG] cshmd.analysis (__del_bond__)                                : del -> Si_O O_H H_O Ca_O C_O BO NBO
04/08 13:37 [DEBUG] cshmd.analysis (__initialize_mole__)                         : initalize -> H2O SiO4 OH CO3 H3O
04/08 13:37 [DEBUG] cshmd.analysis (__initialize_mole__)                         : initalize -> SiOH CaOH HCO3 H2CO3 H3CO3
04/08 13:37 [DEBUG] cshmd.analysis (find_bond)                                   : find_bond O - H rcut -> 1.2
04/08 13:37 [DEBUG] cshmd.common (time_wrapper)                                  : [RUNTIME] get_distance_table in 0.678 seconds
04/08 13:37 [DEBUG] cshmd.analysis (get_mole)                                    : get_mole O - H -> nbonds: 2
04/08 13:37 [DEBUG] cshmd.analysis (find_bond)                                   : find_bond Si - O rcut -> 2.2
04/08 13:37 [DEBUG] cshmd.common (time_wrapper)                                  : [RUNTIME] get_distance_table in 0.422 seconds
04/08 13:37 [DEBUG] cshmd.analysis (get_mole)                                    : get_mole Si - O -> nbonds: 4
04/08 13:37 [DEBUG] cshmd.analysis (get_mole)                                    : get_mole O - H -> nbonds: 1
04/08 13:37 [DEBUG] cshmd.analysis (find_bond)                                   : find_bond C - O rcut -> 1.6
04/08 13:37 [DEBUG] cshmd.analysis (get_mole)                                    : get_mole C - O -> nbonds: 3
04/08 13:37 [DEBUG] cshmd.analysis (get_mole)                                    : get_mole O - H -> nbonds: 3
04/08 13:37 [DEBUG] cshmd.analysis (find_bond)                                   : find_bond Ca - O rcut -> 3.0
04/08 13:37 [DEBUG] cshmd.common (time_wrapper)                                  : [RUNTIME] get_distance_table in 0.284 seconds
04/08 13:37 [DEBUG] cshmd.analysis (search_basic)                                : Basic search result -> H2O: 576, SiO4: 768, OH: 128, CO3: 0, H3O: 0, Ca_O: 3840
04/08 13:37 [DEBUG] cshmd.analysis (full_search)                                 : Search layer details
04/08 13:37 [DEBUG] cshmd.analysis (find_bond)                                   : find_bond Ca - O rcut -> 3.0
04/08 13:37 [DEBUG] cshmd.analysis (find_bond)                                   : find_bond Si - O rcut -> 2.2
04/08 13:37 [DEBUG] cshmd.analysis (__detail_search_oh_co3)                      : No CO3 in basic search
04/08 13:37 [DEBUG] cshmd.analysis (__detail_search_oh_sioh)                     : Searching 'OH' in 'SiO4
04/08 13:37 [DEBUG] cshmd.analysis (__detail_search_oh_caoh)                     : No CaOH in basic search. RETURN
04/08 13:37 [INFO] cshmd.analysis (Qn)                                           : [Structure] Q2: 1.000
04/08 13:37 [INFO] cshmd.analysis (CS)                                           : [Structure] C/S: 0.750
04/08 13:37 [INFO] cshmd.analysis (validate_tetra)                               : [Structure] BT: 256, PT: 512
04/08 13:37 [INFO] cshmd.analysis (MCL)                                          : [Structure] MCL: inf
04/08 13:37 [DEBUG] cshmd.analysis (__init__)                                    : <class 'cshmd.analysis.Chain'> loaded
04/08 13:37 [DEBUG] cshmd.analysis (__init__)                                    : <class 'cshmd.analysis.Chain'> loaded
04/08 13:37 [DEBUG] cshmd.analysis (__init__)                                    : <class 'cshmd.analysis.Chain'> loaded
04/08 13:37 [DEBUG] cshmd.analysis (__init__)                                    : <class 'cshmd.analysis.Chain'> loaded
04/08 13:37 [INFO] cshmd.analysis (validate_tetra)                               : [Structure] CL : Length 24: 8
04/08 13:37 [INFO] cshmd.analysis (validate_tetra)                               : [Structure] MCL : 24.0
04/08 13:37 [INFO] cshmd.builder (update_manager)                                : [Structure] Number of atoms: 86 -> 5504
04/08 13:37 [INFO] csh_builder (main)                                            : [Structure] Reading command 'defect_BT'...
04/08 13:37 [INFO] cshmd.builder (defect_BT)                                     : [Structure] Termination scope: False
04/08 13:37 [INFO] cshmd.builder (defect_BT)                                     : [Structure] Exists 64 Bridging Tetra in 'up' side
04/08 13:37 [INFO] cshmd.structure (add_Ca)                                      : [Structure] Add Ca
04/08 13:37 [INFO] cshmd.builder (defect_BT)                                     : [Structure] Exists 64 Bridging Tetra in 'down' side
04/08 13:37 [INFO] cshmd.structure (add_Ca)                                      : [Structure] Add Ca
04/08 13:37 [INFO] cshmd.builder (defect_BT)                                     : [Structure] Termination scope: False
04/08 13:37 [INFO] cshmd.builder (defect_BT)                                     : [Structure] Exists 64 Bridging Tetra in 'down' side
04/08 13:37 [INFO] cshmd.structure (add_Ca)                                      : [Structure] Add Ca with 1 OH and with 2 H2O
04/08 13:37 [INFO] cshmd.builder (defect_BT)                                     : [Structure] Exists 64 Bridging Tetra in 'up' side
04/08 13:37 [INFO] cshmd.structure (add_Ca)                                      : [Structure] Add Ca with 1 OH and with 2 H2O
04/08 13:37 [INFO] cshmd.structure (check_rm_list)                               : Delete 896 atoms in rm_list
04/08 13:37 [DEBUG] cshmd.analysis (__init__)                                    : [Structure] Now new data setted for get Bonds
04/08 13:37 [DEBUG] cshmd.analysis (__del_bond__)                                : del -> Si_O O_H H_O Ca_O C_O BO NBO
04/08 13:37 [DEBUG] cshmd.analysis (__initialize_mole__)                         : initalize -> H2O SiO4 OH CO3 H3O
04/08 13:37 [DEBUG] cshmd.analysis (__initialize_mole__)                         : initalize -> SiOH CaOH HCO3 H2CO3 H3CO3
04/08 13:37 [DEBUG] cshmd.analysis (find_bond)                                   : find_bond O - H rcut -> 1.2
04/08 13:37 [DEBUG] cshmd.common (time_wrapper)                                  : [RUNTIME] get_distance_table in 0.896 seconds
04/08 13:37 [DEBUG] cshmd.analysis (get_mole)                                    : get_mole O - H -> nbonds: 2
04/08 13:37 [DEBUG] cshmd.analysis (find_bond)                                   : find_bond Si - O rcut -> 2.2
04/08 13:37 [DEBUG] cshmd.common (time_wrapper)                                  : [RUNTIME] get_distance_table in 0.258 seconds
04/08 13:37 [DEBUG] cshmd.analysis (get_mole)                                    : get_mole Si - O -> nbonds: 4
04/08 13:37 [DEBUG] cshmd.analysis (get_mole)                                    : get_mole O - H -> nbonds: 1
04/08 13:37 [DEBUG] cshmd.analysis (find_bond)                                   : find_bond C - O rcut -> 1.6
04/08 13:37 [DEBUG] cshmd.analysis (get_mole)                                    : get_mole C - O -> nbonds: 3
04/08 13:37 [DEBUG] cshmd.analysis (get_mole)                                    : get_mole O - H -> nbonds: 3
04/08 13:37 [DEBUG] cshmd.analysis (find_bond)                                   : find_bond Ca - O rcut -> 3.0
04/08 13:37 [DEBUG] cshmd.common (time_wrapper)                                  : [RUNTIME] get_distance_table in 0.416 seconds
04/08 13:37 [DEBUG] cshmd.analysis (search_basic)                                : Basic search result -> H2O: 832, SiO4: 512, OH: 128, CO3: 0, H3O: 0, Ca_O: 4608
04/08 13:37 [DEBUG] cshmd.analysis (full_search)                                 : Search layer details
04/08 13:37 [DEBUG] cshmd.analysis (find_bond)                                   : find_bond Ca - O rcut -> 3.0
04/08 13:37 [DEBUG] cshmd.analysis (find_bond)                                   : find_bond Si - O rcut -> 2.2
04/08 13:37 [DEBUG] cshmd.analysis (__detail_search_oh_co3)                      : No CO3 in basic search
04/08 13:37 [DEBUG] cshmd.analysis (__detail_search_oh_sioh)                     : Searching 'OH' in 'SiO4
04/08 13:37 [DEBUG] cshmd.analysis (__detail_search_oh_caoh)                     : Searching 'OH' in 'CaOH
04/08 13:37 [INFO] cshmd.analysis (Qn)                                           : [Structure] Q1: 1.000
04/08 13:37 [INFO] cshmd.analysis (CS)                                           : [Structure] C/S: 1.375
04/08 13:37 [INFO] cshmd.analysis (validate_tetra)                               : [Structure] BT: 0, PT: 512
04/08 13:37 [INFO] cshmd.analysis (MCL)                                          : [Structure] MCL: 1.000
04/08 13:37 [DEBUG] cshmd.analysis (__init__)                                    : <class 'cshmd.analysis.Chain'> loaded
04/08 13:37 [DEBUG] cshmd.analysis (__init__)                                    : <class 'cshmd.analysis.Chain'> loaded
04/08 13:37 [DEBUG] cshmd.analysis (__init__)                                    : <class 'cshmd.analysis.Chain'> loaded
04/08 13:37 [DEBUG] cshmd.analysis (__init__)                                    : <class 'cshmd.analysis.Chain'> loaded
04/08 13:37 [INFO] cshmd.analysis (validate_tetra)                               : [Structure] CL : Length 2: 64
04/08 13:37 [INFO] cshmd.analysis (validate_tetra)                               : [Structure] MCL : 2.0
04/08 13:37 [INFO] cshmd.builder (update_manager)                                : [Structure] Number of atoms: 5504 -> 5888
04/08 13:37 [INFO] csh_builder (main)                                            : [Structure] Reading command 'terminate_NBO'...
04/08 13:37 [INFO] cshmd.builder (terminate_NBO)                                 : Do not run terminate, ratio == 0
04/08 13:37 [INFO] csh_builder (main)                                            : [Structure] Reading command 'add_BT'...
04/08 13:37 [INFO] cshmd.builder (add_BT)                                        : [WARNING] No Bridging Tetra exists
04/08 13:37 [DEBUG] cshmd.analysis (__init__)                                    : [Structure] Now new data setted for get Bonds
04/08 13:37 [DEBUG] cshmd.analysis (__del_bond__)                                : del -> Si_O O_H H_O Ca_O C_O BO NBO
04/08 13:37 [DEBUG] cshmd.analysis (__initialize_mole__)                         : initalize -> H2O SiO4 OH CO3 H3O
04/08 13:37 [DEBUG] cshmd.analysis (__initialize_mole__)                         : initalize -> SiOH CaOH HCO3 H2CO3 H3CO3
04/08 13:37 [DEBUG] cshmd.analysis (find_bond)                                   : find_bond O - H rcut -> 1.2
04/08 13:38 [DEBUG] cshmd.common (time_wrapper)                                  : [RUNTIME] get_distance_table in 0.865 seconds
04/08 13:38 [DEBUG] cshmd.analysis (get_mole)                                    : get_mole O - H -> nbonds: 2
04/08 13:38 [DEBUG] cshmd.analysis (find_bond)                                   : find_bond Si - O rcut -> 2.2
04/08 13:38 [DEBUG] cshmd.common (time_wrapper)                                  : [RUNTIME] get_distance_table in 0.240 seconds
04/08 13:38 [DEBUG] cshmd.analysis (get_mole)                                    : get_mole Si - O -> nbonds: 4
04/08 13:38 [DEBUG] cshmd.analysis (get_mole)                                    : get_mole O - H -> nbonds: 1
04/08 13:38 [DEBUG] cshmd.analysis (find_bond)                                   : find_bond C - O rcut -> 1.6
04/08 13:38 [DEBUG] cshmd.analysis (get_mole)                                    : get_mole C - O -> nbonds: 3
04/08 13:38 [DEBUG] cshmd.analysis (get_mole)                                    : get_mole O - H -> nbonds: 3
04/08 13:38 [DEBUG] cshmd.analysis (find_bond)                                   : find_bond Ca - O rcut -> 3.0
04/08 13:38 [DEBUG] cshmd.common (time_wrapper)                                  : [RUNTIME] get_distance_table in 0.403 seconds
04/08 13:38 [DEBUG] cshmd.analysis (search_basic)                                : Basic search result -> H2O: 832, SiO4: 512, OH: 128, CO3: 0, H3O: 0, Ca_O: 4608
04/08 13:38 [DEBUG] cshmd.analysis (full_search)                                 : Search layer details
04/08 13:38 [DEBUG] cshmd.analysis (find_bond)                                   : find_bond Ca - O rcut -> 3.0
04/08 13:38 [DEBUG] cshmd.analysis (find_bond)                                   : find_bond Si - O rcut -> 2.2
04/08 13:38 [DEBUG] cshmd.analysis (__detail_search_oh_co3)                      : No CO3 in basic search
04/08 13:38 [DEBUG] cshmd.analysis (__detail_search_oh_sioh)                     : Searching 'OH' in 'SiO4
04/08 13:38 [DEBUG] cshmd.analysis (__detail_search_oh_caoh)                     : Searching 'OH' in 'CaOH
04/08 13:38 [INFO] cshmd.analysis (Qn)                                           : [Structure] Q1: 1.000
04/08 13:38 [INFO] cshmd.analysis (CS)                                           : [Structure] C/S: 1.375
04/08 13:38 [INFO] cshmd.analysis (validate_tetra)                               : [Structure] BT: 0, PT: 512
04/08 13:38 [INFO] cshmd.analysis (MCL)                                          : [Structure] MCL: 1.000
04/08 13:38 [DEBUG] cshmd.analysis (__init__)                                    : <class 'cshmd.analysis.Chain'> loaded
04/08 13:38 [DEBUG] cshmd.analysis (__init__)                                    : <class 'cshmd.analysis.Chain'> loaded
04/08 13:38 [DEBUG] cshmd.analysis (__init__)                                    : <class 'cshmd.analysis.Chain'> loaded
04/08 13:38 [DEBUG] cshmd.analysis (__init__)                                    : <class 'cshmd.analysis.Chain'> loaded
04/08 13:38 [INFO] cshmd.analysis (validate_tetra)                               : [Structure] CL : Length 2: 64
04/08 13:38 [INFO] cshmd.analysis (validate_tetra)                               : [Structure] MCL : 2.0
04/08 13:38 [INFO] cshmd.structure (writeCif)                                    : L02.cif was created
04/08 13:38 [INFO] cshmd.builder (out_model)                                     : Total Charge: 0
04/08 13:38 [INFO] csh_builder (main)                                            : ----------------------------------------------------------------------
04/08 13:38 [DEBUG] cshmd.common (get_logger)                                    : $$$$$$$$$$$$$$  Logger 'cshmd.common........' initialized  $$$$$$$$$$$$$$
04/08 13:38 [DEBUG] cshmd.functions (get_logger)                                 : $$$$$$$$$$$$$$  Logger 'cshmd.functions.....' initialized  $$$$$$$$$$$$$$
04/08 13:38 [DEBUG] cshmd.load (get_logger)                                      : $$$$$$$$$$$$$$  Logger 'cshmd.load..........' initialized  $$$$$$$$$$$$$$
04/08 13:38 [DEBUG] cshmd.analysis (get_logger)                                  : $$$$$$$$$$$$$$  Logger 'cshmd.analysis......' initialized  $$$$$$$$$$$$$$
04/08 13:38 [DEBUG] cshmd.structure (get_logger)                                 : $$$$$$$$$$$$$$  Logger 'cshmd.structure.....' initialized  $$$$$$$$$$$$$$
04/08 13:38 [DEBUG] cshmd.builder (get_logger)                                   : $$$$$$$$$$$$$$  Logger 'cshmd.builder.......' initialized  $$$$$$$$$$$$$$
04/08 13:38 [DEBUG] cshmd.trj_analysis (get_logger)                              : $$$$$$$$$$$$$$  Logger 'cshmd.trj_analysis..' initialized  $$$$$$$$$$$$$$
04/08 13:38 [DEBUG] csh_builder (get_logger)                                     : $$$$$$$$$$$$$$  Logger 'csh_builder.........' initialized  $$$$$$$$$$$$$$
04/08 13:38 [INFO] csh_builder (main)                                            : ----------------------------------------------------------------------
04/08 13:38 [INFO] csh_builder (main)                                            : 'L02.yaml' loaded
04/08 13:38 [INFO] cshmd.structure (__init__)                                    : /Users/kimuni/bin/kimuni/cshmd/data/resources/cif/T14_111_term.cif was loaded
04/08 13:38 [DEBUG] cshmd.analysis (__init__)                                    : [Structure] Now new data setted for get Bonds
04/08 13:38 [DEBUG] cshmd.analysis (__del_bond__)                                : del -> Si_O O_H H_O Ca_O C_O BO NBO
04/08 13:38 [DEBUG] cshmd.analysis (__initialize_mole__)                         : initalize -> H2O SiO4 OH CO3 H3O
04/08 13:38 [DEBUG] cshmd.analysis (__initialize_mole__)                         : initalize -> SiOH CaOH HCO3 H2CO3 H3CO3
04/08 13:38 [INFO] cshmd.analysis (__init__)                                     : Not any C-S-H Si range info
04/08 13:38 [DEBUG] cshmd.analysis (find_bond)                                   : find_bond O - H rcut -> 1.2
04/08 13:38 [DEBUG] cshmd.common (time_wrapper)                                  : [RUNTIME] get_distance_table in 0.001 seconds
04/08 13:38 [DEBUG] cshmd.analysis (get_mole)                                    : get_mole O - H -> nbonds: 2
04/08 13:38 [DEBUG] cshmd.analysis (find_bond)                                   : find_bond Si - O rcut -> 2.2
04/08 13:38 [DEBUG] cshmd.common (time_wrapper)                                  : [RUNTIME] get_distance_table in 0.000 seconds
04/08 13:38 [DEBUG] cshmd.analysis (get_mole)                                    : get_mole Si - O -> nbonds: 4
04/08 13:38 [DEBUG] cshmd.analysis (get_mole)                                    : get_mole O - H -> nbonds: 1
04/08 13:38 [DEBUG] cshmd.analysis (find_bond)                                   : find_bond C - O rcut -> 1.6
04/08 13:38 [DEBUG] cshmd.analysis (get_mole)                                    : get_mole C - O -> nbonds: 3
04/08 13:38 [DEBUG] cshmd.analysis (get_mole)                                    : get_mole O - H -> nbonds: 3
04/08 13:38 [DEBUG] cshmd.analysis (find_bond)                                   : find_bond Ca - O rcut -> 3.0
04/08 13:38 [DEBUG] cshmd.common (time_wrapper)                                  : [RUNTIME] get_distance_table in 0.000 seconds
04/08 13:38 [DEBUG] cshmd.analysis (search_basic)                                : Basic search result -> H2O: 9, SiO4: 12, OH: 2, CO3: 0, H3O: 0, Ca_O: 60
04/08 13:38 [DEBUG] cshmd.analysis (full_search)                                 : Search layer details
04/08 13:38 [DEBUG] cshmd.analysis (find_bond)                                   : find_bond Ca - O rcut -> 3.0
04/08 13:38 [DEBUG] cshmd.analysis (find_bond)                                   : find_bond Si - O rcut -> 2.2
04/08 13:38 [DEBUG] cshmd.analysis (__detail_search_oh_co3)                      : No CO3 in basic search
04/08 13:38 [DEBUG] cshmd.analysis (__detail_search_oh_sioh)                     : Searching 'OH' in 'SiO4
04/08 13:38 [DEBUG] cshmd.analysis (__detail_search_oh_caoh)                     : No CaOH in basic search. RETURN
04/08 13:38 [INFO] cshmd.analysis (Qn)                                           : [Structure] Q2: 1.000
04/08 13:38 [INFO] cshmd.analysis (CS)                                           : [Structure] C/S: 0.750
04/08 13:38 [INFO] cshmd.analysis (validate_tetra)                               : [Structure] BT: 4, PT: 8
04/08 13:38 [INFO] cshmd.analysis (MCL)                                          : [Structure] MCL: inf
04/08 13:38 [DEBUG] cshmd.analysis (__init__)                                    : <class 'cshmd.analysis.Chain'> loaded
04/08 13:38 [DEBUG] cshmd.analysis (__init__)                                    : <class 'cshmd.analysis.Chain'> loaded
04/08 13:38 [DEBUG] cshmd.analysis (__init__)                                    : <class 'cshmd.analysis.Chain'> loaded
04/08 13:38 [DEBUG] cshmd.analysis (__init__)                                    : <class 'cshmd.analysis.Chain'> loaded
04/08 13:38 [INFO] cshmd.analysis (validate_tetra)                               : [Structure] CL : Length 3: 1
04/08 13:38 [INFO] cshmd.analysis (validate_tetra)                               : [Structure] MCL : 3.0
04/08 13:38 [INFO] cshmd.structure (__init__)                                    : /Users/kimuni/bin/kimuni/cshmd/data/resources/cif/T14_111_term.cif was loaded
04/08 13:38 [DEBUG] cshmd.analysis (__init__)                                    : [Structure] Now new data setted for get Bonds
04/08 13:38 [DEBUG] cshmd.analysis (__del_bond__)                                : del -> Si_O O_H H_O Ca_O C_O BO NBO
04/08 13:38 [DEBUG] cshmd.analysis (__initialize_mole__)                         : initalize -> H2O SiO4 OH CO3 H3O
04/08 13:38 [DEBUG] cshmd.analysis (__initialize_mole__)                         : initalize -> SiOH CaOH HCO3 H2CO3 H3CO3
04/08 13:38 [DEBUG] cshmd.analysis (find_bond)                                   : find_bond O - H rcut -> 1.2
04/08 13:38 [DEBUG] cshmd.common (time_wrapper)                                  : [RUNTIME] get_distance_table in 0.000 seconds
04/08 13:38 [DEBUG] cshmd.analysis (get_mole)                                    : get_mole O - H -> nbonds: 2
04/08 13:38 [DEBUG] cshmd.analysis (find_bond)                                   : find_bond Si - O rcut -> 2.2
04/08 13:38 [DEBUG] cshmd.common (time_wrapper)                                  : [RUNTIME] get_distance_table in 0.000 seconds
04/08 13:38 [DEBUG] cshmd.analysis (get_mole)                                    : get_mole Si - O -> nbonds: 4
04/08 13:38 [DEBUG] cshmd.analysis (get_mole)                                    : get_mole O - H -> nbonds: 1
04/08 13:38 [DEBUG] cshmd.analysis (find_bond)                                   : find_bond C - O rcut -> 1.6
04/08 13:38 [DEBUG] cshmd.analysis (get_mole)                                    : get_mole C - O -> nbonds: 3
04/08 13:38 [DEBUG] cshmd.analysis (get_mole)                                    : get_mole O - H -> nbonds: 3
04/08 13:38 [DEBUG] cshmd.analysis (find_bond)                                   : find_bond Ca - O rcut -> 3.0
04/08 13:38 [DEBUG] cshmd.common (time_wrapper)                                  : [RUNTIME] get_distance_table in 0.000 seconds
04/08 13:38 [DEBUG] cshmd.analysis (search_basic)                                : Basic search result -> H2O: 9, SiO4: 12, OH: 2, CO3: 0, H3O: 0, Ca_O: 60
04/08 13:38 [DEBUG] cshmd.analysis (full_search)                                 : Search layer details
04/08 13:38 [DEBUG] cshmd.analysis (find_bond)                                   : find_bond Ca - O rcut -> 3.0
04/08 13:38 [DEBUG] cshmd.analysis (find_bond)                                   : find_bond Si - O rcut -> 2.2
04/08 13:38 [DEBUG] cshmd.analysis (__detail_search_oh_co3)                      : No CO3 in basic search
04/08 13:38 [DEBUG] cshmd.analysis (__detail_search_oh_sioh)                     : Searching 'OH' in 'SiO4
04/08 13:38 [DEBUG] cshmd.analysis (__detail_search_oh_caoh)                     : No CaOH in basic search. RETURN
04/08 13:38 [INFO] cshmd.analysis (Qn)                                           : [Structure] Q2: 1.000
04/08 13:38 [INFO] cshmd.analysis (CS)                                           : [Structure] C/S: 0.750
04/08 13:38 [INFO] cshmd.analysis (validate_tetra)                               : [Structure] BT: 4, PT: 8
04/08 13:38 [INFO] cshmd.analysis (MCL)                                          : [Structure] MCL: inf
04/08 13:38 [DEBUG] cshmd.analysis (__init__)                                    : <class 'cshmd.analysis.Chain'> loaded
04/08 13:38 [DEBUG] cshmd.analysis (__init__)                                    : <class 'cshmd.analysis.Chain'> loaded
04/08 13:38 [DEBUG] cshmd.analysis (__init__)                                    : <class 'cshmd.analysis.Chain'> loaded
04/08 13:38 [DEBUG] cshmd.analysis (__init__)                                    : <class 'cshmd.analysis.Chain'> loaded
04/08 13:38 [INFO] cshmd.analysis (validate_tetra)                               : [Structure] CL : Length 3: 1
04/08 13:38 [INFO] cshmd.analysis (validate_tetra)                               : [Structure] MCL : 3.0
04/08 13:38 [INFO] csh_builder (main)                                            : [Structure] Reading command 'supercell'...
04/08 13:38 [INFO] cshmd.structure (makeSupercell)                               : [Structure] Supercell created 2 * 2 * 1
04/08 13:38 [DEBUG] cshmd.analysis (__init__)                                    : [Structure] Now new data setted for get Bonds
04/08 13:38 [DEBUG] cshmd.analysis (__del_bond__)                                : del -> Si_O O_H H_O Ca_O C_O BO NBO
04/08 13:38 [DEBUG] cshmd.analysis (__initialize_mole__)                         : initalize -> H2O SiO4 OH CO3 H3O
04/08 13:38 [DEBUG] cshmd.analysis (__initialize_mole__)                         : initalize -> SiOH CaOH HCO3 H2CO3 H3CO3
04/08 13:38 [DEBUG] cshmd.analysis (find_bond)                                   : find_bond O - H rcut -> 1.2
04/08 13:38 [DEBUG] cshmd.common (time_wrapper)                                  : [RUNTIME] get_distance_table in 0.002 seconds
04/08 13:38 [DEBUG] cshmd.analysis (get_mole)                                    : get_mole O - H -> nbonds: 2
04/08 13:38 [DEBUG] cshmd.analysis (find_bond)                                   : find_bond Si - O rcut -> 2.2
04/08 13:38 [DEBUG] cshmd.common (time_wrapper)                                  : [RUNTIME] get_distance_table in 0.001 seconds
04/08 13:38 [DEBUG] cshmd.analysis (get_mole)                                    : get_mole Si - O -> nbonds: 4
04/08 13:38 [DEBUG] cshmd.analysis (get_mole)                                    : get_mole O - H -> nbonds: 1
04/08 13:38 [DEBUG] cshmd.analysis (find_bond)                                   : find_bond C - O rcut -> 1.6
04/08 13:38 [DEBUG] cshmd.analysis (get_mole)                                    : get_mole C - O -> nbonds: 3
04/08 13:38 [DEBUG] cshmd.analysis (get_mole)                                    : get_mole O - H -> nbonds: 3
04/08 13:38 [DEBUG] cshmd.analysis (find_bond)                                   : find_bond Ca - O rcut -> 3.0
04/08 13:38 [DEBUG] cshmd.common (time_wrapper)                                  : [RUNTIME] get_distance_table in 0.001 seconds
04/08 13:38 [DEBUG] cshmd.analysis (search_basic)                                : Basic search result -> H2O: 36, SiO4: 48, OH: 8, CO3: 0, H3O: 0, Ca_O: 240
04/08 13:38 [DEBUG] cshmd.analysis (full_search)                                 : Search layer details
04/08 13:38 [DEBUG] cshmd.analysis (find_bond)                                   : find_bond Ca - O rcut -> 3.0
04/08 13:38 [DEBUG] cshmd.analysis (find_bond)                                   : find_bond Si - O rcut -> 2.2
04/08 13:38 [DEBUG] cshmd.analysis (__detail_search_oh_co3)                      : No CO3 in basic search
04/08 13:38 [DEBUG] cshmd.analysis (__detail_search_oh_sioh)                     : Searching 'OH' in 'SiO4
04/08 13:38 [DEBUG] cshmd.analysis (__detail_search_oh_caoh)                     : No CaOH in basic search. RETURN
04/08 13:38 [INFO] cshmd.analysis (Qn)                                           : [Structure] Q2: 1.000
04/08 13:38 [INFO] cshmd.analysis (CS)                                           : [Structure] C/S: 0.750
04/08 13:38 [INFO] cshmd.analysis (validate_tetra)                               : [Structure] BT: 16, PT: 32
04/08 13:38 [INFO] cshmd.analysis (MCL)                                          : [Structure] MCL: inf
04/08 13:38 [DEBUG] cshmd.analysis (__init__)                                    : <class 'cshmd.analysis.Chain'> loaded
04/08 13:38 [DEBUG] cshmd.analysis (__init__)                                    : <class 'cshmd.analysis.Chain'> loaded
04/08 13:38 [DEBUG] cshmd.analysis (__init__)                                    : <class 'cshmd.analysis.Chain'> loaded
04/08 13:38 [DEBUG] cshmd.analysis (__init__)                                    : <class 'cshmd.analysis.Chain'> loaded
04/08 13:38 [INFO] cshmd.analysis (validate_tetra)                               : [Structure] CL : Length 6: 2
04/08 13:38 [INFO] cshmd.analysis (validate_tetra)                               : [Structure] MCL : 6.0
04/08 13:38 [INFO] cshmd.builder (update_manager)                                : [Structure] Number of atoms: 86 -> 344
04/08 13:38 [INFO] csh_builder (main)                                            : [Structure] Reading command 'defect_BT'...
04/08 13:38 [INFO] cshmd.builder (defect_BT)                                     : [Structure] Termination scope: False
04/08 13:38 [INFO] cshmd.builder (defect_BT)                                     : [Structure] Exists 4 Bridging Tetra in 'up' side
04/08 13:38 [INFO] cshmd.structure (add_Ca)                                      : [Structure] Add Ca
04/08 13:38 [INFO] cshmd.builder (defect_BT)                                     : [Structure] Exists 4 Bridging Tetra in 'down' side
04/08 13:38 [INFO] cshmd.structure (add_Ca)                                      : [Structure] Add Ca
04/08 13:38 [INFO] cshmd.builder (defect_BT)                                     : [Structure] Termination scope: False
04/08 13:38 [INFO] cshmd.builder (defect_BT)                                     : [Structure] Exists 4 Bridging Tetra in 'down' side
04/08 13:38 [INFO] cshmd.structure (add_Ca)                                      : [Structure] Add Ca with 1 OH and with 2 H2O
04/08 13:38 [INFO] cshmd.builder (defect_BT)                                     : [Structure] Exists 4 Bridging Tetra in 'up' side
04/08 13:38 [INFO] cshmd.structure (add_Ca)                                      : [Structure] Add Ca with 1 OH and with 2 H2O
04/08 13:38 [INFO] cshmd.structure (check_rm_list)                               : Delete 56 atoms in rm_list
04/08 13:38 [DEBUG] cshmd.analysis (__init__)                                    : [Structure] Now new data setted for get Bonds
04/08 13:38 [DEBUG] cshmd.analysis (__del_bond__)                                : del -> Si_O O_H H_O Ca_O C_O BO NBO
04/08 13:38 [DEBUG] cshmd.analysis (__initialize_mole__)                         : initalize -> H2O SiO4 OH CO3 H3O
04/08 13:38 [DEBUG] cshmd.analysis (__initialize_mole__)                         : initalize -> SiOH CaOH HCO3 H2CO3 H3CO3
04/08 13:38 [DEBUG] cshmd.analysis (find_bond)                                   : find_bond O - H rcut -> 1.2
04/08 13:38 [DEBUG] cshmd.common (time_wrapper)                                  : [RUNTIME] get_distance_table in 0.004 seconds
04/08 13:38 [DEBUG] cshmd.analysis (get_mole)                                    : get_mole O - H -> nbonds: 2
04/08 13:38 [DEBUG] cshmd.analysis (find_bond)                                   : find_bond Si - O rcut -> 2.2
04/08 13:38 [DEBUG] cshmd.common (time_wrapper)                                  : [RUNTIME] get_distance_table in 0.001 seconds
04/08 13:38 [DEBUG] cshmd.analysis (get_mole)                                    : get_mole Si - O -> nbonds: 4
04/08 13:38 [DEBUG] cshmd.analysis (get_mole)                                    : get_mole O - H -> nbonds: 1
04/08 13:38 [DEBUG] cshmd.analysis (find_bond)                                   : find_bond C - O rcut -> 1.6
04/08 13:38 [DEBUG] cshmd.analysis (get_mole)                                    : get_mole C - O -> nbonds: 3
04/08 13:38 [DEBUG] cshmd.analysis (get_mole)                                    : get_mole O - H -> nbonds: 3
04/08 13:38 [DEBUG] cshmd.analysis (find_bond)                                   : find_bond Ca - O rcut -> 3.0
04/08 13:38 [DEBUG] cshmd.common (time_wrapper)                                  : [RUNTIME] get_distance_table in 0.001 seconds
04/08 13:38 [DEBUG] cshmd.analysis (search_basic)                                : Basic search result -> H2O: 52, SiO4: 32, OH: 8, CO3: 0, H3O: 0, Ca_O: 288
04/08 13:38 [DEBUG] cshmd.analysis (full_search)                                 : Search layer details
04/08 13:38 [DEBUG] cshmd.analysis (find_bond)                                   : find_bond Ca - O rcut -> 3.0
04/08 13:38 [DEBUG] cshmd.analysis (find_bond)                                   : find_bond Si - O rcut -> 2.2
04/08 13:38 [DEBUG] cshmd.analysis (__detail_search_oh_co3)                      : No CO3 in basic search
04/08 13:38 [DEBUG] cshmd.analysis (__detail_search_oh_sioh)                     : Searching 'OH' in 'SiO4
04/08 13:38 [DEBUG] cshmd.analysis (__detail_search_oh_caoh)                     : Searching 'OH' in 'CaOH
04/08 13:38 [INFO] cshmd.analysis (Qn)                                           : [Structure] Q1: 1.000
04/08 13:38 [INFO] cshmd.analysis (CS)                                           : [Structure] C/S: 1.375
04/08 13:38 [INFO] cshmd.analysis (validate_tetra)                               : [Structure] BT: 0, PT: 32
04/08 13:38 [INFO] cshmd.analysis (MCL)                                          : [Structure] MCL: 1.000
04/08 13:38 [DEBUG] cshmd.analysis (__init__)                                    : <class 'cshmd.analysis.Chain'> loaded
04/08 13:38 [DEBUG] cshmd.analysis (__init__)                                    : <class 'cshmd.analysis.Chain'> loaded
04/08 13:38 [DEBUG] cshmd.analysis (__init__)                                    : <class 'cshmd.analysis.Chain'> loaded
04/08 13:38 [DEBUG] cshmd.analysis (__init__)                                    : <class 'cshmd.analysis.Chain'> loaded
04/08 13:38 [INFO] cshmd.analysis (validate_tetra)                               : [Structure] CL : Length 2: 4
04/08 13:38 [INFO] cshmd.analysis (validate_tetra)                               : [Structure] MCL : 2.0
04/08 13:38 [INFO] cshmd.builder (update_manager)                                : [Structure] Number of atoms: 344 -> 368
04/08 13:38 [INFO] csh_builder (main)                                            : [Structure] Reading command 'terminate_NBO'...
04/08 13:38 [INFO] cshmd.builder (terminate_NBO)                                 : Do not run terminate, ratio == 0
04/08 13:38 [INFO] csh_builder (main)                                            : [Structure] Reading command 'add_BT'...
04/08 13:38 [INFO] cshmd.builder (add_BT)                                        : [WARNING] No Bridging Tetra exists
04/08 13:38 [DEBUG] cshmd.analysis (__init__)                                    : [Structure] Now new data setted for get Bonds
04/08 13:38 [DEBUG] cshmd.analysis (__del_bond__)                                : del -> Si_O O_H H_O Ca_O C_O BO NBO
04/08 13:38 [DEBUG] cshmd.analysis (__initialize_mole__)                         : initalize -> H2O SiO4 OH CO3 H3O
04/08 13:38 [DEBUG] cshmd.analysis (__initialize_mole__)                         : initalize -> SiOH CaOH HCO3 H2CO3 H3CO3
04/08 13:38 [DEBUG] cshmd.analysis (find_bond)                                   : find_bond O - H rcut -> 1.2
04/08 13:38 [DEBUG] cshmd.common (time_wrapper)                                  : [RUNTIME] get_distance_table in 0.003 seconds
04/08 13:38 [DEBUG] cshmd.analysis (get_mole)                                    : get_mole O - H -> nbonds: 2
04/08 13:38 [DEBUG] cshmd.analysis (find_bond)                                   : find_bond Si - O rcut -> 2.2
04/08 13:38 [DEBUG] cshmd.common (time_wrapper)                                  : [RUNTIME] get_distance_table in 0.001 seconds
04/08 13:38 [DEBUG] cshmd.analysis (get_mole)                                    : get_mole Si - O -> nbonds: 4
04/08 13:38 [DEBUG] cshmd.analysis (get_mole)                                    : get_mole O - H -> nbonds: 1
04/08 13:38 [DEBUG] cshmd.analysis (find_bond)                                   : find_bond C - O rcut -> 1.6
04/08 13:38 [DEBUG] cshmd.analysis (get_mole)                                    : get_mole C - O -> nbonds: 3
04/08 13:38 [DEBUG] cshmd.analysis (get_mole)                                    : get_mole O - H -> nbonds: 3
04/08 13:38 [DEBUG] cshmd.analysis (find_bond)                                   : find_bond Ca - O rcut -> 3.0
04/08 13:38 [DEBUG] cshmd.common (time_wrapper)                                  : [RUNTIME] get_distance_table in 0.001 seconds
04/08 13:38 [DEBUG] cshmd.analysis (search_basic)                                : Basic search result -> H2O: 52, SiO4: 32, OH: 8, CO3: 0, H3O: 0, Ca_O: 288
04/08 13:38 [DEBUG] cshmd.analysis (full_search)                                 : Search layer details
04/08 13:38 [DEBUG] cshmd.analysis (find_bond)                                   : find_bond Ca - O rcut -> 3.0
04/08 13:38 [DEBUG] cshmd.analysis (find_bond)                                   : find_bond Si - O rcut -> 2.2
04/08 13:38 [DEBUG] cshmd.analysis (__detail_search_oh_co3)                      : No CO3 in basic search
04/08 13:38 [DEBUG] cshmd.analysis (__detail_search_oh_sioh)                     : Searching 'OH' in 'SiO4
04/08 13:38 [DEBUG] cshmd.analysis (__detail_search_oh_caoh)                     : Searching 'OH' in 'CaOH
04/08 13:38 [INFO] cshmd.analysis (Qn)                                           : [Structure] Q1: 1.000
04/08 13:38 [INFO] cshmd.analysis (CS)                                           : [Structure] C/S: 1.375
04/08 13:38 [INFO] cshmd.analysis (validate_tetra)                               : [Structure] BT: 0, PT: 32
04/08 13:38 [INFO] cshmd.analysis (MCL)                                          : [Structure] MCL: 1.000
04/08 13:38 [DEBUG] cshmd.analysis (__init__)                                    : <class 'cshmd.analysis.Chain'> loaded
04/08 13:38 [DEBUG] cshmd.analysis (__init__)                                    : <class 'cshmd.analysis.Chain'> loaded
04/08 13:38 [DEBUG] cshmd.analysis (__init__)                                    : <class 'cshmd.analysis.Chain'> loaded
04/08 13:38 [DEBUG] cshmd.analysis (__init__)                                    : <class 'cshmd.analysis.Chain'> loaded
04/08 13:38 [INFO] cshmd.analysis (validate_tetra)                               : [Structure] CL : Length 2: 4
04/08 13:38 [INFO] cshmd.analysis (validate_tetra)                               : [Structure] MCL : 2.0
04/08 13:38 [INFO] cshmd.structure (writeCif)                                    : L02.cif was created
04/08 13:38 [INFO] cshmd.builder (out_model)                                     : Total Charge: 0
04/08 13:38 [INFO] csh_builder (main)                                            : ----------------------------------------------------------------------
04/08 13:42 [DEBUG] cshmd.common (get_logger)                                    : $$$$$$$$$$$$$$  Logger 'cshmd.common........' initialized  $$$$$$$$$$$$$$
04/08 13:42 [DEBUG] cshmd.functions (get_logger)                                 : $$$$$$$$$$$$$$  Logger 'cshmd.functions.....' initialized  $$$$$$$$$$$$$$
04/08 13:42 [DEBUG] cshmd.load (get_logger)                                      : $$$$$$$$$$$$$$  Logger 'cshmd.load..........' initialized  $$$$$$$$$$$$$$
04/08 13:42 [DEBUG] cshmd.analysis (get_logger)                                  : $$$$$$$$$$$$$$  Logger 'cshmd.analysis......' initialized  $$$$$$$$$$$$$$
04/08 13:42 [DEBUG] cshmd.structure (get_logger)                                 : $$$$$$$$$$$$$$  Logger 'cshmd.structure.....' initialized  $$$$$$$$$$$$$$
04/08 13:42 [DEBUG] cshmd.builder (get_logger)                                   : $$$$$$$$$$$$$$  Logger 'cshmd.builder.......' initialized  $$$$$$$$$$$$$$
04/08 13:42 [DEBUG] cshmd.trj_analysis (get_logger)                              : $$$$$$$$$$$$$$  Logger 'cshmd.trj_analysis..' initialized  $$$$$$$$$$$$$$
04/08 13:42 [DEBUG] csh_builder (get_logger)                                     : $$$$$$$$$$$$$$  Logger 'csh_builder.........' initialized  $$$$$$$$$$$$$$
04/08 13:42 [INFO] csh_builder (main)                                            : ----------------------------------------------------------------------
04/08 13:42 [INFO] csh_builder (main)                                            : 'L02.yaml' loaded
04/08 13:42 [INFO] cshmd.structure (__init__)                                    : /Users/kimuni/bin/kimuni/cshmd/data/resources/cif/T14_111_term.cif was loaded
04/08 13:42 [DEBUG] cshmd.analysis (__init__)                                    : [Structure] Now new data setted for get Bonds
04/08 13:42 [DEBUG] cshmd.analysis (__del_bond__)                                : del -> Si_O O_H H_O Ca_O C_O BO NBO
04/08 13:42 [DEBUG] cshmd.analysis (__initialize_mole__)                         : initalize -> H2O SiO4 OH CO3 H3O
04/08 13:42 [DEBUG] cshmd.analysis (__initialize_mole__)                         : initalize -> SiOH CaOH HCO3 H2CO3 H3CO3
04/08 13:42 [INFO] cshmd.analysis (__init__)                                     : Not any C-S-H Si range info
04/08 13:42 [DEBUG] cshmd.analysis (find_bond)                                   : find_bond O - H rcut -> 1.2
04/08 13:42 [DEBUG] cshmd.common (time_wrapper)                                  : [RUNTIME] get_distance_table in 0.000 seconds
04/08 13:42 [DEBUG] cshmd.analysis (get_mole)                                    : get_mole O - H -> nbonds: 2
04/08 13:42 [DEBUG] cshmd.analysis (find_bond)                                   : find_bond Si - O rcut -> 2.2
04/08 13:42 [DEBUG] cshmd.common (time_wrapper)                                  : [RUNTIME] get_distance_table in 0.000 seconds
04/08 13:42 [DEBUG] cshmd.analysis (get_mole)                                    : get_mole Si - O -> nbonds: 4
04/08 13:42 [DEBUG] cshmd.analysis (get_mole)                                    : get_mole O - H -> nbonds: 1
04/08 13:42 [DEBUG] cshmd.analysis (find_bond)                                   : find_bond C - O rcut -> 1.6
04/08 13:42 [DEBUG] cshmd.analysis (get_mole)                                    : get_mole C - O -> nbonds: 3
04/08 13:42 [DEBUG] cshmd.analysis (get_mole)                                    : get_mole O - H -> nbonds: 3
04/08 13:42 [DEBUG] cshmd.analysis (find_bond)                                   : find_bond Ca - O rcut -> 3.0
04/08 13:42 [DEBUG] cshmd.common (time_wrapper)                                  : [RUNTIME] get_distance_table in 0.000 seconds
04/08 13:42 [DEBUG] cshmd.analysis (search_basic)                                : Basic search result -> H2O: 9, SiO4: 12, OH: 2, CO3: 0, H3O: 0, Ca_O: 60
04/08 13:42 [DEBUG] cshmd.analysis (full_search)                                 : Search layer details
04/08 13:42 [DEBUG] cshmd.analysis (find_bond)                                   : find_bond Ca - O rcut -> 3.0
04/08 13:42 [DEBUG] cshmd.analysis (find_bond)                                   : find_bond Si - O rcut -> 2.2
04/08 13:42 [DEBUG] cshmd.analysis (__detail_search_oh_co3)                      : No CO3 in basic search
04/08 13:42 [DEBUG] cshmd.analysis (__detail_search_oh_sioh)                     : Searching 'OH' in 'SiO4
04/08 13:42 [DEBUG] cshmd.analysis (__detail_search_oh_caoh)                     : No CaOH in basic search. RETURN
04/08 13:42 [INFO] cshmd.analysis (Qn)                                           : [Structure] Q2: 1.000
04/08 13:42 [INFO] cshmd.analysis (CS)                                           : [Structure] C/S: 0.750
04/08 13:42 [INFO] cshmd.analysis (validate_tetra)                               : [Structure] BT: 4, PT: 8
04/08 13:42 [INFO] cshmd.analysis (MCL)                                          : [Structure] MCL: inf
04/08 13:42 [DEBUG] cshmd.analysis (__init__)                                    : <class 'cshmd.analysis.Chain'> loaded
04/08 13:42 [DEBUG] cshmd.analysis (__init__)                                    : <class 'cshmd.analysis.Chain'> loaded
04/08 13:42 [DEBUG] cshmd.analysis (__init__)                                    : <class 'cshmd.analysis.Chain'> loaded
04/08 13:42 [DEBUG] cshmd.analysis (__init__)                                    : <class 'cshmd.analysis.Chain'> loaded
04/08 13:42 [INFO] cshmd.analysis (validate_tetra)                               : [Structure] CL : Length 3: 1
04/08 13:42 [INFO] cshmd.analysis (validate_tetra)                               : [Structure] MCL : 3.0
04/08 13:42 [INFO] cshmd.structure (__init__)                                    : /Users/kimuni/bin/kimuni/cshmd/data/resources/cif/T14_111_term.cif was loaded
04/08 13:42 [DEBUG] cshmd.analysis (__init__)                                    : [Structure] Now new data setted for get Bonds
04/08 13:42 [DEBUG] cshmd.analysis (__del_bond__)                                : del -> Si_O O_H H_O Ca_O C_O BO NBO
04/08 13:42 [DEBUG] cshmd.analysis (__initialize_mole__)                         : initalize -> H2O SiO4 OH CO3 H3O
04/08 13:42 [DEBUG] cshmd.analysis (__initialize_mole__)                         : initalize -> SiOH CaOH HCO3 H2CO3 H3CO3
04/08 13:42 [DEBUG] cshmd.analysis (find_bond)                                   : find_bond O - H rcut -> 1.2
04/08 13:42 [DEBUG] cshmd.common (time_wrapper)                                  : [RUNTIME] get_distance_table in 0.000 seconds
04/08 13:42 [DEBUG] cshmd.analysis (get_mole)                                    : get_mole O - H -> nbonds: 2
04/08 13:42 [DEBUG] cshmd.analysis (find_bond)                                   : find_bond Si - O rcut -> 2.2
04/08 13:42 [DEBUG] cshmd.common (time_wrapper)                                  : [RUNTIME] get_distance_table in 0.000 seconds
04/08 13:42 [DEBUG] cshmd.analysis (get_mole)                                    : get_mole Si - O -> nbonds: 4
04/08 13:42 [DEBUG] cshmd.analysis (get_mole)                                    : get_mole O - H -> nbonds: 1
04/08 13:42 [DEBUG] cshmd.analysis (find_bond)                                   : find_bond C - O rcut -> 1.6
04/08 13:42 [DEBUG] cshmd.analysis (get_mole)                                    : get_mole C - O -> nbonds: 3
04/08 13:42 [DEBUG] cshmd.analysis (get_mole)                                    : get_mole O - H -> nbonds: 3
04/08 13:42 [DEBUG] cshmd.analysis (find_bond)                                   : find_bond Ca - O rcut -> 3.0
04/08 13:42 [DEBUG] cshmd.common (time_wrapper)                                  : [RUNTIME] get_distance_table in 0.000 seconds
04/08 13:42 [DEBUG] cshmd.analysis (search_basic)                                : Basic search result -> H2O: 9, SiO4: 12, OH: 2, CO3: 0, H3O: 0, Ca_O: 60
04/08 13:42 [DEBUG] cshmd.analysis (full_search)                                 : Search layer details
04/08 13:42 [DEBUG] cshmd.analysis (find_bond)                                   : find_bond Ca - O rcut -> 3.0
04/08 13:42 [DEBUG] cshmd.analysis (find_bond)                                   : find_bond Si - O rcut -> 2.2
04/08 13:42 [DEBUG] cshmd.analysis (__detail_search_oh_co3)                      : No CO3 in basic search
04/08 13:42 [DEBUG] cshmd.analysis (__detail_search_oh_sioh)                     : Searching 'OH' in 'SiO4
04/08 13:42 [DEBUG] cshmd.analysis (__detail_search_oh_caoh)                     : No CaOH in basic search. RETURN
04/08 13:42 [INFO] cshmd.analysis (Qn)                                           : [Structure] Q2: 1.000
04/08 13:42 [INFO] cshmd.analysis (CS)                                           : [Structure] C/S: 0.750
04/08 13:42 [INFO] cshmd.analysis (validate_tetra)                               : [Structure] BT: 4, PT: 8
04/08 13:42 [INFO] cshmd.analysis (MCL)                                          : [Structure] MCL: inf
04/08 13:42 [DEBUG] cshmd.analysis (__init__)                                    : <class 'cshmd.analysis.Chain'> loaded
04/08 13:42 [DEBUG] cshmd.analysis (__init__)                                    : <class 'cshmd.analysis.Chain'> loaded
04/08 13:42 [DEBUG] cshmd.analysis (__init__)                                    : <class 'cshmd.analysis.Chain'> loaded
04/08 13:42 [DEBUG] cshmd.analysis (__init__)                                    : <class 'cshmd.analysis.Chain'> loaded
04/08 13:42 [INFO] cshmd.analysis (validate_tetra)                               : [Structure] CL : Length 3: 1
04/08 13:42 [INFO] cshmd.analysis (validate_tetra)                               : [Structure] MCL : 3.0
04/08 13:42 [INFO] csh_builder (main)                                            : [Structure] Reading command 'supercell'...
04/08 13:42 [INFO] cshmd.structure (makeSupercell)                               : [Structure] Supercell created 2 * 2 * 1
04/08 13:42 [DEBUG] cshmd.analysis (__init__)                                    : [Structure] Now new data setted for get Bonds
04/08 13:42 [DEBUG] cshmd.analysis (__del_bond__)                                : del -> Si_O O_H H_O Ca_O C_O BO NBO
04/08 13:42 [DEBUG] cshmd.analysis (__initialize_mole__)                         : initalize -> H2O SiO4 OH CO3 H3O
04/08 13:42 [DEBUG] cshmd.analysis (__initialize_mole__)                         : initalize -> SiOH CaOH HCO3 H2CO3 H3CO3
04/08 13:42 [DEBUG] cshmd.analysis (find_bond)                                   : find_bond O - H rcut -> 1.2
04/08 13:42 [DEBUG] cshmd.common (time_wrapper)                                  : [RUNTIME] get_distance_table in 0.002 seconds
04/08 13:42 [DEBUG] cshmd.analysis (get_mole)                                    : get_mole O - H -> nbonds: 2
04/08 13:42 [DEBUG] cshmd.analysis (find_bond)                                   : find_bond Si - O rcut -> 2.2
04/08 13:42 [DEBUG] cshmd.common (time_wrapper)                                  : [RUNTIME] get_distance_table in 0.001 seconds
04/08 13:42 [DEBUG] cshmd.analysis (get_mole)                                    : get_mole Si - O -> nbonds: 4
04/08 13:42 [DEBUG] cshmd.analysis (get_mole)                                    : get_mole O - H -> nbonds: 1
04/08 13:42 [DEBUG] cshmd.analysis (find_bond)                                   : find_bond C - O rcut -> 1.6
04/08 13:42 [DEBUG] cshmd.analysis (get_mole)                                    : get_mole C - O -> nbonds: 3
04/08 13:42 [DEBUG] cshmd.analysis (get_mole)                                    : get_mole O - H -> nbonds: 3
04/08 13:42 [DEBUG] cshmd.analysis (find_bond)                                   : find_bond Ca - O rcut -> 3.0
04/08 13:42 [DEBUG] cshmd.common (time_wrapper)                                  : [RUNTIME] get_distance_table in 0.001 seconds
04/08 13:42 [DEBUG] cshmd.analysis (search_basic)                                : Basic search result -> H2O: 36, SiO4: 48, OH: 8, CO3: 0, H3O: 0, Ca_O: 240
04/08 13:42 [DEBUG] cshmd.analysis (full_search)                                 : Search layer details
04/08 13:42 [DEBUG] cshmd.analysis (find_bond)                                   : find_bond Ca - O rcut -> 3.0
04/08 13:42 [DEBUG] cshmd.analysis (find_bond)                                   : find_bond Si - O rcut -> 2.2
04/08 13:42 [DEBUG] cshmd.analysis (__detail_search_oh_co3)                      : No CO3 in basic search
04/08 13:42 [DEBUG] cshmd.analysis (__detail_search_oh_sioh)                     : Searching 'OH' in 'SiO4
04/08 13:42 [DEBUG] cshmd.analysis (__detail_search_oh_caoh)                     : No CaOH in basic search. RETURN
04/08 13:42 [INFO] cshmd.analysis (Qn)                                           : [Structure] Q2: 1.000
04/08 13:42 [INFO] cshmd.analysis (CS)                                           : [Structure] C/S: 0.750
04/08 13:42 [INFO] cshmd.analysis (validate_tetra)                               : [Structure] BT: 16, PT: 32
04/08 13:42 [INFO] cshmd.analysis (MCL)                                          : [Structure] MCL: inf
04/08 13:42 [DEBUG] cshmd.analysis (__init__)                                    : <class 'cshmd.analysis.Chain'> loaded
04/08 13:42 [DEBUG] cshmd.analysis (__init__)                                    : <class 'cshmd.analysis.Chain'> loaded
04/08 13:42 [DEBUG] cshmd.analysis (__init__)                                    : <class 'cshmd.analysis.Chain'> loaded
04/08 13:42 [DEBUG] cshmd.analysis (__init__)                                    : <class 'cshmd.analysis.Chain'> loaded
04/08 13:42 [INFO] cshmd.analysis (validate_tetra)                               : [Structure] CL : Length 6: 2
04/08 13:42 [INFO] cshmd.analysis (validate_tetra)                               : [Structure] MCL : 6.0
04/08 13:42 [INFO] cshmd.builder (update_manager)                                : [Structure] Number of atoms: 86 -> 344
04/08 13:42 [INFO] csh_builder (main)                                            : [Structure] Reading command 'defect_BT'...
04/08 13:42 [INFO] cshmd.builder (defect_BT)                                     : [Structure] Termination scope: False
04/08 13:42 [INFO] cshmd.builder (defect_BT)                                     : [Structure] Exists 4 Bridging Tetra in 'up' side
04/08 13:42 [INFO] cshmd.structure (add_Ca)                                      : [Structure] Add Ca
04/08 13:42 [INFO] cshmd.builder (defect_BT)                                     : [Structure] Exists 4 Bridging Tetra in 'down' side
04/08 13:42 [INFO] cshmd.structure (add_Ca)                                      : [Structure] Add Ca
04/08 13:42 [INFO] cshmd.builder (defect_BT)                                     : [Structure] Termination scope: False
04/08 13:42 [INFO] cshmd.builder (defect_BT)                                     : [Structure] Exists 4 Bridging Tetra in 'down' side
04/08 13:42 [INFO] cshmd.structure (add_Ca)                                      : [Structure] Add Ca with 1 OH and with 2 H2O
04/08 13:42 [INFO] cshmd.builder (defect_BT)                                     : [Structure] Exists 4 Bridging Tetra in 'up' side
04/08 13:42 [INFO] cshmd.structure (add_Ca)                                      : [Structure] Add Ca with 1 OH and with 2 H2O
04/08 13:42 [INFO] cshmd.structure (check_rm_list)                               : Delete 56 atoms in rm_list
04/08 13:42 [DEBUG] cshmd.analysis (__init__)                                    : [Structure] Now new data setted for get Bonds
04/08 13:42 [DEBUG] cshmd.analysis (__del_bond__)                                : del -> Si_O O_H H_O Ca_O C_O BO NBO
04/08 13:42 [DEBUG] cshmd.analysis (__initialize_mole__)                         : initalize -> H2O SiO4 OH CO3 H3O
04/08 13:42 [DEBUG] cshmd.analysis (__initialize_mole__)                         : initalize -> SiOH CaOH HCO3 H2CO3 H3CO3
04/08 13:42 [DEBUG] cshmd.analysis (find_bond)                                   : find_bond O - H rcut -> 1.2
04/08 13:42 [DEBUG] cshmd.common (time_wrapper)                                  : [RUNTIME] get_distance_table in 0.002 seconds
04/08 13:42 [DEBUG] cshmd.analysis (get_mole)                                    : get_mole O - H -> nbonds: 2
04/08 13:42 [DEBUG] cshmd.analysis (find_bond)                                   : find_bond Si - O rcut -> 2.2
04/08 13:42 [DEBUG] cshmd.common (time_wrapper)                                  : [RUNTIME] get_distance_table in 0.001 seconds
04/08 13:42 [DEBUG] cshmd.analysis (get_mole)                                    : get_mole Si - O -> nbonds: 4
04/08 13:42 [DEBUG] cshmd.analysis (get_mole)                                    : get_mole O - H -> nbonds: 1
04/08 13:42 [DEBUG] cshmd.analysis (find_bond)                                   : find_bond C - O rcut -> 1.6
04/08 13:42 [DEBUG] cshmd.analysis (get_mole)                                    : get_mole C - O -> nbonds: 3
04/08 13:42 [DEBUG] cshmd.analysis (get_mole)                                    : get_mole O - H -> nbonds: 3
04/08 13:42 [DEBUG] cshmd.analysis (find_bond)                                   : find_bond Ca - O rcut -> 3.0
04/08 13:42 [DEBUG] cshmd.common (time_wrapper)                                  : [RUNTIME] get_distance_table in 0.001 seconds
04/08 13:42 [DEBUG] cshmd.analysis (search_basic)                                : Basic search result -> H2O: 36, SiO4: 32, OH: 8, CO3: 0, H3O: 0, Ca_O: 264
04/08 13:42 [DEBUG] cshmd.analysis (full_search)                                 : Search layer details
04/08 13:42 [DEBUG] cshmd.analysis (find_bond)                                   : find_bond Ca - O rcut -> 3.0
04/08 13:42 [DEBUG] cshmd.analysis (find_bond)                                   : find_bond Si - O rcut -> 2.2
04/08 13:42 [DEBUG] cshmd.analysis (__detail_search_oh_co3)                      : No CO3 in basic search
04/08 13:42 [DEBUG] cshmd.analysis (__detail_search_oh_sioh)                     : Searching 'OH' in 'SiO4
04/08 13:42 [DEBUG] cshmd.analysis (__detail_search_oh_caoh)                     : Searching 'OH' in 'CaOH
04/08 13:42 [INFO] cshmd.analysis (Qn)                                           : [Structure] Q1: 1.000
04/08 13:42 [INFO] cshmd.analysis (CS)                                           : [Structure] C/S: 1.375
04/08 13:42 [INFO] cshmd.analysis (validate_tetra)                               : [Structure] BT: 0, PT: 32
04/08 13:42 [INFO] cshmd.analysis (MCL)                                          : [Structure] MCL: 1.000
04/08 13:42 [DEBUG] cshmd.analysis (__init__)                                    : <class 'cshmd.analysis.Chain'> loaded
04/08 13:42 [DEBUG] cshmd.analysis (__init__)                                    : <class 'cshmd.analysis.Chain'> loaded
04/08 13:42 [DEBUG] cshmd.analysis (__init__)                                    : <class 'cshmd.analysis.Chain'> loaded
04/08 13:42 [DEBUG] cshmd.analysis (__init__)                                    : <class 'cshmd.analysis.Chain'> loaded
04/08 13:42 [INFO] cshmd.analysis (validate_tetra)                               : [Structure] CL : Length 2: 4
04/08 13:42 [INFO] cshmd.analysis (validate_tetra)                               : [Structure] MCL : 2.0
04/08 13:42 [INFO] cshmd.builder (update_manager)                                : [Structure] Number of atoms: 344 -> 320
04/08 13:42 [INFO] csh_builder (main)                                            : [Structure] Reading command 'terminate_NBO'...
04/08 13:42 [INFO] cshmd.builder (terminate_NBO)                                 : Do not run terminate, ratio == 0
04/08 13:42 [INFO] csh_builder (main)                                            : [Structure] Reading command 'add_BT'...
04/08 13:42 [INFO] cshmd.builder (add_BT)                                        : [WARNING] No Bridging Tetra exists
04/08 13:42 [DEBUG] cshmd.analysis (__init__)                                    : [Structure] Now new data setted for get Bonds
04/08 13:42 [DEBUG] cshmd.analysis (__del_bond__)                                : del -> Si_O O_H H_O Ca_O C_O BO NBO
04/08 13:42 [DEBUG] cshmd.analysis (__initialize_mole__)                         : initalize -> H2O SiO4 OH CO3 H3O
04/08 13:42 [DEBUG] cshmd.analysis (__initialize_mole__)                         : initalize -> SiOH CaOH HCO3 H2CO3 H3CO3
04/08 13:42 [DEBUG] cshmd.analysis (find_bond)                                   : find_bond O - H rcut -> 1.2
04/08 13:42 [DEBUG] cshmd.common (time_wrapper)                                  : [RUNTIME] get_distance_table in 0.002 seconds
04/08 13:42 [DEBUG] cshmd.analysis (get_mole)                                    : get_mole O - H -> nbonds: 2
04/08 13:42 [DEBUG] cshmd.analysis (find_bond)                                   : find_bond Si - O rcut -> 2.2
04/08 13:42 [DEBUG] cshmd.common (time_wrapper)                                  : [RUNTIME] get_distance_table in 0.001 seconds
04/08 13:42 [DEBUG] cshmd.analysis (get_mole)                                    : get_mole Si - O -> nbonds: 4
04/08 13:42 [DEBUG] cshmd.analysis (get_mole)                                    : get_mole O - H -> nbonds: 1
04/08 13:42 [DEBUG] cshmd.analysis (find_bond)                                   : find_bond C - O rcut -> 1.6
04/08 13:42 [DEBUG] cshmd.analysis (get_mole)                                    : get_mole C - O -> nbonds: 3
04/08 13:42 [DEBUG] cshmd.analysis (get_mole)                                    : get_mole O - H -> nbonds: 3
04/08 13:42 [DEBUG] cshmd.analysis (find_bond)                                   : find_bond Ca - O rcut -> 3.0
04/08 13:42 [DEBUG] cshmd.common (time_wrapper)                                  : [RUNTIME] get_distance_table in 0.001 seconds
04/08 13:42 [DEBUG] cshmd.analysis (search_basic)                                : Basic search result -> H2O: 36, SiO4: 32, OH: 8, CO3: 0, H3O: 0, Ca_O: 264
04/08 13:42 [DEBUG] cshmd.analysis (full_search)                                 : Search layer details
04/08 13:42 [DEBUG] cshmd.analysis (find_bond)                                   : find_bond Ca - O rcut -> 3.0
04/08 13:42 [DEBUG] cshmd.analysis (find_bond)                                   : find_bond Si - O rcut -> 2.2
04/08 13:42 [DEBUG] cshmd.analysis (__detail_search_oh_co3)                      : No CO3 in basic search
04/08 13:42 [DEBUG] cshmd.analysis (__detail_search_oh_sioh)                     : Searching 'OH' in 'SiO4
04/08 13:42 [DEBUG] cshmd.analysis (__detail_search_oh_caoh)                     : Searching 'OH' in 'CaOH
04/08 13:42 [INFO] cshmd.analysis (Qn)                                           : [Structure] Q1: 1.000
04/08 13:42 [INFO] cshmd.analysis (CS)                                           : [Structure] C/S: 1.375
04/08 13:42 [INFO] cshmd.analysis (validate_tetra)                               : [Structure] BT: 0, PT: 32
04/08 13:42 [INFO] cshmd.analysis (MCL)                                          : [Structure] MCL: 1.000
04/08 13:42 [DEBUG] cshmd.analysis (__init__)                                    : <class 'cshmd.analysis.Chain'> loaded
04/08 13:42 [DEBUG] cshmd.analysis (__init__)                                    : <class 'cshmd.analysis.Chain'> loaded
04/08 13:42 [DEBUG] cshmd.analysis (__init__)                                    : <class 'cshmd.analysis.Chain'> loaded
04/08 13:42 [DEBUG] cshmd.analysis (__init__)                                    : <class 'cshmd.analysis.Chain'> loaded
04/08 13:42 [INFO] cshmd.analysis (validate_tetra)                               : [Structure] CL : Length 2: 4
04/08 13:42 [INFO] cshmd.analysis (validate_tetra)                               : [Structure] MCL : 2.0
04/08 13:42 [INFO] cshmd.structure (writeCif)                                    : L02.cif was created
04/08 13:42 [INFO] cshmd.builder (out_model)                                     : Total Charge: 0
04/08 13:42 [INFO] csh_builder (main)                                            : ----------------------------------------------------------------------
04/08 15:02 [DEBUG] cshmd.common (get_logger)                                    : $$$$$$$$$$$$$$  Logger 'cshmd.common........' initialized  $$$$$$$$$$$$$$
04/08 15:02 [DEBUG] cshmd.functions (get_logger)                                 : $$$$$$$$$$$$$$  Logger 'cshmd.functions.....' initialized  $$$$$$$$$$$$$$
04/08 15:02 [DEBUG] cshmd.load (get_logger)                                      : $$$$$$$$$$$$$$  Logger 'cshmd.load..........' initialized  $$$$$$$$$$$$$$
04/08 15:02 [DEBUG] cshmd.analysis (get_logger)                                  : $$$$$$$$$$$$$$  Logger 'cshmd.analysis......' initialized  $$$$$$$$$$$$$$
04/08 15:02 [DEBUG] cshmd.structure (get_logger)                                 : $$$$$$$$$$$$$$  Logger 'cshmd.structure.....' initialized  $$$$$$$$$$$$$$
04/08 15:02 [DEBUG] cshmd.builder (get_logger)                                   : $$$$$$$$$$$$$$  Logger 'cshmd.builder.......' initialized  $$$$$$$$$$$$$$
04/08 15:02 [DEBUG] cshmd.trj_analysis (get_logger)                              : $$$$$$$$$$$$$$  Logger 'cshmd.trj_analysis..' initialized  $$$$$$$$$$$$$$
04/08 15:02 [DEBUG] csh_builder (get_logger)                                     : $$$$$$$$$$$$$$  Logger 'csh_builder.........' initialized  $$$$$$$$$$$$$$
04/08 15:02 [INFO] csh_builder (main)                                            : ----------------------------------------------------------------------
04/08 15:02 [INFO] csh_builder (main)                                            : 'L02.yaml' loaded
04/08 15:02 [INFO] cshmd.structure (__init__)                                    : /Users/kimuni/bin/kimuni/cshmd/data/resources/cif/T14_111_term.cif was loaded
04/08 15:02 [DEBUG] cshmd.analysis (__init__)                                    : [Structure] Now new data setted for get Bonds
04/08 15:02 [DEBUG] cshmd.analysis (__del_bond__)                                : del -> Si_O O_H H_O Ca_O C_O BO NBO
04/08 15:02 [DEBUG] cshmd.analysis (__initialize_mole__)                         : initalize -> H2O SiO4 OH CO3 H3O
04/08 15:02 [DEBUG] cshmd.analysis (__initialize_mole__)                         : initalize -> SiOH CaOH HCO3 H2CO3 H3CO3
04/08 15:02 [INFO] cshmd.analysis (__init__)                                     : Not any C-S-H Si range info
04/08 15:02 [DEBUG] cshmd.analysis (find_bond)                                   : find_bond O - H rcut -> 1.2
04/08 15:02 [DEBUG] cshmd.common (time_wrapper)                                  : [RUNTIME] get_distance_table in 0.001 seconds
04/08 15:02 [DEBUG] cshmd.analysis (get_mole)                                    : get_mole O - H -> nbonds: 2
04/08 15:02 [DEBUG] cshmd.analysis (find_bond)                                   : find_bond Si - O rcut -> 2.2
04/08 15:02 [DEBUG] cshmd.common (time_wrapper)                                  : [RUNTIME] get_distance_table in 0.000 seconds
04/08 15:02 [DEBUG] cshmd.analysis (get_mole)                                    : get_mole Si - O -> nbonds: 4
04/08 15:02 [DEBUG] cshmd.analysis (get_mole)                                    : get_mole O - H -> nbonds: 1
04/08 15:02 [DEBUG] cshmd.analysis (find_bond)                                   : find_bond C - O rcut -> 1.6
04/08 15:02 [DEBUG] cshmd.analysis (get_mole)                                    : get_mole C - O -> nbonds: 3
04/08 15:02 [DEBUG] cshmd.analysis (get_mole)                                    : get_mole O - H -> nbonds: 3
04/08 15:02 [DEBUG] cshmd.analysis (find_bond)                                   : find_bond Ca - O rcut -> 3.0
04/08 15:02 [DEBUG] cshmd.common (time_wrapper)                                  : [RUNTIME] get_distance_table in 0.000 seconds
04/08 15:02 [DEBUG] cshmd.analysis (search_basic)                                : Basic search result -> H2O: 9, SiO4: 12, OH: 2, CO3: 0, H3O: 0, Ca_O: 60
04/08 15:02 [DEBUG] cshmd.analysis (full_search)                                 : Search layer details
04/08 15:02 [DEBUG] cshmd.analysis (find_bond)                                   : find_bond Ca - O rcut -> 3.0
04/08 15:02 [DEBUG] cshmd.analysis (find_bond)                                   : find_bond Si - O rcut -> 2.2
04/08 15:02 [DEBUG] cshmd.analysis (__detail_search_oh_co3)                      : No CO3 in basic search
04/08 15:02 [DEBUG] cshmd.analysis (__detail_search_oh_sioh)                     : Searching 'OH' in 'SiO4
04/08 15:02 [DEBUG] cshmd.analysis (__detail_search_oh_caoh)                     : No CaOH in basic search. RETURN
04/08 15:02 [INFO] cshmd.analysis (Qn)                                           : [Structure] Q2: 1.000
04/08 15:02 [INFO] cshmd.analysis (CS)                                           : [Structure] C/S: 0.750
04/08 15:02 [INFO] cshmd.analysis (validate_tetra)                               : [Structure] BT: 4, PT: 8
04/08 15:02 [INFO] cshmd.analysis (MCL)                                          : [Structure] MCL: inf
04/08 15:02 [DEBUG] cshmd.analysis (__init__)                                    : <class 'cshmd.analysis.Chain'> loaded
04/08 15:02 [DEBUG] cshmd.analysis (__init__)                                    : <class 'cshmd.analysis.Chain'> loaded
04/08 15:02 [DEBUG] cshmd.analysis (__init__)                                    : <class 'cshmd.analysis.Chain'> loaded
04/08 15:02 [DEBUG] cshmd.analysis (__init__)                                    : <class 'cshmd.analysis.Chain'> loaded
04/08 15:02 [INFO] cshmd.analysis (validate_tetra)                               : [Structure] CL : Length 3: 1
04/08 15:02 [INFO] cshmd.analysis (validate_tetra)                               : [Structure] MCL : 3.0
04/08 15:02 [INFO] cshmd.structure (__init__)                                    : /Users/kimuni/bin/kimuni/cshmd/data/resources/cif/T14_111_term.cif was loaded
04/08 15:02 [DEBUG] cshmd.analysis (__init__)                                    : [Structure] Now new data setted for get Bonds
04/08 15:02 [DEBUG] cshmd.analysis (__del_bond__)                                : del -> Si_O O_H H_O Ca_O C_O BO NBO
04/08 15:02 [DEBUG] cshmd.analysis (__initialize_mole__)                         : initalize -> H2O SiO4 OH CO3 H3O
04/08 15:02 [DEBUG] cshmd.analysis (__initialize_mole__)                         : initalize -> SiOH CaOH HCO3 H2CO3 H3CO3
04/08 15:02 [DEBUG] cshmd.analysis (find_bond)                                   : find_bond O - H rcut -> 1.2
04/08 15:02 [DEBUG] cshmd.common (time_wrapper)                                  : [RUNTIME] get_distance_table in 0.000 seconds
04/08 15:02 [DEBUG] cshmd.analysis (get_mole)                                    : get_mole O - H -> nbonds: 2
04/08 15:02 [DEBUG] cshmd.analysis (find_bond)                                   : find_bond Si - O rcut -> 2.2
04/08 15:02 [DEBUG] cshmd.common (time_wrapper)                                  : [RUNTIME] get_distance_table in 0.000 seconds
04/08 15:02 [DEBUG] cshmd.analysis (get_mole)                                    : get_mole Si - O -> nbonds: 4
04/08 15:02 [DEBUG] cshmd.analysis (get_mole)                                    : get_mole O - H -> nbonds: 1
04/08 15:02 [DEBUG] cshmd.analysis (find_bond)                                   : find_bond C - O rcut -> 1.6
04/08 15:02 [DEBUG] cshmd.analysis (get_mole)                                    : get_mole C - O -> nbonds: 3
04/08 15:02 [DEBUG] cshmd.analysis (get_mole)                                    : get_mole O - H -> nbonds: 3
04/08 15:02 [DEBUG] cshmd.analysis (find_bond)                                   : find_bond Ca - O rcut -> 3.0
04/08 15:02 [DEBUG] cshmd.common (time_wrapper)                                  : [RUNTIME] get_distance_table in 0.000 seconds
04/08 15:02 [DEBUG] cshmd.analysis (search_basic)                                : Basic search result -> H2O: 9, SiO4: 12, OH: 2, CO3: 0, H3O: 0, Ca_O: 60
04/08 15:02 [DEBUG] cshmd.analysis (full_search)                                 : Search layer details
04/08 15:02 [DEBUG] cshmd.analysis (find_bond)                                   : find_bond Ca - O rcut -> 3.0
04/08 15:02 [DEBUG] cshmd.analysis (find_bond)                                   : find_bond Si - O rcut -> 2.2
04/08 15:02 [DEBUG] cshmd.analysis (__detail_search_oh_co3)                      : No CO3 in basic search
04/08 15:02 [DEBUG] cshmd.analysis (__detail_search_oh_sioh)                     : Searching 'OH' in 'SiO4
04/08 15:02 [DEBUG] cshmd.analysis (__detail_search_oh_caoh)                     : No CaOH in basic search. RETURN
04/08 15:02 [INFO] cshmd.analysis (Qn)                                           : [Structure] Q2: 1.000
04/08 15:02 [INFO] cshmd.analysis (CS)                                           : [Structure] C/S: 0.750
04/08 15:02 [INFO] cshmd.analysis (validate_tetra)                               : [Structure] BT: 4, PT: 8
04/08 15:02 [INFO] cshmd.analysis (MCL)                                          : [Structure] MCL: inf
04/08 15:02 [DEBUG] cshmd.analysis (__init__)                                    : <class 'cshmd.analysis.Chain'> loaded
04/08 15:02 [DEBUG] cshmd.analysis (__init__)                                    : <class 'cshmd.analysis.Chain'> loaded
04/08 15:02 [DEBUG] cshmd.analysis (__init__)                                    : <class 'cshmd.analysis.Chain'> loaded
04/08 15:02 [DEBUG] cshmd.analysis (__init__)                                    : <class 'cshmd.analysis.Chain'> loaded
04/08 15:02 [INFO] cshmd.analysis (validate_tetra)                               : [Structure] CL : Length 3: 1
04/08 15:02 [INFO] cshmd.analysis (validate_tetra)                               : [Structure] MCL : 3.0
04/08 15:02 [INFO] csh_builder (main)                                            : [Structure] Reading command 'supercell'...
04/08 15:02 [INFO] cshmd.structure (makeSupercell)                               : [Structure] Supercell created 2 * 2 * 1
04/08 15:02 [DEBUG] cshmd.analysis (__init__)                                    : [Structure] Now new data setted for get Bonds
04/08 15:02 [DEBUG] cshmd.analysis (__del_bond__)                                : del -> Si_O O_H H_O Ca_O C_O BO NBO
04/08 15:02 [DEBUG] cshmd.analysis (__initialize_mole__)                         : initalize -> H2O SiO4 OH CO3 H3O
04/08 15:02 [DEBUG] cshmd.analysis (__initialize_mole__)                         : initalize -> SiOH CaOH HCO3 H2CO3 H3CO3
04/08 15:02 [DEBUG] cshmd.analysis (find_bond)                                   : find_bond O - H rcut -> 1.2
04/08 15:02 [DEBUG] cshmd.common (time_wrapper)                                  : [RUNTIME] get_distance_table in 0.002 seconds
04/08 15:02 [DEBUG] cshmd.analysis (get_mole)                                    : get_mole O - H -> nbonds: 2
04/08 15:02 [DEBUG] cshmd.analysis (find_bond)                                   : find_bond Si - O rcut -> 2.2
04/08 15:02 [DEBUG] cshmd.common (time_wrapper)                                  : [RUNTIME] get_distance_table in 0.001 seconds
04/08 15:02 [DEBUG] cshmd.analysis (get_mole)                                    : get_mole Si - O -> nbonds: 4
04/08 15:02 [DEBUG] cshmd.analysis (get_mole)                                    : get_mole O - H -> nbonds: 1
04/08 15:02 [DEBUG] cshmd.analysis (find_bond)                                   : find_bond C - O rcut -> 1.6
04/08 15:02 [DEBUG] cshmd.analysis (get_mole)                                    : get_mole C - O -> nbonds: 3
04/08 15:02 [DEBUG] cshmd.analysis (get_mole)                                    : get_mole O - H -> nbonds: 3
04/08 15:02 [DEBUG] cshmd.analysis (find_bond)                                   : find_bond Ca - O rcut -> 3.0
04/08 15:02 [DEBUG] cshmd.common (time_wrapper)                                  : [RUNTIME] get_distance_table in 0.001 seconds
04/08 15:02 [DEBUG] cshmd.analysis (search_basic)                                : Basic search result -> H2O: 36, SiO4: 48, OH: 8, CO3: 0, H3O: 0, Ca_O: 240
04/08 15:02 [DEBUG] cshmd.analysis (full_search)                                 : Search layer details
04/08 15:02 [DEBUG] cshmd.analysis (find_bond)                                   : find_bond Ca - O rcut -> 3.0
04/08 15:02 [DEBUG] cshmd.analysis (find_bond)                                   : find_bond Si - O rcut -> 2.2
04/08 15:02 [DEBUG] cshmd.analysis (__detail_search_oh_co3)                      : No CO3 in basic search
04/08 15:02 [DEBUG] cshmd.analysis (__detail_search_oh_sioh)                     : Searching 'OH' in 'SiO4
04/08 15:02 [DEBUG] cshmd.analysis (__detail_search_oh_caoh)                     : No CaOH in basic search. RETURN
04/08 15:02 [INFO] cshmd.analysis (Qn)                                           : [Structure] Q2: 1.000
04/08 15:02 [INFO] cshmd.analysis (CS)                                           : [Structure] C/S: 0.750
04/08 15:02 [INFO] cshmd.analysis (validate_tetra)                               : [Structure] BT: 16, PT: 32
04/08 15:02 [INFO] cshmd.analysis (MCL)                                          : [Structure] MCL: inf
04/08 15:02 [DEBUG] cshmd.analysis (__init__)                                    : <class 'cshmd.analysis.Chain'> loaded
04/08 15:02 [DEBUG] cshmd.analysis (__init__)                                    : <class 'cshmd.analysis.Chain'> loaded
04/08 15:02 [DEBUG] cshmd.analysis (__init__)                                    : <class 'cshmd.analysis.Chain'> loaded
04/08 15:02 [DEBUG] cshmd.analysis (__init__)                                    : <class 'cshmd.analysis.Chain'> loaded
04/08 15:02 [INFO] cshmd.analysis (validate_tetra)                               : [Structure] CL : Length 6: 2
04/08 15:02 [INFO] cshmd.analysis (validate_tetra)                               : [Structure] MCL : 6.0
04/08 15:02 [INFO] cshmd.builder (update_manager)                                : [Structure] Number of atoms: 86 -> 344
04/08 15:02 [INFO] csh_builder (main)                                            : [Structure] Reading command 'defect_BT'...
04/08 15:02 [INFO] cshmd.builder (defect_BT)                                     : [Structure] Termination scope: False
04/08 15:02 [INFO] cshmd.builder (defect_BT)                                     : [Structure] Exists 4 Bridging Tetra in 'up' side
04/08 15:02 [INFO] cshmd.structure (add_Ca)                                      : [Structure] Add Ca
04/08 15:02 [INFO] cshmd.builder (defect_BT)                                     : [Structure] Exists 4 Bridging Tetra in 'down' side
04/08 15:02 [INFO] cshmd.structure (add_Ca)                                      : [Structure] Add Ca
04/08 15:02 [INFO] cshmd.builder (defect_BT)                                     : [Structure] Termination scope: False
04/08 15:02 [INFO] cshmd.builder (defect_BT)                                     : [Structure] Exists 4 Bridging Tetra in 'down' side
04/08 15:02 [INFO] cshmd.structure (add_Ca)                                      : [Structure] Add Ca with 1 OH and with 2 H2O
04/08 15:02 [INFO] cshmd.builder (defect_BT)                                     : [Structure] Exists 4 Bridging Tetra in 'up' side
04/08 15:02 [INFO] cshmd.structure (add_Ca)                                      : [Structure] Add Ca with 1 OH and with 2 H2O
04/08 15:02 [INFO] cshmd.structure (check_rm_list)                               : Delete 56 atoms in rm_list
04/08 15:02 [DEBUG] cshmd.analysis (__init__)                                    : [Structure] Now new data setted for get Bonds
04/08 15:02 [DEBUG] cshmd.analysis (__del_bond__)                                : del -> Si_O O_H H_O Ca_O C_O BO NBO
04/08 15:02 [DEBUG] cshmd.analysis (__initialize_mole__)                         : initalize -> H2O SiO4 OH CO3 H3O
04/08 15:02 [DEBUG] cshmd.analysis (__initialize_mole__)                         : initalize -> SiOH CaOH HCO3 H2CO3 H3CO3
04/08 15:02 [DEBUG] cshmd.analysis (find_bond)                                   : find_bond O - H rcut -> 1.2
04/08 15:02 [DEBUG] cshmd.common (time_wrapper)                                  : [RUNTIME] get_distance_table in 0.002 seconds
04/08 15:02 [DEBUG] cshmd.analysis (get_mole)                                    : get_mole O - H -> nbonds: 2
04/08 15:02 [DEBUG] cshmd.analysis (find_bond)                                   : find_bond Si - O rcut -> 2.2
04/08 15:02 [DEBUG] cshmd.common (time_wrapper)                                  : [RUNTIME] get_distance_table in 0.001 seconds
04/08 15:02 [DEBUG] cshmd.analysis (get_mole)                                    : get_mole Si - O -> nbonds: 4
04/08 15:02 [DEBUG] cshmd.analysis (get_mole)                                    : get_mole O - H -> nbonds: 1
04/08 15:02 [DEBUG] cshmd.analysis (find_bond)                                   : find_bond C - O rcut -> 1.6
04/08 15:02 [DEBUG] cshmd.analysis (get_mole)                                    : get_mole C - O -> nbonds: 3
04/08 15:02 [DEBUG] cshmd.analysis (get_mole)                                    : get_mole O - H -> nbonds: 3
04/08 15:02 [DEBUG] cshmd.analysis (find_bond)                                   : find_bond Ca - O rcut -> 3.0
04/08 15:02 [DEBUG] cshmd.common (time_wrapper)                                  : [RUNTIME] get_distance_table in 0.001 seconds
04/08 15:02 [DEBUG] cshmd.analysis (search_basic)                                : Basic search result -> H2O: 36, SiO4: 32, OH: 8, CO3: 0, H3O: 0, Ca_O: 264
04/08 15:02 [DEBUG] cshmd.analysis (full_search)                                 : Search layer details
04/08 15:02 [DEBUG] cshmd.analysis (find_bond)                                   : find_bond Ca - O rcut -> 3.0
04/08 15:02 [DEBUG] cshmd.analysis (find_bond)                                   : find_bond Si - O rcut -> 2.2
04/08 15:02 [DEBUG] cshmd.analysis (__detail_search_oh_co3)                      : No CO3 in basic search
04/08 15:02 [DEBUG] cshmd.analysis (__detail_search_oh_sioh)                     : Searching 'OH' in 'SiO4
04/08 15:02 [DEBUG] cshmd.analysis (__detail_search_oh_caoh)                     : Searching 'OH' in 'CaOH
04/08 15:02 [INFO] cshmd.analysis (Qn)                                           : [Structure] Q1: 1.000
04/08 15:02 [INFO] cshmd.analysis (CS)                                           : [Structure] C/S: 1.375
04/08 15:02 [INFO] cshmd.analysis (validate_tetra)                               : [Structure] BT: 0, PT: 32
04/08 15:02 [INFO] cshmd.analysis (MCL)                                          : [Structure] MCL: 1.000
04/08 15:02 [DEBUG] cshmd.analysis (__init__)                                    : <class 'cshmd.analysis.Chain'> loaded
04/08 15:02 [DEBUG] cshmd.analysis (__init__)                                    : <class 'cshmd.analysis.Chain'> loaded
04/08 15:02 [DEBUG] cshmd.analysis (__init__)                                    : <class 'cshmd.analysis.Chain'> loaded
04/08 15:02 [DEBUG] cshmd.analysis (__init__)                                    : <class 'cshmd.analysis.Chain'> loaded
04/08 15:02 [INFO] cshmd.analysis (validate_tetra)                               : [Structure] CL : Length 2: 4
04/08 15:02 [INFO] cshmd.analysis (validate_tetra)                               : [Structure] MCL : 2.0
04/08 15:02 [INFO] cshmd.builder (update_manager)                                : [Structure] Number of atoms: 344 -> 320
04/08 15:02 [INFO] csh_builder (main)                                            : [Structure] Reading command 'terminate_NBO'...
04/08 15:02 [INFO] cshmd.builder (terminate_NBO)                                 : Do not run terminate, ratio == 0
04/08 15:02 [INFO] csh_builder (main)                                            : [Structure] Reading command 'add_BT'...
04/08 15:02 [INFO] cshmd.builder (add_BT)                                        : [WARNING] No Bridging Tetra exists
04/08 15:02 [DEBUG] cshmd.analysis (__init__)                                    : [Structure] Now new data setted for get Bonds
04/08 15:02 [DEBUG] cshmd.analysis (__del_bond__)                                : del -> Si_O O_H H_O Ca_O C_O BO NBO
04/08 15:02 [DEBUG] cshmd.analysis (__initialize_mole__)                         : initalize -> H2O SiO4 OH CO3 H3O
04/08 15:02 [DEBUG] cshmd.analysis (__initialize_mole__)                         : initalize -> SiOH CaOH HCO3 H2CO3 H3CO3
04/08 15:02 [DEBUG] cshmd.analysis (find_bond)                                   : find_bond O - H rcut -> 1.2
04/08 15:02 [DEBUG] cshmd.common (time_wrapper)                                  : [RUNTIME] get_distance_table in 0.002 seconds
04/08 15:02 [DEBUG] cshmd.analysis (get_mole)                                    : get_mole O - H -> nbonds: 2
04/08 15:02 [DEBUG] cshmd.analysis (find_bond)                                   : find_bond Si - O rcut -> 2.2
04/08 15:02 [DEBUG] cshmd.common (time_wrapper)                                  : [RUNTIME] get_distance_table in 0.001 seconds
04/08 15:02 [DEBUG] cshmd.analysis (get_mole)                                    : get_mole Si - O -> nbonds: 4
04/08 15:02 [DEBUG] cshmd.analysis (get_mole)                                    : get_mole O - H -> nbonds: 1
04/08 15:02 [DEBUG] cshmd.analysis (find_bond)                                   : find_bond C - O rcut -> 1.6
04/08 15:02 [DEBUG] cshmd.analysis (get_mole)                                    : get_mole C - O -> nbonds: 3
04/08 15:02 [DEBUG] cshmd.analysis (get_mole)                                    : get_mole O - H -> nbonds: 3
04/08 15:02 [DEBUG] cshmd.analysis (find_bond)                                   : find_bond Ca - O rcut -> 3.0
04/08 15:02 [DEBUG] cshmd.common (time_wrapper)                                  : [RUNTIME] get_distance_table in 0.001 seconds
04/08 15:02 [DEBUG] cshmd.analysis (search_basic)                                : Basic search result -> H2O: 36, SiO4: 32, OH: 8, CO3: 0, H3O: 0, Ca_O: 264
04/08 15:02 [DEBUG] cshmd.analysis (full_search)                                 : Search layer details
04/08 15:02 [DEBUG] cshmd.analysis (find_bond)                                   : find_bond Ca - O rcut -> 3.0
04/08 15:02 [DEBUG] cshmd.analysis (find_bond)                                   : find_bond Si - O rcut -> 2.2
04/08 15:02 [DEBUG] cshmd.analysis (__detail_search_oh_co3)                      : No CO3 in basic search
04/08 15:02 [DEBUG] cshmd.analysis (__detail_search_oh_sioh)                     : Searching 'OH' in 'SiO4
04/08 15:02 [DEBUG] cshmd.analysis (__detail_search_oh_caoh)                     : Searching 'OH' in 'CaOH
04/08 15:02 [INFO] cshmd.analysis (Qn)                                           : [Structure] Q1: 1.000
04/08 15:02 [INFO] cshmd.analysis (CS)                                           : [Structure] C/S: 1.375
04/08 15:02 [INFO] cshmd.analysis (validate_tetra)                               : [Structure] BT: 0, PT: 32
04/08 15:02 [INFO] cshmd.analysis (MCL)                                          : [Structure] MCL: 1.000
04/08 15:02 [DEBUG] cshmd.analysis (__init__)                                    : <class 'cshmd.analysis.Chain'> loaded
04/08 15:02 [DEBUG] cshmd.analysis (__init__)                                    : <class 'cshmd.analysis.Chain'> loaded
04/08 15:02 [DEBUG] cshmd.analysis (__init__)                                    : <class 'cshmd.analysis.Chain'> loaded
04/08 15:02 [DEBUG] cshmd.analysis (__init__)                                    : <class 'cshmd.analysis.Chain'> loaded
04/08 15:02 [INFO] cshmd.analysis (validate_tetra)                               : [Structure] CL : Length 2: 4
04/08 15:02 [INFO] cshmd.analysis (validate_tetra)                               : [Structure] MCL : 2.0
04/08 15:02 [INFO] cshmd.structure (writeCif)                                    : L02.cif was created
04/08 15:02 [INFO] cshmd.builder (out_model)                                     : Total Charge: 0
04/08 15:02 [INFO] csh_builder (main)                                            : ----------------------------------------------------------------------
04/08 15:04 [DEBUG] cshmd.common (get_logger)                                    : $$$$$$$$$$$$$$  Logger 'cshmd.common........' initialized  $$$$$$$$$$$$$$
04/08 15:04 [DEBUG] cshmd.functions (get_logger)                                 : $$$$$$$$$$$$$$  Logger 'cshmd.functions.....' initialized  $$$$$$$$$$$$$$
04/08 15:04 [DEBUG] cshmd.load (get_logger)                                      : $$$$$$$$$$$$$$  Logger 'cshmd.load..........' initialized  $$$$$$$$$$$$$$
04/08 15:04 [DEBUG] cshmd.analysis (get_logger)                                  : $$$$$$$$$$$$$$  Logger 'cshmd.analysis......' initialized  $$$$$$$$$$$$$$
04/08 15:04 [DEBUG] cshmd.structure (get_logger)                                 : $$$$$$$$$$$$$$  Logger 'cshmd.structure.....' initialized  $$$$$$$$$$$$$$
04/08 15:04 [DEBUG] cshmd.builder (get_logger)                                   : $$$$$$$$$$$$$$  Logger 'cshmd.builder.......' initialized  $$$$$$$$$$$$$$
04/08 15:04 [DEBUG] cshmd.trj_analysis (get_logger)                              : $$$$$$$$$$$$$$  Logger 'cshmd.trj_analysis..' initialized  $$$$$$$$$$$$$$
04/08 15:04 [DEBUG] csh_builder (get_logger)                                     : $$$$$$$$$$$$$$  Logger 'csh_builder.........' initialized  $$$$$$$$$$$$$$
04/08 15:04 [INFO] csh_builder (main)                                            : ----------------------------------------------------------------------
04/08 15:04 [INFO] csh_builder (main)                                            : 'L02.yaml' loaded
04/08 15:04 [INFO] cshmd.structure (__init__)                                    : /Users/kimuni/bin/kimuni/cshmd/data/resources/cif/T14_111_term.cif was loaded
04/08 15:04 [DEBUG] cshmd.analysis (__init__)                                    : [Structure] Now new data setted for get Bonds
04/08 15:04 [DEBUG] cshmd.analysis (__del_bond__)                                : del -> Si_O O_H H_O Ca_O C_O BO NBO
04/08 15:04 [DEBUG] cshmd.analysis (__initialize_mole__)                         : initalize -> H2O SiO4 OH CO3 H3O
04/08 15:04 [DEBUG] cshmd.analysis (__initialize_mole__)                         : initalize -> SiOH CaOH HCO3 H2CO3 H3CO3
04/08 15:04 [INFO] cshmd.analysis (__init__)                                     : Not any C-S-H Si range info
04/08 15:04 [DEBUG] cshmd.analysis (find_bond)                                   : find_bond O - H rcut -> 1.2
04/08 15:04 [DEBUG] cshmd.common (time_wrapper)                                  : [RUNTIME] get_distance_table in 0.001 seconds
04/08 15:04 [DEBUG] cshmd.analysis (get_mole)                                    : get_mole O - H -> nbonds: 2
04/08 15:04 [DEBUG] cshmd.analysis (find_bond)                                   : find_bond Si - O rcut -> 2.2
04/08 15:04 [DEBUG] cshmd.common (time_wrapper)                                  : [RUNTIME] get_distance_table in 0.000 seconds
04/08 15:04 [DEBUG] cshmd.analysis (get_mole)                                    : get_mole Si - O -> nbonds: 4
04/08 15:04 [DEBUG] cshmd.analysis (get_mole)                                    : get_mole O - H -> nbonds: 1
04/08 15:04 [DEBUG] cshmd.analysis (find_bond)                                   : find_bond C - O rcut -> 1.6
04/08 15:04 [DEBUG] cshmd.analysis (get_mole)                                    : get_mole C - O -> nbonds: 3
04/08 15:04 [DEBUG] cshmd.analysis (get_mole)                                    : get_mole O - H -> nbonds: 3
04/08 15:04 [DEBUG] cshmd.analysis (find_bond)                                   : find_bond Ca - O rcut -> 3.0
04/08 15:04 [DEBUG] cshmd.common (time_wrapper)                                  : [RUNTIME] get_distance_table in 0.000 seconds
04/08 15:04 [DEBUG] cshmd.analysis (search_basic)                                : Basic search result -> H2O: 9, SiO4: 12, OH: 2, CO3: 0, H3O: 0, Ca_O: 60
04/08 15:04 [DEBUG] cshmd.analysis (full_search)                                 : Search layer details
04/08 15:04 [DEBUG] cshmd.analysis (find_bond)                                   : find_bond Ca - O rcut -> 3.0
04/08 15:04 [DEBUG] cshmd.analysis (find_bond)                                   : find_bond Si - O rcut -> 2.2
04/08 15:04 [DEBUG] cshmd.analysis (__detail_search_oh_co3)                      : No CO3 in basic search
04/08 15:04 [DEBUG] cshmd.analysis (__detail_search_oh_sioh)                     : Searching 'OH' in 'SiO4
04/08 15:04 [DEBUG] cshmd.analysis (__detail_search_oh_caoh)                     : No CaOH in basic search. RETURN
04/08 15:04 [INFO] cshmd.analysis (Qn)                                           : [Structure] Q2: 1.000
04/08 15:04 [INFO] cshmd.analysis (CS)                                           : [Structure] C/S: 0.750
04/08 15:04 [INFO] cshmd.analysis (validate_tetra)                               : [Structure] BT: 4, PT: 8
04/08 15:04 [INFO] cshmd.analysis (MCL)                                          : [Structure] MCL: inf
04/08 15:04 [DEBUG] cshmd.analysis (__init__)                                    : <class 'cshmd.analysis.Chain'> loaded
04/08 15:04 [DEBUG] cshmd.analysis (__init__)                                    : <class 'cshmd.analysis.Chain'> loaded
04/08 15:04 [DEBUG] cshmd.analysis (__init__)                                    : <class 'cshmd.analysis.Chain'> loaded
04/08 15:04 [DEBUG] cshmd.analysis (__init__)                                    : <class 'cshmd.analysis.Chain'> loaded
04/08 15:04 [INFO] cshmd.analysis (validate_tetra)                               : [Structure] CL : Length 3: 1
04/08 15:04 [INFO] cshmd.analysis (validate_tetra)                               : [Structure] MCL : 3.0
04/08 15:04 [INFO] cshmd.structure (__init__)                                    : /Users/kimuni/bin/kimuni/cshmd/data/resources/cif/T14_111_term.cif was loaded
04/08 15:04 [DEBUG] cshmd.analysis (__init__)                                    : [Structure] Now new data setted for get Bonds
04/08 15:04 [DEBUG] cshmd.analysis (__del_bond__)                                : del -> Si_O O_H H_O Ca_O C_O BO NBO
04/08 15:04 [DEBUG] cshmd.analysis (__initialize_mole__)                         : initalize -> H2O SiO4 OH CO3 H3O
04/08 15:04 [DEBUG] cshmd.analysis (__initialize_mole__)                         : initalize -> SiOH CaOH HCO3 H2CO3 H3CO3
04/08 15:04 [DEBUG] cshmd.analysis (find_bond)                                   : find_bond O - H rcut -> 1.2
04/08 15:04 [DEBUG] cshmd.common (time_wrapper)                                  : [RUNTIME] get_distance_table in 0.000 seconds
04/08 15:04 [DEBUG] cshmd.analysis (get_mole)                                    : get_mole O - H -> nbonds: 2
04/08 15:04 [DEBUG] cshmd.analysis (find_bond)                                   : find_bond Si - O rcut -> 2.2
04/08 15:04 [DEBUG] cshmd.common (time_wrapper)                                  : [RUNTIME] get_distance_table in 0.000 seconds
04/08 15:04 [DEBUG] cshmd.analysis (get_mole)                                    : get_mole Si - O -> nbonds: 4
04/08 15:04 [DEBUG] cshmd.analysis (get_mole)                                    : get_mole O - H -> nbonds: 1
04/08 15:04 [DEBUG] cshmd.analysis (find_bond)                                   : find_bond C - O rcut -> 1.6
04/08 15:04 [DEBUG] cshmd.analysis (get_mole)                                    : get_mole C - O -> nbonds: 3
04/08 15:04 [DEBUG] cshmd.analysis (get_mole)                                    : get_mole O - H -> nbonds: 3
04/08 15:04 [DEBUG] cshmd.analysis (find_bond)                                   : find_bond Ca - O rcut -> 3.0
04/08 15:04 [DEBUG] cshmd.common (time_wrapper)                                  : [RUNTIME] get_distance_table in 0.000 seconds
04/08 15:04 [DEBUG] cshmd.analysis (search_basic)                                : Basic search result -> H2O: 9, SiO4: 12, OH: 2, CO3: 0, H3O: 0, Ca_O: 60
04/08 15:04 [DEBUG] cshmd.analysis (full_search)                                 : Search layer details
04/08 15:04 [DEBUG] cshmd.analysis (find_bond)                                   : find_bond Ca - O rcut -> 3.0
04/08 15:04 [DEBUG] cshmd.analysis (find_bond)                                   : find_bond Si - O rcut -> 2.2
04/08 15:04 [DEBUG] cshmd.analysis (__detail_search_oh_co3)                      : No CO3 in basic search
04/08 15:04 [DEBUG] cshmd.analysis (__detail_search_oh_sioh)                     : Searching 'OH' in 'SiO4
04/08 15:04 [DEBUG] cshmd.analysis (__detail_search_oh_caoh)                     : No CaOH in basic search. RETURN
04/08 15:04 [INFO] cshmd.analysis (Qn)                                           : [Structure] Q2: 1.000
04/08 15:04 [INFO] cshmd.analysis (CS)                                           : [Structure] C/S: 0.750
04/08 15:04 [INFO] cshmd.analysis (validate_tetra)                               : [Structure] BT: 4, PT: 8
04/08 15:04 [INFO] cshmd.analysis (MCL)                                          : [Structure] MCL: inf
04/08 15:04 [DEBUG] cshmd.analysis (__init__)                                    : <class 'cshmd.analysis.Chain'> loaded
04/08 15:04 [DEBUG] cshmd.analysis (__init__)                                    : <class 'cshmd.analysis.Chain'> loaded
04/08 15:04 [DEBUG] cshmd.analysis (__init__)                                    : <class 'cshmd.analysis.Chain'> loaded
04/08 15:04 [DEBUG] cshmd.analysis (__init__)                                    : <class 'cshmd.analysis.Chain'> loaded
04/08 15:04 [INFO] cshmd.analysis (validate_tetra)                               : [Structure] CL : Length 3: 1
04/08 15:04 [INFO] cshmd.analysis (validate_tetra)                               : [Structure] MCL : 3.0
04/08 15:04 [INFO] csh_builder (main)                                            : [Structure] Reading command 'supercell'...
04/08 15:04 [INFO] cshmd.structure (makeSupercell)                               : [Structure] Supercell created 2 * 2 * 1
04/08 15:04 [DEBUG] cshmd.analysis (__init__)                                    : [Structure] Now new data setted for get Bonds
04/08 15:04 [DEBUG] cshmd.analysis (__del_bond__)                                : del -> Si_O O_H H_O Ca_O C_O BO NBO
04/08 15:04 [DEBUG] cshmd.analysis (__initialize_mole__)                         : initalize -> H2O SiO4 OH CO3 H3O
04/08 15:04 [DEBUG] cshmd.analysis (__initialize_mole__)                         : initalize -> SiOH CaOH HCO3 H2CO3 H3CO3
04/08 15:04 [DEBUG] cshmd.analysis (find_bond)                                   : find_bond O - H rcut -> 1.2
04/08 15:04 [DEBUG] cshmd.common (time_wrapper)                                  : [RUNTIME] get_distance_table in 0.003 seconds
04/08 15:04 [DEBUG] cshmd.analysis (get_mole)                                    : get_mole O - H -> nbonds: 2
04/08 15:04 [DEBUG] cshmd.analysis (find_bond)                                   : find_bond Si - O rcut -> 2.2
04/08 15:04 [DEBUG] cshmd.common (time_wrapper)                                  : [RUNTIME] get_distance_table in 0.001 seconds
04/08 15:04 [DEBUG] cshmd.analysis (get_mole)                                    : get_mole Si - O -> nbonds: 4
04/08 15:04 [DEBUG] cshmd.analysis (get_mole)                                    : get_mole O - H -> nbonds: 1
04/08 15:04 [DEBUG] cshmd.analysis (find_bond)                                   : find_bond C - O rcut -> 1.6
04/08 15:04 [DEBUG] cshmd.analysis (get_mole)                                    : get_mole C - O -> nbonds: 3
04/08 15:04 [DEBUG] cshmd.analysis (get_mole)                                    : get_mole O - H -> nbonds: 3
04/08 15:04 [DEBUG] cshmd.analysis (find_bond)                                   : find_bond Ca - O rcut -> 3.0
04/08 15:04 [DEBUG] cshmd.common (time_wrapper)                                  : [RUNTIME] get_distance_table in 0.001 seconds
04/08 15:04 [DEBUG] cshmd.analysis (search_basic)                                : Basic search result -> H2O: 36, SiO4: 48, OH: 8, CO3: 0, H3O: 0, Ca_O: 240
04/08 15:04 [DEBUG] cshmd.analysis (full_search)                                 : Search layer details
04/08 15:04 [DEBUG] cshmd.analysis (find_bond)                                   : find_bond Ca - O rcut -> 3.0
04/08 15:04 [DEBUG] cshmd.analysis (find_bond)                                   : find_bond Si - O rcut -> 2.2
04/08 15:04 [DEBUG] cshmd.analysis (__detail_search_oh_co3)                      : No CO3 in basic search
04/08 15:04 [DEBUG] cshmd.analysis (__detail_search_oh_sioh)                     : Searching 'OH' in 'SiO4
04/08 15:04 [DEBUG] cshmd.analysis (__detail_search_oh_caoh)                     : No CaOH in basic search. RETURN
04/08 15:04 [INFO] cshmd.analysis (Qn)                                           : [Structure] Q2: 1.000
04/08 15:04 [INFO] cshmd.analysis (CS)                                           : [Structure] C/S: 0.750
04/08 15:04 [INFO] cshmd.analysis (validate_tetra)                               : [Structure] BT: 16, PT: 32
04/08 15:04 [INFO] cshmd.analysis (MCL)                                          : [Structure] MCL: inf
04/08 15:04 [DEBUG] cshmd.analysis (__init__)                                    : <class 'cshmd.analysis.Chain'> loaded
04/08 15:04 [DEBUG] cshmd.analysis (__init__)                                    : <class 'cshmd.analysis.Chain'> loaded
04/08 15:04 [DEBUG] cshmd.analysis (__init__)                                    : <class 'cshmd.analysis.Chain'> loaded
04/08 15:04 [DEBUG] cshmd.analysis (__init__)                                    : <class 'cshmd.analysis.Chain'> loaded
04/08 15:04 [INFO] cshmd.analysis (validate_tetra)                               : [Structure] CL : Length 6: 2
04/08 15:04 [INFO] cshmd.analysis (validate_tetra)                               : [Structure] MCL : 6.0
04/08 15:04 [INFO] cshmd.builder (update_manager)                                : [Structure] Number of atoms: 86 -> 344
04/08 15:04 [INFO] csh_builder (main)                                            : [Structure] Reading command 'defect_BT'...
04/08 15:04 [INFO] cshmd.builder (defect_BT)                                     : [Structure] Termination scope: False
04/08 15:04 [INFO] cshmd.builder (defect_BT)                                     : [Structure] Exists 4 Bridging Tetra in 'up' side
04/08 15:04 [INFO] cshmd.structure (add_Ca)                                      : [Structure] Add Ca
04/08 15:04 [INFO] cshmd.builder (defect_BT)                                     : [Structure] Exists 4 Bridging Tetra in 'down' side
04/08 15:04 [INFO] cshmd.structure (add_Ca)                                      : [Structure] Add Ca
04/08 15:04 [INFO] cshmd.builder (defect_BT)                                     : [Structure] Termination scope: False
04/08 15:04 [INFO] cshmd.builder (defect_BT)                                     : [Structure] Exists 4 Bridging Tetra in 'down' side
04/08 15:04 [INFO] cshmd.structure (add_Ca)                                      : [Structure] Add Ca with 1 OH and with 2 H2O
04/08 15:04 [INFO] cshmd.builder (defect_BT)                                     : [Structure] Exists 4 Bridging Tetra in 'up' side
04/08 15:04 [INFO] cshmd.structure (add_Ca)                                      : [Structure] Add Ca with 1 OH and with 2 H2O
04/08 15:04 [INFO] cshmd.structure (check_rm_list)                               : Delete 56 atoms in rm_list
04/08 15:04 [DEBUG] cshmd.analysis (__init__)                                    : [Structure] Now new data setted for get Bonds
04/08 15:04 [DEBUG] cshmd.analysis (__del_bond__)                                : del -> Si_O O_H H_O Ca_O C_O BO NBO
04/08 15:04 [DEBUG] cshmd.analysis (__initialize_mole__)                         : initalize -> H2O SiO4 OH CO3 H3O
04/08 15:04 [DEBUG] cshmd.analysis (__initialize_mole__)                         : initalize -> SiOH CaOH HCO3 H2CO3 H3CO3
04/08 15:04 [DEBUG] cshmd.analysis (find_bond)                                   : find_bond O - H rcut -> 1.2
04/08 15:04 [DEBUG] cshmd.common (time_wrapper)                                  : [RUNTIME] get_distance_table in 0.002 seconds
04/08 15:04 [DEBUG] cshmd.analysis (get_mole)                                    : get_mole O - H -> nbonds: 2
04/08 15:04 [DEBUG] cshmd.analysis (find_bond)                                   : find_bond Si - O rcut -> 2.2
04/08 15:04 [DEBUG] cshmd.common (time_wrapper)                                  : [RUNTIME] get_distance_table in 0.001 seconds
04/08 15:04 [DEBUG] cshmd.analysis (get_mole)                                    : get_mole Si - O -> nbonds: 4
04/08 15:04 [DEBUG] cshmd.analysis (get_mole)                                    : get_mole O - H -> nbonds: 1
04/08 15:04 [DEBUG] cshmd.analysis (find_bond)                                   : find_bond C - O rcut -> 1.6
04/08 15:04 [DEBUG] cshmd.analysis (get_mole)                                    : get_mole C - O -> nbonds: 3
04/08 15:04 [DEBUG] cshmd.analysis (get_mole)                                    : get_mole O - H -> nbonds: 3
04/08 15:04 [DEBUG] cshmd.analysis (find_bond)                                   : find_bond Ca - O rcut -> 3.0
04/08 15:04 [DEBUG] cshmd.common (time_wrapper)                                  : [RUNTIME] get_distance_table in 0.001 seconds
04/08 15:04 [DEBUG] cshmd.analysis (search_basic)                                : Basic search result -> H2O: 36, SiO4: 32, OH: 8, CO3: 0, H3O: 0, Ca_O: 264
04/08 15:04 [DEBUG] cshmd.analysis (full_search)                                 : Search layer details
04/08 15:04 [DEBUG] cshmd.analysis (find_bond)                                   : find_bond Ca - O rcut -> 3.0
04/08 15:04 [DEBUG] cshmd.analysis (find_bond)                                   : find_bond Si - O rcut -> 2.2
04/08 15:04 [DEBUG] cshmd.analysis (__detail_search_oh_co3)                      : No CO3 in basic search
04/08 15:04 [DEBUG] cshmd.analysis (__detail_search_oh_sioh)                     : Searching 'OH' in 'SiO4
04/08 15:04 [DEBUG] cshmd.analysis (__detail_search_oh_caoh)                     : Searching 'OH' in 'CaOH
04/08 15:04 [INFO] cshmd.analysis (Qn)                                           : [Structure] Q1: 1.000
04/08 15:04 [INFO] cshmd.analysis (CS)                                           : [Structure] C/S: 1.375
04/08 15:04 [INFO] cshmd.analysis (validate_tetra)                               : [Structure] BT: 0, PT: 32
04/08 15:04 [INFO] cshmd.analysis (MCL)                                          : [Structure] MCL: 1.000
04/08 15:04 [DEBUG] cshmd.analysis (__init__)                                    : <class 'cshmd.analysis.Chain'> loaded
04/08 15:04 [DEBUG] cshmd.analysis (__init__)                                    : <class 'cshmd.analysis.Chain'> loaded
04/08 15:04 [DEBUG] cshmd.analysis (__init__)                                    : <class 'cshmd.analysis.Chain'> loaded
04/08 15:04 [DEBUG] cshmd.analysis (__init__)                                    : <class 'cshmd.analysis.Chain'> loaded
04/08 15:04 [INFO] cshmd.analysis (validate_tetra)                               : [Structure] CL : Length 2: 4
04/08 15:04 [INFO] cshmd.analysis (validate_tetra)                               : [Structure] MCL : 2.0
04/08 15:04 [INFO] cshmd.builder (update_manager)                                : [Structure] Number of atoms: 344 -> 320
04/08 15:04 [INFO] csh_builder (main)                                            : [Structure] Reading command 'terminate_NBO'...
04/08 15:04 [INFO] cshmd.builder (terminate_NBO)                                 : Do not run terminate, ratio == 0
04/08 15:04 [INFO] csh_builder (main)                                            : [Structure] Reading command 'add_BT'...
04/08 15:04 [INFO] cshmd.builder (add_BT)                                        : [WARNING] No Bridging Tetra exists
04/08 15:04 [DEBUG] cshmd.analysis (__init__)                                    : [Structure] Now new data setted for get Bonds
04/08 15:04 [DEBUG] cshmd.analysis (__del_bond__)                                : del -> Si_O O_H H_O Ca_O C_O BO NBO
04/08 15:04 [DEBUG] cshmd.analysis (__initialize_mole__)                         : initalize -> H2O SiO4 OH CO3 H3O
04/08 15:04 [DEBUG] cshmd.analysis (__initialize_mole__)                         : initalize -> SiOH CaOH HCO3 H2CO3 H3CO3
04/08 15:04 [DEBUG] cshmd.analysis (find_bond)                                   : find_bond O - H rcut -> 1.2
04/08 15:04 [DEBUG] cshmd.common (time_wrapper)                                  : [RUNTIME] get_distance_table in 0.002 seconds
04/08 15:04 [DEBUG] cshmd.analysis (get_mole)                                    : get_mole O - H -> nbonds: 2
04/08 15:04 [DEBUG] cshmd.analysis (find_bond)                                   : find_bond Si - O rcut -> 2.2
04/08 15:04 [DEBUG] cshmd.common (time_wrapper)                                  : [RUNTIME] get_distance_table in 0.001 seconds
04/08 15:04 [DEBUG] cshmd.analysis (get_mole)                                    : get_mole Si - O -> nbonds: 4
04/08 15:04 [DEBUG] cshmd.analysis (get_mole)                                    : get_mole O - H -> nbonds: 1
04/08 15:04 [DEBUG] cshmd.analysis (find_bond)                                   : find_bond C - O rcut -> 1.6
04/08 15:04 [DEBUG] cshmd.analysis (get_mole)                                    : get_mole C - O -> nbonds: 3
04/08 15:04 [DEBUG] cshmd.analysis (get_mole)                                    : get_mole O - H -> nbonds: 3
04/08 15:04 [DEBUG] cshmd.analysis (find_bond)                                   : find_bond Ca - O rcut -> 3.0
04/08 15:04 [DEBUG] cshmd.common (time_wrapper)                                  : [RUNTIME] get_distance_table in 0.001 seconds
04/08 15:04 [DEBUG] cshmd.analysis (search_basic)                                : Basic search result -> H2O: 36, SiO4: 32, OH: 8, CO3: 0, H3O: 0, Ca_O: 264
04/08 15:04 [DEBUG] cshmd.analysis (full_search)                                 : Search layer details
04/08 15:04 [DEBUG] cshmd.analysis (find_bond)                                   : find_bond Ca - O rcut -> 3.0
04/08 15:04 [DEBUG] cshmd.analysis (find_bond)                                   : find_bond Si - O rcut -> 2.2
04/08 15:04 [DEBUG] cshmd.analysis (__detail_search_oh_co3)                      : No CO3 in basic search
04/08 15:04 [DEBUG] cshmd.analysis (__detail_search_oh_sioh)                     : Searching 'OH' in 'SiO4
04/08 15:04 [DEBUG] cshmd.analysis (__detail_search_oh_caoh)                     : Searching 'OH' in 'CaOH
04/08 15:04 [INFO] cshmd.analysis (Qn)                                           : [Structure] Q1: 1.000
04/08 15:04 [INFO] cshmd.analysis (CS)                                           : [Structure] C/S: 1.375
04/08 15:04 [INFO] cshmd.analysis (validate_tetra)                               : [Structure] BT: 0, PT: 32
04/08 15:04 [INFO] cshmd.analysis (MCL)                                          : [Structure] MCL: 1.000
04/08 15:04 [DEBUG] cshmd.analysis (__init__)                                    : <class 'cshmd.analysis.Chain'> loaded
04/08 15:04 [DEBUG] cshmd.analysis (__init__)                                    : <class 'cshmd.analysis.Chain'> loaded
04/08 15:04 [DEBUG] cshmd.analysis (__init__)                                    : <class 'cshmd.analysis.Chain'> loaded
04/08 15:04 [DEBUG] cshmd.analysis (__init__)                                    : <class 'cshmd.analysis.Chain'> loaded
04/08 15:04 [INFO] cshmd.analysis (validate_tetra)                               : [Structure] CL : Length 2: 4
04/08 15:04 [INFO] cshmd.analysis (validate_tetra)                               : [Structure] MCL : 2.0
04/08 15:04 [INFO] cshmd.structure (writeCif)                                    : L02.cif was created
04/08 15:04 [INFO] cshmd.builder (out_model)                                     : Total Charge: 0
04/08 15:04 [INFO] csh_builder (main)                                            : ----------------------------------------------------------------------
04/08 15:04 [DEBUG] cshmd.common (get_logger)                                    : $$$$$$$$$$$$$$  Logger 'cshmd.common........' initialized  $$$$$$$$$$$$$$
04/08 15:04 [DEBUG] cshmd.functions (get_logger)                                 : $$$$$$$$$$$$$$  Logger 'cshmd.functions.....' initialized  $$$$$$$$$$$$$$
04/08 15:04 [DEBUG] cshmd.load (get_logger)                                      : $$$$$$$$$$$$$$  Logger 'cshmd.load..........' initialized  $$$$$$$$$$$$$$
04/08 15:04 [DEBUG] cshmd.analysis (get_logger)                                  : $$$$$$$$$$$$$$  Logger 'cshmd.analysis......' initialized  $$$$$$$$$$$$$$
04/08 15:04 [DEBUG] cshmd.structure (get_logger)                                 : $$$$$$$$$$$$$$  Logger 'cshmd.structure.....' initialized  $$$$$$$$$$$$$$
04/08 15:04 [DEBUG] cshmd.builder (get_logger)                                   : $$$$$$$$$$$$$$  Logger 'cshmd.builder.......' initialized  $$$$$$$$$$$$$$
04/08 15:04 [DEBUG] cshmd.trj_analysis (get_logger)                              : $$$$$$$$$$$$$$  Logger 'cshmd.trj_analysis..' initialized  $$$$$$$$$$$$$$
04/08 15:04 [DEBUG] csh_builder (get_logger)                                     : $$$$$$$$$$$$$$  Logger 'csh_builder.........' initialized  $$$$$$$$$$$$$$
04/08 15:04 [INFO] csh_builder (main)                                            : ----------------------------------------------------------------------
04/08 15:04 [INFO] csh_builder (main)                                            : 'L02.yaml' loaded
04/08 15:04 [INFO] cshmd.structure (__init__)                                    : /Users/kimuni/bin/kimuni/cshmd/data/resources/cif/T14_111_term.cif was loaded
04/08 15:04 [DEBUG] cshmd.analysis (__init__)                                    : [Structure] Now new data setted for get Bonds
04/08 15:04 [DEBUG] cshmd.analysis (__del_bond__)                                : del -> Si_O O_H H_O Ca_O C_O BO NBO
04/08 15:04 [DEBUG] cshmd.analysis (__initialize_mole__)                         : initalize -> H2O SiO4 OH CO3 H3O
04/08 15:04 [DEBUG] cshmd.analysis (__initialize_mole__)                         : initalize -> SiOH CaOH HCO3 H2CO3 H3CO3
04/08 15:04 [INFO] cshmd.analysis (__init__)                                     : Not any C-S-H Si range info
04/08 15:04 [DEBUG] cshmd.analysis (find_bond)                                   : find_bond O - H rcut -> 1.2
04/08 15:04 [DEBUG] cshmd.common (time_wrapper)                                  : [RUNTIME] get_distance_table in 0.001 seconds
04/08 15:04 [DEBUG] cshmd.analysis (get_mole)                                    : get_mole O - H -> nbonds: 2
04/08 15:04 [DEBUG] cshmd.analysis (find_bond)                                   : find_bond Si - O rcut -> 2.2
04/08 15:04 [DEBUG] cshmd.common (time_wrapper)                                  : [RUNTIME] get_distance_table in 0.000 seconds
04/08 15:04 [DEBUG] cshmd.analysis (get_mole)                                    : get_mole Si - O -> nbonds: 4
04/08 15:04 [DEBUG] cshmd.analysis (get_mole)                                    : get_mole O - H -> nbonds: 1
04/08 15:04 [DEBUG] cshmd.analysis (find_bond)                                   : find_bond C - O rcut -> 1.6
04/08 15:04 [DEBUG] cshmd.analysis (get_mole)                                    : get_mole C - O -> nbonds: 3
04/08 15:04 [DEBUG] cshmd.analysis (get_mole)                                    : get_mole O - H -> nbonds: 3
04/08 15:04 [DEBUG] cshmd.analysis (find_bond)                                   : find_bond Ca - O rcut -> 3.0
04/08 15:04 [DEBUG] cshmd.common (time_wrapper)                                  : [RUNTIME] get_distance_table in 0.000 seconds
04/08 15:04 [DEBUG] cshmd.analysis (search_basic)                                : Basic search result -> H2O: 9, SiO4: 12, OH: 2, CO3: 0, H3O: 0, Ca_O: 60
04/08 15:04 [DEBUG] cshmd.analysis (full_search)                                 : Search layer details
04/08 15:04 [DEBUG] cshmd.analysis (find_bond)                                   : find_bond Ca - O rcut -> 3.0
04/08 15:04 [DEBUG] cshmd.analysis (find_bond)                                   : find_bond Si - O rcut -> 2.2
04/08 15:04 [DEBUG] cshmd.analysis (__detail_search_oh_co3)                      : No CO3 in basic search
04/08 15:04 [DEBUG] cshmd.analysis (__detail_search_oh_sioh)                     : Searching 'OH' in 'SiO4
04/08 15:04 [DEBUG] cshmd.analysis (__detail_search_oh_caoh)                     : No CaOH in basic search. RETURN
04/08 15:04 [INFO] cshmd.analysis (Qn)                                           : [Structure] Q2: 1.000
04/08 15:04 [INFO] cshmd.analysis (CS)                                           : [Structure] C/S: 0.750
04/08 15:04 [INFO] cshmd.analysis (validate_tetra)                               : [Structure] BT: 4, PT: 8
04/08 15:04 [INFO] cshmd.analysis (MCL)                                          : [Structure] MCL: inf
04/08 15:04 [DEBUG] cshmd.analysis (__init__)                                    : <class 'cshmd.analysis.Chain'> loaded
04/08 15:04 [DEBUG] cshmd.analysis (__init__)                                    : <class 'cshmd.analysis.Chain'> loaded
04/08 15:04 [DEBUG] cshmd.analysis (__init__)                                    : <class 'cshmd.analysis.Chain'> loaded
04/08 15:04 [DEBUG] cshmd.analysis (__init__)                                    : <class 'cshmd.analysis.Chain'> loaded
04/08 15:04 [INFO] cshmd.analysis (validate_tetra)                               : [Structure] CL : Length 3: 1
04/08 15:04 [INFO] cshmd.analysis (validate_tetra)                               : [Structure] MCL : 3.0
04/08 15:04 [INFO] cshmd.structure (__init__)                                    : /Users/kimuni/bin/kimuni/cshmd/data/resources/cif/T14_111_term.cif was loaded
04/08 15:04 [DEBUG] cshmd.analysis (__init__)                                    : [Structure] Now new data setted for get Bonds
04/08 15:04 [DEBUG] cshmd.analysis (__del_bond__)                                : del -> Si_O O_H H_O Ca_O C_O BO NBO
04/08 15:04 [DEBUG] cshmd.analysis (__initialize_mole__)                         : initalize -> H2O SiO4 OH CO3 H3O
04/08 15:04 [DEBUG] cshmd.analysis (__initialize_mole__)                         : initalize -> SiOH CaOH HCO3 H2CO3 H3CO3
04/08 15:04 [DEBUG] cshmd.analysis (find_bond)                                   : find_bond O - H rcut -> 1.2
04/08 15:04 [DEBUG] cshmd.common (time_wrapper)                                  : [RUNTIME] get_distance_table in 0.000 seconds
04/08 15:04 [DEBUG] cshmd.analysis (get_mole)                                    : get_mole O - H -> nbonds: 2
04/08 15:04 [DEBUG] cshmd.analysis (find_bond)                                   : find_bond Si - O rcut -> 2.2
04/08 15:04 [DEBUG] cshmd.common (time_wrapper)                                  : [RUNTIME] get_distance_table in 0.000 seconds
04/08 15:04 [DEBUG] cshmd.analysis (get_mole)                                    : get_mole Si - O -> nbonds: 4
04/08 15:04 [DEBUG] cshmd.analysis (get_mole)                                    : get_mole O - H -> nbonds: 1
04/08 15:04 [DEBUG] cshmd.analysis (find_bond)                                   : find_bond C - O rcut -> 1.6
04/08 15:04 [DEBUG] cshmd.analysis (get_mole)                                    : get_mole C - O -> nbonds: 3
04/08 15:04 [DEBUG] cshmd.analysis (get_mole)                                    : get_mole O - H -> nbonds: 3
04/08 15:04 [DEBUG] cshmd.analysis (find_bond)                                   : find_bond Ca - O rcut -> 3.0
04/08 15:04 [DEBUG] cshmd.common (time_wrapper)                                  : [RUNTIME] get_distance_table in 0.000 seconds
04/08 15:04 [DEBUG] cshmd.analysis (search_basic)                                : Basic search result -> H2O: 9, SiO4: 12, OH: 2, CO3: 0, H3O: 0, Ca_O: 60
04/08 15:04 [DEBUG] cshmd.analysis (full_search)                                 : Search layer details
04/08 15:04 [DEBUG] cshmd.analysis (find_bond)                                   : find_bond Ca - O rcut -> 3.0
04/08 15:04 [DEBUG] cshmd.analysis (find_bond)                                   : find_bond Si - O rcut -> 2.2
04/08 15:04 [DEBUG] cshmd.analysis (__detail_search_oh_co3)                      : No CO3 in basic search
04/08 15:04 [DEBUG] cshmd.analysis (__detail_search_oh_sioh)                     : Searching 'OH' in 'SiO4
04/08 15:04 [DEBUG] cshmd.analysis (__detail_search_oh_caoh)                     : No CaOH in basic search. RETURN
04/08 15:04 [INFO] cshmd.analysis (Qn)                                           : [Structure] Q2: 1.000
04/08 15:04 [INFO] cshmd.analysis (CS)                                           : [Structure] C/S: 0.750
04/08 15:04 [INFO] cshmd.analysis (validate_tetra)                               : [Structure] BT: 4, PT: 8
04/08 15:04 [INFO] cshmd.analysis (MCL)                                          : [Structure] MCL: inf
04/08 15:04 [DEBUG] cshmd.analysis (__init__)                                    : <class 'cshmd.analysis.Chain'> loaded
04/08 15:04 [DEBUG] cshmd.analysis (__init__)                                    : <class 'cshmd.analysis.Chain'> loaded
04/08 15:04 [DEBUG] cshmd.analysis (__init__)                                    : <class 'cshmd.analysis.Chain'> loaded
04/08 15:04 [DEBUG] cshmd.analysis (__init__)                                    : <class 'cshmd.analysis.Chain'> loaded
04/08 15:04 [INFO] cshmd.analysis (validate_tetra)                               : [Structure] CL : Length 3: 1
04/08 15:04 [INFO] cshmd.analysis (validate_tetra)                               : [Structure] MCL : 3.0
04/08 15:04 [INFO] csh_builder (main)                                            : [Structure] Reading command 'supercell'...
04/08 15:04 [INFO] cshmd.structure (makeSupercell)                               : [Structure] Supercell created 2 * 2 * 1
04/08 15:04 [DEBUG] cshmd.analysis (__init__)                                    : [Structure] Now new data setted for get Bonds
04/08 15:04 [DEBUG] cshmd.analysis (__del_bond__)                                : del -> Si_O O_H H_O Ca_O C_O BO NBO
04/08 15:04 [DEBUG] cshmd.analysis (__initialize_mole__)                         : initalize -> H2O SiO4 OH CO3 H3O
04/08 15:04 [DEBUG] cshmd.analysis (__initialize_mole__)                         : initalize -> SiOH CaOH HCO3 H2CO3 H3CO3
04/08 15:04 [DEBUG] cshmd.analysis (find_bond)                                   : find_bond O - H rcut -> 1.2
04/08 15:04 [DEBUG] cshmd.common (time_wrapper)                                  : [RUNTIME] get_distance_table in 0.003 seconds
04/08 15:04 [DEBUG] cshmd.analysis (get_mole)                                    : get_mole O - H -> nbonds: 2
04/08 15:04 [DEBUG] cshmd.analysis (find_bond)                                   : find_bond Si - O rcut -> 2.2
04/08 15:04 [DEBUG] cshmd.common (time_wrapper)                                  : [RUNTIME] get_distance_table in 0.001 seconds
04/08 15:04 [DEBUG] cshmd.analysis (get_mole)                                    : get_mole Si - O -> nbonds: 4
04/08 15:04 [DEBUG] cshmd.analysis (get_mole)                                    : get_mole O - H -> nbonds: 1
04/08 15:04 [DEBUG] cshmd.analysis (find_bond)                                   : find_bond C - O rcut -> 1.6
04/08 15:04 [DEBUG] cshmd.analysis (get_mole)                                    : get_mole C - O -> nbonds: 3
04/08 15:04 [DEBUG] cshmd.analysis (get_mole)                                    : get_mole O - H -> nbonds: 3
04/08 15:04 [DEBUG] cshmd.analysis (find_bond)                                   : find_bond Ca - O rcut -> 3.0
04/08 15:04 [DEBUG] cshmd.common (time_wrapper)                                  : [RUNTIME] get_distance_table in 0.001 seconds
04/08 15:04 [DEBUG] cshmd.analysis (search_basic)                                : Basic search result -> H2O: 36, SiO4: 48, OH: 8, CO3: 0, H3O: 0, Ca_O: 240
04/08 15:04 [DEBUG] cshmd.analysis (full_search)                                 : Search layer details
04/08 15:04 [DEBUG] cshmd.analysis (find_bond)                                   : find_bond Ca - O rcut -> 3.0
04/08 15:04 [DEBUG] cshmd.analysis (find_bond)                                   : find_bond Si - O rcut -> 2.2
04/08 15:04 [DEBUG] cshmd.analysis (__detail_search_oh_co3)                      : No CO3 in basic search
04/08 15:04 [DEBUG] cshmd.analysis (__detail_search_oh_sioh)                     : Searching 'OH' in 'SiO4
04/08 15:04 [DEBUG] cshmd.analysis (__detail_search_oh_caoh)                     : No CaOH in basic search. RETURN
04/08 15:04 [INFO] cshmd.analysis (Qn)                                           : [Structure] Q2: 1.000
04/08 15:04 [INFO] cshmd.analysis (CS)                                           : [Structure] C/S: 0.750
04/08 15:04 [INFO] cshmd.analysis (validate_tetra)                               : [Structure] BT: 16, PT: 32
04/08 15:04 [INFO] cshmd.analysis (MCL)                                          : [Structure] MCL: inf
04/08 15:04 [DEBUG] cshmd.analysis (__init__)                                    : <class 'cshmd.analysis.Chain'> loaded
04/08 15:04 [DEBUG] cshmd.analysis (__init__)                                    : <class 'cshmd.analysis.Chain'> loaded
04/08 15:04 [DEBUG] cshmd.analysis (__init__)                                    : <class 'cshmd.analysis.Chain'> loaded
04/08 15:04 [DEBUG] cshmd.analysis (__init__)                                    : <class 'cshmd.analysis.Chain'> loaded
04/08 15:04 [INFO] cshmd.analysis (validate_tetra)                               : [Structure] CL : Length 6: 2
04/08 15:04 [INFO] cshmd.analysis (validate_tetra)                               : [Structure] MCL : 6.0
04/08 15:04 [INFO] cshmd.builder (update_manager)                                : [Structure] Number of atoms: 86 -> 344
04/08 15:04 [INFO] csh_builder (main)                                            : [Structure] Reading command 'defect_BT'...
04/08 15:04 [INFO] cshmd.builder (defect_BT)                                     : [Structure] Termination scope: False
04/08 15:04 [INFO] cshmd.builder (defect_BT)                                     : [Structure] Exists 4 Bridging Tetra in 'up' side
04/08 15:04 [INFO] cshmd.structure (add_Ca)                                      : [Structure] Add Ca
04/08 15:04 [INFO] cshmd.builder (defect_BT)                                     : [Structure] Exists 4 Bridging Tetra in 'down' side
04/08 15:04 [INFO] cshmd.structure (add_Ca)                                      : [Structure] Add Ca
04/08 15:04 [INFO] cshmd.builder (defect_BT)                                     : [Structure] Termination scope: False
04/08 15:04 [INFO] cshmd.builder (defect_BT)                                     : [Structure] Exists 4 Bridging Tetra in 'down' side
04/08 15:04 [INFO] cshmd.structure (add_Ca)                                      : [Structure] Add Ca with 1 OH and with 2 H2O
04/08 15:04 [INFO] cshmd.builder (defect_BT)                                     : [Structure] Exists 4 Bridging Tetra in 'up' side
04/08 15:04 [INFO] cshmd.structure (add_Ca)                                      : [Structure] Add Ca with 1 OH and with 2 H2O
04/08 15:04 [INFO] cshmd.structure (check_rm_list)                               : Delete 56 atoms in rm_list
04/08 15:04 [DEBUG] cshmd.analysis (__init__)                                    : [Structure] Now new data setted for get Bonds
04/08 15:04 [DEBUG] cshmd.analysis (__del_bond__)                                : del -> Si_O O_H H_O Ca_O C_O BO NBO
04/08 15:04 [DEBUG] cshmd.analysis (__initialize_mole__)                         : initalize -> H2O SiO4 OH CO3 H3O
04/08 15:04 [DEBUG] cshmd.analysis (__initialize_mole__)                         : initalize -> SiOH CaOH HCO3 H2CO3 H3CO3
04/08 15:04 [DEBUG] cshmd.analysis (find_bond)                                   : find_bond O - H rcut -> 1.2
04/08 15:04 [DEBUG] cshmd.common (time_wrapper)                                  : [RUNTIME] get_distance_table in 0.004 seconds
04/08 15:04 [DEBUG] cshmd.analysis (get_mole)                                    : get_mole O - H -> nbonds: 2
04/08 15:04 [DEBUG] cshmd.analysis (find_bond)                                   : find_bond Si - O rcut -> 2.2
04/08 15:04 [DEBUG] cshmd.common (time_wrapper)                                  : [RUNTIME] get_distance_table in 0.001 seconds
04/08 15:04 [DEBUG] cshmd.analysis (get_mole)                                    : get_mole Si - O -> nbonds: 4
04/08 15:04 [DEBUG] cshmd.analysis (get_mole)                                    : get_mole O - H -> nbonds: 1
04/08 15:04 [DEBUG] cshmd.analysis (find_bond)                                   : find_bond C - O rcut -> 1.6
04/08 15:04 [DEBUG] cshmd.analysis (get_mole)                                    : get_mole C - O -> nbonds: 3
04/08 15:04 [DEBUG] cshmd.analysis (get_mole)                                    : get_mole O - H -> nbonds: 3
04/08 15:04 [DEBUG] cshmd.analysis (find_bond)                                   : find_bond Ca - O rcut -> 3.0
04/08 15:04 [DEBUG] cshmd.common (time_wrapper)                                  : [RUNTIME] get_distance_table in 0.001 seconds
04/08 15:04 [DEBUG] cshmd.analysis (search_basic)                                : Basic search result -> H2O: 52, SiO4: 32, OH: 16, CO3: 0, H3O: 0, Ca_O: 288
04/08 15:04 [DEBUG] cshmd.analysis (full_search)                                 : Search layer details
04/08 15:04 [DEBUG] cshmd.analysis (find_bond)                                   : find_bond Ca - O rcut -> 3.0
04/08 15:04 [DEBUG] cshmd.analysis (find_bond)                                   : find_bond Si - O rcut -> 2.2
04/08 15:04 [DEBUG] cshmd.analysis (__detail_search_oh_co3)                      : No CO3 in basic search
04/08 15:04 [DEBUG] cshmd.analysis (__detail_search_oh_sioh)                     : Searching 'OH' in 'SiO4
04/08 15:04 [DEBUG] cshmd.analysis (__detail_search_oh_caoh)                     : Searching 'OH' in 'CaOH
04/08 15:04 [INFO] cshmd.analysis (Qn)                                           : [Structure] Q1: 1.000
04/08 15:04 [INFO] cshmd.analysis (CS)                                           : [Structure] C/S: 1.375
04/08 15:04 [INFO] cshmd.analysis (validate_tetra)                               : [Structure] BT: 0, PT: 32
04/08 15:04 [INFO] cshmd.analysis (MCL)                                          : [Structure] MCL: 1.000
04/08 15:04 [DEBUG] cshmd.analysis (__init__)                                    : <class 'cshmd.analysis.Chain'> loaded
04/08 15:04 [DEBUG] cshmd.analysis (__init__)                                    : <class 'cshmd.analysis.Chain'> loaded
04/08 15:04 [DEBUG] cshmd.analysis (__init__)                                    : <class 'cshmd.analysis.Chain'> loaded
04/08 15:04 [DEBUG] cshmd.analysis (__init__)                                    : <class 'cshmd.analysis.Chain'> loaded
04/08 15:04 [INFO] cshmd.analysis (validate_tetra)                               : [Structure] CL : Length 2: 4
04/08 15:04 [INFO] cshmd.analysis (validate_tetra)                               : [Structure] MCL : 2.0
04/08 15:04 [INFO] cshmd.builder (update_manager)                                : [Structure] Number of atoms: 344 -> 368
04/08 15:04 [INFO] csh_builder (main)                                            : [Structure] Reading command 'terminate_NBO'...
04/08 15:04 [INFO] cshmd.builder (terminate_NBO)                                 : Do not run terminate, ratio == 0
04/08 15:04 [INFO] csh_builder (main)                                            : [Structure] Reading command 'add_BT'...
04/08 15:04 [INFO] cshmd.builder (add_BT)                                        : [WARNING] No Bridging Tetra exists
04/08 15:04 [DEBUG] cshmd.analysis (__init__)                                    : [Structure] Now new data setted for get Bonds
04/08 15:04 [DEBUG] cshmd.analysis (__del_bond__)                                : del -> Si_O O_H H_O Ca_O C_O BO NBO
04/08 15:04 [DEBUG] cshmd.analysis (__initialize_mole__)                         : initalize -> H2O SiO4 OH CO3 H3O
04/08 15:04 [DEBUG] cshmd.analysis (__initialize_mole__)                         : initalize -> SiOH CaOH HCO3 H2CO3 H3CO3
04/08 15:04 [DEBUG] cshmd.analysis (find_bond)                                   : find_bond O - H rcut -> 1.2
04/08 15:04 [DEBUG] cshmd.common (time_wrapper)                                  : [RUNTIME] get_distance_table in 0.003 seconds
04/08 15:04 [DEBUG] cshmd.analysis (get_mole)                                    : get_mole O - H -> nbonds: 2
04/08 15:04 [DEBUG] cshmd.analysis (find_bond)                                   : find_bond Si - O rcut -> 2.2
04/08 15:04 [DEBUG] cshmd.common (time_wrapper)                                  : [RUNTIME] get_distance_table in 0.001 seconds
04/08 15:04 [DEBUG] cshmd.analysis (get_mole)                                    : get_mole Si - O -> nbonds: 4
04/08 15:04 [DEBUG] cshmd.analysis (get_mole)                                    : get_mole O - H -> nbonds: 1
04/08 15:04 [DEBUG] cshmd.analysis (find_bond)                                   : find_bond C - O rcut -> 1.6
04/08 15:04 [DEBUG] cshmd.analysis (get_mole)                                    : get_mole C - O -> nbonds: 3
04/08 15:04 [DEBUG] cshmd.analysis (get_mole)                                    : get_mole O - H -> nbonds: 3
04/08 15:04 [DEBUG] cshmd.analysis (find_bond)                                   : find_bond Ca - O rcut -> 3.0
04/08 15:04 [DEBUG] cshmd.common (time_wrapper)                                  : [RUNTIME] get_distance_table in 0.001 seconds
04/08 15:04 [DEBUG] cshmd.analysis (search_basic)                                : Basic search result -> H2O: 52, SiO4: 32, OH: 16, CO3: 0, H3O: 0, Ca_O: 288
04/08 15:04 [DEBUG] cshmd.analysis (full_search)                                 : Search layer details
04/08 15:04 [DEBUG] cshmd.analysis (find_bond)                                   : find_bond Ca - O rcut -> 3.0
04/08 15:04 [DEBUG] cshmd.analysis (find_bond)                                   : find_bond Si - O rcut -> 2.2
04/08 15:04 [DEBUG] cshmd.analysis (__detail_search_oh_co3)                      : No CO3 in basic search
04/08 15:04 [DEBUG] cshmd.analysis (__detail_search_oh_sioh)                     : Searching 'OH' in 'SiO4
04/08 15:04 [DEBUG] cshmd.analysis (__detail_search_oh_caoh)                     : Searching 'OH' in 'CaOH
04/08 15:04 [INFO] cshmd.analysis (Qn)                                           : [Structure] Q1: 1.000
04/08 15:04 [INFO] cshmd.analysis (CS)                                           : [Structure] C/S: 1.375
04/08 15:04 [INFO] cshmd.analysis (validate_tetra)                               : [Structure] BT: 0, PT: 32
04/08 15:04 [INFO] cshmd.analysis (MCL)                                          : [Structure] MCL: 1.000
04/08 15:04 [DEBUG] cshmd.analysis (__init__)                                    : <class 'cshmd.analysis.Chain'> loaded
04/08 15:04 [DEBUG] cshmd.analysis (__init__)                                    : <class 'cshmd.analysis.Chain'> loaded
04/08 15:04 [DEBUG] cshmd.analysis (__init__)                                    : <class 'cshmd.analysis.Chain'> loaded
04/08 15:04 [DEBUG] cshmd.analysis (__init__)                                    : <class 'cshmd.analysis.Chain'> loaded
04/08 15:04 [INFO] cshmd.analysis (validate_tetra)                               : [Structure] CL : Length 2: 4
04/08 15:04 [INFO] cshmd.analysis (validate_tetra)                               : [Structure] MCL : 2.0
04/08 15:04 [INFO] cshmd.structure (writeCif)                                    : L02.cif was created
04/08 15:04 [INFO] cshmd.builder (out_model)                                     : Total Charge: 0
04/08 15:04 [INFO] csh_builder (main)                                            : ----------------------------------------------------------------------
04/08 15:05 [DEBUG] cshmd.common (get_logger)                                    : $$$$$$$$$$$$$$  Logger 'cshmd.common........' initialized  $$$$$$$$$$$$$$
04/08 15:05 [DEBUG] cshmd.functions (get_logger)                                 : $$$$$$$$$$$$$$  Logger 'cshmd.functions.....' initialized  $$$$$$$$$$$$$$
04/08 15:05 [DEBUG] cshmd.load (get_logger)                                      : $$$$$$$$$$$$$$  Logger 'cshmd.load..........' initialized  $$$$$$$$$$$$$$
04/08 15:05 [DEBUG] cshmd.analysis (get_logger)                                  : $$$$$$$$$$$$$$  Logger 'cshmd.analysis......' initialized  $$$$$$$$$$$$$$
04/08 15:05 [DEBUG] cshmd.structure (get_logger)                                 : $$$$$$$$$$$$$$  Logger 'cshmd.structure.....' initialized  $$$$$$$$$$$$$$
04/08 15:05 [DEBUG] cshmd.builder (get_logger)                                   : $$$$$$$$$$$$$$  Logger 'cshmd.builder.......' initialized  $$$$$$$$$$$$$$
04/08 15:05 [DEBUG] cshmd.trj_analysis (get_logger)                              : $$$$$$$$$$$$$$  Logger 'cshmd.trj_analysis..' initialized  $$$$$$$$$$$$$$
04/08 15:05 [DEBUG] csh_builder (get_logger)                                     : $$$$$$$$$$$$$$  Logger 'csh_builder.........' initialized  $$$$$$$$$$$$$$
04/08 15:05 [INFO] csh_builder (main)                                            : ----------------------------------------------------------------------
04/08 15:05 [INFO] csh_builder (main)                                            : 'L02.yaml' loaded
04/08 15:05 [INFO] cshmd.structure (__init__)                                    : /Users/kimuni/bin/kimuni/cshmd/data/resources/cif/T14_111_term.cif was loaded
04/08 15:05 [DEBUG] cshmd.analysis (__init__)                                    : [Structure] Now new data setted for get Bonds
04/08 15:05 [DEBUG] cshmd.analysis (__del_bond__)                                : del -> Si_O O_H H_O Ca_O C_O BO NBO
04/08 15:05 [DEBUG] cshmd.analysis (__initialize_mole__)                         : initalize -> H2O SiO4 OH CO3 H3O
04/08 15:05 [DEBUG] cshmd.analysis (__initialize_mole__)                         : initalize -> SiOH CaOH HCO3 H2CO3 H3CO3
04/08 15:05 [INFO] cshmd.analysis (__init__)                                     : Not any C-S-H Si range info
04/08 15:05 [DEBUG] cshmd.analysis (find_bond)                                   : find_bond O - H rcut -> 1.2
04/08 15:05 [DEBUG] cshmd.common (time_wrapper)                                  : [RUNTIME] get_distance_table in 0.000 seconds
04/08 15:05 [DEBUG] cshmd.analysis (get_mole)                                    : get_mole O - H -> nbonds: 2
04/08 15:05 [DEBUG] cshmd.analysis (find_bond)                                   : find_bond Si - O rcut -> 2.2
04/08 15:05 [DEBUG] cshmd.common (time_wrapper)                                  : [RUNTIME] get_distance_table in 0.000 seconds
04/08 15:05 [DEBUG] cshmd.analysis (get_mole)                                    : get_mole Si - O -> nbonds: 4
04/08 15:05 [DEBUG] cshmd.analysis (get_mole)                                    : get_mole O - H -> nbonds: 1
04/08 15:05 [DEBUG] cshmd.analysis (find_bond)                                   : find_bond C - O rcut -> 1.6
04/08 15:05 [DEBUG] cshmd.analysis (get_mole)                                    : get_mole C - O -> nbonds: 3
04/08 15:05 [DEBUG] cshmd.analysis (get_mole)                                    : get_mole O - H -> nbonds: 3
04/08 15:05 [DEBUG] cshmd.analysis (find_bond)                                   : find_bond Ca - O rcut -> 3.0
04/08 15:05 [DEBUG] cshmd.common (time_wrapper)                                  : [RUNTIME] get_distance_table in 0.000 seconds
04/08 15:05 [DEBUG] cshmd.analysis (search_basic)                                : Basic search result -> H2O: 9, SiO4: 12, OH: 2, CO3: 0, H3O: 0, Ca_O: 60
04/08 15:05 [DEBUG] cshmd.analysis (full_search)                                 : Search layer details
04/08 15:05 [DEBUG] cshmd.analysis (find_bond)                                   : find_bond Ca - O rcut -> 3.0
04/08 15:05 [DEBUG] cshmd.analysis (find_bond)                                   : find_bond Si - O rcut -> 2.2
04/08 15:05 [DEBUG] cshmd.analysis (__detail_search_oh_co3)                      : No CO3 in basic search
04/08 15:05 [DEBUG] cshmd.analysis (__detail_search_oh_sioh)                     : Searching 'OH' in 'SiO4
04/08 15:05 [DEBUG] cshmd.analysis (__detail_search_oh_caoh)                     : No CaOH in basic search. RETURN
04/08 15:05 [INFO] cshmd.analysis (Qn)                                           : [Structure] Q2: 1.000
04/08 15:05 [INFO] cshmd.analysis (CS)                                           : [Structure] C/S: 0.750
04/08 15:05 [INFO] cshmd.analysis (validate_tetra)                               : [Structure] BT: 4, PT: 8
04/08 15:05 [INFO] cshmd.analysis (MCL)                                          : [Structure] MCL: inf
04/08 15:05 [DEBUG] cshmd.analysis (__init__)                                    : <class 'cshmd.analysis.Chain'> loaded
04/08 15:05 [DEBUG] cshmd.analysis (__init__)                                    : <class 'cshmd.analysis.Chain'> loaded
04/08 15:05 [DEBUG] cshmd.analysis (__init__)                                    : <class 'cshmd.analysis.Chain'> loaded
04/08 15:05 [DEBUG] cshmd.analysis (__init__)                                    : <class 'cshmd.analysis.Chain'> loaded
04/08 15:05 [INFO] cshmd.analysis (validate_tetra)                               : [Structure] CL : Length 3: 1
04/08 15:05 [INFO] cshmd.analysis (validate_tetra)                               : [Structure] MCL : 3.0
04/08 15:05 [INFO] cshmd.structure (__init__)                                    : /Users/kimuni/bin/kimuni/cshmd/data/resources/cif/T14_111_term.cif was loaded
04/08 15:05 [DEBUG] cshmd.analysis (__init__)                                    : [Structure] Now new data setted for get Bonds
04/08 15:05 [DEBUG] cshmd.analysis (__del_bond__)                                : del -> Si_O O_H H_O Ca_O C_O BO NBO
04/08 15:05 [DEBUG] cshmd.analysis (__initialize_mole__)                         : initalize -> H2O SiO4 OH CO3 H3O
04/08 15:05 [DEBUG] cshmd.analysis (__initialize_mole__)                         : initalize -> SiOH CaOH HCO3 H2CO3 H3CO3
04/08 15:05 [DEBUG] cshmd.analysis (find_bond)                                   : find_bond O - H rcut -> 1.2
04/08 15:05 [DEBUG] cshmd.common (time_wrapper)                                  : [RUNTIME] get_distance_table in 0.000 seconds
04/08 15:05 [DEBUG] cshmd.analysis (get_mole)                                    : get_mole O - H -> nbonds: 2
04/08 15:05 [DEBUG] cshmd.analysis (find_bond)                                   : find_bond Si - O rcut -> 2.2
04/08 15:05 [DEBUG] cshmd.common (time_wrapper)                                  : [RUNTIME] get_distance_table in 0.000 seconds
04/08 15:05 [DEBUG] cshmd.analysis (get_mole)                                    : get_mole Si - O -> nbonds: 4
04/08 15:05 [DEBUG] cshmd.analysis (get_mole)                                    : get_mole O - H -> nbonds: 1
04/08 15:05 [DEBUG] cshmd.analysis (find_bond)                                   : find_bond C - O rcut -> 1.6
04/08 15:05 [DEBUG] cshmd.analysis (get_mole)                                    : get_mole C - O -> nbonds: 3
04/08 15:05 [DEBUG] cshmd.analysis (get_mole)                                    : get_mole O - H -> nbonds: 3
04/08 15:05 [DEBUG] cshmd.analysis (find_bond)                                   : find_bond Ca - O rcut -> 3.0
04/08 15:05 [DEBUG] cshmd.common (time_wrapper)                                  : [RUNTIME] get_distance_table in 0.000 seconds
04/08 15:05 [DEBUG] cshmd.analysis (search_basic)                                : Basic search result -> H2O: 9, SiO4: 12, OH: 2, CO3: 0, H3O: 0, Ca_O: 60
04/08 15:05 [DEBUG] cshmd.analysis (full_search)                                 : Search layer details
04/08 15:05 [DEBUG] cshmd.analysis (find_bond)                                   : find_bond Ca - O rcut -> 3.0
04/08 15:05 [DEBUG] cshmd.analysis (find_bond)                                   : find_bond Si - O rcut -> 2.2
04/08 15:05 [DEBUG] cshmd.analysis (__detail_search_oh_co3)                      : No CO3 in basic search
04/08 15:05 [DEBUG] cshmd.analysis (__detail_search_oh_sioh)                     : Searching 'OH' in 'SiO4
04/08 15:05 [DEBUG] cshmd.analysis (__detail_search_oh_caoh)                     : No CaOH in basic search. RETURN
04/08 15:05 [INFO] cshmd.analysis (Qn)                                           : [Structure] Q2: 1.000
04/08 15:05 [INFO] cshmd.analysis (CS)                                           : [Structure] C/S: 0.750
04/08 15:05 [INFO] cshmd.analysis (validate_tetra)                               : [Structure] BT: 4, PT: 8
04/08 15:05 [INFO] cshmd.analysis (MCL)                                          : [Structure] MCL: inf
04/08 15:05 [DEBUG] cshmd.analysis (__init__)                                    : <class 'cshmd.analysis.Chain'> loaded
04/08 15:05 [DEBUG] cshmd.analysis (__init__)                                    : <class 'cshmd.analysis.Chain'> loaded
04/08 15:05 [DEBUG] cshmd.analysis (__init__)                                    : <class 'cshmd.analysis.Chain'> loaded
04/08 15:05 [DEBUG] cshmd.analysis (__init__)                                    : <class 'cshmd.analysis.Chain'> loaded
04/08 15:05 [INFO] cshmd.analysis (validate_tetra)                               : [Structure] CL : Length 3: 1
04/08 15:05 [INFO] cshmd.analysis (validate_tetra)                               : [Structure] MCL : 3.0
04/08 15:05 [INFO] csh_builder (main)                                            : [Structure] Reading command 'supercell'...
04/08 15:05 [INFO] cshmd.structure (makeSupercell)                               : [Structure] Supercell created 2 * 2 * 1
04/08 15:05 [DEBUG] cshmd.analysis (__init__)                                    : [Structure] Now new data setted for get Bonds
04/08 15:05 [DEBUG] cshmd.analysis (__del_bond__)                                : del -> Si_O O_H H_O Ca_O C_O BO NBO
04/08 15:05 [DEBUG] cshmd.analysis (__initialize_mole__)                         : initalize -> H2O SiO4 OH CO3 H3O
04/08 15:05 [DEBUG] cshmd.analysis (__initialize_mole__)                         : initalize -> SiOH CaOH HCO3 H2CO3 H3CO3
04/08 15:05 [DEBUG] cshmd.analysis (find_bond)                                   : find_bond O - H rcut -> 1.2
04/08 15:05 [DEBUG] cshmd.common (time_wrapper)                                  : [RUNTIME] get_distance_table in 0.014 seconds
04/08 15:05 [DEBUG] cshmd.analysis (get_mole)                                    : get_mole O - H -> nbonds: 2
04/08 15:05 [DEBUG] cshmd.analysis (find_bond)                                   : find_bond Si - O rcut -> 2.2
04/08 15:05 [DEBUG] cshmd.common (time_wrapper)                                  : [RUNTIME] get_distance_table in 0.001 seconds
04/08 15:05 [DEBUG] cshmd.analysis (get_mole)                                    : get_mole Si - O -> nbonds: 4
04/08 15:05 [DEBUG] cshmd.analysis (get_mole)                                    : get_mole O - H -> nbonds: 1
04/08 15:05 [DEBUG] cshmd.analysis (find_bond)                                   : find_bond C - O rcut -> 1.6
04/08 15:05 [DEBUG] cshmd.analysis (get_mole)                                    : get_mole C - O -> nbonds: 3
04/08 15:05 [DEBUG] cshmd.analysis (get_mole)                                    : get_mole O - H -> nbonds: 3
04/08 15:05 [DEBUG] cshmd.analysis (find_bond)                                   : find_bond Ca - O rcut -> 3.0
04/08 15:05 [DEBUG] cshmd.common (time_wrapper)                                  : [RUNTIME] get_distance_table in 0.001 seconds
04/08 15:05 [DEBUG] cshmd.analysis (search_basic)                                : Basic search result -> H2O: 36, SiO4: 48, OH: 8, CO3: 0, H3O: 0, Ca_O: 240
04/08 15:05 [DEBUG] cshmd.analysis (full_search)                                 : Search layer details
04/08 15:05 [DEBUG] cshmd.analysis (find_bond)                                   : find_bond Ca - O rcut -> 3.0
04/08 15:05 [DEBUG] cshmd.analysis (find_bond)                                   : find_bond Si - O rcut -> 2.2
04/08 15:05 [DEBUG] cshmd.analysis (__detail_search_oh_co3)                      : No CO3 in basic search
04/08 15:05 [DEBUG] cshmd.analysis (__detail_search_oh_sioh)                     : Searching 'OH' in 'SiO4
04/08 15:05 [DEBUG] cshmd.analysis (__detail_search_oh_caoh)                     : No CaOH in basic search. RETURN
04/08 15:05 [INFO] cshmd.analysis (Qn)                                           : [Structure] Q2: 1.000
04/08 15:05 [INFO] cshmd.analysis (CS)                                           : [Structure] C/S: 0.750
04/08 15:05 [INFO] cshmd.analysis (validate_tetra)                               : [Structure] BT: 16, PT: 32
04/08 15:05 [INFO] cshmd.analysis (MCL)                                          : [Structure] MCL: inf
04/08 15:05 [DEBUG] cshmd.analysis (__init__)                                    : <class 'cshmd.analysis.Chain'> loaded
04/08 15:05 [DEBUG] cshmd.analysis (__init__)                                    : <class 'cshmd.analysis.Chain'> loaded
04/08 15:05 [DEBUG] cshmd.analysis (__init__)                                    : <class 'cshmd.analysis.Chain'> loaded
04/08 15:05 [DEBUG] cshmd.analysis (__init__)                                    : <class 'cshmd.analysis.Chain'> loaded
04/08 15:05 [INFO] cshmd.analysis (validate_tetra)                               : [Structure] CL : Length 6: 2
04/08 15:05 [INFO] cshmd.analysis (validate_tetra)                               : [Structure] MCL : 6.0
04/08 15:05 [INFO] cshmd.builder (update_manager)                                : [Structure] Number of atoms: 86 -> 344
04/08 15:05 [INFO] csh_builder (main)                                            : [Structure] Reading command 'defect_BT'...
04/08 15:05 [INFO] cshmd.builder (defect_BT)                                     : [Structure] Termination scope: False
04/08 15:05 [INFO] cshmd.builder (defect_BT)                                     : [Structure] Exists 4 Bridging Tetra in 'up' side
04/08 15:05 [INFO] cshmd.structure (add_Ca)                                      : [Structure] Add Ca
04/08 15:05 [INFO] cshmd.builder (defect_BT)                                     : [Structure] Exists 4 Bridging Tetra in 'down' side
04/08 15:05 [INFO] cshmd.structure (add_Ca)                                      : [Structure] Add Ca
04/08 15:05 [INFO] cshmd.builder (defect_BT)                                     : [Structure] Termination scope: False
04/08 15:05 [INFO] cshmd.builder (defect_BT)                                     : [Structure] Exists 4 Bridging Tetra in 'down' side
04/08 15:05 [INFO] cshmd.structure (add_Ca)                                      : [Structure] Add Ca with 1 OH and with 2 H2O
04/08 15:05 [INFO] cshmd.builder (defect_BT)                                     : [Structure] Exists 4 Bridging Tetra in 'up' side
04/08 15:05 [INFO] cshmd.structure (add_Ca)                                      : [Structure] Add Ca with 1 OH and with 2 H2O
04/08 15:05 [INFO] cshmd.structure (check_rm_list)                               : Delete 56 atoms in rm_list
04/08 15:05 [DEBUG] cshmd.analysis (__init__)                                    : [Structure] Now new data setted for get Bonds
04/08 15:05 [DEBUG] cshmd.analysis (__del_bond__)                                : del -> Si_O O_H H_O Ca_O C_O BO NBO
04/08 15:05 [DEBUG] cshmd.analysis (__initialize_mole__)                         : initalize -> H2O SiO4 OH CO3 H3O
04/08 15:05 [DEBUG] cshmd.analysis (__initialize_mole__)                         : initalize -> SiOH CaOH HCO3 H2CO3 H3CO3
04/08 15:05 [DEBUG] cshmd.analysis (find_bond)                                   : find_bond O - H rcut -> 1.2
04/08 15:05 [DEBUG] cshmd.common (time_wrapper)                                  : [RUNTIME] get_distance_table in 0.004 seconds
04/08 15:05 [DEBUG] cshmd.analysis (get_mole)                                    : get_mole O - H -> nbonds: 2
04/08 15:05 [DEBUG] cshmd.analysis (find_bond)                                   : find_bond Si - O rcut -> 2.2
04/08 15:05 [DEBUG] cshmd.common (time_wrapper)                                  : [RUNTIME] get_distance_table in 0.001 seconds
04/08 15:05 [DEBUG] cshmd.analysis (get_mole)                                    : get_mole Si - O -> nbonds: 4
04/08 15:05 [DEBUG] cshmd.analysis (get_mole)                                    : get_mole O - H -> nbonds: 1
04/08 15:05 [DEBUG] cshmd.analysis (find_bond)                                   : find_bond C - O rcut -> 1.6
04/08 15:05 [DEBUG] cshmd.analysis (get_mole)                                    : get_mole C - O -> nbonds: 3
04/08 15:05 [DEBUG] cshmd.analysis (get_mole)                                    : get_mole O - H -> nbonds: 3
04/08 15:05 [DEBUG] cshmd.analysis (find_bond)                                   : find_bond Ca - O rcut -> 3.0
04/08 15:05 [DEBUG] cshmd.common (time_wrapper)                                  : [RUNTIME] get_distance_table in 0.001 seconds
04/08 15:05 [DEBUG] cshmd.analysis (search_basic)                                : Basic search result -> H2O: 52, SiO4: 32, OH: 16, CO3: 0, H3O: 0, Ca_O: 288
04/08 15:05 [DEBUG] cshmd.analysis (full_search)                                 : Search layer details
04/08 15:05 [DEBUG] cshmd.analysis (find_bond)                                   : find_bond Ca - O rcut -> 3.0
04/08 15:05 [DEBUG] cshmd.analysis (find_bond)                                   : find_bond Si - O rcut -> 2.2
04/08 15:05 [DEBUG] cshmd.analysis (__detail_search_oh_co3)                      : No CO3 in basic search
04/08 15:05 [DEBUG] cshmd.analysis (__detail_search_oh_sioh)                     : Searching 'OH' in 'SiO4
04/08 15:05 [DEBUG] cshmd.analysis (__detail_search_oh_caoh)                     : Searching 'OH' in 'CaOH
04/08 15:05 [INFO] cshmd.analysis (Qn)                                           : [Structure] Q1: 1.000
04/08 15:05 [INFO] cshmd.analysis (CS)                                           : [Structure] C/S: 1.375
04/08 15:05 [INFO] cshmd.analysis (validate_tetra)                               : [Structure] BT: 0, PT: 32
04/08 15:05 [INFO] cshmd.analysis (MCL)                                          : [Structure] MCL: 1.000
04/08 15:05 [DEBUG] cshmd.analysis (__init__)                                    : <class 'cshmd.analysis.Chain'> loaded
04/08 15:05 [DEBUG] cshmd.analysis (__init__)                                    : <class 'cshmd.analysis.Chain'> loaded
04/08 15:05 [DEBUG] cshmd.analysis (__init__)                                    : <class 'cshmd.analysis.Chain'> loaded
04/08 15:05 [DEBUG] cshmd.analysis (__init__)                                    : <class 'cshmd.analysis.Chain'> loaded
04/08 15:05 [INFO] cshmd.analysis (validate_tetra)                               : [Structure] CL : Length 2: 4
04/08 15:05 [INFO] cshmd.analysis (validate_tetra)                               : [Structure] MCL : 2.0
04/08 15:05 [INFO] cshmd.builder (update_manager)                                : [Structure] Number of atoms: 344 -> 368
04/08 15:05 [INFO] csh_builder (main)                                            : [Structure] Reading command 'terminate_NBO'...
04/08 15:05 [INFO] cshmd.builder (terminate_NBO)                                 : Do not run terminate, ratio == 0
04/08 15:05 [INFO] csh_builder (main)                                            : [Structure] Reading command 'add_BT'...
04/08 15:05 [INFO] cshmd.builder (add_BT)                                        : [WARNING] No Bridging Tetra exists
04/08 15:05 [DEBUG] cshmd.analysis (__init__)                                    : [Structure] Now new data setted for get Bonds
04/08 15:05 [DEBUG] cshmd.analysis (__del_bond__)                                : del -> Si_O O_H H_O Ca_O C_O BO NBO
04/08 15:05 [DEBUG] cshmd.analysis (__initialize_mole__)                         : initalize -> H2O SiO4 OH CO3 H3O
04/08 15:05 [DEBUG] cshmd.analysis (__initialize_mole__)                         : initalize -> SiOH CaOH HCO3 H2CO3 H3CO3
04/08 15:05 [DEBUG] cshmd.analysis (find_bond)                                   : find_bond O - H rcut -> 1.2
04/08 15:05 [DEBUG] cshmd.common (time_wrapper)                                  : [RUNTIME] get_distance_table in 0.004 seconds
04/08 15:05 [DEBUG] cshmd.analysis (get_mole)                                    : get_mole O - H -> nbonds: 2
04/08 15:05 [DEBUG] cshmd.analysis (find_bond)                                   : find_bond Si - O rcut -> 2.2
04/08 15:05 [DEBUG] cshmd.common (time_wrapper)                                  : [RUNTIME] get_distance_table in 0.001 seconds
04/08 15:05 [DEBUG] cshmd.analysis (get_mole)                                    : get_mole Si - O -> nbonds: 4
04/08 15:05 [DEBUG] cshmd.analysis (get_mole)                                    : get_mole O - H -> nbonds: 1
04/08 15:05 [DEBUG] cshmd.analysis (find_bond)                                   : find_bond C - O rcut -> 1.6
04/08 15:05 [DEBUG] cshmd.analysis (get_mole)                                    : get_mole C - O -> nbonds: 3
04/08 15:05 [DEBUG] cshmd.analysis (get_mole)                                    : get_mole O - H -> nbonds: 3
04/08 15:05 [DEBUG] cshmd.analysis (find_bond)                                   : find_bond Ca - O rcut -> 3.0
04/08 15:05 [DEBUG] cshmd.common (time_wrapper)                                  : [RUNTIME] get_distance_table in 0.001 seconds
04/08 15:05 [DEBUG] cshmd.analysis (search_basic)                                : Basic search result -> H2O: 52, SiO4: 32, OH: 16, CO3: 0, H3O: 0, Ca_O: 288
04/08 15:05 [DEBUG] cshmd.analysis (full_search)                                 : Search layer details
04/08 15:05 [DEBUG] cshmd.analysis (find_bond)                                   : find_bond Ca - O rcut -> 3.0
04/08 15:05 [DEBUG] cshmd.analysis (find_bond)                                   : find_bond Si - O rcut -> 2.2
04/08 15:05 [DEBUG] cshmd.analysis (__detail_search_oh_co3)                      : No CO3 in basic search
04/08 15:05 [DEBUG] cshmd.analysis (__detail_search_oh_sioh)                     : Searching 'OH' in 'SiO4
04/08 15:05 [DEBUG] cshmd.analysis (__detail_search_oh_caoh)                     : Searching 'OH' in 'CaOH
04/08 15:05 [INFO] cshmd.analysis (Qn)                                           : [Structure] Q1: 1.000
04/08 15:05 [INFO] cshmd.analysis (CS)                                           : [Structure] C/S: 1.375
04/08 15:05 [INFO] cshmd.analysis (validate_tetra)                               : [Structure] BT: 0, PT: 32
04/08 15:05 [INFO] cshmd.analysis (MCL)                                          : [Structure] MCL: 1.000
04/08 15:05 [DEBUG] cshmd.analysis (__init__)                                    : <class 'cshmd.analysis.Chain'> loaded
04/08 15:05 [DEBUG] cshmd.analysis (__init__)                                    : <class 'cshmd.analysis.Chain'> loaded
04/08 15:05 [DEBUG] cshmd.analysis (__init__)                                    : <class 'cshmd.analysis.Chain'> loaded
04/08 15:05 [DEBUG] cshmd.analysis (__init__)                                    : <class 'cshmd.analysis.Chain'> loaded
04/08 15:05 [INFO] cshmd.analysis (validate_tetra)                               : [Structure] CL : Length 2: 4
04/08 15:05 [INFO] cshmd.analysis (validate_tetra)                               : [Structure] MCL : 2.0
04/08 15:05 [INFO] cshmd.structure (writeCif)                                    : L02.cif was created
04/08 15:05 [INFO] cshmd.builder (out_model)                                     : Total Charge: 0
04/08 15:05 [INFO] csh_builder (main)                                            : ----------------------------------------------------------------------
04/08 15:06 [DEBUG] cshmd.common (get_logger)                                    : $$$$$$$$$$$$$$  Logger 'cshmd.common........' initialized  $$$$$$$$$$$$$$
04/08 15:06 [DEBUG] cshmd.functions (get_logger)                                 : $$$$$$$$$$$$$$  Logger 'cshmd.functions.....' initialized  $$$$$$$$$$$$$$
04/08 15:06 [DEBUG] cshmd.load (get_logger)                                      : $$$$$$$$$$$$$$  Logger 'cshmd.load..........' initialized  $$$$$$$$$$$$$$
04/08 15:06 [DEBUG] cshmd.analysis (get_logger)                                  : $$$$$$$$$$$$$$  Logger 'cshmd.analysis......' initialized  $$$$$$$$$$$$$$
04/08 15:06 [DEBUG] cshmd.structure (get_logger)                                 : $$$$$$$$$$$$$$  Logger 'cshmd.structure.....' initialized  $$$$$$$$$$$$$$
04/08 15:06 [DEBUG] cshmd.builder (get_logger)                                   : $$$$$$$$$$$$$$  Logger 'cshmd.builder.......' initialized  $$$$$$$$$$$$$$
04/08 15:06 [DEBUG] cshmd.trj_analysis (get_logger)                              : $$$$$$$$$$$$$$  Logger 'cshmd.trj_analysis..' initialized  $$$$$$$$$$$$$$
04/08 15:06 [DEBUG] csh_builder (get_logger)                                     : $$$$$$$$$$$$$$  Logger 'csh_builder.........' initialized  $$$$$$$$$$$$$$
04/08 15:06 [INFO] csh_builder (main)                                            : ----------------------------------------------------------------------
04/08 15:06 [INFO] csh_builder (main)                                            : 'L02.yaml' loaded
04/08 15:06 [INFO] cshmd.structure (__init__)                                    : /Users/kimuni/bin/kimuni/cshmd/data/resources/cif/T14_111_term.cif was loaded
04/08 15:06 [DEBUG] cshmd.analysis (__init__)                                    : [Structure] Now new data setted for get Bonds
04/08 15:06 [DEBUG] cshmd.analysis (__del_bond__)                                : del -> Si_O O_H H_O Ca_O C_O BO NBO
04/08 15:06 [DEBUG] cshmd.analysis (__initialize_mole__)                         : initalize -> H2O SiO4 OH CO3 H3O
04/08 15:06 [DEBUG] cshmd.analysis (__initialize_mole__)                         : initalize -> SiOH CaOH HCO3 H2CO3 H3CO3
04/08 15:06 [INFO] cshmd.analysis (__init__)                                     : Not any C-S-H Si range info
04/08 15:06 [DEBUG] cshmd.analysis (find_bond)                                   : find_bond O - H rcut -> 1.2
04/08 15:06 [DEBUG] cshmd.common (time_wrapper)                                  : [RUNTIME] get_distance_table in 0.000 seconds
04/08 15:06 [DEBUG] cshmd.analysis (get_mole)                                    : get_mole O - H -> nbonds: 2
04/08 15:06 [DEBUG] cshmd.analysis (find_bond)                                   : find_bond Si - O rcut -> 2.2
04/08 15:06 [DEBUG] cshmd.common (time_wrapper)                                  : [RUNTIME] get_distance_table in 0.000 seconds
04/08 15:06 [DEBUG] cshmd.analysis (get_mole)                                    : get_mole Si - O -> nbonds: 4
04/08 15:06 [DEBUG] cshmd.analysis (get_mole)                                    : get_mole O - H -> nbonds: 1
04/08 15:06 [DEBUG] cshmd.analysis (find_bond)                                   : find_bond C - O rcut -> 1.6
04/08 15:06 [DEBUG] cshmd.analysis (get_mole)                                    : get_mole C - O -> nbonds: 3
04/08 15:06 [DEBUG] cshmd.analysis (get_mole)                                    : get_mole O - H -> nbonds: 3
04/08 15:06 [DEBUG] cshmd.analysis (find_bond)                                   : find_bond Ca - O rcut -> 3.0
04/08 15:06 [DEBUG] cshmd.common (time_wrapper)                                  : [RUNTIME] get_distance_table in 0.000 seconds
04/08 15:06 [DEBUG] cshmd.analysis (search_basic)                                : Basic search result -> H2O: 9, SiO4: 12, OH: 2, CO3: 0, H3O: 0, Ca_O: 60
04/08 15:06 [DEBUG] cshmd.analysis (full_search)                                 : Search layer details
04/08 15:06 [DEBUG] cshmd.analysis (find_bond)                                   : find_bond Ca - O rcut -> 3.0
04/08 15:06 [DEBUG] cshmd.analysis (find_bond)                                   : find_bond Si - O rcut -> 2.2
04/08 15:06 [DEBUG] cshmd.analysis (__detail_search_oh_co3)                      : No CO3 in basic search
04/08 15:06 [DEBUG] cshmd.analysis (__detail_search_oh_sioh)                     : Searching 'OH' in 'SiO4
04/08 15:06 [DEBUG] cshmd.analysis (__detail_search_oh_caoh)                     : No CaOH in basic search. RETURN
04/08 15:06 [INFO] cshmd.analysis (Qn)                                           : [Structure] Q2: 1.000
04/08 15:06 [INFO] cshmd.analysis (CS)                                           : [Structure] C/S: 0.750
04/08 15:06 [INFO] cshmd.analysis (validate_tetra)                               : [Structure] BT: 4, PT: 8
04/08 15:06 [INFO] cshmd.analysis (MCL)                                          : [Structure] MCL: inf
04/08 15:06 [DEBUG] cshmd.analysis (__init__)                                    : <class 'cshmd.analysis.Chain'> loaded
04/08 15:06 [DEBUG] cshmd.analysis (__init__)                                    : <class 'cshmd.analysis.Chain'> loaded
04/08 15:06 [DEBUG] cshmd.analysis (__init__)                                    : <class 'cshmd.analysis.Chain'> loaded
04/08 15:06 [DEBUG] cshmd.analysis (__init__)                                    : <class 'cshmd.analysis.Chain'> loaded
04/08 15:06 [INFO] cshmd.analysis (validate_tetra)                               : [Structure] CL : Length 3: 1
04/08 15:06 [INFO] cshmd.analysis (validate_tetra)                               : [Structure] MCL : 3.0
04/08 15:06 [INFO] cshmd.structure (__init__)                                    : /Users/kimuni/bin/kimuni/cshmd/data/resources/cif/T14_111_term.cif was loaded
04/08 15:06 [DEBUG] cshmd.analysis (__init__)                                    : [Structure] Now new data setted for get Bonds
04/08 15:06 [DEBUG] cshmd.analysis (__del_bond__)                                : del -> Si_O O_H H_O Ca_O C_O BO NBO
04/08 15:06 [DEBUG] cshmd.analysis (__initialize_mole__)                         : initalize -> H2O SiO4 OH CO3 H3O
04/08 15:06 [DEBUG] cshmd.analysis (__initialize_mole__)                         : initalize -> SiOH CaOH HCO3 H2CO3 H3CO3
04/08 15:06 [DEBUG] cshmd.analysis (find_bond)                                   : find_bond O - H rcut -> 1.2
04/08 15:06 [DEBUG] cshmd.common (time_wrapper)                                  : [RUNTIME] get_distance_table in 0.000 seconds
04/08 15:06 [DEBUG] cshmd.analysis (get_mole)                                    : get_mole O - H -> nbonds: 2
04/08 15:06 [DEBUG] cshmd.analysis (find_bond)                                   : find_bond Si - O rcut -> 2.2
04/08 15:06 [DEBUG] cshmd.common (time_wrapper)                                  : [RUNTIME] get_distance_table in 0.000 seconds
04/08 15:06 [DEBUG] cshmd.analysis (get_mole)                                    : get_mole Si - O -> nbonds: 4
04/08 15:06 [DEBUG] cshmd.analysis (get_mole)                                    : get_mole O - H -> nbonds: 1
04/08 15:06 [DEBUG] cshmd.analysis (find_bond)                                   : find_bond C - O rcut -> 1.6
04/08 15:06 [DEBUG] cshmd.analysis (get_mole)                                    : get_mole C - O -> nbonds: 3
04/08 15:06 [DEBUG] cshmd.analysis (get_mole)                                    : get_mole O - H -> nbonds: 3
04/08 15:06 [DEBUG] cshmd.analysis (find_bond)                                   : find_bond Ca - O rcut -> 3.0
04/08 15:06 [DEBUG] cshmd.common (time_wrapper)                                  : [RUNTIME] get_distance_table in 0.000 seconds
04/08 15:06 [DEBUG] cshmd.analysis (search_basic)                                : Basic search result -> H2O: 9, SiO4: 12, OH: 2, CO3: 0, H3O: 0, Ca_O: 60
04/08 15:06 [DEBUG] cshmd.analysis (full_search)                                 : Search layer details
04/08 15:06 [DEBUG] cshmd.analysis (find_bond)                                   : find_bond Ca - O rcut -> 3.0
04/08 15:06 [DEBUG] cshmd.analysis (find_bond)                                   : find_bond Si - O rcut -> 2.2
04/08 15:06 [DEBUG] cshmd.analysis (__detail_search_oh_co3)                      : No CO3 in basic search
04/08 15:06 [DEBUG] cshmd.analysis (__detail_search_oh_sioh)                     : Searching 'OH' in 'SiO4
04/08 15:06 [DEBUG] cshmd.analysis (__detail_search_oh_caoh)                     : No CaOH in basic search. RETURN
04/08 15:06 [INFO] cshmd.analysis (Qn)                                           : [Structure] Q2: 1.000
04/08 15:06 [INFO] cshmd.analysis (CS)                                           : [Structure] C/S: 0.750
04/08 15:06 [INFO] cshmd.analysis (validate_tetra)                               : [Structure] BT: 4, PT: 8
04/08 15:06 [INFO] cshmd.analysis (MCL)                                          : [Structure] MCL: inf
04/08 15:06 [DEBUG] cshmd.analysis (__init__)                                    : <class 'cshmd.analysis.Chain'> loaded
04/08 15:06 [DEBUG] cshmd.analysis (__init__)                                    : <class 'cshmd.analysis.Chain'> loaded
04/08 15:06 [DEBUG] cshmd.analysis (__init__)                                    : <class 'cshmd.analysis.Chain'> loaded
04/08 15:06 [DEBUG] cshmd.analysis (__init__)                                    : <class 'cshmd.analysis.Chain'> loaded
04/08 15:06 [INFO] cshmd.analysis (validate_tetra)                               : [Structure] CL : Length 3: 1
04/08 15:06 [INFO] cshmd.analysis (validate_tetra)                               : [Structure] MCL : 3.0
04/08 15:06 [INFO] csh_builder (main)                                            : [Structure] Reading command 'supercell'...
04/08 15:06 [INFO] cshmd.structure (makeSupercell)                               : [Structure] Supercell created 2 * 2 * 1
04/08 15:06 [DEBUG] cshmd.analysis (__init__)                                    : [Structure] Now new data setted for get Bonds
04/08 15:06 [DEBUG] cshmd.analysis (__del_bond__)                                : del -> Si_O O_H H_O Ca_O C_O BO NBO
04/08 15:06 [DEBUG] cshmd.analysis (__initialize_mole__)                         : initalize -> H2O SiO4 OH CO3 H3O
04/08 15:06 [DEBUG] cshmd.analysis (__initialize_mole__)                         : initalize -> SiOH CaOH HCO3 H2CO3 H3CO3
04/08 15:06 [DEBUG] cshmd.analysis (find_bond)                                   : find_bond O - H rcut -> 1.2
04/08 15:06 [DEBUG] cshmd.common (time_wrapper)                                  : [RUNTIME] get_distance_table in 0.003 seconds
04/08 15:06 [DEBUG] cshmd.analysis (get_mole)                                    : get_mole O - H -> nbonds: 2
04/08 15:06 [DEBUG] cshmd.analysis (find_bond)                                   : find_bond Si - O rcut -> 2.2
04/08 15:06 [DEBUG] cshmd.common (time_wrapper)                                  : [RUNTIME] get_distance_table in 0.001 seconds
04/08 15:06 [DEBUG] cshmd.analysis (get_mole)                                    : get_mole Si - O -> nbonds: 4
04/08 15:06 [DEBUG] cshmd.analysis (get_mole)                                    : get_mole O - H -> nbonds: 1
04/08 15:06 [DEBUG] cshmd.analysis (find_bond)                                   : find_bond C - O rcut -> 1.6
04/08 15:06 [DEBUG] cshmd.analysis (get_mole)                                    : get_mole C - O -> nbonds: 3
04/08 15:06 [DEBUG] cshmd.analysis (get_mole)                                    : get_mole O - H -> nbonds: 3
04/08 15:06 [DEBUG] cshmd.analysis (find_bond)                                   : find_bond Ca - O rcut -> 3.0
04/08 15:06 [DEBUG] cshmd.common (time_wrapper)                                  : [RUNTIME] get_distance_table in 0.001 seconds
04/08 15:06 [DEBUG] cshmd.analysis (search_basic)                                : Basic search result -> H2O: 36, SiO4: 48, OH: 8, CO3: 0, H3O: 0, Ca_O: 240
04/08 15:06 [DEBUG] cshmd.analysis (full_search)                                 : Search layer details
04/08 15:06 [DEBUG] cshmd.analysis (find_bond)                                   : find_bond Ca - O rcut -> 3.0
04/08 15:06 [DEBUG] cshmd.analysis (find_bond)                                   : find_bond Si - O rcut -> 2.2
04/08 15:06 [DEBUG] cshmd.analysis (__detail_search_oh_co3)                      : No CO3 in basic search
04/08 15:06 [DEBUG] cshmd.analysis (__detail_search_oh_sioh)                     : Searching 'OH' in 'SiO4
04/08 15:06 [DEBUG] cshmd.analysis (__detail_search_oh_caoh)                     : No CaOH in basic search. RETURN
04/08 15:06 [INFO] cshmd.analysis (Qn)                                           : [Structure] Q2: 1.000
04/08 15:06 [INFO] cshmd.analysis (CS)                                           : [Structure] C/S: 0.750
04/08 15:06 [INFO] cshmd.analysis (validate_tetra)                               : [Structure] BT: 16, PT: 32
04/08 15:06 [INFO] cshmd.analysis (MCL)                                          : [Structure] MCL: inf
04/08 15:06 [DEBUG] cshmd.analysis (__init__)                                    : <class 'cshmd.analysis.Chain'> loaded
04/08 15:06 [DEBUG] cshmd.analysis (__init__)                                    : <class 'cshmd.analysis.Chain'> loaded
04/08 15:06 [DEBUG] cshmd.analysis (__init__)                                    : <class 'cshmd.analysis.Chain'> loaded
04/08 15:06 [DEBUG] cshmd.analysis (__init__)                                    : <class 'cshmd.analysis.Chain'> loaded
04/08 15:06 [INFO] cshmd.analysis (validate_tetra)                               : [Structure] CL : Length 6: 2
04/08 15:06 [INFO] cshmd.analysis (validate_tetra)                               : [Structure] MCL : 6.0
04/08 15:06 [INFO] cshmd.builder (update_manager)                                : [Structure] Number of atoms: 86 -> 344
04/08 15:06 [INFO] csh_builder (main)                                            : [Structure] Reading command 'defect_BT'...
04/08 15:06 [INFO] cshmd.builder (defect_BT)                                     : [Structure] Termination scope: False
04/08 15:06 [INFO] cshmd.builder (defect_BT)                                     : [Structure] Exists 4 Bridging Tetra in 'up' side
04/08 15:06 [INFO] cshmd.structure (add_Ca)                                      : [Structure] Add Ca
04/08 15:06 [INFO] cshmd.builder (defect_BT)                                     : [Structure] Exists 4 Bridging Tetra in 'down' side
04/08 15:06 [INFO] cshmd.structure (add_Ca)                                      : [Structure] Add Ca
04/08 15:06 [INFO] cshmd.builder (defect_BT)                                     : [Structure] Termination scope: False
04/08 15:06 [INFO] cshmd.builder (defect_BT)                                     : [Structure] Exists 4 Bridging Tetra in 'down' side
04/08 15:06 [INFO] cshmd.structure (add_Ca)                                      : [Structure] Add Ca with 1 OH and with 2 H2O
04/08 15:06 [INFO] cshmd.builder (defect_BT)                                     : [Structure] Exists 4 Bridging Tetra in 'up' side
04/08 15:06 [INFO] cshmd.structure (add_Ca)                                      : [Structure] Add Ca with 1 OH and with 2 H2O
04/08 15:06 [INFO] cshmd.structure (check_rm_list)                               : Delete 56 atoms in rm_list
04/08 15:06 [DEBUG] cshmd.analysis (__init__)                                    : [Structure] Now new data setted for get Bonds
04/08 15:06 [DEBUG] cshmd.analysis (__del_bond__)                                : del -> Si_O O_H H_O Ca_O C_O BO NBO
04/08 15:06 [DEBUG] cshmd.analysis (__initialize_mole__)                         : initalize -> H2O SiO4 OH CO3 H3O
04/08 15:06 [DEBUG] cshmd.analysis (__initialize_mole__)                         : initalize -> SiOH CaOH HCO3 H2CO3 H3CO3
04/08 15:06 [DEBUG] cshmd.analysis (find_bond)                                   : find_bond O - H rcut -> 1.2
04/08 15:06 [DEBUG] cshmd.common (time_wrapper)                                  : [RUNTIME] get_distance_table in 0.004 seconds
04/08 15:06 [DEBUG] cshmd.analysis (get_mole)                                    : get_mole O - H -> nbonds: 2
04/08 15:06 [DEBUG] cshmd.analysis (find_bond)                                   : find_bond Si - O rcut -> 2.2
04/08 15:06 [DEBUG] cshmd.common (time_wrapper)                                  : [RUNTIME] get_distance_table in 0.001 seconds
04/08 15:06 [DEBUG] cshmd.analysis (get_mole)                                    : get_mole Si - O -> nbonds: 4
04/08 15:06 [DEBUG] cshmd.analysis (get_mole)                                    : get_mole O - H -> nbonds: 1
04/08 15:06 [DEBUG] cshmd.analysis (find_bond)                                   : find_bond C - O rcut -> 1.6
04/08 15:06 [DEBUG] cshmd.analysis (get_mole)                                    : get_mole C - O -> nbonds: 3
04/08 15:06 [DEBUG] cshmd.analysis (get_mole)                                    : get_mole O - H -> nbonds: 3
04/08 15:06 [DEBUG] cshmd.analysis (find_bond)                                   : find_bond Ca - O rcut -> 3.0
04/08 15:06 [DEBUG] cshmd.common (time_wrapper)                                  : [RUNTIME] get_distance_table in 0.001 seconds
04/08 15:06 [DEBUG] cshmd.analysis (search_basic)                                : Basic search result -> H2O: 52, SiO4: 32, OH: 16, CO3: 0, H3O: 0, Ca_O: 288
04/08 15:06 [DEBUG] cshmd.analysis (full_search)                                 : Search layer details
04/08 15:06 [DEBUG] cshmd.analysis (find_bond)                                   : find_bond Ca - O rcut -> 3.0
04/08 15:06 [DEBUG] cshmd.analysis (find_bond)                                   : find_bond Si - O rcut -> 2.2
04/08 15:06 [DEBUG] cshmd.analysis (__detail_search_oh_co3)                      : No CO3 in basic search
04/08 15:06 [DEBUG] cshmd.analysis (__detail_search_oh_sioh)                     : Searching 'OH' in 'SiO4
04/08 15:06 [DEBUG] cshmd.analysis (__detail_search_oh_caoh)                     : Searching 'OH' in 'CaOH
04/08 15:06 [INFO] cshmd.analysis (Qn)                                           : [Structure] Q1: 1.000
04/08 15:06 [INFO] cshmd.analysis (CS)                                           : [Structure] C/S: 1.375
04/08 15:06 [INFO] cshmd.analysis (validate_tetra)                               : [Structure] BT: 0, PT: 32
04/08 15:06 [INFO] cshmd.analysis (MCL)                                          : [Structure] MCL: 1.000
04/08 15:06 [DEBUG] cshmd.analysis (__init__)                                    : <class 'cshmd.analysis.Chain'> loaded
04/08 15:06 [DEBUG] cshmd.analysis (__init__)                                    : <class 'cshmd.analysis.Chain'> loaded
04/08 15:06 [DEBUG] cshmd.analysis (__init__)                                    : <class 'cshmd.analysis.Chain'> loaded
04/08 15:06 [DEBUG] cshmd.analysis (__init__)                                    : <class 'cshmd.analysis.Chain'> loaded
04/08 15:06 [INFO] cshmd.analysis (validate_tetra)                               : [Structure] CL : Length 2: 4
04/08 15:06 [INFO] cshmd.analysis (validate_tetra)                               : [Structure] MCL : 2.0
04/08 15:06 [INFO] cshmd.builder (update_manager)                                : [Structure] Number of atoms: 344 -> 368
04/08 15:06 [INFO] csh_builder (main)                                            : [Structure] Reading command 'terminate_NBO'...
04/08 15:06 [INFO] cshmd.builder (terminate_NBO)                                 : Do not run terminate, ratio == 0
04/08 15:06 [INFO] csh_builder (main)                                            : [Structure] Reading command 'add_BT'...
04/08 15:06 [INFO] cshmd.builder (add_BT)                                        : [WARNING] No Bridging Tetra exists
04/08 15:06 [DEBUG] cshmd.analysis (__init__)                                    : [Structure] Now new data setted for get Bonds
04/08 15:06 [DEBUG] cshmd.analysis (__del_bond__)                                : del -> Si_O O_H H_O Ca_O C_O BO NBO
04/08 15:06 [DEBUG] cshmd.analysis (__initialize_mole__)                         : initalize -> H2O SiO4 OH CO3 H3O
04/08 15:06 [DEBUG] cshmd.analysis (__initialize_mole__)                         : initalize -> SiOH CaOH HCO3 H2CO3 H3CO3
04/08 15:06 [DEBUG] cshmd.analysis (find_bond)                                   : find_bond O - H rcut -> 1.2
04/08 15:06 [DEBUG] cshmd.common (time_wrapper)                                  : [RUNTIME] get_distance_table in 0.004 seconds
04/08 15:06 [DEBUG] cshmd.analysis (get_mole)                                    : get_mole O - H -> nbonds: 2
04/08 15:06 [DEBUG] cshmd.analysis (find_bond)                                   : find_bond Si - O rcut -> 2.2
04/08 15:06 [DEBUG] cshmd.common (time_wrapper)                                  : [RUNTIME] get_distance_table in 0.001 seconds
04/08 15:06 [DEBUG] cshmd.analysis (get_mole)                                    : get_mole Si - O -> nbonds: 4
04/08 15:06 [DEBUG] cshmd.analysis (get_mole)                                    : get_mole O - H -> nbonds: 1
04/08 15:06 [DEBUG] cshmd.analysis (find_bond)                                   : find_bond C - O rcut -> 1.6
04/08 15:06 [DEBUG] cshmd.analysis (get_mole)                                    : get_mole C - O -> nbonds: 3
04/08 15:06 [DEBUG] cshmd.analysis (get_mole)                                    : get_mole O - H -> nbonds: 3
04/08 15:06 [DEBUG] cshmd.analysis (find_bond)                                   : find_bond Ca - O rcut -> 3.0
04/08 15:06 [DEBUG] cshmd.common (time_wrapper)                                  : [RUNTIME] get_distance_table in 0.001 seconds
04/08 15:06 [DEBUG] cshmd.analysis (search_basic)                                : Basic search result -> H2O: 52, SiO4: 32, OH: 16, CO3: 0, H3O: 0, Ca_O: 288
04/08 15:06 [DEBUG] cshmd.analysis (full_search)                                 : Search layer details
04/08 15:06 [DEBUG] cshmd.analysis (find_bond)                                   : find_bond Ca - O rcut -> 3.0
04/08 15:06 [DEBUG] cshmd.analysis (find_bond)                                   : find_bond Si - O rcut -> 2.2
04/08 15:06 [DEBUG] cshmd.analysis (__detail_search_oh_co3)                      : No CO3 in basic search
04/08 15:06 [DEBUG] cshmd.analysis (__detail_search_oh_sioh)                     : Searching 'OH' in 'SiO4
04/08 15:06 [DEBUG] cshmd.analysis (__detail_search_oh_caoh)                     : Searching 'OH' in 'CaOH
04/08 15:06 [INFO] cshmd.analysis (Qn)                                           : [Structure] Q1: 1.000
04/08 15:06 [INFO] cshmd.analysis (CS)                                           : [Structure] C/S: 1.375
04/08 15:06 [INFO] cshmd.analysis (validate_tetra)                               : [Structure] BT: 0, PT: 32
04/08 15:06 [INFO] cshmd.analysis (MCL)                                          : [Structure] MCL: 1.000
04/08 15:06 [DEBUG] cshmd.analysis (__init__)                                    : <class 'cshmd.analysis.Chain'> loaded
04/08 15:06 [DEBUG] cshmd.analysis (__init__)                                    : <class 'cshmd.analysis.Chain'> loaded
04/08 15:06 [DEBUG] cshmd.analysis (__init__)                                    : <class 'cshmd.analysis.Chain'> loaded
04/08 15:06 [DEBUG] cshmd.analysis (__init__)                                    : <class 'cshmd.analysis.Chain'> loaded
04/08 15:06 [INFO] cshmd.analysis (validate_tetra)                               : [Structure] CL : Length 2: 4
04/08 15:06 [INFO] cshmd.analysis (validate_tetra)                               : [Structure] MCL : 2.0
04/08 15:06 [INFO] cshmd.structure (writeCif)                                    : L02.cif was created
04/08 15:06 [INFO] cshmd.builder (out_model)                                     : Total Charge: 0
04/08 15:06 [INFO] csh_builder (main)                                            : ----------------------------------------------------------------------
04/08 15:08 [DEBUG] cshmd.common (get_logger)                                    : $$$$$$$$$$$$$$  Logger 'cshmd.common........' initialized  $$$$$$$$$$$$$$
04/08 15:08 [DEBUG] cshmd.functions (get_logger)                                 : $$$$$$$$$$$$$$  Logger 'cshmd.functions.....' initialized  $$$$$$$$$$$$$$
04/08 15:08 [DEBUG] cshmd.load (get_logger)                                      : $$$$$$$$$$$$$$  Logger 'cshmd.load..........' initialized  $$$$$$$$$$$$$$
04/08 15:08 [DEBUG] cshmd.analysis (get_logger)                                  : $$$$$$$$$$$$$$  Logger 'cshmd.analysis......' initialized  $$$$$$$$$$$$$$
04/08 15:08 [DEBUG] cshmd.structure (get_logger)                                 : $$$$$$$$$$$$$$  Logger 'cshmd.structure.....' initialized  $$$$$$$$$$$$$$
04/08 15:08 [DEBUG] cshmd.builder (get_logger)                                   : $$$$$$$$$$$$$$  Logger 'cshmd.builder.......' initialized  $$$$$$$$$$$$$$
04/08 15:08 [DEBUG] cshmd.trj_analysis (get_logger)                              : $$$$$$$$$$$$$$  Logger 'cshmd.trj_analysis..' initialized  $$$$$$$$$$$$$$
04/08 15:08 [DEBUG] csh_builder (get_logger)                                     : $$$$$$$$$$$$$$  Logger 'csh_builder.........' initialized  $$$$$$$$$$$$$$
04/08 15:08 [INFO] csh_builder (main)                                            : ----------------------------------------------------------------------
04/08 15:08 [INFO] csh_builder (main)                                            : 'L02.yaml' loaded
04/08 15:08 [INFO] cshmd.structure (__init__)                                    : /Users/kimuni/bin/kimuni/cshmd/data/resources/cif/T14_111_term.cif was loaded
04/08 15:08 [DEBUG] cshmd.analysis (__init__)                                    : [Structure] Now new data setted for get Bonds
04/08 15:08 [DEBUG] cshmd.analysis (__del_bond__)                                : del -> Si_O O_H H_O Ca_O C_O BO NBO
04/08 15:08 [DEBUG] cshmd.analysis (__initialize_mole__)                         : initalize -> H2O SiO4 OH CO3 H3O
04/08 15:08 [DEBUG] cshmd.analysis (__initialize_mole__)                         : initalize -> SiOH CaOH HCO3 H2CO3 H3CO3
04/08 15:08 [INFO] cshmd.analysis (__init__)                                     : Not any C-S-H Si range info
04/08 15:08 [DEBUG] cshmd.analysis (find_bond)                                   : find_bond O - H rcut -> 1.2
04/08 15:08 [DEBUG] cshmd.common (time_wrapper)                                  : [RUNTIME] get_distance_table in 0.000 seconds
04/08 15:08 [DEBUG] cshmd.analysis (get_mole)                                    : get_mole O - H -> nbonds: 2
04/08 15:08 [DEBUG] cshmd.analysis (find_bond)                                   : find_bond Si - O rcut -> 2.2
04/08 15:08 [DEBUG] cshmd.common (time_wrapper)                                  : [RUNTIME] get_distance_table in 0.000 seconds
04/08 15:08 [DEBUG] cshmd.analysis (get_mole)                                    : get_mole Si - O -> nbonds: 4
04/08 15:08 [DEBUG] cshmd.analysis (get_mole)                                    : get_mole O - H -> nbonds: 1
04/08 15:08 [DEBUG] cshmd.analysis (find_bond)                                   : find_bond C - O rcut -> 1.6
04/08 15:08 [DEBUG] cshmd.analysis (get_mole)                                    : get_mole C - O -> nbonds: 3
04/08 15:08 [DEBUG] cshmd.analysis (get_mole)                                    : get_mole O - H -> nbonds: 3
04/08 15:08 [DEBUG] cshmd.analysis (find_bond)                                   : find_bond Ca - O rcut -> 3.0
04/08 15:08 [DEBUG] cshmd.common (time_wrapper)                                  : [RUNTIME] get_distance_table in 0.000 seconds
04/08 15:08 [DEBUG] cshmd.analysis (search_basic)                                : Basic search result -> H2O: 9, SiO4: 12, OH: 2, CO3: 0, H3O: 0, Ca_O: 60
04/08 15:08 [DEBUG] cshmd.analysis (full_search)                                 : Search layer details
04/08 15:08 [DEBUG] cshmd.analysis (find_bond)                                   : find_bond Ca - O rcut -> 3.0
04/08 15:08 [DEBUG] cshmd.analysis (find_bond)                                   : find_bond Si - O rcut -> 2.2
04/08 15:08 [DEBUG] cshmd.analysis (__detail_search_oh_co3)                      : No CO3 in basic search
04/08 15:08 [DEBUG] cshmd.analysis (__detail_search_oh_sioh)                     : Searching 'OH' in 'SiO4
04/08 15:08 [DEBUG] cshmd.analysis (__detail_search_oh_caoh)                     : No CaOH in basic search. RETURN
04/08 15:08 [INFO] cshmd.analysis (Qn)                                           : [Structure] Q2: 1.000
04/08 15:08 [INFO] cshmd.analysis (CS)                                           : [Structure] C/S: 0.750
04/08 15:08 [INFO] cshmd.analysis (validate_tetra)                               : [Structure] BT: 4, PT: 8
04/08 15:08 [INFO] cshmd.analysis (MCL)                                          : [Structure] MCL: inf
04/08 15:08 [DEBUG] cshmd.analysis (__init__)                                    : <class 'cshmd.analysis.Chain'> loaded
04/08 15:08 [DEBUG] cshmd.analysis (__init__)                                    : <class 'cshmd.analysis.Chain'> loaded
04/08 15:08 [DEBUG] cshmd.analysis (__init__)                                    : <class 'cshmd.analysis.Chain'> loaded
04/08 15:08 [DEBUG] cshmd.analysis (__init__)                                    : <class 'cshmd.analysis.Chain'> loaded
04/08 15:08 [INFO] cshmd.analysis (validate_tetra)                               : [Structure] CL : Length 3: 1
04/08 15:08 [INFO] cshmd.analysis (validate_tetra)                               : [Structure] MCL : 3.0
04/08 15:08 [INFO] cshmd.structure (__init__)                                    : /Users/kimuni/bin/kimuni/cshmd/data/resources/cif/T14_111_term.cif was loaded
04/08 15:08 [DEBUG] cshmd.analysis (__init__)                                    : [Structure] Now new data setted for get Bonds
04/08 15:08 [DEBUG] cshmd.analysis (__del_bond__)                                : del -> Si_O O_H H_O Ca_O C_O BO NBO
04/08 15:08 [DEBUG] cshmd.analysis (__initialize_mole__)                         : initalize -> H2O SiO4 OH CO3 H3O
04/08 15:08 [DEBUG] cshmd.analysis (__initialize_mole__)                         : initalize -> SiOH CaOH HCO3 H2CO3 H3CO3
04/08 15:08 [DEBUG] cshmd.analysis (find_bond)                                   : find_bond O - H rcut -> 1.2
04/08 15:08 [DEBUG] cshmd.common (time_wrapper)                                  : [RUNTIME] get_distance_table in 0.000 seconds
04/08 15:08 [DEBUG] cshmd.analysis (get_mole)                                    : get_mole O - H -> nbonds: 2
04/08 15:08 [DEBUG] cshmd.analysis (find_bond)                                   : find_bond Si - O rcut -> 2.2
04/08 15:08 [DEBUG] cshmd.common (time_wrapper)                                  : [RUNTIME] get_distance_table in 0.000 seconds
04/08 15:08 [DEBUG] cshmd.analysis (get_mole)                                    : get_mole Si - O -> nbonds: 4
04/08 15:08 [DEBUG] cshmd.analysis (get_mole)                                    : get_mole O - H -> nbonds: 1
04/08 15:08 [DEBUG] cshmd.analysis (find_bond)                                   : find_bond C - O rcut -> 1.6
04/08 15:08 [DEBUG] cshmd.analysis (get_mole)                                    : get_mole C - O -> nbonds: 3
04/08 15:08 [DEBUG] cshmd.analysis (get_mole)                                    : get_mole O - H -> nbonds: 3
04/08 15:08 [DEBUG] cshmd.analysis (find_bond)                                   : find_bond Ca - O rcut -> 3.0
04/08 15:08 [DEBUG] cshmd.common (time_wrapper)                                  : [RUNTIME] get_distance_table in 0.000 seconds
04/08 15:08 [DEBUG] cshmd.analysis (search_basic)                                : Basic search result -> H2O: 9, SiO4: 12, OH: 2, CO3: 0, H3O: 0, Ca_O: 60
04/08 15:08 [DEBUG] cshmd.analysis (full_search)                                 : Search layer details
04/08 15:08 [DEBUG] cshmd.analysis (find_bond)                                   : find_bond Ca - O rcut -> 3.0
04/08 15:08 [DEBUG] cshmd.analysis (find_bond)                                   : find_bond Si - O rcut -> 2.2
04/08 15:08 [DEBUG] cshmd.analysis (__detail_search_oh_co3)                      : No CO3 in basic search
04/08 15:08 [DEBUG] cshmd.analysis (__detail_search_oh_sioh)                     : Searching 'OH' in 'SiO4
04/08 15:08 [DEBUG] cshmd.analysis (__detail_search_oh_caoh)                     : No CaOH in basic search. RETURN
04/08 15:08 [INFO] cshmd.analysis (Qn)                                           : [Structure] Q2: 1.000
04/08 15:08 [INFO] cshmd.analysis (CS)                                           : [Structure] C/S: 0.750
04/08 15:08 [INFO] cshmd.analysis (validate_tetra)                               : [Structure] BT: 4, PT: 8
04/08 15:08 [INFO] cshmd.analysis (MCL)                                          : [Structure] MCL: inf
04/08 15:08 [DEBUG] cshmd.analysis (__init__)                                    : <class 'cshmd.analysis.Chain'> loaded
04/08 15:08 [DEBUG] cshmd.analysis (__init__)                                    : <class 'cshmd.analysis.Chain'> loaded
04/08 15:08 [DEBUG] cshmd.analysis (__init__)                                    : <class 'cshmd.analysis.Chain'> loaded
04/08 15:08 [DEBUG] cshmd.analysis (__init__)                                    : <class 'cshmd.analysis.Chain'> loaded
04/08 15:08 [INFO] cshmd.analysis (validate_tetra)                               : [Structure] CL : Length 3: 1
04/08 15:08 [INFO] cshmd.analysis (validate_tetra)                               : [Structure] MCL : 3.0
04/08 15:08 [INFO] csh_builder (main)                                            : [Structure] Reading command 'supercell'...
04/08 15:08 [INFO] cshmd.structure (makeSupercell)                               : [Structure] Supercell created 2 * 2 * 1
04/08 15:08 [DEBUG] cshmd.analysis (__init__)                                    : [Structure] Now new data setted for get Bonds
04/08 15:08 [DEBUG] cshmd.analysis (__del_bond__)                                : del -> Si_O O_H H_O Ca_O C_O BO NBO
04/08 15:08 [DEBUG] cshmd.analysis (__initialize_mole__)                         : initalize -> H2O SiO4 OH CO3 H3O
04/08 15:08 [DEBUG] cshmd.analysis (__initialize_mole__)                         : initalize -> SiOH CaOH HCO3 H2CO3 H3CO3
04/08 15:08 [DEBUG] cshmd.analysis (find_bond)                                   : find_bond O - H rcut -> 1.2
04/08 15:08 [DEBUG] cshmd.common (time_wrapper)                                  : [RUNTIME] get_distance_table in 0.002 seconds
04/08 15:08 [DEBUG] cshmd.analysis (get_mole)                                    : get_mole O - H -> nbonds: 2
04/08 15:08 [DEBUG] cshmd.analysis (find_bond)                                   : find_bond Si - O rcut -> 2.2
04/08 15:08 [DEBUG] cshmd.common (time_wrapper)                                  : [RUNTIME] get_distance_table in 0.001 seconds
04/08 15:08 [DEBUG] cshmd.analysis (get_mole)                                    : get_mole Si - O -> nbonds: 4
04/08 15:08 [DEBUG] cshmd.analysis (get_mole)                                    : get_mole O - H -> nbonds: 1
04/08 15:08 [DEBUG] cshmd.analysis (find_bond)                                   : find_bond C - O rcut -> 1.6
04/08 15:08 [DEBUG] cshmd.analysis (get_mole)                                    : get_mole C - O -> nbonds: 3
04/08 15:08 [DEBUG] cshmd.analysis (get_mole)                                    : get_mole O - H -> nbonds: 3
04/08 15:08 [DEBUG] cshmd.analysis (find_bond)                                   : find_bond Ca - O rcut -> 3.0
04/08 15:08 [DEBUG] cshmd.common (time_wrapper)                                  : [RUNTIME] get_distance_table in 0.001 seconds
04/08 15:08 [DEBUG] cshmd.analysis (search_basic)                                : Basic search result -> H2O: 36, SiO4: 48, OH: 8, CO3: 0, H3O: 0, Ca_O: 240
04/08 15:08 [DEBUG] cshmd.analysis (full_search)                                 : Search layer details
04/08 15:08 [DEBUG] cshmd.analysis (find_bond)                                   : find_bond Ca - O rcut -> 3.0
04/08 15:08 [DEBUG] cshmd.analysis (find_bond)                                   : find_bond Si - O rcut -> 2.2
04/08 15:08 [DEBUG] cshmd.analysis (__detail_search_oh_co3)                      : No CO3 in basic search
04/08 15:08 [DEBUG] cshmd.analysis (__detail_search_oh_sioh)                     : Searching 'OH' in 'SiO4
04/08 15:08 [DEBUG] cshmd.analysis (__detail_search_oh_caoh)                     : No CaOH in basic search. RETURN
04/08 15:08 [INFO] cshmd.analysis (Qn)                                           : [Structure] Q2: 1.000
04/08 15:08 [INFO] cshmd.analysis (CS)                                           : [Structure] C/S: 0.750
04/08 15:08 [INFO] cshmd.analysis (validate_tetra)                               : [Structure] BT: 16, PT: 32
04/08 15:08 [INFO] cshmd.analysis (MCL)                                          : [Structure] MCL: inf
04/08 15:08 [DEBUG] cshmd.analysis (__init__)                                    : <class 'cshmd.analysis.Chain'> loaded
04/08 15:08 [DEBUG] cshmd.analysis (__init__)                                    : <class 'cshmd.analysis.Chain'> loaded
04/08 15:08 [DEBUG] cshmd.analysis (__init__)                                    : <class 'cshmd.analysis.Chain'> loaded
04/08 15:08 [DEBUG] cshmd.analysis (__init__)                                    : <class 'cshmd.analysis.Chain'> loaded
04/08 15:08 [INFO] cshmd.analysis (validate_tetra)                               : [Structure] CL : Length 6: 2
04/08 15:08 [INFO] cshmd.analysis (validate_tetra)                               : [Structure] MCL : 6.0
04/08 15:08 [INFO] cshmd.builder (update_manager)                                : [Structure] Number of atoms: 86 -> 344
04/08 15:08 [INFO] csh_builder (main)                                            : [Structure] Reading command 'defect_BT'...
04/08 15:08 [INFO] cshmd.builder (defect_BT)                                     : [Structure] Termination scope: False
04/08 15:08 [INFO] cshmd.builder (defect_BT)                                     : [Structure] Exists 4 Bridging Tetra in 'up' side
04/08 15:08 [INFO] cshmd.structure (add_Ca)                                      : [Structure] Add Ca
04/08 15:08 [INFO] cshmd.builder (defect_BT)                                     : [Structure] Exists 4 Bridging Tetra in 'down' side
04/08 15:08 [INFO] cshmd.structure (add_Ca)                                      : [Structure] Add Ca
04/08 15:08 [INFO] cshmd.builder (defect_BT)                                     : [Structure] Termination scope: False
04/08 15:08 [INFO] cshmd.builder (defect_BT)                                     : [Structure] Exists 4 Bridging Tetra in 'down' side
04/08 15:08 [INFO] cshmd.structure (add_Ca)                                      : [Structure] Add Ca with 1 OH and with 2 H2O
04/08 15:08 [INFO] cshmd.builder (defect_BT)                                     : [Structure] Exists 4 Bridging Tetra in 'up' side
04/08 15:08 [INFO] cshmd.structure (add_Ca)                                      : [Structure] Add Ca with 1 OH and with 2 H2O
04/08 15:08 [INFO] cshmd.structure (check_rm_list)                               : Delete 56 atoms in rm_list
04/08 15:08 [DEBUG] cshmd.analysis (__init__)                                    : [Structure] Now new data setted for get Bonds
04/08 15:08 [DEBUG] cshmd.analysis (__del_bond__)                                : del -> Si_O O_H H_O Ca_O C_O BO NBO
04/08 15:08 [DEBUG] cshmd.analysis (__initialize_mole__)                         : initalize -> H2O SiO4 OH CO3 H3O
04/08 15:08 [DEBUG] cshmd.analysis (__initialize_mole__)                         : initalize -> SiOH CaOH HCO3 H2CO3 H3CO3
04/08 15:08 [DEBUG] cshmd.analysis (find_bond)                                   : find_bond O - H rcut -> 1.2
04/08 15:08 [DEBUG] cshmd.common (time_wrapper)                                  : [RUNTIME] get_distance_table in 0.004 seconds
04/08 15:08 [DEBUG] cshmd.analysis (get_mole)                                    : get_mole O - H -> nbonds: 2
04/08 15:08 [DEBUG] cshmd.analysis (find_bond)                                   : find_bond Si - O rcut -> 2.2
04/08 15:08 [DEBUG] cshmd.common (time_wrapper)                                  : [RUNTIME] get_distance_table in 0.001 seconds
04/08 15:08 [DEBUG] cshmd.analysis (get_mole)                                    : get_mole Si - O -> nbonds: 4
04/08 15:08 [DEBUG] cshmd.analysis (get_mole)                                    : get_mole O - H -> nbonds: 1
04/08 15:08 [DEBUG] cshmd.analysis (find_bond)                                   : find_bond C - O rcut -> 1.6
04/08 15:08 [DEBUG] cshmd.analysis (get_mole)                                    : get_mole C - O -> nbonds: 3
04/08 15:08 [DEBUG] cshmd.analysis (get_mole)                                    : get_mole O - H -> nbonds: 3
04/08 15:08 [DEBUG] cshmd.analysis (find_bond)                                   : find_bond Ca - O rcut -> 3.0
04/08 15:08 [DEBUG] cshmd.common (time_wrapper)                                  : [RUNTIME] get_distance_table in 0.001 seconds
04/08 15:08 [DEBUG] cshmd.analysis (search_basic)                                : Basic search result -> H2O: 52, SiO4: 32, OH: 8, CO3: 0, H3O: 0, Ca_O: 284
04/08 15:08 [DEBUG] cshmd.analysis (full_search)                                 : Search layer details
04/08 15:08 [DEBUG] cshmd.analysis (find_bond)                                   : find_bond Ca - O rcut -> 3.0
04/08 15:08 [DEBUG] cshmd.analysis (find_bond)                                   : find_bond Si - O rcut -> 2.2
04/08 15:08 [DEBUG] cshmd.analysis (__detail_search_oh_co3)                      : No CO3 in basic search
04/08 15:08 [DEBUG] cshmd.analysis (__detail_search_oh_sioh)                     : Searching 'OH' in 'SiO4
04/08 15:08 [DEBUG] cshmd.analysis (__detail_search_oh_caoh)                     : Searching 'OH' in 'CaOH
04/08 15:08 [INFO] cshmd.analysis (Qn)                                           : [Structure] Q1: 1.000
04/08 15:08 [INFO] cshmd.analysis (CS)                                           : [Structure] C/S: 1.375
04/08 15:08 [INFO] cshmd.analysis (validate_tetra)                               : [Structure] BT: 0, PT: 32
04/08 15:08 [INFO] cshmd.analysis (MCL)                                          : [Structure] MCL: 1.000
04/08 15:08 [DEBUG] cshmd.analysis (__init__)                                    : <class 'cshmd.analysis.Chain'> loaded
04/08 15:08 [DEBUG] cshmd.analysis (__init__)                                    : <class 'cshmd.analysis.Chain'> loaded
04/08 15:08 [DEBUG] cshmd.analysis (__init__)                                    : <class 'cshmd.analysis.Chain'> loaded
04/08 15:08 [DEBUG] cshmd.analysis (__init__)                                    : <class 'cshmd.analysis.Chain'> loaded
04/08 15:08 [INFO] cshmd.analysis (validate_tetra)                               : [Structure] CL : Length 2: 4
04/08 15:08 [INFO] cshmd.analysis (validate_tetra)                               : [Structure] MCL : 2.0
04/08 15:08 [INFO] cshmd.builder (update_manager)                                : [Structure] Number of atoms: 344 -> 368
04/08 15:08 [INFO] csh_builder (main)                                            : [Structure] Reading command 'terminate_NBO'...
04/08 15:08 [INFO] cshmd.builder (terminate_NBO)                                 : Do not run terminate, ratio == 0
04/08 15:08 [INFO] csh_builder (main)                                            : [Structure] Reading command 'add_BT'...
04/08 15:08 [INFO] cshmd.builder (add_BT)                                        : [WARNING] No Bridging Tetra exists
04/08 15:08 [DEBUG] cshmd.analysis (__init__)                                    : [Structure] Now new data setted for get Bonds
04/08 15:08 [DEBUG] cshmd.analysis (__del_bond__)                                : del -> Si_O O_H H_O Ca_O C_O BO NBO
04/08 15:08 [DEBUG] cshmd.analysis (__initialize_mole__)                         : initalize -> H2O SiO4 OH CO3 H3O
04/08 15:08 [DEBUG] cshmd.analysis (__initialize_mole__)                         : initalize -> SiOH CaOH HCO3 H2CO3 H3CO3
04/08 15:08 [DEBUG] cshmd.analysis (find_bond)                                   : find_bond O - H rcut -> 1.2
04/08 15:08 [DEBUG] cshmd.common (time_wrapper)                                  : [RUNTIME] get_distance_table in 0.003 seconds
04/08 15:08 [DEBUG] cshmd.analysis (get_mole)                                    : get_mole O - H -> nbonds: 2
04/08 15:08 [DEBUG] cshmd.analysis (find_bond)                                   : find_bond Si - O rcut -> 2.2
04/08 15:08 [DEBUG] cshmd.common (time_wrapper)                                  : [RUNTIME] get_distance_table in 0.001 seconds
04/08 15:08 [DEBUG] cshmd.analysis (get_mole)                                    : get_mole Si - O -> nbonds: 4
04/08 15:08 [DEBUG] cshmd.analysis (get_mole)                                    : get_mole O - H -> nbonds: 1
04/08 15:08 [DEBUG] cshmd.analysis (find_bond)                                   : find_bond C - O rcut -> 1.6
04/08 15:08 [DEBUG] cshmd.analysis (get_mole)                                    : get_mole C - O -> nbonds: 3
04/08 15:08 [DEBUG] cshmd.analysis (get_mole)                                    : get_mole O - H -> nbonds: 3
04/08 15:08 [DEBUG] cshmd.analysis (find_bond)                                   : find_bond Ca - O rcut -> 3.0
04/08 15:08 [DEBUG] cshmd.common (time_wrapper)                                  : [RUNTIME] get_distance_table in 0.001 seconds
04/08 15:08 [DEBUG] cshmd.analysis (search_basic)                                : Basic search result -> H2O: 52, SiO4: 32, OH: 8, CO3: 0, H3O: 0, Ca_O: 284
04/08 15:08 [DEBUG] cshmd.analysis (full_search)                                 : Search layer details
04/08 15:08 [DEBUG] cshmd.analysis (find_bond)                                   : find_bond Ca - O rcut -> 3.0
04/08 15:08 [DEBUG] cshmd.analysis (find_bond)                                   : find_bond Si - O rcut -> 2.2
04/08 15:08 [DEBUG] cshmd.analysis (__detail_search_oh_co3)                      : No CO3 in basic search
04/08 15:08 [DEBUG] cshmd.analysis (__detail_search_oh_sioh)                     : Searching 'OH' in 'SiO4
04/08 15:08 [DEBUG] cshmd.analysis (__detail_search_oh_caoh)                     : Searching 'OH' in 'CaOH
04/08 15:08 [INFO] cshmd.analysis (Qn)                                           : [Structure] Q1: 1.000
04/08 15:08 [INFO] cshmd.analysis (CS)                                           : [Structure] C/S: 1.375
04/08 15:08 [INFO] cshmd.analysis (validate_tetra)                               : [Structure] BT: 0, PT: 32
04/08 15:08 [INFO] cshmd.analysis (MCL)                                          : [Structure] MCL: 1.000
04/08 15:08 [DEBUG] cshmd.analysis (__init__)                                    : <class 'cshmd.analysis.Chain'> loaded
04/08 15:08 [DEBUG] cshmd.analysis (__init__)                                    : <class 'cshmd.analysis.Chain'> loaded
04/08 15:08 [DEBUG] cshmd.analysis (__init__)                                    : <class 'cshmd.analysis.Chain'> loaded
04/08 15:08 [DEBUG] cshmd.analysis (__init__)                                    : <class 'cshmd.analysis.Chain'> loaded
04/08 15:08 [INFO] cshmd.analysis (validate_tetra)                               : [Structure] CL : Length 2: 4
04/08 15:08 [INFO] cshmd.analysis (validate_tetra)                               : [Structure] MCL : 2.0
04/08 15:08 [INFO] cshmd.structure (writeCif)                                    : L02.cif was created
04/08 15:08 [INFO] cshmd.builder (out_model)                                     : Total Charge: 0
04/08 15:08 [INFO] csh_builder (main)                                            : ----------------------------------------------------------------------
04/08 15:09 [DEBUG] cshmd.common (get_logger)                                    : $$$$$$$$$$$$$$  Logger 'cshmd.common........' initialized  $$$$$$$$$$$$$$
04/08 15:09 [DEBUG] cshmd.functions (get_logger)                                 : $$$$$$$$$$$$$$  Logger 'cshmd.functions.....' initialized  $$$$$$$$$$$$$$
04/08 15:09 [DEBUG] cshmd.load (get_logger)                                      : $$$$$$$$$$$$$$  Logger 'cshmd.load..........' initialized  $$$$$$$$$$$$$$
04/08 15:09 [DEBUG] cshmd.analysis (get_logger)                                  : $$$$$$$$$$$$$$  Logger 'cshmd.analysis......' initialized  $$$$$$$$$$$$$$
04/08 15:09 [DEBUG] cshmd.structure (get_logger)                                 : $$$$$$$$$$$$$$  Logger 'cshmd.structure.....' initialized  $$$$$$$$$$$$$$
04/08 15:09 [DEBUG] cshmd.builder (get_logger)                                   : $$$$$$$$$$$$$$  Logger 'cshmd.builder.......' initialized  $$$$$$$$$$$$$$
04/08 15:09 [DEBUG] cshmd.trj_analysis (get_logger)                              : $$$$$$$$$$$$$$  Logger 'cshmd.trj_analysis..' initialized  $$$$$$$$$$$$$$
04/08 15:09 [DEBUG] csh_builder (get_logger)                                     : $$$$$$$$$$$$$$  Logger 'csh_builder.........' initialized  $$$$$$$$$$$$$$
04/08 15:09 [INFO] csh_builder (main)                                            : ----------------------------------------------------------------------
04/08 15:09 [INFO] csh_builder (main)                                            : 'L02.yaml' loaded
04/08 15:09 [INFO] cshmd.structure (__init__)                                    : /Users/kimuni/bin/kimuni/cshmd/data/resources/cif/T14_111_term.cif was loaded
04/08 15:09 [DEBUG] cshmd.analysis (__init__)                                    : [Structure] Now new data setted for get Bonds
04/08 15:09 [DEBUG] cshmd.analysis (__del_bond__)                                : del -> Si_O O_H H_O Ca_O C_O BO NBO
04/08 15:09 [DEBUG] cshmd.analysis (__initialize_mole__)                         : initalize -> H2O SiO4 OH CO3 H3O
04/08 15:09 [DEBUG] cshmd.analysis (__initialize_mole__)                         : initalize -> SiOH CaOH HCO3 H2CO3 H3CO3
04/08 15:09 [INFO] cshmd.analysis (__init__)                                     : Not any C-S-H Si range info
04/08 15:09 [DEBUG] cshmd.analysis (find_bond)                                   : find_bond O - H rcut -> 1.2
04/08 15:09 [DEBUG] cshmd.common (time_wrapper)                                  : [RUNTIME] get_distance_table in 0.000 seconds
04/08 15:09 [DEBUG] cshmd.analysis (get_mole)                                    : get_mole O - H -> nbonds: 2
04/08 15:09 [DEBUG] cshmd.analysis (find_bond)                                   : find_bond Si - O rcut -> 2.2
04/08 15:09 [DEBUG] cshmd.common (time_wrapper)                                  : [RUNTIME] get_distance_table in 0.000 seconds
04/08 15:09 [DEBUG] cshmd.analysis (get_mole)                                    : get_mole Si - O -> nbonds: 4
04/08 15:09 [DEBUG] cshmd.analysis (get_mole)                                    : get_mole O - H -> nbonds: 1
04/08 15:09 [DEBUG] cshmd.analysis (find_bond)                                   : find_bond C - O rcut -> 1.6
04/08 15:09 [DEBUG] cshmd.analysis (get_mole)                                    : get_mole C - O -> nbonds: 3
04/08 15:09 [DEBUG] cshmd.analysis (get_mole)                                    : get_mole O - H -> nbonds: 3
04/08 15:09 [DEBUG] cshmd.analysis (find_bond)                                   : find_bond Ca - O rcut -> 3.0
04/08 15:09 [DEBUG] cshmd.common (time_wrapper)                                  : [RUNTIME] get_distance_table in 0.000 seconds
04/08 15:09 [DEBUG] cshmd.analysis (search_basic)                                : Basic search result -> H2O: 9, SiO4: 12, OH: 2, CO3: 0, H3O: 0, Ca_O: 60
04/08 15:09 [DEBUG] cshmd.analysis (full_search)                                 : Search layer details
04/08 15:09 [DEBUG] cshmd.analysis (find_bond)                                   : find_bond Ca - O rcut -> 3.0
04/08 15:09 [DEBUG] cshmd.analysis (find_bond)                                   : find_bond Si - O rcut -> 2.2
04/08 15:09 [DEBUG] cshmd.analysis (__detail_search_oh_co3)                      : No CO3 in basic search
04/08 15:09 [DEBUG] cshmd.analysis (__detail_search_oh_sioh)                     : Searching 'OH' in 'SiO4
04/08 15:09 [DEBUG] cshmd.analysis (__detail_search_oh_caoh)                     : No CaOH in basic search. RETURN
04/08 15:09 [INFO] cshmd.analysis (Qn)                                           : [Structure] Q2: 1.000
04/08 15:09 [INFO] cshmd.analysis (CS)                                           : [Structure] C/S: 0.750
04/08 15:09 [INFO] cshmd.analysis (validate_tetra)                               : [Structure] BT: 4, PT: 8
04/08 15:09 [INFO] cshmd.analysis (MCL)                                          : [Structure] MCL: inf
04/08 15:09 [DEBUG] cshmd.analysis (__init__)                                    : <class 'cshmd.analysis.Chain'> loaded
04/08 15:09 [DEBUG] cshmd.analysis (__init__)                                    : <class 'cshmd.analysis.Chain'> loaded
04/08 15:09 [DEBUG] cshmd.analysis (__init__)                                    : <class 'cshmd.analysis.Chain'> loaded
04/08 15:09 [DEBUG] cshmd.analysis (__init__)                                    : <class 'cshmd.analysis.Chain'> loaded
04/08 15:09 [INFO] cshmd.analysis (validate_tetra)                               : [Structure] CL : Length 3: 1
04/08 15:09 [INFO] cshmd.analysis (validate_tetra)                               : [Structure] MCL : 3.0
04/08 15:09 [INFO] cshmd.structure (__init__)                                    : /Users/kimuni/bin/kimuni/cshmd/data/resources/cif/T14_111_term.cif was loaded
04/08 15:09 [DEBUG] cshmd.analysis (__init__)                                    : [Structure] Now new data setted for get Bonds
04/08 15:09 [DEBUG] cshmd.analysis (__del_bond__)                                : del -> Si_O O_H H_O Ca_O C_O BO NBO
04/08 15:09 [DEBUG] cshmd.analysis (__initialize_mole__)                         : initalize -> H2O SiO4 OH CO3 H3O
04/08 15:09 [DEBUG] cshmd.analysis (__initialize_mole__)                         : initalize -> SiOH CaOH HCO3 H2CO3 H3CO3
04/08 15:09 [DEBUG] cshmd.analysis (find_bond)                                   : find_bond O - H rcut -> 1.2
04/08 15:09 [DEBUG] cshmd.common (time_wrapper)                                  : [RUNTIME] get_distance_table in 0.000 seconds
04/08 15:09 [DEBUG] cshmd.analysis (get_mole)                                    : get_mole O - H -> nbonds: 2
04/08 15:09 [DEBUG] cshmd.analysis (find_bond)                                   : find_bond Si - O rcut -> 2.2
04/08 15:09 [DEBUG] cshmd.common (time_wrapper)                                  : [RUNTIME] get_distance_table in 0.000 seconds
04/08 15:09 [DEBUG] cshmd.analysis (get_mole)                                    : get_mole Si - O -> nbonds: 4
04/08 15:09 [DEBUG] cshmd.analysis (get_mole)                                    : get_mole O - H -> nbonds: 1
04/08 15:09 [DEBUG] cshmd.analysis (find_bond)                                   : find_bond C - O rcut -> 1.6
04/08 15:09 [DEBUG] cshmd.analysis (get_mole)                                    : get_mole C - O -> nbonds: 3
04/08 15:09 [DEBUG] cshmd.analysis (get_mole)                                    : get_mole O - H -> nbonds: 3
04/08 15:09 [DEBUG] cshmd.analysis (find_bond)                                   : find_bond Ca - O rcut -> 3.0
04/08 15:09 [DEBUG] cshmd.common (time_wrapper)                                  : [RUNTIME] get_distance_table in 0.000 seconds
04/08 15:09 [DEBUG] cshmd.analysis (search_basic)                                : Basic search result -> H2O: 9, SiO4: 12, OH: 2, CO3: 0, H3O: 0, Ca_O: 60
04/08 15:09 [DEBUG] cshmd.analysis (full_search)                                 : Search layer details
04/08 15:09 [DEBUG] cshmd.analysis (find_bond)                                   : find_bond Ca - O rcut -> 3.0
04/08 15:09 [DEBUG] cshmd.analysis (find_bond)                                   : find_bond Si - O rcut -> 2.2
04/08 15:09 [DEBUG] cshmd.analysis (__detail_search_oh_co3)                      : No CO3 in basic search
04/08 15:09 [DEBUG] cshmd.analysis (__detail_search_oh_sioh)                     : Searching 'OH' in 'SiO4
04/08 15:09 [DEBUG] cshmd.analysis (__detail_search_oh_caoh)                     : No CaOH in basic search. RETURN
04/08 15:09 [INFO] cshmd.analysis (Qn)                                           : [Structure] Q2: 1.000
04/08 15:09 [INFO] cshmd.analysis (CS)                                           : [Structure] C/S: 0.750
04/08 15:09 [INFO] cshmd.analysis (validate_tetra)                               : [Structure] BT: 4, PT: 8
04/08 15:09 [INFO] cshmd.analysis (MCL)                                          : [Structure] MCL: inf
04/08 15:09 [DEBUG] cshmd.analysis (__init__)                                    : <class 'cshmd.analysis.Chain'> loaded
04/08 15:09 [DEBUG] cshmd.analysis (__init__)                                    : <class 'cshmd.analysis.Chain'> loaded
04/08 15:09 [DEBUG] cshmd.analysis (__init__)                                    : <class 'cshmd.analysis.Chain'> loaded
04/08 15:09 [DEBUG] cshmd.analysis (__init__)                                    : <class 'cshmd.analysis.Chain'> loaded
04/08 15:09 [INFO] cshmd.analysis (validate_tetra)                               : [Structure] CL : Length 3: 1
04/08 15:09 [INFO] cshmd.analysis (validate_tetra)                               : [Structure] MCL : 3.0
04/08 15:09 [INFO] csh_builder (main)                                            : [Structure] Reading command 'supercell'...
04/08 15:09 [INFO] cshmd.structure (makeSupercell)                               : [Structure] Supercell created 8 * 8 * 1
04/08 15:09 [DEBUG] cshmd.analysis (__init__)                                    : [Structure] Now new data setted for get Bonds
04/08 15:09 [DEBUG] cshmd.analysis (__del_bond__)                                : del -> Si_O O_H H_O Ca_O C_O BO NBO
04/08 15:09 [DEBUG] cshmd.analysis (__initialize_mole__)                         : initalize -> H2O SiO4 OH CO3 H3O
04/08 15:09 [DEBUG] cshmd.analysis (__initialize_mole__)                         : initalize -> SiOH CaOH HCO3 H2CO3 H3CO3
04/08 15:09 [DEBUG] cshmd.analysis (find_bond)                                   : find_bond O - H rcut -> 1.2
04/08 15:09 [DEBUG] cshmd.common (time_wrapper)                                  : [RUNTIME] get_distance_table in 0.604 seconds
04/08 15:09 [DEBUG] cshmd.analysis (get_mole)                                    : get_mole O - H -> nbonds: 2
04/08 15:09 [DEBUG] cshmd.analysis (find_bond)                                   : find_bond Si - O rcut -> 2.2
04/08 15:09 [DEBUG] cshmd.common (time_wrapper)                                  : [RUNTIME] get_distance_table in 0.381 seconds
04/08 15:09 [DEBUG] cshmd.analysis (get_mole)                                    : get_mole Si - O -> nbonds: 4
04/08 15:09 [DEBUG] cshmd.analysis (get_mole)                                    : get_mole O - H -> nbonds: 1
04/08 15:09 [DEBUG] cshmd.analysis (find_bond)                                   : find_bond C - O rcut -> 1.6
04/08 15:09 [DEBUG] cshmd.analysis (get_mole)                                    : get_mole C - O -> nbonds: 3
04/08 15:09 [DEBUG] cshmd.analysis (get_mole)                                    : get_mole O - H -> nbonds: 3
04/08 15:09 [DEBUG] cshmd.analysis (find_bond)                                   : find_bond Ca - O rcut -> 3.0
04/08 15:09 [DEBUG] cshmd.common (time_wrapper)                                  : [RUNTIME] get_distance_table in 0.281 seconds
04/08 15:09 [DEBUG] cshmd.analysis (search_basic)                                : Basic search result -> H2O: 576, SiO4: 768, OH: 128, CO3: 0, H3O: 0, Ca_O: 3840
04/08 15:09 [DEBUG] cshmd.analysis (full_search)                                 : Search layer details
04/08 15:09 [DEBUG] cshmd.analysis (find_bond)                                   : find_bond Ca - O rcut -> 3.0
04/08 15:09 [DEBUG] cshmd.analysis (find_bond)                                   : find_bond Si - O rcut -> 2.2
04/08 15:09 [DEBUG] cshmd.analysis (__detail_search_oh_co3)                      : No CO3 in basic search
04/08 15:09 [DEBUG] cshmd.analysis (__detail_search_oh_sioh)                     : Searching 'OH' in 'SiO4
04/08 15:09 [DEBUG] cshmd.analysis (__detail_search_oh_caoh)                     : No CaOH in basic search. RETURN
04/08 15:09 [INFO] cshmd.analysis (Qn)                                           : [Structure] Q2: 1.000
04/08 15:09 [INFO] cshmd.analysis (CS)                                           : [Structure] C/S: 0.750
04/08 15:09 [INFO] cshmd.analysis (validate_tetra)                               : [Structure] BT: 256, PT: 512
04/08 15:09 [INFO] cshmd.analysis (MCL)                                          : [Structure] MCL: inf
04/08 15:09 [DEBUG] cshmd.analysis (__init__)                                    : <class 'cshmd.analysis.Chain'> loaded
04/08 15:09 [DEBUG] cshmd.analysis (__init__)                                    : <class 'cshmd.analysis.Chain'> loaded
04/08 15:09 [DEBUG] cshmd.analysis (__init__)                                    : <class 'cshmd.analysis.Chain'> loaded
04/08 15:09 [DEBUG] cshmd.analysis (__init__)                                    : <class 'cshmd.analysis.Chain'> loaded
04/08 15:09 [INFO] cshmd.analysis (validate_tetra)                               : [Structure] CL : Length 24: 8
04/08 15:09 [INFO] cshmd.analysis (validate_tetra)                               : [Structure] MCL : 24.0
04/08 15:09 [INFO] cshmd.builder (update_manager)                                : [Structure] Number of atoms: 86 -> 5504
04/08 15:09 [INFO] csh_builder (main)                                            : [Structure] Reading command 'defect_BT'...
04/08 15:09 [INFO] cshmd.builder (defect_BT)                                     : [Structure] Termination scope: False
04/08 15:09 [INFO] cshmd.builder (defect_BT)                                     : [Structure] Exists 64 Bridging Tetra in 'up' side
04/08 15:09 [INFO] cshmd.structure (add_Ca)                                      : [Structure] Add Ca
04/08 15:09 [INFO] cshmd.builder (defect_BT)                                     : [Structure] Exists 64 Bridging Tetra in 'down' side
04/08 15:09 [INFO] cshmd.structure (add_Ca)                                      : [Structure] Add Ca
04/08 15:09 [INFO] cshmd.builder (defect_BT)                                     : [Structure] Termination scope: False
04/08 15:09 [INFO] cshmd.builder (defect_BT)                                     : [Structure] Exists 64 Bridging Tetra in 'down' side
04/08 15:09 [INFO] cshmd.structure (add_Ca)                                      : [Structure] Add Ca with 1 OH and with 2 H2O
04/08 15:09 [INFO] cshmd.builder (defect_BT)                                     : [Structure] Exists 64 Bridging Tetra in 'up' side
04/08 15:09 [INFO] cshmd.structure (add_Ca)                                      : [Structure] Add Ca with 1 OH and with 2 H2O
04/08 15:09 [INFO] cshmd.structure (check_rm_list)                               : Delete 896 atoms in rm_list
04/08 15:09 [DEBUG] cshmd.analysis (__init__)                                    : [Structure] Now new data setted for get Bonds
04/08 15:09 [DEBUG] cshmd.analysis (__del_bond__)                                : del -> Si_O O_H H_O Ca_O C_O BO NBO
04/08 15:09 [DEBUG] cshmd.analysis (__initialize_mole__)                         : initalize -> H2O SiO4 OH CO3 H3O
04/08 15:09 [DEBUG] cshmd.analysis (__initialize_mole__)                         : initalize -> SiOH CaOH HCO3 H2CO3 H3CO3
04/08 15:09 [DEBUG] cshmd.analysis (find_bond)                                   : find_bond O - H rcut -> 1.2
04/08 15:09 [DEBUG] cshmd.common (time_wrapper)                                  : [RUNTIME] get_distance_table in 0.840 seconds
04/08 15:09 [DEBUG] cshmd.analysis (get_mole)                                    : get_mole O - H -> nbonds: 2
04/08 15:09 [DEBUG] cshmd.analysis (find_bond)                                   : find_bond Si - O rcut -> 2.2
04/08 15:09 [DEBUG] cshmd.common (time_wrapper)                                  : [RUNTIME] get_distance_table in 0.254 seconds
04/08 15:09 [DEBUG] cshmd.analysis (get_mole)                                    : get_mole Si - O -> nbonds: 4
04/08 15:09 [DEBUG] cshmd.analysis (get_mole)                                    : get_mole O - H -> nbonds: 1
04/08 15:09 [DEBUG] cshmd.analysis (find_bond)                                   : find_bond C - O rcut -> 1.6
04/08 15:09 [DEBUG] cshmd.analysis (get_mole)                                    : get_mole C - O -> nbonds: 3
04/08 15:09 [DEBUG] cshmd.analysis (get_mole)                                    : get_mole O - H -> nbonds: 3
04/08 15:09 [DEBUG] cshmd.analysis (find_bond)                                   : find_bond Ca - O rcut -> 3.0
04/08 15:09 [DEBUG] cshmd.common (time_wrapper)                                  : [RUNTIME] get_distance_table in 0.355 seconds
04/08 15:09 [DEBUG] cshmd.analysis (search_basic)                                : Basic search result -> H2O: 832, SiO4: 512, OH: 128, CO3: 0, H3O: 0, Ca_O: 4544
04/08 15:09 [DEBUG] cshmd.analysis (full_search)                                 : Search layer details
04/08 15:09 [DEBUG] cshmd.analysis (find_bond)                                   : find_bond Ca - O rcut -> 3.0
04/08 15:09 [DEBUG] cshmd.analysis (find_bond)                                   : find_bond Si - O rcut -> 2.2
04/08 15:09 [DEBUG] cshmd.analysis (__detail_search_oh_co3)                      : No CO3 in basic search
04/08 15:09 [DEBUG] cshmd.analysis (__detail_search_oh_sioh)                     : Searching 'OH' in 'SiO4
04/08 15:09 [DEBUG] cshmd.analysis (__detail_search_oh_caoh)                     : Searching 'OH' in 'CaOH
04/08 15:09 [INFO] cshmd.analysis (Qn)                                           : [Structure] Q1: 1.000
04/08 15:09 [INFO] cshmd.analysis (CS)                                           : [Structure] C/S: 1.375
04/08 15:09 [INFO] cshmd.analysis (validate_tetra)                               : [Structure] BT: 0, PT: 512
04/08 15:09 [INFO] cshmd.analysis (MCL)                                          : [Structure] MCL: 1.000
04/08 15:09 [DEBUG] cshmd.analysis (__init__)                                    : <class 'cshmd.analysis.Chain'> loaded
04/08 15:09 [DEBUG] cshmd.analysis (__init__)                                    : <class 'cshmd.analysis.Chain'> loaded
04/08 15:09 [DEBUG] cshmd.analysis (__init__)                                    : <class 'cshmd.analysis.Chain'> loaded
04/08 15:09 [DEBUG] cshmd.analysis (__init__)                                    : <class 'cshmd.analysis.Chain'> loaded
04/08 15:09 [INFO] cshmd.analysis (validate_tetra)                               : [Structure] CL : Length 2: 64
04/08 15:09 [INFO] cshmd.analysis (validate_tetra)                               : [Structure] MCL : 2.0
04/08 15:09 [INFO] cshmd.builder (update_manager)                                : [Structure] Number of atoms: 5504 -> 5888
04/08 15:09 [INFO] csh_builder (main)                                            : [Structure] Reading command 'terminate_NBO'...
04/08 15:09 [INFO] cshmd.builder (terminate_NBO)                                 : Do not run terminate, ratio == 0
04/08 15:09 [INFO] csh_builder (main)                                            : [Structure] Reading command 'add_BT'...
04/08 15:09 [INFO] cshmd.builder (add_BT)                                        : [WARNING] No Bridging Tetra exists
04/08 15:09 [DEBUG] cshmd.analysis (__init__)                                    : [Structure] Now new data setted for get Bonds
04/08 15:09 [DEBUG] cshmd.analysis (__del_bond__)                                : del -> Si_O O_H H_O Ca_O C_O BO NBO
04/08 15:09 [DEBUG] cshmd.analysis (__initialize_mole__)                         : initalize -> H2O SiO4 OH CO3 H3O
04/08 15:09 [DEBUG] cshmd.analysis (__initialize_mole__)                         : initalize -> SiOH CaOH HCO3 H2CO3 H3CO3
04/08 15:09 [DEBUG] cshmd.analysis (find_bond)                                   : find_bond O - H rcut -> 1.2
04/08 15:09 [DEBUG] cshmd.common (time_wrapper)                                  : [RUNTIME] get_distance_table in 0.781 seconds
04/08 15:09 [DEBUG] cshmd.analysis (get_mole)                                    : get_mole O - H -> nbonds: 2
04/08 15:09 [DEBUG] cshmd.analysis (find_bond)                                   : find_bond Si - O rcut -> 2.2
04/08 15:09 [DEBUG] cshmd.common (time_wrapper)                                  : [RUNTIME] get_distance_table in 0.222 seconds
04/08 15:09 [DEBUG] cshmd.analysis (get_mole)                                    : get_mole Si - O -> nbonds: 4
04/08 15:09 [DEBUG] cshmd.analysis (get_mole)                                    : get_mole O - H -> nbonds: 1
04/08 15:09 [DEBUG] cshmd.analysis (find_bond)                                   : find_bond C - O rcut -> 1.6
04/08 15:09 [DEBUG] cshmd.analysis (get_mole)                                    : get_mole C - O -> nbonds: 3
04/08 15:09 [DEBUG] cshmd.analysis (get_mole)                                    : get_mole O - H -> nbonds: 3
04/08 15:09 [DEBUG] cshmd.analysis (find_bond)                                   : find_bond Ca - O rcut -> 3.0
04/08 15:09 [DEBUG] cshmd.common (time_wrapper)                                  : [RUNTIME] get_distance_table in 0.358 seconds
04/08 15:09 [DEBUG] cshmd.analysis (search_basic)                                : Basic search result -> H2O: 832, SiO4: 512, OH: 128, CO3: 0, H3O: 0, Ca_O: 4544
04/08 15:09 [DEBUG] cshmd.analysis (full_search)                                 : Search layer details
04/08 15:09 [DEBUG] cshmd.analysis (find_bond)                                   : find_bond Ca - O rcut -> 3.0
04/08 15:09 [DEBUG] cshmd.analysis (find_bond)                                   : find_bond Si - O rcut -> 2.2
04/08 15:09 [DEBUG] cshmd.analysis (__detail_search_oh_co3)                      : No CO3 in basic search
04/08 15:09 [DEBUG] cshmd.analysis (__detail_search_oh_sioh)                     : Searching 'OH' in 'SiO4
04/08 15:09 [DEBUG] cshmd.analysis (__detail_search_oh_caoh)                     : Searching 'OH' in 'CaOH
04/08 15:09 [INFO] cshmd.analysis (Qn)                                           : [Structure] Q1: 1.000
04/08 15:09 [INFO] cshmd.analysis (CS)                                           : [Structure] C/S: 1.375
04/08 15:09 [INFO] cshmd.analysis (validate_tetra)                               : [Structure] BT: 0, PT: 512
04/08 15:09 [INFO] cshmd.analysis (MCL)                                          : [Structure] MCL: 1.000
04/08 15:09 [DEBUG] cshmd.analysis (__init__)                                    : <class 'cshmd.analysis.Chain'> loaded
04/08 15:09 [DEBUG] cshmd.analysis (__init__)                                    : <class 'cshmd.analysis.Chain'> loaded
04/08 15:09 [DEBUG] cshmd.analysis (__init__)                                    : <class 'cshmd.analysis.Chain'> loaded
04/08 15:09 [DEBUG] cshmd.analysis (__init__)                                    : <class 'cshmd.analysis.Chain'> loaded
04/08 15:09 [INFO] cshmd.analysis (validate_tetra)                               : [Structure] CL : Length 2: 64
04/08 15:09 [INFO] cshmd.analysis (validate_tetra)                               : [Structure] MCL : 2.0
04/08 15:09 [INFO] cshmd.structure (writeCif)                                    : L02.cif was created
04/08 15:09 [INFO] cshmd.builder (out_model)                                     : Total Charge: 0
04/08 15:09 [INFO] csh_builder (main)                                            : ----------------------------------------------------------------------
04/08 15:09 [INFO] csh_builder (main)                                            : ----------------------------------------------------------------------
04/08 15:09 [INFO] csh_builder (main)                                            : 'L04.yaml' loaded
04/08 15:09 [INFO] cshmd.structure (__init__)                                    : /Users/kimuni/bin/kimuni/cshmd/data/resources/cif/T14_111_term.cif was loaded
04/08 15:09 [DEBUG] cshmd.analysis (__init__)                                    : [Structure] Now new data setted for get Bonds
04/08 15:09 [DEBUG] cshmd.analysis (__del_bond__)                                : del -> Si_O O_H H_O Ca_O C_O BO NBO
04/08 15:09 [DEBUG] cshmd.analysis (__initialize_mole__)                         : initalize -> H2O SiO4 OH CO3 H3O
04/08 15:09 [DEBUG] cshmd.analysis (__initialize_mole__)                         : initalize -> SiOH CaOH HCO3 H2CO3 H3CO3
04/08 15:09 [DEBUG] cshmd.analysis (find_bond)                                   : find_bond O - H rcut -> 1.2
04/08 15:09 [DEBUG] cshmd.common (time_wrapper)                                  : [RUNTIME] get_distance_table in 0.000 seconds
04/08 15:09 [DEBUG] cshmd.analysis (get_mole)                                    : get_mole O - H -> nbonds: 2
04/08 15:09 [DEBUG] cshmd.analysis (find_bond)                                   : find_bond Si - O rcut -> 2.2
04/08 15:09 [DEBUG] cshmd.common (time_wrapper)                                  : [RUNTIME] get_distance_table in 0.000 seconds
04/08 15:09 [DEBUG] cshmd.analysis (get_mole)                                    : get_mole Si - O -> nbonds: 4
04/08 15:09 [DEBUG] cshmd.analysis (get_mole)                                    : get_mole O - H -> nbonds: 1
04/08 15:09 [DEBUG] cshmd.analysis (find_bond)                                   : find_bond C - O rcut -> 1.6
04/08 15:09 [DEBUG] cshmd.analysis (get_mole)                                    : get_mole C - O -> nbonds: 3
04/08 15:09 [DEBUG] cshmd.analysis (get_mole)                                    : get_mole O - H -> nbonds: 3
04/08 15:09 [DEBUG] cshmd.analysis (find_bond)                                   : find_bond Ca - O rcut -> 3.0
04/08 15:09 [DEBUG] cshmd.common (time_wrapper)                                  : [RUNTIME] get_distance_table in 0.000 seconds
04/08 15:09 [DEBUG] cshmd.analysis (search_basic)                                : Basic search result -> H2O: 9, SiO4: 12, OH: 2, CO3: 0, H3O: 0, Ca_O: 60
04/08 15:09 [DEBUG] cshmd.analysis (full_search)                                 : Search layer details
04/08 15:09 [DEBUG] cshmd.analysis (find_bond)                                   : find_bond Ca - O rcut -> 3.0
04/08 15:09 [DEBUG] cshmd.analysis (find_bond)                                   : find_bond Si - O rcut -> 2.2
04/08 15:09 [DEBUG] cshmd.analysis (__detail_search_oh_co3)                      : No CO3 in basic search
04/08 15:09 [DEBUG] cshmd.analysis (__detail_search_oh_sioh)                     : Searching 'OH' in 'SiO4
04/08 15:09 [DEBUG] cshmd.analysis (__detail_search_oh_caoh)                     : No CaOH in basic search. RETURN
04/08 15:09 [INFO] cshmd.analysis (Qn)                                           : [Structure] Q2: 1.000
04/08 15:09 [INFO] cshmd.analysis (CS)                                           : [Structure] C/S: 0.750
04/08 15:09 [INFO] cshmd.analysis (validate_tetra)                               : [Structure] BT: 4, PT: 8
04/08 15:09 [INFO] cshmd.analysis (MCL)                                          : [Structure] MCL: inf
04/08 15:09 [DEBUG] cshmd.analysis (__init__)                                    : <class 'cshmd.analysis.Chain'> loaded
04/08 15:09 [DEBUG] cshmd.analysis (__init__)                                    : <class 'cshmd.analysis.Chain'> loaded
04/08 15:09 [DEBUG] cshmd.analysis (__init__)                                    : <class 'cshmd.analysis.Chain'> loaded
04/08 15:09 [DEBUG] cshmd.analysis (__init__)                                    : <class 'cshmd.analysis.Chain'> loaded
04/08 15:09 [INFO] cshmd.analysis (validate_tetra)                               : [Structure] CL : Length 3: 1
04/08 15:09 [INFO] cshmd.analysis (validate_tetra)                               : [Structure] MCL : 3.0
04/08 15:09 [INFO] cshmd.structure (__init__)                                    : /Users/kimuni/bin/kimuni/cshmd/data/resources/cif/T14_111_term.cif was loaded
04/08 15:09 [DEBUG] cshmd.analysis (__init__)                                    : [Structure] Now new data setted for get Bonds
04/08 15:09 [DEBUG] cshmd.analysis (__del_bond__)                                : del -> Si_O O_H H_O Ca_O C_O BO NBO
04/08 15:09 [DEBUG] cshmd.analysis (__initialize_mole__)                         : initalize -> H2O SiO4 OH CO3 H3O
04/08 15:09 [DEBUG] cshmd.analysis (__initialize_mole__)                         : initalize -> SiOH CaOH HCO3 H2CO3 H3CO3
04/08 15:09 [DEBUG] cshmd.analysis (find_bond)                                   : find_bond O - H rcut -> 1.2
04/08 15:09 [DEBUG] cshmd.common (time_wrapper)                                  : [RUNTIME] get_distance_table in 0.000 seconds
04/08 15:09 [DEBUG] cshmd.analysis (get_mole)                                    : get_mole O - H -> nbonds: 2
04/08 15:09 [DEBUG] cshmd.analysis (find_bond)                                   : find_bond Si - O rcut -> 2.2
04/08 15:09 [DEBUG] cshmd.common (time_wrapper)                                  : [RUNTIME] get_distance_table in 0.000 seconds
04/08 15:09 [DEBUG] cshmd.analysis (get_mole)                                    : get_mole Si - O -> nbonds: 4
04/08 15:09 [DEBUG] cshmd.analysis (get_mole)                                    : get_mole O - H -> nbonds: 1
04/08 15:09 [DEBUG] cshmd.analysis (find_bond)                                   : find_bond C - O rcut -> 1.6
04/08 15:09 [DEBUG] cshmd.analysis (get_mole)                                    : get_mole C - O -> nbonds: 3
04/08 15:09 [DEBUG] cshmd.analysis (get_mole)                                    : get_mole O - H -> nbonds: 3
04/08 15:09 [DEBUG] cshmd.analysis (find_bond)                                   : find_bond Ca - O rcut -> 3.0
04/08 15:09 [DEBUG] cshmd.common (time_wrapper)                                  : [RUNTIME] get_distance_table in 0.000 seconds
04/08 15:09 [DEBUG] cshmd.analysis (search_basic)                                : Basic search result -> H2O: 9, SiO4: 12, OH: 2, CO3: 0, H3O: 0, Ca_O: 60
04/08 15:09 [DEBUG] cshmd.analysis (full_search)                                 : Search layer details
04/08 15:09 [DEBUG] cshmd.analysis (find_bond)                                   : find_bond Ca - O rcut -> 3.0
04/08 15:09 [DEBUG] cshmd.analysis (find_bond)                                   : find_bond Si - O rcut -> 2.2
04/08 15:09 [DEBUG] cshmd.analysis (__detail_search_oh_co3)                      : No CO3 in basic search
04/08 15:09 [DEBUG] cshmd.analysis (__detail_search_oh_sioh)                     : Searching 'OH' in 'SiO4
04/08 15:09 [DEBUG] cshmd.analysis (__detail_search_oh_caoh)                     : No CaOH in basic search. RETURN
04/08 15:09 [INFO] cshmd.analysis (Qn)                                           : [Structure] Q2: 1.000
04/08 15:09 [INFO] cshmd.analysis (CS)                                           : [Structure] C/S: 0.750
04/08 15:09 [INFO] cshmd.analysis (validate_tetra)                               : [Structure] BT: 4, PT: 8
04/08 15:09 [INFO] cshmd.analysis (MCL)                                          : [Structure] MCL: inf
04/08 15:09 [DEBUG] cshmd.analysis (__init__)                                    : <class 'cshmd.analysis.Chain'> loaded
04/08 15:09 [DEBUG] cshmd.analysis (__init__)                                    : <class 'cshmd.analysis.Chain'> loaded
04/08 15:09 [DEBUG] cshmd.analysis (__init__)                                    : <class 'cshmd.analysis.Chain'> loaded
04/08 15:09 [DEBUG] cshmd.analysis (__init__)                                    : <class 'cshmd.analysis.Chain'> loaded
04/08 15:09 [INFO] cshmd.analysis (validate_tetra)                               : [Structure] CL : Length 3: 1
04/08 15:09 [INFO] cshmd.analysis (validate_tetra)                               : [Structure] MCL : 3.0
04/08 15:09 [INFO] csh_builder (main)                                            : [Structure] Reading command 'supercell'...
04/08 15:09 [INFO] cshmd.structure (makeSupercell)                               : [Structure] Supercell created 8 * 8 * 1
04/08 15:09 [DEBUG] cshmd.analysis (__init__)                                    : [Structure] Now new data setted for get Bonds
04/08 15:09 [DEBUG] cshmd.analysis (__del_bond__)                                : del -> Si_O O_H H_O Ca_O C_O BO NBO
04/08 15:09 [DEBUG] cshmd.analysis (__initialize_mole__)                         : initalize -> H2O SiO4 OH CO3 H3O
04/08 15:09 [DEBUG] cshmd.analysis (__initialize_mole__)                         : initalize -> SiOH CaOH HCO3 H2CO3 H3CO3
04/08 15:09 [DEBUG] cshmd.analysis (find_bond)                                   : find_bond O - H rcut -> 1.2
04/08 15:09 [DEBUG] cshmd.common (time_wrapper)                                  : [RUNTIME] get_distance_table in 0.613 seconds
04/08 15:09 [DEBUG] cshmd.analysis (get_mole)                                    : get_mole O - H -> nbonds: 2
04/08 15:09 [DEBUG] cshmd.analysis (find_bond)                                   : find_bond Si - O rcut -> 2.2
04/08 15:09 [DEBUG] cshmd.common (time_wrapper)                                  : [RUNTIME] get_distance_table in 0.359 seconds
04/08 15:09 [DEBUG] cshmd.analysis (get_mole)                                    : get_mole Si - O -> nbonds: 4
04/08 15:09 [DEBUG] cshmd.analysis (get_mole)                                    : get_mole O - H -> nbonds: 1
04/08 15:09 [DEBUG] cshmd.analysis (find_bond)                                   : find_bond C - O rcut -> 1.6
04/08 15:09 [DEBUG] cshmd.analysis (get_mole)                                    : get_mole C - O -> nbonds: 3
04/08 15:09 [DEBUG] cshmd.analysis (get_mole)                                    : get_mole O - H -> nbonds: 3
04/08 15:09 [DEBUG] cshmd.analysis (find_bond)                                   : find_bond Ca - O rcut -> 3.0
04/08 15:09 [DEBUG] cshmd.common (time_wrapper)                                  : [RUNTIME] get_distance_table in 0.260 seconds
04/08 15:09 [DEBUG] cshmd.analysis (search_basic)                                : Basic search result -> H2O: 576, SiO4: 768, OH: 128, CO3: 0, H3O: 0, Ca_O: 3840
04/08 15:09 [DEBUG] cshmd.analysis (full_search)                                 : Search layer details
04/08 15:09 [DEBUG] cshmd.analysis (find_bond)                                   : find_bond Ca - O rcut -> 3.0
04/08 15:09 [DEBUG] cshmd.analysis (find_bond)                                   : find_bond Si - O rcut -> 2.2
04/08 15:09 [DEBUG] cshmd.analysis (__detail_search_oh_co3)                      : No CO3 in basic search
04/08 15:09 [DEBUG] cshmd.analysis (__detail_search_oh_sioh)                     : Searching 'OH' in 'SiO4
04/08 15:09 [DEBUG] cshmd.analysis (__detail_search_oh_caoh)                     : No CaOH in basic search. RETURN
04/08 15:09 [INFO] cshmd.analysis (Qn)                                           : [Structure] Q2: 1.000
04/08 15:09 [INFO] cshmd.analysis (CS)                                           : [Structure] C/S: 0.750
04/08 15:09 [INFO] cshmd.analysis (validate_tetra)                               : [Structure] BT: 256, PT: 512
04/08 15:09 [INFO] cshmd.analysis (MCL)                                          : [Structure] MCL: inf
04/08 15:09 [DEBUG] cshmd.analysis (__init__)                                    : <class 'cshmd.analysis.Chain'> loaded
04/08 15:09 [DEBUG] cshmd.analysis (__init__)                                    : <class 'cshmd.analysis.Chain'> loaded
04/08 15:09 [DEBUG] cshmd.analysis (__init__)                                    : <class 'cshmd.analysis.Chain'> loaded
04/08 15:09 [DEBUG] cshmd.analysis (__init__)                                    : <class 'cshmd.analysis.Chain'> loaded
04/08 15:09 [INFO] cshmd.analysis (validate_tetra)                               : [Structure] CL : Length 24: 8
04/08 15:09 [INFO] cshmd.analysis (validate_tetra)                               : [Structure] MCL : 24.0
04/08 15:09 [INFO] cshmd.builder (update_manager)                                : [Structure] Number of atoms: 86 -> 5504
04/08 15:09 [INFO] csh_builder (main)                                            : [Structure] Reading command 'defect_BT'...
04/08 15:09 [INFO] cshmd.builder (defect_BT)                                     : [Structure] Termination scope: False
04/08 15:09 [INFO] cshmd.builder (defect_BT)                                     : [Structure] Exists 64 Bridging Tetra in 'up' side
04/08 15:09 [INFO] cshmd.structure (add_Ca)                                      : [Structure] Add Ca
04/08 15:09 [INFO] cshmd.builder (defect_BT)                                     : [Structure] Exists 64 Bridging Tetra in 'down' side
04/08 15:09 [INFO] cshmd.structure (add_Ca)                                      : [Structure] Add Ca
04/08 15:09 [INFO] cshmd.builder (defect_BT)                                     : [Structure] Termination scope: False
04/08 15:09 [INFO] cshmd.builder (defect_BT)                                     : [Structure] Exists 64 Bridging Tetra in 'down' side
04/08 15:09 [INFO] cshmd.structure (add_Ca)                                      : [Structure] Add Ca with 1 OH and with 2 H2O
04/08 15:09 [INFO] cshmd.builder (defect_BT)                                     : [Structure] Exists 64 Bridging Tetra in 'up' side
04/08 15:09 [INFO] cshmd.structure (add_Ca)                                      : [Structure] Add Ca with 1 OH and with 2 H2O
04/08 15:09 [INFO] cshmd.structure (check_rm_list)                               : Delete 546 atoms in rm_list
04/08 15:09 [DEBUG] cshmd.analysis (__init__)                                    : [Structure] Now new data setted for get Bonds
04/08 15:09 [DEBUG] cshmd.analysis (__del_bond__)                                : del -> Si_O O_H H_O Ca_O C_O BO NBO
04/08 15:09 [DEBUG] cshmd.analysis (__initialize_mole__)                         : initalize -> H2O SiO4 OH CO3 H3O
04/08 15:09 [DEBUG] cshmd.analysis (__initialize_mole__)                         : initalize -> SiOH CaOH HCO3 H2CO3 H3CO3
04/08 15:09 [DEBUG] cshmd.analysis (find_bond)                                   : find_bond O - H rcut -> 1.2
04/08 15:09 [DEBUG] cshmd.common (time_wrapper)                                  : [RUNTIME] get_distance_table in 0.726 seconds
04/08 15:09 [DEBUG] cshmd.analysis (get_mole)                                    : get_mole O - H -> nbonds: 2
04/08 15:09 [DEBUG] cshmd.analysis (find_bond)                                   : find_bond Si - O rcut -> 2.2
04/08 15:09 [DEBUG] cshmd.common (time_wrapper)                                  : [RUNTIME] get_distance_table in 0.270 seconds
04/08 15:09 [DEBUG] cshmd.analysis (get_mole)                                    : get_mole Si - O -> nbonds: 4
04/08 15:09 [DEBUG] cshmd.analysis (get_mole)                                    : get_mole O - H -> nbonds: 1
04/08 15:09 [DEBUG] cshmd.analysis (find_bond)                                   : find_bond C - O rcut -> 1.6
04/08 15:09 [DEBUG] cshmd.analysis (get_mole)                                    : get_mole C - O -> nbonds: 3
04/08 15:09 [DEBUG] cshmd.analysis (get_mole)                                    : get_mole O - H -> nbonds: 3
04/08 15:09 [DEBUG] cshmd.analysis (find_bond)                                   : find_bond Ca - O rcut -> 3.0
04/08 15:09 [DEBUG] cshmd.common (time_wrapper)                                  : [RUNTIME] get_distance_table in 0.322 seconds
04/08 15:09 [DEBUG] cshmd.analysis (search_basic)                                : Basic search result -> H2O: 732, SiO4: 612, OH: 128, CO3: 0, H3O: 0, Ca_O: 4269
04/08 15:09 [DEBUG] cshmd.analysis (full_search)                                 : Search layer details
04/08 15:09 [DEBUG] cshmd.analysis (find_bond)                                   : find_bond Ca - O rcut -> 3.0
04/08 15:09 [DEBUG] cshmd.analysis (find_bond)                                   : find_bond Si - O rcut -> 2.2
04/08 15:09 [DEBUG] cshmd.analysis (__detail_search_oh_co3)                      : No CO3 in basic search
04/08 15:09 [DEBUG] cshmd.analysis (__detail_search_oh_sioh)                     : Searching 'OH' in 'SiO4
04/08 15:09 [DEBUG] cshmd.analysis (__detail_search_oh_caoh)                     : Searching 'OH' in 'CaOH
04/08 15:09 [INFO] cshmd.analysis (Qn)                                           : [Structure] Q1: 0.510
04/08 15:09 [INFO] cshmd.analysis (Qn)                                           : [Structure] Q2: 0.490
04/08 15:09 [INFO] cshmd.analysis (CS)                                           : [Structure] C/S: 1.069
04/08 15:09 [INFO] cshmd.analysis (validate_tetra)                               : [Structure] BT: 100, PT: 512
04/08 15:09 [INFO] cshmd.analysis (MCL)                                          : [Structure] MCL: 1.962
04/08 15:09 [DEBUG] cshmd.analysis (__init__)                                    : <class 'cshmd.analysis.Chain'> loaded
04/08 15:09 [DEBUG] cshmd.analysis (__init__)                                    : <class 'cshmd.analysis.Chain'> loaded
04/08 15:09 [DEBUG] cshmd.analysis (__init__)                                    : <class 'cshmd.analysis.Chain'> loaded
04/08 15:09 [DEBUG] cshmd.analysis (__init__)                                    : <class 'cshmd.analysis.Chain'> loaded
04/08 15:09 [INFO] cshmd.analysis (validate_tetra)                               : [Structure] CL : Length 2: 15 Length 5: 23 Length 8: 1
04/08 15:09 [INFO] cshmd.analysis (validate_tetra)                               : [Structure] MCL : 3.923076923076923
04/08 15:09 [INFO] cshmd.builder (update_manager)                                : [Structure] Number of atoms: 5504 -> 5738
04/08 15:09 [INFO] csh_builder (main)                                            : [Structure] Reading command 'terminate_NBO'...
04/08 15:09 [INFO] cshmd.builder (terminate_NBO)                                 : Do not run terminate, ratio == 0
04/08 15:09 [INFO] csh_builder (main)                                            : [Structure] Reading command 'add_BT'...
04/08 15:09 [INFO] cshmd.builder (add_BT)                                        : [Structure] 'Add Ca above all Bridging Tetra'
04/08 15:09 [INFO] cshmd.structure (add_Ca)                                      : [Structure] Add Ca
04/08 15:09 [INFO] cshmd.structure (add_Ca)                                      : [Structure] Add Ca
04/08 15:09 [DEBUG] cshmd.analysis (__init__)                                    : [Structure] Now new data setted for get Bonds
04/08 15:09 [DEBUG] cshmd.analysis (__del_bond__)                                : del -> Si_O O_H H_O Ca_O C_O BO NBO
04/08 15:09 [DEBUG] cshmd.analysis (__initialize_mole__)                         : initalize -> H2O SiO4 OH CO3 H3O
04/08 15:09 [DEBUG] cshmd.analysis (__initialize_mole__)                         : initalize -> SiOH CaOH HCO3 H2CO3 H3CO3
04/08 15:09 [DEBUG] cshmd.analysis (find_bond)                                   : find_bond O - H rcut -> 1.2
04/08 15:09 [DEBUG] cshmd.common (time_wrapper)                                  : [RUNTIME] get_distance_table in 0.717 seconds
04/08 15:09 [DEBUG] cshmd.analysis (get_mole)                                    : get_mole O - H -> nbonds: 2
04/08 15:09 [DEBUG] cshmd.analysis (find_bond)                                   : find_bond Si - O rcut -> 2.2
04/08 15:09 [DEBUG] cshmd.common (time_wrapper)                                  : [RUNTIME] get_distance_table in 0.270 seconds
04/08 15:09 [DEBUG] cshmd.analysis (get_mole)                                    : get_mole Si - O -> nbonds: 4
04/08 15:09 [DEBUG] cshmd.analysis (get_mole)                                    : get_mole O - H -> nbonds: 1
04/08 15:09 [DEBUG] cshmd.analysis (find_bond)                                   : find_bond C - O rcut -> 1.6
04/08 15:09 [DEBUG] cshmd.analysis (get_mole)                                    : get_mole C - O -> nbonds: 3
04/08 15:09 [DEBUG] cshmd.analysis (get_mole)                                    : get_mole O - H -> nbonds: 3
04/08 15:09 [DEBUG] cshmd.analysis (find_bond)                                   : find_bond Ca - O rcut -> 3.0
04/08 15:09 [DEBUG] cshmd.common (time_wrapper)                                  : [RUNTIME] get_distance_table in 0.344 seconds
04/08 15:09 [DEBUG] cshmd.analysis (search_basic)                                : Basic search result -> H2O: 732, SiO4: 612, OH: 128, CO3: 0, H3O: 0, Ca_O: 4344
04/08 15:09 [DEBUG] cshmd.analysis (full_search)                                 : Search layer details
04/08 15:09 [DEBUG] cshmd.analysis (find_bond)                                   : find_bond Ca - O rcut -> 3.0
04/08 15:09 [DEBUG] cshmd.analysis (find_bond)                                   : find_bond Si - O rcut -> 2.2
04/08 15:09 [DEBUG] cshmd.analysis (__detail_search_oh_co3)                      : No CO3 in basic search
04/08 15:09 [DEBUG] cshmd.analysis (__detail_search_oh_sioh)                     : Searching 'OH' in 'SiO4
04/08 15:09 [DEBUG] cshmd.analysis (__detail_search_oh_caoh)                     : Searching 'OH' in 'CaOH
04/08 15:09 [INFO] cshmd.analysis (Qn)                                           : [Structure] Q1: 0.510
04/08 15:09 [INFO] cshmd.analysis (Qn)                                           : [Structure] Q2: 0.490
04/08 15:09 [INFO] cshmd.analysis (CS)                                           : [Structure] C/S: 1.069
04/08 15:09 [INFO] cshmd.analysis (validate_tetra)                               : [Structure] BT: 100, PT: 512
04/08 15:09 [INFO] cshmd.analysis (MCL)                                          : [Structure] MCL: 1.962
04/08 15:09 [DEBUG] cshmd.analysis (__init__)                                    : <class 'cshmd.analysis.Chain'> loaded
04/08 15:09 [DEBUG] cshmd.analysis (__init__)                                    : <class 'cshmd.analysis.Chain'> loaded
04/08 15:09 [DEBUG] cshmd.analysis (__init__)                                    : <class 'cshmd.analysis.Chain'> loaded
04/08 15:09 [DEBUG] cshmd.analysis (__init__)                                    : <class 'cshmd.analysis.Chain'> loaded
04/08 15:09 [INFO] cshmd.analysis (validate_tetra)                               : [Structure] CL : Length 2: 15 Length 5: 23 Length 8: 1
04/08 15:09 [INFO] cshmd.analysis (validate_tetra)                               : [Structure] MCL : 3.923076923076923
04/08 15:09 [INFO] cshmd.builder (update_manager)                                : [Structure] Number of atoms: 5738 -> 5788
04/08 15:09 [INFO] cshmd.structure (writeCif)                                    : L04.cif was created
04/08 15:09 [INFO] cshmd.builder (out_model)                                     : Total Charge: 0
04/08 15:09 [INFO] csh_builder (main)                                            : ----------------------------------------------------------------------
04/08 15:09 [INFO] csh_builder (main)                                            : ----------------------------------------------------------------------
04/08 15:09 [INFO] csh_builder (main)                                            : 'L06.yaml' loaded
04/08 15:09 [INFO] cshmd.structure (__init__)                                    : /Users/kimuni/bin/kimuni/cshmd/data/resources/cif/T14_111_term.cif was loaded
04/08 15:09 [DEBUG] cshmd.analysis (__init__)                                    : [Structure] Now new data setted for get Bonds
04/08 15:09 [DEBUG] cshmd.analysis (__del_bond__)                                : del -> Si_O O_H H_O Ca_O C_O BO NBO
04/08 15:09 [DEBUG] cshmd.analysis (__initialize_mole__)                         : initalize -> H2O SiO4 OH CO3 H3O
04/08 15:09 [DEBUG] cshmd.analysis (__initialize_mole__)                         : initalize -> SiOH CaOH HCO3 H2CO3 H3CO3
04/08 15:09 [DEBUG] cshmd.analysis (find_bond)                                   : find_bond O - H rcut -> 1.2
04/08 15:09 [DEBUG] cshmd.common (time_wrapper)                                  : [RUNTIME] get_distance_table in 0.000 seconds
04/08 15:09 [DEBUG] cshmd.analysis (get_mole)                                    : get_mole O - H -> nbonds: 2
04/08 15:09 [DEBUG] cshmd.analysis (find_bond)                                   : find_bond Si - O rcut -> 2.2
04/08 15:09 [DEBUG] cshmd.common (time_wrapper)                                  : [RUNTIME] get_distance_table in 0.000 seconds
04/08 15:09 [DEBUG] cshmd.analysis (get_mole)                                    : get_mole Si - O -> nbonds: 4
04/08 15:09 [DEBUG] cshmd.analysis (get_mole)                                    : get_mole O - H -> nbonds: 1
04/08 15:09 [DEBUG] cshmd.analysis (find_bond)                                   : find_bond C - O rcut -> 1.6
04/08 15:09 [DEBUG] cshmd.analysis (get_mole)                                    : get_mole C - O -> nbonds: 3
04/08 15:09 [DEBUG] cshmd.analysis (get_mole)                                    : get_mole O - H -> nbonds: 3
04/08 15:09 [DEBUG] cshmd.analysis (find_bond)                                   : find_bond Ca - O rcut -> 3.0
04/08 15:09 [DEBUG] cshmd.common (time_wrapper)                                  : [RUNTIME] get_distance_table in 0.000 seconds
04/08 15:09 [DEBUG] cshmd.analysis (search_basic)                                : Basic search result -> H2O: 9, SiO4: 12, OH: 2, CO3: 0, H3O: 0, Ca_O: 60
04/08 15:09 [DEBUG] cshmd.analysis (full_search)                                 : Search layer details
04/08 15:09 [DEBUG] cshmd.analysis (find_bond)                                   : find_bond Ca - O rcut -> 3.0
04/08 15:09 [DEBUG] cshmd.analysis (find_bond)                                   : find_bond Si - O rcut -> 2.2
04/08 15:09 [DEBUG] cshmd.analysis (__detail_search_oh_co3)                      : No CO3 in basic search
04/08 15:09 [DEBUG] cshmd.analysis (__detail_search_oh_sioh)                     : Searching 'OH' in 'SiO4
04/08 15:09 [DEBUG] cshmd.analysis (__detail_search_oh_caoh)                     : No CaOH in basic search. RETURN
04/08 15:09 [INFO] cshmd.analysis (Qn)                                           : [Structure] Q2: 1.000
04/08 15:09 [INFO] cshmd.analysis (CS)                                           : [Structure] C/S: 0.750
04/08 15:09 [INFO] cshmd.analysis (validate_tetra)                               : [Structure] BT: 4, PT: 8
04/08 15:09 [INFO] cshmd.analysis (MCL)                                          : [Structure] MCL: inf
04/08 15:09 [DEBUG] cshmd.analysis (__init__)                                    : <class 'cshmd.analysis.Chain'> loaded
04/08 15:09 [DEBUG] cshmd.analysis (__init__)                                    : <class 'cshmd.analysis.Chain'> loaded
04/08 15:09 [DEBUG] cshmd.analysis (__init__)                                    : <class 'cshmd.analysis.Chain'> loaded
04/08 15:09 [DEBUG] cshmd.analysis (__init__)                                    : <class 'cshmd.analysis.Chain'> loaded
04/08 15:09 [INFO] cshmd.analysis (validate_tetra)                               : [Structure] CL : Length 3: 1
04/08 15:09 [INFO] cshmd.analysis (validate_tetra)                               : [Structure] MCL : 3.0
04/08 15:09 [INFO] cshmd.structure (__init__)                                    : /Users/kimuni/bin/kimuni/cshmd/data/resources/cif/T14_111_term.cif was loaded
04/08 15:09 [DEBUG] cshmd.analysis (__init__)                                    : [Structure] Now new data setted for get Bonds
04/08 15:09 [DEBUG] cshmd.analysis (__del_bond__)                                : del -> Si_O O_H H_O Ca_O C_O BO NBO
04/08 15:09 [DEBUG] cshmd.analysis (__initialize_mole__)                         : initalize -> H2O SiO4 OH CO3 H3O
04/08 15:09 [DEBUG] cshmd.analysis (__initialize_mole__)                         : initalize -> SiOH CaOH HCO3 H2CO3 H3CO3
04/08 15:09 [DEBUG] cshmd.analysis (find_bond)                                   : find_bond O - H rcut -> 1.2
04/08 15:09 [DEBUG] cshmd.common (time_wrapper)                                  : [RUNTIME] get_distance_table in 0.000 seconds
04/08 15:09 [DEBUG] cshmd.analysis (get_mole)                                    : get_mole O - H -> nbonds: 2
04/08 15:09 [DEBUG] cshmd.analysis (find_bond)                                   : find_bond Si - O rcut -> 2.2
04/08 15:09 [DEBUG] cshmd.common (time_wrapper)                                  : [RUNTIME] get_distance_table in 0.000 seconds
04/08 15:09 [DEBUG] cshmd.analysis (get_mole)                                    : get_mole Si - O -> nbonds: 4
04/08 15:09 [DEBUG] cshmd.analysis (get_mole)                                    : get_mole O - H -> nbonds: 1
04/08 15:09 [DEBUG] cshmd.analysis (find_bond)                                   : find_bond C - O rcut -> 1.6
04/08 15:09 [DEBUG] cshmd.analysis (get_mole)                                    : get_mole C - O -> nbonds: 3
04/08 15:09 [DEBUG] cshmd.analysis (get_mole)                                    : get_mole O - H -> nbonds: 3
04/08 15:09 [DEBUG] cshmd.analysis (find_bond)                                   : find_bond Ca - O rcut -> 3.0
04/08 15:09 [DEBUG] cshmd.common (time_wrapper)                                  : [RUNTIME] get_distance_table in 0.000 seconds
04/08 15:09 [DEBUG] cshmd.analysis (search_basic)                                : Basic search result -> H2O: 9, SiO4: 12, OH: 2, CO3: 0, H3O: 0, Ca_O: 60
04/08 15:09 [DEBUG] cshmd.analysis (full_search)                                 : Search layer details
04/08 15:09 [DEBUG] cshmd.analysis (find_bond)                                   : find_bond Ca - O rcut -> 3.0
04/08 15:09 [DEBUG] cshmd.analysis (find_bond)                                   : find_bond Si - O rcut -> 2.2
04/08 15:09 [DEBUG] cshmd.analysis (__detail_search_oh_co3)                      : No CO3 in basic search
04/08 15:09 [DEBUG] cshmd.analysis (__detail_search_oh_sioh)                     : Searching 'OH' in 'SiO4
04/08 15:09 [DEBUG] cshmd.analysis (__detail_search_oh_caoh)                     : No CaOH in basic search. RETURN
04/08 15:09 [INFO] cshmd.analysis (Qn)                                           : [Structure] Q2: 1.000
04/08 15:09 [INFO] cshmd.analysis (CS)                                           : [Structure] C/S: 0.750
04/08 15:09 [INFO] cshmd.analysis (validate_tetra)                               : [Structure] BT: 4, PT: 8
04/08 15:09 [INFO] cshmd.analysis (MCL)                                          : [Structure] MCL: inf
04/08 15:09 [DEBUG] cshmd.analysis (__init__)                                    : <class 'cshmd.analysis.Chain'> loaded
04/08 15:09 [DEBUG] cshmd.analysis (__init__)                                    : <class 'cshmd.analysis.Chain'> loaded
04/08 15:09 [DEBUG] cshmd.analysis (__init__)                                    : <class 'cshmd.analysis.Chain'> loaded
04/08 15:09 [DEBUG] cshmd.analysis (__init__)                                    : <class 'cshmd.analysis.Chain'> loaded
04/08 15:09 [INFO] cshmd.analysis (validate_tetra)                               : [Structure] CL : Length 3: 1
04/08 15:09 [INFO] cshmd.analysis (validate_tetra)                               : [Structure] MCL : 3.0
04/08 15:09 [INFO] csh_builder (main)                                            : [Structure] Reading command 'supercell'...
04/08 15:09 [INFO] cshmd.structure (makeSupercell)                               : [Structure] Supercell created 8 * 8 * 1
04/08 15:09 [DEBUG] cshmd.analysis (__init__)                                    : [Structure] Now new data setted for get Bonds
04/08 15:09 [DEBUG] cshmd.analysis (__del_bond__)                                : del -> Si_O O_H H_O Ca_O C_O BO NBO
04/08 15:09 [DEBUG] cshmd.analysis (__initialize_mole__)                         : initalize -> H2O SiO4 OH CO3 H3O
04/08 15:09 [DEBUG] cshmd.analysis (__initialize_mole__)                         : initalize -> SiOH CaOH HCO3 H2CO3 H3CO3
04/08 15:09 [DEBUG] cshmd.analysis (find_bond)                                   : find_bond O - H rcut -> 1.2
04/08 15:09 [DEBUG] cshmd.common (time_wrapper)                                  : [RUNTIME] get_distance_table in 0.573 seconds
04/08 15:09 [DEBUG] cshmd.analysis (get_mole)                                    : get_mole O - H -> nbonds: 2
04/08 15:09 [DEBUG] cshmd.analysis (find_bond)                                   : find_bond Si - O rcut -> 2.2
04/08 15:09 [DEBUG] cshmd.common (time_wrapper)                                  : [RUNTIME] get_distance_table in 0.350 seconds
04/08 15:09 [DEBUG] cshmd.analysis (get_mole)                                    : get_mole Si - O -> nbonds: 4
04/08 15:09 [DEBUG] cshmd.analysis (get_mole)                                    : get_mole O - H -> nbonds: 1
04/08 15:09 [DEBUG] cshmd.analysis (find_bond)                                   : find_bond C - O rcut -> 1.6
04/08 15:09 [DEBUG] cshmd.analysis (get_mole)                                    : get_mole C - O -> nbonds: 3
04/08 15:09 [DEBUG] cshmd.analysis (get_mole)                                    : get_mole O - H -> nbonds: 3
04/08 15:09 [DEBUG] cshmd.analysis (find_bond)                                   : find_bond Ca - O rcut -> 3.0
04/08 15:09 [DEBUG] cshmd.common (time_wrapper)                                  : [RUNTIME] get_distance_table in 0.263 seconds
04/08 15:09 [DEBUG] cshmd.analysis (search_basic)                                : Basic search result -> H2O: 576, SiO4: 768, OH: 128, CO3: 0, H3O: 0, Ca_O: 3840
04/08 15:09 [DEBUG] cshmd.analysis (full_search)                                 : Search layer details
04/08 15:09 [DEBUG] cshmd.analysis (find_bond)                                   : find_bond Ca - O rcut -> 3.0
04/08 15:09 [DEBUG] cshmd.analysis (find_bond)                                   : find_bond Si - O rcut -> 2.2
04/08 15:09 [DEBUG] cshmd.analysis (__detail_search_oh_co3)                      : No CO3 in basic search
04/08 15:09 [DEBUG] cshmd.analysis (__detail_search_oh_sioh)                     : Searching 'OH' in 'SiO4
04/08 15:09 [DEBUG] cshmd.analysis (__detail_search_oh_caoh)                     : No CaOH in basic search. RETURN
04/08 15:09 [INFO] cshmd.analysis (Qn)                                           : [Structure] Q2: 1.000
04/08 15:09 [INFO] cshmd.analysis (CS)                                           : [Structure] C/S: 0.750
04/08 15:09 [INFO] cshmd.analysis (validate_tetra)                               : [Structure] BT: 256, PT: 512
04/08 15:09 [INFO] cshmd.analysis (MCL)                                          : [Structure] MCL: inf
04/08 15:09 [DEBUG] cshmd.analysis (__init__)                                    : <class 'cshmd.analysis.Chain'> loaded
04/08 15:09 [DEBUG] cshmd.analysis (__init__)                                    : <class 'cshmd.analysis.Chain'> loaded
04/08 15:09 [DEBUG] cshmd.analysis (__init__)                                    : <class 'cshmd.analysis.Chain'> loaded
04/08 15:09 [DEBUG] cshmd.analysis (__init__)                                    : <class 'cshmd.analysis.Chain'> loaded
04/08 15:09 [INFO] cshmd.analysis (validate_tetra)                               : [Structure] CL : Length 24: 8
04/08 15:09 [INFO] cshmd.analysis (validate_tetra)                               : [Structure] MCL : 24.0
04/08 15:09 [INFO] cshmd.builder (update_manager)                                : [Structure] Number of atoms: 86 -> 5504
04/08 15:09 [INFO] csh_builder (main)                                            : [Structure] Reading command 'defect_BT'...
04/08 15:09 [INFO] cshmd.builder (defect_BT)                                     : [Structure] Termination scope: False
04/08 15:09 [INFO] cshmd.builder (defect_BT)                                     : [Structure] Exists 64 Bridging Tetra in 'up' side
04/08 15:09 [INFO] cshmd.structure (add_Ca)                                      : [Structure] Add Ca
04/08 15:09 [INFO] cshmd.builder (defect_BT)                                     : [Structure] Exists 64 Bridging Tetra in 'down' side
04/08 15:09 [INFO] cshmd.structure (add_Ca)                                      : [Structure] Add Ca
04/08 15:09 [INFO] cshmd.builder (defect_BT)                                     : [Structure] Termination scope: False
04/08 15:09 [INFO] cshmd.builder (defect_BT)                                     : [Structure] Exists 64 Bridging Tetra in 'down' side
04/08 15:09 [INFO] cshmd.structure (add_Ca)                                      : [Structure] Add Ca with 1 OH and with 2 H2O
04/08 15:09 [INFO] cshmd.builder (defect_BT)                                     : [Structure] Exists 64 Bridging Tetra in 'up' side
04/08 15:09 [INFO] cshmd.structure (add_Ca)                                      : [Structure] Add Ca with 1 OH and with 2 H2O
04/08 15:09 [INFO] cshmd.structure (check_rm_list)                               : Delete 392 atoms in rm_list
04/08 15:09 [DEBUG] cshmd.analysis (__init__)                                    : [Structure] Now new data setted for get Bonds
04/08 15:09 [DEBUG] cshmd.analysis (__del_bond__)                                : del -> Si_O O_H H_O Ca_O C_O BO NBO
04/08 15:09 [DEBUG] cshmd.analysis (__initialize_mole__)                         : initalize -> H2O SiO4 OH CO3 H3O
04/08 15:09 [DEBUG] cshmd.analysis (__initialize_mole__)                         : initalize -> SiOH CaOH HCO3 H2CO3 H3CO3
04/08 15:09 [DEBUG] cshmd.analysis (find_bond)                                   : find_bond O - H rcut -> 1.2
04/08 15:09 [DEBUG] cshmd.common (time_wrapper)                                  : [RUNTIME] get_distance_table in 0.684 seconds
04/08 15:09 [DEBUG] cshmd.analysis (get_mole)                                    : get_mole O - H -> nbonds: 2
04/08 15:09 [DEBUG] cshmd.analysis (find_bond)                                   : find_bond Si - O rcut -> 2.2
04/08 15:09 [DEBUG] cshmd.common (time_wrapper)                                  : [RUNTIME] get_distance_table in 0.291 seconds
04/08 15:09 [DEBUG] cshmd.analysis (get_mole)                                    : get_mole Si - O -> nbonds: 4
04/08 15:09 [DEBUG] cshmd.analysis (get_mole)                                    : get_mole O - H -> nbonds: 1
04/08 15:09 [DEBUG] cshmd.analysis (find_bond)                                   : find_bond C - O rcut -> 1.6
04/08 15:09 [DEBUG] cshmd.analysis (get_mole)                                    : get_mole C - O -> nbonds: 3
04/08 15:09 [DEBUG] cshmd.analysis (get_mole)                                    : get_mole O - H -> nbonds: 3
04/08 15:09 [DEBUG] cshmd.analysis (find_bond)                                   : find_bond Ca - O rcut -> 3.0
04/08 15:09 [DEBUG] cshmd.common (time_wrapper)                                  : [RUNTIME] get_distance_table in 0.307 seconds
04/08 15:09 [DEBUG] cshmd.analysis (search_basic)                                : Basic search result -> H2O: 688, SiO4: 656, OH: 128, CO3: 0, H3O: 0, Ca_O: 4148
04/08 15:09 [DEBUG] cshmd.analysis (full_search)                                 : Search layer details
04/08 15:09 [DEBUG] cshmd.analysis (find_bond)                                   : find_bond Ca - O rcut -> 3.0
04/08 15:09 [DEBUG] cshmd.analysis (find_bond)                                   : find_bond Si - O rcut -> 2.2
04/08 15:09 [DEBUG] cshmd.analysis (__detail_search_oh_co3)                      : No CO3 in basic search
04/08 15:09 [DEBUG] cshmd.analysis (__detail_search_oh_sioh)                     : Searching 'OH' in 'SiO4
04/08 15:09 [DEBUG] cshmd.analysis (__detail_search_oh_caoh)                     : Searching 'OH' in 'CaOH
04/08 15:09 [INFO] cshmd.analysis (Qn)                                           : [Structure] Q1: 0.341
04/08 15:09 [INFO] cshmd.analysis (Qn)                                           : [Structure] Q2: 0.659
04/08 15:09 [INFO] cshmd.analysis (CS)                                           : [Structure] C/S: 0.963
04/08 15:09 [INFO] cshmd.analysis (validate_tetra)                               : [Structure] BT: 144, PT: 512
04/08 15:09 [INFO] cshmd.analysis (MCL)                                          : [Structure] MCL: 2.929
04/08 15:09 [DEBUG] cshmd.analysis (__init__)                                    : <class 'cshmd.analysis.Chain'> loaded
04/08 15:09 [DEBUG] cshmd.analysis (__init__)                                    : <class 'cshmd.analysis.Chain'> loaded
04/08 15:09 [DEBUG] cshmd.analysis (__init__)                                    : <class 'cshmd.analysis.Chain'> loaded
04/08 15:09 [DEBUG] cshmd.analysis (__init__)                                    : <class 'cshmd.analysis.Chain'> loaded
04/08 15:09 [INFO] cshmd.analysis (validate_tetra)                               : [Structure] CL : Length 2: 5 Length 5: 10 Length 8: 13
04/08 15:09 [INFO] cshmd.analysis (validate_tetra)                               : [Structure] MCL : 5.857142857142857
04/08 15:09 [INFO] cshmd.builder (update_manager)                                : [Structure] Number of atoms: 5504 -> 5672
04/08 15:09 [INFO] csh_builder (main)                                            : [Structure] Reading command 'terminate_NBO'...
04/08 15:09 [INFO] cshmd.builder (terminate_NBO)                                 : Do not run terminate, ratio == 0
04/08 15:09 [INFO] csh_builder (main)                                            : [Structure] Reading command 'add_BT'...
04/08 15:09 [INFO] cshmd.builder (add_BT)                                        : [Structure] 'Add Ca above all Bridging Tetra'
04/08 15:09 [INFO] cshmd.structure (add_Ca)                                      : [Structure] Add Ca
04/08 15:09 [INFO] cshmd.structure (add_Ca)                                      : [Structure] Add Ca
04/08 15:09 [DEBUG] cshmd.analysis (__init__)                                    : [Structure] Now new data setted for get Bonds
04/08 15:09 [DEBUG] cshmd.analysis (__del_bond__)                                : del -> Si_O O_H H_O Ca_O C_O BO NBO
04/08 15:09 [DEBUG] cshmd.analysis (__initialize_mole__)                         : initalize -> H2O SiO4 OH CO3 H3O
04/08 15:09 [DEBUG] cshmd.analysis (__initialize_mole__)                         : initalize -> SiOH CaOH HCO3 H2CO3 H3CO3
04/08 15:09 [DEBUG] cshmd.analysis (find_bond)                                   : find_bond O - H rcut -> 1.2
04/08 15:09 [DEBUG] cshmd.common (time_wrapper)                                  : [RUNTIME] get_distance_table in 0.688 seconds
04/08 15:09 [DEBUG] cshmd.analysis (get_mole)                                    : get_mole O - H -> nbonds: 2
04/08 15:09 [DEBUG] cshmd.analysis (find_bond)                                   : find_bond Si - O rcut -> 2.2
04/08 15:09 [DEBUG] cshmd.common (time_wrapper)                                  : [RUNTIME] get_distance_table in 0.305 seconds
04/08 15:09 [DEBUG] cshmd.analysis (get_mole)                                    : get_mole Si - O -> nbonds: 4
04/08 15:09 [DEBUG] cshmd.analysis (get_mole)                                    : get_mole O - H -> nbonds: 1
04/08 15:09 [DEBUG] cshmd.analysis (find_bond)                                   : find_bond C - O rcut -> 1.6
04/08 15:09 [DEBUG] cshmd.analysis (get_mole)                                    : get_mole C - O -> nbonds: 3
04/08 15:09 [DEBUG] cshmd.analysis (get_mole)                                    : get_mole O - H -> nbonds: 3
04/08 15:09 [DEBUG] cshmd.analysis (find_bond)                                   : find_bond Ca - O rcut -> 3.0
04/08 15:09 [DEBUG] cshmd.common (time_wrapper)                                  : [RUNTIME] get_distance_table in 0.358 seconds
04/08 15:09 [DEBUG] cshmd.analysis (search_basic)                                : Basic search result -> H2O: 688, SiO4: 656, OH: 128, CO3: 0, H3O: 0, Ca_O: 4256
04/08 15:09 [DEBUG] cshmd.analysis (full_search)                                 : Search layer details
04/08 15:09 [DEBUG] cshmd.analysis (find_bond)                                   : find_bond Ca - O rcut -> 3.0
04/08 15:09 [DEBUG] cshmd.analysis (find_bond)                                   : find_bond Si - O rcut -> 2.2
04/08 15:09 [DEBUG] cshmd.analysis (__detail_search_oh_co3)                      : No CO3 in basic search
04/08 15:09 [DEBUG] cshmd.analysis (__detail_search_oh_sioh)                     : Searching 'OH' in 'SiO4
04/08 15:09 [DEBUG] cshmd.analysis (__detail_search_oh_caoh)                     : Searching 'OH' in 'CaOH
04/08 15:09 [INFO] cshmd.analysis (Qn)                                           : [Structure] Q1: 0.341
04/08 15:09 [INFO] cshmd.analysis (Qn)                                           : [Structure] Q2: 0.659
04/08 15:09 [INFO] cshmd.analysis (CS)                                           : [Structure] C/S: 0.963
04/08 15:09 [INFO] cshmd.analysis (validate_tetra)                               : [Structure] BT: 144, PT: 512
04/08 15:09 [INFO] cshmd.analysis (MCL)                                          : [Structure] MCL: 2.929
04/08 15:09 [DEBUG] cshmd.analysis (__init__)                                    : <class 'cshmd.analysis.Chain'> loaded
04/08 15:09 [DEBUG] cshmd.analysis (__init__)                                    : <class 'cshmd.analysis.Chain'> loaded
04/08 15:09 [DEBUG] cshmd.analysis (__init__)                                    : <class 'cshmd.analysis.Chain'> loaded
04/08 15:09 [DEBUG] cshmd.analysis (__init__)                                    : <class 'cshmd.analysis.Chain'> loaded
04/08 15:09 [INFO] cshmd.analysis (validate_tetra)                               : [Structure] CL : Length 2: 5 Length 5: 10 Length 8: 13
04/08 15:09 [INFO] cshmd.analysis (validate_tetra)                               : [Structure] MCL : 5.857142857142857
04/08 15:09 [INFO] cshmd.builder (update_manager)                                : [Structure] Number of atoms: 5672 -> 5744
04/08 15:09 [INFO] cshmd.structure (writeCif)                                    : L06.cif was created
04/08 15:09 [INFO] cshmd.builder (out_model)                                     : Total Charge: 0
04/08 15:09 [INFO] csh_builder (main)                                            : ----------------------------------------------------------------------
04/08 15:09 [INFO] csh_builder (main)                                            : ----------------------------------------------------------------------
04/08 15:09 [INFO] csh_builder (main)                                            : 'L08.yaml' loaded
04/08 15:09 [INFO] cshmd.structure (__init__)                                    : /Users/kimuni/bin/kimuni/cshmd/data/resources/cif/T14_111_term.cif was loaded
04/08 15:09 [DEBUG] cshmd.analysis (__init__)                                    : [Structure] Now new data setted for get Bonds
04/08 15:09 [DEBUG] cshmd.analysis (__del_bond__)                                : del -> Si_O O_H H_O Ca_O C_O BO NBO
04/08 15:09 [DEBUG] cshmd.analysis (__initialize_mole__)                         : initalize -> H2O SiO4 OH CO3 H3O
04/08 15:09 [DEBUG] cshmd.analysis (__initialize_mole__)                         : initalize -> SiOH CaOH HCO3 H2CO3 H3CO3
04/08 15:09 [DEBUG] cshmd.analysis (find_bond)                                   : find_bond O - H rcut -> 1.2
04/08 15:09 [DEBUG] cshmd.common (time_wrapper)                                  : [RUNTIME] get_distance_table in 0.000 seconds
04/08 15:09 [DEBUG] cshmd.analysis (get_mole)                                    : get_mole O - H -> nbonds: 2
04/08 15:09 [DEBUG] cshmd.analysis (find_bond)                                   : find_bond Si - O rcut -> 2.2
04/08 15:09 [DEBUG] cshmd.common (time_wrapper)                                  : [RUNTIME] get_distance_table in 0.000 seconds
04/08 15:09 [DEBUG] cshmd.analysis (get_mole)                                    : get_mole Si - O -> nbonds: 4
04/08 15:09 [DEBUG] cshmd.analysis (get_mole)                                    : get_mole O - H -> nbonds: 1
04/08 15:09 [DEBUG] cshmd.analysis (find_bond)                                   : find_bond C - O rcut -> 1.6
04/08 15:09 [DEBUG] cshmd.analysis (get_mole)                                    : get_mole C - O -> nbonds: 3
04/08 15:09 [DEBUG] cshmd.analysis (get_mole)                                    : get_mole O - H -> nbonds: 3
04/08 15:09 [DEBUG] cshmd.analysis (find_bond)                                   : find_bond Ca - O rcut -> 3.0
04/08 15:09 [DEBUG] cshmd.common (time_wrapper)                                  : [RUNTIME] get_distance_table in 0.000 seconds
04/08 15:09 [DEBUG] cshmd.analysis (search_basic)                                : Basic search result -> H2O: 9, SiO4: 12, OH: 2, CO3: 0, H3O: 0, Ca_O: 60
04/08 15:09 [DEBUG] cshmd.analysis (full_search)                                 : Search layer details
04/08 15:09 [DEBUG] cshmd.analysis (find_bond)                                   : find_bond Ca - O rcut -> 3.0
04/08 15:09 [DEBUG] cshmd.analysis (find_bond)                                   : find_bond Si - O rcut -> 2.2
04/08 15:09 [DEBUG] cshmd.analysis (__detail_search_oh_co3)                      : No CO3 in basic search
04/08 15:09 [DEBUG] cshmd.analysis (__detail_search_oh_sioh)                     : Searching 'OH' in 'SiO4
04/08 15:09 [DEBUG] cshmd.analysis (__detail_search_oh_caoh)                     : No CaOH in basic search. RETURN
04/08 15:09 [INFO] cshmd.analysis (Qn)                                           : [Structure] Q2: 1.000
04/08 15:09 [INFO] cshmd.analysis (CS)                                           : [Structure] C/S: 0.750
04/08 15:09 [INFO] cshmd.analysis (validate_tetra)                               : [Structure] BT: 4, PT: 8
04/08 15:09 [INFO] cshmd.analysis (MCL)                                          : [Structure] MCL: inf
04/08 15:09 [DEBUG] cshmd.analysis (__init__)                                    : <class 'cshmd.analysis.Chain'> loaded
04/08 15:09 [DEBUG] cshmd.analysis (__init__)                                    : <class 'cshmd.analysis.Chain'> loaded
04/08 15:09 [DEBUG] cshmd.analysis (__init__)                                    : <class 'cshmd.analysis.Chain'> loaded
04/08 15:09 [DEBUG] cshmd.analysis (__init__)                                    : <class 'cshmd.analysis.Chain'> loaded
04/08 15:09 [INFO] cshmd.analysis (validate_tetra)                               : [Structure] CL : Length 3: 1
04/08 15:09 [INFO] cshmd.analysis (validate_tetra)                               : [Structure] MCL : 3.0
04/08 15:09 [INFO] cshmd.structure (__init__)                                    : /Users/kimuni/bin/kimuni/cshmd/data/resources/cif/T14_111_term.cif was loaded
04/08 15:09 [DEBUG] cshmd.analysis (__init__)                                    : [Structure] Now new data setted for get Bonds
04/08 15:09 [DEBUG] cshmd.analysis (__del_bond__)                                : del -> Si_O O_H H_O Ca_O C_O BO NBO
04/08 15:09 [DEBUG] cshmd.analysis (__initialize_mole__)                         : initalize -> H2O SiO4 OH CO3 H3O
04/08 15:09 [DEBUG] cshmd.analysis (__initialize_mole__)                         : initalize -> SiOH CaOH HCO3 H2CO3 H3CO3
04/08 15:09 [DEBUG] cshmd.analysis (find_bond)                                   : find_bond O - H rcut -> 1.2
04/08 15:09 [DEBUG] cshmd.common (time_wrapper)                                  : [RUNTIME] get_distance_table in 0.000 seconds
04/08 15:09 [DEBUG] cshmd.analysis (get_mole)                                    : get_mole O - H -> nbonds: 2
04/08 15:09 [DEBUG] cshmd.analysis (find_bond)                                   : find_bond Si - O rcut -> 2.2
04/08 15:09 [DEBUG] cshmd.common (time_wrapper)                                  : [RUNTIME] get_distance_table in 0.000 seconds
04/08 15:09 [DEBUG] cshmd.analysis (get_mole)                                    : get_mole Si - O -> nbonds: 4
04/08 15:09 [DEBUG] cshmd.analysis (get_mole)                                    : get_mole O - H -> nbonds: 1
04/08 15:09 [DEBUG] cshmd.analysis (find_bond)                                   : find_bond C - O rcut -> 1.6
04/08 15:09 [DEBUG] cshmd.analysis (get_mole)                                    : get_mole C - O -> nbonds: 3
04/08 15:09 [DEBUG] cshmd.analysis (get_mole)                                    : get_mole O - H -> nbonds: 3
04/08 15:09 [DEBUG] cshmd.analysis (find_bond)                                   : find_bond Ca - O rcut -> 3.0
04/08 15:09 [DEBUG] cshmd.common (time_wrapper)                                  : [RUNTIME] get_distance_table in 0.000 seconds
04/08 15:09 [DEBUG] cshmd.analysis (search_basic)                                : Basic search result -> H2O: 9, SiO4: 12, OH: 2, CO3: 0, H3O: 0, Ca_O: 60
04/08 15:09 [DEBUG] cshmd.analysis (full_search)                                 : Search layer details
04/08 15:09 [DEBUG] cshmd.analysis (find_bond)                                   : find_bond Ca - O rcut -> 3.0
04/08 15:09 [DEBUG] cshmd.analysis (find_bond)                                   : find_bond Si - O rcut -> 2.2
04/08 15:09 [DEBUG] cshmd.analysis (__detail_search_oh_co3)                      : No CO3 in basic search
04/08 15:09 [DEBUG] cshmd.analysis (__detail_search_oh_sioh)                     : Searching 'OH' in 'SiO4
04/08 15:09 [DEBUG] cshmd.analysis (__detail_search_oh_caoh)                     : No CaOH in basic search. RETURN
04/08 15:09 [INFO] cshmd.analysis (Qn)                                           : [Structure] Q2: 1.000
04/08 15:09 [INFO] cshmd.analysis (CS)                                           : [Structure] C/S: 0.750
04/08 15:09 [INFO] cshmd.analysis (validate_tetra)                               : [Structure] BT: 4, PT: 8
04/08 15:09 [INFO] cshmd.analysis (MCL)                                          : [Structure] MCL: inf
04/08 15:09 [DEBUG] cshmd.analysis (__init__)                                    : <class 'cshmd.analysis.Chain'> loaded
04/08 15:09 [DEBUG] cshmd.analysis (__init__)                                    : <class 'cshmd.analysis.Chain'> loaded
04/08 15:09 [DEBUG] cshmd.analysis (__init__)                                    : <class 'cshmd.analysis.Chain'> loaded
04/08 15:09 [DEBUG] cshmd.analysis (__init__)                                    : <class 'cshmd.analysis.Chain'> loaded
04/08 15:09 [INFO] cshmd.analysis (validate_tetra)                               : [Structure] CL : Length 3: 1
04/08 15:09 [INFO] cshmd.analysis (validate_tetra)                               : [Structure] MCL : 3.0
04/08 15:09 [INFO] csh_builder (main)                                            : [Structure] Reading command 'supercell'...
04/08 15:09 [INFO] cshmd.structure (makeSupercell)                               : [Structure] Supercell created 8 * 8 * 1
04/08 15:09 [DEBUG] cshmd.analysis (__init__)                                    : [Structure] Now new data setted for get Bonds
04/08 15:09 [DEBUG] cshmd.analysis (__del_bond__)                                : del -> Si_O O_H H_O Ca_O C_O BO NBO
04/08 15:09 [DEBUG] cshmd.analysis (__initialize_mole__)                         : initalize -> H2O SiO4 OH CO3 H3O
04/08 15:09 [DEBUG] cshmd.analysis (__initialize_mole__)                         : initalize -> SiOH CaOH HCO3 H2CO3 H3CO3
04/08 15:09 [DEBUG] cshmd.analysis (find_bond)                                   : find_bond O - H rcut -> 1.2
04/08 15:09 [DEBUG] cshmd.common (time_wrapper)                                  : [RUNTIME] get_distance_table in 0.593 seconds
04/08 15:09 [DEBUG] cshmd.analysis (get_mole)                                    : get_mole O - H -> nbonds: 2
04/08 15:09 [DEBUG] cshmd.analysis (find_bond)                                   : find_bond Si - O rcut -> 2.2
04/08 15:09 [DEBUG] cshmd.common (time_wrapper)                                  : [RUNTIME] get_distance_table in 0.348 seconds
04/08 15:09 [DEBUG] cshmd.analysis (get_mole)                                    : get_mole Si - O -> nbonds: 4
04/08 15:09 [DEBUG] cshmd.analysis (get_mole)                                    : get_mole O - H -> nbonds: 1
04/08 15:09 [DEBUG] cshmd.analysis (find_bond)                                   : find_bond C - O rcut -> 1.6
04/08 15:09 [DEBUG] cshmd.analysis (get_mole)                                    : get_mole C - O -> nbonds: 3
04/08 15:09 [DEBUG] cshmd.analysis (get_mole)                                    : get_mole O - H -> nbonds: 3
04/08 15:09 [DEBUG] cshmd.analysis (find_bond)                                   : find_bond Ca - O rcut -> 3.0
04/08 15:09 [DEBUG] cshmd.common (time_wrapper)                                  : [RUNTIME] get_distance_table in 0.264 seconds
04/08 15:09 [DEBUG] cshmd.analysis (search_basic)                                : Basic search result -> H2O: 576, SiO4: 768, OH: 128, CO3: 0, H3O: 0, Ca_O: 3840
04/08 15:09 [DEBUG] cshmd.analysis (full_search)                                 : Search layer details
04/08 15:09 [DEBUG] cshmd.analysis (find_bond)                                   : find_bond Ca - O rcut -> 3.0
04/08 15:09 [DEBUG] cshmd.analysis (find_bond)                                   : find_bond Si - O rcut -> 2.2
04/08 15:09 [DEBUG] cshmd.analysis (__detail_search_oh_co3)                      : No CO3 in basic search
04/08 15:09 [DEBUG] cshmd.analysis (__detail_search_oh_sioh)                     : Searching 'OH' in 'SiO4
04/08 15:09 [DEBUG] cshmd.analysis (__detail_search_oh_caoh)                     : No CaOH in basic search. RETURN
04/08 15:09 [INFO] cshmd.analysis (Qn)                                           : [Structure] Q2: 1.000
04/08 15:09 [INFO] cshmd.analysis (CS)                                           : [Structure] C/S: 0.750
04/08 15:09 [INFO] cshmd.analysis (validate_tetra)                               : [Structure] BT: 256, PT: 512
04/08 15:09 [INFO] cshmd.analysis (MCL)                                          : [Structure] MCL: inf
04/08 15:09 [DEBUG] cshmd.analysis (__init__)                                    : <class 'cshmd.analysis.Chain'> loaded
04/08 15:09 [DEBUG] cshmd.analysis (__init__)                                    : <class 'cshmd.analysis.Chain'> loaded
04/08 15:09 [DEBUG] cshmd.analysis (__init__)                                    : <class 'cshmd.analysis.Chain'> loaded
04/08 15:09 [DEBUG] cshmd.analysis (__init__)                                    : <class 'cshmd.analysis.Chain'> loaded
04/08 15:09 [INFO] cshmd.analysis (validate_tetra)                               : [Structure] CL : Length 24: 8
04/08 15:09 [INFO] cshmd.analysis (validate_tetra)                               : [Structure] MCL : 24.0
04/08 15:09 [INFO] cshmd.builder (update_manager)                                : [Structure] Number of atoms: 86 -> 5504
04/08 15:09 [INFO] csh_builder (main)                                            : [Structure] Reading command 'defect_BT'...
04/08 15:09 [INFO] cshmd.builder (defect_BT)                                     : [Structure] Termination scope: False
04/08 15:09 [INFO] cshmd.builder (defect_BT)                                     : [Structure] Exists 64 Bridging Tetra in 'up' side
04/08 15:09 [INFO] cshmd.structure (add_Ca)                                      : [Structure] Add Ca
04/08 15:09 [INFO] cshmd.builder (defect_BT)                                     : [Structure] Exists 64 Bridging Tetra in 'down' side
04/08 15:09 [INFO] cshmd.structure (add_Ca)                                      : [Structure] Add Ca
04/08 15:09 [INFO] cshmd.builder (defect_BT)                                     : [Structure] Termination scope: False
04/08 15:09 [INFO] cshmd.builder (defect_BT)                                     : [Structure] Exists 64 Bridging Tetra in 'down' side
04/08 15:09 [INFO] cshmd.structure (add_Ca)                                      : [Structure] Add Ca with 1 OH and with 2 H2O
04/08 15:09 [INFO] cshmd.builder (defect_BT)                                     : [Structure] Exists 64 Bridging Tetra in 'up' side
04/08 15:09 [INFO] cshmd.structure (add_Ca)                                      : [Structure] Add Ca with 1 OH and with 2 H2O
04/08 15:09 [INFO] cshmd.structure (check_rm_list)                               : Delete 308 atoms in rm_list
04/08 15:09 [DEBUG] cshmd.analysis (__init__)                                    : [Structure] Now new data setted for get Bonds
04/08 15:09 [DEBUG] cshmd.analysis (__del_bond__)                                : del -> Si_O O_H H_O Ca_O C_O BO NBO
04/08 15:09 [DEBUG] cshmd.analysis (__initialize_mole__)                         : initalize -> H2O SiO4 OH CO3 H3O
04/08 15:09 [DEBUG] cshmd.analysis (__initialize_mole__)                         : initalize -> SiOH CaOH HCO3 H2CO3 H3CO3
04/08 15:09 [DEBUG] cshmd.analysis (find_bond)                                   : find_bond O - H rcut -> 1.2
04/08 15:09 [DEBUG] cshmd.common (time_wrapper)                                  : [RUNTIME] get_distance_table in 0.669 seconds
04/08 15:09 [DEBUG] cshmd.analysis (get_mole)                                    : get_mole O - H -> nbonds: 2
04/08 15:09 [DEBUG] cshmd.analysis (find_bond)                                   : find_bond Si - O rcut -> 2.2
04/08 15:09 [DEBUG] cshmd.common (time_wrapper)                                  : [RUNTIME] get_distance_table in 0.305 seconds
04/08 15:09 [DEBUG] cshmd.analysis (get_mole)                                    : get_mole Si - O -> nbonds: 4
04/08 15:09 [DEBUG] cshmd.analysis (get_mole)                                    : get_mole O - H -> nbonds: 1
04/08 15:09 [DEBUG] cshmd.analysis (find_bond)                                   : find_bond C - O rcut -> 1.6
04/08 15:09 [DEBUG] cshmd.analysis (get_mole)                                    : get_mole C - O -> nbonds: 3
04/08 15:09 [DEBUG] cshmd.analysis (get_mole)                                    : get_mole O - H -> nbonds: 3
04/08 15:09 [DEBUG] cshmd.analysis (find_bond)                                   : find_bond Ca - O rcut -> 3.0
04/08 15:10 [DEBUG] cshmd.common (time_wrapper)                                  : [RUNTIME] get_distance_table in 0.301 seconds
04/08 15:10 [DEBUG] cshmd.analysis (search_basic)                                : Basic search result -> H2O: 664, SiO4: 680, OH: 128, CO3: 0, H3O: 0, Ca_O: 4082
04/08 15:10 [DEBUG] cshmd.analysis (full_search)                                 : Search layer details
04/08 15:10 [DEBUG] cshmd.analysis (find_bond)                                   : find_bond Ca - O rcut -> 3.0
04/08 15:10 [DEBUG] cshmd.analysis (find_bond)                                   : find_bond Si - O rcut -> 2.2
04/08 15:10 [DEBUG] cshmd.analysis (__detail_search_oh_co3)                      : No CO3 in basic search
04/08 15:10 [DEBUG] cshmd.analysis (__detail_search_oh_sioh)                     : Searching 'OH' in 'SiO4
04/08 15:10 [DEBUG] cshmd.analysis (__detail_search_oh_caoh)                     : Searching 'OH' in 'CaOH
04/08 15:10 [INFO] cshmd.analysis (Qn)                                           : [Structure] Q1: 0.259
04/08 15:10 [INFO] cshmd.analysis (Qn)                                           : [Structure] Q2: 0.741
04/08 15:10 [INFO] cshmd.analysis (CS)                                           : [Structure] C/S: 0.912
04/08 15:10 [INFO] cshmd.analysis (validate_tetra)                               : [Structure] BT: 168, PT: 512
04/08 15:10 [INFO] cshmd.analysis (MCL)                                          : [Structure] MCL: 3.864
04/08 15:10 [DEBUG] cshmd.analysis (__init__)                                    : <class 'cshmd.analysis.Chain'> loaded
04/08 15:10 [DEBUG] cshmd.analysis (__init__)                                    : <class 'cshmd.analysis.Chain'> loaded
04/08 15:10 [DEBUG] cshmd.analysis (__init__)                                    : <class 'cshmd.analysis.Chain'> loaded
04/08 15:10 [DEBUG] cshmd.analysis (__init__)                                    : <class 'cshmd.analysis.Chain'> loaded
04/08 15:10 [INFO] cshmd.analysis (validate_tetra)                               : [Structure] CL : Length 2: 2 Length 5: 4 Length 8: 10 Length 11: 6
04/08 15:10 [INFO] cshmd.analysis (validate_tetra)                               : [Structure] MCL : 7.7272727272727275
04/08 15:10 [INFO] cshmd.builder (update_manager)                                : [Structure] Number of atoms: 5504 -> 5636
04/08 15:10 [INFO] csh_builder (main)                                            : [Structure] Reading command 'terminate_NBO'...
04/08 15:10 [INFO] cshmd.builder (terminate_NBO)                                 : Do not run terminate, ratio == 0
04/08 15:10 [INFO] csh_builder (main)                                            : [Structure] Reading command 'add_BT'...
04/08 15:10 [INFO] cshmd.builder (add_BT)                                        : [Structure] 'Add Ca above all Bridging Tetra'
04/08 15:10 [INFO] cshmd.structure (add_Ca)                                      : [Structure] Add Ca
04/08 15:10 [INFO] cshmd.structure (add_Ca)                                      : [Structure] Add Ca
04/08 15:10 [DEBUG] cshmd.analysis (__init__)                                    : [Structure] Now new data setted for get Bonds
04/08 15:10 [DEBUG] cshmd.analysis (__del_bond__)                                : del -> Si_O O_H H_O Ca_O C_O BO NBO
04/08 15:10 [DEBUG] cshmd.analysis (__initialize_mole__)                         : initalize -> H2O SiO4 OH CO3 H3O
04/08 15:10 [DEBUG] cshmd.analysis (__initialize_mole__)                         : initalize -> SiOH CaOH HCO3 H2CO3 H3CO3
04/08 15:10 [DEBUG] cshmd.analysis (find_bond)                                   : find_bond O - H rcut -> 1.2
04/08 15:10 [DEBUG] cshmd.common (time_wrapper)                                  : [RUNTIME] get_distance_table in 0.669 seconds
04/08 15:10 [DEBUG] cshmd.analysis (get_mole)                                    : get_mole O - H -> nbonds: 2
04/08 15:10 [DEBUG] cshmd.analysis (find_bond)                                   : find_bond Si - O rcut -> 2.2
04/08 15:10 [DEBUG] cshmd.common (time_wrapper)                                  : [RUNTIME] get_distance_table in 0.319 seconds
04/08 15:10 [DEBUG] cshmd.analysis (get_mole)                                    : get_mole Si - O -> nbonds: 4
04/08 15:10 [DEBUG] cshmd.analysis (get_mole)                                    : get_mole O - H -> nbonds: 1
04/08 15:10 [DEBUG] cshmd.analysis (find_bond)                                   : find_bond C - O rcut -> 1.6
04/08 15:10 [DEBUG] cshmd.analysis (get_mole)                                    : get_mole C - O -> nbonds: 3
04/08 15:10 [DEBUG] cshmd.analysis (get_mole)                                    : get_mole O - H -> nbonds: 3
04/08 15:10 [DEBUG] cshmd.analysis (find_bond)                                   : find_bond Ca - O rcut -> 3.0
04/08 15:10 [DEBUG] cshmd.common (time_wrapper)                                  : [RUNTIME] get_distance_table in 0.336 seconds
04/08 15:10 [DEBUG] cshmd.analysis (search_basic)                                : Basic search result -> H2O: 664, SiO4: 680, OH: 128, CO3: 0, H3O: 0, Ca_O: 4208
04/08 15:10 [DEBUG] cshmd.analysis (full_search)                                 : Search layer details
04/08 15:10 [DEBUG] cshmd.analysis (find_bond)                                   : find_bond Ca - O rcut -> 3.0
04/08 15:10 [DEBUG] cshmd.analysis (find_bond)                                   : find_bond Si - O rcut -> 2.2
04/08 15:10 [DEBUG] cshmd.analysis (__detail_search_oh_co3)                      : No CO3 in basic search
04/08 15:10 [DEBUG] cshmd.analysis (__detail_search_oh_sioh)                     : Searching 'OH' in 'SiO4
04/08 15:10 [DEBUG] cshmd.analysis (__detail_search_oh_caoh)                     : Searching 'OH' in 'CaOH
04/08 15:10 [INFO] cshmd.analysis (Qn)                                           : [Structure] Q1: 0.259
04/08 15:10 [INFO] cshmd.analysis (Qn)                                           : [Structure] Q2: 0.741
04/08 15:10 [INFO] cshmd.analysis (CS)                                           : [Structure] C/S: 0.912
04/08 15:10 [INFO] cshmd.analysis (validate_tetra)                               : [Structure] BT: 168, PT: 512
04/08 15:10 [INFO] cshmd.analysis (MCL)                                          : [Structure] MCL: 3.864
04/08 15:10 [DEBUG] cshmd.analysis (__init__)                                    : <class 'cshmd.analysis.Chain'> loaded
04/08 15:10 [DEBUG] cshmd.analysis (__init__)                                    : <class 'cshmd.analysis.Chain'> loaded
04/08 15:10 [DEBUG] cshmd.analysis (__init__)                                    : <class 'cshmd.analysis.Chain'> loaded
04/08 15:10 [DEBUG] cshmd.analysis (__init__)                                    : <class 'cshmd.analysis.Chain'> loaded
04/08 15:10 [INFO] cshmd.analysis (validate_tetra)                               : [Structure] CL : Length 2: 2 Length 5: 4 Length 8: 10 Length 11: 6
04/08 15:10 [INFO] cshmd.analysis (validate_tetra)                               : [Structure] MCL : 7.7272727272727275
04/08 15:10 [INFO] cshmd.builder (update_manager)                                : [Structure] Number of atoms: 5636 -> 5720
04/08 15:10 [INFO] cshmd.structure (writeCif)                                    : L08.cif was created
04/08 15:10 [INFO] cshmd.builder (out_model)                                     : Total Charge: 0
04/08 15:10 [INFO] csh_builder (main)                                            : ----------------------------------------------------------------------
04/08 15:10 [INFO] csh_builder (main)                                            : ----------------------------------------------------------------------
04/08 15:10 [INFO] csh_builder (main)                                            : 'L10.yaml' loaded
04/08 15:10 [INFO] cshmd.structure (__init__)                                    : /Users/kimuni/bin/kimuni/cshmd/data/resources/cif/T14_111_term.cif was loaded
04/08 15:10 [DEBUG] cshmd.analysis (__init__)                                    : [Structure] Now new data setted for get Bonds
04/08 15:10 [DEBUG] cshmd.analysis (__del_bond__)                                : del -> Si_O O_H H_O Ca_O C_O BO NBO
04/08 15:10 [DEBUG] cshmd.analysis (__initialize_mole__)                         : initalize -> H2O SiO4 OH CO3 H3O
04/08 15:10 [DEBUG] cshmd.analysis (__initialize_mole__)                         : initalize -> SiOH CaOH HCO3 H2CO3 H3CO3
04/08 15:10 [DEBUG] cshmd.analysis (find_bond)                                   : find_bond O - H rcut -> 1.2
04/08 15:10 [DEBUG] cshmd.common (time_wrapper)                                  : [RUNTIME] get_distance_table in 0.000 seconds
04/08 15:10 [DEBUG] cshmd.analysis (get_mole)                                    : get_mole O - H -> nbonds: 2
04/08 15:10 [DEBUG] cshmd.analysis (find_bond)                                   : find_bond Si - O rcut -> 2.2
04/08 15:10 [DEBUG] cshmd.common (time_wrapper)                                  : [RUNTIME] get_distance_table in 0.000 seconds
04/08 15:10 [DEBUG] cshmd.analysis (get_mole)                                    : get_mole Si - O -> nbonds: 4
04/08 15:10 [DEBUG] cshmd.analysis (get_mole)                                    : get_mole O - H -> nbonds: 1
04/08 15:10 [DEBUG] cshmd.analysis (find_bond)                                   : find_bond C - O rcut -> 1.6
04/08 15:10 [DEBUG] cshmd.analysis (get_mole)                                    : get_mole C - O -> nbonds: 3
04/08 15:10 [DEBUG] cshmd.analysis (get_mole)                                    : get_mole O - H -> nbonds: 3
04/08 15:10 [DEBUG] cshmd.analysis (find_bond)                                   : find_bond Ca - O rcut -> 3.0
04/08 15:10 [DEBUG] cshmd.common (time_wrapper)                                  : [RUNTIME] get_distance_table in 0.000 seconds
04/08 15:10 [DEBUG] cshmd.analysis (search_basic)                                : Basic search result -> H2O: 9, SiO4: 12, OH: 2, CO3: 0, H3O: 0, Ca_O: 60
04/08 15:10 [DEBUG] cshmd.analysis (full_search)                                 : Search layer details
04/08 15:10 [DEBUG] cshmd.analysis (find_bond)                                   : find_bond Ca - O rcut -> 3.0
04/08 15:10 [DEBUG] cshmd.analysis (find_bond)                                   : find_bond Si - O rcut -> 2.2
04/08 15:10 [DEBUG] cshmd.analysis (__detail_search_oh_co3)                      : No CO3 in basic search
04/08 15:10 [DEBUG] cshmd.analysis (__detail_search_oh_sioh)                     : Searching 'OH' in 'SiO4
04/08 15:10 [DEBUG] cshmd.analysis (__detail_search_oh_caoh)                     : No CaOH in basic search. RETURN
04/08 15:10 [INFO] cshmd.analysis (Qn)                                           : [Structure] Q2: 1.000
04/08 15:10 [INFO] cshmd.analysis (CS)                                           : [Structure] C/S: 0.750
04/08 15:10 [INFO] cshmd.analysis (validate_tetra)                               : [Structure] BT: 4, PT: 8
04/08 15:10 [INFO] cshmd.analysis (MCL)                                          : [Structure] MCL: inf
04/08 15:10 [DEBUG] cshmd.analysis (__init__)                                    : <class 'cshmd.analysis.Chain'> loaded
04/08 15:10 [DEBUG] cshmd.analysis (__init__)                                    : <class 'cshmd.analysis.Chain'> loaded
04/08 15:10 [DEBUG] cshmd.analysis (__init__)                                    : <class 'cshmd.analysis.Chain'> loaded
04/08 15:10 [DEBUG] cshmd.analysis (__init__)                                    : <class 'cshmd.analysis.Chain'> loaded
04/08 15:10 [INFO] cshmd.analysis (validate_tetra)                               : [Structure] CL : Length 3: 1
04/08 15:10 [INFO] cshmd.analysis (validate_tetra)                               : [Structure] MCL : 3.0
04/08 15:10 [INFO] cshmd.structure (__init__)                                    : /Users/kimuni/bin/kimuni/cshmd/data/resources/cif/T14_111_term.cif was loaded
04/08 15:10 [DEBUG] cshmd.analysis (__init__)                                    : [Structure] Now new data setted for get Bonds
04/08 15:10 [DEBUG] cshmd.analysis (__del_bond__)                                : del -> Si_O O_H H_O Ca_O C_O BO NBO
04/08 15:10 [DEBUG] cshmd.analysis (__initialize_mole__)                         : initalize -> H2O SiO4 OH CO3 H3O
04/08 15:10 [DEBUG] cshmd.analysis (__initialize_mole__)                         : initalize -> SiOH CaOH HCO3 H2CO3 H3CO3
04/08 15:10 [DEBUG] cshmd.analysis (find_bond)                                   : find_bond O - H rcut -> 1.2
04/08 15:10 [DEBUG] cshmd.common (time_wrapper)                                  : [RUNTIME] get_distance_table in 0.000 seconds
04/08 15:10 [DEBUG] cshmd.analysis (get_mole)                                    : get_mole O - H -> nbonds: 2
04/08 15:10 [DEBUG] cshmd.analysis (find_bond)                                   : find_bond Si - O rcut -> 2.2
04/08 15:10 [DEBUG] cshmd.common (time_wrapper)                                  : [RUNTIME] get_distance_table in 0.000 seconds
04/08 15:10 [DEBUG] cshmd.analysis (get_mole)                                    : get_mole Si - O -> nbonds: 4
04/08 15:10 [DEBUG] cshmd.analysis (get_mole)                                    : get_mole O - H -> nbonds: 1
04/08 15:10 [DEBUG] cshmd.analysis (find_bond)                                   : find_bond C - O rcut -> 1.6
04/08 15:10 [DEBUG] cshmd.analysis (get_mole)                                    : get_mole C - O -> nbonds: 3
04/08 15:10 [DEBUG] cshmd.analysis (get_mole)                                    : get_mole O - H -> nbonds: 3
04/08 15:10 [DEBUG] cshmd.analysis (find_bond)                                   : find_bond Ca - O rcut -> 3.0
04/08 15:10 [DEBUG] cshmd.common (time_wrapper)                                  : [RUNTIME] get_distance_table in 0.000 seconds
04/08 15:10 [DEBUG] cshmd.analysis (search_basic)                                : Basic search result -> H2O: 9, SiO4: 12, OH: 2, CO3: 0, H3O: 0, Ca_O: 60
04/08 15:10 [DEBUG] cshmd.analysis (full_search)                                 : Search layer details
04/08 15:10 [DEBUG] cshmd.analysis (find_bond)                                   : find_bond Ca - O rcut -> 3.0
04/08 15:10 [DEBUG] cshmd.analysis (find_bond)                                   : find_bond Si - O rcut -> 2.2
04/08 15:10 [DEBUG] cshmd.analysis (__detail_search_oh_co3)                      : No CO3 in basic search
04/08 15:10 [DEBUG] cshmd.analysis (__detail_search_oh_sioh)                     : Searching 'OH' in 'SiO4
04/08 15:10 [DEBUG] cshmd.analysis (__detail_search_oh_caoh)                     : No CaOH in basic search. RETURN
04/08 15:10 [INFO] cshmd.analysis (Qn)                                           : [Structure] Q2: 1.000
04/08 15:10 [INFO] cshmd.analysis (CS)                                           : [Structure] C/S: 0.750
04/08 15:10 [INFO] cshmd.analysis (validate_tetra)                               : [Structure] BT: 4, PT: 8
04/08 15:10 [INFO] cshmd.analysis (MCL)                                          : [Structure] MCL: inf
04/08 15:10 [DEBUG] cshmd.analysis (__init__)                                    : <class 'cshmd.analysis.Chain'> loaded
04/08 15:10 [DEBUG] cshmd.analysis (__init__)                                    : <class 'cshmd.analysis.Chain'> loaded
04/08 15:10 [DEBUG] cshmd.analysis (__init__)                                    : <class 'cshmd.analysis.Chain'> loaded
04/08 15:10 [DEBUG] cshmd.analysis (__init__)                                    : <class 'cshmd.analysis.Chain'> loaded
04/08 15:10 [INFO] cshmd.analysis (validate_tetra)                               : [Structure] CL : Length 3: 1
04/08 15:10 [INFO] cshmd.analysis (validate_tetra)                               : [Structure] MCL : 3.0
04/08 15:10 [INFO] csh_builder (main)                                            : [Structure] Reading command 'supercell'...
04/08 15:10 [INFO] cshmd.structure (makeSupercell)                               : [Structure] Supercell created 8 * 8 * 1
04/08 15:10 [DEBUG] cshmd.analysis (__init__)                                    : [Structure] Now new data setted for get Bonds
04/08 15:10 [DEBUG] cshmd.analysis (__del_bond__)                                : del -> Si_O O_H H_O Ca_O C_O BO NBO
04/08 15:10 [DEBUG] cshmd.analysis (__initialize_mole__)                         : initalize -> H2O SiO4 OH CO3 H3O
04/08 15:10 [DEBUG] cshmd.analysis (__initialize_mole__)                         : initalize -> SiOH CaOH HCO3 H2CO3 H3CO3
04/08 15:10 [DEBUG] cshmd.analysis (find_bond)                                   : find_bond O - H rcut -> 1.2
04/08 15:10 [DEBUG] cshmd.common (time_wrapper)                                  : [RUNTIME] get_distance_table in 0.581 seconds
04/08 15:10 [DEBUG] cshmd.analysis (get_mole)                                    : get_mole O - H -> nbonds: 2
04/08 15:10 [DEBUG] cshmd.analysis (find_bond)                                   : find_bond Si - O rcut -> 2.2
04/08 15:10 [DEBUG] cshmd.common (time_wrapper)                                  : [RUNTIME] get_distance_table in 0.388 seconds
04/08 15:10 [DEBUG] cshmd.analysis (get_mole)                                    : get_mole Si - O -> nbonds: 4
04/08 15:10 [DEBUG] cshmd.analysis (get_mole)                                    : get_mole O - H -> nbonds: 1
04/08 15:10 [DEBUG] cshmd.analysis (find_bond)                                   : find_bond C - O rcut -> 1.6
04/08 15:10 [DEBUG] cshmd.analysis (get_mole)                                    : get_mole C - O -> nbonds: 3
04/08 15:10 [DEBUG] cshmd.analysis (get_mole)                                    : get_mole O - H -> nbonds: 3
04/08 15:10 [DEBUG] cshmd.analysis (find_bond)                                   : find_bond Ca - O rcut -> 3.0
04/08 15:10 [DEBUG] cshmd.common (time_wrapper)                                  : [RUNTIME] get_distance_table in 0.308 seconds
04/08 15:10 [DEBUG] cshmd.analysis (search_basic)                                : Basic search result -> H2O: 576, SiO4: 768, OH: 128, CO3: 0, H3O: 0, Ca_O: 3840
04/08 15:10 [DEBUG] cshmd.analysis (full_search)                                 : Search layer details
04/08 15:10 [DEBUG] cshmd.analysis (find_bond)                                   : find_bond Ca - O rcut -> 3.0
04/08 15:10 [DEBUG] cshmd.analysis (find_bond)                                   : find_bond Si - O rcut -> 2.2
04/08 15:10 [DEBUG] cshmd.analysis (__detail_search_oh_co3)                      : No CO3 in basic search
04/08 15:10 [DEBUG] cshmd.analysis (__detail_search_oh_sioh)                     : Searching 'OH' in 'SiO4
04/08 15:10 [DEBUG] cshmd.analysis (__detail_search_oh_caoh)                     : No CaOH in basic search. RETURN
04/08 15:10 [INFO] cshmd.analysis (Qn)                                           : [Structure] Q2: 1.000
04/08 15:10 [INFO] cshmd.analysis (CS)                                           : [Structure] C/S: 0.750
04/08 15:10 [INFO] cshmd.analysis (validate_tetra)                               : [Structure] BT: 256, PT: 512
04/08 15:10 [INFO] cshmd.analysis (MCL)                                          : [Structure] MCL: inf
04/08 15:10 [DEBUG] cshmd.analysis (__init__)                                    : <class 'cshmd.analysis.Chain'> loaded
04/08 15:10 [DEBUG] cshmd.analysis (__init__)                                    : <class 'cshmd.analysis.Chain'> loaded
04/08 15:10 [DEBUG] cshmd.analysis (__init__)                                    : <class 'cshmd.analysis.Chain'> loaded
04/08 15:10 [DEBUG] cshmd.analysis (__init__)                                    : <class 'cshmd.analysis.Chain'> loaded
04/08 15:10 [INFO] cshmd.analysis (validate_tetra)                               : [Structure] CL : Length 24: 8
04/08 15:10 [INFO] cshmd.analysis (validate_tetra)                               : [Structure] MCL : 24.0
04/08 15:10 [INFO] cshmd.builder (update_manager)                                : [Structure] Number of atoms: 86 -> 5504
04/08 15:10 [INFO] csh_builder (main)                                            : [Structure] Reading command 'defect_BT'...
04/08 15:10 [INFO] cshmd.builder (defect_BT)                                     : [Structure] Termination scope: False
04/08 15:10 [INFO] cshmd.builder (defect_BT)                                     : [Structure] Exists 64 Bridging Tetra in 'up' side
04/08 15:10 [INFO] cshmd.structure (add_Ca)                                      : [Structure] Add Ca
04/08 15:10 [INFO] cshmd.builder (defect_BT)                                     : [Structure] Exists 64 Bridging Tetra in 'down' side
04/08 15:10 [INFO] cshmd.structure (add_Ca)                                      : [Structure] Add Ca
04/08 15:10 [INFO] cshmd.builder (defect_BT)                                     : [Structure] Termination scope: False
04/08 15:10 [INFO] cshmd.builder (defect_BT)                                     : [Structure] Exists 64 Bridging Tetra in 'down' side
04/08 15:10 [INFO] cshmd.structure (add_Ca)                                      : [Structure] Add Ca with 1 OH and with 2 H2O
04/08 15:10 [INFO] cshmd.builder (defect_BT)                                     : [Structure] Exists 64 Bridging Tetra in 'up' side
04/08 15:10 [INFO] cshmd.structure (add_Ca)                                      : [Structure] Add Ca with 1 OH and with 2 H2O
04/08 15:10 [INFO] cshmd.structure (check_rm_list)                               : Delete 252 atoms in rm_list
04/08 15:10 [DEBUG] cshmd.analysis (__init__)                                    : [Structure] Now new data setted for get Bonds
04/08 15:10 [DEBUG] cshmd.analysis (__del_bond__)                                : del -> Si_O O_H H_O Ca_O C_O BO NBO
04/08 15:10 [DEBUG] cshmd.analysis (__initialize_mole__)                         : initalize -> H2O SiO4 OH CO3 H3O
04/08 15:10 [DEBUG] cshmd.analysis (__initialize_mole__)                         : initalize -> SiOH CaOH HCO3 H2CO3 H3CO3
04/08 15:10 [DEBUG] cshmd.analysis (find_bond)                                   : find_bond O - H rcut -> 1.2
04/08 15:10 [DEBUG] cshmd.common (time_wrapper)                                  : [RUNTIME] get_distance_table in 0.652 seconds
04/08 15:10 [DEBUG] cshmd.analysis (get_mole)                                    : get_mole O - H -> nbonds: 2
04/08 15:10 [DEBUG] cshmd.analysis (find_bond)                                   : find_bond Si - O rcut -> 2.2
04/08 15:10 [DEBUG] cshmd.common (time_wrapper)                                  : [RUNTIME] get_distance_table in 0.314 seconds
04/08 15:10 [DEBUG] cshmd.analysis (get_mole)                                    : get_mole Si - O -> nbonds: 4
04/08 15:10 [DEBUG] cshmd.analysis (get_mole)                                    : get_mole O - H -> nbonds: 1
04/08 15:10 [DEBUG] cshmd.analysis (find_bond)                                   : find_bond C - O rcut -> 1.6
04/08 15:10 [DEBUG] cshmd.analysis (get_mole)                                    : get_mole C - O -> nbonds: 3
04/08 15:10 [DEBUG] cshmd.analysis (get_mole)                                    : get_mole O - H -> nbonds: 3
04/08 15:10 [DEBUG] cshmd.analysis (find_bond)                                   : find_bond Ca - O rcut -> 3.0
04/08 15:10 [DEBUG] cshmd.common (time_wrapper)                                  : [RUNTIME] get_distance_table in 0.310 seconds
04/08 15:10 [DEBUG] cshmd.analysis (search_basic)                                : Basic search result -> H2O: 648, SiO4: 696, OH: 128, CO3: 0, H3O: 0, Ca_O: 4038
04/08 15:10 [DEBUG] cshmd.analysis (full_search)                                 : Search layer details
04/08 15:10 [DEBUG] cshmd.analysis (find_bond)                                   : find_bond Ca - O rcut -> 3.0
04/08 15:10 [DEBUG] cshmd.analysis (find_bond)                                   : find_bond Si - O rcut -> 2.2
04/08 15:10 [DEBUG] cshmd.analysis (__detail_search_oh_co3)                      : No CO3 in basic search
04/08 15:10 [DEBUG] cshmd.analysis (__detail_search_oh_sioh)                     : Searching 'OH' in 'SiO4
04/08 15:10 [DEBUG] cshmd.analysis (__detail_search_oh_caoh)                     : Searching 'OH' in 'CaOH
04/08 15:10 [INFO] cshmd.analysis (Qn)                                           : [Structure] Q1: 0.207
04/08 15:10 [INFO] cshmd.analysis (Qn)                                           : [Structure] Q2: 0.793
04/08 15:10 [INFO] cshmd.analysis (CS)                                           : [Structure] C/S: 0.879
04/08 15:10 [INFO] cshmd.analysis (validate_tetra)                               : [Structure] BT: 184, PT: 512
04/08 15:10 [INFO] cshmd.analysis (MCL)                                          : [Structure] MCL: 4.833
04/08 15:10 [DEBUG] cshmd.analysis (__init__)                                    : <class 'cshmd.analysis.Chain'> loaded
04/08 15:10 [DEBUG] cshmd.analysis (__init__)                                    : <class 'cshmd.analysis.Chain'> loaded
04/08 15:10 [DEBUG] cshmd.analysis (__init__)                                    : <class 'cshmd.analysis.Chain'> loaded
04/08 15:10 [DEBUG] cshmd.analysis (__init__)                                    : <class 'cshmd.analysis.Chain'> loaded
04/08 15:10 [INFO] cshmd.analysis (validate_tetra)                               : [Structure] CL : Length 2: 1 Length 5: 1 Length 8: 6 Length 11: 7 Length 14: 3
04/08 15:10 [INFO] cshmd.analysis (validate_tetra)                               : [Structure] MCL : 9.666666666666666
04/08 15:10 [INFO] cshmd.builder (update_manager)                                : [Structure] Number of atoms: 5504 -> 5612
04/08 15:10 [INFO] csh_builder (main)                                            : [Structure] Reading command 'terminate_NBO'...
04/08 15:10 [INFO] cshmd.builder (terminate_NBO)                                 : Do not run terminate, ratio == 0
04/08 15:10 [INFO] csh_builder (main)                                            : [Structure] Reading command 'add_BT'...
04/08 15:10 [INFO] cshmd.builder (add_BT)                                        : [Structure] 'Add Ca above all Bridging Tetra'
04/08 15:10 [INFO] cshmd.structure (add_Ca)                                      : [Structure] Add Ca
04/08 15:10 [INFO] cshmd.structure (add_Ca)                                      : [Structure] Add Ca
04/08 15:10 [DEBUG] cshmd.analysis (__init__)                                    : [Structure] Now new data setted for get Bonds
04/08 15:10 [DEBUG] cshmd.analysis (__del_bond__)                                : del -> Si_O O_H H_O Ca_O C_O BO NBO
04/08 15:10 [DEBUG] cshmd.analysis (__initialize_mole__)                         : initalize -> H2O SiO4 OH CO3 H3O
04/08 15:10 [DEBUG] cshmd.analysis (__initialize_mole__)                         : initalize -> SiOH CaOH HCO3 H2CO3 H3CO3
04/08 15:10 [DEBUG] cshmd.analysis (find_bond)                                   : find_bond O - H rcut -> 1.2
04/08 15:10 [DEBUG] cshmd.common (time_wrapper)                                  : [RUNTIME] get_distance_table in 0.669 seconds
04/08 15:10 [DEBUG] cshmd.analysis (get_mole)                                    : get_mole O - H -> nbonds: 2
04/08 15:10 [DEBUG] cshmd.analysis (find_bond)                                   : find_bond Si - O rcut -> 2.2
04/08 15:10 [DEBUG] cshmd.common (time_wrapper)                                  : [RUNTIME] get_distance_table in 0.314 seconds
04/08 15:10 [DEBUG] cshmd.analysis (get_mole)                                    : get_mole Si - O -> nbonds: 4
04/08 15:10 [DEBUG] cshmd.analysis (get_mole)                                    : get_mole O - H -> nbonds: 1
04/08 15:10 [DEBUG] cshmd.analysis (find_bond)                                   : find_bond C - O rcut -> 1.6
04/08 15:10 [DEBUG] cshmd.analysis (get_mole)                                    : get_mole C - O -> nbonds: 3
04/08 15:10 [DEBUG] cshmd.analysis (get_mole)                                    : get_mole O - H -> nbonds: 3
04/08 15:10 [DEBUG] cshmd.analysis (find_bond)                                   : find_bond Ca - O rcut -> 3.0
04/08 15:10 [DEBUG] cshmd.common (time_wrapper)                                  : [RUNTIME] get_distance_table in 0.334 seconds
04/08 15:10 [DEBUG] cshmd.analysis (search_basic)                                : Basic search result -> H2O: 648, SiO4: 696, OH: 128, CO3: 0, H3O: 0, Ca_O: 4176
04/08 15:10 [DEBUG] cshmd.analysis (full_search)                                 : Search layer details
04/08 15:10 [DEBUG] cshmd.analysis (find_bond)                                   : find_bond Ca - O rcut -> 3.0
04/08 15:10 [DEBUG] cshmd.analysis (find_bond)                                   : find_bond Si - O rcut -> 2.2
04/08 15:10 [DEBUG] cshmd.analysis (__detail_search_oh_co3)                      : No CO3 in basic search
04/08 15:10 [DEBUG] cshmd.analysis (__detail_search_oh_sioh)                     : Searching 'OH' in 'SiO4
04/08 15:10 [DEBUG] cshmd.analysis (__detail_search_oh_caoh)                     : Searching 'OH' in 'CaOH
04/08 15:10 [INFO] cshmd.analysis (Qn)                                           : [Structure] Q1: 0.207
04/08 15:10 [INFO] cshmd.analysis (Qn)                                           : [Structure] Q2: 0.793
04/08 15:10 [INFO] cshmd.analysis (CS)                                           : [Structure] C/S: 0.879
04/08 15:10 [INFO] cshmd.analysis (validate_tetra)                               : [Structure] BT: 184, PT: 512
04/08 15:10 [INFO] cshmd.analysis (MCL)                                          : [Structure] MCL: 4.833
04/08 15:10 [DEBUG] cshmd.analysis (__init__)                                    : <class 'cshmd.analysis.Chain'> loaded
04/08 15:10 [DEBUG] cshmd.analysis (__init__)                                    : <class 'cshmd.analysis.Chain'> loaded
04/08 15:10 [DEBUG] cshmd.analysis (__init__)                                    : <class 'cshmd.analysis.Chain'> loaded
04/08 15:10 [DEBUG] cshmd.analysis (__init__)                                    : <class 'cshmd.analysis.Chain'> loaded
04/08 15:10 [INFO] cshmd.analysis (validate_tetra)                               : [Structure] CL : Length 2: 1 Length 5: 1 Length 8: 6 Length 11: 7 Length 14: 3
04/08 15:10 [INFO] cshmd.analysis (validate_tetra)                               : [Structure] MCL : 9.666666666666666
04/08 15:10 [INFO] cshmd.builder (update_manager)                                : [Structure] Number of atoms: 5612 -> 5704
04/08 15:10 [INFO] cshmd.structure (writeCif)                                    : L10.cif was created
04/08 15:10 [INFO] cshmd.builder (out_model)                                     : Total Charge: 0
04/08 15:10 [INFO] csh_builder (main)                                            : ----------------------------------------------------------------------
04/08 15:10 [INFO] csh_builder (main)                                            : ----------------------------------------------------------------------
04/08 15:10 [INFO] csh_builder (main)                                            : 'L12.yaml' loaded
04/08 15:10 [INFO] cshmd.structure (__init__)                                    : /Users/kimuni/bin/kimuni/cshmd/data/resources/cif/T14_111_term.cif was loaded
04/08 15:10 [DEBUG] cshmd.analysis (__init__)                                    : [Structure] Now new data setted for get Bonds
04/08 15:10 [DEBUG] cshmd.analysis (__del_bond__)                                : del -> Si_O O_H H_O Ca_O C_O BO NBO
04/08 15:10 [DEBUG] cshmd.analysis (__initialize_mole__)                         : initalize -> H2O SiO4 OH CO3 H3O
04/08 15:10 [DEBUG] cshmd.analysis (__initialize_mole__)                         : initalize -> SiOH CaOH HCO3 H2CO3 H3CO3
04/08 15:10 [DEBUG] cshmd.analysis (find_bond)                                   : find_bond O - H rcut -> 1.2
04/08 15:10 [DEBUG] cshmd.common (time_wrapper)                                  : [RUNTIME] get_distance_table in 0.000 seconds
04/08 15:10 [DEBUG] cshmd.analysis (get_mole)                                    : get_mole O - H -> nbonds: 2
04/08 15:10 [DEBUG] cshmd.analysis (find_bond)                                   : find_bond Si - O rcut -> 2.2
04/08 15:10 [DEBUG] cshmd.common (time_wrapper)                                  : [RUNTIME] get_distance_table in 0.000 seconds
04/08 15:10 [DEBUG] cshmd.analysis (get_mole)                                    : get_mole Si - O -> nbonds: 4
04/08 15:10 [DEBUG] cshmd.analysis (get_mole)                                    : get_mole O - H -> nbonds: 1
04/08 15:10 [DEBUG] cshmd.analysis (find_bond)                                   : find_bond C - O rcut -> 1.6
04/08 15:10 [DEBUG] cshmd.analysis (get_mole)                                    : get_mole C - O -> nbonds: 3
04/08 15:10 [DEBUG] cshmd.analysis (get_mole)                                    : get_mole O - H -> nbonds: 3
04/08 15:10 [DEBUG] cshmd.analysis (find_bond)                                   : find_bond Ca - O rcut -> 3.0
04/08 15:10 [DEBUG] cshmd.common (time_wrapper)                                  : [RUNTIME] get_distance_table in 0.000 seconds
04/08 15:10 [DEBUG] cshmd.analysis (search_basic)                                : Basic search result -> H2O: 9, SiO4: 12, OH: 2, CO3: 0, H3O: 0, Ca_O: 60
04/08 15:10 [DEBUG] cshmd.analysis (full_search)                                 : Search layer details
04/08 15:10 [DEBUG] cshmd.analysis (find_bond)                                   : find_bond Ca - O rcut -> 3.0
04/08 15:10 [DEBUG] cshmd.analysis (find_bond)                                   : find_bond Si - O rcut -> 2.2
04/08 15:10 [DEBUG] cshmd.analysis (__detail_search_oh_co3)                      : No CO3 in basic search
04/08 15:10 [DEBUG] cshmd.analysis (__detail_search_oh_sioh)                     : Searching 'OH' in 'SiO4
04/08 15:10 [DEBUG] cshmd.analysis (__detail_search_oh_caoh)                     : No CaOH in basic search. RETURN
04/08 15:10 [INFO] cshmd.analysis (Qn)                                           : [Structure] Q2: 1.000
04/08 15:10 [INFO] cshmd.analysis (CS)                                           : [Structure] C/S: 0.750
04/08 15:10 [INFO] cshmd.analysis (validate_tetra)                               : [Structure] BT: 4, PT: 8
04/08 15:10 [INFO] cshmd.analysis (MCL)                                          : [Structure] MCL: inf
04/08 15:10 [DEBUG] cshmd.analysis (__init__)                                    : <class 'cshmd.analysis.Chain'> loaded
04/08 15:10 [DEBUG] cshmd.analysis (__init__)                                    : <class 'cshmd.analysis.Chain'> loaded
04/08 15:10 [DEBUG] cshmd.analysis (__init__)                                    : <class 'cshmd.analysis.Chain'> loaded
04/08 15:10 [DEBUG] cshmd.analysis (__init__)                                    : <class 'cshmd.analysis.Chain'> loaded
04/08 15:10 [INFO] cshmd.analysis (validate_tetra)                               : [Structure] CL : Length 3: 1
04/08 15:10 [INFO] cshmd.analysis (validate_tetra)                               : [Structure] MCL : 3.0
04/08 15:10 [INFO] cshmd.structure (__init__)                                    : /Users/kimuni/bin/kimuni/cshmd/data/resources/cif/T14_111_term.cif was loaded
04/08 15:10 [DEBUG] cshmd.analysis (__init__)                                    : [Structure] Now new data setted for get Bonds
04/08 15:10 [DEBUG] cshmd.analysis (__del_bond__)                                : del -> Si_O O_H H_O Ca_O C_O BO NBO
04/08 15:10 [DEBUG] cshmd.analysis (__initialize_mole__)                         : initalize -> H2O SiO4 OH CO3 H3O
04/08 15:10 [DEBUG] cshmd.analysis (__initialize_mole__)                         : initalize -> SiOH CaOH HCO3 H2CO3 H3CO3
04/08 15:10 [DEBUG] cshmd.analysis (find_bond)                                   : find_bond O - H rcut -> 1.2
04/08 15:10 [DEBUG] cshmd.common (time_wrapper)                                  : [RUNTIME] get_distance_table in 0.000 seconds
04/08 15:10 [DEBUG] cshmd.analysis (get_mole)                                    : get_mole O - H -> nbonds: 2
04/08 15:10 [DEBUG] cshmd.analysis (find_bond)                                   : find_bond Si - O rcut -> 2.2
04/08 15:10 [DEBUG] cshmd.common (time_wrapper)                                  : [RUNTIME] get_distance_table in 0.000 seconds
04/08 15:10 [DEBUG] cshmd.analysis (get_mole)                                    : get_mole Si - O -> nbonds: 4
04/08 15:10 [DEBUG] cshmd.analysis (get_mole)                                    : get_mole O - H -> nbonds: 1
04/08 15:10 [DEBUG] cshmd.analysis (find_bond)                                   : find_bond C - O rcut -> 1.6
04/08 15:10 [DEBUG] cshmd.analysis (get_mole)                                    : get_mole C - O -> nbonds: 3
04/08 15:10 [DEBUG] cshmd.analysis (get_mole)                                    : get_mole O - H -> nbonds: 3
04/08 15:10 [DEBUG] cshmd.analysis (find_bond)                                   : find_bond Ca - O rcut -> 3.0
04/08 15:10 [DEBUG] cshmd.common (time_wrapper)                                  : [RUNTIME] get_distance_table in 0.000 seconds
04/08 15:10 [DEBUG] cshmd.analysis (search_basic)                                : Basic search result -> H2O: 9, SiO4: 12, OH: 2, CO3: 0, H3O: 0, Ca_O: 60
04/08 15:10 [DEBUG] cshmd.analysis (full_search)                                 : Search layer details
04/08 15:10 [DEBUG] cshmd.analysis (find_bond)                                   : find_bond Ca - O rcut -> 3.0
04/08 15:10 [DEBUG] cshmd.analysis (find_bond)                                   : find_bond Si - O rcut -> 2.2
04/08 15:10 [DEBUG] cshmd.analysis (__detail_search_oh_co3)                      : No CO3 in basic search
04/08 15:10 [DEBUG] cshmd.analysis (__detail_search_oh_sioh)                     : Searching 'OH' in 'SiO4
04/08 15:10 [DEBUG] cshmd.analysis (__detail_search_oh_caoh)                     : No CaOH in basic search. RETURN
04/08 15:10 [INFO] cshmd.analysis (Qn)                                           : [Structure] Q2: 1.000
04/08 15:10 [INFO] cshmd.analysis (CS)                                           : [Structure] C/S: 0.750
04/08 15:10 [INFO] cshmd.analysis (validate_tetra)                               : [Structure] BT: 4, PT: 8
04/08 15:10 [INFO] cshmd.analysis (MCL)                                          : [Structure] MCL: inf
04/08 15:10 [DEBUG] cshmd.analysis (__init__)                                    : <class 'cshmd.analysis.Chain'> loaded
04/08 15:10 [DEBUG] cshmd.analysis (__init__)                                    : <class 'cshmd.analysis.Chain'> loaded
04/08 15:10 [DEBUG] cshmd.analysis (__init__)                                    : <class 'cshmd.analysis.Chain'> loaded
04/08 15:10 [DEBUG] cshmd.analysis (__init__)                                    : <class 'cshmd.analysis.Chain'> loaded
04/08 15:10 [INFO] cshmd.analysis (validate_tetra)                               : [Structure] CL : Length 3: 1
04/08 15:10 [INFO] cshmd.analysis (validate_tetra)                               : [Structure] MCL : 3.0
04/08 15:10 [INFO] csh_builder (main)                                            : [Structure] Reading command 'supercell'...
04/08 15:10 [INFO] cshmd.structure (makeSupercell)                               : [Structure] Supercell created 8 * 8 * 1
04/08 15:10 [DEBUG] cshmd.analysis (__init__)                                    : [Structure] Now new data setted for get Bonds
04/08 15:10 [DEBUG] cshmd.analysis (__del_bond__)                                : del -> Si_O O_H H_O Ca_O C_O BO NBO
04/08 15:10 [DEBUG] cshmd.analysis (__initialize_mole__)                         : initalize -> H2O SiO4 OH CO3 H3O
04/08 15:10 [DEBUG] cshmd.analysis (__initialize_mole__)                         : initalize -> SiOH CaOH HCO3 H2CO3 H3CO3
04/08 15:10 [DEBUG] cshmd.analysis (find_bond)                                   : find_bond O - H rcut -> 1.2
04/08 15:10 [DEBUG] cshmd.common (time_wrapper)                                  : [RUNTIME] get_distance_table in 0.607 seconds
04/08 15:10 [DEBUG] cshmd.analysis (get_mole)                                    : get_mole O - H -> nbonds: 2
04/08 15:10 [DEBUG] cshmd.analysis (find_bond)                                   : find_bond Si - O rcut -> 2.2
04/08 15:10 [DEBUG] cshmd.common (time_wrapper)                                  : [RUNTIME] get_distance_table in 0.375 seconds
04/08 15:10 [DEBUG] cshmd.analysis (get_mole)                                    : get_mole Si - O -> nbonds: 4
04/08 15:10 [DEBUG] cshmd.analysis (get_mole)                                    : get_mole O - H -> nbonds: 1
04/08 15:10 [DEBUG] cshmd.analysis (find_bond)                                   : find_bond C - O rcut -> 1.6
04/08 15:10 [DEBUG] cshmd.analysis (get_mole)                                    : get_mole C - O -> nbonds: 3
04/08 15:10 [DEBUG] cshmd.analysis (get_mole)                                    : get_mole O - H -> nbonds: 3
04/08 15:10 [DEBUG] cshmd.analysis (find_bond)                                   : find_bond Ca - O rcut -> 3.0
04/08 15:10 [DEBUG] cshmd.common (time_wrapper)                                  : [RUNTIME] get_distance_table in 0.263 seconds
04/08 15:10 [DEBUG] cshmd.analysis (search_basic)                                : Basic search result -> H2O: 576, SiO4: 768, OH: 128, CO3: 0, H3O: 0, Ca_O: 3840
04/08 15:10 [DEBUG] cshmd.analysis (full_search)                                 : Search layer details
04/08 15:10 [DEBUG] cshmd.analysis (find_bond)                                   : find_bond Ca - O rcut -> 3.0
04/08 15:10 [DEBUG] cshmd.analysis (find_bond)                                   : find_bond Si - O rcut -> 2.2
04/08 15:10 [DEBUG] cshmd.analysis (__detail_search_oh_co3)                      : No CO3 in basic search
04/08 15:10 [DEBUG] cshmd.analysis (__detail_search_oh_sioh)                     : Searching 'OH' in 'SiO4
04/08 15:10 [DEBUG] cshmd.analysis (__detail_search_oh_caoh)                     : No CaOH in basic search. RETURN
04/08 15:10 [INFO] cshmd.analysis (Qn)                                           : [Structure] Q2: 1.000
04/08 15:10 [INFO] cshmd.analysis (CS)                                           : [Structure] C/S: 0.750
04/08 15:10 [INFO] cshmd.analysis (validate_tetra)                               : [Structure] BT: 256, PT: 512
04/08 15:10 [INFO] cshmd.analysis (MCL)                                          : [Structure] MCL: inf
04/08 15:10 [DEBUG] cshmd.analysis (__init__)                                    : <class 'cshmd.analysis.Chain'> loaded
04/08 15:10 [DEBUG] cshmd.analysis (__init__)                                    : <class 'cshmd.analysis.Chain'> loaded
04/08 15:10 [DEBUG] cshmd.analysis (__init__)                                    : <class 'cshmd.analysis.Chain'> loaded
04/08 15:10 [DEBUG] cshmd.analysis (__init__)                                    : <class 'cshmd.analysis.Chain'> loaded
04/08 15:10 [INFO] cshmd.analysis (validate_tetra)                               : [Structure] CL : Length 24: 8
04/08 15:10 [INFO] cshmd.analysis (validate_tetra)                               : [Structure] MCL : 24.0
04/08 15:10 [INFO] cshmd.builder (update_manager)                                : [Structure] Number of atoms: 86 -> 5504
04/08 15:10 [INFO] csh_builder (main)                                            : [Structure] Reading command 'defect_BT'...
04/08 15:10 [INFO] cshmd.builder (defect_BT)                                     : [Structure] Termination scope: False
04/08 15:10 [INFO] cshmd.builder (defect_BT)                                     : [Structure] Exists 64 Bridging Tetra in 'up' side
04/08 15:10 [INFO] cshmd.structure (add_Ca)                                      : [Structure] Add Ca
04/08 15:10 [INFO] cshmd.builder (defect_BT)                                     : [Structure] Exists 64 Bridging Tetra in 'down' side
04/08 15:10 [INFO] cshmd.structure (add_Ca)                                      : [Structure] Add Ca
04/08 15:10 [INFO] cshmd.builder (defect_BT)                                     : [Structure] Termination scope: False
04/08 15:10 [INFO] cshmd.builder (defect_BT)                                     : [Structure] Exists 64 Bridging Tetra in 'down' side
04/08 15:10 [INFO] cshmd.structure (add_Ca)                                      : [Structure] Add Ca with 1 OH and with 2 H2O
04/08 15:10 [INFO] cshmd.builder (defect_BT)                                     : [Structure] Exists 64 Bridging Tetra in 'up' side
04/08 15:10 [INFO] cshmd.structure (add_Ca)                                      : [Structure] Add Ca with 1 OH and with 2 H2O
04/08 15:10 [INFO] cshmd.structure (check_rm_list)                               : Delete 210 atoms in rm_list
04/08 15:10 [DEBUG] cshmd.analysis (__init__)                                    : [Structure] Now new data setted for get Bonds
04/08 15:10 [DEBUG] cshmd.analysis (__del_bond__)                                : del -> Si_O O_H H_O Ca_O C_O BO NBO
04/08 15:10 [DEBUG] cshmd.analysis (__initialize_mole__)                         : initalize -> H2O SiO4 OH CO3 H3O
04/08 15:10 [DEBUG] cshmd.analysis (__initialize_mole__)                         : initalize -> SiOH CaOH HCO3 H2CO3 H3CO3
04/08 15:10 [DEBUG] cshmd.analysis (find_bond)                                   : find_bond O - H rcut -> 1.2
04/08 15:10 [DEBUG] cshmd.common (time_wrapper)                                  : [RUNTIME] get_distance_table in 0.657 seconds
04/08 15:10 [DEBUG] cshmd.analysis (get_mole)                                    : get_mole O - H -> nbonds: 2
04/08 15:10 [DEBUG] cshmd.analysis (find_bond)                                   : find_bond Si - O rcut -> 2.2
04/08 15:10 [DEBUG] cshmd.common (time_wrapper)                                  : [RUNTIME] get_distance_table in 0.344 seconds
04/08 15:10 [DEBUG] cshmd.analysis (get_mole)                                    : get_mole Si - O -> nbonds: 4
04/08 15:10 [DEBUG] cshmd.analysis (get_mole)                                    : get_mole O - H -> nbonds: 1
04/08 15:10 [DEBUG] cshmd.analysis (find_bond)                                   : find_bond C - O rcut -> 1.6
04/08 15:10 [DEBUG] cshmd.analysis (get_mole)                                    : get_mole C - O -> nbonds: 3
04/08 15:10 [DEBUG] cshmd.analysis (get_mole)                                    : get_mole O - H -> nbonds: 3
04/08 15:10 [DEBUG] cshmd.analysis (find_bond)                                   : find_bond Ca - O rcut -> 3.0
04/08 15:10 [DEBUG] cshmd.common (time_wrapper)                                  : [RUNTIME] get_distance_table in 0.307 seconds
04/08 15:10 [DEBUG] cshmd.analysis (search_basic)                                : Basic search result -> H2O: 636, SiO4: 708, OH: 128, CO3: 0, H3O: 0, Ca_O: 4005
04/08 15:10 [DEBUG] cshmd.analysis (full_search)                                 : Search layer details
04/08 15:10 [DEBUG] cshmd.analysis (find_bond)                                   : find_bond Ca - O rcut -> 3.0
04/08 15:10 [DEBUG] cshmd.analysis (find_bond)                                   : find_bond Si - O rcut -> 2.2
04/08 15:10 [DEBUG] cshmd.analysis (__detail_search_oh_co3)                      : No CO3 in basic search
04/08 15:10 [DEBUG] cshmd.analysis (__detail_search_oh_sioh)                     : Searching 'OH' in 'SiO4
04/08 15:10 [DEBUG] cshmd.analysis (__detail_search_oh_caoh)                     : Searching 'OH' in 'CaOH
04/08 15:10 [INFO] cshmd.analysis (Qn)                                           : [Structure] Q1: 0.169
04/08 15:10 [INFO] cshmd.analysis (Qn)                                           : [Structure] Q2: 0.831
04/08 15:10 [INFO] cshmd.analysis (CS)                                           : [Structure] C/S: 0.856
04/08 15:10 [INFO] cshmd.analysis (validate_tetra)                               : [Structure] BT: 196, PT: 512
04/08 15:10 [INFO] cshmd.analysis (MCL)                                          : [Structure] MCL: 5.900
04/08 15:10 [DEBUG] cshmd.analysis (__init__)                                    : <class 'cshmd.analysis.Chain'> loaded
04/08 15:10 [DEBUG] cshmd.analysis (__init__)                                    : <class 'cshmd.analysis.Chain'> loaded
04/08 15:10 [DEBUG] cshmd.analysis (__init__)                                    : <class 'cshmd.analysis.Chain'> loaded
04/08 15:10 [DEBUG] cshmd.analysis (__init__)                                    : <class 'cshmd.analysis.Chain'> loaded
04/08 15:10 [INFO] cshmd.analysis (validate_tetra)                               : [Structure] CL : Length 8: 2 Length 11: 10 Length 14: 2 Length 23: 1
04/08 15:10 [INFO] cshmd.analysis (validate_tetra)                               : [Structure] MCL : 11.8
04/08 15:10 [INFO] cshmd.builder (update_manager)                                : [Structure] Number of atoms: 5504 -> 5594
04/08 15:10 [INFO] csh_builder (main)                                            : [Structure] Reading command 'terminate_NBO'...
04/08 15:10 [INFO] cshmd.builder (terminate_NBO)                                 : Do not run terminate, ratio == 0
04/08 15:10 [INFO] csh_builder (main)                                            : [Structure] Reading command 'add_BT'...
04/08 15:10 [INFO] cshmd.builder (add_BT)                                        : [Structure] 'Add Ca above all Bridging Tetra'
04/08 15:10 [INFO] cshmd.structure (add_Ca)                                      : [Structure] Add Ca
04/08 15:10 [INFO] cshmd.structure (add_Ca)                                      : [Structure] Add Ca
04/08 15:10 [DEBUG] cshmd.analysis (__init__)                                    : [Structure] Now new data setted for get Bonds
04/08 15:10 [DEBUG] cshmd.analysis (__del_bond__)                                : del -> Si_O O_H H_O Ca_O C_O BO NBO
04/08 15:10 [DEBUG] cshmd.analysis (__initialize_mole__)                         : initalize -> H2O SiO4 OH CO3 H3O
04/08 15:10 [DEBUG] cshmd.analysis (__initialize_mole__)                         : initalize -> SiOH CaOH HCO3 H2CO3 H3CO3
04/08 15:10 [DEBUG] cshmd.analysis (find_bond)                                   : find_bond O - H rcut -> 1.2
04/08 15:10 [DEBUG] cshmd.common (time_wrapper)                                  : [RUNTIME] get_distance_table in 0.643 seconds
04/08 15:10 [DEBUG] cshmd.analysis (get_mole)                                    : get_mole O - H -> nbonds: 2
04/08 15:10 [DEBUG] cshmd.analysis (find_bond)                                   : find_bond Si - O rcut -> 2.2
04/08 15:10 [DEBUG] cshmd.common (time_wrapper)                                  : [RUNTIME] get_distance_table in 0.335 seconds
04/08 15:10 [DEBUG] cshmd.analysis (get_mole)                                    : get_mole Si - O -> nbonds: 4
04/08 15:10 [DEBUG] cshmd.analysis (get_mole)                                    : get_mole O - H -> nbonds: 1
04/08 15:10 [DEBUG] cshmd.analysis (find_bond)                                   : find_bond C - O rcut -> 1.6
04/08 15:10 [DEBUG] cshmd.analysis (get_mole)                                    : get_mole C - O -> nbonds: 3
04/08 15:10 [DEBUG] cshmd.analysis (get_mole)                                    : get_mole O - H -> nbonds: 3
04/08 15:10 [DEBUG] cshmd.analysis (find_bond)                                   : find_bond Ca - O rcut -> 3.0
04/08 15:10 [DEBUG] cshmd.common (time_wrapper)                                  : [RUNTIME] get_distance_table in 0.331 seconds
04/08 15:10 [DEBUG] cshmd.analysis (search_basic)                                : Basic search result -> H2O: 636, SiO4: 708, OH: 128, CO3: 0, H3O: 0, Ca_O: 4152
04/08 15:10 [DEBUG] cshmd.analysis (full_search)                                 : Search layer details
04/08 15:10 [DEBUG] cshmd.analysis (find_bond)                                   : find_bond Ca - O rcut -> 3.0
04/08 15:10 [DEBUG] cshmd.analysis (find_bond)                                   : find_bond Si - O rcut -> 2.2
04/08 15:10 [DEBUG] cshmd.analysis (__detail_search_oh_co3)                      : No CO3 in basic search
04/08 15:10 [DEBUG] cshmd.analysis (__detail_search_oh_sioh)                     : Searching 'OH' in 'SiO4
04/08 15:10 [DEBUG] cshmd.analysis (__detail_search_oh_caoh)                     : Searching 'OH' in 'CaOH
04/08 15:10 [INFO] cshmd.analysis (Qn)                                           : [Structure] Q1: 0.169
04/08 15:10 [INFO] cshmd.analysis (Qn)                                           : [Structure] Q2: 0.831
04/08 15:10 [INFO] cshmd.analysis (CS)                                           : [Structure] C/S: 0.856
04/08 15:10 [INFO] cshmd.analysis (validate_tetra)                               : [Structure] BT: 196, PT: 512
04/08 15:10 [INFO] cshmd.analysis (MCL)                                          : [Structure] MCL: 5.900
04/08 15:10 [DEBUG] cshmd.analysis (__init__)                                    : <class 'cshmd.analysis.Chain'> loaded
04/08 15:10 [DEBUG] cshmd.analysis (__init__)                                    : <class 'cshmd.analysis.Chain'> loaded
04/08 15:10 [DEBUG] cshmd.analysis (__init__)                                    : <class 'cshmd.analysis.Chain'> loaded
04/08 15:10 [DEBUG] cshmd.analysis (__init__)                                    : <class 'cshmd.analysis.Chain'> loaded
04/08 15:10 [INFO] cshmd.analysis (validate_tetra)                               : [Structure] CL : Length 8: 2 Length 11: 10 Length 14: 2 Length 23: 1
04/08 15:10 [INFO] cshmd.analysis (validate_tetra)                               : [Structure] MCL : 11.8
04/08 15:10 [INFO] cshmd.builder (update_manager)                                : [Structure] Number of atoms: 5594 -> 5692
04/08 15:10 [INFO] cshmd.structure (writeCif)                                    : L12.cif was created
04/08 15:10 [INFO] cshmd.builder (out_model)                                     : Total Charge: 0
04/08 15:10 [INFO] csh_builder (main)                                            : ----------------------------------------------------------------------
04/08 15:10 [INFO] csh_builder (main)                                            : ----------------------------------------------------------------------
04/08 15:10 [INFO] csh_builder (main)                                            : 'test.yaml' loaded
04/08 15:10 [INFO] cshmd.structure (__init__)                                    : /Users/kimuni/bin/kimuni/cshmd/data/resources/cif/T14_111_term.cif was loaded
04/08 15:10 [DEBUG] cshmd.analysis (__init__)                                    : [Structure] Now new data setted for get Bonds
04/08 15:10 [DEBUG] cshmd.analysis (__del_bond__)                                : del -> Si_O O_H H_O Ca_O C_O BO NBO
04/08 15:10 [DEBUG] cshmd.analysis (__initialize_mole__)                         : initalize -> H2O SiO4 OH CO3 H3O
04/08 15:10 [DEBUG] cshmd.analysis (__initialize_mole__)                         : initalize -> SiOH CaOH HCO3 H2CO3 H3CO3
04/08 15:10 [DEBUG] cshmd.analysis (find_bond)                                   : find_bond O - H rcut -> 1.2
04/08 15:10 [DEBUG] cshmd.common (time_wrapper)                                  : [RUNTIME] get_distance_table in 0.000 seconds
04/08 15:10 [DEBUG] cshmd.analysis (get_mole)                                    : get_mole O - H -> nbonds: 2
04/08 15:10 [DEBUG] cshmd.analysis (find_bond)                                   : find_bond Si - O rcut -> 2.2
04/08 15:10 [DEBUG] cshmd.common (time_wrapper)                                  : [RUNTIME] get_distance_table in 0.000 seconds
04/08 15:10 [DEBUG] cshmd.analysis (get_mole)                                    : get_mole Si - O -> nbonds: 4
04/08 15:10 [DEBUG] cshmd.analysis (get_mole)                                    : get_mole O - H -> nbonds: 1
04/08 15:10 [DEBUG] cshmd.analysis (find_bond)                                   : find_bond C - O rcut -> 1.6
04/08 15:10 [DEBUG] cshmd.analysis (get_mole)                                    : get_mole C - O -> nbonds: 3
04/08 15:10 [DEBUG] cshmd.analysis (get_mole)                                    : get_mole O - H -> nbonds: 3
04/08 15:10 [DEBUG] cshmd.analysis (find_bond)                                   : find_bond Ca - O rcut -> 3.0
04/08 15:10 [DEBUG] cshmd.common (time_wrapper)                                  : [RUNTIME] get_distance_table in 0.000 seconds
04/08 15:10 [DEBUG] cshmd.analysis (search_basic)                                : Basic search result -> H2O: 9, SiO4: 12, OH: 2, CO3: 0, H3O: 0, Ca_O: 60
04/08 15:10 [DEBUG] cshmd.analysis (full_search)                                 : Search layer details
04/08 15:10 [DEBUG] cshmd.analysis (find_bond)                                   : find_bond Ca - O rcut -> 3.0
04/08 15:10 [DEBUG] cshmd.analysis (find_bond)                                   : find_bond Si - O rcut -> 2.2
04/08 15:10 [DEBUG] cshmd.analysis (__detail_search_oh_co3)                      : No CO3 in basic search
04/08 15:10 [DEBUG] cshmd.analysis (__detail_search_oh_sioh)                     : Searching 'OH' in 'SiO4
04/08 15:10 [DEBUG] cshmd.analysis (__detail_search_oh_caoh)                     : No CaOH in basic search. RETURN
04/08 15:10 [INFO] cshmd.analysis (Qn)                                           : [Structure] Q2: 1.000
04/08 15:10 [INFO] cshmd.analysis (CS)                                           : [Structure] C/S: 0.750
04/08 15:10 [INFO] cshmd.analysis (validate_tetra)                               : [Structure] BT: 4, PT: 8
04/08 15:10 [INFO] cshmd.analysis (MCL)                                          : [Structure] MCL: inf
04/08 15:10 [DEBUG] cshmd.analysis (__init__)                                    : <class 'cshmd.analysis.Chain'> loaded
04/08 15:10 [DEBUG] cshmd.analysis (__init__)                                    : <class 'cshmd.analysis.Chain'> loaded
04/08 15:10 [DEBUG] cshmd.analysis (__init__)                                    : <class 'cshmd.analysis.Chain'> loaded
04/08 15:10 [DEBUG] cshmd.analysis (__init__)                                    : <class 'cshmd.analysis.Chain'> loaded
04/08 15:10 [INFO] cshmd.analysis (validate_tetra)                               : [Structure] CL : Length 3: 1
04/08 15:10 [INFO] cshmd.analysis (validate_tetra)                               : [Structure] MCL : 3.0
04/08 15:10 [INFO] cshmd.structure (__init__)                                    : /Users/kimuni/bin/kimuni/cshmd/data/resources/cif/T14_111_term.cif was loaded
04/08 15:10 [DEBUG] cshmd.analysis (__init__)                                    : [Structure] Now new data setted for get Bonds
04/08 15:10 [DEBUG] cshmd.analysis (__del_bond__)                                : del -> Si_O O_H H_O Ca_O C_O BO NBO
04/08 15:10 [DEBUG] cshmd.analysis (__initialize_mole__)                         : initalize -> H2O SiO4 OH CO3 H3O
04/08 15:10 [DEBUG] cshmd.analysis (__initialize_mole__)                         : initalize -> SiOH CaOH HCO3 H2CO3 H3CO3
04/08 15:10 [DEBUG] cshmd.analysis (find_bond)                                   : find_bond O - H rcut -> 1.2
04/08 15:10 [DEBUG] cshmd.common (time_wrapper)                                  : [RUNTIME] get_distance_table in 0.000 seconds
04/08 15:10 [DEBUG] cshmd.analysis (get_mole)                                    : get_mole O - H -> nbonds: 2
04/08 15:10 [DEBUG] cshmd.analysis (find_bond)                                   : find_bond Si - O rcut -> 2.2
04/08 15:10 [DEBUG] cshmd.common (time_wrapper)                                  : [RUNTIME] get_distance_table in 0.000 seconds
04/08 15:10 [DEBUG] cshmd.analysis (get_mole)                                    : get_mole Si - O -> nbonds: 4
04/08 15:10 [DEBUG] cshmd.analysis (get_mole)                                    : get_mole O - H -> nbonds: 1
04/08 15:10 [DEBUG] cshmd.analysis (find_bond)                                   : find_bond C - O rcut -> 1.6
04/08 15:10 [DEBUG] cshmd.analysis (get_mole)                                    : get_mole C - O -> nbonds: 3
04/08 15:10 [DEBUG] cshmd.analysis (get_mole)                                    : get_mole O - H -> nbonds: 3
04/08 15:10 [DEBUG] cshmd.analysis (find_bond)                                   : find_bond Ca - O rcut -> 3.0
04/08 15:10 [DEBUG] cshmd.common (time_wrapper)                                  : [RUNTIME] get_distance_table in 0.000 seconds
04/08 15:10 [DEBUG] cshmd.analysis (search_basic)                                : Basic search result -> H2O: 9, SiO4: 12, OH: 2, CO3: 0, H3O: 0, Ca_O: 60
04/08 15:10 [DEBUG] cshmd.analysis (full_search)                                 : Search layer details
04/08 15:10 [DEBUG] cshmd.analysis (find_bond)                                   : find_bond Ca - O rcut -> 3.0
04/08 15:10 [DEBUG] cshmd.analysis (find_bond)                                   : find_bond Si - O rcut -> 2.2
04/08 15:10 [DEBUG] cshmd.analysis (__detail_search_oh_co3)                      : No CO3 in basic search
04/08 15:10 [DEBUG] cshmd.analysis (__detail_search_oh_sioh)                     : Searching 'OH' in 'SiO4
04/08 15:10 [DEBUG] cshmd.analysis (__detail_search_oh_caoh)                     : No CaOH in basic search. RETURN
04/08 15:10 [INFO] cshmd.analysis (Qn)                                           : [Structure] Q2: 1.000
04/08 15:10 [INFO] cshmd.analysis (CS)                                           : [Structure] C/S: 0.750
04/08 15:10 [INFO] cshmd.analysis (validate_tetra)                               : [Structure] BT: 4, PT: 8
04/08 15:10 [INFO] cshmd.analysis (MCL)                                          : [Structure] MCL: inf
04/08 15:10 [DEBUG] cshmd.analysis (__init__)                                    : <class 'cshmd.analysis.Chain'> loaded
04/08 15:10 [DEBUG] cshmd.analysis (__init__)                                    : <class 'cshmd.analysis.Chain'> loaded
04/08 15:10 [DEBUG] cshmd.analysis (__init__)                                    : <class 'cshmd.analysis.Chain'> loaded
04/08 15:10 [DEBUG] cshmd.analysis (__init__)                                    : <class 'cshmd.analysis.Chain'> loaded
04/08 15:10 [INFO] cshmd.analysis (validate_tetra)                               : [Structure] CL : Length 3: 1
04/08 15:10 [INFO] cshmd.analysis (validate_tetra)                               : [Structure] MCL : 3.0
04/08 15:10 [INFO] csh_builder (main)                                            : [Structure] Reading command 'supercell'...
04/08 15:10 [INFO] cshmd.structure (makeSupercell)                               : [Structure] Supercell created 8 * 8 * 1
04/08 15:10 [DEBUG] cshmd.analysis (__init__)                                    : [Structure] Now new data setted for get Bonds
04/08 15:10 [DEBUG] cshmd.analysis (__del_bond__)                                : del -> Si_O O_H H_O Ca_O C_O BO NBO
04/08 15:10 [DEBUG] cshmd.analysis (__initialize_mole__)                         : initalize -> H2O SiO4 OH CO3 H3O
04/08 15:10 [DEBUG] cshmd.analysis (__initialize_mole__)                         : initalize -> SiOH CaOH HCO3 H2CO3 H3CO3
04/08 15:10 [DEBUG] cshmd.analysis (find_bond)                                   : find_bond O - H rcut -> 1.2
04/08 15:10 [DEBUG] cshmd.common (time_wrapper)                                  : [RUNTIME] get_distance_table in 0.574 seconds
04/08 15:10 [DEBUG] cshmd.analysis (get_mole)                                    : get_mole O - H -> nbonds: 2
04/08 15:10 [DEBUG] cshmd.analysis (find_bond)                                   : find_bond Si - O rcut -> 2.2
04/08 15:10 [DEBUG] cshmd.common (time_wrapper)                                  : [RUNTIME] get_distance_table in 0.361 seconds
04/08 15:10 [DEBUG] cshmd.analysis (get_mole)                                    : get_mole Si - O -> nbonds: 4
04/08 15:10 [DEBUG] cshmd.analysis (get_mole)                                    : get_mole O - H -> nbonds: 1
04/08 15:10 [DEBUG] cshmd.analysis (find_bond)                                   : find_bond C - O rcut -> 1.6
04/08 15:10 [DEBUG] cshmd.analysis (get_mole)                                    : get_mole C - O -> nbonds: 3
04/08 15:10 [DEBUG] cshmd.analysis (get_mole)                                    : get_mole O - H -> nbonds: 3
04/08 15:10 [DEBUG] cshmd.analysis (find_bond)                                   : find_bond Ca - O rcut -> 3.0
04/08 15:10 [DEBUG] cshmd.common (time_wrapper)                                  : [RUNTIME] get_distance_table in 0.292 seconds
04/08 15:10 [DEBUG] cshmd.analysis (search_basic)                                : Basic search result -> H2O: 576, SiO4: 768, OH: 128, CO3: 0, H3O: 0, Ca_O: 3840
04/08 15:10 [DEBUG] cshmd.analysis (full_search)                                 : Search layer details
04/08 15:10 [DEBUG] cshmd.analysis (find_bond)                                   : find_bond Ca - O rcut -> 3.0
04/08 15:10 [DEBUG] cshmd.analysis (find_bond)                                   : find_bond Si - O rcut -> 2.2
04/08 15:10 [DEBUG] cshmd.analysis (__detail_search_oh_co3)                      : No CO3 in basic search
04/08 15:10 [DEBUG] cshmd.analysis (__detail_search_oh_sioh)                     : Searching 'OH' in 'SiO4
04/08 15:10 [DEBUG] cshmd.analysis (__detail_search_oh_caoh)                     : No CaOH in basic search. RETURN
04/08 15:10 [INFO] cshmd.analysis (Qn)                                           : [Structure] Q2: 1.000
04/08 15:10 [INFO] cshmd.analysis (CS)                                           : [Structure] C/S: 0.750
04/08 15:10 [INFO] cshmd.analysis (validate_tetra)                               : [Structure] BT: 256, PT: 512
04/08 15:10 [INFO] cshmd.analysis (MCL)                                          : [Structure] MCL: inf
04/08 15:10 [DEBUG] cshmd.analysis (__init__)                                    : <class 'cshmd.analysis.Chain'> loaded
04/08 15:10 [DEBUG] cshmd.analysis (__init__)                                    : <class 'cshmd.analysis.Chain'> loaded
04/08 15:10 [DEBUG] cshmd.analysis (__init__)                                    : <class 'cshmd.analysis.Chain'> loaded
04/08 15:10 [DEBUG] cshmd.analysis (__init__)                                    : <class 'cshmd.analysis.Chain'> loaded
04/08 15:10 [INFO] cshmd.analysis (validate_tetra)                               : [Structure] CL : Length 24: 8
04/08 15:10 [INFO] cshmd.analysis (validate_tetra)                               : [Structure] MCL : 24.0
04/08 15:10 [INFO] cshmd.builder (update_manager)                                : [Structure] Number of atoms: 86 -> 5504
04/08 15:10 [INFO] csh_builder (main)                                            : [Structure] Reading command 'defect_BT'...
04/08 15:10 [INFO] cshmd.builder (defect_BT)                                     : [Structure] Termination scope: False
04/08 15:10 [INFO] cshmd.builder (defect_BT)                                     : [Structure] Exists 64 Bridging Tetra in 'up' side
04/08 15:10 [INFO] cshmd.structure (add_Ca)                                      : [Structure] Add Ca
04/08 15:10 [INFO] cshmd.builder (defect_BT)                                     : [Structure] Exists 64 Bridging Tetra in 'down' side
04/08 15:10 [INFO] cshmd.structure (add_Ca)                                      : [Structure] Add Ca
04/08 15:10 [INFO] cshmd.builder (defect_BT)                                     : [Structure] Termination scope: False
04/08 15:10 [INFO] cshmd.builder (defect_BT)                                     : [Structure] Exists 64 Bridging Tetra in 'down' side
04/08 15:10 [INFO] cshmd.structure (add_Ca)                                      : [Structure] Add Ca with 1 OH and with 2 H2O
04/08 15:10 [INFO] cshmd.builder (defect_BT)                                     : [Structure] Exists 64 Bridging Tetra in 'up' side
04/08 15:10 [INFO] cshmd.structure (add_Ca)                                      : [Structure] Add Ca with 1 OH and with 2 H2O
04/08 15:10 [INFO] cshmd.structure (check_rm_list)                               : Delete 896 atoms in rm_list
04/08 15:10 [DEBUG] cshmd.analysis (__init__)                                    : [Structure] Now new data setted for get Bonds
04/08 15:10 [DEBUG] cshmd.analysis (__del_bond__)                                : del -> Si_O O_H H_O Ca_O C_O BO NBO
04/08 15:10 [DEBUG] cshmd.analysis (__initialize_mole__)                         : initalize -> H2O SiO4 OH CO3 H3O
04/08 15:10 [DEBUG] cshmd.analysis (__initialize_mole__)                         : initalize -> SiOH CaOH HCO3 H2CO3 H3CO3
04/08 15:10 [DEBUG] cshmd.analysis (find_bond)                                   : find_bond O - H rcut -> 1.2
04/08 15:10 [DEBUG] cshmd.common (time_wrapper)                                  : [RUNTIME] get_distance_table in 0.826 seconds
04/08 15:10 [DEBUG] cshmd.analysis (get_mole)                                    : get_mole O - H -> nbonds: 2
04/08 15:10 [DEBUG] cshmd.analysis (find_bond)                                   : find_bond Si - O rcut -> 2.2
04/08 15:10 [DEBUG] cshmd.common (time_wrapper)                                  : [RUNTIME] get_distance_table in 0.225 seconds
04/08 15:10 [DEBUG] cshmd.analysis (get_mole)                                    : get_mole Si - O -> nbonds: 4
04/08 15:10 [DEBUG] cshmd.analysis (get_mole)                                    : get_mole O - H -> nbonds: 1
04/08 15:10 [DEBUG] cshmd.analysis (find_bond)                                   : find_bond C - O rcut -> 1.6
04/08 15:10 [DEBUG] cshmd.analysis (get_mole)                                    : get_mole C - O -> nbonds: 3
04/08 15:10 [DEBUG] cshmd.analysis (get_mole)                                    : get_mole O - H -> nbonds: 3
04/08 15:10 [DEBUG] cshmd.analysis (find_bond)                                   : find_bond Ca - O rcut -> 3.0
04/08 15:10 [DEBUG] cshmd.common (time_wrapper)                                  : [RUNTIME] get_distance_table in 0.363 seconds
04/08 15:10 [DEBUG] cshmd.analysis (search_basic)                                : Basic search result -> H2O: 832, SiO4: 512, OH: 128, CO3: 0, H3O: 0, Ca_O: 4544
04/08 15:10 [DEBUG] cshmd.analysis (full_search)                                 : Search layer details
04/08 15:10 [DEBUG] cshmd.analysis (find_bond)                                   : find_bond Ca - O rcut -> 3.0
04/08 15:10 [DEBUG] cshmd.analysis (find_bond)                                   : find_bond Si - O rcut -> 2.2
04/08 15:10 [DEBUG] cshmd.analysis (__detail_search_oh_co3)                      : No CO3 in basic search
04/08 15:10 [DEBUG] cshmd.analysis (__detail_search_oh_sioh)                     : Searching 'OH' in 'SiO4
04/08 15:10 [DEBUG] cshmd.analysis (__detail_search_oh_caoh)                     : Searching 'OH' in 'CaOH
04/08 15:10 [INFO] cshmd.analysis (Qn)                                           : [Structure] Q1: 1.000
04/08 15:10 [INFO] cshmd.analysis (CS)                                           : [Structure] C/S: 1.375
04/08 15:10 [INFO] cshmd.analysis (validate_tetra)                               : [Structure] BT: 0, PT: 512
04/08 15:10 [INFO] cshmd.analysis (MCL)                                          : [Structure] MCL: 1.000
04/08 15:10 [DEBUG] cshmd.analysis (__init__)                                    : <class 'cshmd.analysis.Chain'> loaded
04/08 15:10 [DEBUG] cshmd.analysis (__init__)                                    : <class 'cshmd.analysis.Chain'> loaded
04/08 15:10 [DEBUG] cshmd.analysis (__init__)                                    : <class 'cshmd.analysis.Chain'> loaded
04/08 15:10 [DEBUG] cshmd.analysis (__init__)                                    : <class 'cshmd.analysis.Chain'> loaded
04/08 15:10 [INFO] cshmd.analysis (validate_tetra)                               : [Structure] CL : Length 2: 64
04/08 15:10 [INFO] cshmd.analysis (validate_tetra)                               : [Structure] MCL : 2.0
04/08 15:10 [INFO] cshmd.builder (update_manager)                                : [Structure] Number of atoms: 5504 -> 5888
04/08 15:10 [INFO] csh_builder (main)                                            : [Structure] Reading command 'terminate_NBO'...
04/08 15:10 [INFO] cshmd.builder (terminate_NBO)                                 : Do not run terminate, ratio == 0
04/08 15:10 [INFO] csh_builder (main)                                            : [Structure] Reading command 'add_BT'...
04/08 15:10 [INFO] cshmd.builder (add_BT)                                        : [WARNING] No Bridging Tetra exists
04/08 15:10 [DEBUG] cshmd.analysis (__init__)                                    : [Structure] Now new data setted for get Bonds
04/08 15:10 [DEBUG] cshmd.analysis (__del_bond__)                                : del -> Si_O O_H H_O Ca_O C_O BO NBO
04/08 15:10 [DEBUG] cshmd.analysis (__initialize_mole__)                         : initalize -> H2O SiO4 OH CO3 H3O
04/08 15:10 [DEBUG] cshmd.analysis (__initialize_mole__)                         : initalize -> SiOH CaOH HCO3 H2CO3 H3CO3
04/08 15:10 [DEBUG] cshmd.analysis (find_bond)                                   : find_bond O - H rcut -> 1.2
04/08 15:10 [DEBUG] cshmd.common (time_wrapper)                                  : [RUNTIME] get_distance_table in 0.777 seconds
04/08 15:10 [DEBUG] cshmd.analysis (get_mole)                                    : get_mole O - H -> nbonds: 2
04/08 15:10 [DEBUG] cshmd.analysis (find_bond)                                   : find_bond Si - O rcut -> 2.2
04/08 15:10 [DEBUG] cshmd.common (time_wrapper)                                  : [RUNTIME] get_distance_table in 0.224 seconds
04/08 15:10 [DEBUG] cshmd.analysis (get_mole)                                    : get_mole Si - O -> nbonds: 4
04/08 15:10 [DEBUG] cshmd.analysis (get_mole)                                    : get_mole O - H -> nbonds: 1
04/08 15:10 [DEBUG] cshmd.analysis (find_bond)                                   : find_bond C - O rcut -> 1.6
04/08 15:10 [DEBUG] cshmd.analysis (get_mole)                                    : get_mole C - O -> nbonds: 3
04/08 15:10 [DEBUG] cshmd.analysis (get_mole)                                    : get_mole O - H -> nbonds: 3
04/08 15:10 [DEBUG] cshmd.analysis (find_bond)                                   : find_bond Ca - O rcut -> 3.0
04/08 15:10 [DEBUG] cshmd.common (time_wrapper)                                  : [RUNTIME] get_distance_table in 0.378 seconds
04/08 15:10 [DEBUG] cshmd.analysis (search_basic)                                : Basic search result -> H2O: 832, SiO4: 512, OH: 128, CO3: 0, H3O: 0, Ca_O: 4544
04/08 15:10 [DEBUG] cshmd.analysis (full_search)                                 : Search layer details
04/08 15:10 [DEBUG] cshmd.analysis (find_bond)                                   : find_bond Ca - O rcut -> 3.0
04/08 15:10 [DEBUG] cshmd.analysis (find_bond)                                   : find_bond Si - O rcut -> 2.2
04/08 15:10 [DEBUG] cshmd.analysis (__detail_search_oh_co3)                      : No CO3 in basic search
04/08 15:10 [DEBUG] cshmd.analysis (__detail_search_oh_sioh)                     : Searching 'OH' in 'SiO4
04/08 15:10 [DEBUG] cshmd.analysis (__detail_search_oh_caoh)                     : Searching 'OH' in 'CaOH
04/08 15:10 [INFO] cshmd.analysis (Qn)                                           : [Structure] Q1: 1.000
04/08 15:10 [INFO] cshmd.analysis (CS)                                           : [Structure] C/S: 1.375
04/08 15:10 [INFO] cshmd.analysis (validate_tetra)                               : [Structure] BT: 0, PT: 512
04/08 15:10 [INFO] cshmd.analysis (MCL)                                          : [Structure] MCL: 1.000
04/08 15:10 [DEBUG] cshmd.analysis (__init__)                                    : <class 'cshmd.analysis.Chain'> loaded
04/08 15:10 [DEBUG] cshmd.analysis (__init__)                                    : <class 'cshmd.analysis.Chain'> loaded
04/08 15:10 [DEBUG] cshmd.analysis (__init__)                                    : <class 'cshmd.analysis.Chain'> loaded
04/08 15:10 [DEBUG] cshmd.analysis (__init__)                                    : <class 'cshmd.analysis.Chain'> loaded
04/08 15:10 [INFO] cshmd.analysis (validate_tetra)                               : [Structure] CL : Length 2: 64
04/08 15:10 [INFO] cshmd.analysis (validate_tetra)                               : [Structure] MCL : 2.0
04/08 15:10 [INFO] cshmd.structure (writeCif)                                    : test.cif was created
04/08 15:10 [INFO] cshmd.builder (out_model)                                     : Total Charge: 0
04/08 15:10 [INFO] csh_builder (main)                                            : ----------------------------------------------------------------------
04/08 15:10 [DEBUG] cshmd.common (get_logger)                                    : $$$$$$$$$$$$$$  Logger 'cshmd.common........' initialized  $$$$$$$$$$$$$$
04/08 15:10 [DEBUG] cshmd.functions (get_logger)                                 : $$$$$$$$$$$$$$  Logger 'cshmd.functions.....' initialized  $$$$$$$$$$$$$$
04/08 15:10 [DEBUG] cshmd.load (get_logger)                                      : $$$$$$$$$$$$$$  Logger 'cshmd.load..........' initialized  $$$$$$$$$$$$$$
04/08 15:10 [DEBUG] cshmd.analysis (get_logger)                                  : $$$$$$$$$$$$$$  Logger 'cshmd.analysis......' initialized  $$$$$$$$$$$$$$
04/08 15:10 [DEBUG] cshmd.structure (get_logger)                                 : $$$$$$$$$$$$$$  Logger 'cshmd.structure.....' initialized  $$$$$$$$$$$$$$
04/08 15:10 [DEBUG] cshmd.builder (get_logger)                                   : $$$$$$$$$$$$$$  Logger 'cshmd.builder.......' initialized  $$$$$$$$$$$$$$
04/08 15:10 [DEBUG] cshmd.trj_analysis (get_logger)                              : $$$$$$$$$$$$$$  Logger 'cshmd.trj_analysis..' initialized  $$$$$$$$$$$$$$
04/08 15:10 [DEBUG] csh_info (get_logger)                                        : $$$$$$$$$$$$$$  Logger 'csh_info............' initialized  $$$$$$$$$$$$$$
04/08 15:10 [INFO] csh_info (main)                                               : Cif: L02.cif L04.cif L06.cif L08.cif L10.cif L12.cif
04/08 15:10 [INFO] cshmd.structure (__init__)                                    : L02.cif was loaded
04/08 15:10 [DEBUG] cshmd.analysis (__init__)                                    : [Structure] Now new data setted for get Bonds
04/08 15:10 [DEBUG] cshmd.analysis (__del_bond__)                                : del -> Si_O O_H H_O Ca_O C_O BO NBO
04/08 15:10 [DEBUG] cshmd.analysis (__initialize_mole__)                         : initalize -> H2O SiO4 OH CO3 H3O
04/08 15:10 [DEBUG] cshmd.analysis (__initialize_mole__)                         : initalize -> SiOH CaOH HCO3 H2CO3 H3CO3
04/08 15:10 [INFO] cshmd.analysis (__init__)                                     : Not any C-S-H Si range info
04/08 15:10 [DEBUG] cshmd.analysis (find_bond)                                   : find_bond O - H rcut -> 1.2
04/08 15:10 [DEBUG] cshmd.common (time_wrapper)                                  : [RUNTIME] get_distance_table in 0.805 seconds
04/08 15:10 [DEBUG] cshmd.analysis (get_mole)                                    : get_mole O - H -> nbonds: 2
04/08 15:10 [DEBUG] cshmd.analysis (find_bond)                                   : find_bond Si - O rcut -> 2.2
04/08 15:10 [DEBUG] cshmd.common (time_wrapper)                                  : [RUNTIME] get_distance_table in 0.242 seconds
04/08 15:10 [DEBUG] cshmd.analysis (get_mole)                                    : get_mole Si - O -> nbonds: 4
04/08 15:10 [DEBUG] cshmd.analysis (get_mole)                                    : get_mole O - H -> nbonds: 1
04/08 15:10 [DEBUG] cshmd.analysis (find_bond)                                   : find_bond C - O rcut -> 1.6
04/08 15:10 [DEBUG] cshmd.analysis (get_mole)                                    : get_mole C - O -> nbonds: 3
04/08 15:10 [DEBUG] cshmd.analysis (get_mole)                                    : get_mole O - H -> nbonds: 3
04/08 15:10 [DEBUG] cshmd.analysis (find_bond)                                   : find_bond Ca - O rcut -> 3.0
04/08 15:10 [DEBUG] cshmd.common (time_wrapper)                                  : [RUNTIME] get_distance_table in 0.366 seconds
04/08 15:10 [DEBUG] cshmd.analysis (search_basic)                                : Basic search result -> H2O: 832, SiO4: 512, OH: 128, CO3: 0, H3O: 0, Ca_O: 4544
04/08 15:10 [DEBUG] cshmd.analysis (full_search)                                 : Search layer details
04/08 15:10 [DEBUG] cshmd.analysis (find_bond)                                   : find_bond Ca - O rcut -> 3.0
04/08 15:10 [DEBUG] cshmd.analysis (find_bond)                                   : find_bond Si - O rcut -> 2.2
04/08 15:10 [DEBUG] cshmd.analysis (__detail_search_oh_co3)                      : No CO3 in basic search
04/08 15:10 [DEBUG] cshmd.analysis (__detail_search_oh_sioh)                     : Searching 'OH' in 'SiO4
04/08 15:10 [DEBUG] cshmd.analysis (__detail_search_oh_caoh)                     : Searching 'OH' in 'CaOH
04/08 15:10 [INFO] cshmd.analysis (Qn)                                           : [Structure] Q1: 1.000
04/08 15:10 [INFO] cshmd.analysis (CS)                                           : [Structure] C/S: 1.375
04/08 15:10 [INFO] cshmd.analysis (validate_tetra)                               : [Structure] BT: 0, PT: 512
04/08 15:10 [INFO] cshmd.analysis (MCL)                                          : [Structure] MCL: 1.000
04/08 15:10 [DEBUG] cshmd.analysis (__init__)                                    : <class 'cshmd.analysis.Chain'> loaded
04/08 15:10 [DEBUG] cshmd.analysis (__init__)                                    : <class 'cshmd.analysis.Chain'> loaded
04/08 15:10 [DEBUG] cshmd.analysis (__init__)                                    : <class 'cshmd.analysis.Chain'> loaded
04/08 15:10 [DEBUG] cshmd.analysis (__init__)                                    : <class 'cshmd.analysis.Chain'> loaded
04/08 15:10 [INFO] cshmd.analysis (validate_tetra)                               : [Structure] CL : Length 2: 64
04/08 15:10 [INFO] cshmd.analysis (validate_tetra)                               : [Structure] MCL : 2.0
04/08 15:10 [INFO] cshmd.structure (__init__)                                    : L04.cif was loaded
04/08 15:10 [DEBUG] cshmd.analysis (__init__)                                    : [Structure] Now new data setted for get Bonds
04/08 15:10 [DEBUG] cshmd.analysis (__del_bond__)                                : del -> Si_O O_H H_O Ca_O C_O BO NBO
04/08 15:10 [DEBUG] cshmd.analysis (__initialize_mole__)                         : initalize -> H2O SiO4 OH CO3 H3O
04/08 15:10 [DEBUG] cshmd.analysis (__initialize_mole__)                         : initalize -> SiOH CaOH HCO3 H2CO3 H3CO3
04/08 15:10 [DEBUG] cshmd.analysis (find_bond)                                   : find_bond O - H rcut -> 1.2
04/08 15:10 [DEBUG] cshmd.common (time_wrapper)                                  : [RUNTIME] get_distance_table in 0.680 seconds
04/08 15:10 [DEBUG] cshmd.analysis (get_mole)                                    : get_mole O - H -> nbonds: 2
04/08 15:10 [DEBUG] cshmd.analysis (find_bond)                                   : find_bond Si - O rcut -> 2.2
04/08 15:10 [DEBUG] cshmd.common (time_wrapper)                                  : [RUNTIME] get_distance_table in 0.298 seconds
04/08 15:10 [DEBUG] cshmd.analysis (get_mole)                                    : get_mole Si - O -> nbonds: 4
04/08 15:10 [DEBUG] cshmd.analysis (get_mole)                                    : get_mole O - H -> nbonds: 1
04/08 15:10 [DEBUG] cshmd.analysis (find_bond)                                   : find_bond C - O rcut -> 1.6
04/08 15:10 [DEBUG] cshmd.analysis (get_mole)                                    : get_mole C - O -> nbonds: 3
04/08 15:10 [DEBUG] cshmd.analysis (get_mole)                                    : get_mole O - H -> nbonds: 3
04/08 15:10 [DEBUG] cshmd.analysis (find_bond)                                   : find_bond Ca - O rcut -> 3.0
04/08 15:10 [DEBUG] cshmd.common (time_wrapper)                                  : [RUNTIME] get_distance_table in 0.349 seconds
04/08 15:10 [DEBUG] cshmd.analysis (search_basic)                                : Basic search result -> H2O: 732, SiO4: 612, OH: 128, CO3: 0, H3O: 0, Ca_O: 4344
04/08 15:10 [DEBUG] cshmd.analysis (full_search)                                 : Search layer details
04/08 15:10 [DEBUG] cshmd.analysis (find_bond)                                   : find_bond Ca - O rcut -> 3.0
04/08 15:10 [DEBUG] cshmd.analysis (find_bond)                                   : find_bond Si - O rcut -> 2.2
04/08 15:11 [DEBUG] cshmd.analysis (__detail_search_oh_co3)                      : No CO3 in basic search
04/08 15:11 [DEBUG] cshmd.analysis (__detail_search_oh_sioh)                     : Searching 'OH' in 'SiO4
04/08 15:11 [DEBUG] cshmd.analysis (__detail_search_oh_caoh)                     : Searching 'OH' in 'CaOH
04/08 15:11 [INFO] cshmd.analysis (Qn)                                           : [Structure] Q1: 0.510
04/08 15:11 [INFO] cshmd.analysis (Qn)                                           : [Structure] Q2: 0.490
04/08 15:11 [INFO] cshmd.analysis (CS)                                           : [Structure] C/S: 1.069
04/08 15:11 [INFO] cshmd.analysis (validate_tetra)                               : [Structure] BT: 100, PT: 512
04/08 15:11 [INFO] cshmd.analysis (MCL)                                          : [Structure] MCL: 1.962
04/08 15:11 [DEBUG] cshmd.analysis (__init__)                                    : <class 'cshmd.analysis.Chain'> loaded
04/08 15:11 [DEBUG] cshmd.analysis (__init__)                                    : <class 'cshmd.analysis.Chain'> loaded
04/08 15:11 [DEBUG] cshmd.analysis (__init__)                                    : <class 'cshmd.analysis.Chain'> loaded
04/08 15:11 [DEBUG] cshmd.analysis (__init__)                                    : <class 'cshmd.analysis.Chain'> loaded
04/08 15:11 [INFO] cshmd.analysis (validate_tetra)                               : [Structure] CL : Length 2: 15 Length 5: 23 Length 8: 1
04/08 15:11 [INFO] cshmd.analysis (validate_tetra)                               : [Structure] MCL : 3.923076923076923
04/08 15:11 [INFO] cshmd.structure (__init__)                                    : L06.cif was loaded
04/08 15:11 [DEBUG] cshmd.analysis (__init__)                                    : [Structure] Now new data setted for get Bonds
04/08 15:11 [DEBUG] cshmd.analysis (__del_bond__)                                : del -> Si_O O_H H_O Ca_O C_O BO NBO
04/08 15:11 [DEBUG] cshmd.analysis (__initialize_mole__)                         : initalize -> H2O SiO4 OH CO3 H3O
04/08 15:11 [DEBUG] cshmd.analysis (__initialize_mole__)                         : initalize -> SiOH CaOH HCO3 H2CO3 H3CO3
04/08 15:11 [DEBUG] cshmd.analysis (find_bond)                                   : find_bond O - H rcut -> 1.2
04/08 15:11 [DEBUG] cshmd.common (time_wrapper)                                  : [RUNTIME] get_distance_table in 0.649 seconds
04/08 15:11 [DEBUG] cshmd.analysis (get_mole)                                    : get_mole O - H -> nbonds: 2
04/08 15:11 [DEBUG] cshmd.analysis (find_bond)                                   : find_bond Si - O rcut -> 2.2
04/08 15:11 [DEBUG] cshmd.common (time_wrapper)                                  : [RUNTIME] get_distance_table in 0.308 seconds
04/08 15:11 [DEBUG] cshmd.analysis (get_mole)                                    : get_mole Si - O -> nbonds: 4
04/08 15:11 [DEBUG] cshmd.analysis (get_mole)                                    : get_mole O - H -> nbonds: 1
04/08 15:11 [DEBUG] cshmd.analysis (find_bond)                                   : find_bond C - O rcut -> 1.6
04/08 15:11 [DEBUG] cshmd.analysis (get_mole)                                    : get_mole C - O -> nbonds: 3
04/08 15:11 [DEBUG] cshmd.analysis (get_mole)                                    : get_mole O - H -> nbonds: 3
04/08 15:11 [DEBUG] cshmd.analysis (find_bond)                                   : find_bond Ca - O rcut -> 3.0
04/08 15:11 [DEBUG] cshmd.common (time_wrapper)                                  : [RUNTIME] get_distance_table in 0.343 seconds
04/08 15:11 [DEBUG] cshmd.analysis (search_basic)                                : Basic search result -> H2O: 688, SiO4: 656, OH: 128, CO3: 0, H3O: 0, Ca_O: 4256
04/08 15:11 [DEBUG] cshmd.analysis (full_search)                                 : Search layer details
04/08 15:11 [DEBUG] cshmd.analysis (find_bond)                                   : find_bond Ca - O rcut -> 3.0
04/08 15:11 [DEBUG] cshmd.analysis (find_bond)                                   : find_bond Si - O rcut -> 2.2
04/08 15:11 [DEBUG] cshmd.analysis (__detail_search_oh_co3)                      : No CO3 in basic search
04/08 15:11 [DEBUG] cshmd.analysis (__detail_search_oh_sioh)                     : Searching 'OH' in 'SiO4
04/08 15:11 [DEBUG] cshmd.analysis (__detail_search_oh_caoh)                     : Searching 'OH' in 'CaOH
04/08 15:11 [INFO] cshmd.analysis (Qn)                                           : [Structure] Q1: 0.341
04/08 15:11 [INFO] cshmd.analysis (Qn)                                           : [Structure] Q2: 0.659
04/08 15:11 [INFO] cshmd.analysis (CS)                                           : [Structure] C/S: 0.963
04/08 15:11 [INFO] cshmd.analysis (validate_tetra)                               : [Structure] BT: 144, PT: 512
04/08 15:11 [INFO] cshmd.analysis (MCL)                                          : [Structure] MCL: 2.929
04/08 15:11 [DEBUG] cshmd.analysis (__init__)                                    : <class 'cshmd.analysis.Chain'> loaded
04/08 15:11 [DEBUG] cshmd.analysis (__init__)                                    : <class 'cshmd.analysis.Chain'> loaded
04/08 15:11 [DEBUG] cshmd.analysis (__init__)                                    : <class 'cshmd.analysis.Chain'> loaded
04/08 15:11 [DEBUG] cshmd.analysis (__init__)                                    : <class 'cshmd.analysis.Chain'> loaded
04/08 15:11 [INFO] cshmd.analysis (validate_tetra)                               : [Structure] CL : Length 2: 5 Length 5: 10 Length 8: 13
04/08 15:11 [INFO] cshmd.analysis (validate_tetra)                               : [Structure] MCL : 5.857142857142857
04/08 15:11 [INFO] cshmd.structure (__init__)                                    : L08.cif was loaded
04/08 15:11 [DEBUG] cshmd.analysis (__init__)                                    : [Structure] Now new data setted for get Bonds
04/08 15:11 [DEBUG] cshmd.analysis (__del_bond__)                                : del -> Si_O O_H H_O Ca_O C_O BO NBO
04/08 15:11 [DEBUG] cshmd.analysis (__initialize_mole__)                         : initalize -> H2O SiO4 OH CO3 H3O
04/08 15:11 [DEBUG] cshmd.analysis (__initialize_mole__)                         : initalize -> SiOH CaOH HCO3 H2CO3 H3CO3
04/08 15:11 [DEBUG] cshmd.analysis (find_bond)                                   : find_bond O - H rcut -> 1.2
04/08 15:11 [DEBUG] cshmd.common (time_wrapper)                                  : [RUNTIME] get_distance_table in 0.626 seconds
04/08 15:11 [DEBUG] cshmd.analysis (get_mole)                                    : get_mole O - H -> nbonds: 2
04/08 15:11 [DEBUG] cshmd.analysis (find_bond)                                   : find_bond Si - O rcut -> 2.2
04/08 15:11 [DEBUG] cshmd.common (time_wrapper)                                  : [RUNTIME] get_distance_table in 0.312 seconds
04/08 15:11 [DEBUG] cshmd.analysis (get_mole)                                    : get_mole Si - O -> nbonds: 4
04/08 15:11 [DEBUG] cshmd.analysis (get_mole)                                    : get_mole O - H -> nbonds: 1
04/08 15:11 [DEBUG] cshmd.analysis (find_bond)                                   : find_bond C - O rcut -> 1.6
04/08 15:11 [DEBUG] cshmd.analysis (get_mole)                                    : get_mole C - O -> nbonds: 3
04/08 15:11 [DEBUG] cshmd.analysis (get_mole)                                    : get_mole O - H -> nbonds: 3
04/08 15:11 [DEBUG] cshmd.analysis (find_bond)                                   : find_bond Ca - O rcut -> 3.0
04/08 15:11 [DEBUG] cshmd.common (time_wrapper)                                  : [RUNTIME] get_distance_table in 0.354 seconds
04/08 15:11 [DEBUG] cshmd.analysis (search_basic)                                : Basic search result -> H2O: 664, SiO4: 680, OH: 128, CO3: 0, H3O: 0, Ca_O: 4208
04/08 15:11 [DEBUG] cshmd.analysis (full_search)                                 : Search layer details
04/08 15:11 [DEBUG] cshmd.analysis (find_bond)                                   : find_bond Ca - O rcut -> 3.0
04/08 15:11 [DEBUG] cshmd.analysis (find_bond)                                   : find_bond Si - O rcut -> 2.2
04/08 15:11 [DEBUG] cshmd.analysis (__detail_search_oh_co3)                      : No CO3 in basic search
04/08 15:11 [DEBUG] cshmd.analysis (__detail_search_oh_sioh)                     : Searching 'OH' in 'SiO4
04/08 15:11 [DEBUG] cshmd.analysis (__detail_search_oh_caoh)                     : Searching 'OH' in 'CaOH
04/08 15:11 [INFO] cshmd.analysis (Qn)                                           : [Structure] Q1: 0.259
04/08 15:11 [INFO] cshmd.analysis (Qn)                                           : [Structure] Q2: 0.741
04/08 15:11 [INFO] cshmd.analysis (CS)                                           : [Structure] C/S: 0.912
04/08 15:11 [INFO] cshmd.analysis (validate_tetra)                               : [Structure] BT: 168, PT: 512
04/08 15:11 [INFO] cshmd.analysis (MCL)                                          : [Structure] MCL: 3.864
04/08 15:11 [DEBUG] cshmd.analysis (__init__)                                    : <class 'cshmd.analysis.Chain'> loaded
04/08 15:11 [DEBUG] cshmd.analysis (__init__)                                    : <class 'cshmd.analysis.Chain'> loaded
04/08 15:11 [DEBUG] cshmd.analysis (__init__)                                    : <class 'cshmd.analysis.Chain'> loaded
04/08 15:11 [DEBUG] cshmd.analysis (__init__)                                    : <class 'cshmd.analysis.Chain'> loaded
04/08 15:11 [INFO] cshmd.analysis (validate_tetra)                               : [Structure] CL : Length 2: 2 Length 5: 4 Length 8: 10 Length 11: 6
04/08 15:11 [INFO] cshmd.analysis (validate_tetra)                               : [Structure] MCL : 7.7272727272727275
04/08 15:11 [INFO] cshmd.structure (__init__)                                    : L10.cif was loaded
04/08 15:11 [DEBUG] cshmd.analysis (__init__)                                    : [Structure] Now new data setted for get Bonds
04/08 15:11 [DEBUG] cshmd.analysis (__del_bond__)                                : del -> Si_O O_H H_O Ca_O C_O BO NBO
04/08 15:11 [DEBUG] cshmd.analysis (__initialize_mole__)                         : initalize -> H2O SiO4 OH CO3 H3O
04/08 15:11 [DEBUG] cshmd.analysis (__initialize_mole__)                         : initalize -> SiOH CaOH HCO3 H2CO3 H3CO3
04/08 15:11 [DEBUG] cshmd.analysis (find_bond)                                   : find_bond O - H rcut -> 1.2
04/08 15:11 [DEBUG] cshmd.common (time_wrapper)                                  : [RUNTIME] get_distance_table in 0.653 seconds
04/08 15:11 [DEBUG] cshmd.analysis (get_mole)                                    : get_mole O - H -> nbonds: 2
04/08 15:11 [DEBUG] cshmd.analysis (find_bond)                                   : find_bond Si - O rcut -> 2.2
04/08 15:11 [DEBUG] cshmd.common (time_wrapper)                                  : [RUNTIME] get_distance_table in 0.322 seconds
04/08 15:11 [DEBUG] cshmd.analysis (get_mole)                                    : get_mole Si - O -> nbonds: 4
04/08 15:11 [DEBUG] cshmd.analysis (get_mole)                                    : get_mole O - H -> nbonds: 1
04/08 15:11 [DEBUG] cshmd.analysis (find_bond)                                   : find_bond C - O rcut -> 1.6
04/08 15:11 [DEBUG] cshmd.analysis (get_mole)                                    : get_mole C - O -> nbonds: 3
04/08 15:11 [DEBUG] cshmd.analysis (get_mole)                                    : get_mole O - H -> nbonds: 3
04/08 15:11 [DEBUG] cshmd.analysis (find_bond)                                   : find_bond Ca - O rcut -> 3.0
04/08 15:11 [DEBUG] cshmd.common (time_wrapper)                                  : [RUNTIME] get_distance_table in 0.326 seconds
04/08 15:11 [DEBUG] cshmd.analysis (search_basic)                                : Basic search result -> H2O: 648, SiO4: 696, OH: 128, CO3: 0, H3O: 0, Ca_O: 4176
04/08 15:11 [DEBUG] cshmd.analysis (full_search)                                 : Search layer details
04/08 15:11 [DEBUG] cshmd.analysis (find_bond)                                   : find_bond Ca - O rcut -> 3.0
04/08 15:11 [DEBUG] cshmd.analysis (find_bond)                                   : find_bond Si - O rcut -> 2.2
04/08 15:11 [DEBUG] cshmd.analysis (__detail_search_oh_co3)                      : No CO3 in basic search
04/08 15:11 [DEBUG] cshmd.analysis (__detail_search_oh_sioh)                     : Searching 'OH' in 'SiO4
04/08 15:11 [DEBUG] cshmd.analysis (__detail_search_oh_caoh)                     : Searching 'OH' in 'CaOH
04/08 15:11 [INFO] cshmd.analysis (Qn)                                           : [Structure] Q1: 0.207
04/08 15:11 [INFO] cshmd.analysis (Qn)                                           : [Structure] Q2: 0.793
04/08 15:11 [INFO] cshmd.analysis (CS)                                           : [Structure] C/S: 0.879
04/08 15:11 [INFO] cshmd.analysis (validate_tetra)                               : [Structure] BT: 184, PT: 512
04/08 15:11 [INFO] cshmd.analysis (MCL)                                          : [Structure] MCL: 4.833
04/08 15:11 [DEBUG] cshmd.analysis (__init__)                                    : <class 'cshmd.analysis.Chain'> loaded
04/08 15:11 [DEBUG] cshmd.analysis (__init__)                                    : <class 'cshmd.analysis.Chain'> loaded
04/08 15:11 [DEBUG] cshmd.analysis (__init__)                                    : <class 'cshmd.analysis.Chain'> loaded
04/08 15:11 [DEBUG] cshmd.analysis (__init__)                                    : <class 'cshmd.analysis.Chain'> loaded
04/08 15:11 [INFO] cshmd.analysis (validate_tetra)                               : [Structure] CL : Length 2: 1 Length 5: 1 Length 8: 6 Length 11: 7 Length 14: 3
04/08 15:11 [INFO] cshmd.analysis (validate_tetra)                               : [Structure] MCL : 9.666666666666666
04/08 15:11 [INFO] cshmd.structure (__init__)                                    : L12.cif was loaded
04/08 15:11 [DEBUG] cshmd.analysis (__init__)                                    : [Structure] Now new data setted for get Bonds
04/08 15:11 [DEBUG] cshmd.analysis (__del_bond__)                                : del -> Si_O O_H H_O Ca_O C_O BO NBO
04/08 15:11 [DEBUG] cshmd.analysis (__initialize_mole__)                         : initalize -> H2O SiO4 OH CO3 H3O
04/08 15:11 [DEBUG] cshmd.analysis (__initialize_mole__)                         : initalize -> SiOH CaOH HCO3 H2CO3 H3CO3
04/08 15:11 [DEBUG] cshmd.analysis (find_bond)                                   : find_bond O - H rcut -> 1.2
04/08 15:11 [DEBUG] cshmd.common (time_wrapper)                                  : [RUNTIME] get_distance_table in 0.624 seconds
04/08 15:11 [DEBUG] cshmd.analysis (get_mole)                                    : get_mole O - H -> nbonds: 2
04/08 15:11 [DEBUG] cshmd.analysis (find_bond)                                   : find_bond Si - O rcut -> 2.2
04/08 15:11 [DEBUG] cshmd.common (time_wrapper)                                  : [RUNTIME] get_distance_table in 0.325 seconds
04/08 15:11 [DEBUG] cshmd.analysis (get_mole)                                    : get_mole Si - O -> nbonds: 4
04/08 15:11 [DEBUG] cshmd.analysis (get_mole)                                    : get_mole O - H -> nbonds: 1
04/08 15:11 [DEBUG] cshmd.analysis (find_bond)                                   : find_bond C - O rcut -> 1.6
04/08 15:11 [DEBUG] cshmd.analysis (get_mole)                                    : get_mole C - O -> nbonds: 3
04/08 15:11 [DEBUG] cshmd.analysis (get_mole)                                    : get_mole O - H -> nbonds: 3
04/08 15:11 [DEBUG] cshmd.analysis (find_bond)                                   : find_bond Ca - O rcut -> 3.0
04/08 15:11 [DEBUG] cshmd.common (time_wrapper)                                  : [RUNTIME] get_distance_table in 0.321 seconds
04/08 15:11 [DEBUG] cshmd.analysis (search_basic)                                : Basic search result -> H2O: 636, SiO4: 708, OH: 128, CO3: 0, H3O: 0, Ca_O: 4152
04/08 15:11 [DEBUG] cshmd.analysis (full_search)                                 : Search layer details
04/08 15:11 [DEBUG] cshmd.analysis (find_bond)                                   : find_bond Ca - O rcut -> 3.0
04/08 15:11 [DEBUG] cshmd.analysis (find_bond)                                   : find_bond Si - O rcut -> 2.2
04/08 15:11 [DEBUG] cshmd.analysis (__detail_search_oh_co3)                      : No CO3 in basic search
04/08 15:11 [DEBUG] cshmd.analysis (__detail_search_oh_sioh)                     : Searching 'OH' in 'SiO4
04/08 15:11 [DEBUG] cshmd.analysis (__detail_search_oh_caoh)                     : Searching 'OH' in 'CaOH
04/08 15:11 [INFO] cshmd.analysis (Qn)                                           : [Structure] Q1: 0.169
04/08 15:11 [INFO] cshmd.analysis (Qn)                                           : [Structure] Q2: 0.831
04/08 15:11 [INFO] cshmd.analysis (CS)                                           : [Structure] C/S: 0.856
04/08 15:11 [INFO] cshmd.analysis (validate_tetra)                               : [Structure] BT: 196, PT: 512
04/08 15:11 [INFO] cshmd.analysis (MCL)                                          : [Structure] MCL: 5.900
04/08 15:11 [DEBUG] cshmd.analysis (__init__)                                    : <class 'cshmd.analysis.Chain'> loaded
04/08 15:11 [DEBUG] cshmd.analysis (__init__)                                    : <class 'cshmd.analysis.Chain'> loaded
04/08 15:11 [DEBUG] cshmd.analysis (__init__)                                    : <class 'cshmd.analysis.Chain'> loaded
04/08 15:11 [DEBUG] cshmd.analysis (__init__)                                    : <class 'cshmd.analysis.Chain'> loaded
04/08 15:11 [INFO] cshmd.analysis (validate_tetra)                               : [Structure] CL : Length 8: 2 Length 11: 10 Length 14: 2 Length 23: 1
04/08 15:11 [INFO] cshmd.analysis (validate_tetra)                               : [Structure] MCL : 11.8
04/08 15:13 [DEBUG] cshmd.common (get_logger)                                    : $$$$$$$$$$$$$$  Logger 'cshmd.common........' initialized  $$$$$$$$$$$$$$
04/08 15:13 [DEBUG] cshmd.functions (get_logger)                                 : $$$$$$$$$$$$$$  Logger 'cshmd.functions.....' initialized  $$$$$$$$$$$$$$
04/08 15:13 [DEBUG] cshmd.load (get_logger)                                      : $$$$$$$$$$$$$$  Logger 'cshmd.load..........' initialized  $$$$$$$$$$$$$$
04/08 15:13 [DEBUG] cshmd.analysis (get_logger)                                  : $$$$$$$$$$$$$$  Logger 'cshmd.analysis......' initialized  $$$$$$$$$$$$$$
04/08 15:13 [DEBUG] cshmd.structure (get_logger)                                 : $$$$$$$$$$$$$$  Logger 'cshmd.structure.....' initialized  $$$$$$$$$$$$$$
04/08 15:13 [DEBUG] cshmd.builder (get_logger)                                   : $$$$$$$$$$$$$$  Logger 'cshmd.builder.......' initialized  $$$$$$$$$$$$$$
04/08 15:13 [DEBUG] cshmd.trj_analysis (get_logger)                              : $$$$$$$$$$$$$$  Logger 'cshmd.trj_analysis..' initialized  $$$$$$$$$$$$$$
04/08 15:13 [DEBUG] csh_info (get_logger)                                        : $$$$$$$$$$$$$$  Logger 'csh_info............' initialized  $$$$$$$$$$$$$$
04/08 15:13 [INFO] csh_info (main)                                               : Cif: L02.cif L04.cif L06.cif L08.cif L10.cif L12.cif
04/08 15:13 [INFO] cshmd.structure (__init__)                                    : L02.cif was loaded
04/08 15:13 [DEBUG] cshmd.analysis (__init__)                                    : [Structure] Now new data setted for get Bonds
04/08 15:13 [DEBUG] cshmd.analysis (__del_bond__)                                : del -> Si_O O_H H_O Ca_O C_O BO NBO
04/08 15:13 [DEBUG] cshmd.analysis (__initialize_mole__)                         : initalize -> H2O SiO4 OH CO3 H3O
04/08 15:13 [DEBUG] cshmd.analysis (__initialize_mole__)                         : initalize -> SiOH CaOH HCO3 H2CO3 H3CO3
04/08 15:13 [INFO] cshmd.analysis (__init__)                                     : Not any C-S-H Si range info
04/08 15:13 [DEBUG] cshmd.analysis (find_bond)                                   : find_bond O - H rcut -> 1.2
04/08 15:13 [DEBUG] cshmd.common (time_wrapper)                                  : [RUNTIME] get_distance_table in 0.897 seconds
04/08 15:13 [DEBUG] cshmd.analysis (get_mole)                                    : get_mole O - H -> nbonds: 2
04/08 15:13 [DEBUG] cshmd.analysis (find_bond)                                   : find_bond Si - O rcut -> 2.2
04/08 15:13 [DEBUG] cshmd.common (time_wrapper)                                  : [RUNTIME] get_distance_table in 0.301 seconds
04/08 15:13 [DEBUG] cshmd.analysis (get_mole)                                    : get_mole Si - O -> nbonds: 4
04/08 15:13 [DEBUG] cshmd.analysis (get_mole)                                    : get_mole O - H -> nbonds: 1
04/08 15:13 [DEBUG] cshmd.analysis (find_bond)                                   : find_bond C - O rcut -> 1.6
04/08 15:13 [DEBUG] cshmd.analysis (get_mole)                                    : get_mole C - O -> nbonds: 3
04/08 15:13 [DEBUG] cshmd.analysis (get_mole)                                    : get_mole O - H -> nbonds: 3
04/08 15:13 [DEBUG] cshmd.analysis (find_bond)                                   : find_bond Ca - O rcut -> 3.0
04/08 15:13 [DEBUG] cshmd.common (time_wrapper)                                  : [RUNTIME] get_distance_table in 0.430 seconds
04/08 15:13 [DEBUG] cshmd.analysis (search_basic)                                : Basic search result -> H2O: 832, SiO4: 512, OH: 128, CO3: 0, H3O: 0, Ca_O: 4544
04/08 15:13 [DEBUG] cshmd.analysis (full_search)                                 : Search layer details
04/08 15:13 [DEBUG] cshmd.analysis (find_bond)                                   : find_bond Ca - O rcut -> 3.0
04/08 15:13 [DEBUG] cshmd.analysis (find_bond)                                   : find_bond Si - O rcut -> 2.2
04/08 15:13 [DEBUG] cshmd.analysis (__detail_search_oh_co3)                      : No CO3 in basic search
04/08 15:13 [DEBUG] cshmd.analysis (__detail_search_oh_sioh)                     : Searching 'OH' in 'SiO4
04/08 15:13 [DEBUG] cshmd.analysis (__detail_search_oh_caoh)                     : Searching 'OH' in 'CaOH
04/08 15:13 [INFO] cshmd.analysis (Qn)                                           : [Structure] Q1: 1.000
04/08 15:13 [INFO] cshmd.analysis (CS)                                           : [Structure] C/S: 1.375
04/08 15:13 [INFO] cshmd.analysis (validate_tetra)                               : [Structure] BT: 0, PT: 512
04/08 15:13 [INFO] cshmd.analysis (MCL)                                          : [Structure] MCL: 1.000
04/08 15:13 [DEBUG] cshmd.analysis (__init__)                                    : <class 'cshmd.analysis.Chain'> loaded
04/08 15:13 [DEBUG] cshmd.analysis (__init__)                                    : <class 'cshmd.analysis.Chain'> loaded
04/08 15:13 [DEBUG] cshmd.analysis (__init__)                                    : <class 'cshmd.analysis.Chain'> loaded
04/08 15:13 [DEBUG] cshmd.analysis (__init__)                                    : <class 'cshmd.analysis.Chain'> loaded
04/08 15:13 [INFO] cshmd.analysis (validate_tetra)                               : [Structure] CL : Length 2: 64
04/08 15:13 [INFO] cshmd.analysis (validate_tetra)                               : [Structure] MCL : 2.0
04/08 15:13 [INFO] cshmd.structure (__init__)                                    : L04.cif was loaded
04/08 15:13 [DEBUG] cshmd.analysis (__init__)                                    : [Structure] Now new data setted for get Bonds
04/08 15:13 [DEBUG] cshmd.analysis (__del_bond__)                                : del -> Si_O O_H H_O Ca_O C_O BO NBO
04/08 15:13 [DEBUG] cshmd.analysis (__initialize_mole__)                         : initalize -> H2O SiO4 OH CO3 H3O
04/08 15:13 [DEBUG] cshmd.analysis (__initialize_mole__)                         : initalize -> SiOH CaOH HCO3 H2CO3 H3CO3
04/08 15:13 [DEBUG] cshmd.analysis (find_bond)                                   : find_bond O - H rcut -> 1.2
04/08 15:13 [DEBUG] cshmd.common (time_wrapper)                                  : [RUNTIME] get_distance_table in 0.823 seconds
04/08 15:13 [DEBUG] cshmd.analysis (get_mole)                                    : get_mole O - H -> nbonds: 2
04/08 15:13 [DEBUG] cshmd.analysis (find_bond)                                   : find_bond Si - O rcut -> 2.2
04/08 15:13 [DEBUG] cshmd.common (time_wrapper)                                  : [RUNTIME] get_distance_table in 0.366 seconds
04/08 15:13 [DEBUG] cshmd.analysis (get_mole)                                    : get_mole Si - O -> nbonds: 4
04/08 15:13 [DEBUG] cshmd.analysis (get_mole)                                    : get_mole O - H -> nbonds: 1
04/08 15:13 [DEBUG] cshmd.analysis (find_bond)                                   : find_bond C - O rcut -> 1.6
04/08 15:13 [DEBUG] cshmd.analysis (get_mole)                                    : get_mole C - O -> nbonds: 3
04/08 15:13 [DEBUG] cshmd.analysis (get_mole)                                    : get_mole O - H -> nbonds: 3
04/08 15:13 [DEBUG] cshmd.analysis (find_bond)                                   : find_bond Ca - O rcut -> 3.0
04/08 15:13 [DEBUG] cshmd.common (time_wrapper)                                  : [RUNTIME] get_distance_table in 0.401 seconds
04/08 15:13 [DEBUG] cshmd.analysis (search_basic)                                : Basic search result -> H2O: 732, SiO4: 612, OH: 128, CO3: 0, H3O: 0, Ca_O: 4344
04/08 15:13 [DEBUG] cshmd.analysis (full_search)                                 : Search layer details
04/08 15:13 [DEBUG] cshmd.analysis (find_bond)                                   : find_bond Ca - O rcut -> 3.0
04/08 15:13 [DEBUG] cshmd.analysis (find_bond)                                   : find_bond Si - O rcut -> 2.2
04/08 15:13 [DEBUG] cshmd.analysis (__detail_search_oh_co3)                      : No CO3 in basic search
04/08 15:13 [DEBUG] cshmd.analysis (__detail_search_oh_sioh)                     : Searching 'OH' in 'SiO4
04/08 15:13 [DEBUG] cshmd.analysis (__detail_search_oh_caoh)                     : Searching 'OH' in 'CaOH
04/08 15:13 [INFO] cshmd.analysis (Qn)                                           : [Structure] Q1: 0.510
04/08 15:13 [INFO] cshmd.analysis (Qn)                                           : [Structure] Q2: 0.490
04/08 15:13 [INFO] cshmd.analysis (CS)                                           : [Structure] C/S: 1.069
04/08 15:13 [INFO] cshmd.analysis (validate_tetra)                               : [Structure] BT: 100, PT: 512
04/08 15:13 [INFO] cshmd.analysis (MCL)                                          : [Structure] MCL: 1.962
04/08 15:13 [DEBUG] cshmd.analysis (__init__)                                    : <class 'cshmd.analysis.Chain'> loaded
04/08 15:13 [DEBUG] cshmd.analysis (__init__)                                    : <class 'cshmd.analysis.Chain'> loaded
04/08 15:13 [DEBUG] cshmd.analysis (__init__)                                    : <class 'cshmd.analysis.Chain'> loaded
04/08 15:13 [DEBUG] cshmd.analysis (__init__)                                    : <class 'cshmd.analysis.Chain'> loaded
04/08 15:13 [INFO] cshmd.analysis (validate_tetra)                               : [Structure] CL : Length 2: 15 Length 5: 23 Length 8: 1
04/08 15:13 [INFO] cshmd.analysis (validate_tetra)                               : [Structure] MCL : 3.923076923076923
04/08 15:13 [INFO] cshmd.structure (__init__)                                    : L06.cif was loaded
04/08 15:13 [DEBUG] cshmd.analysis (__init__)                                    : [Structure] Now new data setted for get Bonds
04/08 15:13 [DEBUG] cshmd.analysis (__del_bond__)                                : del -> Si_O O_H H_O Ca_O C_O BO NBO
04/08 15:13 [DEBUG] cshmd.analysis (__initialize_mole__)                         : initalize -> H2O SiO4 OH CO3 H3O
04/08 15:13 [DEBUG] cshmd.analysis (__initialize_mole__)                         : initalize -> SiOH CaOH HCO3 H2CO3 H3CO3
04/08 15:13 [DEBUG] cshmd.analysis (find_bond)                                   : find_bond O - H rcut -> 1.2
04/08 15:13 [DEBUG] cshmd.common (time_wrapper)                                  : [RUNTIME] get_distance_table in 0.735 seconds
04/08 15:13 [DEBUG] cshmd.analysis (get_mole)                                    : get_mole O - H -> nbonds: 2
04/08 15:13 [DEBUG] cshmd.analysis (find_bond)                                   : find_bond Si - O rcut -> 2.2
04/08 15:13 [DEBUG] cshmd.common (time_wrapper)                                  : [RUNTIME] get_distance_table in 0.358 seconds
04/08 15:13 [DEBUG] cshmd.analysis (get_mole)                                    : get_mole Si - O -> nbonds: 4
04/08 15:13 [DEBUG] cshmd.analysis (get_mole)                                    : get_mole O - H -> nbonds: 1
04/08 15:13 [DEBUG] cshmd.analysis (find_bond)                                   : find_bond C - O rcut -> 1.6
04/08 15:13 [DEBUG] cshmd.analysis (get_mole)                                    : get_mole C - O -> nbonds: 3
04/08 15:13 [DEBUG] cshmd.analysis (get_mole)                                    : get_mole O - H -> nbonds: 3
04/08 15:13 [DEBUG] cshmd.analysis (find_bond)                                   : find_bond Ca - O rcut -> 3.0
04/08 15:13 [DEBUG] cshmd.common (time_wrapper)                                  : [RUNTIME] get_distance_table in 0.376 seconds
04/08 15:13 [DEBUG] cshmd.analysis (search_basic)                                : Basic search result -> H2O: 688, SiO4: 656, OH: 128, CO3: 0, H3O: 0, Ca_O: 4256
04/08 15:13 [DEBUG] cshmd.analysis (full_search)                                 : Search layer details
04/08 15:13 [DEBUG] cshmd.analysis (find_bond)                                   : find_bond Ca - O rcut -> 3.0
04/08 15:13 [DEBUG] cshmd.analysis (find_bond)                                   : find_bond Si - O rcut -> 2.2
04/08 15:13 [DEBUG] cshmd.analysis (__detail_search_oh_co3)                      : No CO3 in basic search
04/08 15:13 [DEBUG] cshmd.analysis (__detail_search_oh_sioh)                     : Searching 'OH' in 'SiO4
04/08 15:13 [DEBUG] cshmd.analysis (__detail_search_oh_caoh)                     : Searching 'OH' in 'CaOH
04/08 15:13 [INFO] cshmd.analysis (Qn)                                           : [Structure] Q1: 0.341
04/08 15:13 [INFO] cshmd.analysis (Qn)                                           : [Structure] Q2: 0.659
04/08 15:13 [INFO] cshmd.analysis (CS)                                           : [Structure] C/S: 0.963
04/08 15:13 [INFO] cshmd.analysis (validate_tetra)                               : [Structure] BT: 144, PT: 512
04/08 15:13 [INFO] cshmd.analysis (MCL)                                          : [Structure] MCL: 2.929
04/08 15:13 [DEBUG] cshmd.analysis (__init__)                                    : <class 'cshmd.analysis.Chain'> loaded
04/08 15:13 [DEBUG] cshmd.analysis (__init__)                                    : <class 'cshmd.analysis.Chain'> loaded
04/08 15:13 [DEBUG] cshmd.analysis (__init__)                                    : <class 'cshmd.analysis.Chain'> loaded
04/08 15:13 [DEBUG] cshmd.analysis (__init__)                                    : <class 'cshmd.analysis.Chain'> loaded
04/08 15:13 [INFO] cshmd.analysis (validate_tetra)                               : [Structure] CL : Length 2: 5 Length 5: 10 Length 8: 13
04/08 15:13 [INFO] cshmd.analysis (validate_tetra)                               : [Structure] MCL : 5.857142857142857
04/08 15:13 [INFO] cshmd.structure (__init__)                                    : L08.cif was loaded
04/08 15:13 [DEBUG] cshmd.analysis (__init__)                                    : [Structure] Now new data setted for get Bonds
04/08 15:13 [DEBUG] cshmd.analysis (__del_bond__)                                : del -> Si_O O_H H_O Ca_O C_O BO NBO
04/08 15:13 [DEBUG] cshmd.analysis (__initialize_mole__)                         : initalize -> H2O SiO4 OH CO3 H3O
04/08 15:13 [DEBUG] cshmd.analysis (__initialize_mole__)                         : initalize -> SiOH CaOH HCO3 H2CO3 H3CO3
04/08 15:13 [DEBUG] cshmd.analysis (find_bond)                                   : find_bond O - H rcut -> 1.2
04/08 15:13 [DEBUG] cshmd.common (time_wrapper)                                  : [RUNTIME] get_distance_table in 0.712 seconds
04/08 15:13 [DEBUG] cshmd.analysis (get_mole)                                    : get_mole O - H -> nbonds: 2
04/08 15:13 [DEBUG] cshmd.analysis (find_bond)                                   : find_bond Si - O rcut -> 2.2
04/08 15:13 [DEBUG] cshmd.common (time_wrapper)                                  : [RUNTIME] get_distance_table in 0.376 seconds
04/08 15:13 [DEBUG] cshmd.analysis (get_mole)                                    : get_mole Si - O -> nbonds: 4
04/08 15:13 [DEBUG] cshmd.analysis (get_mole)                                    : get_mole O - H -> nbonds: 1
04/08 15:13 [DEBUG] cshmd.analysis (find_bond)                                   : find_bond C - O rcut -> 1.6
04/08 15:13 [DEBUG] cshmd.analysis (get_mole)                                    : get_mole C - O -> nbonds: 3
04/08 15:13 [DEBUG] cshmd.analysis (get_mole)                                    : get_mole O - H -> nbonds: 3
04/08 15:13 [DEBUG] cshmd.analysis (find_bond)                                   : find_bond Ca - O rcut -> 3.0
04/08 15:13 [DEBUG] cshmd.common (time_wrapper)                                  : [RUNTIME] get_distance_table in 0.377 seconds
04/08 15:13 [DEBUG] cshmd.analysis (search_basic)                                : Basic search result -> H2O: 664, SiO4: 680, OH: 128, CO3: 0, H3O: 0, Ca_O: 4208
04/08 15:13 [DEBUG] cshmd.analysis (full_search)                                 : Search layer details
04/08 15:13 [DEBUG] cshmd.analysis (find_bond)                                   : find_bond Ca - O rcut -> 3.0
04/08 15:13 [DEBUG] cshmd.analysis (find_bond)                                   : find_bond Si - O rcut -> 2.2
04/08 15:13 [DEBUG] cshmd.analysis (__detail_search_oh_co3)                      : No CO3 in basic search
04/08 15:13 [DEBUG] cshmd.analysis (__detail_search_oh_sioh)                     : Searching 'OH' in 'SiO4
04/08 15:13 [DEBUG] cshmd.analysis (__detail_search_oh_caoh)                     : Searching 'OH' in 'CaOH
04/08 15:13 [INFO] cshmd.analysis (Qn)                                           : [Structure] Q1: 0.259
04/08 15:13 [INFO] cshmd.analysis (Qn)                                           : [Structure] Q2: 0.741
04/08 15:13 [INFO] cshmd.analysis (CS)                                           : [Structure] C/S: 0.912
04/08 15:13 [INFO] cshmd.analysis (validate_tetra)                               : [Structure] BT: 168, PT: 512
04/08 15:13 [INFO] cshmd.analysis (MCL)                                          : [Structure] MCL: 3.864
04/08 15:13 [DEBUG] cshmd.analysis (__init__)                                    : <class 'cshmd.analysis.Chain'> loaded
04/08 15:13 [DEBUG] cshmd.analysis (__init__)                                    : <class 'cshmd.analysis.Chain'> loaded
04/08 15:13 [DEBUG] cshmd.analysis (__init__)                                    : <class 'cshmd.analysis.Chain'> loaded
04/08 15:13 [DEBUG] cshmd.analysis (__init__)                                    : <class 'cshmd.analysis.Chain'> loaded
04/08 15:13 [INFO] cshmd.analysis (validate_tetra)                               : [Structure] CL : Length 2: 2 Length 5: 4 Length 8: 10 Length 11: 6
04/08 15:13 [INFO] cshmd.analysis (validate_tetra)                               : [Structure] MCL : 7.7272727272727275
04/08 15:13 [INFO] cshmd.structure (__init__)                                    : L10.cif was loaded
04/08 15:13 [DEBUG] cshmd.analysis (__init__)                                    : [Structure] Now new data setted for get Bonds
04/08 15:13 [DEBUG] cshmd.analysis (__del_bond__)                                : del -> Si_O O_H H_O Ca_O C_O BO NBO
04/08 15:13 [DEBUG] cshmd.analysis (__initialize_mole__)                         : initalize -> H2O SiO4 OH CO3 H3O
04/08 15:13 [DEBUG] cshmd.analysis (__initialize_mole__)                         : initalize -> SiOH CaOH HCO3 H2CO3 H3CO3
04/08 15:13 [DEBUG] cshmd.analysis (find_bond)                                   : find_bond O - H rcut -> 1.2
04/08 15:13 [DEBUG] cshmd.common (time_wrapper)                                  : [RUNTIME] get_distance_table in 0.686 seconds
04/08 15:13 [DEBUG] cshmd.analysis (get_mole)                                    : get_mole O - H -> nbonds: 2
04/08 15:13 [DEBUG] cshmd.analysis (find_bond)                                   : find_bond Si - O rcut -> 2.2
04/08 15:13 [DEBUG] cshmd.common (time_wrapper)                                  : [RUNTIME] get_distance_table in 0.346 seconds
04/08 15:13 [DEBUG] cshmd.analysis (get_mole)                                    : get_mole Si - O -> nbonds: 4
04/08 15:13 [DEBUG] cshmd.analysis (get_mole)                                    : get_mole O - H -> nbonds: 1
04/08 15:13 [DEBUG] cshmd.analysis (find_bond)                                   : find_bond C - O rcut -> 1.6
04/08 15:13 [DEBUG] cshmd.analysis (get_mole)                                    : get_mole C - O -> nbonds: 3
04/08 15:13 [DEBUG] cshmd.analysis (get_mole)                                    : get_mole O - H -> nbonds: 3
04/08 15:13 [DEBUG] cshmd.analysis (find_bond)                                   : find_bond Ca - O rcut -> 3.0
04/08 15:13 [DEBUG] cshmd.common (time_wrapper)                                  : [RUNTIME] get_distance_table in 0.366 seconds
04/08 15:13 [DEBUG] cshmd.analysis (search_basic)                                : Basic search result -> H2O: 648, SiO4: 696, OH: 128, CO3: 0, H3O: 0, Ca_O: 4176
04/08 15:13 [DEBUG] cshmd.analysis (full_search)                                 : Search layer details
04/08 15:13 [DEBUG] cshmd.analysis (find_bond)                                   : find_bond Ca - O rcut -> 3.0
04/08 15:13 [DEBUG] cshmd.analysis (find_bond)                                   : find_bond Si - O rcut -> 2.2
04/08 15:13 [DEBUG] cshmd.analysis (__detail_search_oh_co3)                      : No CO3 in basic search
04/08 15:13 [DEBUG] cshmd.analysis (__detail_search_oh_sioh)                     : Searching 'OH' in 'SiO4
04/08 15:13 [DEBUG] cshmd.analysis (__detail_search_oh_caoh)                     : Searching 'OH' in 'CaOH
04/08 15:13 [INFO] cshmd.analysis (Qn)                                           : [Structure] Q1: 0.207
04/08 15:13 [INFO] cshmd.analysis (Qn)                                           : [Structure] Q2: 0.793
04/08 15:13 [INFO] cshmd.analysis (CS)                                           : [Structure] C/S: 0.879
04/08 15:13 [INFO] cshmd.analysis (validate_tetra)                               : [Structure] BT: 184, PT: 512
04/08 15:13 [INFO] cshmd.analysis (MCL)                                          : [Structure] MCL: 4.833
04/08 15:13 [DEBUG] cshmd.analysis (__init__)                                    : <class 'cshmd.analysis.Chain'> loaded
04/08 15:13 [DEBUG] cshmd.analysis (__init__)                                    : <class 'cshmd.analysis.Chain'> loaded
04/08 15:13 [DEBUG] cshmd.analysis (__init__)                                    : <class 'cshmd.analysis.Chain'> loaded
04/08 15:13 [DEBUG] cshmd.analysis (__init__)                                    : <class 'cshmd.analysis.Chain'> loaded
04/08 15:13 [INFO] cshmd.analysis (validate_tetra)                               : [Structure] CL : Length 2: 1 Length 5: 1 Length 8: 6 Length 11: 7 Length 14: 3
04/08 15:13 [INFO] cshmd.analysis (validate_tetra)                               : [Structure] MCL : 9.666666666666666
04/08 15:13 [INFO] cshmd.structure (__init__)                                    : L12.cif was loaded
04/08 15:13 [DEBUG] cshmd.analysis (__init__)                                    : [Structure] Now new data setted for get Bonds
04/08 15:13 [DEBUG] cshmd.analysis (__del_bond__)                                : del -> Si_O O_H H_O Ca_O C_O BO NBO
04/08 15:13 [DEBUG] cshmd.analysis (__initialize_mole__)                         : initalize -> H2O SiO4 OH CO3 H3O
04/08 15:13 [DEBUG] cshmd.analysis (__initialize_mole__)                         : initalize -> SiOH CaOH HCO3 H2CO3 H3CO3
04/08 15:13 [DEBUG] cshmd.analysis (find_bond)                                   : find_bond O - H rcut -> 1.2
04/08 15:13 [DEBUG] cshmd.common (time_wrapper)                                  : [RUNTIME] get_distance_table in 0.681 seconds
04/08 15:13 [DEBUG] cshmd.analysis (get_mole)                                    : get_mole O - H -> nbonds: 2
04/08 15:13 [DEBUG] cshmd.analysis (find_bond)                                   : find_bond Si - O rcut -> 2.2
04/08 15:13 [DEBUG] cshmd.common (time_wrapper)                                  : [RUNTIME] get_distance_table in 0.357 seconds
04/08 15:13 [DEBUG] cshmd.analysis (get_mole)                                    : get_mole Si - O -> nbonds: 4
04/08 15:13 [DEBUG] cshmd.analysis (get_mole)                                    : get_mole O - H -> nbonds: 1
04/08 15:13 [DEBUG] cshmd.analysis (find_bond)                                   : find_bond C - O rcut -> 1.6
04/08 15:13 [DEBUG] cshmd.analysis (get_mole)                                    : get_mole C - O -> nbonds: 3
04/08 15:13 [DEBUG] cshmd.analysis (get_mole)                                    : get_mole O - H -> nbonds: 3
04/08 15:13 [DEBUG] cshmd.analysis (find_bond)                                   : find_bond Ca - O rcut -> 3.0
04/08 15:13 [DEBUG] cshmd.common (time_wrapper)                                  : [RUNTIME] get_distance_table in 0.372 seconds
04/08 15:13 [DEBUG] cshmd.analysis (search_basic)                                : Basic search result -> H2O: 636, SiO4: 708, OH: 128, CO3: 0, H3O: 0, Ca_O: 4152
04/08 15:13 [DEBUG] cshmd.analysis (full_search)                                 : Search layer details
04/08 15:13 [DEBUG] cshmd.analysis (find_bond)                                   : find_bond Ca - O rcut -> 3.0
04/08 15:13 [DEBUG] cshmd.analysis (find_bond)                                   : find_bond Si - O rcut -> 2.2
04/08 15:13 [DEBUG] cshmd.analysis (__detail_search_oh_co3)                      : No CO3 in basic search
04/08 15:13 [DEBUG] cshmd.analysis (__detail_search_oh_sioh)                     : Searching 'OH' in 'SiO4
04/08 15:13 [DEBUG] cshmd.analysis (__detail_search_oh_caoh)                     : Searching 'OH' in 'CaOH
04/08 15:13 [INFO] cshmd.analysis (Qn)                                           : [Structure] Q1: 0.169
04/08 15:13 [INFO] cshmd.analysis (Qn)                                           : [Structure] Q2: 0.831
04/08 15:13 [INFO] cshmd.analysis (CS)                                           : [Structure] C/S: 0.856
04/08 15:13 [INFO] cshmd.analysis (validate_tetra)                               : [Structure] BT: 196, PT: 512
04/08 15:13 [INFO] cshmd.analysis (MCL)                                          : [Structure] MCL: 5.900
04/08 15:13 [DEBUG] cshmd.analysis (__init__)                                    : <class 'cshmd.analysis.Chain'> loaded
04/08 15:13 [DEBUG] cshmd.analysis (__init__)                                    : <class 'cshmd.analysis.Chain'> loaded
04/08 15:13 [DEBUG] cshmd.analysis (__init__)                                    : <class 'cshmd.analysis.Chain'> loaded
04/08 15:13 [DEBUG] cshmd.analysis (__init__)                                    : <class 'cshmd.analysis.Chain'> loaded
04/08 15:13 [INFO] cshmd.analysis (validate_tetra)                               : [Structure] CL : Length 8: 2 Length 11: 10 Length 14: 2 Length 23: 1
04/08 15:13 [INFO] cshmd.analysis (validate_tetra)                               : [Structure] MCL : 11.8
04/08 15:13 [DEBUG] cshmd.common (get_logger)                                    : $$$$$$$$$$$$$$  Logger 'cshmd.common........' initialized  $$$$$$$$$$$$$$
04/08 15:13 [DEBUG] cshmd.functions (get_logger)                                 : $$$$$$$$$$$$$$  Logger 'cshmd.functions.....' initialized  $$$$$$$$$$$$$$
04/08 15:13 [DEBUG] cshmd.load (get_logger)                                      : $$$$$$$$$$$$$$  Logger 'cshmd.load..........' initialized  $$$$$$$$$$$$$$
04/08 15:13 [DEBUG] cshmd.analysis (get_logger)                                  : $$$$$$$$$$$$$$  Logger 'cshmd.analysis......' initialized  $$$$$$$$$$$$$$
04/08 15:13 [DEBUG] cshmd.structure (get_logger)                                 : $$$$$$$$$$$$$$  Logger 'cshmd.structure.....' initialized  $$$$$$$$$$$$$$
04/08 15:13 [DEBUG] cshmd.builder (get_logger)                                   : $$$$$$$$$$$$$$  Logger 'cshmd.builder.......' initialized  $$$$$$$$$$$$$$
04/08 15:13 [DEBUG] cshmd.trj_analysis (get_logger)                              : $$$$$$$$$$$$$$  Logger 'cshmd.trj_analysis..' initialized  $$$$$$$$$$$$$$
04/08 15:15 [DEBUG] cshmd.common (get_logger)                                    : $$$$$$$$$$$$$$  Logger 'cshmd.common........' initialized  $$$$$$$$$$$$$$
04/08 15:15 [DEBUG] cshmd.functions (get_logger)                                 : $$$$$$$$$$$$$$  Logger 'cshmd.functions.....' initialized  $$$$$$$$$$$$$$
04/08 15:15 [DEBUG] cshmd.load (get_logger)                                      : $$$$$$$$$$$$$$  Logger 'cshmd.load..........' initialized  $$$$$$$$$$$$$$
04/08 15:15 [DEBUG] cshmd.analysis (get_logger)                                  : $$$$$$$$$$$$$$  Logger 'cshmd.analysis......' initialized  $$$$$$$$$$$$$$
04/08 15:15 [DEBUG] cshmd.structure (get_logger)                                 : $$$$$$$$$$$$$$  Logger 'cshmd.structure.....' initialized  $$$$$$$$$$$$$$
04/08 15:15 [DEBUG] cshmd.builder (get_logger)                                   : $$$$$$$$$$$$$$  Logger 'cshmd.builder.......' initialized  $$$$$$$$$$$$$$
04/08 15:15 [DEBUG] cshmd.trj_analysis (get_logger)                              : $$$$$$$$$$$$$$  Logger 'cshmd.trj_analysis..' initialized  $$$$$$$$$$$$$$
04/08 15:16 [DEBUG] cshmd.common (get_logger)                                    : $$$$$$$$$$$$$$  Logger 'cshmd.common........' initialized  $$$$$$$$$$$$$$
04/08 15:16 [DEBUG] cshmd.functions (get_logger)                                 : $$$$$$$$$$$$$$  Logger 'cshmd.functions.....' initialized  $$$$$$$$$$$$$$
04/08 15:16 [DEBUG] cshmd.load (get_logger)                                      : $$$$$$$$$$$$$$  Logger 'cshmd.load..........' initialized  $$$$$$$$$$$$$$
04/08 15:16 [DEBUG] cshmd.analysis (get_logger)                                  : $$$$$$$$$$$$$$  Logger 'cshmd.analysis......' initialized  $$$$$$$$$$$$$$
04/08 15:16 [DEBUG] cshmd.structure (get_logger)                                 : $$$$$$$$$$$$$$  Logger 'cshmd.structure.....' initialized  $$$$$$$$$$$$$$
04/08 15:16 [DEBUG] cshmd.builder (get_logger)                                   : $$$$$$$$$$$$$$  Logger 'cshmd.builder.......' initialized  $$$$$$$$$$$$$$
04/08 15:16 [DEBUG] cshmd.trj_analysis (get_logger)                              : $$$$$$$$$$$$$$  Logger 'cshmd.trj_analysis..' initialized  $$$$$$$$$$$$$$
04/08 15:16 [DEBUG] cif_modifier (get_logger)                                    : $$$$$$$$$$$$$$  Logger 'cif_modifier........' initialized  $$$$$$$$$$$$$$
04/08 15:16 [INFO] cif_modifier (<module>)                                       : Logger loaded
04/08 15:16 [INFO] cshmd.structure (__init__)                                    : L02.cif was loaded
04/08 15:16 [DEBUG] cshmd.analysis (__init__)                                    : [Structure] Now new data setted for get Bonds
04/08 15:16 [DEBUG] cshmd.analysis (__del_bond__)                                : del -> Si_O O_H H_O Ca_O C_O BO NBO
04/08 15:16 [DEBUG] cshmd.analysis (__initialize_mole__)                         : initalize -> H2O SiO4 OH CO3 H3O
04/08 15:16 [DEBUG] cshmd.analysis (__initialize_mole__)                         : initalize -> SiOH CaOH HCO3 H2CO3 H3CO3
04/08 15:16 [INFO] cshmd.analysis (__init__)                                     : Not any C-S-H Si range info
04/08 15:16 [DEBUG] cshmd.analysis (find_bond)                                   : find_bond O - H rcut -> 1.2
04/08 15:16 [DEBUG] cshmd.common (time_wrapper)                                  : [RUNTIME] get_distance_table in 0.799 seconds
04/08 15:16 [DEBUG] cshmd.analysis (get_mole)                                    : get_mole O - H -> nbonds: 2
04/08 15:16 [DEBUG] cshmd.analysis (find_bond)                                   : find_bond Si - O rcut -> 2.2
04/08 15:16 [DEBUG] cshmd.common (time_wrapper)                                  : [RUNTIME] get_distance_table in 0.255 seconds
04/08 15:16 [DEBUG] cshmd.analysis (get_mole)                                    : get_mole Si - O -> nbonds: 4
04/08 15:16 [DEBUG] cshmd.analysis (get_mole)                                    : get_mole O - H -> nbonds: 1
04/08 15:16 [DEBUG] cshmd.analysis (find_bond)                                   : find_bond C - O rcut -> 1.6
04/08 15:16 [DEBUG] cshmd.analysis (get_mole)                                    : get_mole C - O -> nbonds: 3
04/08 15:16 [DEBUG] cshmd.analysis (get_mole)                                    : get_mole O - H -> nbonds: 3
04/08 15:16 [DEBUG] cshmd.analysis (find_bond)                                   : find_bond Ca - O rcut -> 3.0
04/08 15:16 [DEBUG] cshmd.common (time_wrapper)                                  : [RUNTIME] get_distance_table in 13.876 seconds
04/08 15:16 [DEBUG] cshmd.analysis (search_basic)                                : Basic search result -> H2O: 832, SiO4: 512, OH: 128, CO3: 0, H3O: 0, Ca_O: 4544
04/08 15:16 [DEBUG] cshmd.analysis (full_search)                                 : Search layer details
04/08 15:16 [DEBUG] cshmd.analysis (find_bond)                                   : find_bond Ca - O rcut -> 3.0
04/08 15:16 [DEBUG] cshmd.analysis (find_bond)                                   : find_bond Si - O rcut -> 2.2
04/08 15:16 [DEBUG] cshmd.analysis (__detail_search_oh_co3)                      : No CO3 in basic search
04/08 15:16 [DEBUG] cshmd.analysis (__detail_search_oh_sioh)                     : Searching 'OH' in 'SiO4
04/08 15:16 [DEBUG] cshmd.analysis (__detail_search_oh_caoh)                     : Searching 'OH' in 'CaOH
04/08 15:16 [DEBUG] cshmd.analysis (find_bond)                                   : find_bond O - H rcut -> 1.15
04/08 15:16 [DEBUG] cshmd.analysis (get_mole)                                    : get_mole O - H -> nbonds: 1
04/08 15:16 [DEBUG] cshmd.analysis (get_mole)                                    : get_mole O - H -> nbonds: 2
04/08 15:16 [DEBUG] cshmd.analysis (find_bond)                                   : find_bond C - O rcut -> 1.4
04/08 15:16 [DEBUG] cshmd.analysis (get_mole)                                    : get_mole C - O -> nbonds: 3
04/08 15:16 [DEBUG] cshmd.analysis (find_bond)                                   : find_bond Si - O rcut -> 1.8
04/08 15:16 [DEBUG] cshmd.analysis (get_mole)                                    : get_mole Si - O -> nbonds: 4
04/08 15:16 [INFO] cshmd.functions (cal_uniform_by_space)                        : Number of molecules to add : 2678
04/08 15:16 [INFO] cshmd.functions (cal_uniform_by_space)                        : Number of atoms per surface : 272
04/08 15:16 [INFO] cshmd.functions (cal_uniform_by_space)                        : Number of layer : 10
04/08 15:16 [INFO] cshmd.structure (extendLattice)                               : Extend lattice 53.882 59.402 28.788 -> 53.882 59.402 46.788 
04/08 15:16 [INFO] cif_modifier (exec_make_interface)                            : Number of atoms: 5888 -> 13922
04/08 15:16 [INFO] cshmd.structure (labeling_by_clayff)                          : Now get label according to 'Clayff' style
04/08 15:16 [DEBUG] cshmd.analysis (get_mole)                                    : get_mole O - H -> nbonds: 1
04/08 15:16 [DEBUG] cshmd.analysis (get_mole)                                    : get_mole O - H -> nbonds: 2
04/08 15:16 [DEBUG] cshmd.analysis (get_mole)                                    : get_mole Si - O -> nbonds: 4
04/08 15:16 [DEBUG] cshmd.analysis (get_mole)                                    : get_mole C - O -> nbonds: 3
04/08 15:16 [INFO] cshmd.structure (labeling_by_clayff)                          : All atoms labeled by clayff
04/08 15:16 [INFO] cshmd.structure (labeling_by_clayff)                          : Clayff charge: 0.000
04/08 15:16 [INFO] cshmd.structure (writeCif)                                    : L02_w2750.cif was created
04/08 15:16 [INFO] cif_modifier (__init__)                                       : Total charge: 0 -> 0
04/08 15:16 [DEBUG] cshmd.common (get_logger)                                    : $$$$$$$$$$$$$$  Logger 'cshmd.common........' initialized  $$$$$$$$$$$$$$
04/08 15:16 [DEBUG] cshmd.functions (get_logger)                                 : $$$$$$$$$$$$$$  Logger 'cshmd.functions.....' initialized  $$$$$$$$$$$$$$
04/08 15:16 [DEBUG] cshmd.load (get_logger)                                      : $$$$$$$$$$$$$$  Logger 'cshmd.load..........' initialized  $$$$$$$$$$$$$$
04/08 15:16 [DEBUG] cshmd.analysis (get_logger)                                  : $$$$$$$$$$$$$$  Logger 'cshmd.analysis......' initialized  $$$$$$$$$$$$$$
04/08 15:16 [DEBUG] cshmd.structure (get_logger)                                 : $$$$$$$$$$$$$$  Logger 'cshmd.structure.....' initialized  $$$$$$$$$$$$$$
04/08 15:16 [DEBUG] cshmd.builder (get_logger)                                   : $$$$$$$$$$$$$$  Logger 'cshmd.builder.......' initialized  $$$$$$$$$$$$$$
04/08 15:16 [DEBUG] cshmd.trj_analysis (get_logger)                              : $$$$$$$$$$$$$$  Logger 'cshmd.trj_analysis..' initialized  $$$$$$$$$$$$$$
04/08 15:16 [DEBUG] cif_modifier (get_logger)                                    : $$$$$$$$$$$$$$  Logger 'cif_modifier........' initialized  $$$$$$$$$$$$$$
04/08 15:16 [INFO] cif_modifier (<module>)                                       : Logger loaded
04/08 15:16 [INFO] cshmd.structure (__init__)                                    : L04.cif was loaded
04/08 15:16 [DEBUG] cshmd.analysis (__init__)                                    : [Structure] Now new data setted for get Bonds
04/08 15:16 [DEBUG] cshmd.analysis (__del_bond__)                                : del -> Si_O O_H H_O Ca_O C_O BO NBO
04/08 15:16 [DEBUG] cshmd.analysis (__initialize_mole__)                         : initalize -> H2O SiO4 OH CO3 H3O
04/08 15:16 [DEBUG] cshmd.analysis (__initialize_mole__)                         : initalize -> SiOH CaOH HCO3 H2CO3 H3CO3
04/08 15:16 [INFO] cshmd.analysis (__init__)                                     : Not any C-S-H Si range info
04/08 15:16 [DEBUG] cshmd.analysis (find_bond)                                   : find_bond O - H rcut -> 1.2
04/08 15:16 [DEBUG] cshmd.common (time_wrapper)                                  : [RUNTIME] get_distance_table in 0.827 seconds
04/08 15:16 [DEBUG] cshmd.analysis (get_mole)                                    : get_mole O - H -> nbonds: 2
04/08 15:16 [DEBUG] cshmd.analysis (find_bond)                                   : find_bond Si - O rcut -> 2.2
04/08 15:16 [DEBUG] cshmd.common (time_wrapper)                                  : [RUNTIME] get_distance_table in 0.340 seconds
04/08 15:16 [DEBUG] cshmd.analysis (get_mole)                                    : get_mole Si - O -> nbonds: 4
04/08 15:16 [DEBUG] cshmd.analysis (get_mole)                                    : get_mole O - H -> nbonds: 1
04/08 15:16 [DEBUG] cshmd.analysis (find_bond)                                   : find_bond C - O rcut -> 1.6
04/08 15:16 [DEBUG] cshmd.analysis (get_mole)                                    : get_mole C - O -> nbonds: 3
04/08 15:16 [DEBUG] cshmd.analysis (get_mole)                                    : get_mole O - H -> nbonds: 3
04/08 15:16 [DEBUG] cshmd.analysis (find_bond)                                   : find_bond Ca - O rcut -> 3.0
04/08 15:16 [DEBUG] cshmd.common (time_wrapper)                                  : [RUNTIME] get_distance_table in 0.367 seconds
04/08 15:16 [DEBUG] cshmd.analysis (search_basic)                                : Basic search result -> H2O: 732, SiO4: 612, OH: 128, CO3: 0, H3O: 0, Ca_O: 4344
04/08 15:16 [DEBUG] cshmd.analysis (full_search)                                 : Search layer details
04/08 15:16 [DEBUG] cshmd.analysis (find_bond)                                   : find_bond Ca - O rcut -> 3.0
04/08 15:16 [DEBUG] cshmd.analysis (find_bond)                                   : find_bond Si - O rcut -> 2.2
04/08 15:16 [DEBUG] cshmd.analysis (__detail_search_oh_co3)                      : No CO3 in basic search
04/08 15:16 [DEBUG] cshmd.analysis (__detail_search_oh_sioh)                     : Searching 'OH' in 'SiO4
04/08 15:16 [DEBUG] cshmd.analysis (__detail_search_oh_caoh)                     : Searching 'OH' in 'CaOH
04/08 15:16 [DEBUG] cshmd.analysis (find_bond)                                   : find_bond O - H rcut -> 1.15
04/08 15:16 [DEBUG] cshmd.analysis (get_mole)                                    : get_mole O - H -> nbonds: 1
04/08 15:16 [DEBUG] cshmd.analysis (get_mole)                                    : get_mole O - H -> nbonds: 2
04/08 15:16 [DEBUG] cshmd.analysis (find_bond)                                   : find_bond C - O rcut -> 1.4
04/08 15:16 [DEBUG] cshmd.analysis (get_mole)                                    : get_mole C - O -> nbonds: 3
04/08 15:16 [DEBUG] cshmd.analysis (find_bond)                                   : find_bond Si - O rcut -> 1.8
04/08 15:16 [DEBUG] cshmd.analysis (get_mole)                                    : get_mole Si - O -> nbonds: 4
04/08 15:16 [INFO] cshmd.functions (cal_uniform_by_space)                        : Number of molecules to add : 2678
04/08 15:16 [INFO] cshmd.functions (cal_uniform_by_space)                        : Number of atoms per surface : 272
04/08 15:16 [INFO] cshmd.functions (cal_uniform_by_space)                        : Number of layer : 10
04/08 15:16 [INFO] cshmd.structure (extendLattice)                               : Extend lattice 53.882 59.402 28.788 -> 53.882 59.402 46.788 
04/08 15:16 [INFO] cif_modifier (exec_make_interface)                            : Number of atoms: 5788 -> 13822
04/08 15:16 [INFO] cshmd.structure (labeling_by_clayff)                          : Now get label according to 'Clayff' style
04/08 15:16 [DEBUG] cshmd.analysis (get_mole)                                    : get_mole O - H -> nbonds: 1
04/08 15:16 [DEBUG] cshmd.analysis (get_mole)                                    : get_mole O - H -> nbonds: 2
04/08 15:16 [DEBUG] cshmd.analysis (get_mole)                                    : get_mole Si - O -> nbonds: 4
04/08 15:16 [DEBUG] cshmd.analysis (get_mole)                                    : get_mole C - O -> nbonds: 3
04/08 15:16 [INFO] cshmd.structure (labeling_by_clayff)                          : All atoms labeled by clayff
04/08 15:16 [INFO] cshmd.structure (labeling_by_clayff)                          : Clayff charge: 0.000
04/08 15:16 [INFO] cshmd.structure (writeCif)                                    : L04_w2750.cif was created
04/08 15:16 [INFO] cif_modifier (__init__)                                       : Total charge: 0 -> 0
04/08 15:16 [DEBUG] cshmd.common (get_logger)                                    : $$$$$$$$$$$$$$  Logger 'cshmd.common........' initialized  $$$$$$$$$$$$$$
04/08 15:16 [DEBUG] cshmd.functions (get_logger)                                 : $$$$$$$$$$$$$$  Logger 'cshmd.functions.....' initialized  $$$$$$$$$$$$$$
04/08 15:16 [DEBUG] cshmd.load (get_logger)                                      : $$$$$$$$$$$$$$  Logger 'cshmd.load..........' initialized  $$$$$$$$$$$$$$
04/08 15:16 [DEBUG] cshmd.analysis (get_logger)                                  : $$$$$$$$$$$$$$  Logger 'cshmd.analysis......' initialized  $$$$$$$$$$$$$$
04/08 15:16 [DEBUG] cshmd.structure (get_logger)                                 : $$$$$$$$$$$$$$  Logger 'cshmd.structure.....' initialized  $$$$$$$$$$$$$$
04/08 15:16 [DEBUG] cshmd.builder (get_logger)                                   : $$$$$$$$$$$$$$  Logger 'cshmd.builder.......' initialized  $$$$$$$$$$$$$$
04/08 15:16 [DEBUG] cshmd.trj_analysis (get_logger)                              : $$$$$$$$$$$$$$  Logger 'cshmd.trj_analysis..' initialized  $$$$$$$$$$$$$$
04/08 15:16 [DEBUG] cif_modifier (get_logger)                                    : $$$$$$$$$$$$$$  Logger 'cif_modifier........' initialized  $$$$$$$$$$$$$$
04/08 15:16 [INFO] cif_modifier (<module>)                                       : Logger loaded
04/08 15:16 [INFO] cshmd.structure (__init__)                                    : L06.cif was loaded
04/08 15:16 [DEBUG] cshmd.analysis (__init__)                                    : [Structure] Now new data setted for get Bonds
04/08 15:16 [DEBUG] cshmd.analysis (__del_bond__)                                : del -> Si_O O_H H_O Ca_O C_O BO NBO
04/08 15:16 [DEBUG] cshmd.analysis (__initialize_mole__)                         : initalize -> H2O SiO4 OH CO3 H3O
04/08 15:16 [DEBUG] cshmd.analysis (__initialize_mole__)                         : initalize -> SiOH CaOH HCO3 H2CO3 H3CO3
04/08 15:16 [INFO] cshmd.analysis (__init__)                                     : Not any C-S-H Si range info
04/08 15:16 [DEBUG] cshmd.analysis (find_bond)                                   : find_bond O - H rcut -> 1.2
04/08 15:16 [DEBUG] cshmd.common (time_wrapper)                                  : [RUNTIME] get_distance_table in 0.712 seconds
04/08 15:16 [DEBUG] cshmd.analysis (get_mole)                                    : get_mole O - H -> nbonds: 2
04/08 15:16 [DEBUG] cshmd.analysis (find_bond)                                   : find_bond Si - O rcut -> 2.2
04/08 15:16 [DEBUG] cshmd.common (time_wrapper)                                  : [RUNTIME] get_distance_table in 0.332 seconds
04/08 15:16 [DEBUG] cshmd.analysis (get_mole)                                    : get_mole Si - O -> nbonds: 4
04/08 15:16 [DEBUG] cshmd.analysis (get_mole)                                    : get_mole O - H -> nbonds: 1
04/08 15:16 [DEBUG] cshmd.analysis (find_bond)                                   : find_bond C - O rcut -> 1.6
04/08 15:16 [DEBUG] cshmd.analysis (get_mole)                                    : get_mole C - O -> nbonds: 3
04/08 15:16 [DEBUG] cshmd.analysis (get_mole)                                    : get_mole O - H -> nbonds: 3
04/08 15:16 [DEBUG] cshmd.analysis (find_bond)                                   : find_bond Ca - O rcut -> 3.0
04/08 15:16 [DEBUG] cshmd.common (time_wrapper)                                  : [RUNTIME] get_distance_table in 0.364 seconds
04/08 15:16 [DEBUG] cshmd.analysis (search_basic)                                : Basic search result -> H2O: 688, SiO4: 656, OH: 128, CO3: 0, H3O: 0, Ca_O: 4256
04/08 15:16 [DEBUG] cshmd.analysis (full_search)                                 : Search layer details
04/08 15:16 [DEBUG] cshmd.analysis (find_bond)                                   : find_bond Ca - O rcut -> 3.0
04/08 15:16 [DEBUG] cshmd.analysis (find_bond)                                   : find_bond Si - O rcut -> 2.2
04/08 15:16 [DEBUG] cshmd.analysis (__detail_search_oh_co3)                      : No CO3 in basic search
04/08 15:16 [DEBUG] cshmd.analysis (__detail_search_oh_sioh)                     : Searching 'OH' in 'SiO4
04/08 15:16 [DEBUG] cshmd.analysis (__detail_search_oh_caoh)                     : Searching 'OH' in 'CaOH
04/08 15:16 [DEBUG] cshmd.analysis (find_bond)                                   : find_bond O - H rcut -> 1.15
04/08 15:16 [DEBUG] cshmd.analysis (get_mole)                                    : get_mole O - H -> nbonds: 1
04/08 15:16 [DEBUG] cshmd.analysis (get_mole)                                    : get_mole O - H -> nbonds: 2
04/08 15:16 [DEBUG] cshmd.analysis (find_bond)                                   : find_bond C - O rcut -> 1.4
04/08 15:16 [DEBUG] cshmd.analysis (get_mole)                                    : get_mole C - O -> nbonds: 3
04/08 15:16 [DEBUG] cshmd.analysis (find_bond)                                   : find_bond Si - O rcut -> 1.8
04/08 15:16 [DEBUG] cshmd.analysis (get_mole)                                    : get_mole Si - O -> nbonds: 4
04/08 15:16 [INFO] cshmd.functions (cal_uniform_by_space)                        : Number of molecules to add : 2678
04/08 15:16 [INFO] cshmd.functions (cal_uniform_by_space)                        : Number of atoms per surface : 272
04/08 15:16 [INFO] cshmd.functions (cal_uniform_by_space)                        : Number of layer : 10
04/08 15:16 [INFO] cshmd.structure (extendLattice)                               : Extend lattice 53.882 59.402 28.788 -> 53.882 59.402 46.788 
04/08 15:16 [INFO] cif_modifier (exec_make_interface)                            : Number of atoms: 5744 -> 13778
04/08 15:16 [INFO] cshmd.structure (labeling_by_clayff)                          : Now get label according to 'Clayff' style
04/08 15:16 [DEBUG] cshmd.analysis (get_mole)                                    : get_mole O - H -> nbonds: 1
04/08 15:16 [DEBUG] cshmd.analysis (get_mole)                                    : get_mole O - H -> nbonds: 2
04/08 15:16 [DEBUG] cshmd.analysis (get_mole)                                    : get_mole Si - O -> nbonds: 4
04/08 15:16 [DEBUG] cshmd.analysis (get_mole)                                    : get_mole C - O -> nbonds: 3
04/08 15:16 [INFO] cshmd.structure (labeling_by_clayff)                          : All atoms labeled by clayff
04/08 15:16 [INFO] cshmd.structure (labeling_by_clayff)                          : Clayff charge: 0.000
04/08 15:16 [INFO] cshmd.structure (writeCif)                                    : L06_w2750.cif was created
04/08 15:16 [INFO] cif_modifier (__init__)                                       : Total charge: 0 -> 0
04/08 15:16 [DEBUG] cshmd.common (get_logger)                                    : $$$$$$$$$$$$$$  Logger 'cshmd.common........' initialized  $$$$$$$$$$$$$$
04/08 15:16 [DEBUG] cshmd.functions (get_logger)                                 : $$$$$$$$$$$$$$  Logger 'cshmd.functions.....' initialized  $$$$$$$$$$$$$$
04/08 15:16 [DEBUG] cshmd.load (get_logger)                                      : $$$$$$$$$$$$$$  Logger 'cshmd.load..........' initialized  $$$$$$$$$$$$$$
04/08 15:16 [DEBUG] cshmd.analysis (get_logger)                                  : $$$$$$$$$$$$$$  Logger 'cshmd.analysis......' initialized  $$$$$$$$$$$$$$
04/08 15:16 [DEBUG] cshmd.structure (get_logger)                                 : $$$$$$$$$$$$$$  Logger 'cshmd.structure.....' initialized  $$$$$$$$$$$$$$
04/08 15:16 [DEBUG] cshmd.builder (get_logger)                                   : $$$$$$$$$$$$$$  Logger 'cshmd.builder.......' initialized  $$$$$$$$$$$$$$
04/08 15:16 [DEBUG] cshmd.trj_analysis (get_logger)                              : $$$$$$$$$$$$$$  Logger 'cshmd.trj_analysis..' initialized  $$$$$$$$$$$$$$
04/08 15:16 [DEBUG] cif_modifier (get_logger)                                    : $$$$$$$$$$$$$$  Logger 'cif_modifier........' initialized  $$$$$$$$$$$$$$
04/08 15:16 [INFO] cif_modifier (<module>)                                       : Logger loaded
04/08 15:16 [INFO] cshmd.structure (__init__)                                    : L08.cif was loaded
04/08 15:16 [DEBUG] cshmd.analysis (__init__)                                    : [Structure] Now new data setted for get Bonds
04/08 15:16 [DEBUG] cshmd.analysis (__del_bond__)                                : del -> Si_O O_H H_O Ca_O C_O BO NBO
04/08 15:16 [DEBUG] cshmd.analysis (__initialize_mole__)                         : initalize -> H2O SiO4 OH CO3 H3O
04/08 15:16 [DEBUG] cshmd.analysis (__initialize_mole__)                         : initalize -> SiOH CaOH HCO3 H2CO3 H3CO3
04/08 15:16 [INFO] cshmd.analysis (__init__)                                     : Not any C-S-H Si range info
04/08 15:16 [DEBUG] cshmd.analysis (find_bond)                                   : find_bond O - H rcut -> 1.2
04/08 15:16 [DEBUG] cshmd.common (time_wrapper)                                  : [RUNTIME] get_distance_table in 0.803 seconds
04/08 15:16 [DEBUG] cshmd.analysis (get_mole)                                    : get_mole O - H -> nbonds: 2
04/08 15:16 [DEBUG] cshmd.analysis (find_bond)                                   : find_bond Si - O rcut -> 2.2
04/08 15:16 [DEBUG] cshmd.common (time_wrapper)                                  : [RUNTIME] get_distance_table in 0.334 seconds
04/08 15:16 [DEBUG] cshmd.analysis (get_mole)                                    : get_mole Si - O -> nbonds: 4
04/08 15:16 [DEBUG] cshmd.analysis (get_mole)                                    : get_mole O - H -> nbonds: 1
04/08 15:16 [DEBUG] cshmd.analysis (find_bond)                                   : find_bond C - O rcut -> 1.6
04/08 15:16 [DEBUG] cshmd.analysis (get_mole)                                    : get_mole C - O -> nbonds: 3
04/08 15:16 [DEBUG] cshmd.analysis (get_mole)                                    : get_mole O - H -> nbonds: 3
04/08 15:16 [DEBUG] cshmd.analysis (find_bond)                                   : find_bond Ca - O rcut -> 3.0
04/08 15:16 [DEBUG] cshmd.common (time_wrapper)                                  : [RUNTIME] get_distance_table in 0.329 seconds
04/08 15:16 [DEBUG] cshmd.analysis (search_basic)                                : Basic search result -> H2O: 664, SiO4: 680, OH: 128, CO3: 0, H3O: 0, Ca_O: 4208
04/08 15:16 [DEBUG] cshmd.analysis (full_search)                                 : Search layer details
04/08 15:16 [DEBUG] cshmd.analysis (find_bond)                                   : find_bond Ca - O rcut -> 3.0
04/08 15:16 [DEBUG] cshmd.analysis (find_bond)                                   : find_bond Si - O rcut -> 2.2
04/08 15:16 [DEBUG] cshmd.analysis (__detail_search_oh_co3)                      : No CO3 in basic search
04/08 15:16 [DEBUG] cshmd.analysis (__detail_search_oh_sioh)                     : Searching 'OH' in 'SiO4
04/08 15:16 [DEBUG] cshmd.analysis (__detail_search_oh_caoh)                     : Searching 'OH' in 'CaOH
04/08 15:16 [DEBUG] cshmd.analysis (find_bond)                                   : find_bond O - H rcut -> 1.15
04/08 15:16 [DEBUG] cshmd.analysis (get_mole)                                    : get_mole O - H -> nbonds: 1
04/08 15:16 [DEBUG] cshmd.analysis (get_mole)                                    : get_mole O - H -> nbonds: 2
04/08 15:16 [DEBUG] cshmd.analysis (find_bond)                                   : find_bond C - O rcut -> 1.4
04/08 15:16 [DEBUG] cshmd.analysis (get_mole)                                    : get_mole C - O -> nbonds: 3
04/08 15:16 [DEBUG] cshmd.analysis (find_bond)                                   : find_bond Si - O rcut -> 1.8
04/08 15:16 [DEBUG] cshmd.analysis (get_mole)                                    : get_mole Si - O -> nbonds: 4
04/08 15:16 [INFO] cshmd.functions (cal_uniform_by_space)                        : Number of molecules to add : 2678
04/08 15:16 [INFO] cshmd.functions (cal_uniform_by_space)                        : Number of atoms per surface : 272
04/08 15:16 [INFO] cshmd.functions (cal_uniform_by_space)                        : Number of layer : 10
04/08 15:16 [INFO] cshmd.structure (extendLattice)                               : Extend lattice 53.882 59.402 28.788 -> 53.882 59.402 46.788 
04/08 15:17 [INFO] cif_modifier (exec_make_interface)                            : Number of atoms: 5720 -> 13754
04/08 15:17 [INFO] cshmd.structure (labeling_by_clayff)                          : Now get label according to 'Clayff' style
04/08 15:17 [DEBUG] cshmd.analysis (get_mole)                                    : get_mole O - H -> nbonds: 1
04/08 15:17 [DEBUG] cshmd.analysis (get_mole)                                    : get_mole O - H -> nbonds: 2
04/08 15:17 [DEBUG] cshmd.analysis (get_mole)                                    : get_mole Si - O -> nbonds: 4
04/08 15:17 [DEBUG] cshmd.analysis (get_mole)                                    : get_mole C - O -> nbonds: 3
04/08 15:17 [INFO] cshmd.structure (labeling_by_clayff)                          : All atoms labeled by clayff
04/08 15:17 [INFO] cshmd.structure (labeling_by_clayff)                          : Clayff charge: 0.000
04/08 15:17 [INFO] cshmd.structure (writeCif)                                    : L08_w2750.cif was created
04/08 15:17 [INFO] cif_modifier (__init__)                                       : Total charge: 0 -> 0
04/08 15:17 [DEBUG] cshmd.common (get_logger)                                    : $$$$$$$$$$$$$$  Logger 'cshmd.common........' initialized  $$$$$$$$$$$$$$
04/08 15:17 [DEBUG] cshmd.functions (get_logger)                                 : $$$$$$$$$$$$$$  Logger 'cshmd.functions.....' initialized  $$$$$$$$$$$$$$
04/08 15:17 [DEBUG] cshmd.load (get_logger)                                      : $$$$$$$$$$$$$$  Logger 'cshmd.load..........' initialized  $$$$$$$$$$$$$$
04/08 15:17 [DEBUG] cshmd.analysis (get_logger)                                  : $$$$$$$$$$$$$$  Logger 'cshmd.analysis......' initialized  $$$$$$$$$$$$$$
04/08 15:17 [DEBUG] cshmd.structure (get_logger)                                 : $$$$$$$$$$$$$$  Logger 'cshmd.structure.....' initialized  $$$$$$$$$$$$$$
04/08 15:17 [DEBUG] cshmd.builder (get_logger)                                   : $$$$$$$$$$$$$$  Logger 'cshmd.builder.......' initialized  $$$$$$$$$$$$$$
04/08 15:17 [DEBUG] cshmd.trj_analysis (get_logger)                              : $$$$$$$$$$$$$$  Logger 'cshmd.trj_analysis..' initialized  $$$$$$$$$$$$$$
04/08 15:17 [DEBUG] cif_modifier (get_logger)                                    : $$$$$$$$$$$$$$  Logger 'cif_modifier........' initialized  $$$$$$$$$$$$$$
04/08 15:17 [INFO] cif_modifier (<module>)                                       : Logger loaded
04/08 15:17 [INFO] cshmd.structure (__init__)                                    : L10.cif was loaded
04/08 15:17 [DEBUG] cshmd.analysis (__init__)                                    : [Structure] Now new data setted for get Bonds
04/08 15:17 [DEBUG] cshmd.analysis (__del_bond__)                                : del -> Si_O O_H H_O Ca_O C_O BO NBO
04/08 15:17 [DEBUG] cshmd.analysis (__initialize_mole__)                         : initalize -> H2O SiO4 OH CO3 H3O
04/08 15:17 [DEBUG] cshmd.analysis (__initialize_mole__)                         : initalize -> SiOH CaOH HCO3 H2CO3 H3CO3
04/08 15:17 [INFO] cshmd.analysis (__init__)                                     : Not any C-S-H Si range info
04/08 15:17 [DEBUG] cshmd.analysis (find_bond)                                   : find_bond O - H rcut -> 1.2
04/08 15:17 [DEBUG] cshmd.common (time_wrapper)                                  : [RUNTIME] get_distance_table in 0.711 seconds
04/08 15:17 [DEBUG] cshmd.analysis (get_mole)                                    : get_mole O - H -> nbonds: 2
04/08 15:17 [DEBUG] cshmd.analysis (find_bond)                                   : find_bond Si - O rcut -> 2.2
04/08 15:17 [DEBUG] cshmd.common (time_wrapper)                                  : [RUNTIME] get_distance_table in 0.347 seconds
04/08 15:17 [DEBUG] cshmd.analysis (get_mole)                                    : get_mole Si - O -> nbonds: 4
04/08 15:17 [DEBUG] cshmd.analysis (get_mole)                                    : get_mole O - H -> nbonds: 1
04/08 15:17 [DEBUG] cshmd.analysis (find_bond)                                   : find_bond C - O rcut -> 1.6
04/08 15:17 [DEBUG] cshmd.analysis (get_mole)                                    : get_mole C - O -> nbonds: 3
04/08 15:17 [DEBUG] cshmd.analysis (get_mole)                                    : get_mole O - H -> nbonds: 3
04/08 15:17 [DEBUG] cshmd.analysis (find_bond)                                   : find_bond Ca - O rcut -> 3.0
04/08 15:17 [DEBUG] cshmd.common (time_wrapper)                                  : [RUNTIME] get_distance_table in 0.331 seconds
04/08 15:17 [DEBUG] cshmd.analysis (search_basic)                                : Basic search result -> H2O: 648, SiO4: 696, OH: 128, CO3: 0, H3O: 0, Ca_O: 4176
04/08 15:17 [DEBUG] cshmd.analysis (full_search)                                 : Search layer details
04/08 15:17 [DEBUG] cshmd.analysis (find_bond)                                   : find_bond Ca - O rcut -> 3.0
04/08 15:17 [DEBUG] cshmd.analysis (find_bond)                                   : find_bond Si - O rcut -> 2.2
04/08 15:17 [DEBUG] cshmd.analysis (__detail_search_oh_co3)                      : No CO3 in basic search
04/08 15:17 [DEBUG] cshmd.analysis (__detail_search_oh_sioh)                     : Searching 'OH' in 'SiO4
04/08 15:17 [DEBUG] cshmd.analysis (__detail_search_oh_caoh)                     : Searching 'OH' in 'CaOH
04/08 15:17 [DEBUG] cshmd.analysis (find_bond)                                   : find_bond O - H rcut -> 1.15
04/08 15:17 [DEBUG] cshmd.analysis (get_mole)                                    : get_mole O - H -> nbonds: 1
04/08 15:17 [DEBUG] cshmd.analysis (get_mole)                                    : get_mole O - H -> nbonds: 2
04/08 15:17 [DEBUG] cshmd.analysis (find_bond)                                   : find_bond C - O rcut -> 1.4
04/08 15:17 [DEBUG] cshmd.analysis (get_mole)                                    : get_mole C - O -> nbonds: 3
04/08 15:17 [DEBUG] cshmd.analysis (find_bond)                                   : find_bond Si - O rcut -> 1.8
04/08 15:17 [DEBUG] cshmd.analysis (get_mole)                                    : get_mole Si - O -> nbonds: 4
04/08 15:17 [INFO] cshmd.functions (cal_uniform_by_space)                        : Number of molecules to add : 2678
04/08 15:17 [INFO] cshmd.functions (cal_uniform_by_space)                        : Number of atoms per surface : 272
04/08 15:17 [INFO] cshmd.functions (cal_uniform_by_space)                        : Number of layer : 10
04/08 15:17 [INFO] cshmd.structure (extendLattice)                               : Extend lattice 53.882 59.402 28.788 -> 53.882 59.402 46.788 
04/08 15:17 [INFO] cif_modifier (exec_make_interface)                            : Number of atoms: 5704 -> 13738
04/08 15:17 [INFO] cshmd.structure (labeling_by_clayff)                          : Now get label according to 'Clayff' style
04/08 15:17 [DEBUG] cshmd.analysis (get_mole)                                    : get_mole O - H -> nbonds: 1
04/08 15:17 [DEBUG] cshmd.analysis (get_mole)                                    : get_mole O - H -> nbonds: 2
04/08 15:17 [DEBUG] cshmd.analysis (get_mole)                                    : get_mole Si - O -> nbonds: 4
04/08 15:17 [DEBUG] cshmd.analysis (get_mole)                                    : get_mole C - O -> nbonds: 3
04/08 15:17 [INFO] cshmd.structure (labeling_by_clayff)                          : All atoms labeled by clayff
04/08 15:17 [INFO] cshmd.structure (labeling_by_clayff)                          : Clayff charge: 0.000
04/08 15:17 [INFO] cshmd.structure (writeCif)                                    : L10_w2750.cif was created
04/08 15:17 [INFO] cif_modifier (__init__)                                       : Total charge: 0 -> 0
04/08 15:17 [DEBUG] cshmd.common (get_logger)                                    : $$$$$$$$$$$$$$  Logger 'cshmd.common........' initialized  $$$$$$$$$$$$$$
04/08 15:17 [DEBUG] cshmd.functions (get_logger)                                 : $$$$$$$$$$$$$$  Logger 'cshmd.functions.....' initialized  $$$$$$$$$$$$$$
04/08 15:17 [DEBUG] cshmd.load (get_logger)                                      : $$$$$$$$$$$$$$  Logger 'cshmd.load..........' initialized  $$$$$$$$$$$$$$
04/08 15:17 [DEBUG] cshmd.analysis (get_logger)                                  : $$$$$$$$$$$$$$  Logger 'cshmd.analysis......' initialized  $$$$$$$$$$$$$$
04/08 15:17 [DEBUG] cshmd.structure (get_logger)                                 : $$$$$$$$$$$$$$  Logger 'cshmd.structure.....' initialized  $$$$$$$$$$$$$$
04/08 15:17 [DEBUG] cshmd.builder (get_logger)                                   : $$$$$$$$$$$$$$  Logger 'cshmd.builder.......' initialized  $$$$$$$$$$$$$$
04/08 15:17 [DEBUG] cshmd.trj_analysis (get_logger)                              : $$$$$$$$$$$$$$  Logger 'cshmd.trj_analysis..' initialized  $$$$$$$$$$$$$$
04/08 15:17 [DEBUG] cif_modifier (get_logger)                                    : $$$$$$$$$$$$$$  Logger 'cif_modifier........' initialized  $$$$$$$$$$$$$$
04/08 15:17 [INFO] cif_modifier (<module>)                                       : Logger loaded
04/08 15:17 [INFO] cshmd.structure (__init__)                                    : L12.cif was loaded
04/08 15:17 [DEBUG] cshmd.analysis (__init__)                                    : [Structure] Now new data setted for get Bonds
04/08 15:17 [DEBUG] cshmd.analysis (__del_bond__)                                : del -> Si_O O_H H_O Ca_O C_O BO NBO
04/08 15:17 [DEBUG] cshmd.analysis (__initialize_mole__)                         : initalize -> H2O SiO4 OH CO3 H3O
04/08 15:17 [DEBUG] cshmd.analysis (__initialize_mole__)                         : initalize -> SiOH CaOH HCO3 H2CO3 H3CO3
04/08 15:17 [INFO] cshmd.analysis (__init__)                                     : Not any C-S-H Si range info
04/08 15:17 [DEBUG] cshmd.analysis (find_bond)                                   : find_bond O - H rcut -> 1.2
04/08 15:17 [DEBUG] cshmd.common (time_wrapper)                                  : [RUNTIME] get_distance_table in 0.650 seconds
04/08 15:17 [DEBUG] cshmd.analysis (get_mole)                                    : get_mole O - H -> nbonds: 2
04/08 15:17 [DEBUG] cshmd.analysis (find_bond)                                   : find_bond Si - O rcut -> 2.2
04/08 15:17 [DEBUG] cshmd.common (time_wrapper)                                  : [RUNTIME] get_distance_table in 0.343 seconds
04/08 15:17 [DEBUG] cshmd.analysis (get_mole)                                    : get_mole Si - O -> nbonds: 4
04/08 15:17 [DEBUG] cshmd.analysis (get_mole)                                    : get_mole O - H -> nbonds: 1
04/08 15:17 [DEBUG] cshmd.analysis (find_bond)                                   : find_bond C - O rcut -> 1.6
04/08 15:17 [DEBUG] cshmd.analysis (get_mole)                                    : get_mole C - O -> nbonds: 3
04/08 15:17 [DEBUG] cshmd.analysis (get_mole)                                    : get_mole O - H -> nbonds: 3
04/08 15:17 [DEBUG] cshmd.analysis (find_bond)                                   : find_bond Ca - O rcut -> 3.0
04/08 15:17 [DEBUG] cshmd.common (time_wrapper)                                  : [RUNTIME] get_distance_table in 0.342 seconds
04/08 15:17 [DEBUG] cshmd.analysis (search_basic)                                : Basic search result -> H2O: 636, SiO4: 708, OH: 128, CO3: 0, H3O: 0, Ca_O: 4152
04/08 15:17 [DEBUG] cshmd.analysis (full_search)                                 : Search layer details
04/08 15:17 [DEBUG] cshmd.analysis (find_bond)                                   : find_bond Ca - O rcut -> 3.0
04/08 15:17 [DEBUG] cshmd.analysis (find_bond)                                   : find_bond Si - O rcut -> 2.2
04/08 15:17 [DEBUG] cshmd.analysis (__detail_search_oh_co3)                      : No CO3 in basic search
04/08 15:17 [DEBUG] cshmd.analysis (__detail_search_oh_sioh)                     : Searching 'OH' in 'SiO4
04/08 15:17 [DEBUG] cshmd.analysis (__detail_search_oh_caoh)                     : Searching 'OH' in 'CaOH
04/08 15:17 [DEBUG] cshmd.analysis (find_bond)                                   : find_bond O - H rcut -> 1.15
04/08 15:17 [DEBUG] cshmd.analysis (get_mole)                                    : get_mole O - H -> nbonds: 1
04/08 15:17 [DEBUG] cshmd.analysis (get_mole)                                    : get_mole O - H -> nbonds: 2
04/08 15:17 [DEBUG] cshmd.analysis (find_bond)                                   : find_bond C - O rcut -> 1.4
04/08 15:17 [DEBUG] cshmd.analysis (get_mole)                                    : get_mole C - O -> nbonds: 3
04/08 15:17 [DEBUG] cshmd.analysis (find_bond)                                   : find_bond Si - O rcut -> 1.8
04/08 15:17 [DEBUG] cshmd.analysis (get_mole)                                    : get_mole Si - O -> nbonds: 4
04/08 15:17 [INFO] cshmd.functions (cal_uniform_by_space)                        : Number of molecules to add : 2678
04/08 15:17 [INFO] cshmd.functions (cal_uniform_by_space)                        : Number of atoms per surface : 272
04/08 15:17 [INFO] cshmd.functions (cal_uniform_by_space)                        : Number of layer : 10
04/08 15:17 [INFO] cshmd.structure (extendLattice)                               : Extend lattice 53.882 59.402 28.788 -> 53.882 59.402 46.788 
04/08 15:17 [INFO] cif_modifier (exec_make_interface)                            : Number of atoms: 5692 -> 13726
04/08 15:17 [INFO] cshmd.structure (labeling_by_clayff)                          : Now get label according to 'Clayff' style
04/08 15:17 [DEBUG] cshmd.analysis (get_mole)                                    : get_mole O - H -> nbonds: 1
04/08 15:17 [DEBUG] cshmd.analysis (get_mole)                                    : get_mole O - H -> nbonds: 2
04/08 15:17 [DEBUG] cshmd.analysis (get_mole)                                    : get_mole Si - O -> nbonds: 4
04/08 15:17 [DEBUG] cshmd.analysis (get_mole)                                    : get_mole C - O -> nbonds: 3
04/08 15:17 [INFO] cshmd.structure (labeling_by_clayff)                          : All atoms labeled by clayff
04/08 15:17 [INFO] cshmd.structure (labeling_by_clayff)                          : Clayff charge: 0.000
04/08 15:17 [INFO] cshmd.structure (writeCif)                                    : L12_w2750.cif was created
04/08 15:17 [INFO] cif_modifier (__init__)                                       : Total charge: 0 -> 0
04/08 15:25 [DEBUG] cshmd.common (get_logger)                                    : $$$$$$$$$$$$$$  Logger 'cshmd.common........' initialized  $$$$$$$$$$$$$$
04/08 15:25 [DEBUG] cshmd.functions (get_logger)                                 : $$$$$$$$$$$$$$  Logger 'cshmd.functions.....' initialized  $$$$$$$$$$$$$$
04/08 15:25 [DEBUG] cshmd.load (get_logger)                                      : $$$$$$$$$$$$$$  Logger 'cshmd.load..........' initialized  $$$$$$$$$$$$$$
04/08 15:25 [DEBUG] cshmd.analysis (get_logger)                                  : $$$$$$$$$$$$$$  Logger 'cshmd.analysis......' initialized  $$$$$$$$$$$$$$
04/08 15:25 [DEBUG] cshmd.structure (get_logger)                                 : $$$$$$$$$$$$$$  Logger 'cshmd.structure.....' initialized  $$$$$$$$$$$$$$
04/08 15:25 [DEBUG] cshmd.builder (get_logger)                                   : $$$$$$$$$$$$$$  Logger 'cshmd.builder.......' initialized  $$$$$$$$$$$$$$
04/08 15:25 [DEBUG] cshmd.trj_analysis (get_logger)                              : $$$$$$$$$$$$$$  Logger 'cshmd.trj_analysis..' initialized  $$$$$$$$$$$$$$
04/08 15:27 [DEBUG] cshmd.common (get_logger)                                    : $$$$$$$$$$$$$$  Logger 'cshmd.common........' initialized  $$$$$$$$$$$$$$
04/08 15:27 [DEBUG] cshmd.functions (get_logger)                                 : $$$$$$$$$$$$$$  Logger 'cshmd.functions.....' initialized  $$$$$$$$$$$$$$
04/08 15:27 [DEBUG] cshmd.load (get_logger)                                      : $$$$$$$$$$$$$$  Logger 'cshmd.load..........' initialized  $$$$$$$$$$$$$$
04/08 15:27 [DEBUG] cshmd.analysis (get_logger)                                  : $$$$$$$$$$$$$$  Logger 'cshmd.analysis......' initialized  $$$$$$$$$$$$$$
04/08 15:27 [DEBUG] cshmd.structure (get_logger)                                 : $$$$$$$$$$$$$$  Logger 'cshmd.structure.....' initialized  $$$$$$$$$$$$$$
04/08 15:27 [DEBUG] cshmd.builder (get_logger)                                   : $$$$$$$$$$$$$$  Logger 'cshmd.builder.......' initialized  $$$$$$$$$$$$$$
04/08 15:27 [DEBUG] cshmd.trj_analysis (get_logger)                              : $$$$$$$$$$$$$$  Logger 'cshmd.trj_analysis..' initialized  $$$$$$$$$$$$$$
04/13 10:17 [DEBUG] cshmd.common (get_logger)                                    : $$$$$$$$$$$$$$  Logger 'cshmd.common........' initialized  $$$$$$$$$$$$$$
04/13 10:17 [DEBUG] cshmd.functions (get_logger)                                 : $$$$$$$$$$$$$$  Logger 'cshmd.functions.....' initialized  $$$$$$$$$$$$$$
04/13 10:17 [DEBUG] cshmd.load (get_logger)                                      : $$$$$$$$$$$$$$  Logger 'cshmd.load..........' initialized  $$$$$$$$$$$$$$
04/13 10:17 [DEBUG] cshmd.analysis (get_logger)                                  : $$$$$$$$$$$$$$  Logger 'cshmd.analysis......' initialized  $$$$$$$$$$$$$$
04/13 10:17 [DEBUG] cshmd.structure (get_logger)                                 : $$$$$$$$$$$$$$  Logger 'cshmd.structure.....' initialized  $$$$$$$$$$$$$$
04/13 10:17 [DEBUG] cshmd.builder (get_logger)                                   : $$$$$$$$$$$$$$  Logger 'cshmd.builder.......' initialized  $$$$$$$$$$$$$$
04/13 10:17 [DEBUG] cshmd.trj_analysis (get_logger)                              : $$$$$$$$$$$$$$  Logger 'cshmd.trj_analysis..' initialized  $$$$$$$$$$$$$$
04/13 10:17 [DEBUG] csh_info (get_logger)                                        : $$$$$$$$$$$$$$  Logger 'csh_info............' initialized  $$$$$$$$$$$$$$
04/13 10:17 [INFO] csh_info (main)                                               : Cif: L10.cif
04/13 10:17 [INFO] cshmd.structure (__init__)                                    : L10.cif was loaded
04/13 10:17 [DEBUG] cshmd.analysis (__init__)                                    : [Structure] Now new data setted for get Bonds
04/13 10:17 [DEBUG] cshmd.analysis (__del_bond__)                                : del -> Si_O O_H H_O Ca_O C_O BO NBO
04/13 10:17 [DEBUG] cshmd.analysis (__initialize_mole__)                         : initalize -> H2O SiO4 OH CO3 H3O
04/13 10:17 [DEBUG] cshmd.analysis (__initialize_mole__)                         : initalize -> SiOH CaOH HCO3 H2CO3 H3CO3
04/13 10:17 [DEBUG] cshmd.analysis (__init__)                                    : C-S-H Model not setted
04/13 10:17 [DEBUG] cshmd.analysis (find_bond)                                   : find_bond O - H rcut -> 1.2
04/13 10:17 [DEBUG] cshmd.common (time_wrapper)                                  : [RUNTIME] get_distance_table in 0.642 seconds
04/13 10:17 [DEBUG] cshmd.analysis (get_mole)                                    : get_mole O - H -> nbonds: 2
04/13 10:17 [DEBUG] cshmd.analysis (find_bond)                                   : find_bond Si - O rcut -> 2.2
04/13 10:17 [DEBUG] cshmd.common (time_wrapper)                                  : [RUNTIME] get_distance_table in 0.362 seconds
04/13 10:17 [DEBUG] cshmd.analysis (get_mole)                                    : get_mole Si - O -> nbonds: 4
04/13 10:17 [DEBUG] cshmd.analysis (get_mole)                                    : get_mole O - H -> nbonds: 1
04/13 10:17 [DEBUG] cshmd.analysis (find_bond)                                   : find_bond C - O rcut -> 1.6
04/13 10:17 [DEBUG] cshmd.analysis (get_mole)                                    : get_mole C - O -> nbonds: 3
04/13 10:17 [DEBUG] cshmd.analysis (get_mole)                                    : get_mole O - H -> nbonds: 3
04/13 10:17 [DEBUG] cshmd.analysis (find_bond)                                   : find_bond Ca - O rcut -> 3.0
04/13 10:17 [DEBUG] cshmd.common (time_wrapper)                                  : [RUNTIME] get_distance_table in 0.339 seconds
04/13 10:17 [DEBUG] cshmd.analysis (search_basic)                                : Basic search result -> H2O: 648, SiO4: 696, OH: 128, CO3: 0, H3O: 0, Ca_O: 4176
04/13 10:17 [DEBUG] cshmd.analysis (full_search)                                 : Search layer details
04/13 10:17 [DEBUG] cshmd.analysis (find_bond)                                   : find_bond Ca - O rcut -> 3.0
04/13 10:17 [DEBUG] cshmd.analysis (find_bond)                                   : find_bond Si - O rcut -> 2.2
04/13 10:18 [DEBUG] cshmd.common (get_logger)                                    : $$$$$$$$$$$$$$  Logger 'cshmd.common........' initialized  $$$$$$$$$$$$$$
04/13 10:18 [DEBUG] cshmd.functions (get_logger)                                 : $$$$$$$$$$$$$$  Logger 'cshmd.functions.....' initialized  $$$$$$$$$$$$$$
04/13 10:18 [DEBUG] cshmd.load (get_logger)                                      : $$$$$$$$$$$$$$  Logger 'cshmd.load..........' initialized  $$$$$$$$$$$$$$
04/13 10:18 [DEBUG] cshmd.analysis (get_logger)                                  : $$$$$$$$$$$$$$  Logger 'cshmd.analysis......' initialized  $$$$$$$$$$$$$$
04/13 10:18 [DEBUG] cshmd.structure (get_logger)                                 : $$$$$$$$$$$$$$  Logger 'cshmd.structure.....' initialized  $$$$$$$$$$$$$$
04/13 10:18 [DEBUG] cshmd.builder (get_logger)                                   : $$$$$$$$$$$$$$  Logger 'cshmd.builder.......' initialized  $$$$$$$$$$$$$$
04/13 10:18 [DEBUG] cshmd.trj_analysis (get_logger)                              : $$$$$$$$$$$$$$  Logger 'cshmd.trj_analysis..' initialized  $$$$$$$$$$$$$$
04/13 10:18 [DEBUG] csh_info (get_logger)                                        : $$$$$$$$$$$$$$  Logger 'csh_info............' initialized  $$$$$$$$$$$$$$
04/13 10:18 [INFO] csh_info (main)                                               : Cif: L10.cif
04/13 10:18 [INFO] cshmd.structure (__init__)                                    : L10.cif was loaded
04/13 10:18 [DEBUG] cshmd.analysis (__init__)                                    : [Structure] Now new data setted for get Bonds
04/13 10:18 [DEBUG] cshmd.analysis (__del_bond__)                                : del -> Si_O O_H H_O Ca_O C_O BO NBO
04/13 10:18 [DEBUG] cshmd.analysis (__initialize_mole__)                         : initalize -> H2O SiO4 OH CO3 H3O
04/13 10:18 [DEBUG] cshmd.analysis (__initialize_mole__)                         : initalize -> SiOH CaOH HCO3 H2CO3 H3CO3
04/13 10:18 [DEBUG] cshmd.analysis (__init__)                                    : C-S-H Model not setted
04/13 10:18 [DEBUG] cshmd.analysis (find_bond)                                   : find_bond O - H rcut -> 1.2
04/13 10:18 [DEBUG] cshmd.common (time_wrapper)                                  : [RUNTIME] get_distance_table in 0.679 seconds
04/13 10:18 [DEBUG] cshmd.analysis (get_mole)                                    : get_mole O - H -> nbonds: 2
04/13 10:18 [DEBUG] cshmd.analysis (find_bond)                                   : find_bond Si - O rcut -> 2.2
04/13 10:18 [DEBUG] cshmd.common (time_wrapper)                                  : [RUNTIME] get_distance_table in 0.371 seconds
04/13 10:18 [DEBUG] cshmd.analysis (get_mole)                                    : get_mole Si - O -> nbonds: 4
04/13 10:18 [DEBUG] cshmd.analysis (get_mole)                                    : get_mole O - H -> nbonds: 1
04/13 10:18 [DEBUG] cshmd.analysis (find_bond)                                   : find_bond C - O rcut -> 1.6
04/13 10:18 [DEBUG] cshmd.analysis (get_mole)                                    : get_mole C - O -> nbonds: 3
04/13 10:18 [DEBUG] cshmd.analysis (get_mole)                                    : get_mole O - H -> nbonds: 3
04/13 10:18 [DEBUG] cshmd.analysis (find_bond)                                   : find_bond Ca - O rcut -> 3.0
04/13 10:18 [DEBUG] cshmd.common (time_wrapper)                                  : [RUNTIME] get_distance_table in 0.360 seconds
04/13 10:18 [DEBUG] cshmd.analysis (search_basic)                                : Basic search result -> H2O: 648, SiO4: 696, OH: 128, CO3: 0, H3O: 0, Ca_O: 4176
04/13 10:18 [DEBUG] cshmd.analysis (full_search)                                 : Search layer details
04/13 10:18 [DEBUG] cshmd.analysis (find_bond)                                   : find_bond Ca - O rcut -> 3.0
04/13 10:18 [DEBUG] cshmd.analysis (find_bond)                                   : find_bond Si - O rcut -> 2.2
04/13 10:18 [DEBUG] cshmd.common (get_logger)                                    : $$$$$$$$$$$$$$  Logger 'cshmd.common........' initialized  $$$$$$$$$$$$$$
04/13 10:18 [DEBUG] cshmd.functions (get_logger)                                 : $$$$$$$$$$$$$$  Logger 'cshmd.functions.....' initialized  $$$$$$$$$$$$$$
04/13 10:18 [DEBUG] cshmd.load (get_logger)                                      : $$$$$$$$$$$$$$  Logger 'cshmd.load..........' initialized  $$$$$$$$$$$$$$
04/13 10:18 [DEBUG] cshmd.analysis (get_logger)                                  : $$$$$$$$$$$$$$  Logger 'cshmd.analysis......' initialized  $$$$$$$$$$$$$$
04/13 10:18 [DEBUG] cshmd.structure (get_logger)                                 : $$$$$$$$$$$$$$  Logger 'cshmd.structure.....' initialized  $$$$$$$$$$$$$$
04/13 10:18 [DEBUG] cshmd.builder (get_logger)                                   : $$$$$$$$$$$$$$  Logger 'cshmd.builder.......' initialized  $$$$$$$$$$$$$$
04/13 10:18 [DEBUG] cshmd.trj_analysis (get_logger)                              : $$$$$$$$$$$$$$  Logger 'cshmd.trj_analysis..' initialized  $$$$$$$$$$$$$$
04/13 10:18 [DEBUG] csh_info (get_logger)                                        : $$$$$$$$$$$$$$  Logger 'csh_info............' initialized  $$$$$$$$$$$$$$
04/13 10:18 [INFO] csh_info (main)                                               : Cif: L02.cif
04/13 10:18 [INFO] cshmd.structure (__init__)                                    : L02.cif was loaded
04/13 10:18 [DEBUG] cshmd.analysis (__init__)                                    : [Structure] Now new data setted for get Bonds
04/13 10:18 [DEBUG] cshmd.analysis (__del_bond__)                                : del -> Si_O O_H H_O Ca_O C_O BO NBO
04/13 10:18 [DEBUG] cshmd.analysis (__initialize_mole__)                         : initalize -> H2O SiO4 OH CO3 H3O
04/13 10:18 [DEBUG] cshmd.analysis (__initialize_mole__)                         : initalize -> SiOH CaOH HCO3 H2CO3 H3CO3
04/13 10:18 [DEBUG] cshmd.analysis (__init__)                                    : C-S-H Model not setted
04/13 10:18 [DEBUG] cshmd.analysis (find_bond)                                   : find_bond O - H rcut -> 1.2
04/13 10:18 [DEBUG] cshmd.common (time_wrapper)                                  : [RUNTIME] get_distance_table in 0.801 seconds
04/13 10:18 [DEBUG] cshmd.analysis (get_mole)                                    : get_mole O - H -> nbonds: 2
04/13 10:18 [DEBUG] cshmd.analysis (find_bond)                                   : find_bond Si - O rcut -> 2.2
04/13 10:18 [DEBUG] cshmd.common (time_wrapper)                                  : [RUNTIME] get_distance_table in 0.262 seconds
04/13 10:18 [DEBUG] cshmd.analysis (get_mole)                                    : get_mole Si - O -> nbonds: 4
04/13 10:18 [DEBUG] cshmd.analysis (get_mole)                                    : get_mole O - H -> nbonds: 1
04/13 10:18 [DEBUG] cshmd.analysis (find_bond)                                   : find_bond C - O rcut -> 1.6
04/13 10:18 [DEBUG] cshmd.analysis (get_mole)                                    : get_mole C - O -> nbonds: 3
04/13 10:18 [DEBUG] cshmd.analysis (get_mole)                                    : get_mole O - H -> nbonds: 3
04/13 10:18 [DEBUG] cshmd.analysis (find_bond)                                   : find_bond Ca - O rcut -> 3.0
04/13 10:18 [DEBUG] cshmd.common (time_wrapper)                                  : [RUNTIME] get_distance_table in 0.377 seconds
04/13 10:18 [DEBUG] cshmd.analysis (search_basic)                                : Basic search result -> H2O: 832, SiO4: 512, OH: 128, CO3: 0, H3O: 0, Ca_O: 4544
04/13 10:18 [DEBUG] cshmd.analysis (full_search)                                 : Search layer details
04/13 10:18 [DEBUG] cshmd.analysis (find_bond)                                   : find_bond Ca - O rcut -> 3.0
04/13 10:18 [DEBUG] cshmd.analysis (find_bond)                                   : find_bond Si - O rcut -> 2.2
04/13 10:20 [DEBUG] cshmd.common (get_logger)                                    : $$$$$$$$$$$$$$  Logger 'cshmd.common........' initialized  $$$$$$$$$$$$$$
04/13 10:20 [DEBUG] cshmd.functions (get_logger)                                 : $$$$$$$$$$$$$$  Logger 'cshmd.functions.....' initialized  $$$$$$$$$$$$$$
04/13 10:20 [DEBUG] cshmd.load (get_logger)                                      : $$$$$$$$$$$$$$  Logger 'cshmd.load..........' initialized  $$$$$$$$$$$$$$
04/13 10:20 [DEBUG] cshmd.analysis (get_logger)                                  : $$$$$$$$$$$$$$  Logger 'cshmd.analysis......' initialized  $$$$$$$$$$$$$$
04/13 10:20 [DEBUG] cshmd.structure (get_logger)                                 : $$$$$$$$$$$$$$  Logger 'cshmd.structure.....' initialized  $$$$$$$$$$$$$$
04/13 10:20 [DEBUG] cshmd.builder (get_logger)                                   : $$$$$$$$$$$$$$  Logger 'cshmd.builder.......' initialized  $$$$$$$$$$$$$$
04/13 10:20 [DEBUG] cshmd.trj_analysis (get_logger)                              : $$$$$$$$$$$$$$  Logger 'cshmd.trj_analysis..' initialized  $$$$$$$$$$$$$$
04/13 10:20 [DEBUG] csh_info (get_logger)                                        : $$$$$$$$$$$$$$  Logger 'csh_info............' initialized  $$$$$$$$$$$$$$
04/13 10:20 [INFO] csh_info (main)                                               : Cif: L02.cif
04/13 10:20 [INFO] cshmd.structure (__init__)                                    : L02.cif was loaded
04/13 10:20 [DEBUG] cshmd.analysis (__init__)                                    : [Structure] Now new data setted for get Bonds
04/13 10:20 [DEBUG] cshmd.analysis (__del_bond__)                                : del -> Si_O O_H H_O Ca_O C_O BO NBO
04/13 10:20 [DEBUG] cshmd.analysis (__initialize_mole__)                         : initalize -> H2O SiO4 OH CO3 H3O
04/13 10:20 [DEBUG] cshmd.analysis (__initialize_mole__)                         : initalize -> SiOH CaOH HCO3 H2CO3 H3CO3
04/13 10:20 [DEBUG] cshmd.analysis (__init__)                                    : C-S-H Model not setted
04/13 10:20 [DEBUG] cshmd.analysis (find_bond)                                   : find_bond O - H rcut -> 1.2
04/13 10:20 [DEBUG] cshmd.common (time_wrapper)                                  : [RUNTIME] get_distance_table in 0.837 seconds
04/13 10:20 [DEBUG] cshmd.analysis (get_mole)                                    : get_mole O - H -> nbonds: 2
04/13 10:20 [DEBUG] cshmd.analysis (find_bond)                                   : find_bond Si - O rcut -> 2.2
04/13 10:20 [DEBUG] cshmd.common (time_wrapper)                                  : [RUNTIME] get_distance_table in 0.252 seconds
04/13 10:20 [DEBUG] cshmd.analysis (get_mole)                                    : get_mole Si - O -> nbonds: 4
04/13 10:20 [DEBUG] cshmd.analysis (get_mole)                                    : get_mole O - H -> nbonds: 1
04/13 10:20 [DEBUG] cshmd.analysis (find_bond)                                   : find_bond C - O rcut -> 1.6
04/13 10:20 [DEBUG] cshmd.analysis (get_mole)                                    : get_mole C - O -> nbonds: 3
04/13 10:20 [DEBUG] cshmd.analysis (get_mole)                                    : get_mole O - H -> nbonds: 3
04/13 10:20 [DEBUG] cshmd.analysis (find_bond)                                   : find_bond Ca - O rcut -> 3.0
04/13 10:20 [DEBUG] cshmd.common (time_wrapper)                                  : [RUNTIME] get_distance_table in 0.394 seconds
04/13 10:20 [DEBUG] cshmd.analysis (search_basic)                                : Basic search result -> H2O: 832, SiO4: 512, OH: 128, CO3: 0, H3O: 0, Ca_O: 4544
04/13 10:20 [DEBUG] cshmd.analysis (full_search)                                 : Search layer details
04/13 10:20 [DEBUG] cshmd.analysis (find_bond)                                   : find_bond Ca - O rcut -> 3.0
04/13 10:20 [DEBUG] cshmd.analysis (find_bond)                                   : find_bond Si - O rcut -> 2.2
04/13 10:25 [DEBUG] cshmd.common (get_logger)                                    : $$$$$$$$$$$$$$  Logger 'cshmd.common........' initialized  $$$$$$$$$$$$$$
04/13 10:25 [DEBUG] cshmd.functions (get_logger)                                 : $$$$$$$$$$$$$$  Logger 'cshmd.functions.....' initialized  $$$$$$$$$$$$$$
04/13 10:25 [DEBUG] cshmd.load (get_logger)                                      : $$$$$$$$$$$$$$  Logger 'cshmd.load..........' initialized  $$$$$$$$$$$$$$
04/13 10:25 [DEBUG] cshmd.analysis (get_logger)                                  : $$$$$$$$$$$$$$  Logger 'cshmd.analysis......' initialized  $$$$$$$$$$$$$$
04/13 10:25 [DEBUG] cshmd.structure (get_logger)                                 : $$$$$$$$$$$$$$  Logger 'cshmd.structure.....' initialized  $$$$$$$$$$$$$$
04/13 10:25 [DEBUG] cshmd.builder (get_logger)                                   : $$$$$$$$$$$$$$  Logger 'cshmd.builder.......' initialized  $$$$$$$$$$$$$$
04/13 10:25 [DEBUG] cshmd.trj_analysis (get_logger)                              : $$$$$$$$$$$$$$  Logger 'cshmd.trj_analysis..' initialized  $$$$$$$$$$$$$$
04/13 10:25 [DEBUG] csh_info (get_logger)                                        : $$$$$$$$$$$$$$  Logger 'csh_info............' initialized  $$$$$$$$$$$$$$
04/13 10:25 [INFO] csh_info (main)                                               : Cif: L04.cif L02.cif
04/13 10:25 [INFO] cshmd.structure (__init__)                                    : L04.cif was loaded
04/13 10:25 [DEBUG] cshmd.analysis (__init__)                                    : [Structure] Now new data setted for get Bonds
04/13 10:25 [DEBUG] cshmd.analysis (__del_bond__)                                : del -> Si_O O_H H_O Ca_O C_O BO NBO
04/13 10:25 [DEBUG] cshmd.analysis (__initialize_mole__)                         : initalize -> H2O SiO4 OH CO3 H3O
04/13 10:25 [DEBUG] cshmd.analysis (__initialize_mole__)                         : initalize -> SiOH CaOH HCO3 H2CO3 H3CO3
04/13 10:25 [DEBUG] cshmd.analysis (__init__)                                    : C-S-H Model not setted
04/13 10:25 [DEBUG] cshmd.analysis (find_bond)                                   : find_bond O - H rcut -> 1.2
04/13 10:25 [DEBUG] cshmd.common (time_wrapper)                                  : [RUNTIME] get_distance_table in 0.737 seconds
04/13 10:25 [DEBUG] cshmd.analysis (get_mole)                                    : get_mole O - H -> nbonds: 2
04/13 10:25 [DEBUG] cshmd.analysis (find_bond)                                   : find_bond Si - O rcut -> 2.2
04/13 10:25 [DEBUG] cshmd.common (time_wrapper)                                  : [RUNTIME] get_distance_table in 0.298 seconds
04/13 10:25 [DEBUG] cshmd.analysis (get_mole)                                    : get_mole Si - O -> nbonds: 4
04/13 10:25 [DEBUG] cshmd.analysis (get_mole)                                    : get_mole O - H -> nbonds: 1
04/13 10:25 [DEBUG] cshmd.analysis (find_bond)                                   : find_bond C - O rcut -> 1.6
04/13 10:25 [DEBUG] cshmd.analysis (get_mole)                                    : get_mole C - O -> nbonds: 3
04/13 10:25 [DEBUG] cshmd.analysis (get_mole)                                    : get_mole O - H -> nbonds: 3
04/13 10:25 [DEBUG] cshmd.analysis (find_bond)                                   : find_bond Ca - O rcut -> 3.0
04/13 10:25 [DEBUG] cshmd.common (time_wrapper)                                  : [RUNTIME] get_distance_table in 0.358 seconds
04/13 10:25 [DEBUG] cshmd.analysis (search_basic)                                : Basic search result -> H2O: 732, SiO4: 612, OH: 128, CO3: 0, H3O: 0, Ca_O: 4344
04/13 10:25 [DEBUG] cshmd.analysis (full_search)                                 : Search layer details
04/13 10:25 [DEBUG] cshmd.analysis (find_bond)                                   : find_bond Ca - O rcut -> 3.0
04/13 10:25 [DEBUG] cshmd.analysis (find_bond)                                   : find_bond Si - O rcut -> 2.2
04/13 10:25 [DEBUG] cshmd.common (get_logger)                                    : $$$$$$$$$$$$$$  Logger 'cshmd.common........' initialized  $$$$$$$$$$$$$$
04/13 10:25 [DEBUG] cshmd.functions (get_logger)                                 : $$$$$$$$$$$$$$  Logger 'cshmd.functions.....' initialized  $$$$$$$$$$$$$$
04/13 10:25 [DEBUG] cshmd.load (get_logger)                                      : $$$$$$$$$$$$$$  Logger 'cshmd.load..........' initialized  $$$$$$$$$$$$$$
04/13 10:25 [DEBUG] cshmd.analysis (get_logger)                                  : $$$$$$$$$$$$$$  Logger 'cshmd.analysis......' initialized  $$$$$$$$$$$$$$
04/13 10:25 [DEBUG] cshmd.structure (get_logger)                                 : $$$$$$$$$$$$$$  Logger 'cshmd.structure.....' initialized  $$$$$$$$$$$$$$
04/13 10:25 [DEBUG] cshmd.builder (get_logger)                                   : $$$$$$$$$$$$$$  Logger 'cshmd.builder.......' initialized  $$$$$$$$$$$$$$
04/13 10:25 [DEBUG] cshmd.trj_analysis (get_logger)                              : $$$$$$$$$$$$$$  Logger 'cshmd.trj_analysis..' initialized  $$$$$$$$$$$$$$
04/13 10:25 [DEBUG] csh_info (get_logger)                                        : $$$$$$$$$$$$$$  Logger 'csh_info............' initialized  $$$$$$$$$$$$$$
04/13 10:25 [INFO] csh_info (main)                                               : Cif: L02.cif
04/13 10:25 [INFO] cshmd.structure (__init__)                                    : L02.cif was loaded
04/13 10:25 [DEBUG] cshmd.analysis (__init__)                                    : [Structure] Now new data setted for get Bonds
04/13 10:25 [DEBUG] cshmd.analysis (__del_bond__)                                : del -> Si_O O_H H_O Ca_O C_O BO NBO
04/13 10:25 [DEBUG] cshmd.analysis (__initialize_mole__)                         : initalize -> H2O SiO4 OH CO3 H3O
04/13 10:25 [DEBUG] cshmd.analysis (__initialize_mole__)                         : initalize -> SiOH CaOH HCO3 H2CO3 H3CO3
04/13 10:25 [DEBUG] cshmd.analysis (__init__)                                    : C-S-H Model not setted
04/13 10:25 [DEBUG] cshmd.analysis (find_bond)                                   : find_bond O - H rcut -> 1.2
04/13 10:25 [DEBUG] cshmd.common (time_wrapper)                                  : [RUNTIME] get_distance_table in 0.765 seconds
04/13 10:25 [DEBUG] cshmd.analysis (get_mole)                                    : get_mole O - H -> nbonds: 2
04/13 10:25 [DEBUG] cshmd.analysis (find_bond)                                   : find_bond Si - O rcut -> 2.2
04/13 10:25 [DEBUG] cshmd.common (time_wrapper)                                  : [RUNTIME] get_distance_table in 0.225 seconds
04/13 10:25 [DEBUG] cshmd.analysis (get_mole)                                    : get_mole Si - O -> nbonds: 4
04/13 10:25 [DEBUG] cshmd.analysis (get_mole)                                    : get_mole O - H -> nbonds: 1
04/13 10:25 [DEBUG] cshmd.analysis (find_bond)                                   : find_bond C - O rcut -> 1.6
04/13 10:25 [DEBUG] cshmd.analysis (get_mole)                                    : get_mole C - O -> nbonds: 3
04/13 10:25 [DEBUG] cshmd.analysis (get_mole)                                    : get_mole O - H -> nbonds: 3
04/13 10:25 [DEBUG] cshmd.analysis (find_bond)                                   : find_bond Ca - O rcut -> 3.0
04/13 10:25 [DEBUG] cshmd.common (time_wrapper)                                  : [RUNTIME] get_distance_table in 0.354 seconds
04/13 10:25 [DEBUG] cshmd.analysis (search_basic)                                : Basic search result -> H2O: 832, SiO4: 512, OH: 128, CO3: 0, H3O: 0, Ca_O: 4544
04/13 10:25 [DEBUG] cshmd.analysis (full_search)                                 : Search layer details
04/13 10:25 [DEBUG] cshmd.analysis (find_bond)                                   : find_bond Ca - O rcut -> 3.0
04/13 10:25 [DEBUG] cshmd.analysis (find_bond)                                   : find_bond Si - O rcut -> 2.2
04/13 10:25 [DEBUG] cshmd.common (get_logger)                                    : $$$$$$$$$$$$$$  Logger 'cshmd.common........' initialized  $$$$$$$$$$$$$$
04/13 10:25 [DEBUG] cshmd.functions (get_logger)                                 : $$$$$$$$$$$$$$  Logger 'cshmd.functions.....' initialized  $$$$$$$$$$$$$$
04/13 10:25 [DEBUG] cshmd.load (get_logger)                                      : $$$$$$$$$$$$$$  Logger 'cshmd.load..........' initialized  $$$$$$$$$$$$$$
04/13 10:25 [DEBUG] cshmd.analysis (get_logger)                                  : $$$$$$$$$$$$$$  Logger 'cshmd.analysis......' initialized  $$$$$$$$$$$$$$
04/13 10:25 [DEBUG] cshmd.common (get_logger)                                    : $$$$$$$$$$$$$$  Logger 'cshmd.common........' initialized  $$$$$$$$$$$$$$
04/13 10:25 [DEBUG] cshmd.functions (get_logger)                                 : $$$$$$$$$$$$$$  Logger 'cshmd.functions.....' initialized  $$$$$$$$$$$$$$
04/13 10:25 [DEBUG] cshmd.load (get_logger)                                      : $$$$$$$$$$$$$$  Logger 'cshmd.load..........' initialized  $$$$$$$$$$$$$$
04/13 10:25 [DEBUG] cshmd.analysis (get_logger)                                  : $$$$$$$$$$$$$$  Logger 'cshmd.analysis......' initialized  $$$$$$$$$$$$$$
04/13 10:25 [DEBUG] cshmd.structure (get_logger)                                 : $$$$$$$$$$$$$$  Logger 'cshmd.structure.....' initialized  $$$$$$$$$$$$$$
04/13 10:25 [DEBUG] cshmd.builder (get_logger)                                   : $$$$$$$$$$$$$$  Logger 'cshmd.builder.......' initialized  $$$$$$$$$$$$$$
04/13 10:25 [DEBUG] cshmd.trj_analysis (get_logger)                              : $$$$$$$$$$$$$$  Logger 'cshmd.trj_analysis..' initialized  $$$$$$$$$$$$$$
04/13 10:25 [DEBUG] csh_info (get_logger)                                        : $$$$$$$$$$$$$$  Logger 'csh_info............' initialized  $$$$$$$$$$$$$$
04/13 10:25 [INFO] csh_info (main)                                               : Cif: L04.cif
04/13 10:25 [INFO] cshmd.structure (__init__)                                    : L04.cif was loaded
04/13 10:25 [DEBUG] cshmd.analysis (__init__)                                    : [Structure] Now new data setted for get Bonds
04/13 10:25 [DEBUG] cshmd.analysis (__del_bond__)                                : del -> Si_O O_H H_O Ca_O C_O BO NBO
04/13 10:25 [DEBUG] cshmd.analysis (__initialize_mole__)                         : initalize -> H2O SiO4 OH CO3 H3O
04/13 10:25 [DEBUG] cshmd.analysis (__initialize_mole__)                         : initalize -> SiOH CaOH HCO3 H2CO3 H3CO3
04/13 10:25 [DEBUG] cshmd.analysis (__init__)                                    : C-S-H Model not setted
04/13 10:25 [DEBUG] cshmd.analysis (find_bond)                                   : find_bond O - H rcut -> 1.2
04/13 10:25 [DEBUG] cshmd.common (time_wrapper)                                  : [RUNTIME] get_distance_table in 0.724 seconds
04/13 10:25 [DEBUG] cshmd.analysis (get_mole)                                    : get_mole O - H -> nbonds: 2
04/13 10:25 [DEBUG] cshmd.analysis (find_bond)                                   : find_bond Si - O rcut -> 2.2
04/13 10:25 [DEBUG] cshmd.common (time_wrapper)                                  : [RUNTIME] get_distance_table in 0.310 seconds
04/13 10:25 [DEBUG] cshmd.analysis (get_mole)                                    : get_mole Si - O -> nbonds: 4
04/13 10:25 [DEBUG] cshmd.analysis (get_mole)                                    : get_mole O - H -> nbonds: 1
04/13 10:25 [DEBUG] cshmd.analysis (find_bond)                                   : find_bond C - O rcut -> 1.6
04/13 10:25 [DEBUG] cshmd.analysis (get_mole)                                    : get_mole C - O -> nbonds: 3
04/13 10:25 [DEBUG] cshmd.analysis (get_mole)                                    : get_mole O - H -> nbonds: 3
04/13 10:25 [DEBUG] cshmd.analysis (find_bond)                                   : find_bond Ca - O rcut -> 3.0
04/13 10:25 [DEBUG] cshmd.common (time_wrapper)                                  : [RUNTIME] get_distance_table in 0.344 seconds
04/13 10:25 [DEBUG] cshmd.analysis (search_basic)                                : Basic search result -> H2O: 732, SiO4: 612, OH: 128, CO3: 0, H3O: 0, Ca_O: 4344
04/13 10:25 [DEBUG] cshmd.analysis (full_search)                                 : Search layer details
04/13 10:25 [DEBUG] cshmd.analysis (find_bond)                                   : find_bond Ca - O rcut -> 3.0
04/13 10:25 [DEBUG] cshmd.analysis (find_bond)                                   : find_bond Si - O rcut -> 2.2
04/13 10:25 [DEBUG] cshmd.common (get_logger)                                    : $$$$$$$$$$$$$$  Logger 'cshmd.common........' initialized  $$$$$$$$$$$$$$
04/13 10:25 [DEBUG] cshmd.functions (get_logger)                                 : $$$$$$$$$$$$$$  Logger 'cshmd.functions.....' initialized  $$$$$$$$$$$$$$
04/13 10:25 [DEBUG] cshmd.load (get_logger)                                      : $$$$$$$$$$$$$$  Logger 'cshmd.load..........' initialized  $$$$$$$$$$$$$$
04/13 10:25 [DEBUG] cshmd.analysis (get_logger)                                  : $$$$$$$$$$$$$$  Logger 'cshmd.analysis......' initialized  $$$$$$$$$$$$$$
04/13 10:25 [DEBUG] cshmd.structure (get_logger)                                 : $$$$$$$$$$$$$$  Logger 'cshmd.structure.....' initialized  $$$$$$$$$$$$$$
04/13 10:25 [DEBUG] cshmd.builder (get_logger)                                   : $$$$$$$$$$$$$$  Logger 'cshmd.builder.......' initialized  $$$$$$$$$$$$$$
04/13 10:25 [DEBUG] cshmd.trj_analysis (get_logger)                              : $$$$$$$$$$$$$$  Logger 'cshmd.trj_analysis..' initialized  $$$$$$$$$$$$$$
04/13 10:25 [DEBUG] csh_info (get_logger)                                        : $$$$$$$$$$$$$$  Logger 'csh_info............' initialized  $$$$$$$$$$$$$$
04/13 10:25 [INFO] csh_info (main)                                               : Cif: L08.cif
04/13 10:25 [INFO] cshmd.structure (__init__)                                    : L08.cif was loaded
04/13 10:25 [DEBUG] cshmd.analysis (__init__)                                    : [Structure] Now new data setted for get Bonds
04/13 10:25 [DEBUG] cshmd.analysis (__del_bond__)                                : del -> Si_O O_H H_O Ca_O C_O BO NBO
04/13 10:25 [DEBUG] cshmd.analysis (__initialize_mole__)                         : initalize -> H2O SiO4 OH CO3 H3O
04/13 10:25 [DEBUG] cshmd.analysis (__initialize_mole__)                         : initalize -> SiOH CaOH HCO3 H2CO3 H3CO3
04/13 10:25 [DEBUG] cshmd.analysis (__init__)                                    : C-S-H Model not setted
04/13 10:25 [DEBUG] cshmd.analysis (find_bond)                                   : find_bond O - H rcut -> 1.2
04/13 10:25 [DEBUG] cshmd.common (time_wrapper)                                  : [RUNTIME] get_distance_table in 0.647 seconds
04/13 10:25 [DEBUG] cshmd.analysis (get_mole)                                    : get_mole O - H -> nbonds: 2
04/13 10:25 [DEBUG] cshmd.analysis (find_bond)                                   : find_bond Si - O rcut -> 2.2
04/13 10:25 [DEBUG] cshmd.common (time_wrapper)                                  : [RUNTIME] get_distance_table in 0.316 seconds
04/13 10:25 [DEBUG] cshmd.analysis (get_mole)                                    : get_mole Si - O -> nbonds: 4
04/13 10:25 [DEBUG] cshmd.analysis (get_mole)                                    : get_mole O - H -> nbonds: 1
04/13 10:25 [DEBUG] cshmd.analysis (find_bond)                                   : find_bond C - O rcut -> 1.6
04/13 10:25 [DEBUG] cshmd.analysis (get_mole)                                    : get_mole C - O -> nbonds: 3
04/13 10:25 [DEBUG] cshmd.analysis (get_mole)                                    : get_mole O - H -> nbonds: 3
04/13 10:25 [DEBUG] cshmd.analysis (find_bond)                                   : find_bond Ca - O rcut -> 3.0
04/13 10:25 [DEBUG] cshmd.common (time_wrapper)                                  : [RUNTIME] get_distance_table in 0.326 seconds
04/13 10:25 [DEBUG] cshmd.analysis (search_basic)                                : Basic search result -> H2O: 664, SiO4: 680, OH: 128, CO3: 0, H3O: 0, Ca_O: 4208
04/13 10:25 [DEBUG] cshmd.analysis (full_search)                                 : Search layer details
04/13 10:25 [DEBUG] cshmd.analysis (find_bond)                                   : find_bond Ca - O rcut -> 3.0
04/13 10:25 [DEBUG] cshmd.analysis (find_bond)                                   : find_bond Si - O rcut -> 2.2
04/13 10:27 [DEBUG] cshmd.common (get_logger)                                    : $$$$$$$$$$$$$$  Logger 'cshmd.common........' initialized  $$$$$$$$$$$$$$
04/13 10:27 [DEBUG] cshmd.functions (get_logger)                                 : $$$$$$$$$$$$$$  Logger 'cshmd.functions.....' initialized  $$$$$$$$$$$$$$
04/13 10:27 [DEBUG] cshmd.load (get_logger)                                      : $$$$$$$$$$$$$$  Logger 'cshmd.load..........' initialized  $$$$$$$$$$$$$$
04/13 10:27 [DEBUG] cshmd.analysis (get_logger)                                  : $$$$$$$$$$$$$$  Logger 'cshmd.analysis......' initialized  $$$$$$$$$$$$$$
04/13 10:27 [DEBUG] cshmd.structure (get_logger)                                 : $$$$$$$$$$$$$$  Logger 'cshmd.structure.....' initialized  $$$$$$$$$$$$$$
04/13 10:27 [DEBUG] cshmd.builder (get_logger)                                   : $$$$$$$$$$$$$$  Logger 'cshmd.builder.......' initialized  $$$$$$$$$$$$$$
04/13 10:27 [DEBUG] cshmd.trj_analysis (get_logger)                              : $$$$$$$$$$$$$$  Logger 'cshmd.trj_analysis..' initialized  $$$$$$$$$$$$$$
04/13 10:27 [DEBUG] csh_info (get_logger)                                        : $$$$$$$$$$$$$$  Logger 'csh_info............' initialized  $$$$$$$$$$$$$$
04/13 10:27 [INFO] csh_info (main)                                               : Cif: L04.cif
04/13 10:27 [INFO] cshmd.structure (__init__)                                    : L04.cif was loaded
04/13 10:27 [DEBUG] cshmd.analysis (__init__)                                    : [Structure] Now new data setted for get Bonds
04/13 10:27 [DEBUG] cshmd.analysis (__del_bond__)                                : del -> Si_O O_H H_O Ca_O C_O BO NBO
04/13 10:27 [DEBUG] cshmd.analysis (__initialize_mole__)                         : initalize -> H2O SiO4 OH CO3 H3O
04/13 10:27 [DEBUG] cshmd.analysis (__initialize_mole__)                         : initalize -> SiOH CaOH HCO3 H2CO3 H3CO3
04/13 10:27 [DEBUG] cshmd.analysis (__init__)                                    : C-S-H Model not setted
04/13 10:27 [DEBUG] cshmd.analysis (find_bond)                                   : find_bond O - H rcut -> 1.2
04/13 10:27 [DEBUG] cshmd.common (time_wrapper)                                  : [RUNTIME] get_distance_table in 0.740 seconds
04/13 10:27 [DEBUG] cshmd.analysis (get_mole)                                    : get_mole O - H -> nbonds: 2
04/13 10:27 [DEBUG] cshmd.analysis (find_bond)                                   : find_bond Si - O rcut -> 2.2
04/13 10:27 [DEBUG] cshmd.common (time_wrapper)                                  : [RUNTIME] get_distance_table in 0.303 seconds
04/13 10:27 [DEBUG] cshmd.analysis (get_mole)                                    : get_mole Si - O -> nbonds: 4
04/13 10:27 [DEBUG] cshmd.analysis (get_mole)                                    : get_mole O - H -> nbonds: 1
04/13 10:27 [DEBUG] cshmd.analysis (find_bond)                                   : find_bond C - O rcut -> 1.6
04/13 10:27 [DEBUG] cshmd.analysis (get_mole)                                    : get_mole C - O -> nbonds: 3
04/13 10:27 [DEBUG] cshmd.analysis (get_mole)                                    : get_mole O - H -> nbonds: 3
04/13 10:27 [DEBUG] cshmd.analysis (find_bond)                                   : find_bond Ca - O rcut -> 3.0
04/13 10:27 [DEBUG] cshmd.common (time_wrapper)                                  : [RUNTIME] get_distance_table in 0.358 seconds
04/13 10:27 [DEBUG] cshmd.analysis (search_basic)                                : Basic search result -> H2O: 732, SiO4: 612, OH: 128, CO3: 0, H3O: 0, Ca_O: 4344
04/13 10:27 [DEBUG] cshmd.analysis (full_search)                                 : Search layer details
04/13 10:27 [DEBUG] cshmd.analysis (find_bond)                                   : find_bond Ca - O rcut -> 3.0
04/13 10:27 [DEBUG] cshmd.analysis (find_bond)                                   : find_bond Si - O rcut -> 2.2
04/13 10:27 [DEBUG] cshmd.common (get_logger)                                    : $$$$$$$$$$$$$$  Logger 'cshmd.common........' initialized  $$$$$$$$$$$$$$
04/13 10:27 [DEBUG] cshmd.functions (get_logger)                                 : $$$$$$$$$$$$$$  Logger 'cshmd.functions.....' initialized  $$$$$$$$$$$$$$
04/13 10:27 [DEBUG] cshmd.load (get_logger)                                      : $$$$$$$$$$$$$$  Logger 'cshmd.load..........' initialized  $$$$$$$$$$$$$$
04/13 10:27 [DEBUG] cshmd.analysis (get_logger)                                  : $$$$$$$$$$$$$$  Logger 'cshmd.analysis......' initialized  $$$$$$$$$$$$$$
04/13 10:27 [DEBUG] cshmd.structure (get_logger)                                 : $$$$$$$$$$$$$$  Logger 'cshmd.structure.....' initialized  $$$$$$$$$$$$$$
04/13 10:27 [DEBUG] cshmd.builder (get_logger)                                   : $$$$$$$$$$$$$$  Logger 'cshmd.builder.......' initialized  $$$$$$$$$$$$$$
04/13 10:27 [DEBUG] cshmd.trj_analysis (get_logger)                              : $$$$$$$$$$$$$$  Logger 'cshmd.trj_analysis..' initialized  $$$$$$$$$$$$$$
04/13 10:27 [DEBUG] csh_info (get_logger)                                        : $$$$$$$$$$$$$$  Logger 'csh_info............' initialized  $$$$$$$$$$$$$$
04/13 10:27 [INFO] csh_info (main)                                               : Cif: L02.cif
04/13 10:27 [INFO] cshmd.structure (__init__)                                    : L02.cif was loaded
04/13 10:27 [DEBUG] cshmd.analysis (__init__)                                    : [Structure] Now new data setted for get Bonds
04/13 10:27 [DEBUG] cshmd.analysis (__del_bond__)                                : del -> Si_O O_H H_O Ca_O C_O BO NBO
04/13 10:27 [DEBUG] cshmd.analysis (__initialize_mole__)                         : initalize -> H2O SiO4 OH CO3 H3O
04/13 10:27 [DEBUG] cshmd.analysis (__initialize_mole__)                         : initalize -> SiOH CaOH HCO3 H2CO3 H3CO3
04/13 10:27 [DEBUG] cshmd.analysis (__init__)                                    : C-S-H Model not setted
04/13 10:27 [DEBUG] cshmd.analysis (find_bond)                                   : find_bond O - H rcut -> 1.2
04/13 10:27 [DEBUG] cshmd.common (time_wrapper)                                  : [RUNTIME] get_distance_table in 0.772 seconds
04/13 10:27 [DEBUG] cshmd.analysis (get_mole)                                    : get_mole O - H -> nbonds: 2
04/13 10:27 [DEBUG] cshmd.analysis (find_bond)                                   : find_bond Si - O rcut -> 2.2
04/13 10:27 [DEBUG] cshmd.common (time_wrapper)                                  : [RUNTIME] get_distance_table in 0.240 seconds
04/13 10:27 [DEBUG] cshmd.analysis (get_mole)                                    : get_mole Si - O -> nbonds: 4
04/13 10:27 [DEBUG] cshmd.analysis (get_mole)                                    : get_mole O - H -> nbonds: 1
04/13 10:27 [DEBUG] cshmd.analysis (find_bond)                                   : find_bond C - O rcut -> 1.6
04/13 10:27 [DEBUG] cshmd.analysis (get_mole)                                    : get_mole C - O -> nbonds: 3
04/13 10:27 [DEBUG] cshmd.analysis (get_mole)                                    : get_mole O - H -> nbonds: 3
04/13 10:27 [DEBUG] cshmd.analysis (find_bond)                                   : find_bond Ca - O rcut -> 3.0
04/13 10:27 [DEBUG] cshmd.common (time_wrapper)                                  : [RUNTIME] get_distance_table in 0.366 seconds
04/13 10:27 [DEBUG] cshmd.analysis (search_basic)                                : Basic search result -> H2O: 832, SiO4: 512, OH: 128, CO3: 0, H3O: 0, Ca_O: 4544
04/13 10:27 [DEBUG] cshmd.analysis (full_search)                                 : Search layer details
04/13 10:27 [DEBUG] cshmd.analysis (find_bond)                                   : find_bond Ca - O rcut -> 3.0
04/13 10:27 [DEBUG] cshmd.analysis (find_bond)                                   : find_bond Si - O rcut -> 2.2
04/13 10:27 [DEBUG] cshmd.common (get_logger)                                    : $$$$$$$$$$$$$$  Logger 'cshmd.common........' initialized  $$$$$$$$$$$$$$
04/13 10:27 [DEBUG] cshmd.functions (get_logger)                                 : $$$$$$$$$$$$$$  Logger 'cshmd.functions.....' initialized  $$$$$$$$$$$$$$
04/13 10:27 [DEBUG] cshmd.load (get_logger)                                      : $$$$$$$$$$$$$$  Logger 'cshmd.load..........' initialized  $$$$$$$$$$$$$$
04/13 10:27 [DEBUG] cshmd.analysis (get_logger)                                  : $$$$$$$$$$$$$$  Logger 'cshmd.analysis......' initialized  $$$$$$$$$$$$$$
04/13 10:27 [DEBUG] cshmd.structure (get_logger)                                 : $$$$$$$$$$$$$$  Logger 'cshmd.structure.....' initialized  $$$$$$$$$$$$$$
04/13 10:27 [DEBUG] cshmd.builder (get_logger)                                   : $$$$$$$$$$$$$$  Logger 'cshmd.builder.......' initialized  $$$$$$$$$$$$$$
04/13 10:27 [DEBUG] cshmd.trj_analysis (get_logger)                              : $$$$$$$$$$$$$$  Logger 'cshmd.trj_analysis..' initialized  $$$$$$$$$$$$$$
04/13 10:27 [DEBUG] csh_info (get_logger)                                        : $$$$$$$$$$$$$$  Logger 'csh_info............' initialized  $$$$$$$$$$$$$$
04/13 10:27 [INFO] csh_info (main)                                               : Cif: L12.cif
04/13 10:27 [INFO] cshmd.structure (__init__)                                    : L12.cif was loaded
04/13 10:27 [DEBUG] cshmd.analysis (__init__)                                    : [Structure] Now new data setted for get Bonds
04/13 10:27 [DEBUG] cshmd.analysis (__del_bond__)                                : del -> Si_O O_H H_O Ca_O C_O BO NBO
04/13 10:27 [DEBUG] cshmd.analysis (__initialize_mole__)                         : initalize -> H2O SiO4 OH CO3 H3O
04/13 10:27 [DEBUG] cshmd.analysis (__initialize_mole__)                         : initalize -> SiOH CaOH HCO3 H2CO3 H3CO3
04/13 10:27 [DEBUG] cshmd.analysis (__init__)                                    : C-S-H Model not setted
04/13 10:27 [DEBUG] cshmd.analysis (find_bond)                                   : find_bond O - H rcut -> 1.2
04/13 10:27 [DEBUG] cshmd.common (time_wrapper)                                  : [RUNTIME] get_distance_table in 0.601 seconds
04/13 10:27 [DEBUG] cshmd.analysis (get_mole)                                    : get_mole O - H -> nbonds: 2
04/13 10:27 [DEBUG] cshmd.analysis (find_bond)                                   : find_bond Si - O rcut -> 2.2
04/13 10:27 [DEBUG] cshmd.common (time_wrapper)                                  : [RUNTIME] get_distance_table in 0.313 seconds
04/13 10:27 [DEBUG] cshmd.analysis (get_mole)                                    : get_mole Si - O -> nbonds: 4
04/13 10:27 [DEBUG] cshmd.analysis (get_mole)                                    : get_mole O - H -> nbonds: 1
04/13 10:27 [DEBUG] cshmd.analysis (find_bond)                                   : find_bond C - O rcut -> 1.6
04/13 10:27 [DEBUG] cshmd.analysis (get_mole)                                    : get_mole C - O -> nbonds: 3
04/13 10:27 [DEBUG] cshmd.analysis (get_mole)                                    : get_mole O - H -> nbonds: 3
04/13 10:27 [DEBUG] cshmd.analysis (find_bond)                                   : find_bond Ca - O rcut -> 3.0
04/13 10:27 [DEBUG] cshmd.common (time_wrapper)                                  : [RUNTIME] get_distance_table in 0.337 seconds
04/13 10:27 [DEBUG] cshmd.analysis (search_basic)                                : Basic search result -> H2O: 636, SiO4: 708, OH: 128, CO3: 0, H3O: 0, Ca_O: 4152
04/13 10:27 [DEBUG] cshmd.analysis (full_search)                                 : Search layer details
04/13 10:27 [DEBUG] cshmd.analysis (find_bond)                                   : find_bond Ca - O rcut -> 3.0
04/13 10:27 [DEBUG] cshmd.analysis (find_bond)                                   : find_bond Si - O rcut -> 2.2
04/13 10:28 [DEBUG] cshmd.common (get_logger)                                    : $$$$$$$$$$$$$$  Logger 'cshmd.common........' initialized  $$$$$$$$$$$$$$
04/13 10:28 [DEBUG] cshmd.functions (get_logger)                                 : $$$$$$$$$$$$$$  Logger 'cshmd.functions.....' initialized  $$$$$$$$$$$$$$
04/13 10:28 [DEBUG] cshmd.load (get_logger)                                      : $$$$$$$$$$$$$$  Logger 'cshmd.load..........' initialized  $$$$$$$$$$$$$$
04/13 10:28 [DEBUG] cshmd.analysis (get_logger)                                  : $$$$$$$$$$$$$$  Logger 'cshmd.analysis......' initialized  $$$$$$$$$$$$$$
04/13 10:28 [DEBUG] cshmd.structure (get_logger)                                 : $$$$$$$$$$$$$$  Logger 'cshmd.structure.....' initialized  $$$$$$$$$$$$$$
04/13 10:28 [DEBUG] cshmd.builder (get_logger)                                   : $$$$$$$$$$$$$$  Logger 'cshmd.builder.......' initialized  $$$$$$$$$$$$$$
04/13 10:28 [DEBUG] cshmd.trj_analysis (get_logger)                              : $$$$$$$$$$$$$$  Logger 'cshmd.trj_analysis..' initialized  $$$$$$$$$$$$$$
04/13 10:28 [DEBUG] csh_info (get_logger)                                        : $$$$$$$$$$$$$$  Logger 'csh_info............' initialized  $$$$$$$$$$$$$$
04/13 10:28 [INFO] csh_info (main)                                               : Cif: L12.cif
04/13 10:28 [INFO] cshmd.structure (__init__)                                    : L12.cif was loaded
04/13 10:28 [DEBUG] cshmd.analysis (__init__)                                    : [Structure] Now new data setted for get Bonds
04/13 10:28 [DEBUG] cshmd.analysis (__del_bond__)                                : del -> Si_O O_H H_O Ca_O C_O BO NBO
04/13 10:28 [DEBUG] cshmd.analysis (__initialize_mole__)                         : initalize -> H2O SiO4 OH CO3 H3O
04/13 10:28 [DEBUG] cshmd.analysis (__initialize_mole__)                         : initalize -> SiOH CaOH HCO3 H2CO3 H3CO3
04/13 10:28 [DEBUG] cshmd.analysis (__init__)                                    : C-S-H Model not setted
04/13 10:28 [DEBUG] cshmd.analysis (find_bond)                                   : find_bond O - H rcut -> 1.2
04/13 10:28 [DEBUG] cshmd.common (time_wrapper)                                  : [RUNTIME] get_distance_table in 0.672 seconds
04/13 10:28 [DEBUG] cshmd.analysis (get_mole)                                    : get_mole O - H -> nbonds: 2
04/13 10:28 [DEBUG] cshmd.analysis (find_bond)                                   : find_bond Si - O rcut -> 2.2
04/13 10:28 [DEBUG] cshmd.common (time_wrapper)                                  : [RUNTIME] get_distance_table in 0.375 seconds
04/13 10:28 [DEBUG] cshmd.analysis (get_mole)                                    : get_mole Si - O -> nbonds: 4
04/13 10:28 [DEBUG] cshmd.analysis (get_mole)                                    : get_mole O - H -> nbonds: 1
04/13 10:28 [DEBUG] cshmd.analysis (find_bond)                                   : find_bond C - O rcut -> 1.6
04/13 10:28 [DEBUG] cshmd.analysis (get_mole)                                    : get_mole C - O -> nbonds: 3
04/13 10:28 [DEBUG] cshmd.analysis (get_mole)                                    : get_mole O - H -> nbonds: 3
04/13 10:28 [DEBUG] cshmd.analysis (find_bond)                                   : find_bond Ca - O rcut -> 3.0
04/13 10:28 [DEBUG] cshmd.common (time_wrapper)                                  : [RUNTIME] get_distance_table in 0.356 seconds
04/13 10:28 [DEBUG] cshmd.analysis (search_basic)                                : Basic search result -> H2O: 636, SiO4: 708, OH: 128, CO3: 0, H3O: 0, Ca_O: 4152
04/13 10:28 [DEBUG] cshmd.analysis (full_search)                                 : Search layer details
04/13 10:28 [DEBUG] cshmd.analysis (find_bond)                                   : find_bond Ca - O rcut -> 3.0
04/13 10:28 [DEBUG] cshmd.analysis (find_bond)                                   : find_bond Si - O rcut -> 2.2
04/13 10:28 [DEBUG] cshmd.common (get_logger)                                    : $$$$$$$$$$$$$$  Logger 'cshmd.common........' initialized  $$$$$$$$$$$$$$
04/13 10:28 [DEBUG] cshmd.functions (get_logger)                                 : $$$$$$$$$$$$$$  Logger 'cshmd.functions.....' initialized  $$$$$$$$$$$$$$
04/13 10:28 [DEBUG] cshmd.load (get_logger)                                      : $$$$$$$$$$$$$$  Logger 'cshmd.load..........' initialized  $$$$$$$$$$$$$$
04/13 10:28 [DEBUG] cshmd.analysis (get_logger)                                  : $$$$$$$$$$$$$$  Logger 'cshmd.analysis......' initialized  $$$$$$$$$$$$$$
04/13 10:28 [DEBUG] cshmd.structure (get_logger)                                 : $$$$$$$$$$$$$$  Logger 'cshmd.structure.....' initialized  $$$$$$$$$$$$$$
04/13 10:28 [DEBUG] cshmd.builder (get_logger)                                   : $$$$$$$$$$$$$$  Logger 'cshmd.builder.......' initialized  $$$$$$$$$$$$$$
04/13 10:28 [DEBUG] cshmd.trj_analysis (get_logger)                              : $$$$$$$$$$$$$$  Logger 'cshmd.trj_analysis..' initialized  $$$$$$$$$$$$$$
04/13 10:28 [DEBUG] csh_info (get_logger)                                        : $$$$$$$$$$$$$$  Logger 'csh_info............' initialized  $$$$$$$$$$$$$$
04/13 10:28 [INFO] csh_info (main)                                               : Cif: L12.cif
04/13 10:28 [INFO] cshmd.structure (__init__)                                    : L12.cif was loaded
04/13 10:28 [DEBUG] cshmd.analysis (__init__)                                    : [Structure] Now new data setted for get Bonds
04/13 10:28 [DEBUG] cshmd.analysis (__del_bond__)                                : del -> Si_O O_H H_O Ca_O C_O BO NBO
04/13 10:28 [DEBUG] cshmd.analysis (__initialize_mole__)                         : initalize -> H2O SiO4 OH CO3 H3O
04/13 10:28 [DEBUG] cshmd.analysis (__initialize_mole__)                         : initalize -> SiOH CaOH HCO3 H2CO3 H3CO3
04/13 10:28 [DEBUG] cshmd.analysis (__init__)                                    : C-S-H Model not setted
04/13 10:28 [DEBUG] cshmd.analysis (find_bond)                                   : find_bond O - H rcut -> 1.2
04/13 10:28 [DEBUG] cshmd.common (time_wrapper)                                  : [RUNTIME] get_distance_table in 0.636 seconds
04/13 10:28 [DEBUG] cshmd.analysis (get_mole)                                    : get_mole O - H -> nbonds: 2
04/13 10:28 [DEBUG] cshmd.analysis (find_bond)                                   : find_bond Si - O rcut -> 2.2
04/13 10:28 [DEBUG] cshmd.common (time_wrapper)                                  : [RUNTIME] get_distance_table in 0.347 seconds
04/13 10:28 [DEBUG] cshmd.analysis (get_mole)                                    : get_mole Si - O -> nbonds: 4
04/13 10:28 [DEBUG] cshmd.analysis (get_mole)                                    : get_mole O - H -> nbonds: 1
04/13 10:28 [DEBUG] cshmd.analysis (find_bond)                                   : find_bond C - O rcut -> 1.6
04/13 10:28 [DEBUG] cshmd.analysis (get_mole)                                    : get_mole C - O -> nbonds: 3
04/13 10:28 [DEBUG] cshmd.analysis (get_mole)                                    : get_mole O - H -> nbonds: 3
04/13 10:28 [DEBUG] cshmd.analysis (find_bond)                                   : find_bond Ca - O rcut -> 3.0
04/13 10:28 [DEBUG] cshmd.common (time_wrapper)                                  : [RUNTIME] get_distance_table in 0.324 seconds
04/13 10:28 [DEBUG] cshmd.analysis (search_basic)                                : Basic search result -> H2O: 636, SiO4: 708, OH: 128, CO3: 0, H3O: 0, Ca_O: 4152
04/13 10:28 [DEBUG] cshmd.analysis (full_search)                                 : Search layer details
04/13 10:28 [DEBUG] cshmd.analysis (find_bond)                                   : find_bond Ca - O rcut -> 3.0
04/13 10:28 [DEBUG] cshmd.analysis (find_bond)                                   : find_bond Si - O rcut -> 2.2
04/13 10:28 [DEBUG] cshmd.common (get_logger)                                    : $$$$$$$$$$$$$$  Logger 'cshmd.common........' initialized  $$$$$$$$$$$$$$
04/13 10:28 [DEBUG] cshmd.functions (get_logger)                                 : $$$$$$$$$$$$$$  Logger 'cshmd.functions.....' initialized  $$$$$$$$$$$$$$
04/13 10:28 [DEBUG] cshmd.load (get_logger)                                      : $$$$$$$$$$$$$$  Logger 'cshmd.load..........' initialized  $$$$$$$$$$$$$$
04/13 10:28 [DEBUG] cshmd.analysis (get_logger)                                  : $$$$$$$$$$$$$$  Logger 'cshmd.analysis......' initialized  $$$$$$$$$$$$$$
04/13 10:28 [DEBUG] cshmd.structure (get_logger)                                 : $$$$$$$$$$$$$$  Logger 'cshmd.structure.....' initialized  $$$$$$$$$$$$$$
04/13 10:28 [DEBUG] cshmd.builder (get_logger)                                   : $$$$$$$$$$$$$$  Logger 'cshmd.builder.......' initialized  $$$$$$$$$$$$$$
04/13 10:28 [DEBUG] cshmd.trj_analysis (get_logger)                              : $$$$$$$$$$$$$$  Logger 'cshmd.trj_analysis..' initialized  $$$$$$$$$$$$$$
04/13 10:28 [DEBUG] csh_info (get_logger)                                        : $$$$$$$$$$$$$$  Logger 'csh_info............' initialized  $$$$$$$$$$$$$$
04/13 10:28 [INFO] csh_info (main)                                               : Cif: L02.cif
04/13 10:28 [INFO] cshmd.structure (__init__)                                    : L02.cif was loaded
04/13 10:28 [DEBUG] cshmd.analysis (__init__)                                    : [Structure] Now new data setted for get Bonds
04/13 10:28 [DEBUG] cshmd.analysis (__del_bond__)                                : del -> Si_O O_H H_O Ca_O C_O BO NBO
04/13 10:28 [DEBUG] cshmd.analysis (__initialize_mole__)                         : initalize -> H2O SiO4 OH CO3 H3O
04/13 10:28 [DEBUG] cshmd.analysis (__initialize_mole__)                         : initalize -> SiOH CaOH HCO3 H2CO3 H3CO3
04/13 10:28 [DEBUG] cshmd.analysis (__init__)                                    : C-S-H Model not setted
04/13 10:28 [DEBUG] cshmd.analysis (find_bond)                                   : find_bond O - H rcut -> 1.2
04/13 10:28 [DEBUG] cshmd.common (time_wrapper)                                  : [RUNTIME] get_distance_table in 0.780 seconds
04/13 10:28 [DEBUG] cshmd.analysis (get_mole)                                    : get_mole O - H -> nbonds: 2
04/13 10:28 [DEBUG] cshmd.analysis (find_bond)                                   : find_bond Si - O rcut -> 2.2
04/13 10:28 [DEBUG] cshmd.common (time_wrapper)                                  : [RUNTIME] get_distance_table in 0.260 seconds
04/13 10:28 [DEBUG] cshmd.analysis (get_mole)                                    : get_mole Si - O -> nbonds: 4
04/13 10:28 [DEBUG] cshmd.analysis (get_mole)                                    : get_mole O - H -> nbonds: 1
04/13 10:28 [DEBUG] cshmd.analysis (find_bond)                                   : find_bond C - O rcut -> 1.6
04/13 10:28 [DEBUG] cshmd.analysis (get_mole)                                    : get_mole C - O -> nbonds: 3
04/13 10:28 [DEBUG] cshmd.analysis (get_mole)                                    : get_mole O - H -> nbonds: 3
04/13 10:28 [DEBUG] cshmd.analysis (find_bond)                                   : find_bond Ca - O rcut -> 3.0
04/13 10:28 [DEBUG] cshmd.common (time_wrapper)                                  : [RUNTIME] get_distance_table in 0.387 seconds
04/13 10:28 [DEBUG] cshmd.analysis (search_basic)                                : Basic search result -> H2O: 832, SiO4: 512, OH: 128, CO3: 0, H3O: 0, Ca_O: 4544
04/13 10:28 [DEBUG] cshmd.analysis (full_search)                                 : Search layer details
04/13 10:28 [DEBUG] cshmd.analysis (find_bond)                                   : find_bond Ca - O rcut -> 3.0
04/13 10:28 [DEBUG] cshmd.analysis (find_bond)                                   : find_bond Si - O rcut -> 2.2
04/13 10:28 [DEBUG] cshmd.common (get_logger)                                    : $$$$$$$$$$$$$$  Logger 'cshmd.common........' initialized  $$$$$$$$$$$$$$
04/13 10:28 [DEBUG] cshmd.functions (get_logger)                                 : $$$$$$$$$$$$$$  Logger 'cshmd.functions.....' initialized  $$$$$$$$$$$$$$
04/13 10:28 [DEBUG] cshmd.load (get_logger)                                      : $$$$$$$$$$$$$$  Logger 'cshmd.load..........' initialized  $$$$$$$$$$$$$$
04/13 10:28 [DEBUG] cshmd.analysis (get_logger)                                  : $$$$$$$$$$$$$$  Logger 'cshmd.analysis......' initialized  $$$$$$$$$$$$$$
04/13 10:28 [DEBUG] cshmd.structure (get_logger)                                 : $$$$$$$$$$$$$$  Logger 'cshmd.structure.....' initialized  $$$$$$$$$$$$$$
04/13 10:28 [DEBUG] cshmd.builder (get_logger)                                   : $$$$$$$$$$$$$$  Logger 'cshmd.builder.......' initialized  $$$$$$$$$$$$$$
04/13 10:28 [DEBUG] cshmd.trj_analysis (get_logger)                              : $$$$$$$$$$$$$$  Logger 'cshmd.trj_analysis..' initialized  $$$$$$$$$$$$$$
04/13 10:28 [DEBUG] csh_info (get_logger)                                        : $$$$$$$$$$$$$$  Logger 'csh_info............' initialized  $$$$$$$$$$$$$$
04/13 10:28 [INFO] csh_info (main)                                               : Cif: L04.cif
04/13 10:28 [INFO] cshmd.structure (__init__)                                    : L04.cif was loaded
04/13 10:28 [DEBUG] cshmd.analysis (__init__)                                    : [Structure] Now new data setted for get Bonds
04/13 10:28 [DEBUG] cshmd.analysis (__del_bond__)                                : del -> Si_O O_H H_O Ca_O C_O BO NBO
04/13 10:28 [DEBUG] cshmd.analysis (__initialize_mole__)                         : initalize -> H2O SiO4 OH CO3 H3O
04/13 10:28 [DEBUG] cshmd.analysis (__initialize_mole__)                         : initalize -> SiOH CaOH HCO3 H2CO3 H3CO3
04/13 10:28 [DEBUG] cshmd.analysis (__init__)                                    : C-S-H Model not setted
04/13 10:28 [DEBUG] cshmd.analysis (find_bond)                                   : find_bond O - H rcut -> 1.2
04/13 10:28 [DEBUG] cshmd.common (time_wrapper)                                  : [RUNTIME] get_distance_table in 0.678 seconds
04/13 10:28 [DEBUG] cshmd.analysis (get_mole)                                    : get_mole O - H -> nbonds: 2
04/13 10:28 [DEBUG] cshmd.analysis (find_bond)                                   : find_bond Si - O rcut -> 2.2
04/13 10:28 [DEBUG] cshmd.common (time_wrapper)                                  : [RUNTIME] get_distance_table in 0.269 seconds
04/13 10:28 [DEBUG] cshmd.analysis (get_mole)                                    : get_mole Si - O -> nbonds: 4
04/13 10:28 [DEBUG] cshmd.analysis (get_mole)                                    : get_mole O - H -> nbonds: 1
04/13 10:28 [DEBUG] cshmd.analysis (find_bond)                                   : find_bond C - O rcut -> 1.6
04/13 10:28 [DEBUG] cshmd.analysis (get_mole)                                    : get_mole C - O -> nbonds: 3
04/13 10:28 [DEBUG] cshmd.analysis (get_mole)                                    : get_mole O - H -> nbonds: 3
04/13 10:28 [DEBUG] cshmd.analysis (find_bond)                                   : find_bond Ca - O rcut -> 3.0
04/13 10:28 [DEBUG] cshmd.common (time_wrapper)                                  : [RUNTIME] get_distance_table in 0.333 seconds
04/13 10:28 [DEBUG] cshmd.analysis (search_basic)                                : Basic search result -> H2O: 732, SiO4: 612, OH: 128, CO3: 0, H3O: 0, Ca_O: 4344
04/13 10:28 [DEBUG] cshmd.analysis (full_search)                                 : Search layer details
04/13 10:28 [DEBUG] cshmd.analysis (find_bond)                                   : find_bond Ca - O rcut -> 3.0
04/13 10:28 [DEBUG] cshmd.analysis (find_bond)                                   : find_bond Si - O rcut -> 2.2
04/13 10:29 [DEBUG] cshmd.common (get_logger)                                    : $$$$$$$$$$$$$$  Logger 'cshmd.common........' initialized  $$$$$$$$$$$$$$
04/13 10:29 [DEBUG] cshmd.functions (get_logger)                                 : $$$$$$$$$$$$$$  Logger 'cshmd.functions.....' initialized  $$$$$$$$$$$$$$
04/13 10:29 [DEBUG] cshmd.load (get_logger)                                      : $$$$$$$$$$$$$$  Logger 'cshmd.load..........' initialized  $$$$$$$$$$$$$$
04/13 10:29 [DEBUG] cshmd.analysis (get_logger)                                  : $$$$$$$$$$$$$$  Logger 'cshmd.analysis......' initialized  $$$$$$$$$$$$$$
04/13 10:29 [DEBUG] cshmd.structure (get_logger)                                 : $$$$$$$$$$$$$$  Logger 'cshmd.structure.....' initialized  $$$$$$$$$$$$$$
04/13 10:29 [DEBUG] cshmd.builder (get_logger)                                   : $$$$$$$$$$$$$$  Logger 'cshmd.builder.......' initialized  $$$$$$$$$$$$$$
04/13 10:29 [DEBUG] cshmd.trj_analysis (get_logger)                              : $$$$$$$$$$$$$$  Logger 'cshmd.trj_analysis..' initialized  $$$$$$$$$$$$$$
04/13 10:29 [DEBUG] csh_info (get_logger)                                        : $$$$$$$$$$$$$$  Logger 'csh_info............' initialized  $$$$$$$$$$$$$$
04/13 10:29 [INFO] csh_info (main)                                               : Cif: L02.cif
04/13 10:29 [INFO] cshmd.structure (__init__)                                    : L02.cif was loaded
04/13 10:29 [DEBUG] cshmd.analysis (__init__)                                    : [Structure] Now new data setted for get Bonds
04/13 10:29 [DEBUG] cshmd.analysis (__del_bond__)                                : del -> Si_O O_H H_O Ca_O C_O BO NBO
04/13 10:29 [DEBUG] cshmd.analysis (__initialize_mole__)                         : initalize -> H2O SiO4 OH CO3 H3O
04/13 10:29 [DEBUG] cshmd.analysis (__initialize_mole__)                         : initalize -> SiOH CaOH HCO3 H2CO3 H3CO3
04/13 10:29 [DEBUG] cshmd.analysis (__init__)                                    : C-S-H Model not setted
04/13 10:29 [DEBUG] cshmd.analysis (find_bond)                                   : find_bond O - H rcut -> 1.2
04/13 10:29 [DEBUG] cshmd.common (time_wrapper)                                  : [RUNTIME] get_distance_table in 0.800 seconds
04/13 10:29 [DEBUG] cshmd.analysis (get_mole)                                    : get_mole O - H -> nbonds: 2
04/13 10:29 [DEBUG] cshmd.analysis (find_bond)                                   : find_bond Si - O rcut -> 2.2
04/13 10:29 [DEBUG] cshmd.common (time_wrapper)                                  : [RUNTIME] get_distance_table in 0.262 seconds
04/13 10:29 [DEBUG] cshmd.analysis (get_mole)                                    : get_mole Si - O -> nbonds: 4
04/13 10:29 [DEBUG] cshmd.analysis (get_mole)                                    : get_mole O - H -> nbonds: 1
04/13 10:29 [DEBUG] cshmd.analysis (find_bond)                                   : find_bond C - O rcut -> 1.6
04/13 10:29 [DEBUG] cshmd.analysis (get_mole)                                    : get_mole C - O -> nbonds: 3
04/13 10:29 [DEBUG] cshmd.analysis (get_mole)                                    : get_mole O - H -> nbonds: 3
04/13 10:29 [DEBUG] cshmd.analysis (find_bond)                                   : find_bond Ca - O rcut -> 3.0
04/13 10:29 [DEBUG] cshmd.common (time_wrapper)                                  : [RUNTIME] get_distance_table in 0.364 seconds
04/13 10:29 [DEBUG] cshmd.analysis (search_basic)                                : Basic search result -> H2O: 832, SiO4: 512, OH: 128, CO3: 0, H3O: 0, Ca_O: 4544
04/13 10:29 [DEBUG] cshmd.analysis (full_search)                                 : Search layer details
04/13 10:29 [DEBUG] cshmd.analysis (find_bond)                                   : find_bond Ca - O rcut -> 3.0
04/13 10:29 [DEBUG] cshmd.analysis (find_bond)                                   : find_bond Si - O rcut -> 2.2
04/13 10:30 [DEBUG] cshmd.common (get_logger)                                    : $$$$$$$$$$$$$$  Logger 'cshmd.common........' initialized  $$$$$$$$$$$$$$
04/13 10:30 [DEBUG] cshmd.functions (get_logger)                                 : $$$$$$$$$$$$$$  Logger 'cshmd.functions.....' initialized  $$$$$$$$$$$$$$
04/13 10:30 [DEBUG] cshmd.load (get_logger)                                      : $$$$$$$$$$$$$$  Logger 'cshmd.load..........' initialized  $$$$$$$$$$$$$$
04/13 10:30 [DEBUG] cshmd.analysis (get_logger)                                  : $$$$$$$$$$$$$$  Logger 'cshmd.analysis......' initialized  $$$$$$$$$$$$$$
04/13 10:30 [DEBUG] cshmd.structure (get_logger)                                 : $$$$$$$$$$$$$$  Logger 'cshmd.structure.....' initialized  $$$$$$$$$$$$$$
04/13 10:30 [DEBUG] cshmd.builder (get_logger)                                   : $$$$$$$$$$$$$$  Logger 'cshmd.builder.......' initialized  $$$$$$$$$$$$$$
04/13 10:30 [DEBUG] cshmd.trj_analysis (get_logger)                              : $$$$$$$$$$$$$$  Logger 'cshmd.trj_analysis..' initialized  $$$$$$$$$$$$$$
04/13 10:30 [DEBUG] csh_info (get_logger)                                        : $$$$$$$$$$$$$$  Logger 'csh_info............' initialized  $$$$$$$$$$$$$$
04/13 10:30 [INFO] csh_info (main)                                               : Cif: L04.cif
04/13 10:30 [INFO] cshmd.structure (__init__)                                    : L04.cif was loaded
04/13 10:30 [DEBUG] cshmd.analysis (__init__)                                    : [Structure] Now new data setted for get Bonds
04/13 10:30 [DEBUG] cshmd.analysis (__del_bond__)                                : del -> Si_O O_H H_O Ca_O C_O BO NBO
04/13 10:30 [DEBUG] cshmd.analysis (__initialize_mole__)                         : initalize -> H2O SiO4 OH CO3 H3O
04/13 10:30 [DEBUG] cshmd.analysis (__initialize_mole__)                         : initalize -> SiOH CaOH HCO3 H2CO3 H3CO3
04/13 10:30 [DEBUG] cshmd.analysis (__init__)                                    : C-S-H Model not setted
04/13 10:30 [DEBUG] cshmd.analysis (find_bond)                                   : find_bond O - H rcut -> 1.2
04/13 10:30 [DEBUG] cshmd.common (time_wrapper)                                  : [RUNTIME] get_distance_table in 0.726 seconds
04/13 10:30 [DEBUG] cshmd.analysis (get_mole)                                    : get_mole O - H -> nbonds: 2
04/13 10:30 [DEBUG] cshmd.analysis (find_bond)                                   : find_bond Si - O rcut -> 2.2
04/13 10:30 [DEBUG] cshmd.common (time_wrapper)                                  : [RUNTIME] get_distance_table in 0.296 seconds
04/13 10:30 [DEBUG] cshmd.analysis (get_mole)                                    : get_mole Si - O -> nbonds: 4
04/13 10:30 [DEBUG] cshmd.analysis (get_mole)                                    : get_mole O - H -> nbonds: 1
04/13 10:30 [DEBUG] cshmd.analysis (find_bond)                                   : find_bond C - O rcut -> 1.6
04/13 10:30 [DEBUG] cshmd.analysis (get_mole)                                    : get_mole C - O -> nbonds: 3
04/13 10:30 [DEBUG] cshmd.analysis (get_mole)                                    : get_mole O - H -> nbonds: 3
04/13 10:30 [DEBUG] cshmd.analysis (find_bond)                                   : find_bond Ca - O rcut -> 3.0
04/13 10:30 [DEBUG] cshmd.common (time_wrapper)                                  : [RUNTIME] get_distance_table in 0.393 seconds
04/13 10:30 [DEBUG] cshmd.analysis (search_basic)                                : Basic search result -> H2O: 732, SiO4: 612, OH: 128, CO3: 0, H3O: 0, Ca_O: 4344
04/13 10:30 [DEBUG] cshmd.analysis (full_search)                                 : Search layer details
04/13 10:30 [DEBUG] cshmd.analysis (find_bond)                                   : find_bond Ca - O rcut -> 3.0
04/13 10:30 [DEBUG] cshmd.analysis (find_bond)                                   : find_bond Si - O rcut -> 2.2
04/13 10:30 [DEBUG] cshmd.common (get_logger)                                    : $$$$$$$$$$$$$$  Logger 'cshmd.common........' initialized  $$$$$$$$$$$$$$
04/13 10:30 [DEBUG] cshmd.functions (get_logger)                                 : $$$$$$$$$$$$$$  Logger 'cshmd.functions.....' initialized  $$$$$$$$$$$$$$
04/13 10:30 [DEBUG] cshmd.load (get_logger)                                      : $$$$$$$$$$$$$$  Logger 'cshmd.load..........' initialized  $$$$$$$$$$$$$$
04/13 10:30 [DEBUG] cshmd.analysis (get_logger)                                  : $$$$$$$$$$$$$$  Logger 'cshmd.analysis......' initialized  $$$$$$$$$$$$$$
04/13 10:30 [DEBUG] cshmd.structure (get_logger)                                 : $$$$$$$$$$$$$$  Logger 'cshmd.structure.....' initialized  $$$$$$$$$$$$$$
04/13 10:30 [DEBUG] cshmd.builder (get_logger)                                   : $$$$$$$$$$$$$$  Logger 'cshmd.builder.......' initialized  $$$$$$$$$$$$$$
04/13 10:30 [DEBUG] cshmd.trj_analysis (get_logger)                              : $$$$$$$$$$$$$$  Logger 'cshmd.trj_analysis..' initialized  $$$$$$$$$$$$$$
04/13 10:30 [DEBUG] csh_info (get_logger)                                        : $$$$$$$$$$$$$$  Logger 'csh_info............' initialized  $$$$$$$$$$$$$$
04/13 10:30 [INFO] csh_info (main)                                               : Cif: L06.cif
04/13 10:30 [INFO] cshmd.structure (__init__)                                    : L06.cif was loaded
04/13 10:30 [DEBUG] cshmd.analysis (__init__)                                    : [Structure] Now new data setted for get Bonds
04/13 10:30 [DEBUG] cshmd.analysis (__del_bond__)                                : del -> Si_O O_H H_O Ca_O C_O BO NBO
04/13 10:30 [DEBUG] cshmd.analysis (__initialize_mole__)                         : initalize -> H2O SiO4 OH CO3 H3O
04/13 10:30 [DEBUG] cshmd.analysis (__initialize_mole__)                         : initalize -> SiOH CaOH HCO3 H2CO3 H3CO3
04/13 10:30 [DEBUG] cshmd.analysis (__init__)                                    : C-S-H Model not setted
04/13 10:30 [DEBUG] cshmd.analysis (find_bond)                                   : find_bond O - H rcut -> 1.2
04/13 10:30 [DEBUG] cshmd.common (time_wrapper)                                  : [RUNTIME] get_distance_table in 0.693 seconds
04/13 10:30 [DEBUG] cshmd.analysis (get_mole)                                    : get_mole O - H -> nbonds: 2
04/13 10:30 [DEBUG] cshmd.analysis (find_bond)                                   : find_bond Si - O rcut -> 2.2
04/13 10:30 [DEBUG] cshmd.common (time_wrapper)                                  : [RUNTIME] get_distance_table in 0.309 seconds
04/13 10:30 [DEBUG] cshmd.analysis (get_mole)                                    : get_mole Si - O -> nbonds: 4
04/13 10:30 [DEBUG] cshmd.analysis (get_mole)                                    : get_mole O - H -> nbonds: 1
04/13 10:30 [DEBUG] cshmd.analysis (find_bond)                                   : find_bond C - O rcut -> 1.6
04/13 10:30 [DEBUG] cshmd.analysis (get_mole)                                    : get_mole C - O -> nbonds: 3
04/13 10:30 [DEBUG] cshmd.analysis (get_mole)                                    : get_mole O - H -> nbonds: 3
04/13 10:30 [DEBUG] cshmd.analysis (find_bond)                                   : find_bond Ca - O rcut -> 3.0
04/13 10:30 [DEBUG] cshmd.common (time_wrapper)                                  : [RUNTIME] get_distance_table in 0.350 seconds
04/13 10:30 [DEBUG] cshmd.analysis (search_basic)                                : Basic search result -> H2O: 688, SiO4: 656, OH: 128, CO3: 0, H3O: 0, Ca_O: 4256
04/13 10:30 [DEBUG] cshmd.analysis (full_search)                                 : Search layer details
04/13 10:30 [DEBUG] cshmd.analysis (find_bond)                                   : find_bond Ca - O rcut -> 3.0
04/13 10:30 [DEBUG] cshmd.analysis (find_bond)                                   : find_bond Si - O rcut -> 2.2
04/13 10:41 [DEBUG] cshmd.common (get_logger)                                    : $$$$$$$$$$$$$$  Logger 'cshmd.common........' initialized  $$$$$$$$$$$$$$
04/13 10:41 [DEBUG] cshmd.functions (get_logger)                                 : $$$$$$$$$$$$$$  Logger 'cshmd.functions.....' initialized  $$$$$$$$$$$$$$
04/13 10:41 [DEBUG] cshmd.load (get_logger)                                      : $$$$$$$$$$$$$$  Logger 'cshmd.load..........' initialized  $$$$$$$$$$$$$$
04/13 10:41 [DEBUG] cshmd.analysis (get_logger)                                  : $$$$$$$$$$$$$$  Logger 'cshmd.analysis......' initialized  $$$$$$$$$$$$$$
04/13 10:41 [DEBUG] cshmd.structure (get_logger)                                 : $$$$$$$$$$$$$$  Logger 'cshmd.structure.....' initialized  $$$$$$$$$$$$$$
04/13 10:41 [DEBUG] cshmd.builder (get_logger)                                   : $$$$$$$$$$$$$$  Logger 'cshmd.builder.......' initialized  $$$$$$$$$$$$$$
04/13 10:41 [DEBUG] cshmd.trj_analysis (get_logger)                              : $$$$$$$$$$$$$$  Logger 'cshmd.trj_analysis..' initialized  $$$$$$$$$$$$$$
04/13 10:41 [DEBUG] csh_builder (get_logger)                                     : $$$$$$$$$$$$$$  Logger 'csh_builder.........' initialized  $$$$$$$$$$$$$$
04/13 10:41 [INFO] csh_builder (main)                                            : ----------------------------------------------------------------------
04/13 10:41 [INFO] csh_builder (main)                                            : 'tesy.yaml' loaded
04/13 10:41 [INFO] cshmd.structure (__init__)                                    : /Users/kimuni/bin/kimuni/cshmd/data/resources/cif/T14_111_term.cif was loaded
04/13 10:41 [DEBUG] cshmd.analysis (__init__)                                    : [Structure] Now new data setted for get Bonds
04/13 10:41 [DEBUG] cshmd.analysis (__del_bond__)                                : del -> Si_O O_H H_O Ca_O C_O BO NBO
04/13 10:41 [DEBUG] cshmd.analysis (__initialize_mole__)                         : initalize -> H2O SiO4 OH CO3 H3O
04/13 10:41 [DEBUG] cshmd.analysis (__initialize_mole__)                         : initalize -> SiOH CaOH HCO3 H2CO3 H3CO3
04/13 10:41 [DEBUG] cshmd.analysis (__init__)                                    : C-S-H Model not setted
04/13 10:41 [DEBUG] cshmd.analysis (find_bond)                                   : find_bond O - H rcut -> 1.2
04/13 10:41 [DEBUG] cshmd.common (time_wrapper)                                  : [RUNTIME] get_distance_table in 0.001 seconds
04/13 10:41 [DEBUG] cshmd.analysis (get_mole)                                    : get_mole O - H -> nbonds: 2
04/13 10:41 [DEBUG] cshmd.analysis (find_bond)                                   : find_bond Si - O rcut -> 2.2
04/13 10:41 [DEBUG] cshmd.common (time_wrapper)                                  : [RUNTIME] get_distance_table in 0.000 seconds
04/13 10:41 [DEBUG] cshmd.analysis (get_mole)                                    : get_mole Si - O -> nbonds: 4
04/13 10:41 [DEBUG] cshmd.analysis (get_mole)                                    : get_mole O - H -> nbonds: 1
04/13 10:41 [DEBUG] cshmd.analysis (find_bond)                                   : find_bond C - O rcut -> 1.6
04/13 10:41 [DEBUG] cshmd.analysis (get_mole)                                    : get_mole C - O -> nbonds: 3
04/13 10:41 [DEBUG] cshmd.analysis (get_mole)                                    : get_mole O - H -> nbonds: 3
04/13 10:41 [DEBUG] cshmd.analysis (find_bond)                                   : find_bond Ca - O rcut -> 3.0
04/13 10:41 [DEBUG] cshmd.common (time_wrapper)                                  : [RUNTIME] get_distance_table in 0.000 seconds
04/13 10:41 [DEBUG] cshmd.analysis (search_basic)                                : Basic search result -> H2O: 9, SiO4: 12, OH: 2, CO3: 0, H3O: 0, Ca_O: 60
04/13 10:41 [DEBUG] cshmd.analysis (full_search)                                 : Search layer details
04/13 10:41 [DEBUG] cshmd.analysis (find_bond)                                   : find_bond Ca - O rcut -> 3.0
04/13 10:41 [DEBUG] cshmd.analysis (find_bond)                                   : find_bond Si - O rcut -> 2.2
04/13 10:42 [DEBUG] cshmd.common (get_logger)                                    : $$$$$$$$$$$$$$  Logger 'cshmd.common........' initialized  $$$$$$$$$$$$$$
04/13 10:42 [DEBUG] cshmd.functions (get_logger)                                 : $$$$$$$$$$$$$$  Logger 'cshmd.functions.....' initialized  $$$$$$$$$$$$$$
04/13 10:42 [DEBUG] cshmd.load (get_logger)                                      : $$$$$$$$$$$$$$  Logger 'cshmd.load..........' initialized  $$$$$$$$$$$$$$
04/13 10:42 [DEBUG] cshmd.analysis (get_logger)                                  : $$$$$$$$$$$$$$  Logger 'cshmd.analysis......' initialized  $$$$$$$$$$$$$$
04/13 10:42 [DEBUG] cshmd.structure (get_logger)                                 : $$$$$$$$$$$$$$  Logger 'cshmd.structure.....' initialized  $$$$$$$$$$$$$$
04/13 10:42 [DEBUG] cshmd.builder (get_logger)                                   : $$$$$$$$$$$$$$  Logger 'cshmd.builder.......' initialized  $$$$$$$$$$$$$$
04/13 10:42 [DEBUG] cshmd.trj_analysis (get_logger)                              : $$$$$$$$$$$$$$  Logger 'cshmd.trj_analysis..' initialized  $$$$$$$$$$$$$$
04/13 10:42 [DEBUG] csh_builder (get_logger)                                     : $$$$$$$$$$$$$$  Logger 'csh_builder.........' initialized  $$$$$$$$$$$$$$
04/13 10:42 [INFO] csh_builder (main)                                            : ----------------------------------------------------------------------
04/13 10:42 [INFO] csh_builder (main)                                            : 'tesy.yaml' loaded
04/13 10:42 [INFO] cshmd.structure (__init__)                                    : /Users/kimuni/bin/kimuni/cshmd/data/resources/cif/T14_111_term.cif was loaded
04/13 10:42 [DEBUG] cshmd.analysis (__init__)                                    : [Structure] Now new data setted for get Bonds
04/13 10:42 [DEBUG] cshmd.analysis (__del_bond__)                                : del -> Si_O O_H H_O Ca_O C_O BO NBO
04/13 10:42 [DEBUG] cshmd.analysis (__initialize_mole__)                         : initalize -> H2O SiO4 OH CO3 H3O
04/13 10:42 [DEBUG] cshmd.analysis (__initialize_mole__)                         : initalize -> SiOH CaOH HCO3 H2CO3 H3CO3
04/13 10:42 [DEBUG] cshmd.analysis (__init__)                                    : C-S-H Model not setted
04/13 10:42 [DEBUG] cshmd.analysis (find_bond)                                   : find_bond O - H rcut -> 1.2
04/13 10:42 [DEBUG] cshmd.common (time_wrapper)                                  : [RUNTIME] get_distance_table in 0.001 seconds
04/13 10:42 [DEBUG] cshmd.analysis (get_mole)                                    : get_mole O - H -> nbonds: 2
04/13 10:42 [DEBUG] cshmd.analysis (find_bond)                                   : find_bond Si - O rcut -> 2.2
04/13 10:42 [DEBUG] cshmd.common (time_wrapper)                                  : [RUNTIME] get_distance_table in 0.000 seconds
04/13 10:42 [DEBUG] cshmd.analysis (get_mole)                                    : get_mole Si - O -> nbonds: 4
04/13 10:42 [DEBUG] cshmd.analysis (get_mole)                                    : get_mole O - H -> nbonds: 1
04/13 10:42 [DEBUG] cshmd.analysis (find_bond)                                   : find_bond C - O rcut -> 1.6
04/13 10:42 [DEBUG] cshmd.analysis (get_mole)                                    : get_mole C - O -> nbonds: 3
04/13 10:42 [DEBUG] cshmd.analysis (get_mole)                                    : get_mole O - H -> nbonds: 3
04/13 10:42 [DEBUG] cshmd.analysis (find_bond)                                   : find_bond Ca - O rcut -> 3.0
04/13 10:42 [DEBUG] cshmd.common (time_wrapper)                                  : [RUNTIME] get_distance_table in 0.000 seconds
04/13 10:42 [DEBUG] cshmd.analysis (search_basic)                                : Basic search result -> H2O: 9, SiO4: 12, OH: 2, CO3: 0, H3O: 0, Ca_O: 60
04/13 10:42 [DEBUG] cshmd.analysis (full_search)                                 : Search layer details
04/13 10:42 [DEBUG] cshmd.analysis (find_bond)                                   : find_bond Ca - O rcut -> 3.0
04/13 10:42 [DEBUG] cshmd.analysis (find_bond)                                   : find_bond Si - O rcut -> 2.2
04/13 10:42 [DEBUG] cshmd.analysis (__detail_search_oh_co3)                      : No CO3 in basic search
04/13 10:42 [DEBUG] cshmd.analysis (__detail_search_oh_sioh)                     : Searching 'OH' in 'SiO4
04/13 10:42 [DEBUG] cshmd.analysis (__detail_search_oh_caoh)                     : No CaOH in basic search. RETURN
04/13 10:42 [INFO] cshmd.analysis (Qn)                                           : [Structure] Q2: 1.000
04/13 10:42 [INFO] cshmd.analysis (CS)                                           : [Structure] C/S: 0.750
04/13 10:42 [INFO] cshmd.analysis (validate_tetra)                               : [Structure] BT: 4, PT: 8
04/13 10:42 [INFO] cshmd.analysis (MCL)                                          : [Structure] MCL: inf
04/13 10:42 [DEBUG] cshmd.analysis (__init__)                                    : <class 'cshmd.analysis.Chain'> loaded
04/13 10:42 [DEBUG] cshmd.analysis (__init__)                                    : <class 'cshmd.analysis.Chain'> loaded
04/13 10:42 [DEBUG] cshmd.analysis (__init__)                                    : <class 'cshmd.analysis.Chain'> loaded
04/13 10:42 [DEBUG] cshmd.analysis (__init__)                                    : <class 'cshmd.analysis.Chain'> loaded
04/13 10:42 [INFO] cshmd.analysis (validate_tetra)                               : [Structure] CL : Length 3: 1
04/13 10:42 [INFO] cshmd.analysis (validate_tetra)                               : [Structure] MCL : 3.0
04/13 10:42 [INFO] cshmd.structure (__init__)                                    : /Users/kimuni/bin/kimuni/cshmd/data/resources/cif/T14_111_term.cif was loaded
04/13 10:42 [DEBUG] cshmd.analysis (__init__)                                    : [Structure] Now new data setted for get Bonds
04/13 10:42 [DEBUG] cshmd.analysis (__del_bond__)                                : del -> Si_O O_H H_O Ca_O C_O BO NBO
04/13 10:42 [DEBUG] cshmd.analysis (__initialize_mole__)                         : initalize -> H2O SiO4 OH CO3 H3O
04/13 10:42 [DEBUG] cshmd.analysis (__initialize_mole__)                         : initalize -> SiOH CaOH HCO3 H2CO3 H3CO3
04/13 10:42 [DEBUG] cshmd.analysis (find_bond)                                   : find_bond O - H rcut -> 1.2
04/13 10:42 [DEBUG] cshmd.common (time_wrapper)                                  : [RUNTIME] get_distance_table in 0.000 seconds
04/13 10:42 [DEBUG] cshmd.analysis (get_mole)                                    : get_mole O - H -> nbonds: 2
04/13 10:42 [DEBUG] cshmd.analysis (find_bond)                                   : find_bond Si - O rcut -> 2.2
04/13 10:42 [DEBUG] cshmd.common (time_wrapper)                                  : [RUNTIME] get_distance_table in 0.000 seconds
04/13 10:42 [DEBUG] cshmd.analysis (get_mole)                                    : get_mole Si - O -> nbonds: 4
04/13 10:42 [DEBUG] cshmd.analysis (get_mole)                                    : get_mole O - H -> nbonds: 1
04/13 10:42 [DEBUG] cshmd.analysis (find_bond)                                   : find_bond C - O rcut -> 1.6
04/13 10:42 [DEBUG] cshmd.analysis (get_mole)                                    : get_mole C - O -> nbonds: 3
04/13 10:42 [DEBUG] cshmd.analysis (get_mole)                                    : get_mole O - H -> nbonds: 3
04/13 10:42 [DEBUG] cshmd.analysis (find_bond)                                   : find_bond Ca - O rcut -> 3.0
04/13 10:42 [DEBUG] cshmd.common (time_wrapper)                                  : [RUNTIME] get_distance_table in 0.000 seconds
04/13 10:42 [DEBUG] cshmd.analysis (search_basic)                                : Basic search result -> H2O: 9, SiO4: 12, OH: 2, CO3: 0, H3O: 0, Ca_O: 60
04/13 10:42 [DEBUG] cshmd.analysis (full_search)                                 : Search layer details
04/13 10:42 [DEBUG] cshmd.analysis (find_bond)                                   : find_bond Ca - O rcut -> 3.0
04/13 10:42 [DEBUG] cshmd.analysis (find_bond)                                   : find_bond Si - O rcut -> 2.2
04/13 10:42 [DEBUG] cshmd.analysis (__detail_search_oh_co3)                      : No CO3 in basic search
04/13 10:42 [DEBUG] cshmd.analysis (__detail_search_oh_sioh)                     : Searching 'OH' in 'SiO4
04/13 10:42 [DEBUG] cshmd.analysis (__detail_search_oh_caoh)                     : No CaOH in basic search. RETURN
04/13 10:42 [INFO] cshmd.analysis (Qn)                                           : [Structure] Q2: 1.000
04/13 10:42 [INFO] cshmd.analysis (CS)                                           : [Structure] C/S: 0.750
04/13 10:42 [INFO] cshmd.analysis (validate_tetra)                               : [Structure] BT: 4, PT: 8
04/13 10:42 [INFO] cshmd.analysis (MCL)                                          : [Structure] MCL: inf
04/13 10:42 [DEBUG] cshmd.analysis (__init__)                                    : <class 'cshmd.analysis.Chain'> loaded
04/13 10:42 [DEBUG] cshmd.analysis (__init__)                                    : <class 'cshmd.analysis.Chain'> loaded
04/13 10:42 [DEBUG] cshmd.analysis (__init__)                                    : <class 'cshmd.analysis.Chain'> loaded
04/13 10:42 [DEBUG] cshmd.analysis (__init__)                                    : <class 'cshmd.analysis.Chain'> loaded
04/13 10:42 [INFO] cshmd.analysis (validate_tetra)                               : [Structure] CL : Length 3: 1
04/13 10:42 [INFO] cshmd.analysis (validate_tetra)                               : [Structure] MCL : 3.0
04/13 10:42 [INFO] csh_builder (main)                                            : [Structure] Reading command 'supercell'...
04/13 10:42 [INFO] cshmd.structure (makeSupercell)                               : [Structure] Supercell created 2 * 2 * 1
04/13 10:42 [DEBUG] cshmd.analysis (__init__)                                    : [Structure] Now new data setted for get Bonds
04/13 10:42 [DEBUG] cshmd.analysis (__del_bond__)                                : del -> Si_O O_H H_O Ca_O C_O BO NBO
04/13 10:42 [DEBUG] cshmd.analysis (__initialize_mole__)                         : initalize -> H2O SiO4 OH CO3 H3O
04/13 10:42 [DEBUG] cshmd.analysis (__initialize_mole__)                         : initalize -> SiOH CaOH HCO3 H2CO3 H3CO3
04/13 10:42 [DEBUG] cshmd.analysis (find_bond)                                   : find_bond O - H rcut -> 1.2
04/13 10:42 [DEBUG] cshmd.common (time_wrapper)                                  : [RUNTIME] get_distance_table in 0.003 seconds
04/13 10:42 [DEBUG] cshmd.analysis (get_mole)                                    : get_mole O - H -> nbonds: 2
04/13 10:42 [DEBUG] cshmd.analysis (find_bond)                                   : find_bond Si - O rcut -> 2.2
04/13 10:42 [DEBUG] cshmd.common (time_wrapper)                                  : [RUNTIME] get_distance_table in 0.001 seconds
04/13 10:42 [DEBUG] cshmd.analysis (get_mole)                                    : get_mole Si - O -> nbonds: 4
04/13 10:42 [DEBUG] cshmd.analysis (get_mole)                                    : get_mole O - H -> nbonds: 1
04/13 10:42 [DEBUG] cshmd.analysis (find_bond)                                   : find_bond C - O rcut -> 1.6
04/13 10:42 [DEBUG] cshmd.analysis (get_mole)                                    : get_mole C - O -> nbonds: 3
04/13 10:42 [DEBUG] cshmd.analysis (get_mole)                                    : get_mole O - H -> nbonds: 3
04/13 10:42 [DEBUG] cshmd.analysis (find_bond)                                   : find_bond Ca - O rcut -> 3.0
04/13 10:42 [DEBUG] cshmd.common (time_wrapper)                                  : [RUNTIME] get_distance_table in 0.001 seconds
04/13 10:42 [DEBUG] cshmd.analysis (search_basic)                                : Basic search result -> H2O: 36, SiO4: 48, OH: 8, CO3: 0, H3O: 0, Ca_O: 240
04/13 10:42 [DEBUG] cshmd.analysis (full_search)                                 : Search layer details
04/13 10:42 [DEBUG] cshmd.analysis (find_bond)                                   : find_bond Ca - O rcut -> 3.0
04/13 10:42 [DEBUG] cshmd.analysis (find_bond)                                   : find_bond Si - O rcut -> 2.2
04/13 10:42 [DEBUG] cshmd.analysis (__detail_search_oh_co3)                      : No CO3 in basic search
04/13 10:42 [DEBUG] cshmd.analysis (__detail_search_oh_sioh)                     : Searching 'OH' in 'SiO4
04/13 10:42 [DEBUG] cshmd.analysis (__detail_search_oh_caoh)                     : No CaOH in basic search. RETURN
04/13 10:42 [INFO] cshmd.analysis (Qn)                                           : [Structure] Q2: 1.000
04/13 10:42 [INFO] cshmd.analysis (CS)                                           : [Structure] C/S: 0.750
04/13 10:42 [INFO] cshmd.analysis (validate_tetra)                               : [Structure] BT: 16, PT: 32
04/13 10:42 [INFO] cshmd.analysis (MCL)                                          : [Structure] MCL: inf
04/13 10:42 [DEBUG] cshmd.analysis (__init__)                                    : <class 'cshmd.analysis.Chain'> loaded
04/13 10:42 [DEBUG] cshmd.analysis (__init__)                                    : <class 'cshmd.analysis.Chain'> loaded
04/13 10:42 [DEBUG] cshmd.analysis (__init__)                                    : <class 'cshmd.analysis.Chain'> loaded
04/13 10:42 [DEBUG] cshmd.analysis (__init__)                                    : <class 'cshmd.analysis.Chain'> loaded
04/13 10:42 [INFO] cshmd.analysis (validate_tetra)                               : [Structure] CL : Length 6: 2
04/13 10:42 [INFO] cshmd.analysis (validate_tetra)                               : [Structure] MCL : 6.0
04/13 10:42 [INFO] cshmd.builder (update_manager)                                : [Structure] Number of atoms: 86 -> 344
04/13 10:42 [INFO] csh_builder (main)                                            : [Structure] Reading command 'defect_BT'...
04/13 10:42 [INFO] cshmd.builder (defect_BT)                                     : [Structure] Termination scope: False
04/13 10:42 [INFO] cshmd.builder (defect_BT)                                     : [Structure] Exists 4 Bridging Tetra in 'up' side
04/13 10:42 [INFO] cshmd.structure (add_Ca)                                      : [Structure] Add Ca
04/13 10:42 [INFO] cshmd.builder (defect_BT)                                     : [Structure] Exists 4 Bridging Tetra in 'down' side
04/13 10:42 [INFO] cshmd.structure (add_Ca)                                      : [Structure] Add Ca
04/13 10:42 [INFO] cshmd.builder (defect_BT)                                     : [Structure] Termination scope: False
04/13 10:42 [INFO] cshmd.builder (defect_BT)                                     : [Structure] Exists 4 Bridging Tetra in 'down' side
04/13 10:42 [INFO] cshmd.structure (add_Ca)                                      : [Structure] Add Ca with 1 OH and with 2 H2O
04/13 10:42 [INFO] cshmd.builder (defect_BT)                                     : [Structure] Exists 4 Bridging Tetra in 'up' side
04/13 10:42 [INFO] cshmd.structure (add_Ca)                                      : [Structure] Add Ca with 1 OH and with 2 H2O
04/13 10:42 [INFO] cshmd.structure (check_rm_list)                               : Delete 56 atoms in rm_list
04/13 10:42 [DEBUG] cshmd.analysis (__init__)                                    : [Structure] Now new data setted for get Bonds
04/13 10:42 [DEBUG] cshmd.analysis (__del_bond__)                                : del -> Si_O O_H H_O Ca_O C_O BO NBO
04/13 10:42 [DEBUG] cshmd.analysis (__initialize_mole__)                         : initalize -> H2O SiO4 OH CO3 H3O
04/13 10:42 [DEBUG] cshmd.analysis (__initialize_mole__)                         : initalize -> SiOH CaOH HCO3 H2CO3 H3CO3
04/13 10:42 [DEBUG] cshmd.analysis (find_bond)                                   : find_bond O - H rcut -> 1.2
04/13 10:42 [DEBUG] cshmd.common (time_wrapper)                                  : [RUNTIME] get_distance_table in 0.003 seconds
04/13 10:42 [DEBUG] cshmd.analysis (get_mole)                                    : get_mole O - H -> nbonds: 2
04/13 10:42 [DEBUG] cshmd.analysis (find_bond)                                   : find_bond Si - O rcut -> 2.2
04/13 10:42 [DEBUG] cshmd.common (time_wrapper)                                  : [RUNTIME] get_distance_table in 0.001 seconds
04/13 10:42 [DEBUG] cshmd.analysis (get_mole)                                    : get_mole Si - O -> nbonds: 4
04/13 10:42 [DEBUG] cshmd.analysis (get_mole)                                    : get_mole O - H -> nbonds: 1
04/13 10:42 [DEBUG] cshmd.analysis (find_bond)                                   : find_bond C - O rcut -> 1.6
04/13 10:42 [DEBUG] cshmd.analysis (get_mole)                                    : get_mole C - O -> nbonds: 3
04/13 10:42 [DEBUG] cshmd.analysis (get_mole)                                    : get_mole O - H -> nbonds: 3
04/13 10:42 [DEBUG] cshmd.analysis (find_bond)                                   : find_bond Ca - O rcut -> 3.0
04/13 10:42 [DEBUG] cshmd.common (time_wrapper)                                  : [RUNTIME] get_distance_table in 0.001 seconds
04/13 10:42 [DEBUG] cshmd.analysis (search_basic)                                : Basic search result -> H2O: 52, SiO4: 32, OH: 8, CO3: 0, H3O: 0, Ca_O: 284
04/13 10:42 [DEBUG] cshmd.analysis (full_search)                                 : Search layer details
04/13 10:42 [DEBUG] cshmd.analysis (find_bond)                                   : find_bond Ca - O rcut -> 3.0
04/13 10:42 [DEBUG] cshmd.analysis (find_bond)                                   : find_bond Si - O rcut -> 2.2
04/13 10:42 [DEBUG] cshmd.analysis (__detail_search_oh_co3)                      : No CO3 in basic search
04/13 10:42 [DEBUG] cshmd.analysis (__detail_search_oh_sioh)                     : Searching 'OH' in 'SiO4
04/13 10:42 [DEBUG] cshmd.analysis (__detail_search_oh_caoh)                     : Searching 'OH' in 'CaOH
04/13 10:42 [INFO] cshmd.analysis (Qn)                                           : [Structure] Q1: 1.000
04/13 10:42 [INFO] cshmd.analysis (CS)                                           : [Structure] C/S: 1.375
04/13 10:42 [INFO] cshmd.analysis (validate_tetra)                               : [Structure] BT: 0, PT: 32
04/13 10:42 [INFO] cshmd.analysis (MCL)                                          : [Structure] MCL: 1.000
04/13 10:42 [DEBUG] cshmd.analysis (__init__)                                    : <class 'cshmd.analysis.Chain'> loaded
04/13 10:42 [DEBUG] cshmd.analysis (__init__)                                    : <class 'cshmd.analysis.Chain'> loaded
04/13 10:42 [DEBUG] cshmd.analysis (__init__)                                    : <class 'cshmd.analysis.Chain'> loaded
04/13 10:42 [DEBUG] cshmd.analysis (__init__)                                    : <class 'cshmd.analysis.Chain'> loaded
04/13 10:42 [INFO] cshmd.analysis (validate_tetra)                               : [Structure] CL : Length 2: 4
04/13 10:42 [INFO] cshmd.analysis (validate_tetra)                               : [Structure] MCL : 2.0
04/13 10:42 [INFO] cshmd.builder (update_manager)                                : [Structure] Number of atoms: 344 -> 368
04/13 10:42 [INFO] csh_builder (main)                                            : [Structure] Reading command 'terminate_NBO'...
04/13 10:42 [INFO] cshmd.builder (terminate_NBO)                                 : Do not run terminate, ratio == 0
04/13 10:42 [INFO] csh_builder (main)                                            : [Structure] Reading command 'add_BT'...
04/13 10:42 [INFO] cshmd.builder (add_BT)                                        : [WARNING] No Bridging Tetra exists
04/13 10:42 [DEBUG] cshmd.analysis (__init__)                                    : [Structure] Now new data setted for get Bonds
04/13 10:42 [DEBUG] cshmd.analysis (__del_bond__)                                : del -> Si_O O_H H_O Ca_O C_O BO NBO
04/13 10:42 [DEBUG] cshmd.analysis (__initialize_mole__)                         : initalize -> H2O SiO4 OH CO3 H3O
04/13 10:42 [DEBUG] cshmd.analysis (__initialize_mole__)                         : initalize -> SiOH CaOH HCO3 H2CO3 H3CO3
04/13 10:42 [DEBUG] cshmd.analysis (find_bond)                                   : find_bond O - H rcut -> 1.2
04/13 10:42 [DEBUG] cshmd.common (time_wrapper)                                  : [RUNTIME] get_distance_table in 0.003 seconds
04/13 10:42 [DEBUG] cshmd.analysis (get_mole)                                    : get_mole O - H -> nbonds: 2
04/13 10:42 [DEBUG] cshmd.analysis (find_bond)                                   : find_bond Si - O rcut -> 2.2
04/13 10:42 [DEBUG] cshmd.common (time_wrapper)                                  : [RUNTIME] get_distance_table in 0.001 seconds
04/13 10:42 [DEBUG] cshmd.analysis (get_mole)                                    : get_mole Si - O -> nbonds: 4
04/13 10:42 [DEBUG] cshmd.analysis (get_mole)                                    : get_mole O - H -> nbonds: 1
04/13 10:42 [DEBUG] cshmd.analysis (find_bond)                                   : find_bond C - O rcut -> 1.6
04/13 10:42 [DEBUG] cshmd.analysis (get_mole)                                    : get_mole C - O -> nbonds: 3
04/13 10:42 [DEBUG] cshmd.analysis (get_mole)                                    : get_mole O - H -> nbonds: 3
04/13 10:42 [DEBUG] cshmd.analysis (find_bond)                                   : find_bond Ca - O rcut -> 3.0
04/13 10:42 [DEBUG] cshmd.common (time_wrapper)                                  : [RUNTIME] get_distance_table in 0.001 seconds
04/13 10:42 [DEBUG] cshmd.analysis (search_basic)                                : Basic search result -> H2O: 52, SiO4: 32, OH: 8, CO3: 0, H3O: 0, Ca_O: 284
04/13 10:42 [DEBUG] cshmd.analysis (full_search)                                 : Search layer details
04/13 10:42 [DEBUG] cshmd.analysis (find_bond)                                   : find_bond Ca - O rcut -> 3.0
04/13 10:42 [DEBUG] cshmd.analysis (find_bond)                                   : find_bond Si - O rcut -> 2.2
04/13 10:42 [DEBUG] cshmd.analysis (__detail_search_oh_co3)                      : No CO3 in basic search
04/13 10:42 [DEBUG] cshmd.analysis (__detail_search_oh_sioh)                     : Searching 'OH' in 'SiO4
04/13 10:42 [DEBUG] cshmd.analysis (__detail_search_oh_caoh)                     : Searching 'OH' in 'CaOH
04/13 10:42 [INFO] cshmd.analysis (Qn)                                           : [Structure] Q1: 1.000
04/13 10:42 [INFO] cshmd.analysis (CS)                                           : [Structure] C/S: 1.375
04/13 10:42 [INFO] cshmd.analysis (validate_tetra)                               : [Structure] BT: 0, PT: 32
04/13 10:42 [INFO] cshmd.analysis (MCL)                                          : [Structure] MCL: 1.000
04/13 10:42 [DEBUG] cshmd.analysis (__init__)                                    : <class 'cshmd.analysis.Chain'> loaded
04/13 10:42 [DEBUG] cshmd.analysis (__init__)                                    : <class 'cshmd.analysis.Chain'> loaded
04/13 10:42 [DEBUG] cshmd.analysis (__init__)                                    : <class 'cshmd.analysis.Chain'> loaded
04/13 10:42 [DEBUG] cshmd.analysis (__init__)                                    : <class 'cshmd.analysis.Chain'> loaded
04/13 10:42 [INFO] cshmd.analysis (validate_tetra)                               : [Structure] CL : Length 2: 4
04/13 10:42 [INFO] cshmd.analysis (validate_tetra)                               : [Structure] MCL : 2.0
04/13 10:42 [INFO] cshmd.structure (writeCif)                                    : tesy.cif was created
04/13 10:42 [INFO] cshmd.builder (out_model)                                     : Total Charge: 0
04/13 10:42 [INFO] csh_builder (main)                                            : ----------------------------------------------------------------------
04/13 10:43 [DEBUG] cshmd.common (get_logger)                                    : $$$$$$$$$$$$$$  Logger 'cshmd.common........' initialized  $$$$$$$$$$$$$$
04/13 10:43 [DEBUG] cshmd.functions (get_logger)                                 : $$$$$$$$$$$$$$  Logger 'cshmd.functions.....' initialized  $$$$$$$$$$$$$$
04/13 10:43 [DEBUG] cshmd.load (get_logger)                                      : $$$$$$$$$$$$$$  Logger 'cshmd.load..........' initialized  $$$$$$$$$$$$$$
04/13 10:43 [DEBUG] cshmd.analysis (get_logger)                                  : $$$$$$$$$$$$$$  Logger 'cshmd.analysis......' initialized  $$$$$$$$$$$$$$
04/13 10:43 [DEBUG] cshmd.structure (get_logger)                                 : $$$$$$$$$$$$$$  Logger 'cshmd.structure.....' initialized  $$$$$$$$$$$$$$
04/13 10:43 [DEBUG] cshmd.builder (get_logger)                                   : $$$$$$$$$$$$$$  Logger 'cshmd.builder.......' initialized  $$$$$$$$$$$$$$
04/13 10:43 [DEBUG] cshmd.trj_analysis (get_logger)                              : $$$$$$$$$$$$$$  Logger 'cshmd.trj_analysis..' initialized  $$$$$$$$$$$$$$
04/13 10:43 [DEBUG] csh_builder (get_logger)                                     : $$$$$$$$$$$$$$  Logger 'csh_builder.........' initialized  $$$$$$$$$$$$$$
04/13 10:43 [INFO] csh_builder (main)                                            : ----------------------------------------------------------------------
04/13 10:43 [INFO] csh_builder (main)                                            : 'tesy.yaml' loaded
04/13 10:43 [INFO] cshmd.structure (__init__)                                    : /Users/kimuni/bin/kimuni/cshmd/data/resources/cif/T14_111_term.cif was loaded
04/13 10:43 [DEBUG] cshmd.analysis (__init__)                                    : [Structure] Now new data setted for get Bonds
04/13 10:43 [DEBUG] cshmd.analysis (__del_bond__)                                : del -> Si_O O_H H_O Ca_O C_O BO NBO
04/13 10:43 [DEBUG] cshmd.analysis (__initialize_mole__)                         : initalize -> H2O SiO4 OH CO3 H3O
04/13 10:43 [DEBUG] cshmd.analysis (__initialize_mole__)                         : initalize -> SiOH CaOH HCO3 H2CO3 H3CO3
04/13 10:43 [DEBUG] cshmd.analysis (__init__)                                    : C-S-H Model not setted
04/13 10:43 [DEBUG] cshmd.analysis (find_bond)                                   : find_bond O - H rcut -> 1.2
04/13 10:43 [DEBUG] cshmd.common (time_wrapper)                                  : [RUNTIME] get_distance_table in 0.001 seconds
04/13 10:43 [DEBUG] cshmd.analysis (get_mole)                                    : get_mole O - H -> nbonds: 2
04/13 10:43 [DEBUG] cshmd.analysis (find_bond)                                   : find_bond Si - O rcut -> 2.2
04/13 10:43 [DEBUG] cshmd.common (time_wrapper)                                  : [RUNTIME] get_distance_table in 0.000 seconds
04/13 10:43 [DEBUG] cshmd.analysis (get_mole)                                    : get_mole Si - O -> nbonds: 4
04/13 10:43 [DEBUG] cshmd.analysis (get_mole)                                    : get_mole O - H -> nbonds: 1
04/13 10:43 [DEBUG] cshmd.analysis (find_bond)                                   : find_bond C - O rcut -> 1.6
04/13 10:43 [DEBUG] cshmd.analysis (get_mole)                                    : get_mole C - O -> nbonds: 3
04/13 10:43 [DEBUG] cshmd.analysis (get_mole)                                    : get_mole O - H -> nbonds: 3
04/13 10:43 [DEBUG] cshmd.analysis (find_bond)                                   : find_bond Ca - O rcut -> 3.0
04/13 10:43 [DEBUG] cshmd.common (time_wrapper)                                  : [RUNTIME] get_distance_table in 0.000 seconds
04/13 10:43 [DEBUG] cshmd.analysis (search_basic)                                : Basic search result -> H2O: 9, SiO4: 12, OH: 2, CO3: 0, H3O: 0, Ca_O: 60
04/13 10:43 [DEBUG] cshmd.analysis (full_search)                                 : Search layer details
04/13 10:43 [DEBUG] cshmd.analysis (find_bond)                                   : find_bond Ca - O rcut -> 3.0
04/13 10:43 [DEBUG] cshmd.analysis (find_bond)                                   : find_bond Si - O rcut -> 2.2
04/13 10:43 [DEBUG] cshmd.analysis (__detail_search_oh_co3)                      : No CO3 in basic search
04/13 10:43 [DEBUG] cshmd.analysis (__detail_search_oh_sioh)                     : Searching 'OH' in 'SiO4
04/13 10:43 [DEBUG] cshmd.analysis (__detail_search_oh_caoh)                     : No CaOH in basic search. RETURN
04/13 10:43 [INFO] cshmd.analysis (Qn)                                           : [Structure] Q2: 1.000
04/13 10:43 [INFO] cshmd.analysis (CS)                                           : [Structure] C/S: 0.750
04/13 10:43 [INFO] cshmd.analysis (validate_tetra)                               : [Structure] BT: 4, PT: 8
04/13 10:43 [INFO] cshmd.analysis (MCL)                                          : [Structure] MCL: inf
04/13 10:43 [DEBUG] cshmd.analysis (__init__)                                    : <class 'cshmd.analysis.Chain'> loaded
04/13 10:43 [DEBUG] cshmd.analysis (__init__)                                    : <class 'cshmd.analysis.Chain'> loaded
04/13 10:43 [DEBUG] cshmd.analysis (__init__)                                    : <class 'cshmd.analysis.Chain'> loaded
04/13 10:43 [DEBUG] cshmd.analysis (__init__)                                    : <class 'cshmd.analysis.Chain'> loaded
04/13 10:43 [INFO] cshmd.analysis (validate_tetra)                               : [Structure] CL : Length 3: 1
04/13 10:43 [INFO] cshmd.analysis (validate_tetra)                               : [Structure] MCL : 3.0
04/13 10:43 [INFO] cshmd.structure (__init__)                                    : /Users/kimuni/bin/kimuni/cshmd/data/resources/cif/T14_111_term.cif was loaded
04/13 10:43 [DEBUG] cshmd.analysis (__init__)                                    : [Structure] Now new data setted for get Bonds
04/13 10:43 [DEBUG] cshmd.analysis (__del_bond__)                                : del -> Si_O O_H H_O Ca_O C_O BO NBO
04/13 10:43 [DEBUG] cshmd.analysis (__initialize_mole__)                         : initalize -> H2O SiO4 OH CO3 H3O
04/13 10:43 [DEBUG] cshmd.analysis (__initialize_mole__)                         : initalize -> SiOH CaOH HCO3 H2CO3 H3CO3
04/13 10:43 [DEBUG] cshmd.analysis (find_bond)                                   : find_bond O - H rcut -> 1.2
04/13 10:43 [DEBUG] cshmd.common (time_wrapper)                                  : [RUNTIME] get_distance_table in 0.000 seconds
04/13 10:43 [DEBUG] cshmd.analysis (get_mole)                                    : get_mole O - H -> nbonds: 2
04/13 10:43 [DEBUG] cshmd.analysis (find_bond)                                   : find_bond Si - O rcut -> 2.2
04/13 10:43 [DEBUG] cshmd.common (time_wrapper)                                  : [RUNTIME] get_distance_table in 0.000 seconds
04/13 10:43 [DEBUG] cshmd.analysis (get_mole)                                    : get_mole Si - O -> nbonds: 4
04/13 10:43 [DEBUG] cshmd.analysis (get_mole)                                    : get_mole O - H -> nbonds: 1
04/13 10:43 [DEBUG] cshmd.analysis (find_bond)                                   : find_bond C - O rcut -> 1.6
04/13 10:43 [DEBUG] cshmd.analysis (get_mole)                                    : get_mole C - O -> nbonds: 3
04/13 10:43 [DEBUG] cshmd.analysis (get_mole)                                    : get_mole O - H -> nbonds: 3
04/13 10:43 [DEBUG] cshmd.analysis (find_bond)                                   : find_bond Ca - O rcut -> 3.0
04/13 10:43 [DEBUG] cshmd.common (time_wrapper)                                  : [RUNTIME] get_distance_table in 0.000 seconds
04/13 10:43 [DEBUG] cshmd.analysis (search_basic)                                : Basic search result -> H2O: 9, SiO4: 12, OH: 2, CO3: 0, H3O: 0, Ca_O: 60
04/13 10:43 [DEBUG] cshmd.analysis (full_search)                                 : Search layer details
04/13 10:43 [DEBUG] cshmd.analysis (find_bond)                                   : find_bond Ca - O rcut -> 3.0
04/13 10:43 [DEBUG] cshmd.analysis (find_bond)                                   : find_bond Si - O rcut -> 2.2
04/13 10:43 [DEBUG] cshmd.analysis (__detail_search_oh_co3)                      : No CO3 in basic search
04/13 10:43 [DEBUG] cshmd.analysis (__detail_search_oh_sioh)                     : Searching 'OH' in 'SiO4
04/13 10:43 [DEBUG] cshmd.analysis (__detail_search_oh_caoh)                     : No CaOH in basic search. RETURN
04/13 10:43 [INFO] cshmd.analysis (Qn)                                           : [Structure] Q2: 1.000
04/13 10:43 [INFO] cshmd.analysis (CS)                                           : [Structure] C/S: 0.750
04/13 10:43 [INFO] cshmd.analysis (validate_tetra)                               : [Structure] BT: 4, PT: 8
04/13 10:43 [INFO] cshmd.analysis (MCL)                                          : [Structure] MCL: inf
04/13 10:43 [DEBUG] cshmd.analysis (__init__)                                    : <class 'cshmd.analysis.Chain'> loaded
04/13 10:43 [DEBUG] cshmd.analysis (__init__)                                    : <class 'cshmd.analysis.Chain'> loaded
04/13 10:43 [DEBUG] cshmd.analysis (__init__)                                    : <class 'cshmd.analysis.Chain'> loaded
04/13 10:43 [DEBUG] cshmd.analysis (__init__)                                    : <class 'cshmd.analysis.Chain'> loaded
04/13 10:43 [INFO] cshmd.analysis (validate_tetra)                               : [Structure] CL : Length 3: 1
04/13 10:43 [INFO] cshmd.analysis (validate_tetra)                               : [Structure] MCL : 3.0
04/13 10:43 [INFO] csh_builder (main)                                            : [Structure] Reading command 'supercell'...
04/13 10:43 [INFO] cshmd.structure (makeSupercell)                               : [Structure] Supercell created 1 * 1 * 1
04/13 10:43 [DEBUG] cshmd.analysis (__init__)                                    : [Structure] Now new data setted for get Bonds
04/13 10:43 [DEBUG] cshmd.analysis (__del_bond__)                                : del -> Si_O O_H H_O Ca_O C_O BO NBO
04/13 10:43 [DEBUG] cshmd.analysis (__initialize_mole__)                         : initalize -> H2O SiO4 OH CO3 H3O
04/13 10:43 [DEBUG] cshmd.analysis (__initialize_mole__)                         : initalize -> SiOH CaOH HCO3 H2CO3 H3CO3
04/13 10:43 [DEBUG] cshmd.analysis (find_bond)                                   : find_bond O - H rcut -> 1.2
04/13 10:43 [DEBUG] cshmd.common (time_wrapper)                                  : [RUNTIME] get_distance_table in 0.000 seconds
04/13 10:43 [DEBUG] cshmd.analysis (get_mole)                                    : get_mole O - H -> nbonds: 2
04/13 10:43 [DEBUG] cshmd.analysis (find_bond)                                   : find_bond Si - O rcut -> 2.2
04/13 10:43 [DEBUG] cshmd.common (time_wrapper)                                  : [RUNTIME] get_distance_table in 0.000 seconds
04/13 10:43 [DEBUG] cshmd.analysis (get_mole)                                    : get_mole Si - O -> nbonds: 4
04/13 10:43 [DEBUG] cshmd.analysis (get_mole)                                    : get_mole O - H -> nbonds: 1
04/13 10:43 [DEBUG] cshmd.analysis (find_bond)                                   : find_bond C - O rcut -> 1.6
04/13 10:43 [DEBUG] cshmd.analysis (get_mole)                                    : get_mole C - O -> nbonds: 3
04/13 10:43 [DEBUG] cshmd.analysis (get_mole)                                    : get_mole O - H -> nbonds: 3
04/13 10:43 [DEBUG] cshmd.analysis (find_bond)                                   : find_bond Ca - O rcut -> 3.0
04/13 10:43 [DEBUG] cshmd.common (time_wrapper)                                  : [RUNTIME] get_distance_table in 0.000 seconds
04/13 10:43 [DEBUG] cshmd.analysis (search_basic)                                : Basic search result -> H2O: 9, SiO4: 12, OH: 2, CO3: 0, H3O: 0, Ca_O: 60
04/13 10:43 [DEBUG] cshmd.analysis (full_search)                                 : Search layer details
04/13 10:43 [DEBUG] cshmd.analysis (find_bond)                                   : find_bond Ca - O rcut -> 3.0
04/13 10:43 [DEBUG] cshmd.analysis (find_bond)                                   : find_bond Si - O rcut -> 2.2
04/13 10:43 [DEBUG] cshmd.analysis (__detail_search_oh_co3)                      : No CO3 in basic search
04/13 10:43 [DEBUG] cshmd.analysis (__detail_search_oh_sioh)                     : Searching 'OH' in 'SiO4
04/13 10:43 [DEBUG] cshmd.analysis (__detail_search_oh_caoh)                     : No CaOH in basic search. RETURN
04/13 10:43 [INFO] cshmd.analysis (Qn)                                           : [Structure] Q2: 1.000
04/13 10:43 [INFO] cshmd.analysis (CS)                                           : [Structure] C/S: 0.750
04/13 10:43 [INFO] cshmd.analysis (validate_tetra)                               : [Structure] BT: 4, PT: 8
04/13 10:43 [INFO] cshmd.analysis (MCL)                                          : [Structure] MCL: inf
04/13 10:43 [DEBUG] cshmd.analysis (__init__)                                    : <class 'cshmd.analysis.Chain'> loaded
04/13 10:43 [DEBUG] cshmd.analysis (__init__)                                    : <class 'cshmd.analysis.Chain'> loaded
04/13 10:43 [DEBUG] cshmd.analysis (__init__)                                    : <class 'cshmd.analysis.Chain'> loaded
04/13 10:43 [DEBUG] cshmd.analysis (__init__)                                    : <class 'cshmd.analysis.Chain'> loaded
04/13 10:43 [INFO] cshmd.analysis (validate_tetra)                               : [Structure] CL : Length 3: 1
04/13 10:43 [INFO] cshmd.analysis (validate_tetra)                               : [Structure] MCL : 3.0
04/13 10:43 [INFO] csh_builder (main)                                            : [Structure] Reading command 'defect_BT'...
04/13 10:43 [INFO] cshmd.builder (defect_BT)                                     : [Structure] Termination scope: False
04/13 10:43 [INFO] cshmd.builder (defect_BT)                                     : [Structure] Exists 1 Bridging Tetra in 'up' side
04/13 10:43 [INFO] cshmd.structure (add_Ca)                                      : [Structure] Add Ca
04/13 10:43 [INFO] cshmd.builder (defect_BT)                                     : [Structure] Exists 1 Bridging Tetra in 'down' side
04/13 10:43 [INFO] cshmd.structure (add_Ca)                                      : [Structure] Add Ca
04/13 10:43 [INFO] cshmd.builder (defect_BT)                                     : [Structure] Termination scope: False
04/13 10:43 [INFO] cshmd.builder (defect_BT)                                     : [Structure] Exists 1 Bridging Tetra in 'down' side
04/13 10:43 [INFO] cshmd.structure (add_Ca)                                      : [Structure] Add Ca with 1 OH and with 2 H2O
04/13 10:43 [INFO] cshmd.builder (defect_BT)                                     : [Structure] Exists 1 Bridging Tetra in 'up' side
04/13 10:43 [INFO] cshmd.structure (add_Ca)                                      : [Structure] Add Ca with 1 OH and with 2 H2O
04/13 10:43 [INFO] cshmd.structure (check_rm_list)                               : Delete 14 atoms in rm_list
04/13 10:43 [DEBUG] cshmd.analysis (__init__)                                    : [Structure] Now new data setted for get Bonds
04/13 10:43 [DEBUG] cshmd.analysis (__del_bond__)                                : del -> Si_O O_H H_O Ca_O C_O BO NBO
04/13 10:43 [DEBUG] cshmd.analysis (__initialize_mole__)                         : initalize -> H2O SiO4 OH CO3 H3O
04/13 10:43 [DEBUG] cshmd.analysis (__initialize_mole__)                         : initalize -> SiOH CaOH HCO3 H2CO3 H3CO3
04/13 10:43 [DEBUG] cshmd.analysis (find_bond)                                   : find_bond O - H rcut -> 1.2
04/13 10:43 [DEBUG] cshmd.common (time_wrapper)                                  : [RUNTIME] get_distance_table in 0.000 seconds
04/13 10:43 [DEBUG] cshmd.analysis (get_mole)                                    : get_mole O - H -> nbonds: 2
04/13 10:43 [DEBUG] cshmd.analysis (find_bond)                                   : find_bond Si - O rcut -> 2.2
04/13 10:43 [DEBUG] cshmd.common (time_wrapper)                                  : [RUNTIME] get_distance_table in 0.000 seconds
04/13 10:43 [DEBUG] cshmd.analysis (get_mole)                                    : get_mole Si - O -> nbonds: 4
04/13 10:43 [DEBUG] cshmd.analysis (get_mole)                                    : get_mole O - H -> nbonds: 1
04/13 10:43 [DEBUG] cshmd.analysis (find_bond)                                   : find_bond C - O rcut -> 1.6
04/13 10:43 [DEBUG] cshmd.analysis (get_mole)                                    : get_mole C - O -> nbonds: 3
04/13 10:43 [DEBUG] cshmd.analysis (get_mole)                                    : get_mole O - H -> nbonds: 3
04/13 10:43 [DEBUG] cshmd.analysis (find_bond)                                   : find_bond Ca - O rcut -> 3.0
04/13 10:43 [DEBUG] cshmd.common (time_wrapper)                                  : [RUNTIME] get_distance_table in 0.000 seconds
04/13 10:43 [DEBUG] cshmd.analysis (search_basic)                                : Basic search result -> H2O: 13, SiO4: 8, OH: 2, CO3: 0, H3O: 0, Ca_O: 71
04/13 10:43 [DEBUG] cshmd.analysis (full_search)                                 : Search layer details
04/13 10:43 [DEBUG] cshmd.analysis (find_bond)                                   : find_bond Ca - O rcut -> 3.0
04/13 10:43 [DEBUG] cshmd.analysis (find_bond)                                   : find_bond Si - O rcut -> 2.2
04/13 10:43 [DEBUG] cshmd.analysis (__detail_search_oh_co3)                      : No CO3 in basic search
04/13 10:43 [DEBUG] cshmd.analysis (__detail_search_oh_sioh)                     : Searching 'OH' in 'SiO4
04/13 10:43 [DEBUG] cshmd.analysis (__detail_search_oh_caoh)                     : Searching 'OH' in 'CaOH
04/13 10:43 [INFO] cshmd.analysis (Qn)                                           : [Structure] Q1: 1.000
04/13 10:43 [INFO] cshmd.analysis (CS)                                           : [Structure] C/S: 1.375
04/13 10:43 [INFO] cshmd.analysis (validate_tetra)                               : [Structure] BT: 0, PT: 8
04/13 10:43 [INFO] cshmd.analysis (MCL)                                          : [Structure] MCL: 1.000
04/13 10:43 [DEBUG] cshmd.analysis (__init__)                                    : <class 'cshmd.analysis.Chain'> loaded
04/13 10:43 [DEBUG] cshmd.analysis (__init__)                                    : <class 'cshmd.analysis.Chain'> loaded
04/13 10:43 [DEBUG] cshmd.analysis (__init__)                                    : <class 'cshmd.analysis.Chain'> loaded
04/13 10:43 [DEBUG] cshmd.analysis (__init__)                                    : <class 'cshmd.analysis.Chain'> loaded
04/13 10:43 [INFO] cshmd.analysis (validate_tetra)                               : [Structure] CL : Length 2: 1
04/13 10:43 [INFO] cshmd.analysis (validate_tetra)                               : [Structure] MCL : 2.0
04/13 10:43 [INFO] cshmd.builder (update_manager)                                : [Structure] Number of atoms: 86 -> 92
04/13 10:43 [INFO] csh_builder (main)                                            : [Structure] Reading command 'terminate_NBO'...
04/13 10:43 [INFO] cshmd.builder (terminate_NBO)                                 : Do not run terminate, ratio == 0
04/13 10:43 [INFO] csh_builder (main)                                            : [Structure] Reading command 'add_BT'...
04/13 10:43 [INFO] cshmd.builder (add_BT)                                        : [WARNING] No Bridging Tetra exists
04/13 10:43 [DEBUG] cshmd.analysis (__init__)                                    : [Structure] Now new data setted for get Bonds
04/13 10:43 [DEBUG] cshmd.analysis (__del_bond__)                                : del -> Si_O O_H H_O Ca_O C_O BO NBO
04/13 10:43 [DEBUG] cshmd.analysis (__initialize_mole__)                         : initalize -> H2O SiO4 OH CO3 H3O
04/13 10:43 [DEBUG] cshmd.analysis (__initialize_mole__)                         : initalize -> SiOH CaOH HCO3 H2CO3 H3CO3
04/13 10:43 [DEBUG] cshmd.analysis (find_bond)                                   : find_bond O - H rcut -> 1.2
04/13 10:43 [DEBUG] cshmd.common (time_wrapper)                                  : [RUNTIME] get_distance_table in 0.000 seconds
04/13 10:43 [DEBUG] cshmd.analysis (get_mole)                                    : get_mole O - H -> nbonds: 2
04/13 10:43 [DEBUG] cshmd.analysis (find_bond)                                   : find_bond Si - O rcut -> 2.2
04/13 10:43 [DEBUG] cshmd.common (time_wrapper)                                  : [RUNTIME] get_distance_table in 0.000 seconds
04/13 10:43 [DEBUG] cshmd.analysis (get_mole)                                    : get_mole Si - O -> nbonds: 4
04/13 10:43 [DEBUG] cshmd.analysis (get_mole)                                    : get_mole O - H -> nbonds: 1
04/13 10:43 [DEBUG] cshmd.analysis (find_bond)                                   : find_bond C - O rcut -> 1.6
04/13 10:43 [DEBUG] cshmd.analysis (get_mole)                                    : get_mole C - O -> nbonds: 3
04/13 10:43 [DEBUG] cshmd.analysis (get_mole)                                    : get_mole O - H -> nbonds: 3
04/13 10:43 [DEBUG] cshmd.analysis (find_bond)                                   : find_bond Ca - O rcut -> 3.0
04/13 10:43 [DEBUG] cshmd.common (time_wrapper)                                  : [RUNTIME] get_distance_table in 0.000 seconds
04/13 10:43 [DEBUG] cshmd.analysis (search_basic)                                : Basic search result -> H2O: 13, SiO4: 8, OH: 2, CO3: 0, H3O: 0, Ca_O: 71
04/13 10:43 [DEBUG] cshmd.analysis (full_search)                                 : Search layer details
04/13 10:43 [DEBUG] cshmd.analysis (find_bond)                                   : find_bond Ca - O rcut -> 3.0
04/13 10:43 [DEBUG] cshmd.analysis (find_bond)                                   : find_bond Si - O rcut -> 2.2
04/13 10:43 [DEBUG] cshmd.analysis (__detail_search_oh_co3)                      : No CO3 in basic search
04/13 10:43 [DEBUG] cshmd.analysis (__detail_search_oh_sioh)                     : Searching 'OH' in 'SiO4
04/13 10:43 [DEBUG] cshmd.analysis (__detail_search_oh_caoh)                     : Searching 'OH' in 'CaOH
04/13 10:43 [INFO] cshmd.analysis (Qn)                                           : [Structure] Q1: 1.000
04/13 10:43 [INFO] cshmd.analysis (CS)                                           : [Structure] C/S: 1.375
04/13 10:43 [INFO] cshmd.analysis (validate_tetra)                               : [Structure] BT: 0, PT: 8
04/13 10:43 [INFO] cshmd.analysis (MCL)                                          : [Structure] MCL: 1.000
04/13 10:43 [DEBUG] cshmd.analysis (__init__)                                    : <class 'cshmd.analysis.Chain'> loaded
04/13 10:43 [DEBUG] cshmd.analysis (__init__)                                    : <class 'cshmd.analysis.Chain'> loaded
04/13 10:43 [DEBUG] cshmd.analysis (__init__)                                    : <class 'cshmd.analysis.Chain'> loaded
04/13 10:43 [DEBUG] cshmd.analysis (__init__)                                    : <class 'cshmd.analysis.Chain'> loaded
04/13 10:43 [INFO] cshmd.analysis (validate_tetra)                               : [Structure] CL : Length 2: 1
04/13 10:43 [INFO] cshmd.analysis (validate_tetra)                               : [Structure] MCL : 2.0
04/13 10:43 [INFO] cshmd.structure (writeCif)                                    : tesy.cif was created
04/13 10:43 [INFO] cshmd.builder (out_model)                                     : Total Charge: 0
04/13 10:43 [INFO] csh_builder (main)                                            : ----------------------------------------------------------------------
04/13 10:43 [DEBUG] cshmd.common (get_logger)                                    : $$$$$$$$$$$$$$  Logger 'cshmd.common........' initialized  $$$$$$$$$$$$$$
04/13 10:43 [DEBUG] cshmd.functions (get_logger)                                 : $$$$$$$$$$$$$$  Logger 'cshmd.functions.....' initialized  $$$$$$$$$$$$$$
04/13 10:43 [DEBUG] cshmd.load (get_logger)                                      : $$$$$$$$$$$$$$  Logger 'cshmd.load..........' initialized  $$$$$$$$$$$$$$
04/13 10:43 [DEBUG] cshmd.analysis (get_logger)                                  : $$$$$$$$$$$$$$  Logger 'cshmd.analysis......' initialized  $$$$$$$$$$$$$$
04/13 10:43 [DEBUG] cshmd.structure (get_logger)                                 : $$$$$$$$$$$$$$  Logger 'cshmd.structure.....' initialized  $$$$$$$$$$$$$$
04/13 10:43 [DEBUG] cshmd.builder (get_logger)                                   : $$$$$$$$$$$$$$  Logger 'cshmd.builder.......' initialized  $$$$$$$$$$$$$$
04/13 10:43 [DEBUG] cshmd.trj_analysis (get_logger)                              : $$$$$$$$$$$$$$  Logger 'cshmd.trj_analysis..' initialized  $$$$$$$$$$$$$$
04/13 10:43 [DEBUG] csh_info (get_logger)                                        : $$$$$$$$$$$$$$  Logger 'csh_info............' initialized  $$$$$$$$$$$$$$
04/13 10:43 [INFO] csh_info (main)                                               : Cif: L08.cif
04/13 10:43 [INFO] cshmd.structure (__init__)                                    : L08.cif was loaded
04/13 10:43 [DEBUG] cshmd.analysis (__init__)                                    : [Structure] Now new data setted for get Bonds
04/13 10:43 [DEBUG] cshmd.analysis (__del_bond__)                                : del -> Si_O O_H H_O Ca_O C_O BO NBO
04/13 10:43 [DEBUG] cshmd.analysis (__initialize_mole__)                         : initalize -> H2O SiO4 OH CO3 H3O
04/13 10:43 [DEBUG] cshmd.analysis (__initialize_mole__)                         : initalize -> SiOH CaOH HCO3 H2CO3 H3CO3
04/13 10:43 [DEBUG] cshmd.analysis (__init__)                                    : C-S-H Model not setted
04/13 10:43 [DEBUG] cshmd.analysis (find_bond)                                   : find_bond O - H rcut -> 1.2
04/13 10:43 [DEBUG] cshmd.common (time_wrapper)                                  : [RUNTIME] get_distance_table in 0.718 seconds
04/13 10:43 [DEBUG] cshmd.analysis (get_mole)                                    : get_mole O - H -> nbonds: 2
04/13 10:43 [DEBUG] cshmd.analysis (find_bond)                                   : find_bond Si - O rcut -> 2.2
04/13 10:43 [DEBUG] cshmd.common (time_wrapper)                                  : [RUNTIME] get_distance_table in 0.329 seconds
04/13 10:43 [DEBUG] cshmd.analysis (get_mole)                                    : get_mole Si - O -> nbonds: 4
04/13 10:43 [DEBUG] cshmd.analysis (get_mole)                                    : get_mole O - H -> nbonds: 1
04/13 10:43 [DEBUG] cshmd.analysis (find_bond)                                   : find_bond C - O rcut -> 1.6
04/13 10:43 [DEBUG] cshmd.analysis (get_mole)                                    : get_mole C - O -> nbonds: 3
04/13 10:43 [DEBUG] cshmd.analysis (get_mole)                                    : get_mole O - H -> nbonds: 3
04/13 10:43 [DEBUG] cshmd.analysis (find_bond)                                   : find_bond Ca - O rcut -> 3.0
04/13 10:43 [DEBUG] cshmd.common (time_wrapper)                                  : [RUNTIME] get_distance_table in 0.351 seconds
04/13 10:43 [DEBUG] cshmd.analysis (search_basic)                                : Basic search result -> H2O: 664, SiO4: 680, OH: 128, CO3: 0, H3O: 0, Ca_O: 4208
04/13 10:43 [DEBUG] cshmd.analysis (full_search)                                 : Search layer details
04/13 10:43 [DEBUG] cshmd.analysis (find_bond)                                   : find_bond Ca - O rcut -> 3.0
04/13 10:43 [DEBUG] cshmd.analysis (find_bond)                                   : find_bond Si - O rcut -> 2.2
04/13 10:43 [DEBUG] cshmd.analysis (__detail_search_oh_co3)                      : No CO3 in basic search
04/13 10:43 [DEBUG] cshmd.analysis (__detail_search_oh_sioh)                     : Searching 'OH' in 'SiO4
04/13 10:43 [DEBUG] cshmd.analysis (__detail_search_oh_caoh)                     : Searching 'OH' in 'CaOH
04/13 10:43 [INFO] cshmd.analysis (Qn)                                           : [Structure] Q1: 0.259
04/13 10:43 [INFO] cshmd.analysis (Qn)                                           : [Structure] Q2: 0.741
04/13 10:43 [INFO] cshmd.analysis (CS)                                           : [Structure] C/S: 0.912
04/13 10:43 [INFO] cshmd.analysis (validate_tetra)                               : [Structure] BT: 168, PT: 512
04/13 10:43 [INFO] cshmd.analysis (MCL)                                          : [Structure] MCL: 3.864
04/13 10:43 [DEBUG] cshmd.analysis (__init__)                                    : <class 'cshmd.analysis.Chain'> loaded
04/13 10:43 [DEBUG] cshmd.analysis (__init__)                                    : <class 'cshmd.analysis.Chain'> loaded
04/13 10:43 [DEBUG] cshmd.analysis (__init__)                                    : <class 'cshmd.analysis.Chain'> loaded
04/13 10:43 [DEBUG] cshmd.analysis (__init__)                                    : <class 'cshmd.analysis.Chain'> loaded
04/13 10:43 [INFO] cshmd.analysis (validate_tetra)                               : [Structure] CL : Length 2: 2 Length 5: 4 Length 8: 10 Length 11: 6
04/13 10:43 [INFO] cshmd.analysis (validate_tetra)                               : [Structure] MCL : 7.7272727272727275
04/13 10:44 [DEBUG] cshmd.common (get_logger)                                    : $$$$$$$$$$$$$$  Logger 'cshmd.common........' initialized  $$$$$$$$$$$$$$
04/13 10:44 [DEBUG] cshmd.functions (get_logger)                                 : $$$$$$$$$$$$$$  Logger 'cshmd.functions.....' initialized  $$$$$$$$$$$$$$
04/13 10:44 [DEBUG] cshmd.load (get_logger)                                      : $$$$$$$$$$$$$$  Logger 'cshmd.load..........' initialized  $$$$$$$$$$$$$$
04/13 10:44 [DEBUG] cshmd.analysis (get_logger)                                  : $$$$$$$$$$$$$$  Logger 'cshmd.analysis......' initialized  $$$$$$$$$$$$$$
04/13 10:44 [DEBUG] cshmd.structure (get_logger)                                 : $$$$$$$$$$$$$$  Logger 'cshmd.structure.....' initialized  $$$$$$$$$$$$$$
04/13 10:44 [DEBUG] cshmd.builder (get_logger)                                   : $$$$$$$$$$$$$$  Logger 'cshmd.builder.......' initialized  $$$$$$$$$$$$$$
04/13 10:44 [DEBUG] cshmd.trj_analysis (get_logger)                              : $$$$$$$$$$$$$$  Logger 'cshmd.trj_analysis..' initialized  $$$$$$$$$$$$$$
04/13 10:44 [DEBUG] csh_info (get_logger)                                        : $$$$$$$$$$$$$$  Logger 'csh_info............' initialized  $$$$$$$$$$$$$$
04/13 10:44 [INFO] csh_info (main)                                               : Cif: L08.cif
04/13 10:44 [INFO] cshmd.structure (__init__)                                    : L08.cif was loaded
04/13 10:44 [DEBUG] cshmd.analysis (__init__)                                    : [Structure] Now new data setted for get Bonds
04/13 10:44 [DEBUG] cshmd.analysis (__del_bond__)                                : del -> Si_O O_H H_O Ca_O C_O BO NBO
04/13 10:44 [DEBUG] cshmd.analysis (__initialize_mole__)                         : initalize -> H2O SiO4 OH CO3 H3O
04/13 10:44 [DEBUG] cshmd.analysis (__initialize_mole__)                         : initalize -> SiOH CaOH HCO3 H2CO3 H3CO3
04/13 10:44 [DEBUG] cshmd.analysis (__init__)                                    : C-S-H Model not setted
04/13 10:44 [DEBUG] cshmd.analysis (find_bond)                                   : find_bond O - H rcut -> 1.2
04/13 10:44 [DEBUG] cshmd.common (time_wrapper)                                  : [RUNTIME] get_distance_table in 0.685 seconds
04/13 10:44 [DEBUG] cshmd.analysis (get_mole)                                    : get_mole O - H -> nbonds: 2
04/13 10:44 [DEBUG] cshmd.analysis (find_bond)                                   : find_bond Si - O rcut -> 2.2
04/13 10:44 [DEBUG] cshmd.common (time_wrapper)                                  : [RUNTIME] get_distance_table in 0.341 seconds
04/13 10:44 [DEBUG] cshmd.analysis (get_mole)                                    : get_mole Si - O -> nbonds: 4
04/13 10:44 [DEBUG] cshmd.analysis (get_mole)                                    : get_mole O - H -> nbonds: 1
04/13 10:44 [DEBUG] cshmd.analysis (find_bond)                                   : find_bond C - O rcut -> 1.6
04/13 10:44 [DEBUG] cshmd.analysis (get_mole)                                    : get_mole C - O -> nbonds: 3
04/13 10:44 [DEBUG] cshmd.analysis (get_mole)                                    : get_mole O - H -> nbonds: 3
04/13 10:44 [DEBUG] cshmd.analysis (find_bond)                                   : find_bond Ca - O rcut -> 3.0
04/13 10:44 [DEBUG] cshmd.common (time_wrapper)                                  : [RUNTIME] get_distance_table in 0.346 seconds
04/13 10:44 [DEBUG] cshmd.analysis (search_basic)                                : Basic search result -> H2O: 664, SiO4: 680, OH: 128, CO3: 0, H3O: 0, Ca_O: 4208
04/13 10:44 [DEBUG] cshmd.analysis (full_search)                                 : Search layer details
04/13 10:44 [DEBUG] cshmd.analysis (find_bond)                                   : find_bond Ca - O rcut -> 3.0
04/13 10:44 [DEBUG] cshmd.analysis (find_bond)                                   : find_bond Si - O rcut -> 2.2
04/13 10:44 [DEBUG] cshmd.analysis (__detail_search_oh_co3)                      : No CO3 in basic search
04/13 10:44 [DEBUG] cshmd.analysis (__detail_search_oh_sioh)                     : Searching 'OH' in 'SiO4
04/13 10:44 [DEBUG] cshmd.analysis (__detail_search_oh_caoh)                     : Searching 'OH' in 'CaOH
04/13 10:44 [INFO] cshmd.analysis (Qn)                                           : [Structure] Q1: 0.259
04/13 10:44 [INFO] cshmd.analysis (Qn)                                           : [Structure] Q2: 0.741
04/13 10:44 [INFO] cshmd.analysis (CS)                                           : [Structure] C/S: 0.912
04/13 10:44 [INFO] cshmd.analysis (validate_tetra)                               : [Structure] BT: 168, PT: 512
04/13 10:44 [INFO] cshmd.analysis (MCL)                                          : [Structure] MCL: 3.864
04/13 10:44 [DEBUG] cshmd.analysis (__init__)                                    : <class 'cshmd.analysis.Chain'> loaded
04/13 10:44 [DEBUG] cshmd.analysis (__init__)                                    : <class 'cshmd.analysis.Chain'> loaded
04/13 10:44 [DEBUG] cshmd.analysis (__init__)                                    : <class 'cshmd.analysis.Chain'> loaded
04/13 10:44 [DEBUG] cshmd.analysis (__init__)                                    : <class 'cshmd.analysis.Chain'> loaded
04/13 10:44 [INFO] cshmd.analysis (validate_tetra)                               : [Structure] CL : Length 2: 2 Length 5: 4 Length 8: 10 Length 11: 6
04/13 10:44 [INFO] cshmd.analysis (validate_tetra)                               : [Structure] MCL : 7.7272727272727275
04/13 10:44 [DEBUG] cshmd.common (get_logger)                                    : $$$$$$$$$$$$$$  Logger 'cshmd.common........' initialized  $$$$$$$$$$$$$$
04/13 10:44 [DEBUG] cshmd.functions (get_logger)                                 : $$$$$$$$$$$$$$  Logger 'cshmd.functions.....' initialized  $$$$$$$$$$$$$$
04/13 10:44 [DEBUG] cshmd.load (get_logger)                                      : $$$$$$$$$$$$$$  Logger 'cshmd.load..........' initialized  $$$$$$$$$$$$$$
04/13 10:44 [DEBUG] cshmd.analysis (get_logger)                                  : $$$$$$$$$$$$$$  Logger 'cshmd.analysis......' initialized  $$$$$$$$$$$$$$
04/13 10:44 [DEBUG] cshmd.structure (get_logger)                                 : $$$$$$$$$$$$$$  Logger 'cshmd.structure.....' initialized  $$$$$$$$$$$$$$
04/13 10:44 [DEBUG] cshmd.builder (get_logger)                                   : $$$$$$$$$$$$$$  Logger 'cshmd.builder.......' initialized  $$$$$$$$$$$$$$
04/13 10:44 [DEBUG] cshmd.trj_analysis (get_logger)                              : $$$$$$$$$$$$$$  Logger 'cshmd.trj_analysis..' initialized  $$$$$$$$$$$$$$
04/13 10:44 [DEBUG] csh_info (get_logger)                                        : $$$$$$$$$$$$$$  Logger 'csh_info............' initialized  $$$$$$$$$$$$$$
04/13 10:44 [INFO] csh_info (main)                                               : Cif: L02.cif
04/13 10:44 [INFO] cshmd.structure (__init__)                                    : L02.cif was loaded
04/13 10:44 [DEBUG] cshmd.analysis (__init__)                                    : [Structure] Now new data setted for get Bonds
04/13 10:44 [DEBUG] cshmd.analysis (__del_bond__)                                : del -> Si_O O_H H_O Ca_O C_O BO NBO
04/13 10:44 [DEBUG] cshmd.analysis (__initialize_mole__)                         : initalize -> H2O SiO4 OH CO3 H3O
04/13 10:44 [DEBUG] cshmd.analysis (__initialize_mole__)                         : initalize -> SiOH CaOH HCO3 H2CO3 H3CO3
04/13 10:44 [DEBUG] cshmd.analysis (__init__)                                    : C-S-H Model not setted
04/13 10:44 [DEBUG] cshmd.analysis (find_bond)                                   : find_bond O - H rcut -> 1.2
04/13 10:44 [DEBUG] cshmd.common (time_wrapper)                                  : [RUNTIME] get_distance_table in 0.777 seconds
04/13 10:44 [DEBUG] cshmd.analysis (get_mole)                                    : get_mole O - H -> nbonds: 2
04/13 10:44 [DEBUG] cshmd.analysis (find_bond)                                   : find_bond Si - O rcut -> 2.2
04/13 10:44 [DEBUG] cshmd.common (time_wrapper)                                  : [RUNTIME] get_distance_table in 0.233 seconds
04/13 10:44 [DEBUG] cshmd.analysis (get_mole)                                    : get_mole Si - O -> nbonds: 4
04/13 10:44 [DEBUG] cshmd.analysis (get_mole)                                    : get_mole O - H -> nbonds: 1
04/13 10:44 [DEBUG] cshmd.analysis (find_bond)                                   : find_bond C - O rcut -> 1.6
04/13 10:44 [DEBUG] cshmd.analysis (get_mole)                                    : get_mole C - O -> nbonds: 3
04/13 10:44 [DEBUG] cshmd.analysis (get_mole)                                    : get_mole O - H -> nbonds: 3
04/13 10:44 [DEBUG] cshmd.analysis (find_bond)                                   : find_bond Ca - O rcut -> 3.0
04/13 10:44 [DEBUG] cshmd.common (time_wrapper)                                  : [RUNTIME] get_distance_table in 0.386 seconds
04/13 10:44 [DEBUG] cshmd.analysis (search_basic)                                : Basic search result -> H2O: 832, SiO4: 512, OH: 128, CO3: 0, H3O: 0, Ca_O: 4544
04/13 10:44 [DEBUG] cshmd.analysis (full_search)                                 : Search layer details
04/13 10:44 [DEBUG] cshmd.analysis (find_bond)                                   : find_bond Ca - O rcut -> 3.0
04/13 10:44 [DEBUG] cshmd.analysis (find_bond)                                   : find_bond Si - O rcut -> 2.2
04/13 10:44 [DEBUG] cshmd.analysis (__detail_search_oh_co3)                      : No CO3 in basic search
04/13 10:44 [DEBUG] cshmd.analysis (__detail_search_oh_sioh)                     : Searching 'OH' in 'SiO4
04/13 10:44 [DEBUG] cshmd.analysis (__detail_search_oh_caoh)                     : Searching 'OH' in 'CaOH
04/13 10:44 [INFO] cshmd.analysis (Qn)                                           : [Structure] Q1: 1.000
04/13 10:44 [INFO] cshmd.analysis (CS)                                           : [Structure] C/S: 1.375
04/13 10:44 [INFO] cshmd.analysis (validate_tetra)                               : [Structure] BT: 0, PT: 512
04/13 10:44 [INFO] cshmd.analysis (MCL)                                          : [Structure] MCL: 1.000
04/13 10:44 [DEBUG] cshmd.analysis (__init__)                                    : <class 'cshmd.analysis.Chain'> loaded
04/13 10:44 [DEBUG] cshmd.analysis (__init__)                                    : <class 'cshmd.analysis.Chain'> loaded
04/13 10:44 [DEBUG] cshmd.analysis (__init__)                                    : <class 'cshmd.analysis.Chain'> loaded
04/13 10:44 [DEBUG] cshmd.analysis (__init__)                                    : <class 'cshmd.analysis.Chain'> loaded
04/13 10:44 [INFO] cshmd.analysis (validate_tetra)                               : [Structure] CL : Length 2: 64
04/13 10:44 [INFO] cshmd.analysis (validate_tetra)                               : [Structure] MCL : 2.0
04/13 10:45 [DEBUG] cshmd.common (get_logger)                                    : $$$$$$$$$$$$$$  Logger 'cshmd.common........' initialized  $$$$$$$$$$$$$$
04/13 10:45 [DEBUG] cshmd.functions (get_logger)                                 : $$$$$$$$$$$$$$  Logger 'cshmd.functions.....' initialized  $$$$$$$$$$$$$$
04/13 10:45 [DEBUG] cshmd.load (get_logger)                                      : $$$$$$$$$$$$$$  Logger 'cshmd.load..........' initialized  $$$$$$$$$$$$$$
04/13 10:45 [DEBUG] cshmd.analysis (get_logger)                                  : $$$$$$$$$$$$$$  Logger 'cshmd.analysis......' initialized  $$$$$$$$$$$$$$
04/13 10:45 [DEBUG] cshmd.structure (get_logger)                                 : $$$$$$$$$$$$$$  Logger 'cshmd.structure.....' initialized  $$$$$$$$$$$$$$
04/13 10:45 [DEBUG] cshmd.builder (get_logger)                                   : $$$$$$$$$$$$$$  Logger 'cshmd.builder.......' initialized  $$$$$$$$$$$$$$
04/13 10:45 [DEBUG] cshmd.trj_analysis (get_logger)                              : $$$$$$$$$$$$$$  Logger 'cshmd.trj_analysis..' initialized  $$$$$$$$$$$$$$
04/13 10:45 [DEBUG] csh_info (get_logger)                                        : $$$$$$$$$$$$$$  Logger 'csh_info............' initialized  $$$$$$$$$$$$$$
04/13 10:45 [INFO] csh_info (main)                                               : Cif: tesy.cif
04/13 10:45 [INFO] cshmd.structure (__init__)                                    : tesy.cif was loaded
04/13 10:45 [DEBUG] cshmd.analysis (__init__)                                    : [Structure] Now new data setted for get Bonds
04/13 10:45 [DEBUG] cshmd.analysis (__del_bond__)                                : del -> Si_O O_H H_O Ca_O C_O BO NBO
04/13 10:45 [DEBUG] cshmd.analysis (__initialize_mole__)                         : initalize -> H2O SiO4 OH CO3 H3O
04/13 10:45 [DEBUG] cshmd.analysis (__initialize_mole__)                         : initalize -> SiOH CaOH HCO3 H2CO3 H3CO3
04/13 10:45 [DEBUG] cshmd.analysis (__init__)                                    : C-S-H Model not setted
04/13 10:45 [DEBUG] cshmd.analysis (find_bond)                                   : find_bond O - H rcut -> 1.2
04/13 10:45 [DEBUG] cshmd.common (time_wrapper)                                  : [RUNTIME] get_distance_table in 0.000 seconds
04/13 10:45 [DEBUG] cshmd.analysis (get_mole)                                    : get_mole O - H -> nbonds: 2
04/13 10:45 [DEBUG] cshmd.analysis (find_bond)                                   : find_bond Si - O rcut -> 2.2
04/13 10:45 [DEBUG] cshmd.common (time_wrapper)                                  : [RUNTIME] get_distance_table in 0.000 seconds
04/13 10:45 [DEBUG] cshmd.analysis (get_mole)                                    : get_mole Si - O -> nbonds: 4
04/13 10:45 [DEBUG] cshmd.analysis (get_mole)                                    : get_mole O - H -> nbonds: 1
04/13 10:45 [DEBUG] cshmd.analysis (find_bond)                                   : find_bond C - O rcut -> 1.6
04/13 10:45 [DEBUG] cshmd.analysis (get_mole)                                    : get_mole C - O -> nbonds: 3
04/13 10:45 [DEBUG] cshmd.analysis (get_mole)                                    : get_mole O - H -> nbonds: 3
04/13 10:45 [DEBUG] cshmd.analysis (find_bond)                                   : find_bond Ca - O rcut -> 3.0
04/13 10:45 [DEBUG] cshmd.common (time_wrapper)                                  : [RUNTIME] get_distance_table in 0.000 seconds
04/13 10:45 [DEBUG] cshmd.analysis (search_basic)                                : Basic search result -> H2O: 13, SiO4: 8, OH: 2, CO3: 0, H3O: 0, Ca_O: 71
04/13 10:45 [DEBUG] cshmd.analysis (full_search)                                 : Search layer details
04/13 10:45 [DEBUG] cshmd.analysis (find_bond)                                   : find_bond Ca - O rcut -> 3.0
04/13 10:45 [DEBUG] cshmd.analysis (find_bond)                                   : find_bond Si - O rcut -> 2.2
04/13 10:45 [DEBUG] cshmd.analysis (__detail_search_oh_co3)                      : No CO3 in basic search
04/13 10:45 [DEBUG] cshmd.analysis (__detail_search_oh_sioh)                     : Searching 'OH' in 'SiO4
04/13 10:45 [DEBUG] cshmd.analysis (__detail_search_oh_caoh)                     : Searching 'OH' in 'CaOH
04/13 10:45 [INFO] cshmd.analysis (Qn)                                           : [Structure] Q1: 1.000
04/13 10:45 [INFO] cshmd.analysis (CS)                                           : [Structure] C/S: 1.375
04/13 10:45 [INFO] cshmd.analysis (validate_tetra)                               : [Structure] BT: 0, PT: 8
04/13 10:45 [INFO] cshmd.analysis (MCL)                                          : [Structure] MCL: 1.000
04/13 10:45 [DEBUG] cshmd.analysis (__init__)                                    : <class 'cshmd.analysis.Chain'> loaded
04/13 10:45 [DEBUG] cshmd.analysis (__init__)                                    : <class 'cshmd.analysis.Chain'> loaded
04/13 10:45 [DEBUG] cshmd.analysis (__init__)                                    : <class 'cshmd.analysis.Chain'> loaded
04/13 10:45 [DEBUG] cshmd.analysis (__init__)                                    : <class 'cshmd.analysis.Chain'> loaded
04/13 10:45 [INFO] cshmd.analysis (validate_tetra)                               : [Structure] CL : Length 2: 1
04/13 10:45 [INFO] cshmd.analysis (validate_tetra)                               : [Structure] MCL : 2.0
04/13 10:47 [DEBUG] cshmd.common (get_logger)                                    : $$$$$$$$$$$$$$  Logger 'cshmd.common........' initialized  $$$$$$$$$$$$$$
04/13 10:47 [DEBUG] cshmd.functions (get_logger)                                 : $$$$$$$$$$$$$$  Logger 'cshmd.functions.....' initialized  $$$$$$$$$$$$$$
04/13 10:47 [DEBUG] cshmd.load (get_logger)                                      : $$$$$$$$$$$$$$  Logger 'cshmd.load..........' initialized  $$$$$$$$$$$$$$
04/13 10:47 [DEBUG] cshmd.analysis (get_logger)                                  : $$$$$$$$$$$$$$  Logger 'cshmd.analysis......' initialized  $$$$$$$$$$$$$$
04/13 10:47 [DEBUG] cshmd.structure (get_logger)                                 : $$$$$$$$$$$$$$  Logger 'cshmd.structure.....' initialized  $$$$$$$$$$$$$$
04/13 10:47 [DEBUG] cshmd.builder (get_logger)                                   : $$$$$$$$$$$$$$  Logger 'cshmd.builder.......' initialized  $$$$$$$$$$$$$$
04/13 10:47 [DEBUG] cshmd.trj_analysis (get_logger)                              : $$$$$$$$$$$$$$  Logger 'cshmd.trj_analysis..' initialized  $$$$$$$$$$$$$$
04/13 10:47 [DEBUG] csh_info (get_logger)                                        : $$$$$$$$$$$$$$  Logger 'csh_info............' initialized  $$$$$$$$$$$$$$
04/13 10:47 [INFO] csh_info (main)                                               : Cif: tesy.cif
04/13 10:47 [INFO] cshmd.structure (__init__)                                    : tesy.cif was loaded
04/13 10:47 [DEBUG] cshmd.analysis (__init__)                                    : [Structure] Now new data setted for get Bonds
04/13 10:47 [DEBUG] cshmd.analysis (__del_bond__)                                : del -> Si_O O_H H_O Ca_O C_O BO NBO
04/13 10:47 [DEBUG] cshmd.analysis (__initialize_mole__)                         : initalize -> H2O SiO4 OH CO3 H3O
04/13 10:47 [DEBUG] cshmd.analysis (__initialize_mole__)                         : initalize -> SiOH CaOH HCO3 H2CO3 H3CO3
04/13 10:47 [DEBUG] cshmd.analysis (__init__)                                    : C-S-H Model not setted
04/13 10:47 [DEBUG] cshmd.analysis (find_bond)                                   : find_bond O - H rcut -> 1.2
04/13 10:47 [DEBUG] cshmd.common (time_wrapper)                                  : [RUNTIME] get_distance_table in 0.001 seconds
04/13 10:47 [DEBUG] cshmd.analysis (get_mole)                                    : get_mole O - H -> nbonds: 2
04/13 10:47 [DEBUG] cshmd.analysis (find_bond)                                   : find_bond Si - O rcut -> 2.2
04/13 10:47 [DEBUG] cshmd.common (time_wrapper)                                  : [RUNTIME] get_distance_table in 0.000 seconds
04/13 10:47 [DEBUG] cshmd.analysis (get_mole)                                    : get_mole Si - O -> nbonds: 4
04/13 10:47 [DEBUG] cshmd.analysis (get_mole)                                    : get_mole O - H -> nbonds: 1
04/13 10:47 [DEBUG] cshmd.analysis (find_bond)                                   : find_bond C - O rcut -> 1.6
04/13 10:47 [DEBUG] cshmd.analysis (get_mole)                                    : get_mole C - O -> nbonds: 3
04/13 10:47 [DEBUG] cshmd.analysis (get_mole)                                    : get_mole O - H -> nbonds: 3
04/13 10:47 [DEBUG] cshmd.analysis (find_bond)                                   : find_bond Ca - O rcut -> 3.0
04/13 10:47 [DEBUG] cshmd.common (time_wrapper)                                  : [RUNTIME] get_distance_table in 0.000 seconds
04/13 10:47 [DEBUG] cshmd.analysis (search_basic)                                : Basic search result -> H2O: 13, SiO4: 8, OH: 2, CO3: 0, H3O: 0, Ca_O: 71
04/13 10:47 [DEBUG] cshmd.analysis (full_search)                                 : Search layer details
04/13 10:47 [DEBUG] cshmd.analysis (find_bond)                                   : find_bond Ca - O rcut -> 3.0
04/13 10:47 [DEBUG] cshmd.analysis (find_bond)                                   : find_bond Si - O rcut -> 2.2
04/13 10:48 [DEBUG] cshmd.common (get_logger)                                    : $$$$$$$$$$$$$$  Logger 'cshmd.common........' initialized  $$$$$$$$$$$$$$
04/13 10:48 [DEBUG] cshmd.functions (get_logger)                                 : $$$$$$$$$$$$$$  Logger 'cshmd.functions.....' initialized  $$$$$$$$$$$$$$
04/13 10:48 [DEBUG] cshmd.load (get_logger)                                      : $$$$$$$$$$$$$$  Logger 'cshmd.load..........' initialized  $$$$$$$$$$$$$$
04/13 10:48 [DEBUG] cshmd.analysis (get_logger)                                  : $$$$$$$$$$$$$$  Logger 'cshmd.analysis......' initialized  $$$$$$$$$$$$$$
04/13 10:48 [DEBUG] cshmd.structure (get_logger)                                 : $$$$$$$$$$$$$$  Logger 'cshmd.structure.....' initialized  $$$$$$$$$$$$$$
04/13 10:48 [DEBUG] cshmd.builder (get_logger)                                   : $$$$$$$$$$$$$$  Logger 'cshmd.builder.......' initialized  $$$$$$$$$$$$$$
04/13 10:48 [DEBUG] cshmd.trj_analysis (get_logger)                              : $$$$$$$$$$$$$$  Logger 'cshmd.trj_analysis..' initialized  $$$$$$$$$$$$$$
04/13 10:48 [DEBUG] csh_info (get_logger)                                        : $$$$$$$$$$$$$$  Logger 'csh_info............' initialized  $$$$$$$$$$$$$$
04/13 10:48 [INFO] csh_info (main)                                               : Cif: tesy.cif
04/13 10:48 [INFO] cshmd.structure (__init__)                                    : tesy.cif was loaded
04/13 10:48 [DEBUG] cshmd.analysis (__init__)                                    : [Structure] Now new data setted for get Bonds
04/13 10:48 [DEBUG] cshmd.analysis (__del_bond__)                                : del -> Si_O O_H H_O Ca_O C_O BO NBO
04/13 10:48 [DEBUG] cshmd.analysis (__initialize_mole__)                         : initalize -> H2O SiO4 OH CO3 H3O
04/13 10:48 [DEBUG] cshmd.analysis (__initialize_mole__)                         : initalize -> SiOH CaOH HCO3 H2CO3 H3CO3
04/13 10:48 [DEBUG] cshmd.analysis (__init__)                                    : C-S-H Model not setted
04/13 10:48 [DEBUG] cshmd.analysis (find_bond)                                   : find_bond O - H rcut -> 1.2
04/13 10:48 [DEBUG] cshmd.common (time_wrapper)                                  : [RUNTIME] get_distance_table in 0.000 seconds
04/13 10:48 [DEBUG] cshmd.analysis (get_mole)                                    : get_mole O - H -> nbonds: 2
04/13 10:48 [DEBUG] cshmd.analysis (find_bond)                                   : find_bond Si - O rcut -> 2.2
04/13 10:48 [DEBUG] cshmd.common (time_wrapper)                                  : [RUNTIME] get_distance_table in 0.000 seconds
04/13 10:48 [DEBUG] cshmd.analysis (get_mole)                                    : get_mole Si - O -> nbonds: 4
04/13 10:48 [DEBUG] cshmd.analysis (get_mole)                                    : get_mole O - H -> nbonds: 1
04/13 10:48 [DEBUG] cshmd.analysis (find_bond)                                   : find_bond C - O rcut -> 1.6
04/13 10:48 [DEBUG] cshmd.analysis (get_mole)                                    : get_mole C - O -> nbonds: 3
04/13 10:48 [DEBUG] cshmd.analysis (get_mole)                                    : get_mole O - H -> nbonds: 3
04/13 10:48 [DEBUG] cshmd.analysis (find_bond)                                   : find_bond Ca - O rcut -> 3.0
04/13 10:48 [DEBUG] cshmd.common (time_wrapper)                                  : [RUNTIME] get_distance_table in 0.000 seconds
04/13 10:48 [DEBUG] cshmd.analysis (search_basic)                                : Basic search result -> H2O: 13, SiO4: 8, OH: 2, CO3: 0, H3O: 0, Ca_O: 71
04/13 10:48 [DEBUG] cshmd.analysis (full_search)                                 : Search layer details
04/13 10:48 [DEBUG] cshmd.analysis (find_bond)                                   : find_bond Ca - O rcut -> 3.0
04/13 10:48 [DEBUG] cshmd.analysis (find_bond)                                   : find_bond Si - O rcut -> 2.2
04/13 10:51 [DEBUG] cshmd.common (get_logger)                                    : $$$$$$$$$$$$$$  Logger 'cshmd.common........' initialized  $$$$$$$$$$$$$$
04/13 10:51 [DEBUG] cshmd.functions (get_logger)                                 : $$$$$$$$$$$$$$  Logger 'cshmd.functions.....' initialized  $$$$$$$$$$$$$$
04/13 10:51 [DEBUG] cshmd.load (get_logger)                                      : $$$$$$$$$$$$$$  Logger 'cshmd.load..........' initialized  $$$$$$$$$$$$$$
04/13 10:51 [DEBUG] cshmd.analysis (get_logger)                                  : $$$$$$$$$$$$$$  Logger 'cshmd.analysis......' initialized  $$$$$$$$$$$$$$
04/13 10:51 [DEBUG] cshmd.structure (get_logger)                                 : $$$$$$$$$$$$$$  Logger 'cshmd.structure.....' initialized  $$$$$$$$$$$$$$
04/13 10:51 [DEBUG] cshmd.builder (get_logger)                                   : $$$$$$$$$$$$$$  Logger 'cshmd.builder.......' initialized  $$$$$$$$$$$$$$
04/13 10:51 [DEBUG] cshmd.trj_analysis (get_logger)                              : $$$$$$$$$$$$$$  Logger 'cshmd.trj_analysis..' initialized  $$$$$$$$$$$$$$
04/13 10:51 [DEBUG] csh_info (get_logger)                                        : $$$$$$$$$$$$$$  Logger 'csh_info............' initialized  $$$$$$$$$$$$$$
04/13 10:51 [INFO] csh_info (main)                                               : Cif: tesy.cif
04/13 10:51 [INFO] cshmd.structure (__init__)                                    : tesy.cif was loaded
04/13 10:51 [DEBUG] cshmd.analysis (__init__)                                    : [Structure] Now new data setted for get Bonds
04/13 10:51 [DEBUG] cshmd.analysis (__del_bond__)                                : del -> Si_O O_H H_O Ca_O C_O BO NBO
04/13 10:51 [DEBUG] cshmd.analysis (__initialize_mole__)                         : initalize -> H2O SiO4 OH CO3 H3O
04/13 10:51 [DEBUG] cshmd.analysis (__initialize_mole__)                         : initalize -> SiOH CaOH HCO3 H2CO3 H3CO3
04/13 10:51 [DEBUG] cshmd.analysis (__init__)                                    : C-S-H Model not setted
04/13 10:51 [DEBUG] cshmd.analysis (find_bond)                                   : find_bond O - H rcut -> 1.2
04/13 10:51 [DEBUG] cshmd.common (time_wrapper)                                  : [RUNTIME] get_distance_table in 0.000 seconds
04/13 10:51 [DEBUG] cshmd.analysis (get_mole)                                    : get_mole O - H -> nbonds: 2
04/13 10:51 [DEBUG] cshmd.analysis (find_bond)                                   : find_bond Si - O rcut -> 2.2
04/13 10:51 [DEBUG] cshmd.common (time_wrapper)                                  : [RUNTIME] get_distance_table in 0.000 seconds
04/13 10:51 [DEBUG] cshmd.analysis (get_mole)                                    : get_mole Si - O -> nbonds: 4
04/13 10:51 [DEBUG] cshmd.analysis (get_mole)                                    : get_mole O - H -> nbonds: 1
04/13 10:51 [DEBUG] cshmd.analysis (find_bond)                                   : find_bond C - O rcut -> 1.6
04/13 10:51 [DEBUG] cshmd.analysis (get_mole)                                    : get_mole C - O -> nbonds: 3
04/13 10:51 [DEBUG] cshmd.analysis (get_mole)                                    : get_mole O - H -> nbonds: 3
04/13 10:51 [DEBUG] cshmd.analysis (find_bond)                                   : find_bond Ca - O rcut -> 3.0
04/13 10:51 [DEBUG] cshmd.common (time_wrapper)                                  : [RUNTIME] get_distance_table in 0.000 seconds
04/13 10:51 [DEBUG] cshmd.analysis (search_basic)                                : Basic search result -> H2O: 13, SiO4: 8, OH: 2, CO3: 0, H3O: 0, Ca_O: 71
04/13 10:51 [DEBUG] cshmd.analysis (full_search)                                 : Search layer details
04/13 10:51 [DEBUG] cshmd.analysis (find_bond)                                   : find_bond Ca - O rcut -> 3.0
04/13 10:51 [DEBUG] cshmd.analysis (find_bond)                                   : find_bond Si - O rcut -> 2.2
04/13 10:52 [DEBUG] cshmd.common (get_logger)                                    : $$$$$$$$$$$$$$  Logger 'cshmd.common........' initialized  $$$$$$$$$$$$$$
04/13 10:52 [DEBUG] cshmd.functions (get_logger)                                 : $$$$$$$$$$$$$$  Logger 'cshmd.functions.....' initialized  $$$$$$$$$$$$$$
04/13 10:52 [DEBUG] cshmd.load (get_logger)                                      : $$$$$$$$$$$$$$  Logger 'cshmd.load..........' initialized  $$$$$$$$$$$$$$
04/13 10:53 [DEBUG] cshmd.common (get_logger)                                    : $$$$$$$$$$$$$$  Logger 'cshmd.common........' initialized  $$$$$$$$$$$$$$
04/13 10:53 [DEBUG] cshmd.functions (get_logger)                                 : $$$$$$$$$$$$$$  Logger 'cshmd.functions.....' initialized  $$$$$$$$$$$$$$
04/13 10:53 [DEBUG] cshmd.load (get_logger)                                      : $$$$$$$$$$$$$$  Logger 'cshmd.load..........' initialized  $$$$$$$$$$$$$$
04/13 10:53 [DEBUG] cshmd.analysis (get_logger)                                  : $$$$$$$$$$$$$$  Logger 'cshmd.analysis......' initialized  $$$$$$$$$$$$$$
04/13 10:53 [DEBUG] cshmd.structure (get_logger)                                 : $$$$$$$$$$$$$$  Logger 'cshmd.structure.....' initialized  $$$$$$$$$$$$$$
04/13 10:53 [DEBUG] cshmd.builder (get_logger)                                   : $$$$$$$$$$$$$$  Logger 'cshmd.builder.......' initialized  $$$$$$$$$$$$$$
04/13 10:53 [DEBUG] cshmd.trj_analysis (get_logger)                              : $$$$$$$$$$$$$$  Logger 'cshmd.trj_analysis..' initialized  $$$$$$$$$$$$$$
04/13 10:53 [DEBUG] csh_info (get_logger)                                        : $$$$$$$$$$$$$$  Logger 'csh_info............' initialized  $$$$$$$$$$$$$$
04/13 10:53 [INFO] csh_info (main)                                               : Cif: tesy.cif
04/13 10:53 [INFO] cshmd.structure (__init__)                                    : tesy.cif was loaded
04/13 10:53 [DEBUG] cshmd.analysis (__init__)                                    : [Structure] Now new data setted for get Bonds
04/13 10:53 [DEBUG] cshmd.analysis (__del_bond__)                                : del -> Si_O O_H H_O Ca_O C_O BO NBO
04/13 10:53 [DEBUG] cshmd.analysis (__initialize_mole__)                         : initalize -> H2O SiO4 OH CO3 H3O
04/13 10:53 [DEBUG] cshmd.analysis (__initialize_mole__)                         : initalize -> SiOH CaOH HCO3 H2CO3 H3CO3
04/13 10:53 [DEBUG] cshmd.analysis (__init__)                                    : C-S-H Model not setted
04/13 10:53 [DEBUG] cshmd.analysis (find_bond)                                   : find_bond O - H rcut -> 1.2
04/13 10:53 [DEBUG] cshmd.common (time_wrapper)                                  : [RUNTIME] get_distance_table in 0.001 seconds
04/13 10:53 [DEBUG] cshmd.analysis (get_mole)                                    : get_mole O - H -> nbonds: 2
04/13 10:53 [DEBUG] cshmd.analysis (find_bond)                                   : find_bond Si - O rcut -> 2.2
04/13 10:53 [DEBUG] cshmd.common (time_wrapper)                                  : [RUNTIME] get_distance_table in 0.000 seconds
04/13 10:53 [DEBUG] cshmd.analysis (get_mole)                                    : get_mole Si - O -> nbonds: 4
04/13 10:53 [DEBUG] cshmd.analysis (get_mole)                                    : get_mole O - H -> nbonds: 1
04/13 10:53 [DEBUG] cshmd.analysis (find_bond)                                   : find_bond C - O rcut -> 1.6
04/13 10:53 [DEBUG] cshmd.analysis (get_mole)                                    : get_mole C - O -> nbonds: 3
04/13 10:53 [DEBUG] cshmd.analysis (get_mole)                                    : get_mole O - H -> nbonds: 3
04/13 10:53 [DEBUG] cshmd.analysis (find_bond)                                   : find_bond Ca - O rcut -> 3.0
04/13 10:53 [DEBUG] cshmd.common (time_wrapper)                                  : [RUNTIME] get_distance_table in 0.000 seconds
04/13 10:53 [DEBUG] cshmd.analysis (search_basic)                                : Basic search result -> H2O: 13, SiO4: 8, OH: 2, CO3: 0, H3O: 0, Ca_O: 71
04/13 10:53 [DEBUG] cshmd.analysis (full_search)                                 : Search layer details
04/13 10:53 [DEBUG] cshmd.analysis (find_bond)                                   : find_bond Ca - O rcut -> 3.0
04/13 10:53 [DEBUG] cshmd.analysis (find_bond)                                   : find_bond Si - O rcut -> 2.2
04/13 10:56 [DEBUG] cshmd.common (get_logger)                                    : $$$$$$$$$$$$$$  Logger 'cshmd.common........' initialized  $$$$$$$$$$$$$$
04/13 10:56 [DEBUG] cshmd.functions (get_logger)                                 : $$$$$$$$$$$$$$  Logger 'cshmd.functions.....' initialized  $$$$$$$$$$$$$$
04/13 10:56 [DEBUG] cshmd.load (get_logger)                                      : $$$$$$$$$$$$$$  Logger 'cshmd.load..........' initialized  $$$$$$$$$$$$$$
04/13 10:56 [DEBUG] cshmd.analysis (get_logger)                                  : $$$$$$$$$$$$$$  Logger 'cshmd.analysis......' initialized  $$$$$$$$$$$$$$
04/13 10:56 [DEBUG] cshmd.structure (get_logger)                                 : $$$$$$$$$$$$$$  Logger 'cshmd.structure.....' initialized  $$$$$$$$$$$$$$
04/13 10:56 [DEBUG] cshmd.builder (get_logger)                                   : $$$$$$$$$$$$$$  Logger 'cshmd.builder.......' initialized  $$$$$$$$$$$$$$
04/13 10:56 [DEBUG] cshmd.trj_analysis (get_logger)                              : $$$$$$$$$$$$$$  Logger 'cshmd.trj_analysis..' initialized  $$$$$$$$$$$$$$
04/13 10:56 [DEBUG] csh_info (get_logger)                                        : $$$$$$$$$$$$$$  Logger 'csh_info............' initialized  $$$$$$$$$$$$$$
04/13 10:56 [INFO] csh_info (main)                                               : Cif: tesy.cif
04/13 10:56 [INFO] cshmd.structure (__init__)                                    : tesy.cif was loaded
04/13 10:56 [DEBUG] cshmd.analysis (__init__)                                    : [Structure] Now new data setted for get Bonds
04/13 10:56 [DEBUG] cshmd.analysis (__del_bond__)                                : del -> Si_O O_H H_O Ca_O C_O BO NBO
04/13 10:56 [DEBUG] cshmd.analysis (__initialize_mole__)                         : initalize -> H2O SiO4 OH CO3 H3O
04/13 10:56 [DEBUG] cshmd.analysis (__initialize_mole__)                         : initalize -> SiOH CaOH HCO3 H2CO3 H3CO3
04/13 10:56 [DEBUG] cshmd.analysis (__init__)                                    : C-S-H Model not setted
04/13 10:56 [DEBUG] cshmd.analysis (find_bond)                                   : find_bond O - H rcut -> 1.2
04/13 10:56 [DEBUG] cshmd.common (time_wrapper)                                  : [RUNTIME] get_distance_table in 0.000 seconds
04/13 10:56 [DEBUG] cshmd.analysis (get_mole)                                    : get_mole O - H -> nbonds: 2
04/13 10:56 [DEBUG] cshmd.analysis (find_bond)                                   : find_bond Si - O rcut -> 2.2
04/13 10:56 [DEBUG] cshmd.common (time_wrapper)                                  : [RUNTIME] get_distance_table in 0.000 seconds
04/13 10:56 [DEBUG] cshmd.analysis (get_mole)                                    : get_mole Si - O -> nbonds: 4
04/13 10:56 [DEBUG] cshmd.analysis (get_mole)                                    : get_mole O - H -> nbonds: 1
04/13 10:56 [DEBUG] cshmd.analysis (find_bond)                                   : find_bond C - O rcut -> 1.6
04/13 10:56 [DEBUG] cshmd.analysis (get_mole)                                    : get_mole C - O -> nbonds: 3
04/13 10:56 [DEBUG] cshmd.analysis (get_mole)                                    : get_mole O - H -> nbonds: 3
04/13 10:56 [DEBUG] cshmd.analysis (find_bond)                                   : find_bond Ca - O rcut -> 3.0
04/13 10:56 [DEBUG] cshmd.common (time_wrapper)                                  : [RUNTIME] get_distance_table in 0.000 seconds
04/13 10:56 [DEBUG] cshmd.analysis (search_basic)                                : Basic search result -> H2O: 13, SiO4: 8, OH: 2, CO3: 0, H3O: 0, Ca_O: 71
04/13 10:56 [DEBUG] cshmd.analysis (full_search)                                 : Search layer details
04/13 10:56 [DEBUG] cshmd.analysis (find_bond)                                   : find_bond Ca - O rcut -> 3.0
04/13 10:56 [DEBUG] cshmd.analysis (find_bond)                                   : find_bond Si - O rcut -> 2.2
04/13 10:57 [DEBUG] cshmd.common (get_logger)                                    : $$$$$$$$$$$$$$  Logger 'cshmd.common........' initialized  $$$$$$$$$$$$$$
04/13 10:57 [DEBUG] cshmd.functions (get_logger)                                 : $$$$$$$$$$$$$$  Logger 'cshmd.functions.....' initialized  $$$$$$$$$$$$$$
04/13 10:57 [DEBUG] cshmd.load (get_logger)                                      : $$$$$$$$$$$$$$  Logger 'cshmd.load..........' initialized  $$$$$$$$$$$$$$
04/13 10:57 [DEBUG] cshmd.analysis (get_logger)                                  : $$$$$$$$$$$$$$  Logger 'cshmd.analysis......' initialized  $$$$$$$$$$$$$$
04/13 10:57 [DEBUG] cshmd.structure (get_logger)                                 : $$$$$$$$$$$$$$  Logger 'cshmd.structure.....' initialized  $$$$$$$$$$$$$$
04/13 10:57 [DEBUG] cshmd.builder (get_logger)                                   : $$$$$$$$$$$$$$  Logger 'cshmd.builder.......' initialized  $$$$$$$$$$$$$$
04/13 10:57 [DEBUG] cshmd.trj_analysis (get_logger)                              : $$$$$$$$$$$$$$  Logger 'cshmd.trj_analysis..' initialized  $$$$$$$$$$$$$$
04/13 10:57 [DEBUG] csh_info (get_logger)                                        : $$$$$$$$$$$$$$  Logger 'csh_info............' initialized  $$$$$$$$$$$$$$
04/13 10:57 [INFO] csh_info (main)                                               : Cif: tesy.cif
04/13 10:57 [INFO] cshmd.structure (__init__)                                    : tesy.cif was loaded
04/13 10:57 [DEBUG] cshmd.analysis (__init__)                                    : [Structure] Now new data setted for get Bonds
04/13 10:57 [DEBUG] cshmd.analysis (__del_bond__)                                : del -> Si_O O_H H_O Ca_O C_O BO NBO
04/13 10:57 [DEBUG] cshmd.analysis (__initialize_mole__)                         : initalize -> H2O SiO4 OH CO3 H3O
04/13 10:57 [DEBUG] cshmd.analysis (__initialize_mole__)                         : initalize -> SiOH CaOH HCO3 H2CO3 H3CO3
04/13 10:57 [DEBUG] cshmd.analysis (__init__)                                    : C-S-H Model not setted
04/13 10:57 [DEBUG] cshmd.analysis (find_bond)                                   : find_bond O - H rcut -> 1.2
04/13 10:57 [DEBUG] cshmd.common (time_wrapper)                                  : [RUNTIME] get_distance_table in 0.000 seconds
04/13 10:57 [DEBUG] cshmd.analysis (get_mole)                                    : get_mole O - H -> nbonds: 2
04/13 10:57 [DEBUG] cshmd.analysis (find_bond)                                   : find_bond Si - O rcut -> 2.2
04/13 10:57 [DEBUG] cshmd.common (time_wrapper)                                  : [RUNTIME] get_distance_table in 0.000 seconds
04/13 10:57 [DEBUG] cshmd.analysis (get_mole)                                    : get_mole Si - O -> nbonds: 4
04/13 10:57 [DEBUG] cshmd.analysis (get_mole)                                    : get_mole O - H -> nbonds: 1
04/13 10:57 [DEBUG] cshmd.analysis (find_bond)                                   : find_bond C - O rcut -> 1.6
04/13 10:57 [DEBUG] cshmd.analysis (get_mole)                                    : get_mole C - O -> nbonds: 3
04/13 10:57 [DEBUG] cshmd.analysis (get_mole)                                    : get_mole O - H -> nbonds: 3
04/13 10:57 [DEBUG] cshmd.analysis (find_bond)                                   : find_bond Ca - O rcut -> 3.0
04/13 10:57 [DEBUG] cshmd.common (time_wrapper)                                  : [RUNTIME] get_distance_table in 0.000 seconds
04/13 10:57 [DEBUG] cshmd.analysis (search_basic)                                : Basic search result -> H2O: 13, SiO4: 8, OH: 2, CO3: 0, H3O: 0, Ca_O: 71
04/13 10:57 [DEBUG] cshmd.analysis (full_search)                                 : Search layer details
04/13 10:57 [DEBUG] cshmd.analysis (find_bond)                                   : find_bond Ca - O rcut -> 3.0
04/13 10:57 [DEBUG] cshmd.analysis (find_bond)                                   : find_bond Si - O rcut -> 2.2
04/13 10:57 [DEBUG] cshmd.common (get_logger)                                    : $$$$$$$$$$$$$$  Logger 'cshmd.common........' initialized  $$$$$$$$$$$$$$
04/13 10:57 [DEBUG] cshmd.functions (get_logger)                                 : $$$$$$$$$$$$$$  Logger 'cshmd.functions.....' initialized  $$$$$$$$$$$$$$
04/13 10:57 [DEBUG] cshmd.load (get_logger)                                      : $$$$$$$$$$$$$$  Logger 'cshmd.load..........' initialized  $$$$$$$$$$$$$$
04/13 10:57 [DEBUG] cshmd.analysis (get_logger)                                  : $$$$$$$$$$$$$$  Logger 'cshmd.analysis......' initialized  $$$$$$$$$$$$$$
04/13 10:57 [DEBUG] cshmd.structure (get_logger)                                 : $$$$$$$$$$$$$$  Logger 'cshmd.structure.....' initialized  $$$$$$$$$$$$$$
04/13 10:57 [DEBUG] cshmd.builder (get_logger)                                   : $$$$$$$$$$$$$$  Logger 'cshmd.builder.......' initialized  $$$$$$$$$$$$$$
04/13 10:57 [DEBUG] cshmd.trj_analysis (get_logger)                              : $$$$$$$$$$$$$$  Logger 'cshmd.trj_analysis..' initialized  $$$$$$$$$$$$$$
04/13 10:57 [DEBUG] csh_info (get_logger)                                        : $$$$$$$$$$$$$$  Logger 'csh_info............' initialized  $$$$$$$$$$$$$$
04/13 10:57 [INFO] csh_info (main)                                               : Cif: tesy.cif
04/13 10:57 [INFO] cshmd.structure (__init__)                                    : tesy.cif was loaded
04/13 10:57 [DEBUG] cshmd.analysis (__init__)                                    : [Structure] Now new data setted for get Bonds
04/13 10:57 [DEBUG] cshmd.analysis (__del_bond__)                                : del -> Si_O O_H H_O Ca_O C_O BO NBO
04/13 10:57 [DEBUG] cshmd.analysis (__initialize_mole__)                         : initalize -> H2O SiO4 OH CO3 H3O
04/13 10:57 [DEBUG] cshmd.analysis (__initialize_mole__)                         : initalize -> SiOH CaOH HCO3 H2CO3 H3CO3
04/13 10:57 [DEBUG] cshmd.analysis (__init__)                                    : C-S-H Model not setted
04/13 10:57 [DEBUG] cshmd.analysis (find_bond)                                   : find_bond O - H rcut -> 1.2
04/13 10:57 [DEBUG] cshmd.common (time_wrapper)                                  : [RUNTIME] get_distance_table in 0.000 seconds
04/13 10:57 [DEBUG] cshmd.analysis (get_mole)                                    : get_mole O - H -> nbonds: 2
04/13 10:57 [DEBUG] cshmd.analysis (find_bond)                                   : find_bond Si - O rcut -> 2.2
04/13 10:57 [DEBUG] cshmd.common (time_wrapper)                                  : [RUNTIME] get_distance_table in 0.000 seconds
04/13 10:57 [DEBUG] cshmd.analysis (get_mole)                                    : get_mole Si - O -> nbonds: 4
04/13 10:57 [DEBUG] cshmd.analysis (get_mole)                                    : get_mole O - H -> nbonds: 1
04/13 10:57 [DEBUG] cshmd.analysis (find_bond)                                   : find_bond C - O rcut -> 1.6
04/13 10:57 [DEBUG] cshmd.analysis (get_mole)                                    : get_mole C - O -> nbonds: 3
04/13 10:57 [DEBUG] cshmd.analysis (get_mole)                                    : get_mole O - H -> nbonds: 3
04/13 10:57 [DEBUG] cshmd.analysis (find_bond)                                   : find_bond Ca - O rcut -> 3.0
04/13 10:57 [DEBUG] cshmd.common (time_wrapper)                                  : [RUNTIME] get_distance_table in 0.000 seconds
04/13 10:57 [DEBUG] cshmd.analysis (search_basic)                                : Basic search result -> H2O: 13, SiO4: 8, OH: 2, CO3: 0, H3O: 0, Ca_O: 71
04/13 10:57 [DEBUG] cshmd.analysis (full_search)                                 : Search layer details
04/13 10:57 [DEBUG] cshmd.analysis (find_bond)                                   : find_bond Ca - O rcut -> 3.0
04/13 10:57 [DEBUG] cshmd.analysis (find_bond)                                   : find_bond Si - O rcut -> 2.2
04/13 10:57 [DEBUG] cshmd.analysis (__detail_search_oh_co3)                      : No CO3 in basic search
04/13 10:57 [DEBUG] cshmd.analysis (__detail_search_oh_sioh)                     : Searching 'OH' in 'SiO4
04/13 10:57 [DEBUG] cshmd.analysis (__detail_search_oh_caoh)                     : Searching 'OH' in 'CaOH
04/13 10:57 [INFO] cshmd.analysis (Qn)                                           : [Structure] Q1: 1.000
04/13 10:57 [INFO] cshmd.analysis (CS)                                           : [Structure] C/S: 1.375
04/13 10:57 [INFO] cshmd.analysis (validate_tetra)                               : [Structure] BT: 0, PT: 8
04/13 10:57 [INFO] cshmd.analysis (MCL)                                          : [Structure] MCL: 1.000
04/13 10:57 [DEBUG] cshmd.analysis (__init__)                                    : <class 'cshmd.analysis.Chain'> loaded
04/13 10:57 [DEBUG] cshmd.analysis (__init__)                                    : <class 'cshmd.analysis.Chain'> loaded
04/13 10:57 [DEBUG] cshmd.analysis (__init__)                                    : <class 'cshmd.analysis.Chain'> loaded
04/13 10:57 [DEBUG] cshmd.analysis (__init__)                                    : <class 'cshmd.analysis.Chain'> loaded
04/13 10:57 [INFO] cshmd.analysis (validate_tetra)                               : [Structure] CL : Length 2: 1
04/13 10:57 [INFO] cshmd.analysis (validate_tetra)                               : [Structure] MCL : 2.0
04/13 10:57 [DEBUG] cshmd.common (get_logger)                                    : $$$$$$$$$$$$$$  Logger 'cshmd.common........' initialized  $$$$$$$$$$$$$$
04/13 10:57 [DEBUG] cshmd.functions (get_logger)                                 : $$$$$$$$$$$$$$  Logger 'cshmd.functions.....' initialized  $$$$$$$$$$$$$$
04/13 10:57 [DEBUG] cshmd.load (get_logger)                                      : $$$$$$$$$$$$$$  Logger 'cshmd.load..........' initialized  $$$$$$$$$$$$$$
04/13 10:57 [DEBUG] cshmd.analysis (get_logger)                                  : $$$$$$$$$$$$$$  Logger 'cshmd.analysis......' initialized  $$$$$$$$$$$$$$
04/13 10:57 [DEBUG] cshmd.structure (get_logger)                                 : $$$$$$$$$$$$$$  Logger 'cshmd.structure.....' initialized  $$$$$$$$$$$$$$
04/13 10:57 [DEBUG] cshmd.builder (get_logger)                                   : $$$$$$$$$$$$$$  Logger 'cshmd.builder.......' initialized  $$$$$$$$$$$$$$
04/13 10:57 [DEBUG] cshmd.trj_analysis (get_logger)                              : $$$$$$$$$$$$$$  Logger 'cshmd.trj_analysis..' initialized  $$$$$$$$$$$$$$
04/13 10:57 [DEBUG] csh_info (get_logger)                                        : $$$$$$$$$$$$$$  Logger 'csh_info............' initialized  $$$$$$$$$$$$$$
04/13 10:57 [INFO] csh_info (main)                                               : Cif: tesy.cif
04/13 10:57 [INFO] cshmd.structure (__init__)                                    : tesy.cif was loaded
04/13 10:57 [DEBUG] cshmd.analysis (__init__)                                    : [Structure] Now new data setted for get Bonds
04/13 10:57 [DEBUG] cshmd.analysis (__del_bond__)                                : del -> Si_O O_H H_O Ca_O C_O BO NBO
04/13 10:57 [DEBUG] cshmd.analysis (__initialize_mole__)                         : initalize -> H2O SiO4 OH CO3 H3O
04/13 10:57 [DEBUG] cshmd.analysis (__initialize_mole__)                         : initalize -> SiOH CaOH HCO3 H2CO3 H3CO3
04/13 10:57 [DEBUG] cshmd.analysis (__init__)                                    : C-S-H Model not setted
04/13 10:57 [DEBUG] cshmd.analysis (find_bond)                                   : find_bond O - H rcut -> 1.2
04/13 10:57 [DEBUG] cshmd.common (time_wrapper)                                  : [RUNTIME] get_distance_table in 0.000 seconds
04/13 10:57 [DEBUG] cshmd.analysis (get_mole)                                    : get_mole O - H -> nbonds: 2
04/13 10:57 [DEBUG] cshmd.analysis (find_bond)                                   : find_bond Si - O rcut -> 2.2
04/13 10:57 [DEBUG] cshmd.common (time_wrapper)                                  : [RUNTIME] get_distance_table in 0.000 seconds
04/13 10:57 [DEBUG] cshmd.analysis (get_mole)                                    : get_mole Si - O -> nbonds: 4
04/13 10:57 [DEBUG] cshmd.analysis (get_mole)                                    : get_mole O - H -> nbonds: 1
04/13 10:57 [DEBUG] cshmd.analysis (find_bond)                                   : find_bond C - O rcut -> 1.6
04/13 10:57 [DEBUG] cshmd.analysis (get_mole)                                    : get_mole C - O -> nbonds: 3
04/13 10:57 [DEBUG] cshmd.analysis (get_mole)                                    : get_mole O - H -> nbonds: 3
04/13 10:57 [DEBUG] cshmd.analysis (find_bond)                                   : find_bond Ca - O rcut -> 3.0
04/13 10:57 [DEBUG] cshmd.common (time_wrapper)                                  : [RUNTIME] get_distance_table in 0.000 seconds
04/13 10:57 [DEBUG] cshmd.analysis (search_basic)                                : Basic search result -> H2O: 13, SiO4: 8, OH: 2, CO3: 0, H3O: 0, Ca_O: 71
04/13 10:57 [DEBUG] cshmd.analysis (full_search)                                 : Search layer details
04/13 10:57 [DEBUG] cshmd.analysis (find_bond)                                   : find_bond Ca - O rcut -> 3.0
04/13 10:57 [DEBUG] cshmd.analysis (find_bond)                                   : find_bond Si - O rcut -> 2.2
04/13 10:57 [DEBUG] cshmd.analysis (__detail_search_oh_co3)                      : No CO3 in basic search
04/13 10:57 [DEBUG] cshmd.analysis (__detail_search_oh_sioh)                     : Searching 'OH' in 'SiO4
04/13 10:57 [DEBUG] cshmd.analysis (__detail_search_oh_caoh)                     : Searching 'OH' in 'CaOH
04/13 10:57 [INFO] cshmd.analysis (Qn)                                           : [Structure] Q1: 1.000
04/13 10:57 [INFO] cshmd.analysis (CS)                                           : [Structure] C/S: 1.375
04/13 10:57 [INFO] cshmd.analysis (validate_tetra)                               : [Structure] BT: 0, PT: 8
04/13 10:57 [INFO] cshmd.analysis (MCL)                                          : [Structure] MCL: 1.000
04/13 10:57 [DEBUG] cshmd.analysis (__init__)                                    : <class 'cshmd.analysis.Chain'> loaded
04/13 10:57 [DEBUG] cshmd.analysis (__init__)                                    : <class 'cshmd.analysis.Chain'> loaded
04/13 10:57 [DEBUG] cshmd.analysis (__init__)                                    : <class 'cshmd.analysis.Chain'> loaded
04/13 10:57 [DEBUG] cshmd.analysis (__init__)                                    : <class 'cshmd.analysis.Chain'> loaded
04/13 10:57 [INFO] cshmd.analysis (validate_tetra)                               : [Structure] CL : Length 2: 1
04/13 10:57 [INFO] cshmd.analysis (validate_tetra)                               : [Structure] MCL : 2.0
04/13 10:58 [DEBUG] cshmd.common (get_logger)                                    : $$$$$$$$$$$$$$  Logger 'cshmd.common........' initialized  $$$$$$$$$$$$$$
04/13 10:58 [DEBUG] cshmd.functions (get_logger)                                 : $$$$$$$$$$$$$$  Logger 'cshmd.functions.....' initialized  $$$$$$$$$$$$$$
04/13 10:58 [DEBUG] cshmd.load (get_logger)                                      : $$$$$$$$$$$$$$  Logger 'cshmd.load..........' initialized  $$$$$$$$$$$$$$
04/13 10:58 [DEBUG] cshmd.analysis (get_logger)                                  : $$$$$$$$$$$$$$  Logger 'cshmd.analysis......' initialized  $$$$$$$$$$$$$$
04/13 10:58 [DEBUG] cshmd.structure (get_logger)                                 : $$$$$$$$$$$$$$  Logger 'cshmd.structure.....' initialized  $$$$$$$$$$$$$$
04/13 10:58 [DEBUG] cshmd.builder (get_logger)                                   : $$$$$$$$$$$$$$  Logger 'cshmd.builder.......' initialized  $$$$$$$$$$$$$$
04/13 10:58 [DEBUG] cshmd.trj_analysis (get_logger)                              : $$$$$$$$$$$$$$  Logger 'cshmd.trj_analysis..' initialized  $$$$$$$$$$$$$$
04/13 10:58 [DEBUG] csh_info (get_logger)                                        : $$$$$$$$$$$$$$  Logger 'csh_info............' initialized  $$$$$$$$$$$$$$
04/13 10:58 [INFO] csh_info (main)                                               : Cif: tesy.cif
04/13 10:58 [INFO] cshmd.structure (__init__)                                    : tesy.cif was loaded
04/13 10:58 [DEBUG] cshmd.analysis (__init__)                                    : [Structure] Now new data setted for get Bonds
04/13 10:58 [DEBUG] cshmd.analysis (__del_bond__)                                : del -> Si_O O_H H_O Ca_O C_O BO NBO
04/13 10:58 [DEBUG] cshmd.analysis (__initialize_mole__)                         : initalize -> H2O SiO4 OH CO3 H3O
04/13 10:58 [DEBUG] cshmd.analysis (__initialize_mole__)                         : initalize -> SiOH CaOH HCO3 H2CO3 H3CO3
04/13 10:58 [DEBUG] cshmd.analysis (__init__)                                    : C-S-H Model not setted
04/13 10:58 [DEBUG] cshmd.analysis (find_bond)                                   : find_bond O - H rcut -> 1.2
04/13 10:58 [DEBUG] cshmd.common (time_wrapper)                                  : [RUNTIME] get_distance_table in 0.000 seconds
04/13 10:58 [DEBUG] cshmd.analysis (get_mole)                                    : get_mole O - H -> nbonds: 2
04/13 10:58 [DEBUG] cshmd.analysis (find_bond)                                   : find_bond Si - O rcut -> 2.2
04/13 10:58 [DEBUG] cshmd.common (time_wrapper)                                  : [RUNTIME] get_distance_table in 0.000 seconds
04/13 10:58 [DEBUG] cshmd.analysis (get_mole)                                    : get_mole Si - O -> nbonds: 4
04/13 10:58 [DEBUG] cshmd.analysis (get_mole)                                    : get_mole O - H -> nbonds: 1
04/13 10:58 [DEBUG] cshmd.analysis (find_bond)                                   : find_bond C - O rcut -> 1.6
04/13 10:58 [DEBUG] cshmd.analysis (get_mole)                                    : get_mole C - O -> nbonds: 3
04/13 10:58 [DEBUG] cshmd.analysis (get_mole)                                    : get_mole O - H -> nbonds: 3
04/13 10:58 [DEBUG] cshmd.analysis (find_bond)                                   : find_bond Ca - O rcut -> 3.0
04/13 10:58 [DEBUG] cshmd.common (time_wrapper)                                  : [RUNTIME] get_distance_table in 0.000 seconds
04/13 10:58 [DEBUG] cshmd.analysis (search_basic)                                : Basic search result -> H2O: 13, SiO4: 8, OH: 2, CO3: 0, H3O: 0, Ca_O: 71
04/13 10:58 [DEBUG] cshmd.analysis (full_search)                                 : Search layer details
04/13 10:58 [DEBUG] cshmd.analysis (find_bond)                                   : find_bond Ca - O rcut -> 3.0
04/13 10:58 [DEBUG] cshmd.analysis (find_bond)                                   : find_bond Si - O rcut -> 2.2
04/13 11:00 [DEBUG] cshmd.common (get_logger)                                    : $$$$$$$$$$$$$$  Logger 'cshmd.common........' initialized  $$$$$$$$$$$$$$
04/13 11:00 [DEBUG] cshmd.functions (get_logger)                                 : $$$$$$$$$$$$$$  Logger 'cshmd.functions.....' initialized  $$$$$$$$$$$$$$
04/13 11:00 [DEBUG] cshmd.load (get_logger)                                      : $$$$$$$$$$$$$$  Logger 'cshmd.load..........' initialized  $$$$$$$$$$$$$$
04/13 11:00 [DEBUG] cshmd.analysis (get_logger)                                  : $$$$$$$$$$$$$$  Logger 'cshmd.analysis......' initialized  $$$$$$$$$$$$$$
04/13 11:00 [DEBUG] cshmd.structure (get_logger)                                 : $$$$$$$$$$$$$$  Logger 'cshmd.structure.....' initialized  $$$$$$$$$$$$$$
04/13 11:00 [DEBUG] cshmd.builder (get_logger)                                   : $$$$$$$$$$$$$$  Logger 'cshmd.builder.......' initialized  $$$$$$$$$$$$$$
04/13 11:00 [DEBUG] cshmd.trj_analysis (get_logger)                              : $$$$$$$$$$$$$$  Logger 'cshmd.trj_analysis..' initialized  $$$$$$$$$$$$$$
04/13 11:00 [DEBUG] csh_info (get_logger)                                        : $$$$$$$$$$$$$$  Logger 'csh_info............' initialized  $$$$$$$$$$$$$$
04/13 11:00 [INFO] csh_info (main)                                               : Cif: tesy.cif
04/13 11:00 [INFO] cshmd.structure (__init__)                                    : tesy.cif was loaded
04/13 11:00 [DEBUG] cshmd.analysis (__init__)                                    : [Structure] Now new data setted for get Bonds
04/13 11:00 [DEBUG] cshmd.analysis (__del_bond__)                                : del -> Si_O O_H H_O Ca_O C_O BO NBO
04/13 11:00 [DEBUG] cshmd.analysis (__initialize_mole__)                         : initalize -> H2O SiO4 OH CO3 H3O
04/13 11:00 [DEBUG] cshmd.analysis (__initialize_mole__)                         : initalize -> SiOH CaOH HCO3 H2CO3 H3CO3
04/13 11:00 [DEBUG] cshmd.analysis (__init__)                                    : C-S-H Model not setted
04/13 11:00 [DEBUG] cshmd.analysis (find_bond)                                   : find_bond O - H rcut -> 1.2
04/13 11:00 [DEBUG] cshmd.common (time_wrapper)                                  : [RUNTIME] get_distance_table in 0.001 seconds
04/13 11:00 [DEBUG] cshmd.analysis (get_mole)                                    : get_mole O - H -> nbonds: 2
04/13 11:00 [DEBUG] cshmd.analysis (find_bond)                                   : find_bond Si - O rcut -> 2.2
04/13 11:00 [DEBUG] cshmd.common (time_wrapper)                                  : [RUNTIME] get_distance_table in 0.000 seconds
04/13 11:00 [DEBUG] cshmd.analysis (get_mole)                                    : get_mole Si - O -> nbonds: 4
04/13 11:00 [DEBUG] cshmd.analysis (get_mole)                                    : get_mole O - H -> nbonds: 1
04/13 11:00 [DEBUG] cshmd.analysis (find_bond)                                   : find_bond C - O rcut -> 1.6
04/13 11:00 [DEBUG] cshmd.analysis (get_mole)                                    : get_mole C - O -> nbonds: 3
04/13 11:00 [DEBUG] cshmd.analysis (get_mole)                                    : get_mole O - H -> nbonds: 3
04/13 11:00 [DEBUG] cshmd.analysis (find_bond)                                   : find_bond Ca - O rcut -> 3.0
04/13 11:00 [DEBUG] cshmd.common (time_wrapper)                                  : [RUNTIME] get_distance_table in 0.000 seconds
04/13 11:00 [DEBUG] cshmd.analysis (search_basic)                                : Basic search result -> H2O: 13, SiO4: 8, OH: 2, CO3: 0, H3O: 0, Ca_O: 71
04/13 11:00 [DEBUG] cshmd.analysis (full_search)                                 : Search layer details
04/13 11:00 [DEBUG] cshmd.analysis (find_bond)                                   : find_bond Ca - O rcut -> 3.0
04/13 11:00 [DEBUG] cshmd.analysis (find_bond)                                   : find_bond Si - O rcut -> 2.2
04/13 11:00 [DEBUG] cshmd.common (get_logger)                                    : $$$$$$$$$$$$$$  Logger 'cshmd.common........' initialized  $$$$$$$$$$$$$$
04/13 11:00 [DEBUG] cshmd.functions (get_logger)                                 : $$$$$$$$$$$$$$  Logger 'cshmd.functions.....' initialized  $$$$$$$$$$$$$$
04/13 11:00 [DEBUG] cshmd.load (get_logger)                                      : $$$$$$$$$$$$$$  Logger 'cshmd.load..........' initialized  $$$$$$$$$$$$$$
04/13 11:00 [DEBUG] cshmd.analysis (get_logger)                                  : $$$$$$$$$$$$$$  Logger 'cshmd.analysis......' initialized  $$$$$$$$$$$$$$
04/13 11:00 [DEBUG] cshmd.structure (get_logger)                                 : $$$$$$$$$$$$$$  Logger 'cshmd.structure.....' initialized  $$$$$$$$$$$$$$
04/13 11:00 [DEBUG] cshmd.builder (get_logger)                                   : $$$$$$$$$$$$$$  Logger 'cshmd.builder.......' initialized  $$$$$$$$$$$$$$
04/13 11:00 [DEBUG] cshmd.trj_analysis (get_logger)                              : $$$$$$$$$$$$$$  Logger 'cshmd.trj_analysis..' initialized  $$$$$$$$$$$$$$
04/13 11:00 [DEBUG] csh_info (get_logger)                                        : $$$$$$$$$$$$$$  Logger 'csh_info............' initialized  $$$$$$$$$$$$$$
04/13 11:00 [INFO] csh_info (main)                                               : Cif: tesy.cif
04/13 11:00 [INFO] cshmd.structure (__init__)                                    : tesy.cif was loaded
04/13 11:00 [DEBUG] cshmd.analysis (__init__)                                    : [Structure] Now new data setted for get Bonds
04/13 11:00 [DEBUG] cshmd.analysis (__del_bond__)                                : del -> Si_O O_H H_O Ca_O C_O BO NBO
04/13 11:00 [DEBUG] cshmd.analysis (__initialize_mole__)                         : initalize -> H2O SiO4 OH CO3 H3O
04/13 11:00 [DEBUG] cshmd.analysis (__initialize_mole__)                         : initalize -> SiOH CaOH HCO3 H2CO3 H3CO3
04/13 11:00 [DEBUG] cshmd.analysis (__init__)                                    : C-S-H Model not setted
04/13 11:00 [DEBUG] cshmd.analysis (find_bond)                                   : find_bond O - H rcut -> 1.2
04/13 11:00 [DEBUG] cshmd.common (time_wrapper)                                  : [RUNTIME] get_distance_table in 0.000 seconds
04/13 11:00 [DEBUG] cshmd.analysis (get_mole)                                    : get_mole O - H -> nbonds: 2
04/13 11:00 [DEBUG] cshmd.analysis (find_bond)                                   : find_bond Si - O rcut -> 2.2
04/13 11:00 [DEBUG] cshmd.common (time_wrapper)                                  : [RUNTIME] get_distance_table in 0.000 seconds
04/13 11:00 [DEBUG] cshmd.analysis (get_mole)                                    : get_mole Si - O -> nbonds: 4
04/13 11:00 [DEBUG] cshmd.analysis (get_mole)                                    : get_mole O - H -> nbonds: 1
04/13 11:00 [DEBUG] cshmd.analysis (find_bond)                                   : find_bond C - O rcut -> 1.6
04/13 11:00 [DEBUG] cshmd.analysis (get_mole)                                    : get_mole C - O -> nbonds: 3
04/13 11:00 [DEBUG] cshmd.analysis (get_mole)                                    : get_mole O - H -> nbonds: 3
04/13 11:00 [DEBUG] cshmd.analysis (find_bond)                                   : find_bond Ca - O rcut -> 3.0
04/13 11:00 [DEBUG] cshmd.common (time_wrapper)                                  : [RUNTIME] get_distance_table in 0.000 seconds
04/13 11:00 [DEBUG] cshmd.analysis (search_basic)                                : Basic search result -> H2O: 13, SiO4: 8, OH: 2, CO3: 0, H3O: 0, Ca_O: 71
04/13 11:00 [DEBUG] cshmd.analysis (full_search)                                 : Search layer details
04/13 11:00 [DEBUG] cshmd.analysis (find_bond)                                   : find_bond Ca - O rcut -> 3.0
04/13 11:00 [DEBUG] cshmd.analysis (find_bond)                                   : find_bond Si - O rcut -> 2.2
04/13 11:02 [DEBUG] cshmd.common (get_logger)                                    : $$$$$$$$$$$$$$  Logger 'cshmd.common........' initialized  $$$$$$$$$$$$$$
04/13 11:02 [DEBUG] cshmd.functions (get_logger)                                 : $$$$$$$$$$$$$$  Logger 'cshmd.functions.....' initialized  $$$$$$$$$$$$$$
04/13 11:02 [DEBUG] cshmd.load (get_logger)                                      : $$$$$$$$$$$$$$  Logger 'cshmd.load..........' initialized  $$$$$$$$$$$$$$
04/13 11:02 [DEBUG] cshmd.analysis (get_logger)                                  : $$$$$$$$$$$$$$  Logger 'cshmd.analysis......' initialized  $$$$$$$$$$$$$$
04/13 11:02 [DEBUG] cshmd.structure (get_logger)                                 : $$$$$$$$$$$$$$  Logger 'cshmd.structure.....' initialized  $$$$$$$$$$$$$$
04/13 11:02 [DEBUG] cshmd.builder (get_logger)                                   : $$$$$$$$$$$$$$  Logger 'cshmd.builder.......' initialized  $$$$$$$$$$$$$$
04/13 11:02 [DEBUG] cshmd.trj_analysis (get_logger)                              : $$$$$$$$$$$$$$  Logger 'cshmd.trj_analysis..' initialized  $$$$$$$$$$$$$$
04/13 11:02 [DEBUG] csh_info (get_logger)                                        : $$$$$$$$$$$$$$  Logger 'csh_info............' initialized  $$$$$$$$$$$$$$
04/13 11:02 [INFO] csh_info (main)                                               : Cif: tesy.cif
04/13 11:02 [INFO] cshmd.structure (__init__)                                    : tesy.cif was loaded
04/13 11:02 [DEBUG] cshmd.analysis (__init__)                                    : [Structure] Now new data setted for get Bonds
04/13 11:02 [DEBUG] cshmd.analysis (__del_bond__)                                : del -> Si_O O_H H_O Ca_O C_O BO NBO
04/13 11:02 [DEBUG] cshmd.analysis (__initialize_mole__)                         : initalize -> H2O SiO4 OH CO3 H3O
04/13 11:02 [DEBUG] cshmd.analysis (__initialize_mole__)                         : initalize -> SiOH CaOH HCO3 H2CO3 H3CO3
04/13 11:02 [DEBUG] cshmd.analysis (__init__)                                    : C-S-H Model not setted
04/13 11:02 [DEBUG] cshmd.analysis (find_bond)                                   : find_bond O - H rcut -> 1.2
04/13 11:02 [DEBUG] cshmd.common (time_wrapper)                                  : [RUNTIME] get_distance_table in 0.000 seconds
04/13 11:02 [DEBUG] cshmd.analysis (get_mole)                                    : get_mole O - H -> nbonds: 2
04/13 11:02 [DEBUG] cshmd.analysis (find_bond)                                   : find_bond Si - O rcut -> 2.2
04/13 11:02 [DEBUG] cshmd.common (time_wrapper)                                  : [RUNTIME] get_distance_table in 0.000 seconds
04/13 11:02 [DEBUG] cshmd.analysis (get_mole)                                    : get_mole Si - O -> nbonds: 4
04/13 11:02 [DEBUG] cshmd.analysis (get_mole)                                    : get_mole O - H -> nbonds: 1
04/13 11:02 [DEBUG] cshmd.analysis (find_bond)                                   : find_bond C - O rcut -> 1.6
04/13 11:02 [DEBUG] cshmd.analysis (get_mole)                                    : get_mole C - O -> nbonds: 3
04/13 11:02 [DEBUG] cshmd.analysis (get_mole)                                    : get_mole O - H -> nbonds: 3
04/13 11:02 [DEBUG] cshmd.analysis (find_bond)                                   : find_bond Ca - O rcut -> 3.0
04/13 11:02 [DEBUG] cshmd.common (time_wrapper)                                  : [RUNTIME] get_distance_table in 0.000 seconds
04/13 11:02 [DEBUG] cshmd.analysis (search_basic)                                : Basic search result -> H2O: 13, SiO4: 8, OH: 2, CO3: 0, H3O: 0, Ca_O: 71
04/13 11:02 [DEBUG] cshmd.analysis (full_search)                                 : Search layer details
04/13 11:02 [DEBUG] cshmd.analysis (find_bond)                                   : find_bond Ca - O rcut -> 3.0
04/13 11:02 [DEBUG] cshmd.analysis (find_bond)                                   : find_bond Si - O rcut -> 2.2
04/13 11:04 [DEBUG] cshmd.common (get_logger)                                    : $$$$$$$$$$$$$$  Logger 'cshmd.common........' initialized  $$$$$$$$$$$$$$
04/13 11:04 [DEBUG] cshmd.functions (get_logger)                                 : $$$$$$$$$$$$$$  Logger 'cshmd.functions.....' initialized  $$$$$$$$$$$$$$
04/13 11:04 [DEBUG] cshmd.load (get_logger)                                      : $$$$$$$$$$$$$$  Logger 'cshmd.load..........' initialized  $$$$$$$$$$$$$$
04/13 11:04 [DEBUG] cshmd.analysis (get_logger)                                  : $$$$$$$$$$$$$$  Logger 'cshmd.analysis......' initialized  $$$$$$$$$$$$$$
04/13 11:04 [DEBUG] cshmd.structure (get_logger)                                 : $$$$$$$$$$$$$$  Logger 'cshmd.structure.....' initialized  $$$$$$$$$$$$$$
04/13 11:04 [DEBUG] cshmd.builder (get_logger)                                   : $$$$$$$$$$$$$$  Logger 'cshmd.builder.......' initialized  $$$$$$$$$$$$$$
04/13 11:04 [DEBUG] cshmd.trj_analysis (get_logger)                              : $$$$$$$$$$$$$$  Logger 'cshmd.trj_analysis..' initialized  $$$$$$$$$$$$$$
04/13 11:04 [DEBUG] csh_info (get_logger)                                        : $$$$$$$$$$$$$$  Logger 'csh_info............' initialized  $$$$$$$$$$$$$$
04/13 11:04 [INFO] csh_info (main)                                               : Cif: tesy.cif
04/13 11:04 [INFO] cshmd.structure (__init__)                                    : tesy.cif was loaded
04/13 11:04 [DEBUG] cshmd.analysis (__init__)                                    : [Structure] Now new data setted for get Bonds
04/13 11:04 [DEBUG] cshmd.analysis (__del_bond__)                                : del -> Si_O O_H H_O Ca_O C_O BO NBO
04/13 11:04 [DEBUG] cshmd.analysis (__initialize_mole__)                         : initalize -> H2O SiO4 OH CO3 H3O
04/13 11:04 [DEBUG] cshmd.analysis (__initialize_mole__)                         : initalize -> SiOH CaOH HCO3 H2CO3 H3CO3
04/13 11:04 [DEBUG] cshmd.analysis (__init__)                                    : C-S-H Model not setted
04/13 11:04 [DEBUG] cshmd.analysis (find_bond)                                   : find_bond O - H rcut -> 1.2
04/13 11:04 [DEBUG] cshmd.common (time_wrapper)                                  : [RUNTIME] get_distance_table in 0.000 seconds
04/13 11:04 [DEBUG] cshmd.analysis (get_mole)                                    : get_mole O - H -> nbonds: 2
04/13 11:04 [DEBUG] cshmd.analysis (find_bond)                                   : find_bond Si - O rcut -> 2.2
04/13 11:04 [DEBUG] cshmd.common (time_wrapper)                                  : [RUNTIME] get_distance_table in 0.000 seconds
04/13 11:04 [DEBUG] cshmd.analysis (get_mole)                                    : get_mole Si - O -> nbonds: 4
04/13 11:04 [DEBUG] cshmd.analysis (get_mole)                                    : get_mole O - H -> nbonds: 1
04/13 11:04 [DEBUG] cshmd.analysis (find_bond)                                   : find_bond C - O rcut -> 1.6
04/13 11:04 [DEBUG] cshmd.analysis (get_mole)                                    : get_mole C - O -> nbonds: 3
04/13 11:04 [DEBUG] cshmd.analysis (get_mole)                                    : get_mole O - H -> nbonds: 3
04/13 11:04 [DEBUG] cshmd.analysis (find_bond)                                   : find_bond Ca - O rcut -> 3.0
04/13 11:04 [DEBUG] cshmd.common (time_wrapper)                                  : [RUNTIME] get_distance_table in 0.000 seconds
04/13 11:04 [DEBUG] cshmd.analysis (search_basic)                                : Basic search result -> H2O: 13, SiO4: 8, OH: 2, CO3: 0, H3O: 0, Ca_O: 71
04/13 11:04 [DEBUG] cshmd.analysis (full_search)                                 : Search layer details
04/13 11:04 [DEBUG] cshmd.analysis (find_bond)                                   : find_bond Ca - O rcut -> 3.0
04/13 11:04 [DEBUG] cshmd.analysis (find_bond)                                   : find_bond Si - O rcut -> 2.2
04/13 11:05 [DEBUG] cshmd.common (get_logger)                                    : $$$$$$$$$$$$$$  Logger 'cshmd.common........' initialized  $$$$$$$$$$$$$$
04/13 11:05 [DEBUG] cshmd.functions (get_logger)                                 : $$$$$$$$$$$$$$  Logger 'cshmd.functions.....' initialized  $$$$$$$$$$$$$$
04/13 11:05 [DEBUG] cshmd.load (get_logger)                                      : $$$$$$$$$$$$$$  Logger 'cshmd.load..........' initialized  $$$$$$$$$$$$$$
04/13 11:05 [DEBUG] cshmd.analysis (get_logger)                                  : $$$$$$$$$$$$$$  Logger 'cshmd.analysis......' initialized  $$$$$$$$$$$$$$
04/13 11:05 [DEBUG] cshmd.structure (get_logger)                                 : $$$$$$$$$$$$$$  Logger 'cshmd.structure.....' initialized  $$$$$$$$$$$$$$
04/13 11:05 [DEBUG] cshmd.builder (get_logger)                                   : $$$$$$$$$$$$$$  Logger 'cshmd.builder.......' initialized  $$$$$$$$$$$$$$
04/13 11:05 [DEBUG] cshmd.trj_analysis (get_logger)                              : $$$$$$$$$$$$$$  Logger 'cshmd.trj_analysis..' initialized  $$$$$$$$$$$$$$
04/13 11:05 [DEBUG] csh_info (get_logger)                                        : $$$$$$$$$$$$$$  Logger 'csh_info............' initialized  $$$$$$$$$$$$$$
04/13 11:05 [INFO] csh_info (main)                                               : Cif: tesy.cif
04/13 11:05 [INFO] cshmd.structure (__init__)                                    : tesy.cif was loaded
04/13 11:05 [DEBUG] cshmd.analysis (__init__)                                    : [Structure] Now new data setted for get Bonds
04/13 11:05 [DEBUG] cshmd.analysis (__del_bond__)                                : del -> Si_O O_H H_O Ca_O C_O BO NBO
04/13 11:05 [DEBUG] cshmd.analysis (__initialize_mole__)                         : initalize -> H2O SiO4 OH CO3 H3O
04/13 11:05 [DEBUG] cshmd.analysis (__initialize_mole__)                         : initalize -> SiOH CaOH HCO3 H2CO3 H3CO3
04/13 11:05 [DEBUG] cshmd.analysis (__init__)                                    : C-S-H Model not setted
04/13 11:05 [DEBUG] cshmd.analysis (find_bond)                                   : find_bond O - H rcut -> 1.2
04/13 11:05 [DEBUG] cshmd.common (time_wrapper)                                  : [RUNTIME] get_distance_table in 0.000 seconds
04/13 11:05 [DEBUG] cshmd.analysis (get_mole)                                    : get_mole O - H -> nbonds: 2
04/13 11:05 [DEBUG] cshmd.analysis (find_bond)                                   : find_bond Si - O rcut -> 2.2
04/13 11:05 [DEBUG] cshmd.common (time_wrapper)                                  : [RUNTIME] get_distance_table in 0.000 seconds
04/13 11:05 [DEBUG] cshmd.analysis (get_mole)                                    : get_mole Si - O -> nbonds: 4
04/13 11:05 [DEBUG] cshmd.analysis (get_mole)                                    : get_mole O - H -> nbonds: 1
04/13 11:05 [DEBUG] cshmd.analysis (find_bond)                                   : find_bond C - O rcut -> 1.6
04/13 11:05 [DEBUG] cshmd.analysis (get_mole)                                    : get_mole C - O -> nbonds: 3
04/13 11:05 [DEBUG] cshmd.analysis (get_mole)                                    : get_mole O - H -> nbonds: 3
04/13 11:05 [DEBUG] cshmd.analysis (find_bond)                                   : find_bond Ca - O rcut -> 3.0
04/13 11:05 [DEBUG] cshmd.common (time_wrapper)                                  : [RUNTIME] get_distance_table in 0.000 seconds
04/13 11:05 [DEBUG] cshmd.analysis (search_basic)                                : Basic search result -> H2O: 13, SiO4: 8, OH: 2, CO3: 0, H3O: 0, Ca_O: 71
04/13 11:05 [DEBUG] cshmd.analysis (full_search)                                 : Search layer details
04/13 11:05 [DEBUG] cshmd.analysis (find_bond)                                   : find_bond Ca - O rcut -> 3.0
04/13 11:05 [DEBUG] cshmd.analysis (find_bond)                                   : find_bond Si - O rcut -> 2.2
04/13 11:24 [DEBUG] cshmd.common (get_logger)                                    : $$$$$$$$$$$$$$  Logger 'cshmd.common........' initialized  $$$$$$$$$$$$$$
04/13 11:24 [DEBUG] cshmd.functions (get_logger)                                 : $$$$$$$$$$$$$$  Logger 'cshmd.functions.....' initialized  $$$$$$$$$$$$$$
04/13 11:24 [DEBUG] cshmd.load (get_logger)                                      : $$$$$$$$$$$$$$  Logger 'cshmd.load..........' initialized  $$$$$$$$$$$$$$
04/13 11:24 [DEBUG] cshmd.analysis (get_logger)                                  : $$$$$$$$$$$$$$  Logger 'cshmd.analysis......' initialized  $$$$$$$$$$$$$$
04/13 11:24 [DEBUG] cshmd.structure (get_logger)                                 : $$$$$$$$$$$$$$  Logger 'cshmd.structure.....' initialized  $$$$$$$$$$$$$$
04/13 11:24 [DEBUG] cshmd.builder (get_logger)                                   : $$$$$$$$$$$$$$  Logger 'cshmd.builder.......' initialized  $$$$$$$$$$$$$$
04/13 11:24 [DEBUG] cshmd.trj_analysis (get_logger)                              : $$$$$$$$$$$$$$  Logger 'cshmd.trj_analysis..' initialized  $$$$$$$$$$$$$$
04/13 11:24 [DEBUG] csh_info (get_logger)                                        : $$$$$$$$$$$$$$  Logger 'csh_info............' initialized  $$$$$$$$$$$$$$
04/13 11:24 [INFO] csh_info (main)                                               : Cif: tesy.cif
04/13 11:24 [INFO] cshmd.structure (__init__)                                    : tesy.cif was loaded
04/13 11:24 [DEBUG] cshmd.analysis (__init__)                                    : [Structure] Now new data setted for get Bonds
04/13 11:24 [DEBUG] cshmd.analysis (__del_bond__)                                : del -> Si_O O_H H_O Ca_O C_O BO NBO
04/13 11:24 [DEBUG] cshmd.analysis (__initialize_mole__)                         : initalize -> H2O SiO4 OH CO3 H3O
04/13 11:24 [DEBUG] cshmd.analysis (__initialize_mole__)                         : initalize -> SiOH CaOH HCO3 H2CO3 H3CO3
04/13 11:24 [DEBUG] cshmd.analysis (__init__)                                    : C-S-H Model not setted
04/13 11:24 [DEBUG] cshmd.analysis (find_bond)                                   : find_bond O - H rcut -> 1.2
04/13 11:24 [DEBUG] cshmd.common (time_wrapper)                                  : [RUNTIME] get_distance_table in 0.001 seconds
04/13 11:24 [DEBUG] cshmd.analysis (get_mole)                                    : get_mole O - H -> nbonds: 2
04/13 11:24 [DEBUG] cshmd.analysis (find_bond)                                   : find_bond Si - O rcut -> 2.2
04/13 11:24 [DEBUG] cshmd.common (time_wrapper)                                  : [RUNTIME] get_distance_table in 0.000 seconds
04/13 11:24 [DEBUG] cshmd.analysis (get_mole)                                    : get_mole Si - O -> nbonds: 4
04/13 11:24 [DEBUG] cshmd.analysis (get_mole)                                    : get_mole O - H -> nbonds: 1
04/13 11:24 [DEBUG] cshmd.analysis (find_bond)                                   : find_bond C - O rcut -> 1.6
04/13 11:24 [DEBUG] cshmd.analysis (get_mole)                                    : get_mole C - O -> nbonds: 3
04/13 11:24 [DEBUG] cshmd.analysis (get_mole)                                    : get_mole O - H -> nbonds: 3
04/13 11:24 [DEBUG] cshmd.analysis (find_bond)                                   : find_bond Ca - O rcut -> 3.0
04/13 11:24 [DEBUG] cshmd.common (time_wrapper)                                  : [RUNTIME] get_distance_table in 0.000 seconds
04/13 11:24 [DEBUG] cshmd.analysis (search_basic)                                : Basic search result -> H2O: 13, SiO4: 8, OH: 2, CO3: 0, H3O: 0, Ca_O: 71
04/13 11:24 [DEBUG] cshmd.analysis (full_search)                                 : Search layer details
04/13 11:24 [DEBUG] cshmd.analysis (find_bond)                                   : find_bond Ca - O rcut -> 3.0
04/13 11:24 [DEBUG] cshmd.analysis (find_bond)                                   : find_bond Si - O rcut -> 2.2
04/13 11:25 [DEBUG] cshmd.common (get_logger)                                    : $$$$$$$$$$$$$$  Logger 'cshmd.common........' initialized  $$$$$$$$$$$$$$
04/13 11:25 [DEBUG] cshmd.functions (get_logger)                                 : $$$$$$$$$$$$$$  Logger 'cshmd.functions.....' initialized  $$$$$$$$$$$$$$
04/13 11:25 [DEBUG] cshmd.load (get_logger)                                      : $$$$$$$$$$$$$$  Logger 'cshmd.load..........' initialized  $$$$$$$$$$$$$$
04/13 11:25 [DEBUG] cshmd.analysis (get_logger)                                  : $$$$$$$$$$$$$$  Logger 'cshmd.analysis......' initialized  $$$$$$$$$$$$$$
04/13 11:25 [DEBUG] cshmd.structure (get_logger)                                 : $$$$$$$$$$$$$$  Logger 'cshmd.structure.....' initialized  $$$$$$$$$$$$$$
04/13 11:25 [DEBUG] cshmd.builder (get_logger)                                   : $$$$$$$$$$$$$$  Logger 'cshmd.builder.......' initialized  $$$$$$$$$$$$$$
04/13 11:25 [DEBUG] cshmd.trj_analysis (get_logger)                              : $$$$$$$$$$$$$$  Logger 'cshmd.trj_analysis..' initialized  $$$$$$$$$$$$$$
04/13 11:25 [DEBUG] csh_info (get_logger)                                        : $$$$$$$$$$$$$$  Logger 'csh_info............' initialized  $$$$$$$$$$$$$$
04/13 11:25 [INFO] csh_info (main)                                               : Cif: tesy.cif
04/13 11:25 [INFO] cshmd.structure (__init__)                                    : tesy.cif was loaded
04/13 11:25 [DEBUG] cshmd.analysis (__init__)                                    : [Structure] Now new data setted for get Bonds
04/13 11:25 [DEBUG] cshmd.analysis (__del_bond__)                                : del -> Si_O O_H H_O Ca_O C_O BO NBO
04/13 11:25 [DEBUG] cshmd.analysis (__initialize_mole__)                         : initalize -> H2O SiO4 OH CO3 H3O
04/13 11:25 [DEBUG] cshmd.analysis (__initialize_mole__)                         : initalize -> SiOH CaOH HCO3 H2CO3 H3CO3
04/13 11:25 [DEBUG] cshmd.analysis (__init__)                                    : C-S-H Model not setted
04/13 11:25 [DEBUG] cshmd.analysis (find_bond)                                   : find_bond O - H rcut -> 1.2
04/13 11:25 [DEBUG] cshmd.common (time_wrapper)                                  : [RUNTIME] get_distance_table in 0.000 seconds
04/13 11:25 [DEBUG] cshmd.analysis (get_mole)                                    : get_mole O - H -> nbonds: 2
04/13 11:25 [DEBUG] cshmd.analysis (find_bond)                                   : find_bond Si - O rcut -> 2.2
04/13 11:25 [DEBUG] cshmd.common (time_wrapper)                                  : [RUNTIME] get_distance_table in 0.000 seconds
04/13 11:25 [DEBUG] cshmd.analysis (get_mole)                                    : get_mole Si - O -> nbonds: 4
04/13 11:25 [DEBUG] cshmd.analysis (get_mole)                                    : get_mole O - H -> nbonds: 1
04/13 11:25 [DEBUG] cshmd.analysis (find_bond)                                   : find_bond C - O rcut -> 1.6
04/13 11:25 [DEBUG] cshmd.analysis (get_mole)                                    : get_mole C - O -> nbonds: 3
04/13 11:25 [DEBUG] cshmd.analysis (get_mole)                                    : get_mole O - H -> nbonds: 3
04/13 11:25 [DEBUG] cshmd.analysis (find_bond)                                   : find_bond Ca - O rcut -> 3.0
04/13 11:25 [DEBUG] cshmd.common (time_wrapper)                                  : [RUNTIME] get_distance_table in 0.000 seconds
04/13 11:25 [DEBUG] cshmd.analysis (search_basic)                                : Basic search result -> H2O: 13, SiO4: 8, OH: 2, CO3: 0, H3O: 0, Ca_O: 71
04/13 11:25 [DEBUG] cshmd.analysis (full_search)                                 : Search layer details
04/13 11:25 [DEBUG] cshmd.analysis (find_bond)                                   : find_bond Ca - O rcut -> 3.0
04/13 11:25 [DEBUG] cshmd.analysis (find_bond)                                   : find_bond Si - O rcut -> 2.2
04/13 11:25 [DEBUG] cshmd.common (get_logger)                                    : $$$$$$$$$$$$$$  Logger 'cshmd.common........' initialized  $$$$$$$$$$$$$$
04/13 11:25 [DEBUG] cshmd.functions (get_logger)                                 : $$$$$$$$$$$$$$  Logger 'cshmd.functions.....' initialized  $$$$$$$$$$$$$$
04/13 11:25 [DEBUG] cshmd.load (get_logger)                                      : $$$$$$$$$$$$$$  Logger 'cshmd.load..........' initialized  $$$$$$$$$$$$$$
04/13 11:25 [DEBUG] cshmd.analysis (get_logger)                                  : $$$$$$$$$$$$$$  Logger 'cshmd.analysis......' initialized  $$$$$$$$$$$$$$
04/13 11:25 [DEBUG] cshmd.structure (get_logger)                                 : $$$$$$$$$$$$$$  Logger 'cshmd.structure.....' initialized  $$$$$$$$$$$$$$
04/13 11:25 [DEBUG] cshmd.builder (get_logger)                                   : $$$$$$$$$$$$$$  Logger 'cshmd.builder.......' initialized  $$$$$$$$$$$$$$
04/13 11:25 [DEBUG] cshmd.trj_analysis (get_logger)                              : $$$$$$$$$$$$$$  Logger 'cshmd.trj_analysis..' initialized  $$$$$$$$$$$$$$
04/13 11:25 [DEBUG] csh_info (get_logger)                                        : $$$$$$$$$$$$$$  Logger 'csh_info............' initialized  $$$$$$$$$$$$$$
04/13 11:25 [INFO] csh_info (main)                                               : Cif: tesy.cif
04/13 11:25 [INFO] cshmd.structure (__init__)                                    : tesy.cif was loaded
04/13 11:25 [DEBUG] cshmd.analysis (__init__)                                    : [Structure] Now new data setted for get Bonds
04/13 11:25 [DEBUG] cshmd.analysis (__del_bond__)                                : del -> Si_O O_H H_O Ca_O C_O BO NBO
04/13 11:25 [DEBUG] cshmd.analysis (__initialize_mole__)                         : initalize -> H2O SiO4 OH CO3 H3O
04/13 11:25 [DEBUG] cshmd.analysis (__initialize_mole__)                         : initalize -> SiOH CaOH HCO3 H2CO3 H3CO3
04/13 11:25 [DEBUG] cshmd.analysis (__init__)                                    : C-S-H Model not setted
04/13 11:25 [DEBUG] cshmd.analysis (find_bond)                                   : find_bond O - H rcut -> 1.2
04/13 11:25 [DEBUG] cshmd.common (time_wrapper)                                  : [RUNTIME] get_distance_table in 0.000 seconds
04/13 11:25 [DEBUG] cshmd.analysis (get_mole)                                    : get_mole O - H -> nbonds: 2
04/13 11:25 [DEBUG] cshmd.analysis (find_bond)                                   : find_bond Si - O rcut -> 2.2
04/13 11:25 [DEBUG] cshmd.common (time_wrapper)                                  : [RUNTIME] get_distance_table in 0.000 seconds
04/13 11:25 [DEBUG] cshmd.analysis (get_mole)                                    : get_mole Si - O -> nbonds: 4
04/13 11:25 [DEBUG] cshmd.analysis (get_mole)                                    : get_mole O - H -> nbonds: 1
04/13 11:25 [DEBUG] cshmd.analysis (find_bond)                                   : find_bond C - O rcut -> 1.6
04/13 11:25 [DEBUG] cshmd.analysis (get_mole)                                    : get_mole C - O -> nbonds: 3
04/13 11:25 [DEBUG] cshmd.analysis (get_mole)                                    : get_mole O - H -> nbonds: 3
04/13 11:25 [DEBUG] cshmd.analysis (find_bond)                                   : find_bond Ca - O rcut -> 3.0
04/13 11:25 [DEBUG] cshmd.common (time_wrapper)                                  : [RUNTIME] get_distance_table in 0.000 seconds
04/13 11:25 [DEBUG] cshmd.analysis (search_basic)                                : Basic search result -> H2O: 13, SiO4: 8, OH: 2, CO3: 0, H3O: 0, Ca_O: 71
04/13 11:25 [DEBUG] cshmd.analysis (full_search)                                 : Search layer details
04/13 11:25 [DEBUG] cshmd.analysis (find_bond)                                   : find_bond Ca - O rcut -> 3.0
04/13 11:25 [DEBUG] cshmd.analysis (find_bond)                                   : find_bond Si - O rcut -> 2.2
04/13 11:25 [DEBUG] cshmd.analysis (__detail_search_oh_co3)                      : No CO3 in basic search
04/13 11:25 [DEBUG] cshmd.analysis (__detail_search_oh_sioh)                     : Searching 'OH' in 'SiO4
04/13 11:25 [DEBUG] cshmd.analysis (__detail_search_oh_caoh)                     : Searching 'OH' in 'CaOH
04/13 11:25 [INFO] cshmd.analysis (Qn)                                           : [Structure] Q1: 1.000
04/13 11:25 [INFO] cshmd.analysis (CS)                                           : [Structure] C/S: 1.375
04/13 11:25 [INFO] cshmd.analysis (validate_tetra)                               : [Structure] BT: 0, PT: 8
04/13 11:25 [INFO] cshmd.analysis (MCL)                                          : [Structure] MCL: 1.000
04/13 11:25 [DEBUG] cshmd.analysis (__init__)                                    : <class 'cshmd.analysis.Chain'> loaded
04/13 11:25 [DEBUG] cshmd.analysis (__init__)                                    : <class 'cshmd.analysis.Chain'> loaded
04/13 11:25 [DEBUG] cshmd.analysis (__init__)                                    : <class 'cshmd.analysis.Chain'> loaded
04/13 11:25 [DEBUG] cshmd.analysis (__init__)                                    : <class 'cshmd.analysis.Chain'> loaded
04/13 11:25 [INFO] cshmd.analysis (validate_tetra)                               : [Structure] CL : Length 2: 1
04/13 11:25 [INFO] cshmd.analysis (validate_tetra)                               : [Structure] MCL : 2.0
04/13 11:25 [DEBUG] cshmd.common (get_logger)                                    : $$$$$$$$$$$$$$  Logger 'cshmd.common........' initialized  $$$$$$$$$$$$$$
04/13 11:25 [DEBUG] cshmd.functions (get_logger)                                 : $$$$$$$$$$$$$$  Logger 'cshmd.functions.....' initialized  $$$$$$$$$$$$$$
04/13 11:25 [DEBUG] cshmd.load (get_logger)                                      : $$$$$$$$$$$$$$  Logger 'cshmd.load..........' initialized  $$$$$$$$$$$$$$
04/13 11:25 [DEBUG] cshmd.analysis (get_logger)                                  : $$$$$$$$$$$$$$  Logger 'cshmd.analysis......' initialized  $$$$$$$$$$$$$$
04/13 11:25 [DEBUG] cshmd.structure (get_logger)                                 : $$$$$$$$$$$$$$  Logger 'cshmd.structure.....' initialized  $$$$$$$$$$$$$$
04/13 11:25 [DEBUG] cshmd.builder (get_logger)                                   : $$$$$$$$$$$$$$  Logger 'cshmd.builder.......' initialized  $$$$$$$$$$$$$$
04/13 11:25 [DEBUG] cshmd.trj_analysis (get_logger)                              : $$$$$$$$$$$$$$  Logger 'cshmd.trj_analysis..' initialized  $$$$$$$$$$$$$$
04/13 11:25 [DEBUG] csh_info (get_logger)                                        : $$$$$$$$$$$$$$  Logger 'csh_info............' initialized  $$$$$$$$$$$$$$
04/13 11:25 [INFO] csh_info (main)                                               : Cif: L02.cif
04/13 11:25 [INFO] cshmd.structure (__init__)                                    : L02.cif was loaded
04/13 11:25 [DEBUG] cshmd.analysis (__init__)                                    : [Structure] Now new data setted for get Bonds
04/13 11:25 [DEBUG] cshmd.analysis (__del_bond__)                                : del -> Si_O O_H H_O Ca_O C_O BO NBO
04/13 11:25 [DEBUG] cshmd.analysis (__initialize_mole__)                         : initalize -> H2O SiO4 OH CO3 H3O
04/13 11:25 [DEBUG] cshmd.analysis (__initialize_mole__)                         : initalize -> SiOH CaOH HCO3 H2CO3 H3CO3
04/13 11:25 [DEBUG] cshmd.analysis (__init__)                                    : C-S-H Model not setted
04/13 11:25 [DEBUG] cshmd.analysis (find_bond)                                   : find_bond O - H rcut -> 1.2
04/13 11:25 [DEBUG] cshmd.common (time_wrapper)                                  : [RUNTIME] get_distance_table in 0.828 seconds
04/13 11:25 [DEBUG] cshmd.analysis (get_mole)                                    : get_mole O - H -> nbonds: 2
04/13 11:25 [DEBUG] cshmd.analysis (find_bond)                                   : find_bond Si - O rcut -> 2.2
04/13 11:25 [DEBUG] cshmd.common (time_wrapper)                                  : [RUNTIME] get_distance_table in 0.251 seconds
04/13 11:25 [DEBUG] cshmd.analysis (get_mole)                                    : get_mole Si - O -> nbonds: 4
04/13 11:25 [DEBUG] cshmd.analysis (get_mole)                                    : get_mole O - H -> nbonds: 1
04/13 11:25 [DEBUG] cshmd.analysis (find_bond)                                   : find_bond C - O rcut -> 1.6
04/13 11:25 [DEBUG] cshmd.analysis (get_mole)                                    : get_mole C - O -> nbonds: 3
04/13 11:25 [DEBUG] cshmd.analysis (get_mole)                                    : get_mole O - H -> nbonds: 3
04/13 11:25 [DEBUG] cshmd.analysis (find_bond)                                   : find_bond Ca - O rcut -> 3.0
04/13 11:25 [DEBUG] cshmd.common (time_wrapper)                                  : [RUNTIME] get_distance_table in 0.377 seconds
04/13 11:25 [DEBUG] cshmd.analysis (search_basic)                                : Basic search result -> H2O: 832, SiO4: 512, OH: 128, CO3: 0, H3O: 0, Ca_O: 4544
04/13 11:25 [DEBUG] cshmd.analysis (full_search)                                 : Search layer details
04/13 11:25 [DEBUG] cshmd.analysis (find_bond)                                   : find_bond Ca - O rcut -> 3.0
04/13 11:25 [DEBUG] cshmd.analysis (find_bond)                                   : find_bond Si - O rcut -> 2.2
04/13 11:25 [DEBUG] cshmd.analysis (__detail_search_oh_co3)                      : No CO3 in basic search
04/13 11:25 [DEBUG] cshmd.analysis (__detail_search_oh_sioh)                     : Searching 'OH' in 'SiO4
04/13 11:25 [DEBUG] cshmd.analysis (__detail_search_oh_caoh)                     : Searching 'OH' in 'CaOH
04/13 11:25 [INFO] cshmd.analysis (Qn)                                           : [Structure] Q1: 1.000
04/13 11:25 [INFO] cshmd.analysis (CS)                                           : [Structure] C/S: 1.375
04/13 11:25 [INFO] cshmd.analysis (validate_tetra)                               : [Structure] BT: 0, PT: 512
04/13 11:25 [INFO] cshmd.analysis (MCL)                                          : [Structure] MCL: 1.000
04/13 11:25 [DEBUG] cshmd.analysis (__init__)                                    : <class 'cshmd.analysis.Chain'> loaded
04/13 11:25 [DEBUG] cshmd.analysis (__init__)                                    : <class 'cshmd.analysis.Chain'> loaded
04/13 11:25 [DEBUG] cshmd.analysis (__init__)                                    : <class 'cshmd.analysis.Chain'> loaded
04/13 11:25 [DEBUG] cshmd.analysis (__init__)                                    : <class 'cshmd.analysis.Chain'> loaded
04/13 11:25 [INFO] cshmd.analysis (validate_tetra)                               : [Structure] CL : Length 2: 64
04/13 11:25 [INFO] cshmd.analysis (validate_tetra)                               : [Structure] MCL : 2.0
04/13 11:28 [DEBUG] cshmd.common (get_logger)                                    : $$$$$$$$$$$$$$  Logger 'cshmd.common........' initialized  $$$$$$$$$$$$$$
04/13 11:28 [DEBUG] cshmd.functions (get_logger)                                 : $$$$$$$$$$$$$$  Logger 'cshmd.functions.....' initialized  $$$$$$$$$$$$$$
04/13 11:28 [DEBUG] cshmd.load (get_logger)                                      : $$$$$$$$$$$$$$  Logger 'cshmd.load..........' initialized  $$$$$$$$$$$$$$
04/13 11:28 [DEBUG] cshmd.analysis (get_logger)                                  : $$$$$$$$$$$$$$  Logger 'cshmd.analysis......' initialized  $$$$$$$$$$$$$$
04/13 11:28 [DEBUG] cshmd.structure (get_logger)                                 : $$$$$$$$$$$$$$  Logger 'cshmd.structure.....' initialized  $$$$$$$$$$$$$$
04/13 11:28 [DEBUG] cshmd.builder (get_logger)                                   : $$$$$$$$$$$$$$  Logger 'cshmd.builder.......' initialized  $$$$$$$$$$$$$$
04/13 11:28 [DEBUG] cshmd.trj_analysis (get_logger)                              : $$$$$$$$$$$$$$  Logger 'cshmd.trj_analysis..' initialized  $$$$$$$$$$$$$$
04/13 11:28 [DEBUG] csh_info (get_logger)                                        : $$$$$$$$$$$$$$  Logger 'csh_info............' initialized  $$$$$$$$$$$$$$
04/13 11:28 [INFO] csh_info (main)                                               : Cif: L02.cif
04/13 11:28 [INFO] cshmd.structure (__init__)                                    : L02.cif was loaded
04/13 11:28 [DEBUG] cshmd.analysis (__init__)                                    : [Structure] Now new data setted for get Bonds
04/13 11:28 [DEBUG] cshmd.analysis (__del_bond__)                                : del -> Si_O O_H H_O Ca_O C_O BO NBO
04/13 11:28 [DEBUG] cshmd.analysis (__initialize_mole__)                         : initalize -> H2O SiO4 OH CO3 H3O
04/13 11:28 [DEBUG] cshmd.analysis (__initialize_mole__)                         : initalize -> SiOH CaOH HCO3 H2CO3 H3CO3
04/13 11:28 [DEBUG] cshmd.analysis (__init__)                                    : C-S-H Model not setted
04/13 11:28 [DEBUG] cshmd.analysis (find_bond)                                   : find_bond O - H rcut -> 1.2
04/13 11:28 [DEBUG] cshmd.common (time_wrapper)                                  : [RUNTIME] get_distance_table in 0.828 seconds
04/13 11:28 [DEBUG] cshmd.analysis (get_mole)                                    : get_mole O - H -> nbonds: 2
04/13 11:28 [DEBUG] cshmd.analysis (find_bond)                                   : find_bond Si - O rcut -> 2.2
04/13 11:28 [DEBUG] cshmd.common (time_wrapper)                                  : [RUNTIME] get_distance_table in 0.263 seconds
04/13 11:28 [DEBUG] cshmd.analysis (get_mole)                                    : get_mole Si - O -> nbonds: 4
04/13 11:28 [DEBUG] cshmd.analysis (get_mole)                                    : get_mole O - H -> nbonds: 1
04/13 11:28 [DEBUG] cshmd.analysis (find_bond)                                   : find_bond C - O rcut -> 1.6
04/13 11:28 [DEBUG] cshmd.analysis (get_mole)                                    : get_mole C - O -> nbonds: 3
04/13 11:28 [DEBUG] cshmd.analysis (get_mole)                                    : get_mole O - H -> nbonds: 3
04/13 11:28 [DEBUG] cshmd.analysis (find_bond)                                   : find_bond Ca - O rcut -> 3.0
04/13 11:28 [DEBUG] cshmd.common (time_wrapper)                                  : [RUNTIME] get_distance_table in 0.373 seconds
04/13 11:28 [DEBUG] cshmd.analysis (search_basic)                                : Basic search result -> H2O: 832, SiO4: 512, OH: 128, CO3: 0, H3O: 0, Ca_O: 4544
04/13 11:28 [DEBUG] cshmd.analysis (full_search)                                 : Search layer details
04/13 11:28 [DEBUG] cshmd.analysis (find_bond)                                   : find_bond Ca - O rcut -> 3.0
04/13 11:28 [DEBUG] cshmd.analysis (find_bond)                                   : find_bond Si - O rcut -> 2.2
04/13 11:28 [DEBUG] cshmd.analysis (__detail_search_oh_co3)                      : No CO3 in basic search
04/13 11:28 [DEBUG] cshmd.analysis (__detail_search_oh_sioh)                     : Searching 'OH' in 'SiO4
04/13 11:28 [DEBUG] cshmd.analysis (__detail_search_oh_caoh)                     : Searching 'OH' in 'CaOH
04/13 11:28 [INFO] cshmd.analysis (Qn)                                           : [Structure] Q1: 1.000
04/13 11:28 [INFO] cshmd.analysis (CS)                                           : [Structure] C/S: 1.375
04/13 11:28 [INFO] cshmd.analysis (validate_tetra)                               : [Structure] BT: 0, PT: 512
04/13 11:28 [INFO] cshmd.analysis (MCL)                                          : [Structure] MCL: 1.000
04/13 11:28 [DEBUG] cshmd.analysis (__init__)                                    : <class 'cshmd.analysis.Chain'> loaded
04/13 11:28 [DEBUG] cshmd.analysis (__init__)                                    : <class 'cshmd.analysis.Chain'> loaded
04/13 11:28 [DEBUG] cshmd.analysis (__init__)                                    : <class 'cshmd.analysis.Chain'> loaded
04/13 11:28 [DEBUG] cshmd.analysis (__init__)                                    : <class 'cshmd.analysis.Chain'> loaded
04/13 11:28 [INFO] cshmd.analysis (validate_tetra)                               : [Structure] CL : Length 2: 64
04/13 11:28 [INFO] cshmd.analysis (validate_tetra)                               : [Structure] MCL : 2.0
04/13 12:13 [DEBUG] cshmd.common (get_logger)                                    : $$$$$$$$$$$$$$  Logger 'cshmd.common........' initialized  $$$$$$$$$$$$$$
04/13 12:13 [DEBUG] cshmd.functions (get_logger)                                 : $$$$$$$$$$$$$$  Logger 'cshmd.functions.....' initialized  $$$$$$$$$$$$$$
04/13 12:13 [DEBUG] cshmd.load (get_logger)                                      : $$$$$$$$$$$$$$  Logger 'cshmd.load..........' initialized  $$$$$$$$$$$$$$
04/13 12:13 [DEBUG] cshmd.analysis (get_logger)                                  : $$$$$$$$$$$$$$  Logger 'cshmd.analysis......' initialized  $$$$$$$$$$$$$$
04/13 12:13 [DEBUG] cshmd.structure (get_logger)                                 : $$$$$$$$$$$$$$  Logger 'cshmd.structure.....' initialized  $$$$$$$$$$$$$$
04/13 12:13 [DEBUG] cshmd.builder (get_logger)                                   : $$$$$$$$$$$$$$  Logger 'cshmd.builder.......' initialized  $$$$$$$$$$$$$$
04/13 12:13 [DEBUG] cshmd.trj_analysis (get_logger)                              : $$$$$$$$$$$$$$  Logger 'cshmd.trj_analysis..' initialized  $$$$$$$$$$$$$$
04/13 12:13 [DEBUG] csh_info (get_logger)                                        : $$$$$$$$$$$$$$  Logger 'csh_info............' initialized  $$$$$$$$$$$$$$
04/13 12:13 [INFO] csh_info (main)                                               : Cif: tesy.cif
04/13 12:13 [INFO] cshmd.structure (__init__)                                    : tesy.cif was loaded
04/13 12:13 [DEBUG] cshmd.analysis (__init__)                                    : [Structure] Now new data setted for get Bonds
04/13 12:13 [DEBUG] cshmd.analysis (__del_bond__)                                : del -> Si_O O_H H_O Ca_O C_O BO NBO
04/13 12:13 [DEBUG] cshmd.analysis (__initialize_mole__)                         : initalize -> H2O SiO4 OH CO3 H3O
04/13 12:13 [DEBUG] cshmd.analysis (__initialize_mole__)                         : initalize -> SiOH CaOH HCO3 H2CO3 H3CO3
04/13 12:13 [DEBUG] cshmd.analysis (__init__)                                    : C-S-H Model not setted
04/13 12:13 [DEBUG] cshmd.analysis (find_bond)                                   : find_bond O - H rcut -> 1.2
04/13 12:13 [DEBUG] cshmd.common (time_wrapper)                                  : [RUNTIME] get_distance_table in 0.001 seconds
04/13 12:13 [DEBUG] cshmd.analysis (get_mole)                                    : get_mole O - H -> nbonds: 2
04/13 12:13 [DEBUG] cshmd.analysis (find_bond)                                   : find_bond Si - O rcut -> 2.2
04/13 12:13 [DEBUG] cshmd.common (time_wrapper)                                  : [RUNTIME] get_distance_table in 0.000 seconds
04/13 12:13 [DEBUG] cshmd.analysis (get_mole)                                    : get_mole Si - O -> nbonds: 4
04/13 12:13 [DEBUG] cshmd.analysis (get_mole)                                    : get_mole O - H -> nbonds: 1
04/13 12:13 [DEBUG] cshmd.analysis (find_bond)                                   : find_bond C - O rcut -> 1.6
04/13 12:13 [DEBUG] cshmd.analysis (get_mole)                                    : get_mole C - O -> nbonds: 3
04/13 12:13 [DEBUG] cshmd.analysis (get_mole)                                    : get_mole O - H -> nbonds: 3
04/13 12:13 [DEBUG] cshmd.analysis (find_bond)                                   : find_bond Ca - O rcut -> 3.0
04/13 12:13 [DEBUG] cshmd.common (time_wrapper)                                  : [RUNTIME] get_distance_table in 0.000 seconds
04/13 12:13 [DEBUG] cshmd.analysis (search_basic)                                : Basic search result -> H2O: 13, SiO4: 8, OH: 2, CO3: 0, H3O: 0, Ca_O: 71
04/13 12:13 [DEBUG] cshmd.analysis (full_search)                                 : Search layer details
04/13 12:13 [DEBUG] cshmd.analysis (find_bond)                                   : find_bond Ca - O rcut -> 3.0
04/13 12:13 [DEBUG] cshmd.analysis (find_bond)                                   : find_bond Si - O rcut -> 2.2
04/13 12:13 [DEBUG] cshmd.analysis (__detail_search_oh_co3)                      : No CO3 in basic search
04/13 12:13 [DEBUG] cshmd.analysis (__detail_search_oh_sioh)                     : Searching 'OH' in 'SiO4
04/13 12:13 [DEBUG] cshmd.analysis (__detail_search_oh_caoh)                     : Searching 'OH' in 'CaOH
04/13 12:14 [DEBUG] cshmd.common (get_logger)                                    : $$$$$$$$$$$$$$  Logger 'cshmd.common........' initialized  $$$$$$$$$$$$$$
04/13 12:14 [DEBUG] cshmd.functions (get_logger)                                 : $$$$$$$$$$$$$$  Logger 'cshmd.functions.....' initialized  $$$$$$$$$$$$$$
04/13 12:14 [DEBUG] cshmd.load (get_logger)                                      : $$$$$$$$$$$$$$  Logger 'cshmd.load..........' initialized  $$$$$$$$$$$$$$
04/13 12:14 [DEBUG] cshmd.analysis (get_logger)                                  : $$$$$$$$$$$$$$  Logger 'cshmd.analysis......' initialized  $$$$$$$$$$$$$$
04/13 12:14 [DEBUG] cshmd.structure (get_logger)                                 : $$$$$$$$$$$$$$  Logger 'cshmd.structure.....' initialized  $$$$$$$$$$$$$$
04/13 12:14 [DEBUG] cshmd.builder (get_logger)                                   : $$$$$$$$$$$$$$  Logger 'cshmd.builder.......' initialized  $$$$$$$$$$$$$$
04/13 12:14 [DEBUG] cshmd.trj_analysis (get_logger)                              : $$$$$$$$$$$$$$  Logger 'cshmd.trj_analysis..' initialized  $$$$$$$$$$$$$$
04/13 12:14 [DEBUG] csh_info (get_logger)                                        : $$$$$$$$$$$$$$  Logger 'csh_info............' initialized  $$$$$$$$$$$$$$
04/13 12:14 [INFO] csh_info (main)                                               : Cif: tesy.cif
04/13 12:14 [INFO] cshmd.structure (__init__)                                    : tesy.cif was loaded
04/13 12:14 [DEBUG] cshmd.analysis (__init__)                                    : [Structure] Now new data setted for get Bonds
04/13 12:14 [DEBUG] cshmd.analysis (__del_bond__)                                : del -> Si_O O_H H_O Ca_O C_O BO NBO
04/13 12:14 [DEBUG] cshmd.analysis (__initialize_mole__)                         : initalize -> H2O SiO4 OH CO3 H3O
04/13 12:14 [DEBUG] cshmd.analysis (__initialize_mole__)                         : initalize -> SiOH CaOH HCO3 H2CO3 H3CO3
04/13 12:14 [DEBUG] cshmd.analysis (__init__)                                    : C-S-H Model not setted
04/13 12:14 [DEBUG] cshmd.analysis (find_bond)                                   : find_bond O - H rcut -> 1.2
04/13 12:14 [DEBUG] cshmd.common (time_wrapper)                                  : [RUNTIME] get_distance_table in 0.000 seconds
04/13 12:14 [DEBUG] cshmd.analysis (get_mole)                                    : get_mole O - H -> nbonds: 2
04/13 12:14 [DEBUG] cshmd.analysis (find_bond)                                   : find_bond Si - O rcut -> 2.2
04/13 12:14 [DEBUG] cshmd.common (time_wrapper)                                  : [RUNTIME] get_distance_table in 0.000 seconds
04/13 12:14 [DEBUG] cshmd.analysis (get_mole)                                    : get_mole Si - O -> nbonds: 4
04/13 12:14 [DEBUG] cshmd.analysis (get_mole)                                    : get_mole O - H -> nbonds: 1
04/13 12:14 [DEBUG] cshmd.analysis (find_bond)                                   : find_bond C - O rcut -> 1.6
04/13 12:14 [DEBUG] cshmd.analysis (get_mole)                                    : get_mole C - O -> nbonds: 3
04/13 12:14 [DEBUG] cshmd.analysis (get_mole)                                    : get_mole O - H -> nbonds: 3
04/13 12:14 [DEBUG] cshmd.analysis (find_bond)                                   : find_bond Ca - O rcut -> 3.0
04/13 12:14 [DEBUG] cshmd.common (time_wrapper)                                  : [RUNTIME] get_distance_table in 0.000 seconds
04/13 12:14 [DEBUG] cshmd.analysis (search_basic)                                : Basic search result -> H2O: 13, SiO4: 8, OH: 2, CO3: 0, H3O: 0, Ca_O: 71
04/13 12:14 [DEBUG] cshmd.analysis (full_search)                                 : Search layer details
04/13 12:14 [DEBUG] cshmd.analysis (find_bond)                                   : find_bond Ca - O rcut -> 3.0
04/13 12:14 [DEBUG] cshmd.analysis (find_bond)                                   : find_bond Si - O rcut -> 2.2
04/13 12:14 [DEBUG] cshmd.analysis (__detail_search_oh_co3)                      : No CO3 in basic search
04/13 12:14 [DEBUG] cshmd.analysis (__detail_search_oh_sioh)                     : Searching 'OH' in 'SiO4
04/13 12:14 [DEBUG] cshmd.analysis (__detail_search_oh_caoh)                     : Searching 'OH' in 'CaOH
04/13 12:14 [DEBUG] cshmd.common (get_logger)                                    : $$$$$$$$$$$$$$  Logger 'cshmd.common........' initialized  $$$$$$$$$$$$$$
04/13 12:14 [DEBUG] cshmd.functions (get_logger)                                 : $$$$$$$$$$$$$$  Logger 'cshmd.functions.....' initialized  $$$$$$$$$$$$$$
04/13 12:14 [DEBUG] cshmd.load (get_logger)                                      : $$$$$$$$$$$$$$  Logger 'cshmd.load..........' initialized  $$$$$$$$$$$$$$
04/13 12:14 [DEBUG] cshmd.analysis (get_logger)                                  : $$$$$$$$$$$$$$  Logger 'cshmd.analysis......' initialized  $$$$$$$$$$$$$$
04/13 12:14 [DEBUG] cshmd.structure (get_logger)                                 : $$$$$$$$$$$$$$  Logger 'cshmd.structure.....' initialized  $$$$$$$$$$$$$$
04/13 12:14 [DEBUG] cshmd.builder (get_logger)                                   : $$$$$$$$$$$$$$  Logger 'cshmd.builder.......' initialized  $$$$$$$$$$$$$$
04/13 12:14 [DEBUG] cshmd.trj_analysis (get_logger)                              : $$$$$$$$$$$$$$  Logger 'cshmd.trj_analysis..' initialized  $$$$$$$$$$$$$$
04/13 12:14 [DEBUG] csh_info (get_logger)                                        : $$$$$$$$$$$$$$  Logger 'csh_info............' initialized  $$$$$$$$$$$$$$
04/13 12:14 [INFO] csh_info (main)                                               : Cif: L02.cif
04/13 12:14 [INFO] cshmd.structure (__init__)                                    : L02.cif was loaded
04/13 12:14 [DEBUG] cshmd.analysis (__init__)                                    : [Structure] Now new data setted for get Bonds
04/13 12:14 [DEBUG] cshmd.analysis (__del_bond__)                                : del -> Si_O O_H H_O Ca_O C_O BO NBO
04/13 12:14 [DEBUG] cshmd.analysis (__initialize_mole__)                         : initalize -> H2O SiO4 OH CO3 H3O
04/13 12:14 [DEBUG] cshmd.analysis (__initialize_mole__)                         : initalize -> SiOH CaOH HCO3 H2CO3 H3CO3
04/13 12:14 [DEBUG] cshmd.analysis (__init__)                                    : C-S-H Model not setted
04/13 12:14 [DEBUG] cshmd.analysis (find_bond)                                   : find_bond O - H rcut -> 1.2
04/13 12:14 [DEBUG] cshmd.common (time_wrapper)                                  : [RUNTIME] get_distance_table in 0.818 seconds
04/13 12:14 [DEBUG] cshmd.analysis (get_mole)                                    : get_mole O - H -> nbonds: 2
04/13 12:14 [DEBUG] cshmd.analysis (find_bond)                                   : find_bond Si - O rcut -> 2.2
04/13 12:14 [DEBUG] cshmd.common (time_wrapper)                                  : [RUNTIME] get_distance_table in 0.257 seconds
04/13 12:14 [DEBUG] cshmd.analysis (get_mole)                                    : get_mole Si - O -> nbonds: 4
04/13 12:14 [DEBUG] cshmd.analysis (get_mole)                                    : get_mole O - H -> nbonds: 1
04/13 12:14 [DEBUG] cshmd.analysis (find_bond)                                   : find_bond C - O rcut -> 1.6
04/13 12:14 [DEBUG] cshmd.analysis (get_mole)                                    : get_mole C - O -> nbonds: 3
04/13 12:14 [DEBUG] cshmd.analysis (get_mole)                                    : get_mole O - H -> nbonds: 3
04/13 12:14 [DEBUG] cshmd.analysis (find_bond)                                   : find_bond Ca - O rcut -> 3.0
04/13 12:14 [DEBUG] cshmd.common (time_wrapper)                                  : [RUNTIME] get_distance_table in 0.376 seconds
04/13 12:14 [DEBUG] cshmd.analysis (search_basic)                                : Basic search result -> H2O: 832, SiO4: 512, OH: 128, CO3: 0, H3O: 0, Ca_O: 4544
04/13 12:14 [DEBUG] cshmd.analysis (full_search)                                 : Search layer details
04/13 12:14 [DEBUG] cshmd.analysis (find_bond)                                   : find_bond Ca - O rcut -> 3.0
04/13 12:14 [DEBUG] cshmd.analysis (find_bond)                                   : find_bond Si - O rcut -> 2.2
04/13 12:14 [DEBUG] cshmd.analysis (__detail_search_oh_co3)                      : No CO3 in basic search
04/13 12:14 [DEBUG] cshmd.analysis (__detail_search_oh_sioh)                     : Searching 'OH' in 'SiO4
04/13 12:14 [DEBUG] cshmd.analysis (__detail_search_oh_caoh)                     : Searching 'OH' in 'CaOH
04/13 12:14 [DEBUG] cshmd.common (get_logger)                                    : $$$$$$$$$$$$$$  Logger 'cshmd.common........' initialized  $$$$$$$$$$$$$$
04/13 12:14 [DEBUG] cshmd.functions (get_logger)                                 : $$$$$$$$$$$$$$  Logger 'cshmd.functions.....' initialized  $$$$$$$$$$$$$$
04/13 12:14 [DEBUG] cshmd.load (get_logger)                                      : $$$$$$$$$$$$$$  Logger 'cshmd.load..........' initialized  $$$$$$$$$$$$$$
04/13 12:14 [DEBUG] cshmd.analysis (get_logger)                                  : $$$$$$$$$$$$$$  Logger 'cshmd.analysis......' initialized  $$$$$$$$$$$$$$
04/13 12:14 [DEBUG] cshmd.structure (get_logger)                                 : $$$$$$$$$$$$$$  Logger 'cshmd.structure.....' initialized  $$$$$$$$$$$$$$
04/13 12:14 [DEBUG] cshmd.builder (get_logger)                                   : $$$$$$$$$$$$$$  Logger 'cshmd.builder.......' initialized  $$$$$$$$$$$$$$
04/13 12:14 [DEBUG] cshmd.trj_analysis (get_logger)                              : $$$$$$$$$$$$$$  Logger 'cshmd.trj_analysis..' initialized  $$$$$$$$$$$$$$
04/13 12:14 [DEBUG] csh_info (get_logger)                                        : $$$$$$$$$$$$$$  Logger 'csh_info............' initialized  $$$$$$$$$$$$$$
04/13 12:14 [INFO] csh_info (main)                                               : Cif: tesy.cif
04/13 12:14 [INFO] cshmd.structure (__init__)                                    : tesy.cif was loaded
04/13 12:14 [DEBUG] cshmd.analysis (__init__)                                    : [Structure] Now new data setted for get Bonds
04/13 12:14 [DEBUG] cshmd.analysis (__del_bond__)                                : del -> Si_O O_H H_O Ca_O C_O BO NBO
04/13 12:14 [DEBUG] cshmd.analysis (__initialize_mole__)                         : initalize -> H2O SiO4 OH CO3 H3O
04/13 12:14 [DEBUG] cshmd.analysis (__initialize_mole__)                         : initalize -> SiOH CaOH HCO3 H2CO3 H3CO3
04/13 12:14 [DEBUG] cshmd.analysis (__init__)                                    : C-S-H Model not setted
04/13 12:14 [DEBUG] cshmd.analysis (find_bond)                                   : find_bond O - H rcut -> 1.2
04/13 12:14 [DEBUG] cshmd.common (time_wrapper)                                  : [RUNTIME] get_distance_table in 0.000 seconds
04/13 12:14 [DEBUG] cshmd.analysis (get_mole)                                    : get_mole O - H -> nbonds: 2
04/13 12:14 [DEBUG] cshmd.analysis (find_bond)                                   : find_bond Si - O rcut -> 2.2
04/13 12:14 [DEBUG] cshmd.common (time_wrapper)                                  : [RUNTIME] get_distance_table in 0.000 seconds
04/13 12:14 [DEBUG] cshmd.analysis (get_mole)                                    : get_mole Si - O -> nbonds: 4
04/13 12:14 [DEBUG] cshmd.analysis (get_mole)                                    : get_mole O - H -> nbonds: 1
04/13 12:14 [DEBUG] cshmd.analysis (find_bond)                                   : find_bond C - O rcut -> 1.6
04/13 12:14 [DEBUG] cshmd.analysis (get_mole)                                    : get_mole C - O -> nbonds: 3
04/13 12:14 [DEBUG] cshmd.analysis (get_mole)                                    : get_mole O - H -> nbonds: 3
04/13 12:14 [DEBUG] cshmd.analysis (find_bond)                                   : find_bond Ca - O rcut -> 3.0
04/13 12:14 [DEBUG] cshmd.common (time_wrapper)                                  : [RUNTIME] get_distance_table in 0.000 seconds
04/13 12:14 [DEBUG] cshmd.analysis (search_basic)                                : Basic search result -> H2O: 13, SiO4: 8, OH: 2, CO3: 0, H3O: 0, Ca_O: 71
04/13 12:14 [DEBUG] cshmd.analysis (full_search)                                 : Search layer details
04/13 12:14 [DEBUG] cshmd.analysis (find_bond)                                   : find_bond Ca - O rcut -> 3.0
04/13 12:14 [DEBUG] cshmd.analysis (find_bond)                                   : find_bond Si - O rcut -> 2.2
04/13 12:14 [DEBUG] cshmd.analysis (__detail_search_oh_co3)                      : No CO3 in basic search
04/13 12:14 [DEBUG] cshmd.analysis (__detail_search_oh_sioh)                     : Searching 'OH' in 'SiO4
04/13 12:14 [DEBUG] cshmd.analysis (__detail_search_oh_caoh)                     : Searching 'OH' in 'CaOH
04/13 12:20 [DEBUG] cshmd.common (get_logger)                                    : $$$$$$$$$$$$$$  Logger 'cshmd.common........' initialized  $$$$$$$$$$$$$$
04/13 12:20 [DEBUG] cshmd.functions (get_logger)                                 : $$$$$$$$$$$$$$  Logger 'cshmd.functions.....' initialized  $$$$$$$$$$$$$$
04/13 12:20 [DEBUG] cshmd.load (get_logger)                                      : $$$$$$$$$$$$$$  Logger 'cshmd.load..........' initialized  $$$$$$$$$$$$$$
04/13 12:20 [DEBUG] cshmd.analysis (get_logger)                                  : $$$$$$$$$$$$$$  Logger 'cshmd.analysis......' initialized  $$$$$$$$$$$$$$
04/13 12:20 [DEBUG] cshmd.structure (get_logger)                                 : $$$$$$$$$$$$$$  Logger 'cshmd.structure.....' initialized  $$$$$$$$$$$$$$
04/13 12:20 [DEBUG] cshmd.builder (get_logger)                                   : $$$$$$$$$$$$$$  Logger 'cshmd.builder.......' initialized  $$$$$$$$$$$$$$
04/13 12:20 [DEBUG] cshmd.trj_analysis (get_logger)                              : $$$$$$$$$$$$$$  Logger 'cshmd.trj_analysis..' initialized  $$$$$$$$$$$$$$
04/13 12:20 [DEBUG] csh_info (get_logger)                                        : $$$$$$$$$$$$$$  Logger 'csh_info............' initialized  $$$$$$$$$$$$$$
04/13 12:20 [INFO] csh_info (main)                                               : Cif: tesy.cif
04/13 12:20 [INFO] cshmd.structure (__init__)                                    : tesy.cif was loaded
04/13 12:20 [DEBUG] cshmd.analysis (__init__)                                    : [Structure] Now new data setted for get Bonds
04/13 12:20 [DEBUG] cshmd.analysis (__del_bond__)                                : del -> Si_O O_H H_O Ca_O C_O BO NBO
04/13 12:20 [DEBUG] cshmd.analysis (__initialize_mole__)                         : initalize -> H2O SiO4 OH CO3 H3O
04/13 12:20 [DEBUG] cshmd.analysis (__initialize_mole__)                         : initalize -> SiOH CaOH HCO3 H2CO3 H3CO3
04/13 12:20 [DEBUG] cshmd.analysis (__init__)                                    : C-S-H Model not setted
04/13 12:20 [DEBUG] cshmd.analysis (find_bond)                                   : find_bond O - H rcut -> 1.2
04/13 12:20 [DEBUG] cshmd.common (time_wrapper)                                  : [RUNTIME] get_distance_table in 0.000 seconds
04/13 12:20 [DEBUG] cshmd.analysis (get_mole)                                    : get_mole O - H -> nbonds: 2
04/13 12:20 [DEBUG] cshmd.analysis (find_bond)                                   : find_bond Si - O rcut -> 2.2
04/13 12:20 [DEBUG] cshmd.common (time_wrapper)                                  : [RUNTIME] get_distance_table in 0.000 seconds
04/13 12:20 [DEBUG] cshmd.analysis (get_mole)                                    : get_mole Si - O -> nbonds: 4
04/13 12:20 [DEBUG] cshmd.analysis (get_mole)                                    : get_mole O - H -> nbonds: 1
04/13 12:20 [DEBUG] cshmd.analysis (find_bond)                                   : find_bond C - O rcut -> 1.6
04/13 12:20 [DEBUG] cshmd.analysis (get_mole)                                    : get_mole C - O -> nbonds: 3
04/13 12:20 [DEBUG] cshmd.analysis (get_mole)                                    : get_mole O - H -> nbonds: 3
04/13 12:20 [DEBUG] cshmd.analysis (find_bond)                                   : find_bond Ca - O rcut -> 3.0
04/13 12:20 [DEBUG] cshmd.common (time_wrapper)                                  : [RUNTIME] get_distance_table in 0.000 seconds
04/13 12:20 [DEBUG] cshmd.analysis (search_basic)                                : Basic search result -> H2O: 13, SiO4: 8, OH: 2, CO3: 0, H3O: 0, Ca_O: 71
04/13 12:20 [DEBUG] cshmd.analysis (full_search)                                 : Search layer details
04/13 12:20 [DEBUG] cshmd.analysis (find_bond)                                   : find_bond Ca - O rcut -> 3.0
04/13 12:20 [DEBUG] cshmd.analysis (find_bond)                                   : find_bond Si - O rcut -> 2.2
04/13 12:20 [DEBUG] cshmd.analysis (__detail_search_oh_co3)                      : No CO3 in basic search
04/13 12:20 [DEBUG] cshmd.analysis (__detail_search_oh_sioh)                     : Searching 'OH' in 'SiO4
04/13 12:20 [DEBUG] cshmd.analysis (__detail_search_oh_caoh)                     : Searching 'OH' in 'CaOH
04/13 12:20 [INFO] cshmd.analysis (Qn)                                           : [Structure] Q1: 1.000
04/13 12:20 [INFO] cshmd.analysis (CS)                                           : [Structure] C/S: 1.375
04/13 12:20 [INFO] cshmd.analysis (validate_tetra)                               : [Structure] BT: 0, PT: 8
04/13 12:20 [INFO] cshmd.analysis (MCL)                                          : [Structure] MCL: 1.000
04/13 12:20 [DEBUG] cshmd.analysis (__init__)                                    : <class 'cshmd.analysis.Chain'> loaded
04/13 12:20 [DEBUG] cshmd.analysis (__init__)                                    : <class 'cshmd.analysis.Chain'> loaded
04/13 12:20 [DEBUG] cshmd.analysis (__init__)                                    : <class 'cshmd.analysis.Chain'> loaded
04/13 12:20 [DEBUG] cshmd.analysis (__init__)                                    : <class 'cshmd.analysis.Chain'> loaded
04/13 12:20 [INFO] cshmd.analysis (validate_tetra)                               : [Structure] CL : Length 2: 1
04/13 12:20 [INFO] cshmd.analysis (validate_tetra)                               : [Structure] MCL : 2.0
04/13 12:25 [DEBUG] cshmd.common (get_logger)                                    : $$$$$$$$$$$$$$  Logger 'cshmd.common........' initialized  $$$$$$$$$$$$$$
04/13 12:25 [DEBUG] cshmd.functions (get_logger)                                 : $$$$$$$$$$$$$$  Logger 'cshmd.functions.....' initialized  $$$$$$$$$$$$$$
04/13 12:25 [DEBUG] cshmd.load (get_logger)                                      : $$$$$$$$$$$$$$  Logger 'cshmd.load..........' initialized  $$$$$$$$$$$$$$
04/13 12:25 [DEBUG] cshmd.analysis (get_logger)                                  : $$$$$$$$$$$$$$  Logger 'cshmd.analysis......' initialized  $$$$$$$$$$$$$$
04/13 12:25 [DEBUG] cshmd.structure (get_logger)                                 : $$$$$$$$$$$$$$  Logger 'cshmd.structure.....' initialized  $$$$$$$$$$$$$$
04/13 12:25 [DEBUG] cshmd.builder (get_logger)                                   : $$$$$$$$$$$$$$  Logger 'cshmd.builder.......' initialized  $$$$$$$$$$$$$$
04/13 12:25 [DEBUG] cshmd.trj_analysis (get_logger)                              : $$$$$$$$$$$$$$  Logger 'cshmd.trj_analysis..' initialized  $$$$$$$$$$$$$$
04/13 12:25 [DEBUG] csh_info (get_logger)                                        : $$$$$$$$$$$$$$  Logger 'csh_info............' initialized  $$$$$$$$$$$$$$
04/13 12:25 [INFO] csh_info (main)                                               : Cif: tesy.cif
04/13 12:25 [INFO] cshmd.structure (__init__)                                    : tesy.cif was loaded
04/13 12:25 [DEBUG] cshmd.analysis (__init__)                                    : [Structure] Now new data setted for get Bonds
04/13 12:25 [DEBUG] cshmd.analysis (__del_bond__)                                : del -> Si_O O_H H_O Ca_O C_O BO NBO
04/13 12:25 [DEBUG] cshmd.analysis (__initialize_mole__)                         : initalize -> H2O SiO4 OH CO3 H3O
04/13 12:25 [DEBUG] cshmd.analysis (__initialize_mole__)                         : initalize -> SiOH CaOH HCO3 H2CO3 H3CO3
04/13 12:25 [DEBUG] cshmd.analysis (__init__)                                    : C-S-H Model not setted
04/13 12:25 [DEBUG] cshmd.analysis (find_bond)                                   : find_bond O - H rcut -> 1.2
04/13 12:25 [DEBUG] cshmd.common (time_wrapper)                                  : [RUNTIME] get_distance_table in 0.001 seconds
04/13 12:25 [DEBUG] cshmd.analysis (get_mole)                                    : get_mole O - H -> nbonds: 2
04/13 12:25 [DEBUG] cshmd.analysis (find_bond)                                   : find_bond Si - O rcut -> 2.2
04/13 12:25 [DEBUG] cshmd.common (time_wrapper)                                  : [RUNTIME] get_distance_table in 0.000 seconds
04/13 12:25 [DEBUG] cshmd.analysis (get_mole)                                    : get_mole Si - O -> nbonds: 4
04/13 12:25 [DEBUG] cshmd.analysis (get_mole)                                    : get_mole O - H -> nbonds: 1
04/13 12:25 [DEBUG] cshmd.analysis (find_bond)                                   : find_bond C - O rcut -> 1.6
04/13 12:25 [DEBUG] cshmd.analysis (get_mole)                                    : get_mole C - O -> nbonds: 3
04/13 12:25 [DEBUG] cshmd.analysis (get_mole)                                    : get_mole O - H -> nbonds: 3
04/13 12:25 [DEBUG] cshmd.analysis (find_bond)                                   : find_bond Ca - O rcut -> 3.0
04/13 12:25 [DEBUG] cshmd.common (time_wrapper)                                  : [RUNTIME] get_distance_table in 0.000 seconds
04/13 12:25 [DEBUG] cshmd.analysis (search_basic)                                : Basic search result -> H2O: 13, SiO4: 8, OH: 2, CO3: 0, H3O: 0, Ca_O: 71
04/13 12:25 [DEBUG] cshmd.analysis (full_search)                                 : Search layer details
04/13 12:25 [DEBUG] cshmd.analysis (find_bond)                                   : find_bond Ca - O rcut -> 3.0
04/13 12:25 [DEBUG] cshmd.analysis (find_bond)                                   : find_bond Si - O rcut -> 2.2
04/13 12:25 [DEBUG] cshmd.analysis (__detail_search_oh_co3)                      : No CO3 in basic search
04/13 12:25 [DEBUG] cshmd.analysis (__detail_search_oh_sioh)                     : Searching 'OH' in 'SiO4
04/13 12:26 [DEBUG] cshmd.common (get_logger)                                    : $$$$$$$$$$$$$$  Logger 'cshmd.common........' initialized  $$$$$$$$$$$$$$
04/13 12:26 [DEBUG] cshmd.functions (get_logger)                                 : $$$$$$$$$$$$$$  Logger 'cshmd.functions.....' initialized  $$$$$$$$$$$$$$
04/13 12:26 [DEBUG] cshmd.load (get_logger)                                      : $$$$$$$$$$$$$$  Logger 'cshmd.load..........' initialized  $$$$$$$$$$$$$$
04/13 12:26 [DEBUG] cshmd.analysis (get_logger)                                  : $$$$$$$$$$$$$$  Logger 'cshmd.analysis......' initialized  $$$$$$$$$$$$$$
04/13 12:26 [DEBUG] cshmd.structure (get_logger)                                 : $$$$$$$$$$$$$$  Logger 'cshmd.structure.....' initialized  $$$$$$$$$$$$$$
04/13 12:26 [DEBUG] cshmd.builder (get_logger)                                   : $$$$$$$$$$$$$$  Logger 'cshmd.builder.......' initialized  $$$$$$$$$$$$$$
04/13 12:26 [DEBUG] cshmd.trj_analysis (get_logger)                              : $$$$$$$$$$$$$$  Logger 'cshmd.trj_analysis..' initialized  $$$$$$$$$$$$$$
04/13 12:26 [DEBUG] csh_info (get_logger)                                        : $$$$$$$$$$$$$$  Logger 'csh_info............' initialized  $$$$$$$$$$$$$$
04/13 12:26 [INFO] csh_info (main)                                               : Cif: L08.cif
04/13 12:26 [INFO] cshmd.structure (__init__)                                    : L08.cif was loaded
04/13 12:26 [DEBUG] cshmd.analysis (__init__)                                    : [Structure] Now new data setted for get Bonds
04/13 12:26 [DEBUG] cshmd.analysis (__del_bond__)                                : del -> Si_O O_H H_O Ca_O C_O BO NBO
04/13 12:26 [DEBUG] cshmd.analysis (__initialize_mole__)                         : initalize -> H2O SiO4 OH CO3 H3O
04/13 12:26 [DEBUG] cshmd.analysis (__initialize_mole__)                         : initalize -> SiOH CaOH HCO3 H2CO3 H3CO3
04/13 12:26 [DEBUG] cshmd.analysis (__init__)                                    : C-S-H Model not setted
04/13 12:26 [DEBUG] cshmd.analysis (find_bond)                                   : find_bond O - H rcut -> 1.2
04/13 12:26 [DEBUG] cshmd.common (time_wrapper)                                  : [RUNTIME] get_distance_table in 0.725 seconds
04/13 12:26 [DEBUG] cshmd.analysis (get_mole)                                    : get_mole O - H -> nbonds: 2
04/13 12:26 [DEBUG] cshmd.analysis (find_bond)                                   : find_bond Si - O rcut -> 2.2
04/13 12:26 [DEBUG] cshmd.common (time_wrapper)                                  : [RUNTIME] get_distance_table in 0.332 seconds
04/13 12:26 [DEBUG] cshmd.analysis (get_mole)                                    : get_mole Si - O -> nbonds: 4
04/13 12:26 [DEBUG] cshmd.analysis (get_mole)                                    : get_mole O - H -> nbonds: 1
04/13 12:26 [DEBUG] cshmd.analysis (find_bond)                                   : find_bond C - O rcut -> 1.6
04/13 12:26 [DEBUG] cshmd.analysis (get_mole)                                    : get_mole C - O -> nbonds: 3
04/13 12:26 [DEBUG] cshmd.analysis (get_mole)                                    : get_mole O - H -> nbonds: 3
04/13 12:26 [DEBUG] cshmd.analysis (find_bond)                                   : find_bond Ca - O rcut -> 3.0
04/13 12:26 [DEBUG] cshmd.common (time_wrapper)                                  : [RUNTIME] get_distance_table in 0.326 seconds
04/13 12:26 [DEBUG] cshmd.analysis (search_basic)                                : Basic search result -> H2O: 664, SiO4: 680, OH: 128, CO3: 0, H3O: 0, Ca_O: 4208
04/13 12:26 [DEBUG] cshmd.analysis (full_search)                                 : Search layer details
04/13 12:26 [DEBUG] cshmd.analysis (find_bond)                                   : find_bond Ca - O rcut -> 3.0
04/13 12:26 [DEBUG] cshmd.analysis (find_bond)                                   : find_bond Si - O rcut -> 2.2
04/13 12:26 [DEBUG] cshmd.analysis (__detail_search_oh_co3)                      : No CO3 in basic search
04/13 12:26 [DEBUG] cshmd.analysis (__detail_search_oh_sioh)                     : Searching 'OH' in 'SiO4
04/13 12:33 [DEBUG] cshmd.common (get_logger)                                    : $$$$$$$$$$$$$$  Logger 'cshmd.common........' initialized  $$$$$$$$$$$$$$
04/13 12:33 [DEBUG] cshmd.functions (get_logger)                                 : $$$$$$$$$$$$$$  Logger 'cshmd.functions.....' initialized  $$$$$$$$$$$$$$
04/13 12:33 [DEBUG] cshmd.load (get_logger)                                      : $$$$$$$$$$$$$$  Logger 'cshmd.load..........' initialized  $$$$$$$$$$$$$$
04/13 12:33 [DEBUG] cshmd.analysis (get_logger)                                  : $$$$$$$$$$$$$$  Logger 'cshmd.analysis......' initialized  $$$$$$$$$$$$$$
04/13 12:33 [DEBUG] cshmd.structure (get_logger)                                 : $$$$$$$$$$$$$$  Logger 'cshmd.structure.....' initialized  $$$$$$$$$$$$$$
04/13 12:33 [DEBUG] cshmd.builder (get_logger)                                   : $$$$$$$$$$$$$$  Logger 'cshmd.builder.......' initialized  $$$$$$$$$$$$$$
04/13 12:33 [DEBUG] cshmd.trj_analysis (get_logger)                              : $$$$$$$$$$$$$$  Logger 'cshmd.trj_analysis..' initialized  $$$$$$$$$$$$$$
04/13 12:33 [DEBUG] csh_info (get_logger)                                        : $$$$$$$$$$$$$$  Logger 'csh_info............' initialized  $$$$$$$$$$$$$$
04/13 12:33 [INFO] csh_info (main)                                               : Cif: L08.cif
04/13 12:33 [INFO] cshmd.structure (__init__)                                    : L08.cif was loaded
04/13 12:33 [DEBUG] cshmd.analysis (__init__)                                    : [Structure] Now new data setted for get Bonds
04/13 12:33 [DEBUG] cshmd.analysis (__del_bond__)                                : del -> Si_O O_H H_O Ca_O C_O BO NBO
04/13 12:33 [DEBUG] cshmd.analysis (__initialize_mole__)                         : initalize -> H2O SiO4 OH CO3 H3O
04/13 12:33 [DEBUG] cshmd.analysis (__initialize_mole__)                         : initalize -> SiOH CaOH HCO3 H2CO3 H3CO3
04/13 12:33 [DEBUG] cshmd.analysis (__init__)                                    : C-S-H Model not setted
04/13 12:33 [DEBUG] cshmd.analysis (find_bond)                                   : find_bond O - H rcut -> 1.2
04/13 12:33 [DEBUG] cshmd.common (time_wrapper)                                  : [RUNTIME] get_distance_table in 0.727 seconds
04/13 12:33 [DEBUG] cshmd.analysis (get_mole)                                    : get_mole O - H -> nbonds: 2
04/13 12:33 [DEBUG] cshmd.analysis (find_bond)                                   : find_bond Si - O rcut -> 2.2
04/13 12:33 [DEBUG] cshmd.common (time_wrapper)                                  : [RUNTIME] get_distance_table in 0.348 seconds
04/13 12:33 [DEBUG] cshmd.analysis (get_mole)                                    : get_mole Si - O -> nbonds: 4
04/13 12:33 [DEBUG] cshmd.analysis (get_mole)                                    : get_mole O - H -> nbonds: 1
04/13 12:33 [DEBUG] cshmd.analysis (find_bond)                                   : find_bond C - O rcut -> 1.6
04/13 12:33 [DEBUG] cshmd.analysis (get_mole)                                    : get_mole C - O -> nbonds: 3
04/13 12:33 [DEBUG] cshmd.analysis (get_mole)                                    : get_mole O - H -> nbonds: 3
04/13 12:33 [DEBUG] cshmd.analysis (find_bond)                                   : find_bond Ca - O rcut -> 3.0
04/13 12:33 [DEBUG] cshmd.common (time_wrapper)                                  : [RUNTIME] get_distance_table in 0.369 seconds
04/13 12:33 [DEBUG] cshmd.analysis (search_basic)                                : Basic search result -> H2O: 664, SiO4: 680, OH: 128, CO3: 0, H3O: 0, Ca_O: 4208
04/13 12:33 [DEBUG] cshmd.analysis (full_search)                                 : Search layer details
04/13 12:33 [DEBUG] cshmd.analysis (find_bond)                                   : find_bond Ca - O rcut -> 3.0
04/13 12:33 [DEBUG] cshmd.analysis (find_bond)                                   : find_bond Si - O rcut -> 2.2
04/13 12:33 [DEBUG] cshmd.analysis (__detail_search_oh_co3)                      : No CO3 in basic search
04/13 12:33 [DEBUG] cshmd.analysis (__detail_search_oh_sioh)                     : Searching 'OH' in 'SiO4
04/13 12:33 [DEBUG] cshmd.analysis (__detail_search_oh_caoh)                     : Searching 'OH' in 'CaOH
04/13 12:33 [INFO] cshmd.analysis (Qn)                                           : [Structure] Q1: 0.259
04/13 12:33 [INFO] cshmd.analysis (Qn)                                           : [Structure] Q2: 0.741
04/13 12:33 [INFO] cshmd.analysis (CS)                                           : [Structure] C/S: 0.912
04/13 12:33 [INFO] cshmd.analysis (validate_tetra)                               : [Structure] BT: 168, PT: 512
04/13 12:33 [INFO] cshmd.analysis (MCL)                                          : [Structure] MCL: 3.864
04/13 12:33 [DEBUG] cshmd.analysis (__init__)                                    : <class 'cshmd.analysis.Chain'> loaded
04/13 12:33 [DEBUG] cshmd.analysis (__init__)                                    : <class 'cshmd.analysis.Chain'> loaded
04/13 12:33 [DEBUG] cshmd.analysis (__init__)                                    : <class 'cshmd.analysis.Chain'> loaded
04/13 12:33 [DEBUG] cshmd.analysis (__init__)                                    : <class 'cshmd.analysis.Chain'> loaded
04/13 12:33 [INFO] cshmd.analysis (validate_tetra)                               : [Structure] CL : Length 2: 2 Length 5: 4 Length 8: 10 Length 11: 6
04/13 12:33 [INFO] cshmd.analysis (validate_tetra)                               : [Structure] MCL : 7.7272727272727275
04/13 12:36 [DEBUG] cshmd.common (get_logger)                                    : $$$$$$$$$$$$$$  Logger 'cshmd.common........' initialized  $$$$$$$$$$$$$$
04/13 12:36 [DEBUG] cshmd.functions (get_logger)                                 : $$$$$$$$$$$$$$  Logger 'cshmd.functions.....' initialized  $$$$$$$$$$$$$$
04/13 12:36 [DEBUG] cshmd.load (get_logger)                                      : $$$$$$$$$$$$$$  Logger 'cshmd.load..........' initialized  $$$$$$$$$$$$$$
04/13 12:36 [DEBUG] cshmd.analysis (get_logger)                                  : $$$$$$$$$$$$$$  Logger 'cshmd.analysis......' initialized  $$$$$$$$$$$$$$
04/13 12:36 [DEBUG] cshmd.structure (get_logger)                                 : $$$$$$$$$$$$$$  Logger 'cshmd.structure.....' initialized  $$$$$$$$$$$$$$
04/13 12:36 [DEBUG] cshmd.builder (get_logger)                                   : $$$$$$$$$$$$$$  Logger 'cshmd.builder.......' initialized  $$$$$$$$$$$$$$
04/13 12:36 [DEBUG] cshmd.trj_analysis (get_logger)                              : $$$$$$$$$$$$$$  Logger 'cshmd.trj_analysis..' initialized  $$$$$$$$$$$$$$
04/13 12:36 [DEBUG] csh_info (get_logger)                                        : $$$$$$$$$$$$$$  Logger 'csh_info............' initialized  $$$$$$$$$$$$$$
04/13 12:36 [INFO] csh_info (main)                                               : Cif: L08.cif
04/13 12:36 [INFO] cshmd.structure (__init__)                                    : L08.cif was loaded
04/13 12:36 [DEBUG] cshmd.analysis (__init__)                                    : [Structure] Now new data setted for get Bonds
04/13 12:36 [DEBUG] cshmd.analysis (__del_bond__)                                : del -> Si_O O_H H_O Ca_O C_O BO NBO
04/13 12:36 [DEBUG] cshmd.analysis (__initialize_mole__)                         : initalize -> H2O SiO4 OH CO3 H3O
04/13 12:36 [DEBUG] cshmd.analysis (__initialize_mole__)                         : initalize -> SiOH CaOH HCO3 H2CO3 H3CO3
04/13 12:36 [DEBUG] cshmd.analysis (__init__)                                    : C-S-H Model not setted
04/13 12:36 [DEBUG] cshmd.analysis (find_bond)                                   : find_bond O - H rcut -> 1.2
04/13 12:36 [DEBUG] cshmd.common (time_wrapper)                                  : [RUNTIME] get_distance_table in 0.715 seconds
04/13 12:36 [DEBUG] cshmd.analysis (get_mole)                                    : get_mole O - H -> nbonds: 2
04/13 12:36 [DEBUG] cshmd.analysis (find_bond)                                   : find_bond Si - O rcut -> 2.2
04/13 12:36 [DEBUG] cshmd.common (time_wrapper)                                  : [RUNTIME] get_distance_table in 0.346 seconds
04/13 12:36 [DEBUG] cshmd.analysis (get_mole)                                    : get_mole Si - O -> nbonds: 4
04/13 12:36 [DEBUG] cshmd.analysis (get_mole)                                    : get_mole O - H -> nbonds: 1
04/13 12:36 [DEBUG] cshmd.analysis (find_bond)                                   : find_bond C - O rcut -> 1.6
04/13 12:36 [DEBUG] cshmd.analysis (get_mole)                                    : get_mole C - O -> nbonds: 3
04/13 12:36 [DEBUG] cshmd.analysis (get_mole)                                    : get_mole O - H -> nbonds: 3
04/13 12:36 [DEBUG] cshmd.analysis (find_bond)                                   : find_bond Ca - O rcut -> 3.0
04/13 12:36 [DEBUG] cshmd.common (time_wrapper)                                  : [RUNTIME] get_distance_table in 0.336 seconds
04/13 12:36 [DEBUG] cshmd.analysis (search_basic)                                : Basic search result -> H2O: 664, SiO4: 680, OH: 128, CO3: 0, H3O: 0, Ca_O: 4208
04/13 12:36 [DEBUG] cshmd.analysis (full_search)                                 : Search layer details
04/13 12:36 [DEBUG] cshmd.analysis (find_bond)                                   : find_bond Ca - O rcut -> 3.0
04/13 12:36 [DEBUG] cshmd.analysis (find_bond)                                   : find_bond Si - O rcut -> 2.2
04/13 12:36 [DEBUG] cshmd.analysis (__detail_search_oh_co3)                      : No CO3 in basic search
04/13 12:36 [DEBUG] cshmd.analysis (__detail_search_oh_sioh)                     : Searching 'OH' in 'SiO4
04/13 12:36 [DEBUG] cshmd.analysis (__detail_search_oh_caoh)                     : Searching 'OH' in 'CaOH
04/13 12:36 [INFO] cshmd.analysis (Qn)                                           : [Structure] Q1: 0.259
04/13 12:36 [INFO] cshmd.analysis (Qn)                                           : [Structure] Q2: 0.741
04/13 12:36 [INFO] cshmd.analysis (CS)                                           : [Structure] C/S: 0.912
04/13 12:36 [INFO] cshmd.analysis (validate_tetra)                               : [Structure] BT: 168, PT: 512
04/13 12:36 [INFO] cshmd.analysis (MCL)                                          : [Structure] MCL: 3.864
04/13 12:36 [DEBUG] cshmd.analysis (__init__)                                    : <class 'cshmd.analysis.Chain'> loaded
04/13 12:36 [DEBUG] cshmd.analysis (__init__)                                    : <class 'cshmd.analysis.Chain'> loaded
04/13 12:36 [DEBUG] cshmd.analysis (__init__)                                    : <class 'cshmd.analysis.Chain'> loaded
04/13 12:36 [DEBUG] cshmd.analysis (__init__)                                    : <class 'cshmd.analysis.Chain'> loaded
04/13 12:36 [INFO] cshmd.analysis (validate_tetra)                               : [Structure] CL : Length 2: 2 Length 5: 4 Length 8: 10 Length 11: 6
04/13 12:36 [INFO] cshmd.analysis (validate_tetra)                               : [Structure] MCL : 7.7272727272727275
04/13 12:36 [DEBUG] cshmd.common (get_logger)                                    : $$$$$$$$$$$$$$  Logger 'cshmd.common........' initialized  $$$$$$$$$$$$$$
04/13 12:36 [DEBUG] cshmd.functions (get_logger)                                 : $$$$$$$$$$$$$$  Logger 'cshmd.functions.....' initialized  $$$$$$$$$$$$$$
04/13 12:36 [DEBUG] cshmd.load (get_logger)                                      : $$$$$$$$$$$$$$  Logger 'cshmd.load..........' initialized  $$$$$$$$$$$$$$
04/13 12:36 [DEBUG] cshmd.analysis (get_logger)                                  : $$$$$$$$$$$$$$  Logger 'cshmd.analysis......' initialized  $$$$$$$$$$$$$$
04/13 12:36 [DEBUG] cshmd.structure (get_logger)                                 : $$$$$$$$$$$$$$  Logger 'cshmd.structure.....' initialized  $$$$$$$$$$$$$$
04/13 12:36 [DEBUG] cshmd.builder (get_logger)                                   : $$$$$$$$$$$$$$  Logger 'cshmd.builder.......' initialized  $$$$$$$$$$$$$$
04/13 12:36 [DEBUG] cshmd.trj_analysis (get_logger)                              : $$$$$$$$$$$$$$  Logger 'cshmd.trj_analysis..' initialized  $$$$$$$$$$$$$$
04/13 12:36 [DEBUG] csh_info (get_logger)                                        : $$$$$$$$$$$$$$  Logger 'csh_info............' initialized  $$$$$$$$$$$$$$
04/13 12:36 [INFO] csh_info (main)                                               : Cif: tesy.cif
04/13 12:36 [INFO] cshmd.structure (__init__)                                    : tesy.cif was loaded
04/13 12:36 [DEBUG] cshmd.analysis (__init__)                                    : [Structure] Now new data setted for get Bonds
04/13 12:36 [DEBUG] cshmd.analysis (__del_bond__)                                : del -> Si_O O_H H_O Ca_O C_O BO NBO
04/13 12:36 [DEBUG] cshmd.analysis (__initialize_mole__)                         : initalize -> H2O SiO4 OH CO3 H3O
04/13 12:36 [DEBUG] cshmd.analysis (__initialize_mole__)                         : initalize -> SiOH CaOH HCO3 H2CO3 H3CO3
04/13 12:36 [DEBUG] cshmd.analysis (__init__)                                    : C-S-H Model not setted
04/13 12:36 [DEBUG] cshmd.analysis (find_bond)                                   : find_bond O - H rcut -> 1.2
04/13 12:36 [DEBUG] cshmd.common (time_wrapper)                                  : [RUNTIME] get_distance_table in 0.000 seconds
04/13 12:36 [DEBUG] cshmd.analysis (get_mole)                                    : get_mole O - H -> nbonds: 2
04/13 12:36 [DEBUG] cshmd.analysis (find_bond)                                   : find_bond Si - O rcut -> 2.2
04/13 12:36 [DEBUG] cshmd.common (time_wrapper)                                  : [RUNTIME] get_distance_table in 0.000 seconds
04/13 12:36 [DEBUG] cshmd.analysis (get_mole)                                    : get_mole Si - O -> nbonds: 4
04/13 12:36 [DEBUG] cshmd.analysis (get_mole)                                    : get_mole O - H -> nbonds: 1
04/13 12:36 [DEBUG] cshmd.analysis (find_bond)                                   : find_bond C - O rcut -> 1.6
04/13 12:36 [DEBUG] cshmd.analysis (get_mole)                                    : get_mole C - O -> nbonds: 3
04/13 12:36 [DEBUG] cshmd.analysis (get_mole)                                    : get_mole O - H -> nbonds: 3
04/13 12:36 [DEBUG] cshmd.analysis (find_bond)                                   : find_bond Ca - O rcut -> 3.0
04/13 12:36 [DEBUG] cshmd.common (time_wrapper)                                  : [RUNTIME] get_distance_table in 0.000 seconds
04/13 12:36 [DEBUG] cshmd.analysis (search_basic)                                : Basic search result -> H2O: 13, SiO4: 8, OH: 2, CO3: 0, H3O: 0, Ca_O: 71
04/13 12:36 [DEBUG] cshmd.analysis (full_search)                                 : Search layer details
04/13 12:36 [DEBUG] cshmd.analysis (find_bond)                                   : find_bond Ca - O rcut -> 3.0
04/13 12:36 [DEBUG] cshmd.analysis (find_bond)                                   : find_bond Si - O rcut -> 2.2
04/13 12:36 [DEBUG] cshmd.analysis (__detail_search_oh_co3)                      : No CO3 in basic search
04/13 12:36 [DEBUG] cshmd.analysis (__detail_search_oh_sioh)                     : Searching 'OH' in 'SiO4
04/13 12:36 [DEBUG] cshmd.analysis (__detail_search_oh_caoh)                     : Searching 'OH' in 'CaOH
04/13 12:36 [INFO] cshmd.analysis (Qn)                                           : [Structure] Q1: 1.000
04/13 12:36 [INFO] cshmd.analysis (CS)                                           : [Structure] C/S: 1.375
04/13 12:36 [INFO] cshmd.analysis (validate_tetra)                               : [Structure] BT: 0, PT: 8
04/13 12:36 [INFO] cshmd.analysis (MCL)                                          : [Structure] MCL: 1.000
04/13 12:36 [DEBUG] cshmd.analysis (__init__)                                    : <class 'cshmd.analysis.Chain'> loaded
04/13 12:36 [DEBUG] cshmd.analysis (__init__)                                    : <class 'cshmd.analysis.Chain'> loaded
04/13 12:36 [DEBUG] cshmd.analysis (__init__)                                    : <class 'cshmd.analysis.Chain'> loaded
04/13 12:36 [DEBUG] cshmd.analysis (__init__)                                    : <class 'cshmd.analysis.Chain'> loaded
04/13 12:36 [INFO] cshmd.analysis (validate_tetra)                               : [Structure] CL : Length 2: 1
04/13 12:36 [INFO] cshmd.analysis (validate_tetra)                               : [Structure] MCL : 2.0
04/15 10:33 [DEBUG] cshmd.common (get_logger)                                    : $$$$$$$$$$$$$$  Logger 'cshmd.common........' initialized  $$$$$$$$$$$$$$
04/15 10:33 [DEBUG] cshmd.functions (get_logger)                                 : $$$$$$$$$$$$$$  Logger 'cshmd.functions.....' initialized  $$$$$$$$$$$$$$
04/15 10:33 [DEBUG] cshmd.load (get_logger)                                      : $$$$$$$$$$$$$$  Logger 'cshmd.load..........' initialized  $$$$$$$$$$$$$$
04/15 10:33 [DEBUG] cshmd.analysis (get_logger)                                  : $$$$$$$$$$$$$$  Logger 'cshmd.analysis......' initialized  $$$$$$$$$$$$$$
04/15 10:33 [DEBUG] cshmd.structure (get_logger)                                 : $$$$$$$$$$$$$$  Logger 'cshmd.structure.....' initialized  $$$$$$$$$$$$$$
04/15 10:33 [DEBUG] cshmd.builder (get_logger)                                   : $$$$$$$$$$$$$$  Logger 'cshmd.builder.......' initialized  $$$$$$$$$$$$$$
04/15 10:33 [DEBUG] cshmd.trj_analysis (get_logger)                              : $$$$$$$$$$$$$$  Logger 'cshmd.trj_analysis..' initialized  $$$$$$$$$$$$$$
04/15 10:33 [DEBUG] csh_info (get_logger)                                        : $$$$$$$$$$$$$$  Logger 'csh_info............' initialized  $$$$$$$$$$$$$$
04/15 10:33 [INFO] csh_info (main)                                               : Cif: L02.cif L04.cif L06.cif L08.cif L10.cif L12.cif
04/15 10:33 [INFO] cshmd.structure (__init__)                                    : L02.cif was loaded
04/15 10:33 [DEBUG] cshmd.analysis (__init__)                                    : [Structure] Now new data setted for get Bonds
04/15 10:33 [DEBUG] cshmd.analysis (__del_bond__)                                : del -> Si_O O_H H_O Ca_O C_O BO NBO
04/15 10:33 [DEBUG] cshmd.analysis (__initialize_mole__)                         : initalize -> H2O SiO4 OH CO3 H3O
04/15 10:33 [DEBUG] cshmd.analysis (__initialize_mole__)                         : initalize -> SiOH CaOH HCO3 H2CO3 H3CO3
04/15 10:33 [DEBUG] cshmd.analysis (__init__)                                    : C-S-H Model not setted
04/15 10:33 [DEBUG] cshmd.analysis (find_bond)                                   : find_bond O - H rcut -> 1.2
04/15 10:33 [DEBUG] cshmd.common (time_wrapper)                                  : [RUNTIME] get_distance_table in 0.775 seconds
04/15 10:33 [DEBUG] cshmd.analysis (get_mole)                                    : get_mole O - H -> nbonds: 2
04/15 10:33 [DEBUG] cshmd.analysis (find_bond)                                   : find_bond Si - O rcut -> 2.2
04/15 10:33 [DEBUG] cshmd.common (time_wrapper)                                  : [RUNTIME] get_distance_table in 0.225 seconds
04/15 10:33 [DEBUG] cshmd.analysis (get_mole)                                    : get_mole Si - O -> nbonds: 4
04/15 10:33 [DEBUG] cshmd.analysis (get_mole)                                    : get_mole O - H -> nbonds: 1
04/15 10:33 [DEBUG] cshmd.analysis (find_bond)                                   : find_bond C - O rcut -> 1.6
04/15 10:33 [DEBUG] cshmd.analysis (get_mole)                                    : get_mole C - O -> nbonds: 3
04/15 10:33 [DEBUG] cshmd.analysis (get_mole)                                    : get_mole O - H -> nbonds: 3
04/15 10:33 [DEBUG] cshmd.analysis (find_bond)                                   : find_bond Ca - O rcut -> 3.0
04/15 10:33 [DEBUG] cshmd.common (time_wrapper)                                  : [RUNTIME] get_distance_table in 0.358 seconds
04/15 10:33 [DEBUG] cshmd.analysis (search_basic)                                : Basic search result -> H2O: 832, SiO4: 512, OH: 128, CO3: 0, H3O: 0, Ca_O: 4544
04/15 10:33 [DEBUG] cshmd.analysis (full_search)                                 : Search layer details
04/15 10:33 [DEBUG] cshmd.analysis (find_bond)                                   : find_bond Ca - O rcut -> 3.0
04/15 10:33 [DEBUG] cshmd.analysis (find_bond)                                   : find_bond Si - O rcut -> 2.2
04/15 10:33 [DEBUG] cshmd.analysis (__detail_search_oh_co3)                      : No CO3 in basic search
04/15 10:33 [DEBUG] cshmd.analysis (__detail_search_oh_sioh)                     : Searching 'OH' in 'SiO4
04/15 10:33 [DEBUG] cshmd.analysis (__detail_search_oh_caoh)                     : Searching 'OH' in 'CaOH
04/15 10:33 [INFO] cshmd.analysis (Qn)                                           : [Structure] Q1: 1.000
04/15 10:33 [INFO] cshmd.analysis (CS)                                           : [Structure] C/S: 1.375
04/15 10:33 [INFO] cshmd.analysis (validate_tetra)                               : [Structure] BT: 0, PT: 512
04/15 10:33 [DEBUG] cshmd.analysis (__init__)                                    : <class 'cshmd.analysis.Chain'> loaded
04/15 10:33 [DEBUG] cshmd.analysis (__init__)                                    : <class 'cshmd.analysis.Chain'> loaded
04/15 10:33 [DEBUG] cshmd.analysis (__init__)                                    : <class 'cshmd.analysis.Chain'> loaded
04/15 10:33 [DEBUG] cshmd.analysis (__init__)                                    : <class 'cshmd.analysis.Chain'> loaded
04/15 10:33 [INFO] cshmd.analysis (validate_tetra)                               : [Structure] CL : Length 2: 64
04/15 10:33 [INFO] cshmd.analysis (validate_tetra)                               : [Structure] MCL : 2.0
04/15 10:33 [INFO] cshmd.structure (__init__)                                    : L04.cif was loaded
04/15 10:33 [DEBUG] cshmd.analysis (__init__)                                    : [Structure] Now new data setted for get Bonds
04/15 10:33 [DEBUG] cshmd.analysis (__del_bond__)                                : del -> Si_O O_H H_O Ca_O C_O BO NBO
04/15 10:33 [DEBUG] cshmd.analysis (__initialize_mole__)                         : initalize -> H2O SiO4 OH CO3 H3O
04/15 10:33 [DEBUG] cshmd.analysis (__initialize_mole__)                         : initalize -> SiOH CaOH HCO3 H2CO3 H3CO3
04/15 10:33 [DEBUG] cshmd.analysis (find_bond)                                   : find_bond O - H rcut -> 1.2
04/15 10:34 [DEBUG] cshmd.common (get_logger)                                    : $$$$$$$$$$$$$$  Logger 'cshmd.common........' initialized  $$$$$$$$$$$$$$
04/15 10:34 [DEBUG] cshmd.functions (get_logger)                                 : $$$$$$$$$$$$$$  Logger 'cshmd.functions.....' initialized  $$$$$$$$$$$$$$
04/15 10:34 [DEBUG] cshmd.load (get_logger)                                      : $$$$$$$$$$$$$$  Logger 'cshmd.load..........' initialized  $$$$$$$$$$$$$$
04/15 10:34 [DEBUG] cshmd.analysis (get_logger)                                  : $$$$$$$$$$$$$$  Logger 'cshmd.analysis......' initialized  $$$$$$$$$$$$$$
04/15 10:34 [DEBUG] cshmd.structure (get_logger)                                 : $$$$$$$$$$$$$$  Logger 'cshmd.structure.....' initialized  $$$$$$$$$$$$$$
04/15 10:34 [DEBUG] cshmd.builder (get_logger)                                   : $$$$$$$$$$$$$$  Logger 'cshmd.builder.......' initialized  $$$$$$$$$$$$$$
04/15 10:34 [DEBUG] cshmd.trj_analysis (get_logger)                              : $$$$$$$$$$$$$$  Logger 'cshmd.trj_analysis..' initialized  $$$$$$$$$$$$$$
04/15 10:34 [DEBUG] csh_info (get_logger)                                        : $$$$$$$$$$$$$$  Logger 'csh_info............' initialized  $$$$$$$$$$$$$$
04/15 10:34 [INFO] csh_info (main)                                               : Cif: L02.cif L04.cif L06.cif L08.cif L10.cif L12.cif
04/15 10:34 [INFO] cshmd.structure (__init__)                                    : L02.cif was loaded
04/15 10:34 [DEBUG] cshmd.analysis (__init__)                                    : [Structure] Now new data setted for get Bonds
04/15 10:34 [DEBUG] cshmd.analysis (__del_bond__)                                : del -> Si_O O_H H_O Ca_O C_O BO NBO
04/15 10:34 [DEBUG] cshmd.analysis (__initialize_mole__)                         : initalize -> H2O SiO4 OH CO3 H3O
04/15 10:34 [DEBUG] cshmd.analysis (__initialize_mole__)                         : initalize -> SiOH CaOH HCO3 H2CO3 H3CO3
04/15 10:34 [DEBUG] cshmd.analysis (__init__)                                    : C-S-H Model not setted
04/15 10:34 [DEBUG] cshmd.analysis (find_bond)                                   : find_bond O - H rcut -> 1.2
04/15 10:34 [DEBUG] cshmd.common (time_wrapper)                                  : [RUNTIME] get_distance_table in 0.922 seconds
04/15 10:34 [DEBUG] cshmd.analysis (get_mole)                                    : get_mole O - H -> nbonds: 2
04/15 10:34 [DEBUG] cshmd.analysis (find_bond)                                   : find_bond Si - O rcut -> 2.2
04/15 10:34 [DEBUG] cshmd.common (time_wrapper)                                  : [RUNTIME] get_distance_table in 0.262 seconds
04/15 10:34 [DEBUG] cshmd.analysis (get_mole)                                    : get_mole Si - O -> nbonds: 4
04/15 10:34 [DEBUG] cshmd.analysis (get_mole)                                    : get_mole O - H -> nbonds: 1
04/15 10:34 [DEBUG] cshmd.analysis (find_bond)                                   : find_bond C - O rcut -> 1.6
04/15 10:34 [DEBUG] cshmd.analysis (get_mole)                                    : get_mole C - O -> nbonds: 3
04/15 10:34 [DEBUG] cshmd.analysis (get_mole)                                    : get_mole O - H -> nbonds: 3
04/15 10:34 [DEBUG] cshmd.analysis (find_bond)                                   : find_bond Ca - O rcut -> 3.0
04/15 10:34 [DEBUG] cshmd.common (time_wrapper)                                  : [RUNTIME] get_distance_table in 0.373 seconds
04/15 10:34 [DEBUG] cshmd.analysis (search_basic)                                : Basic search result -> H2O: 832, SiO4: 512, OH: 128, CO3: 0, H3O: 0, Ca_O: 4544
04/15 10:34 [DEBUG] cshmd.analysis (full_search)                                 : Search layer details
04/15 10:34 [DEBUG] cshmd.analysis (find_bond)                                   : find_bond Ca - O rcut -> 3.0
04/15 10:34 [DEBUG] cshmd.analysis (find_bond)                                   : find_bond Si - O rcut -> 2.2
04/15 10:34 [DEBUG] cshmd.analysis (__detail_search_oh_co3)                      : No CO3 in basic search
04/15 10:34 [DEBUG] cshmd.analysis (__detail_search_oh_sioh)                     : Searching 'OH' in 'SiO4
04/15 10:34 [DEBUG] cshmd.analysis (__detail_search_oh_caoh)                     : Searching 'OH' in 'CaOH
04/15 10:34 [INFO] cshmd.analysis (Qn)                                           : [Structure] Q1: 1.000
04/15 10:34 [INFO] cshmd.analysis (CS)                                           : [Structure] C/S: 1.375
04/15 10:34 [INFO] cshmd.analysis (validate_tetra)                               : [Structure] BT: 0, PT: 512
04/15 10:34 [DEBUG] cshmd.analysis (__init__)                                    : <class 'cshmd.analysis.Chain'> loaded
04/15 10:34 [DEBUG] cshmd.analysis (__init__)                                    : <class 'cshmd.analysis.Chain'> loaded
04/15 10:34 [DEBUG] cshmd.analysis (__init__)                                    : <class 'cshmd.analysis.Chain'> loaded
04/15 10:34 [DEBUG] cshmd.analysis (__init__)                                    : <class 'cshmd.analysis.Chain'> loaded
04/15 10:34 [INFO] cshmd.analysis (validate_tetra)                               : [Structure] CL : Length 2: 64
04/15 10:34 [INFO] cshmd.analysis (validate_tetra)                               : [Structure] MCL : 2.0
04/15 10:34 [INFO] cshmd.structure (__init__)                                    : L04.cif was loaded
04/15 10:34 [DEBUG] cshmd.analysis (__init__)                                    : [Structure] Now new data setted for get Bonds
04/15 10:34 [DEBUG] cshmd.analysis (__del_bond__)                                : del -> Si_O O_H H_O Ca_O C_O BO NBO
04/15 10:34 [DEBUG] cshmd.analysis (__initialize_mole__)                         : initalize -> H2O SiO4 OH CO3 H3O
04/15 10:34 [DEBUG] cshmd.analysis (__initialize_mole__)                         : initalize -> SiOH CaOH HCO3 H2CO3 H3CO3
04/15 10:34 [DEBUG] cshmd.analysis (find_bond)                                   : find_bond O - H rcut -> 1.2
04/15 10:34 [DEBUG] cshmd.common (time_wrapper)                                  : [RUNTIME] get_distance_table in 0.701 seconds
04/15 10:34 [DEBUG] cshmd.analysis (get_mole)                                    : get_mole O - H -> nbonds: 2
04/15 10:34 [DEBUG] cshmd.analysis (find_bond)                                   : find_bond Si - O rcut -> 2.2
04/15 10:34 [DEBUG] cshmd.common (time_wrapper)                                  : [RUNTIME] get_distance_table in 0.305 seconds
04/15 10:34 [DEBUG] cshmd.analysis (get_mole)                                    : get_mole Si - O -> nbonds: 4
04/15 10:34 [DEBUG] cshmd.analysis (get_mole)                                    : get_mole O - H -> nbonds: 1
04/15 10:34 [DEBUG] cshmd.analysis (find_bond)                                   : find_bond C - O rcut -> 1.6
04/15 10:34 [DEBUG] cshmd.analysis (get_mole)                                    : get_mole C - O -> nbonds: 3
04/15 10:34 [DEBUG] cshmd.analysis (get_mole)                                    : get_mole O - H -> nbonds: 3
04/15 10:34 [DEBUG] cshmd.analysis (find_bond)                                   : find_bond Ca - O rcut -> 3.0
04/15 10:34 [DEBUG] cshmd.common (time_wrapper)                                  : [RUNTIME] get_distance_table in 0.346 seconds
04/15 10:34 [DEBUG] cshmd.analysis (search_basic)                                : Basic search result -> H2O: 732, SiO4: 612, OH: 128, CO3: 0, H3O: 0, Ca_O: 4344
04/15 10:34 [DEBUG] cshmd.analysis (full_search)                                 : Search layer details
04/15 10:34 [DEBUG] cshmd.analysis (find_bond)                                   : find_bond Ca - O rcut -> 3.0
04/15 10:34 [DEBUG] cshmd.analysis (find_bond)                                   : find_bond Si - O rcut -> 2.2
04/15 10:34 [DEBUG] cshmd.analysis (__detail_search_oh_co3)                      : No CO3 in basic search
04/15 10:34 [DEBUG] cshmd.analysis (__detail_search_oh_sioh)                     : Searching 'OH' in 'SiO4
04/15 10:34 [DEBUG] cshmd.analysis (__detail_search_oh_caoh)                     : Searching 'OH' in 'CaOH
04/15 10:34 [INFO] cshmd.analysis (Qn)                                           : [Structure] Q1: 0.510
04/15 10:34 [INFO] cshmd.analysis (Qn)                                           : [Structure] Q2: 0.490
04/15 10:34 [INFO] cshmd.analysis (CS)                                           : [Structure] C/S: 1.069
04/15 10:34 [INFO] cshmd.analysis (validate_tetra)                               : [Structure] BT: 100, PT: 512
04/15 10:34 [DEBUG] cshmd.analysis (__init__)                                    : <class 'cshmd.analysis.Chain'> loaded
04/15 10:34 [DEBUG] cshmd.analysis (__init__)                                    : <class 'cshmd.analysis.Chain'> loaded
04/15 10:34 [DEBUG] cshmd.analysis (__init__)                                    : <class 'cshmd.analysis.Chain'> loaded
04/15 10:34 [DEBUG] cshmd.analysis (__init__)                                    : <class 'cshmd.analysis.Chain'> loaded
04/15 10:34 [INFO] cshmd.analysis (validate_tetra)                               : [Structure] CL : Length 2: 15 Length 5: 23 Length 8: 1
04/15 10:34 [INFO] cshmd.analysis (validate_tetra)                               : [Structure] MCL : 3.923076923076923
04/15 10:34 [INFO] cshmd.structure (__init__)                                    : L06.cif was loaded
04/15 10:34 [DEBUG] cshmd.analysis (__init__)                                    : [Structure] Now new data setted for get Bonds
04/15 10:34 [DEBUG] cshmd.analysis (__del_bond__)                                : del -> Si_O O_H H_O Ca_O C_O BO NBO
04/15 10:34 [DEBUG] cshmd.analysis (__initialize_mole__)                         : initalize -> H2O SiO4 OH CO3 H3O
04/15 10:34 [DEBUG] cshmd.analysis (__initialize_mole__)                         : initalize -> SiOH CaOH HCO3 H2CO3 H3CO3
04/15 10:34 [DEBUG] cshmd.analysis (find_bond)                                   : find_bond O - H rcut -> 1.2
04/15 10:34 [DEBUG] cshmd.common (time_wrapper)                                  : [RUNTIME] get_distance_table in 0.666 seconds
04/15 10:34 [DEBUG] cshmd.analysis (get_mole)                                    : get_mole O - H -> nbonds: 2
04/15 10:34 [DEBUG] cshmd.analysis (find_bond)                                   : find_bond Si - O rcut -> 2.2
04/15 10:34 [DEBUG] cshmd.common (time_wrapper)                                  : [RUNTIME] get_distance_table in 0.328 seconds
04/15 10:34 [DEBUG] cshmd.analysis (get_mole)                                    : get_mole Si - O -> nbonds: 4
04/15 10:34 [DEBUG] cshmd.analysis (get_mole)                                    : get_mole O - H -> nbonds: 1
04/15 10:34 [DEBUG] cshmd.analysis (find_bond)                                   : find_bond C - O rcut -> 1.6
04/15 10:34 [DEBUG] cshmd.analysis (get_mole)                                    : get_mole C - O -> nbonds: 3
04/15 10:34 [DEBUG] cshmd.analysis (get_mole)                                    : get_mole O - H -> nbonds: 3
04/15 10:34 [DEBUG] cshmd.analysis (find_bond)                                   : find_bond Ca - O rcut -> 3.0
04/15 10:34 [DEBUG] cshmd.common (time_wrapper)                                  : [RUNTIME] get_distance_table in 0.341 seconds
04/15 10:34 [DEBUG] cshmd.analysis (search_basic)                                : Basic search result -> H2O: 688, SiO4: 656, OH: 128, CO3: 0, H3O: 0, Ca_O: 4256
04/15 10:34 [DEBUG] cshmd.analysis (full_search)                                 : Search layer details
04/15 10:34 [DEBUG] cshmd.analysis (find_bond)                                   : find_bond Ca - O rcut -> 3.0
04/15 10:34 [DEBUG] cshmd.analysis (find_bond)                                   : find_bond Si - O rcut -> 2.2
04/15 10:34 [DEBUG] cshmd.analysis (__detail_search_oh_co3)                      : No CO3 in basic search
04/15 10:34 [DEBUG] cshmd.analysis (__detail_search_oh_sioh)                     : Searching 'OH' in 'SiO4
04/15 10:34 [DEBUG] cshmd.analysis (__detail_search_oh_caoh)                     : Searching 'OH' in 'CaOH
04/15 10:34 [INFO] cshmd.analysis (Qn)                                           : [Structure] Q1: 0.341
04/15 10:34 [INFO] cshmd.analysis (Qn)                                           : [Structure] Q2: 0.659
04/15 10:34 [INFO] cshmd.analysis (CS)                                           : [Structure] C/S: 0.963
04/15 10:34 [INFO] cshmd.analysis (validate_tetra)                               : [Structure] BT: 144, PT: 512
04/15 10:34 [DEBUG] cshmd.analysis (__init__)                                    : <class 'cshmd.analysis.Chain'> loaded
04/15 10:34 [DEBUG] cshmd.analysis (__init__)                                    : <class 'cshmd.analysis.Chain'> loaded
04/15 10:34 [DEBUG] cshmd.analysis (__init__)                                    : <class 'cshmd.analysis.Chain'> loaded
04/15 10:34 [DEBUG] cshmd.analysis (__init__)                                    : <class 'cshmd.analysis.Chain'> loaded
04/15 10:34 [INFO] cshmd.analysis (validate_tetra)                               : [Structure] CL : Length 2: 5 Length 5: 10 Length 8: 13
04/15 10:34 [INFO] cshmd.analysis (validate_tetra)                               : [Structure] MCL : 5.857142857142857
04/15 10:34 [INFO] cshmd.structure (__init__)                                    : L08.cif was loaded
04/15 10:34 [DEBUG] cshmd.analysis (__init__)                                    : [Structure] Now new data setted for get Bonds
04/15 10:34 [DEBUG] cshmd.analysis (__del_bond__)                                : del -> Si_O O_H H_O Ca_O C_O BO NBO
04/15 10:34 [DEBUG] cshmd.analysis (__initialize_mole__)                         : initalize -> H2O SiO4 OH CO3 H3O
04/15 10:34 [DEBUG] cshmd.analysis (__initialize_mole__)                         : initalize -> SiOH CaOH HCO3 H2CO3 H3CO3
04/15 10:34 [DEBUG] cshmd.analysis (find_bond)                                   : find_bond O - H rcut -> 1.2
04/15 10:34 [DEBUG] cshmd.common (time_wrapper)                                  : [RUNTIME] get_distance_table in 0.649 seconds
04/15 10:34 [DEBUG] cshmd.analysis (get_mole)                                    : get_mole O - H -> nbonds: 2
04/15 10:34 [DEBUG] cshmd.analysis (find_bond)                                   : find_bond Si - O rcut -> 2.2
04/15 10:34 [DEBUG] cshmd.common (time_wrapper)                                  : [RUNTIME] get_distance_table in 0.342 seconds
04/15 10:34 [DEBUG] cshmd.analysis (get_mole)                                    : get_mole Si - O -> nbonds: 4
04/15 10:34 [DEBUG] cshmd.analysis (get_mole)                                    : get_mole O - H -> nbonds: 1
04/15 10:34 [DEBUG] cshmd.analysis (find_bond)                                   : find_bond C - O rcut -> 1.6
04/15 10:34 [DEBUG] cshmd.analysis (get_mole)                                    : get_mole C - O -> nbonds: 3
04/15 10:34 [DEBUG] cshmd.analysis (get_mole)                                    : get_mole O - H -> nbonds: 3
04/15 10:34 [DEBUG] cshmd.analysis (find_bond)                                   : find_bond Ca - O rcut -> 3.0
04/15 10:34 [DEBUG] cshmd.common (time_wrapper)                                  : [RUNTIME] get_distance_table in 0.338 seconds
04/15 10:34 [DEBUG] cshmd.analysis (search_basic)                                : Basic search result -> H2O: 664, SiO4: 680, OH: 128, CO3: 0, H3O: 0, Ca_O: 4208
04/15 10:34 [DEBUG] cshmd.analysis (full_search)                                 : Search layer details
04/15 10:34 [DEBUG] cshmd.analysis (find_bond)                                   : find_bond Ca - O rcut -> 3.0
04/15 10:34 [DEBUG] cshmd.analysis (find_bond)                                   : find_bond Si - O rcut -> 2.2
04/15 10:34 [DEBUG] cshmd.analysis (__detail_search_oh_co3)                      : No CO3 in basic search
04/15 10:34 [DEBUG] cshmd.analysis (__detail_search_oh_sioh)                     : Searching 'OH' in 'SiO4
04/15 10:34 [DEBUG] cshmd.analysis (__detail_search_oh_caoh)                     : Searching 'OH' in 'CaOH
04/15 10:34 [INFO] cshmd.analysis (Qn)                                           : [Structure] Q1: 0.259
04/15 10:34 [INFO] cshmd.analysis (Qn)                                           : [Structure] Q2: 0.741
04/15 10:34 [INFO] cshmd.analysis (CS)                                           : [Structure] C/S: 0.912
04/15 10:34 [INFO] cshmd.analysis (validate_tetra)                               : [Structure] BT: 168, PT: 512
04/15 10:34 [DEBUG] cshmd.analysis (__init__)                                    : <class 'cshmd.analysis.Chain'> loaded
04/15 10:34 [DEBUG] cshmd.analysis (__init__)                                    : <class 'cshmd.analysis.Chain'> loaded
04/15 10:34 [DEBUG] cshmd.analysis (__init__)                                    : <class 'cshmd.analysis.Chain'> loaded
04/15 10:34 [DEBUG] cshmd.analysis (__init__)                                    : <class 'cshmd.analysis.Chain'> loaded
04/15 10:34 [INFO] cshmd.analysis (validate_tetra)                               : [Structure] CL : Length 2: 2 Length 5: 4 Length 8: 10 Length 11: 6
04/15 10:34 [INFO] cshmd.analysis (validate_tetra)                               : [Structure] MCL : 7.7272727272727275
04/15 10:34 [INFO] cshmd.structure (__init__)                                    : L10.cif was loaded
04/15 10:34 [DEBUG] cshmd.analysis (__init__)                                    : [Structure] Now new data setted for get Bonds
04/15 10:34 [DEBUG] cshmd.analysis (__del_bond__)                                : del -> Si_O O_H H_O Ca_O C_O BO NBO
04/15 10:34 [DEBUG] cshmd.analysis (__initialize_mole__)                         : initalize -> H2O SiO4 OH CO3 H3O
04/15 10:34 [DEBUG] cshmd.analysis (__initialize_mole__)                         : initalize -> SiOH CaOH HCO3 H2CO3 H3CO3
04/15 10:34 [DEBUG] cshmd.analysis (find_bond)                                   : find_bond O - H rcut -> 1.2
04/15 10:34 [DEBUG] cshmd.common (time_wrapper)                                  : [RUNTIME] get_distance_table in 0.627 seconds
04/15 10:34 [DEBUG] cshmd.analysis (get_mole)                                    : get_mole O - H -> nbonds: 2
04/15 10:34 [DEBUG] cshmd.analysis (find_bond)                                   : find_bond Si - O rcut -> 2.2
04/15 10:34 [DEBUG] cshmd.common (time_wrapper)                                  : [RUNTIME] get_distance_table in 0.316 seconds
04/15 10:34 [DEBUG] cshmd.analysis (get_mole)                                    : get_mole Si - O -> nbonds: 4
04/15 10:34 [DEBUG] cshmd.analysis (get_mole)                                    : get_mole O - H -> nbonds: 1
04/15 10:34 [DEBUG] cshmd.analysis (find_bond)                                   : find_bond C - O rcut -> 1.6
04/15 10:34 [DEBUG] cshmd.analysis (get_mole)                                    : get_mole C - O -> nbonds: 3
04/15 10:34 [DEBUG] cshmd.analysis (get_mole)                                    : get_mole O - H -> nbonds: 3
04/15 10:34 [DEBUG] cshmd.analysis (find_bond)                                   : find_bond Ca - O rcut -> 3.0
04/15 10:34 [DEBUG] cshmd.common (time_wrapper)                                  : [RUNTIME] get_distance_table in 0.337 seconds
04/15 10:34 [DEBUG] cshmd.analysis (search_basic)                                : Basic search result -> H2O: 648, SiO4: 696, OH: 128, CO3: 0, H3O: 0, Ca_O: 4176
04/15 10:34 [DEBUG] cshmd.analysis (full_search)                                 : Search layer details
04/15 10:34 [DEBUG] cshmd.analysis (find_bond)                                   : find_bond Ca - O rcut -> 3.0
04/15 10:34 [DEBUG] cshmd.analysis (find_bond)                                   : find_bond Si - O rcut -> 2.2
04/15 10:34 [DEBUG] cshmd.analysis (__detail_search_oh_co3)                      : No CO3 in basic search
04/15 10:34 [DEBUG] cshmd.analysis (__detail_search_oh_sioh)                     : Searching 'OH' in 'SiO4
04/15 10:34 [DEBUG] cshmd.analysis (__detail_search_oh_caoh)                     : Searching 'OH' in 'CaOH
04/15 10:34 [INFO] cshmd.analysis (Qn)                                           : [Structure] Q1: 0.207
04/15 10:34 [INFO] cshmd.analysis (Qn)                                           : [Structure] Q2: 0.793
04/15 10:34 [INFO] cshmd.analysis (CS)                                           : [Structure] C/S: 0.879
04/15 10:34 [INFO] cshmd.analysis (validate_tetra)                               : [Structure] BT: 184, PT: 512
04/15 10:34 [DEBUG] cshmd.analysis (__init__)                                    : <class 'cshmd.analysis.Chain'> loaded
04/15 10:34 [DEBUG] cshmd.analysis (__init__)                                    : <class 'cshmd.analysis.Chain'> loaded
04/15 10:34 [DEBUG] cshmd.analysis (__init__)                                    : <class 'cshmd.analysis.Chain'> loaded
04/15 10:34 [DEBUG] cshmd.analysis (__init__)                                    : <class 'cshmd.analysis.Chain'> loaded
04/15 10:34 [INFO] cshmd.analysis (validate_tetra)                               : [Structure] CL : Length 2: 1 Length 5: 1 Length 8: 6 Length 11: 7 Length 14: 3
04/15 10:34 [INFO] cshmd.analysis (validate_tetra)                               : [Structure] MCL : 9.666666666666666
04/15 10:34 [INFO] cshmd.structure (__init__)                                    : L12.cif was loaded
04/15 10:34 [DEBUG] cshmd.analysis (__init__)                                    : [Structure] Now new data setted for get Bonds
04/15 10:34 [DEBUG] cshmd.analysis (__del_bond__)                                : del -> Si_O O_H H_O Ca_O C_O BO NBO
04/15 10:34 [DEBUG] cshmd.analysis (__initialize_mole__)                         : initalize -> H2O SiO4 OH CO3 H3O
04/15 10:34 [DEBUG] cshmd.analysis (__initialize_mole__)                         : initalize -> SiOH CaOH HCO3 H2CO3 H3CO3
04/15 10:34 [DEBUG] cshmd.analysis (find_bond)                                   : find_bond O - H rcut -> 1.2
04/15 10:34 [DEBUG] cshmd.common (time_wrapper)                                  : [RUNTIME] get_distance_table in 0.651 seconds
04/15 10:34 [DEBUG] cshmd.analysis (get_mole)                                    : get_mole O - H -> nbonds: 2
04/15 10:34 [DEBUG] cshmd.analysis (find_bond)                                   : find_bond Si - O rcut -> 2.2
04/15 10:34 [DEBUG] cshmd.common (time_wrapper)                                  : [RUNTIME] get_distance_table in 0.337 seconds
04/15 10:34 [DEBUG] cshmd.analysis (get_mole)                                    : get_mole Si - O -> nbonds: 4
04/15 10:34 [DEBUG] cshmd.analysis (get_mole)                                    : get_mole O - H -> nbonds: 1
04/15 10:34 [DEBUG] cshmd.analysis (find_bond)                                   : find_bond C - O rcut -> 1.6
04/15 10:34 [DEBUG] cshmd.analysis (get_mole)                                    : get_mole C - O -> nbonds: 3
04/15 10:34 [DEBUG] cshmd.analysis (get_mole)                                    : get_mole O - H -> nbonds: 3
04/15 10:34 [DEBUG] cshmd.analysis (find_bond)                                   : find_bond Ca - O rcut -> 3.0
04/15 10:34 [DEBUG] cshmd.common (time_wrapper)                                  : [RUNTIME] get_distance_table in 0.338 seconds
04/15 10:34 [DEBUG] cshmd.analysis (search_basic)                                : Basic search result -> H2O: 636, SiO4: 708, OH: 128, CO3: 0, H3O: 0, Ca_O: 4152
04/15 10:34 [DEBUG] cshmd.analysis (full_search)                                 : Search layer details
04/15 10:34 [DEBUG] cshmd.analysis (find_bond)                                   : find_bond Ca - O rcut -> 3.0
04/15 10:34 [DEBUG] cshmd.analysis (find_bond)                                   : find_bond Si - O rcut -> 2.2
04/15 10:34 [DEBUG] cshmd.analysis (__detail_search_oh_co3)                      : No CO3 in basic search
04/15 10:34 [DEBUG] cshmd.analysis (__detail_search_oh_sioh)                     : Searching 'OH' in 'SiO4
04/15 10:34 [DEBUG] cshmd.analysis (__detail_search_oh_caoh)                     : Searching 'OH' in 'CaOH
04/15 10:34 [INFO] cshmd.analysis (Qn)                                           : [Structure] Q1: 0.169
04/15 10:34 [INFO] cshmd.analysis (Qn)                                           : [Structure] Q2: 0.831
04/15 10:34 [INFO] cshmd.analysis (CS)                                           : [Structure] C/S: 0.856
04/15 10:34 [INFO] cshmd.analysis (validate_tetra)                               : [Structure] BT: 196, PT: 512
04/15 10:34 [DEBUG] cshmd.analysis (__init__)                                    : <class 'cshmd.analysis.Chain'> loaded
04/15 10:34 [DEBUG] cshmd.analysis (__init__)                                    : <class 'cshmd.analysis.Chain'> loaded
04/15 10:34 [DEBUG] cshmd.analysis (__init__)                                    : <class 'cshmd.analysis.Chain'> loaded
04/15 10:34 [DEBUG] cshmd.analysis (__init__)                                    : <class 'cshmd.analysis.Chain'> loaded
04/15 10:34 [INFO] cshmd.analysis (validate_tetra)                               : [Structure] CL : Length 8: 2 Length 11: 10 Length 14: 2 Length 23: 1
04/15 10:34 [INFO] cshmd.analysis (validate_tetra)                               : [Structure] MCL : 11.8
