03/04 15:49 [INFO] cshmd.structure (__init__)                : L2H0.cif was loaded
03/04 15:49 [DEBUG] cshmd.analysis (__init__)                : [Structure] Now new data setted for get Bonds
03/04 15:49 [DEBUG] cshmd.analysis (__del_bond__)            : loaded
03/04 15:49 [DEBUG] cshmd.analysis (__initialize_mole__)     : loaded
03/04 15:49 [INFO] cshmd.structure (__init__)                : Does not setted 'config'
03/04 15:49 [DEBUG] cshmd.analysis (find_bond)               : find_bond O - H 
03/04 15:49 [DEBUG] cshmd.common (time_wrapper)              : [RUNTIME] get_distance_table in 0.186 seconds
03/04 15:49 [DEBUG] cshmd.analysis (get_mole)                : get_mole O - H -> nbonds: 2
03/04 15:49 [DEBUG] cshmd.analysis (find_bond)               : find_bond Si - O 
03/04 15:49 [DEBUG] cshmd.common (time_wrapper)              : [RUNTIME] get_distance_table in 0.081 seconds
03/04 15:49 [DEBUG] cshmd.analysis (get_mole)                : get_mole Si - O -> nbonds: 4
03/04 15:49 [DEBUG] cshmd.analysis (get_mole)                : get_mole O - H -> nbonds: 1
03/04 15:49 [DEBUG] cshmd.analysis (find_bond)               : find_bond C - O 
03/04 15:49 [DEBUG] cshmd.analysis (get_mole)                : get_mole C - O -> nbonds: 3
03/04 15:49 [DEBUG] cshmd.analysis (_check_and_find_co3s)    : [Info]: Searching 'OH' in 'CO3'
03/04 15:49 [DEBUG] cshmd.analysis (_check_and_find_sioh)    : Searching 'OH' in 'SiO4
03/04 15:49 [DEBUG] cshmd.analysis (_check_and_find_sioh)    : point loaded
03/04 15:49 [DEBUG] cshmd.analysis (find_bond)               : find_bond Ca - O 
03/04 15:49 [DEBUG] cshmd.common (time_wrapper)              : [RUNTIME] get_distance_table in 0.099 seconds
03/04 15:49 [DEBUG] cshmd.analysis (find_bond)               : find_bond Si - O 
03/04 15:49 [INFO] cshmd.structure (__init__)                : L2H0.cif was loaded
03/04 15:49 [DEBUG] cshmd.analysis (__init__)                : [Structure] Now new data setted for get Bonds
03/04 15:49 [DEBUG] cshmd.analysis (__del_bond__)            : loaded
03/04 15:49 [DEBUG] cshmd.analysis (__initialize_mole__)     : loaded
03/04 15:49 [INFO] cshmd.structure (__init__)                : Does not setted 'config'
03/04 15:49 [DEBUG] cshmd.analysis (find_bond)               : find_bond O - H 
03/04 15:49 [DEBUG] cshmd.common (time_wrapper)              : [RUNTIME] get_distance_table in 0.176 seconds
03/04 15:49 [DEBUG] cshmd.analysis (get_mole)                : get_mole O - H -> nbonds: 2
03/04 15:49 [DEBUG] cshmd.analysis (find_bond)               : find_bond Si - O 
03/04 15:49 [DEBUG] cshmd.common (time_wrapper)              : [RUNTIME] get_distance_table in 0.097 seconds
03/04 15:49 [DEBUG] cshmd.analysis (get_mole)                : get_mole Si - O -> nbonds: 4
03/04 15:49 [DEBUG] cshmd.analysis (get_mole)                : get_mole O - H -> nbonds: 1
03/04 15:49 [DEBUG] cshmd.analysis (find_bond)               : find_bond C - O 
03/04 15:49 [DEBUG] cshmd.analysis (get_mole)                : get_mole C - O -> nbonds: 3
03/04 15:49 [DEBUG] cshmd.analysis (_check_and_find_co3s)    : [Info]: Searching 'OH' in 'CO3'
03/04 15:49 [DEBUG] cshmd.analysis (_check_and_find_sioh)    : Searching 'OH' in 'SiO4
03/04 15:49 [DEBUG] cshmd.analysis (_check_and_find_sioh)    : point loaded
03/04 15:49 [DEBUG] cshmd.analysis (find_bond)               : find_bond Ca - O 
03/04 15:49 [DEBUG] cshmd.common (time_wrapper)              : [RUNTIME] get_distance_table in 0.090 seconds
03/04 15:49 [DEBUG] cshmd.analysis (find_bond)               : find_bond Si - O 
03/04 15:51 [INFO] cshmd.structure (__init__)                : L2H0.cif was loaded
03/04 15:51 [DEBUG] cshmd.analysis (__init__)                : [Structure] Now new data setted for get Bonds
03/04 15:51 [DEBUG] cshmd.analysis (__del_bond__)            : loaded
03/04 15:51 [DEBUG] cshmd.analysis (__initialize_mole__)     : loaded
03/04 15:51 [INFO] cshmd.structure (__init__)                : Does not setted 'config'
03/04 15:51 [DEBUG] cshmd.analysis (find_bond)               : find_bond O - H 
03/04 15:51 [DEBUG] cshmd.common (time_wrapper)              : [RUNTIME] get_distance_table in 0.177 seconds
03/04 15:51 [DEBUG] cshmd.analysis (get_mole)                : get_mole O - H -> nbonds: 2
03/04 15:51 [DEBUG] cshmd.analysis (find_bond)               : find_bond Si - O 
03/04 15:51 [DEBUG] cshmd.common (time_wrapper)              : [RUNTIME] get_distance_table in 0.082 seconds
03/04 15:51 [DEBUG] cshmd.analysis (get_mole)                : get_mole Si - O -> nbonds: 4
03/04 15:51 [DEBUG] cshmd.analysis (get_mole)                : get_mole O - H -> nbonds: 1
03/04 15:51 [DEBUG] cshmd.analysis (find_bond)               : find_bond C - O 
03/04 15:51 [DEBUG] cshmd.analysis (get_mole)                : get_mole C - O -> nbonds: 3
03/04 15:51 [DEBUG] cshmd.analysis (_check_and_find_co3s)    : [Info]: Searching 'OH' in 'CO3'
03/04 15:51 [DEBUG] cshmd.analysis (_check_and_find_sioh)    : Searching 'OH' in 'SiO4
03/04 15:51 [DEBUG] cshmd.analysis (_check_and_find_sioh)    : point loaded
03/04 15:51 [DEBUG] cshmd.analysis (find_bond)               : find_bond Ca - O 
03/04 15:51 [DEBUG] cshmd.common (time_wrapper)              : [RUNTIME] get_distance_table in 0.102 seconds
03/04 15:51 [DEBUG] cshmd.analysis (find_bond)               : find_bond Si - O 
03/04 15:51 [INFO] cshmd.structure (__init__)                : L2H0.cif was loaded
03/04 15:51 [DEBUG] cshmd.analysis (__init__)                : [Structure] Now new data setted for get Bonds
03/04 15:51 [DEBUG] cshmd.analysis (__del_bond__)            : loaded
03/04 15:51 [DEBUG] cshmd.analysis (__initialize_mole__)     : loaded
03/04 15:51 [INFO] cshmd.structure (__init__)                : Does not setted 'config'
03/04 15:51 [DEBUG] cshmd.analysis (find_bond)               : find_bond O - H 
03/04 15:51 [DEBUG] cshmd.common (time_wrapper)              : [RUNTIME] get_distance_table in 0.188 seconds
03/04 15:51 [DEBUG] cshmd.analysis (get_mole)                : get_mole O - H -> nbonds: 2
03/04 15:51 [DEBUG] cshmd.analysis (find_bond)               : find_bond Si - O 
03/04 15:51 [DEBUG] cshmd.common (time_wrapper)              : [RUNTIME] get_distance_table in 0.098 seconds
03/04 15:51 [DEBUG] cshmd.analysis (get_mole)                : get_mole Si - O -> nbonds: 4
03/04 15:51 [DEBUG] cshmd.analysis (get_mole)                : get_mole O - H -> nbonds: 1
03/04 15:51 [DEBUG] cshmd.analysis (find_bond)               : find_bond C - O 
03/04 15:51 [DEBUG] cshmd.analysis (get_mole)                : get_mole C - O -> nbonds: 3
03/04 15:51 [DEBUG] cshmd.analysis (_check_and_find_co3s)    : [Info]: Searching 'OH' in 'CO3'
03/04 15:51 [DEBUG] cshmd.analysis (_check_and_find_sioh)    : Searching 'OH' in 'SiO4
03/04 15:51 [DEBUG] cshmd.analysis (_check_and_find_sioh)    : point loaded
03/04 15:51 [DEBUG] cshmd.analysis (find_bond)               : find_bond Ca - O 
03/04 15:51 [DEBUG] cshmd.common (time_wrapper)              : [RUNTIME] get_distance_table in 0.089 seconds
03/04 15:51 [DEBUG] cshmd.analysis (find_bond)               : find_bond Si - O 
03/04 15:51 [INFO] cshmd.structure (__init__)                : L2H0.cif was loaded
03/04 15:51 [DEBUG] cshmd.analysis (__init__)                : [Structure] Now new data setted for get Bonds
03/04 15:51 [DEBUG] cshmd.analysis (__del_bond__)            : loaded
03/04 15:51 [DEBUG] cshmd.analysis (__initialize_mole__)     : loaded
03/04 15:51 [INFO] cshmd.structure (__init__)                : Does not setted 'config'
03/04 15:51 [DEBUG] cshmd.analysis (find_bond)               : find_bond O - H 
03/04 15:51 [DEBUG] cshmd.common (time_wrapper)              : [RUNTIME] get_distance_table in 0.188 seconds
03/04 15:51 [DEBUG] cshmd.analysis (get_mole)                : get_mole O - H -> nbonds: 2
03/04 15:51 [DEBUG] cshmd.analysis (find_bond)               : find_bond Si - O 
03/04 15:51 [DEBUG] cshmd.common (time_wrapper)              : [RUNTIME] get_distance_table in 0.083 seconds
03/04 15:51 [DEBUG] cshmd.analysis (get_mole)                : get_mole Si - O -> nbonds: 4
03/04 15:51 [DEBUG] cshmd.analysis (get_mole)                : get_mole O - H -> nbonds: 1
03/04 15:51 [DEBUG] cshmd.analysis (find_bond)               : find_bond C - O 
03/04 15:51 [DEBUG] cshmd.analysis (get_mole)                : get_mole C - O -> nbonds: 3
03/04 15:51 [DEBUG] cshmd.analysis (_check_and_find_co3s)    : [Info]: Searching 'OH' in 'CO3'
03/04 15:51 [DEBUG] cshmd.analysis (_check_and_find_sioh)    : Searching 'OH' in 'SiO4
03/04 15:51 [DEBUG] cshmd.analysis (_check_and_find_sioh)    : point loaded
03/04 15:51 [DEBUG] cshmd.analysis (find_bond)               : find_bond Ca - O 
03/04 15:51 [DEBUG] cshmd.common (time_wrapper)              : [RUNTIME] get_distance_table in 0.104 seconds
03/04 15:51 [DEBUG] cshmd.analysis (find_bond)               : find_bond Si - O 
03/04 16:02 [INFO] cshmd.structure (__init__)                : L5H2.cif was loaded
03/04 16:02 [DEBUG] cshmd.analysis (__init__)                : [Structure] Now new data setted for get Bonds
03/04 16:02 [DEBUG] cshmd.analysis (__del_bond__)            : loaded
03/04 16:02 [DEBUG] cshmd.analysis (__initialize_mole__)     : loaded
03/04 16:02 [INFO] cshmd.structure (__init__)                : Does not setted 'config'
03/04 16:02 [DEBUG] cshmd.analysis (find_bond)               : find_bond O - H 
03/04 16:02 [DEBUG] cshmd.common (time_wrapper)              : [RUNTIME] get_distance_table in 0.223 seconds
03/04 16:02 [DEBUG] cshmd.analysis (get_mole)                : get_mole O - H -> nbonds: 2
03/04 16:02 [DEBUG] cshmd.analysis (find_bond)               : find_bond Si - O 
03/04 16:02 [DEBUG] cshmd.common (time_wrapper)              : [RUNTIME] get_distance_table in 0.109 seconds
03/04 16:02 [DEBUG] cshmd.analysis (get_mole)                : get_mole Si - O -> nbonds: 4
03/04 16:02 [DEBUG] cshmd.analysis (get_mole)                : get_mole O - H -> nbonds: 1
03/04 16:02 [DEBUG] cshmd.analysis (find_bond)               : find_bond C - O 
03/04 16:02 [DEBUG] cshmd.analysis (get_mole)                : get_mole C - O -> nbonds: 3
03/04 16:02 [DEBUG] cshmd.analysis (_check_and_find_co3s)    : [Info]: Searching 'OH' in 'CO3'
03/04 16:02 [DEBUG] cshmd.analysis (_check_and_find_sioh)    : Searching 'OH' in 'SiO4
03/04 16:02 [DEBUG] cshmd.analysis (_check_and_find_sioh)    : point loaded
03/04 16:02 [DEBUG] cshmd.analysis (find_bond)               : find_bond Ca - O 
03/04 16:02 [DEBUG] cshmd.common (time_wrapper)              : [RUNTIME] get_distance_table in 0.096 seconds
03/04 16:02 [DEBUG] cshmd.analysis (find_bond)               : find_bond Si - O 
03/04 16:02 [INFO] cshmd.structure (__init__)                : L5H2.cif was loaded
03/04 16:02 [DEBUG] cshmd.analysis (__init__)                : [Structure] Now new data setted for get Bonds
03/04 16:02 [DEBUG] cshmd.analysis (__del_bond__)            : loaded
03/04 16:02 [DEBUG] cshmd.analysis (__initialize_mole__)     : loaded
03/04 16:02 [INFO] cshmd.structure (__init__)                : Does not setted 'config'
03/04 16:02 [DEBUG] cshmd.analysis (find_bond)               : find_bond O - H 
03/04 16:02 [DEBUG] cshmd.common (time_wrapper)              : [RUNTIME] get_distance_table in 0.210 seconds
03/04 16:02 [DEBUG] cshmd.analysis (get_mole)                : get_mole O - H -> nbonds: 2
03/04 16:02 [DEBUG] cshmd.analysis (find_bond)               : find_bond Si - O 
03/04 16:02 [DEBUG] cshmd.common (time_wrapper)              : [RUNTIME] get_distance_table in 0.098 seconds
03/04 16:02 [DEBUG] cshmd.analysis (get_mole)                : get_mole Si - O -> nbonds: 4
03/04 16:02 [DEBUG] cshmd.analysis (get_mole)                : get_mole O - H -> nbonds: 1
03/04 16:02 [DEBUG] cshmd.analysis (find_bond)               : find_bond C - O 
03/04 16:02 [DEBUG] cshmd.analysis (get_mole)                : get_mole C - O -> nbonds: 3
03/04 16:02 [DEBUG] cshmd.analysis (_check_and_find_co3s)    : [Info]: Searching 'OH' in 'CO3'
03/04 16:02 [DEBUG] cshmd.analysis (_check_and_find_sioh)    : Searching 'OH' in 'SiO4
03/04 16:02 [DEBUG] cshmd.analysis (_check_and_find_sioh)    : point loaded
03/04 16:02 [DEBUG] cshmd.analysis (find_bond)               : find_bond Ca - O 
03/04 16:02 [DEBUG] cshmd.common (time_wrapper)              : [RUNTIME] get_distance_table in 0.107 seconds
03/04 16:02 [DEBUG] cshmd.analysis (find_bond)               : find_bond Si - O 
03/04 16:03 [INFO] cshmd.structure (__init__)                : L5H2.cif was loaded
03/04 16:03 [DEBUG] cshmd.analysis (__init__)                : [Structure] Now new data setted for get Bonds
03/04 16:03 [DEBUG] cshmd.analysis (__del_bond__)            : loaded
03/04 16:03 [DEBUG] cshmd.analysis (__initialize_mole__)     : loaded
03/04 16:03 [INFO] cshmd.structure (__init__)                : Does not setted 'config'
03/04 16:03 [DEBUG] cshmd.analysis (find_bond)               : find_bond O - H 
03/04 16:03 [DEBUG] cshmd.common (time_wrapper)              : [RUNTIME] get_distance_table in 0.232 seconds
03/04 16:03 [DEBUG] cshmd.analysis (get_mole)                : get_mole O - H -> nbonds: 2
03/04 16:03 [DEBUG] cshmd.analysis (find_bond)               : find_bond Si - O 
03/04 16:03 [DEBUG] cshmd.common (time_wrapper)              : [RUNTIME] get_distance_table in 0.109 seconds
03/04 16:03 [DEBUG] cshmd.analysis (get_mole)                : get_mole Si - O -> nbonds: 4
03/04 16:03 [DEBUG] cshmd.analysis (get_mole)                : get_mole O - H -> nbonds: 1
03/04 16:03 [DEBUG] cshmd.analysis (find_bond)               : find_bond C - O 
03/04 16:03 [DEBUG] cshmd.analysis (get_mole)                : get_mole C - O -> nbonds: 3
03/04 16:03 [DEBUG] cshmd.analysis (_check_and_find_co3s)    : [Info]: Searching 'OH' in 'CO3'
03/04 16:03 [DEBUG] cshmd.analysis (_check_and_find_sioh)    : Searching 'OH' in 'SiO4
03/04 16:03 [DEBUG] cshmd.analysis (_check_and_find_sioh)    : point loaded
03/04 16:03 [DEBUG] cshmd.analysis (find_bond)               : find_bond Ca - O 
03/04 16:03 [DEBUG] cshmd.common (time_wrapper)              : [RUNTIME] get_distance_table in 0.096 seconds
03/04 16:03 [DEBUG] cshmd.analysis (find_bond)               : find_bond Si - O 
03/04 16:03 [INFO] cshmd.structure (__init__)                : L5H2.cif was loaded
03/04 16:03 [DEBUG] cshmd.analysis (__init__)                : [Structure] Now new data setted for get Bonds
03/04 16:03 [DEBUG] cshmd.analysis (__del_bond__)            : loaded
03/04 16:03 [DEBUG] cshmd.analysis (__initialize_mole__)     : loaded
03/04 16:03 [INFO] cshmd.structure (__init__)                : Does not setted 'config'
03/04 16:03 [DEBUG] cshmd.analysis (find_bond)               : find_bond O - H 
03/04 16:03 [DEBUG] cshmd.common (time_wrapper)              : [RUNTIME] get_distance_table in 0.201 seconds
03/04 16:03 [DEBUG] cshmd.analysis (get_mole)                : get_mole O - H -> nbonds: 2
03/04 16:03 [DEBUG] cshmd.analysis (find_bond)               : find_bond Si - O 
03/04 16:03 [DEBUG] cshmd.common (time_wrapper)              : [RUNTIME] get_distance_table in 0.105 seconds
03/04 16:03 [DEBUG] cshmd.analysis (get_mole)                : get_mole Si - O -> nbonds: 4
03/04 16:03 [DEBUG] cshmd.analysis (get_mole)                : get_mole O - H -> nbonds: 1
03/04 16:03 [DEBUG] cshmd.analysis (find_bond)               : find_bond C - O 
03/04 16:03 [DEBUG] cshmd.analysis (get_mole)                : get_mole C - O -> nbonds: 3
03/04 16:03 [DEBUG] cshmd.analysis (_check_and_find_co3s)    : [Info]: Searching 'OH' in 'CO3'
03/04 16:03 [DEBUG] cshmd.analysis (_check_and_find_sioh)    : Searching 'OH' in 'SiO4
03/04 16:03 [DEBUG] cshmd.analysis (_check_and_find_sioh)    : point loaded
03/04 16:03 [DEBUG] cshmd.analysis (find_bond)               : find_bond Ca - O 
03/04 16:03 [DEBUG] cshmd.common (time_wrapper)              : [RUNTIME] get_distance_table in 0.092 seconds
03/04 16:03 [DEBUG] cshmd.analysis (find_bond)               : find_bond Si - O 
03/04 16:17 [INFO] cshmd.structure (__init__)                : L2H0.cif was loaded
03/04 16:17 [DEBUG] cshmd.analysis (__init__)                : [Structure] Now new data setted for get Bonds
03/04 16:17 [DEBUG] cshmd.analysis (__del_bond__)            : loaded
03/04 16:17 [DEBUG] cshmd.analysis (__initialize_mole__)     : loaded
03/04 16:17 [INFO] cshmd.structure (__init__)                : Does not setted 'config'
03/04 16:17 [DEBUG] cshmd.analysis (find_bond)               : find_bond O - H 
03/04 16:17 [DEBUG] cshmd.common (time_wrapper)              : [RUNTIME] get_distance_table in 0.175 seconds
03/04 16:17 [DEBUG] cshmd.analysis (get_mole)                : get_mole O - H -> nbonds: 2
03/04 16:17 [DEBUG] cshmd.analysis (find_bond)               : find_bond Si - O 
03/04 16:17 [DEBUG] cshmd.common (time_wrapper)              : [RUNTIME] get_distance_table in 0.083 seconds
03/04 16:17 [DEBUG] cshmd.analysis (get_mole)                : get_mole Si - O -> nbonds: 4
03/04 16:17 [DEBUG] cshmd.analysis (get_mole)                : get_mole O - H -> nbonds: 1
03/04 16:17 [DEBUG] cshmd.analysis (find_bond)               : find_bond C - O 
03/04 16:17 [DEBUG] cshmd.analysis (get_mole)                : get_mole C - O -> nbonds: 3
03/04 16:17 [DEBUG] cshmd.analysis (_check_and_find_co3s)    : [Info]: Searching 'OH' in 'CO3'
03/04 16:17 [DEBUG] cshmd.analysis (_check_and_find_sioh)    : Searching 'OH' in 'SiO4
03/04 16:17 [DEBUG] cshmd.analysis (_check_and_find_sioh)    : point loaded
03/04 16:17 [DEBUG] cshmd.analysis (find_bond)               : find_bond Ca - O 
03/04 16:17 [DEBUG] cshmd.common (time_wrapper)              : [RUNTIME] get_distance_table in 0.103 seconds
03/04 16:17 [DEBUG] cshmd.analysis (find_bond)               : find_bond Si - O 
03/04 16:24 [INFO] cshmd.structure (__init__)                : L2H0.cif was loaded
03/04 16:24 [DEBUG] cshmd.analysis (__init__)                : [Structure] Now new data setted for get Bonds
03/04 16:24 [DEBUG] cshmd.analysis (__del_bond__)            : loaded
03/04 16:24 [DEBUG] cshmd.analysis (__initialize_mole__)     : loaded
03/04 16:24 [INFO] cshmd.structure (__init__)                : Does not setted 'config'
03/04 16:24 [DEBUG] cshmd.analysis (find_bond)               : find_bond O - H 
03/04 16:24 [DEBUG] cshmd.common (time_wrapper)              : [RUNTIME] get_distance_table in 0.187 seconds
03/04 16:24 [DEBUG] cshmd.analysis (get_mole)                : get_mole O - H -> nbonds: 2
03/04 16:24 [DEBUG] cshmd.analysis (find_bond)               : find_bond Si - O 
03/04 16:24 [DEBUG] cshmd.common (time_wrapper)              : [RUNTIME] get_distance_table in 0.083 seconds
03/04 16:24 [DEBUG] cshmd.analysis (get_mole)                : get_mole Si - O -> nbonds: 4
03/04 16:24 [DEBUG] cshmd.analysis (get_mole)                : get_mole O - H -> nbonds: 1
03/04 16:24 [DEBUG] cshmd.analysis (find_bond)               : find_bond C - O 
03/04 16:24 [DEBUG] cshmd.analysis (get_mole)                : get_mole C - O -> nbonds: 3
03/04 16:24 [DEBUG] cshmd.analysis (_check_and_find_co3s)    : [Info]: Searching 'OH' in 'CO3'
03/04 16:24 [DEBUG] cshmd.analysis (_check_and_find_sioh)    : Searching 'OH' in 'SiO4
03/04 16:24 [DEBUG] cshmd.analysis (_check_and_find_sioh)    : point loaded
03/04 16:24 [DEBUG] cshmd.analysis (find_bond)               : find_bond Ca - O 
03/04 16:24 [DEBUG] cshmd.common (time_wrapper)              : [RUNTIME] get_distance_table in 0.104 seconds
03/04 16:24 [DEBUG] cshmd.analysis (find_bond)               : find_bond Si - O 
03/04 16:24 [INFO] cshmd.analysis (Qn)                       : [Structure] Q1: 0.400
03/04 16:24 [INFO] cshmd.analysis (Qn)                       : [Structure] Q2: 0.600
03/04 16:24 [INFO] cshmd.analysis (CS)                       : [Structure] C/S: 0.900
03/05 22:53 [INFO] /Users/kimuni/bin/csh_builder (main)      : ----------------------------------------------------------------------
03/05 22:53 [INFO] cshmd.structure (__init__)                : /Users/kimuni/bin/kimuni/cshmd/data/resources/cif/T14_111_base.cif was loaded
03/05 22:53 [DEBUG] cshmd.analysis (__init__)                : [Structure] Now new data setted for get Bonds
03/05 22:53 [DEBUG] cshmd.analysis (__del_bond__)            : loaded
03/05 22:53 [DEBUG] cshmd.analysis (__initialize_mole__)     : loaded
03/05 22:53 [DEBUG] cshmd.analysis (__init__)                : [Structure] Now new data setted for get Bonds
03/05 22:53 [DEBUG] cshmd.analysis (__del_bond__)            : loaded
03/05 22:53 [DEBUG] cshmd.analysis (__initialize_mole__)     : loaded
03/05 22:53 [DEBUG] cshmd.analysis (find_bond)               : find_bond O - H 
03/05 22:53 [DEBUG] cshmd.common (time_wrapper)              : [RUNTIME] get_distance_table in 0.000 seconds
03/05 22:53 [DEBUG] cshmd.analysis (get_mole)                : get_mole O - H -> nbonds: 2
03/05 22:53 [DEBUG] cshmd.analysis (find_bond)               : find_bond Si - O 
03/05 22:53 [DEBUG] cshmd.common (time_wrapper)              : [RUNTIME] get_distance_table in 0.000 seconds
03/05 22:53 [DEBUG] cshmd.analysis (get_mole)                : get_mole Si - O -> nbonds: 4
03/05 22:53 [DEBUG] cshmd.analysis (get_mole)                : get_mole O - H -> nbonds: 1
03/05 22:53 [DEBUG] cshmd.analysis (find_bond)               : find_bond C - O 
03/05 22:53 [DEBUG] cshmd.analysis (get_mole)                : get_mole C - O -> nbonds: 3
03/05 22:53 [DEBUG] cshmd.analysis (_check_and_find_co3s)    : [Info]: Searching 'OH' in 'CO3'
03/05 22:53 [DEBUG] cshmd.analysis (_check_and_find_sioh)    : Searching 'OH' in 'SiO4
03/05 22:53 [DEBUG] cshmd.analysis (_check_and_find_sioh)    : point loaded
03/05 22:53 [DEBUG] cshmd.analysis (find_bond)               : find_bond Ca - O 
03/05 22:53 [DEBUG] cshmd.common (time_wrapper)              : [RUNTIME] get_distance_table in 0.000 seconds
03/05 22:53 [DEBUG] cshmd.analysis (find_bond)               : find_bond Si - O 
03/05 22:53 [INFO] cshmd.analysis (Qn)                       : [Structure] Q2: 1.000
03/05 22:53 [INFO] cshmd.analysis (CS)                       : [Structure] C/S: 0.750
03/05 22:53 [INFO] cshmd.structure (validate_tetra)          : [Structure] BT: 4, PT: 8
03/05 22:53 [INFO] cshmd.analysis (MCL)                      : [Structure] MCL: inf
03/05 22:53 [INFO] /Users/kimuni/bin/csh_builder (main)      : [Structure] Reading command 'supercell'...
03/05 22:53 [INFO] /Users/kimuni/bin/csh_builder (main)      : [Structure] with arguments 'supercell: [6, 6, 1]'...
03/05 22:53 [INFO] cshmd.structure (makeSupercell)           : [Structure] Supercell created 6 * 6 * 1
03/05 22:54 [INFO] /Users/kimuni/bin/csh_builder (main)      : ----------------------------------------------------------------------
03/05 22:54 [INFO] cshmd.structure (__init__)                : /Users/kimuni/bin/kimuni/cshmd/data/resources/cif/T14_111_base.cif was loaded
03/05 22:54 [DEBUG] cshmd.analysis (__init__)                : [Structure] Now new data setted for get Bonds
03/05 22:54 [DEBUG] cshmd.analysis (__del_bond__)            : loaded
03/05 22:54 [DEBUG] cshmd.analysis (__initialize_mole__)     : loaded
03/05 22:54 [DEBUG] cshmd.analysis (__init__)                : [Structure] Now new data setted for get Bonds
03/05 22:54 [DEBUG] cshmd.analysis (__del_bond__)            : loaded
03/05 22:54 [DEBUG] cshmd.analysis (__initialize_mole__)     : loaded
03/05 22:54 [DEBUG] cshmd.analysis (find_bond)               : find_bond O - H 
03/05 22:54 [DEBUG] cshmd.common (time_wrapper)              : [RUNTIME] get_distance_table in 0.000 seconds
03/05 22:54 [DEBUG] cshmd.analysis (get_mole)                : get_mole O - H -> nbonds: 2
03/05 22:54 [DEBUG] cshmd.analysis (find_bond)               : find_bond Si - O 
03/05 22:54 [DEBUG] cshmd.common (time_wrapper)              : [RUNTIME] get_distance_table in 0.000 seconds
03/05 22:54 [DEBUG] cshmd.analysis (get_mole)                : get_mole Si - O -> nbonds: 4
03/05 22:54 [DEBUG] cshmd.analysis (get_mole)                : get_mole O - H -> nbonds: 1
03/05 22:54 [DEBUG] cshmd.analysis (find_bond)               : find_bond C - O 
03/05 22:54 [DEBUG] cshmd.analysis (get_mole)                : get_mole C - O -> nbonds: 3
03/05 22:54 [DEBUG] cshmd.analysis (_check_and_find_co3s)    : [Info]: Searching 'OH' in 'CO3'
03/05 22:54 [DEBUG] cshmd.analysis (_check_and_find_sioh)    : Searching 'OH' in 'SiO4
03/05 22:54 [DEBUG] cshmd.analysis (_check_and_find_sioh)    : point loaded
03/05 22:54 [DEBUG] cshmd.analysis (find_bond)               : find_bond Ca - O 
03/05 22:54 [DEBUG] cshmd.common (time_wrapper)              : [RUNTIME] get_distance_table in 0.000 seconds
03/05 22:54 [DEBUG] cshmd.analysis (find_bond)               : find_bond Si - O 
03/05 22:54 [INFO] cshmd.analysis (Qn)                       : [Structure] Q2: 1.000
03/05 22:54 [INFO] cshmd.analysis (CS)                       : [Structure] C/S: 0.750
03/05 22:54 [INFO] cshmd.structure (validate_tetra)          : [Structure] BT: 4, PT: 8
03/05 22:54 [INFO] cshmd.analysis (MCL)                      : [Structure] MCL: inf
03/05 22:54 [INFO] /Users/kimuni/bin/csh_builder (main)      : [Structure] Reading command 'supercell'...
03/05 22:54 [INFO] /Users/kimuni/bin/csh_builder (main)      : [Structure] with arguments 'supercell: [6, 6, 1]'...
03/05 22:54 [INFO] /Users/kimuni/bin/csh_builder (main)      : ----------------------------------------------------------------------
03/05 22:54 [INFO] cshmd.structure (__init__)                : /Users/kimuni/bin/kimuni/cshmd/data/resources/cif/T14_111_base.cif was loaded
03/05 22:54 [DEBUG] cshmd.analysis (__init__)                : [Structure] Now new data setted for get Bonds
03/05 22:54 [DEBUG] cshmd.analysis (__del_bond__)            : loaded
03/05 22:54 [DEBUG] cshmd.analysis (__initialize_mole__)     : loaded
03/05 22:54 [DEBUG] cshmd.analysis (__init__)                : [Structure] Now new data setted for get Bonds
03/05 22:54 [DEBUG] cshmd.analysis (__del_bond__)            : loaded
03/05 22:54 [DEBUG] cshmd.analysis (__initialize_mole__)     : loaded
03/05 22:54 [DEBUG] cshmd.analysis (find_bond)               : find_bond O - H 
03/05 22:54 [DEBUG] cshmd.common (time_wrapper)              : [RUNTIME] get_distance_table in 0.000 seconds
03/05 22:54 [DEBUG] cshmd.analysis (get_mole)                : get_mole O - H -> nbonds: 2
03/05 22:54 [DEBUG] cshmd.analysis (find_bond)               : find_bond Si - O 
03/05 22:54 [DEBUG] cshmd.common (time_wrapper)              : [RUNTIME] get_distance_table in 0.000 seconds
03/05 22:54 [DEBUG] cshmd.analysis (get_mole)                : get_mole Si - O -> nbonds: 4
03/05 22:54 [DEBUG] cshmd.analysis (get_mole)                : get_mole O - H -> nbonds: 1
03/05 22:54 [DEBUG] cshmd.analysis (find_bond)               : find_bond C - O 
03/05 22:54 [DEBUG] cshmd.analysis (get_mole)                : get_mole C - O -> nbonds: 3
03/05 22:54 [DEBUG] cshmd.analysis (_check_and_find_co3s)    : [Info]: Searching 'OH' in 'CO3'
03/05 22:54 [DEBUG] cshmd.analysis (_check_and_find_sioh)    : Searching 'OH' in 'SiO4
03/05 22:54 [DEBUG] cshmd.analysis (_check_and_find_sioh)    : point loaded
03/05 22:54 [DEBUG] cshmd.analysis (find_bond)               : find_bond Ca - O 
03/05 22:54 [DEBUG] cshmd.common (time_wrapper)              : [RUNTIME] get_distance_table in 0.000 seconds
03/05 22:54 [DEBUG] cshmd.analysis (find_bond)               : find_bond Si - O 
03/05 22:54 [INFO] cshmd.analysis (Qn)                       : [Structure] Q2: 1.000
03/05 22:54 [INFO] cshmd.analysis (CS)                       : [Structure] C/S: 0.750
03/05 22:54 [INFO] cshmd.structure (validate_tetra)          : [Structure] BT: 4, PT: 8
03/05 22:54 [INFO] cshmd.analysis (MCL)                      : [Structure] MCL: inf
03/05 22:54 [INFO] /Users/kimuni/bin/csh_builder (main)      : [Structure] Reading command 'supercell'...
03/05 22:54 [INFO] /Users/kimuni/bin/csh_builder (main)      : [Structure] with arguments 'supercell: [6, 6, 1]'...
03/05 22:54 [INFO] /Users/kimuni/bin/csh_builder (main)      : ----------------------------------------------------------------------
03/05 22:54 [INFO] cshmd.structure (__init__)                : /Users/kimuni/bin/kimuni/cshmd/data/resources/cif/T14_111_base.cif was loaded
03/05 22:54 [DEBUG] cshmd.analysis (__init__)                : [Structure] Now new data setted for get Bonds
03/05 22:54 [DEBUG] cshmd.analysis (__del_bond__)            : loaded
03/05 22:54 [DEBUG] cshmd.analysis (__initialize_mole__)     : loaded
03/05 22:54 [DEBUG] cshmd.analysis (__init__)                : [Structure] Now new data setted for get Bonds
03/05 22:54 [DEBUG] cshmd.analysis (__del_bond__)            : loaded
03/05 22:54 [DEBUG] cshmd.analysis (__initialize_mole__)     : loaded
03/05 22:54 [DEBUG] cshmd.analysis (find_bond)               : find_bond O - H 
03/05 22:54 [DEBUG] cshmd.common (time_wrapper)              : [RUNTIME] get_distance_table in 0.000 seconds
03/05 22:54 [DEBUG] cshmd.analysis (get_mole)                : get_mole O - H -> nbonds: 2
03/05 22:54 [DEBUG] cshmd.analysis (find_bond)               : find_bond Si - O 
03/05 22:54 [DEBUG] cshmd.common (time_wrapper)              : [RUNTIME] get_distance_table in 0.000 seconds
03/05 22:54 [DEBUG] cshmd.analysis (get_mole)                : get_mole Si - O -> nbonds: 4
03/05 22:54 [DEBUG] cshmd.analysis (get_mole)                : get_mole O - H -> nbonds: 1
03/05 22:54 [DEBUG] cshmd.analysis (find_bond)               : find_bond C - O 
03/05 22:54 [DEBUG] cshmd.analysis (get_mole)                : get_mole C - O -> nbonds: 3
03/05 22:54 [DEBUG] cshmd.analysis (_check_and_find_co3s)    : [Info]: Searching 'OH' in 'CO3'
03/05 22:54 [DEBUG] cshmd.analysis (_check_and_find_sioh)    : Searching 'OH' in 'SiO4
03/05 22:54 [DEBUG] cshmd.analysis (_check_and_find_sioh)    : point loaded
03/05 22:54 [DEBUG] cshmd.analysis (find_bond)               : find_bond Ca - O 
03/05 22:54 [DEBUG] cshmd.common (time_wrapper)              : [RUNTIME] get_distance_table in 0.000 seconds
03/05 22:54 [DEBUG] cshmd.analysis (find_bond)               : find_bond Si - O 
03/05 22:54 [INFO] cshmd.analysis (Qn)                       : [Structure] Q2: 1.000
03/05 22:54 [INFO] cshmd.analysis (CS)                       : [Structure] C/S: 0.750
03/05 22:54 [INFO] cshmd.structure (validate_tetra)          : [Structure] BT: 4, PT: 8
03/05 22:54 [INFO] cshmd.analysis (MCL)                      : [Structure] MCL: inf
03/05 22:54 [INFO] /Users/kimuni/bin/csh_builder (main)      : [Structure] Reading command 'supercell'...
03/05 22:54 [INFO] /Users/kimuni/bin/csh_builder (main)      : [Structure] with arguments 'supercell: [6, 6, 1]'...
03/05 22:54 [INFO] cshmd.structure (makeSupercell)           : [Structure] Supercell created 6 * 6 * 1
03/05 22:56 [INFO] /Users/kimuni/bin/csh_builder (main)      : ----------------------------------------------------------------------
03/05 22:56 [INFO] cshmd.structure (__init__)                : /Users/kimuni/bin/kimuni/cshmd/data/resources/cif/T14_111_base.cif was loaded
03/05 22:56 [DEBUG] cshmd.analysis (__init__)                : [Structure] Now new data setted for get Bonds
03/05 22:56 [DEBUG] cshmd.analysis (__del_bond__)            : loaded
03/05 22:56 [DEBUG] cshmd.analysis (__initialize_mole__)     : loaded
03/05 22:56 [DEBUG] cshmd.analysis (__init__)                : [Structure] Now new data setted for get Bonds
03/05 22:56 [DEBUG] cshmd.analysis (__del_bond__)            : loaded
03/05 22:56 [DEBUG] cshmd.analysis (__initialize_mole__)     : loaded
03/05 22:56 [DEBUG] cshmd.analysis (find_bond)               : find_bond O - H 
03/05 22:56 [DEBUG] cshmd.common (time_wrapper)              : [RUNTIME] get_distance_table in 0.000 seconds
03/05 22:56 [DEBUG] cshmd.analysis (get_mole)                : get_mole O - H -> nbonds: 2
03/05 22:56 [DEBUG] cshmd.analysis (find_bond)               : find_bond Si - O 
03/05 22:56 [DEBUG] cshmd.common (time_wrapper)              : [RUNTIME] get_distance_table in 0.000 seconds
03/05 22:56 [DEBUG] cshmd.analysis (get_mole)                : get_mole Si - O -> nbonds: 4
03/05 22:56 [DEBUG] cshmd.analysis (get_mole)                : get_mole O - H -> nbonds: 1
03/05 22:56 [DEBUG] cshmd.analysis (find_bond)               : find_bond C - O 
03/05 22:56 [DEBUG] cshmd.analysis (get_mole)                : get_mole C - O -> nbonds: 3
03/05 22:56 [DEBUG] cshmd.analysis (_check_and_find_co3s)    : [Info]: Searching 'OH' in 'CO3'
03/05 22:56 [DEBUG] cshmd.analysis (_check_and_find_sioh)    : Searching 'OH' in 'SiO4
03/05 22:56 [DEBUG] cshmd.analysis (_check_and_find_sioh)    : point loaded
03/05 22:56 [DEBUG] cshmd.analysis (find_bond)               : find_bond Ca - O 
03/05 22:56 [DEBUG] cshmd.common (time_wrapper)              : [RUNTIME] get_distance_table in 0.000 seconds
03/05 22:56 [DEBUG] cshmd.analysis (find_bond)               : find_bond Si - O 
03/05 22:56 [INFO] cshmd.analysis (Qn)                       : [Structure] Q2: 1.000
03/05 22:56 [INFO] cshmd.analysis (CS)                       : [Structure] C/S: 0.750
03/05 22:56 [INFO] cshmd.structure (validate_tetra)          : [Structure] BT: 4, PT: 8
03/05 22:56 [INFO] cshmd.analysis (MCL)                      : [Structure] MCL: inf
03/05 22:56 [INFO] /Users/kimuni/bin/csh_builder (main)      : [Structure] Reading command 'supercell'...
03/05 22:56 [INFO] /Users/kimuni/bin/csh_builder (main)      : [Structure] with arguments 'supercell: [6, 6, 1]'...
03/05 22:56 [INFO] cshmd.structure (makeSupercell)           : [Structure] Supercell created 6 * 6 * 1
03/05 22:56 [DEBUG] cshmd.analysis (__init__)                : [Structure] Now new data setted for get Bonds
03/05 22:56 [DEBUG] cshmd.analysis (__del_bond__)            : loaded
03/05 22:56 [DEBUG] cshmd.analysis (__initialize_mole__)     : loaded
03/05 22:56 [DEBUG] cshmd.analysis (find_bond)               : find_bond O - H 
03/05 22:56 [DEBUG] cshmd.common (time_wrapper)              : [RUNTIME] get_distance_table in 0.278 seconds
03/05 22:56 [DEBUG] cshmd.analysis (get_mole)                : get_mole O - H -> nbonds: 2
03/05 22:56 [DEBUG] cshmd.analysis (find_bond)               : find_bond Si - O 
03/05 22:56 [DEBUG] cshmd.common (time_wrapper)              : [RUNTIME] get_distance_table in 0.177 seconds
03/05 22:56 [DEBUG] cshmd.analysis (get_mole)                : get_mole Si - O -> nbonds: 4
03/05 22:56 [DEBUG] cshmd.analysis (get_mole)                : get_mole O - H -> nbonds: 1
03/05 22:56 [DEBUG] cshmd.analysis (find_bond)               : find_bond C - O 
03/05 22:56 [DEBUG] cshmd.analysis (get_mole)                : get_mole C - O -> nbonds: 3
03/05 22:56 [DEBUG] cshmd.analysis (_check_and_find_co3s)    : [Info]: Searching 'OH' in 'CO3'
03/05 22:56 [DEBUG] cshmd.analysis (_check_and_find_sioh)    : Searching 'OH' in 'SiO4
03/05 22:56 [DEBUG] cshmd.analysis (_check_and_find_sioh)    : point loaded
03/05 22:56 [DEBUG] cshmd.analysis (find_bond)               : find_bond Ca - O 
03/05 22:56 [DEBUG] cshmd.common (time_wrapper)              : [RUNTIME] get_distance_table in 0.123 seconds
03/05 22:56 [DEBUG] cshmd.analysis (find_bond)               : find_bond Si - O 
03/05 22:56 [INFO] cshmd.analysis (Qn)                       : [Structure] Q2: 1.000
03/05 22:56 [INFO] cshmd.analysis (CS)                       : [Structure] C/S: 0.750
03/05 22:56 [INFO] cshmd.structure (validate_tetra)          : [Structure] BT: 144, PT: 288
03/05 22:56 [INFO] cshmd.analysis (MCL)                      : [Structure] MCL: inf
03/05 22:56 [INFO] cshmd.builder (update_manager)            : [Structure] Number of atoms: 90 -> 3240
03/05 22:56 [INFO] /Users/kimuni/bin/csh_builder (main)      : [Structure] Reading command 'defect_BT'...
03/05 22:56 [INFO] /Users/kimuni/bin/csh_builder (main)      : [Structure] with arguments 'scope: all termination: False add_Ca: True seed: 109 keep_OH: False'...
03/05 22:56 [INFO] cshmd.builder (defect_BT)                 : [Structure] Termination scope: False
03/05 22:56 [INFO] cshmd.builder (defect_BT)                 : [Structure] Exists 36 Bridging Tetra in 'top' side
03/05 22:56 [INFO] cshmd.builder (defect_BT)                 : [Structure] Exists 36 Bridging Tetra in 'bottom' side
03/05 22:56 [INFO] cshmd.structure (check_rm_list)           : [Structure] Delete 360 atoms
03/05 22:56 [DEBUG] cshmd.analysis (__init__)                : [Structure] Now new data setted for get Bonds
03/05 22:56 [DEBUG] cshmd.analysis (__del_bond__)            : loaded
03/05 22:56 [DEBUG] cshmd.analysis (__initialize_mole__)     : loaded
03/05 22:56 [DEBUG] cshmd.analysis (find_bond)               : find_bond O - H 
03/05 22:56 [DEBUG] cshmd.common (time_wrapper)              : [RUNTIME] get_distance_table in 0.202 seconds
03/05 22:56 [DEBUG] cshmd.analysis (get_mole)                : get_mole O - H -> nbonds: 2
03/05 22:56 [DEBUG] cshmd.analysis (find_bond)               : find_bond Si - O 
03/05 22:56 [DEBUG] cshmd.common (time_wrapper)              : [RUNTIME] get_distance_table in 0.101 seconds
03/05 22:56 [DEBUG] cshmd.analysis (get_mole)                : get_mole Si - O -> nbonds: 4
03/05 22:56 [DEBUG] cshmd.analysis (get_mole)                : get_mole O - H -> nbonds: 1
03/05 22:56 [DEBUG] cshmd.analysis (find_bond)               : find_bond C - O 
03/05 22:56 [DEBUG] cshmd.analysis (get_mole)                : get_mole C - O -> nbonds: 3
03/05 22:56 [DEBUG] cshmd.analysis (_check_and_find_co3s)    : [Info]: Searching 'OH' in 'CO3'
03/05 22:56 [DEBUG] cshmd.analysis (_check_and_find_sioh)    : Searching 'OH' in 'SiO4
03/05 22:56 [DEBUG] cshmd.analysis (_check_and_find_sioh)    : point loaded
03/05 22:56 [DEBUG] cshmd.analysis (find_bond)               : find_bond Ca - O 
03/05 22:56 [DEBUG] cshmd.common (time_wrapper)              : [RUNTIME] get_distance_table in 0.110 seconds
03/05 22:56 [DEBUG] cshmd.analysis (find_bond)               : find_bond Si - O 
03/05 22:56 [INFO] cshmd.analysis (Qn)                       : [Structure] Q1: 0.400
03/05 22:56 [INFO] cshmd.analysis (Qn)                       : [Structure] Q2: 0.600
03/05 22:56 [INFO] cshmd.analysis (CS)                       : [Structure] C/S: 0.900
03/05 22:56 [INFO] cshmd.structure (validate_tetra)          : [Structure] BT: 72, PT: 288
03/05 22:56 [INFO] cshmd.analysis (MCL)                      : [Structure] MCL: 2.000
03/05 22:56 [INFO] cshmd.builder (update_manager)            : [Structure] Number of atoms: 3240 -> 2952
03/05 22:56 [INFO] cshmd.structure (writeCif)                : L2H0.cif was created
03/05 22:56 [INFO] cshmd.builder (out_model)                 : Total Charge: 0
03/05 22:56 [INFO] /Users/kimuni/bin/csh_builder (main)      : ----------------------------------------------------------------------
03/05 22:56 [INFO] /Users/kimuni/bin/csh_builder (main)      : ----------------------------------------------------------------------
03/05 22:56 [INFO] cshmd.structure (__init__)                : /Users/kimuni/bin/kimuni/cshmd/data/resources/cif/T14_111_base.cif was loaded
03/05 22:56 [DEBUG] cshmd.analysis (__init__)                : [Structure] Now new data setted for get Bonds
03/05 22:56 [DEBUG] cshmd.analysis (__del_bond__)            : loaded
03/05 22:56 [DEBUG] cshmd.analysis (__initialize_mole__)     : loaded
03/05 22:56 [DEBUG] cshmd.analysis (__init__)                : [Structure] Now new data setted for get Bonds
03/05 22:56 [DEBUG] cshmd.analysis (__del_bond__)            : loaded
03/05 22:56 [DEBUG] cshmd.analysis (__initialize_mole__)     : loaded
03/05 22:56 [DEBUG] cshmd.analysis (find_bond)               : find_bond O - H 
03/05 22:56 [DEBUG] cshmd.common (time_wrapper)              : [RUNTIME] get_distance_table in 0.000 seconds
03/05 22:56 [DEBUG] cshmd.analysis (get_mole)                : get_mole O - H -> nbonds: 2
03/05 22:56 [DEBUG] cshmd.analysis (find_bond)               : find_bond Si - O 
03/05 22:56 [DEBUG] cshmd.common (time_wrapper)              : [RUNTIME] get_distance_table in 0.000 seconds
03/05 22:56 [DEBUG] cshmd.analysis (get_mole)                : get_mole Si - O -> nbonds: 4
03/05 22:56 [DEBUG] cshmd.analysis (get_mole)                : get_mole O - H -> nbonds: 1
03/05 22:56 [DEBUG] cshmd.analysis (find_bond)               : find_bond C - O 
03/05 22:56 [DEBUG] cshmd.analysis (get_mole)                : get_mole C - O -> nbonds: 3
03/05 22:56 [DEBUG] cshmd.analysis (_check_and_find_co3s)    : [Info]: Searching 'OH' in 'CO3'
03/05 22:56 [DEBUG] cshmd.analysis (_check_and_find_sioh)    : Searching 'OH' in 'SiO4
03/05 22:56 [DEBUG] cshmd.analysis (_check_and_find_sioh)    : point loaded
03/05 22:56 [DEBUG] cshmd.analysis (find_bond)               : find_bond Ca - O 
03/05 22:56 [DEBUG] cshmd.common (time_wrapper)              : [RUNTIME] get_distance_table in 0.000 seconds
03/05 22:56 [DEBUG] cshmd.analysis (find_bond)               : find_bond Si - O 
03/05 22:56 [INFO] cshmd.analysis (Qn)                       : [Structure] Q2: 1.000
03/05 22:56 [INFO] cshmd.analysis (CS)                       : [Structure] C/S: 0.750
03/05 22:56 [INFO] cshmd.structure (validate_tetra)          : [Structure] BT: 4, PT: 8
03/05 22:56 [INFO] cshmd.analysis (MCL)                      : [Structure] MCL: inf
03/05 22:56 [INFO] /Users/kimuni/bin/csh_builder (main)      : [Structure] Reading command 'supercell'...
03/05 22:56 [INFO] /Users/kimuni/bin/csh_builder (main)      : [Structure] with arguments 'supercell: [6, 6, 1]'...
03/05 22:56 [INFO] cshmd.structure (makeSupercell)           : [Structure] Supercell created 6 * 6 * 1
03/05 22:56 [DEBUG] cshmd.analysis (__init__)                : [Structure] Now new data setted for get Bonds
03/05 22:56 [DEBUG] cshmd.analysis (__del_bond__)            : loaded
03/05 22:56 [DEBUG] cshmd.analysis (__initialize_mole__)     : loaded
03/05 22:56 [DEBUG] cshmd.analysis (find_bond)               : find_bond O - H 
03/05 22:56 [DEBUG] cshmd.common (time_wrapper)              : [RUNTIME] get_distance_table in 0.267 seconds
03/05 22:56 [DEBUG] cshmd.analysis (get_mole)                : get_mole O - H -> nbonds: 2
03/05 22:56 [DEBUG] cshmd.analysis (find_bond)               : find_bond Si - O 
03/05 22:56 [DEBUG] cshmd.common (time_wrapper)              : [RUNTIME] get_distance_table in 0.140 seconds
03/05 22:56 [DEBUG] cshmd.analysis (get_mole)                : get_mole Si - O -> nbonds: 4
03/05 22:56 [DEBUG] cshmd.analysis (get_mole)                : get_mole O - H -> nbonds: 1
03/05 22:56 [DEBUG] cshmd.analysis (find_bond)               : find_bond C - O 
03/05 22:56 [DEBUG] cshmd.analysis (get_mole)                : get_mole C - O -> nbonds: 3
03/05 22:56 [DEBUG] cshmd.analysis (_check_and_find_co3s)    : [Info]: Searching 'OH' in 'CO3'
03/05 22:56 [DEBUG] cshmd.analysis (_check_and_find_sioh)    : Searching 'OH' in 'SiO4
03/05 22:56 [DEBUG] cshmd.analysis (_check_and_find_sioh)    : point loaded
03/05 22:56 [DEBUG] cshmd.analysis (find_bond)               : find_bond Ca - O 
03/05 22:56 [DEBUG] cshmd.common (time_wrapper)              : [RUNTIME] get_distance_table in 0.122 seconds
03/05 22:56 [DEBUG] cshmd.analysis (find_bond)               : find_bond Si - O 
03/05 22:56 [INFO] cshmd.analysis (Qn)                       : [Structure] Q2: 1.000
03/05 22:56 [INFO] cshmd.analysis (CS)                       : [Structure] C/S: 0.750
03/05 22:56 [INFO] cshmd.structure (validate_tetra)          : [Structure] BT: 144, PT: 288
03/05 22:56 [INFO] cshmd.analysis (MCL)                      : [Structure] MCL: inf
03/05 22:56 [INFO] cshmd.builder (update_manager)            : [Structure] Number of atoms: 90 -> 3240
03/05 22:56 [INFO] /Users/kimuni/bin/csh_builder (main)      : [Structure] Reading command 'defect_BT'...
03/05 22:56 [INFO] /Users/kimuni/bin/csh_builder (main)      : [Structure] with arguments 'scope: half termination: True add_Ca: True seed: 109 keep_OH: False'...
03/05 22:56 [INFO] cshmd.builder (defect_BT)                 : [Structure] Termination scope: True
03/05 22:56 [INFO] cshmd.builder (defect_BT)                 : [Structure] Exists 36 Bridging Tetra in 'top' side
03/05 22:56 [INFO] cshmd.builder (defect_BT)                 : [Structure] Remove 18 Bridging Tetra of 'top' side
03/05 22:56 [INFO] cshmd.builder (defect_BT)                 : [Structure] Exists 36 Bridging Tetra in 'bottom' side
03/05 22:56 [INFO] cshmd.builder (defect_BT)                 : [Structure] Remove 18 Bridging Tetra of 'bottom' side
03/05 22:56 [INFO] cshmd.structure (check_rm_list)           : [Structure] Delete 180 atoms
03/05 22:56 [DEBUG] cshmd.analysis (__init__)                : [Structure] Now new data setted for get Bonds
03/05 22:56 [DEBUG] cshmd.analysis (__del_bond__)            : loaded
03/05 22:56 [DEBUG] cshmd.analysis (__initialize_mole__)     : loaded
03/05 22:56 [DEBUG] cshmd.analysis (find_bond)               : find_bond O - H 
03/05 22:56 [DEBUG] cshmd.common (time_wrapper)              : [RUNTIME] get_distance_table in 0.262 seconds
03/05 22:56 [DEBUG] cshmd.analysis (get_mole)                : get_mole O - H -> nbonds: 2
03/05 22:56 [DEBUG] cshmd.analysis (find_bond)               : find_bond Si - O 
03/05 22:56 [DEBUG] cshmd.common (time_wrapper)              : [RUNTIME] get_distance_table in 0.120 seconds
03/05 22:56 [DEBUG] cshmd.analysis (get_mole)                : get_mole Si - O -> nbonds: 4
03/05 22:56 [DEBUG] cshmd.analysis (get_mole)                : get_mole O - H -> nbonds: 1
03/05 22:56 [DEBUG] cshmd.analysis (find_bond)               : find_bond C - O 
03/05 22:56 [DEBUG] cshmd.analysis (get_mole)                : get_mole C - O -> nbonds: 3
03/05 22:56 [DEBUG] cshmd.analysis (_check_and_find_co3s)    : [Info]: Searching 'OH' in 'CO3'
03/05 22:56 [DEBUG] cshmd.analysis (_check_and_find_sioh)    : Searching 'OH' in 'SiO4
03/05 22:56 [DEBUG] cshmd.analysis (_check_and_find_sioh)    : point loaded
03/05 22:56 [DEBUG] cshmd.analysis (find_bond)               : find_bond Ca - O 
03/05 22:56 [DEBUG] cshmd.common (time_wrapper)              : [RUNTIME] get_distance_table in 0.102 seconds
03/05 22:56 [DEBUG] cshmd.analysis (find_bond)               : find_bond Si - O 
03/05 22:56 [INFO] cshmd.analysis (Qn)                       : [Structure] Q1: 0.182
03/05 22:56 [INFO] cshmd.analysis (Qn)                       : [Structure] Q2: 0.818
03/05 22:56 [INFO] cshmd.analysis (CS)                       : [Structure] C/S: 0.818
03/05 22:56 [INFO] cshmd.structure (validate_tetra)          : [Structure] BT: 108, PT: 288
03/05 22:56 [INFO] cshmd.analysis (MCL)                      : [Structure] MCL: 5.000
03/05 22:56 [INFO] cshmd.builder (update_manager)            : [Structure] Number of atoms: 3240 -> 3168
03/05 22:56 [INFO] /Users/kimuni/bin/csh_builder (main)      : [Structure] Reading command 'defect_BT'...
03/05 22:56 [INFO] /Users/kimuni/bin/csh_builder (main)      : [Structure] with arguments 'scope: all termination: False add_Ca: True seed: 109 keep_OH: False'...
03/05 22:56 [INFO] cshmd.builder (defect_BT)                 : [Structure] Termination scope: False
03/05 22:56 [INFO] cshmd.builder (defect_BT)                 : [Structure] Exists 18 Bridging Tetra in 'top' side
03/05 22:56 [INFO] cshmd.builder (defect_BT)                 : [Structure] Exists 18 Bridging Tetra in 'bottom' side
03/05 22:56 [INFO] cshmd.structure (check_rm_list)           : [Structure] Delete 180 atoms
03/05 22:56 [DEBUG] cshmd.analysis (__init__)                : [Structure] Now new data setted for get Bonds
03/05 22:56 [DEBUG] cshmd.analysis (__del_bond__)            : loaded
03/05 22:56 [DEBUG] cshmd.analysis (__initialize_mole__)     : loaded
03/05 22:56 [DEBUG] cshmd.analysis (find_bond)               : find_bond O - H 
03/05 22:56 [DEBUG] cshmd.common (time_wrapper)              : [RUNTIME] get_distance_table in 0.221 seconds
03/05 22:56 [DEBUG] cshmd.analysis (get_mole)                : get_mole O - H -> nbonds: 2
03/05 22:56 [DEBUG] cshmd.analysis (find_bond)               : find_bond Si - O 
03/05 22:56 [DEBUG] cshmd.common (time_wrapper)              : [RUNTIME] get_distance_table in 0.121 seconds
03/05 22:56 [DEBUG] cshmd.analysis (get_mole)                : get_mole Si - O -> nbonds: 4
03/05 22:56 [DEBUG] cshmd.analysis (get_mole)                : get_mole O - H -> nbonds: 1
03/05 22:56 [DEBUG] cshmd.analysis (find_bond)               : find_bond C - O 
03/05 22:56 [DEBUG] cshmd.analysis (get_mole)                : get_mole C - O -> nbonds: 3
03/05 22:56 [DEBUG] cshmd.analysis (_check_and_find_co3s)    : [Info]: Searching 'OH' in 'CO3'
03/05 22:56 [DEBUG] cshmd.analysis (_check_and_find_sioh)    : Searching 'OH' in 'SiO4
03/05 22:56 [DEBUG] cshmd.analysis (_check_and_find_sioh)    : point loaded
03/05 22:56 [DEBUG] cshmd.analysis (find_bond)               : find_bond Ca - O 
03/05 22:56 [DEBUG] cshmd.common (time_wrapper)              : [RUNTIME] get_distance_table in 0.118 seconds
03/05 22:56 [DEBUG] cshmd.analysis (find_bond)               : find_bond Si - O 
03/05 22:56 [INFO] cshmd.analysis (Qn)                       : [Structure] Q1: 0.400
03/05 22:56 [INFO] cshmd.analysis (Qn)                       : [Structure] Q2: 0.600
03/05 22:56 [INFO] cshmd.analysis (CS)                       : [Structure] C/S: 0.900
03/05 22:56 [INFO] cshmd.structure (validate_tetra)          : [Structure] BT: 72, PT: 288
03/05 22:56 [INFO] cshmd.analysis (MCL)                      : [Structure] MCL: 2.000
03/05 22:56 [INFO] cshmd.builder (update_manager)            : [Structure] Number of atoms: 3168 -> 3024
03/05 22:56 [INFO] cshmd.structure (writeCif)                : L2H0H2.cif was created
03/05 22:56 [INFO] cshmd.builder (out_model)                 : Total Charge: 72
03/05 22:56 [INFO] /Users/kimuni/bin/csh_builder (main)      : ----------------------------------------------------------------------
03/05 22:56 [INFO] /Users/kimuni/bin/csh_builder (main)      : ----------------------------------------------------------------------
03/05 22:56 [INFO] cshmd.structure (__init__)                : /Users/kimuni/bin/kimuni/cshmd/data/resources/cif/T14_111_base.cif was loaded
03/05 22:56 [DEBUG] cshmd.analysis (__init__)                : [Structure] Now new data setted for get Bonds
03/05 22:56 [DEBUG] cshmd.analysis (__del_bond__)            : loaded
03/05 22:56 [DEBUG] cshmd.analysis (__initialize_mole__)     : loaded
03/05 22:56 [DEBUG] cshmd.analysis (__init__)                : [Structure] Now new data setted for get Bonds
03/05 22:56 [DEBUG] cshmd.analysis (__del_bond__)            : loaded
03/05 22:56 [DEBUG] cshmd.analysis (__initialize_mole__)     : loaded
03/05 22:56 [DEBUG] cshmd.analysis (find_bond)               : find_bond O - H 
03/05 22:56 [DEBUG] cshmd.common (time_wrapper)              : [RUNTIME] get_distance_table in 0.001 seconds
03/05 22:56 [DEBUG] cshmd.analysis (get_mole)                : get_mole O - H -> nbonds: 2
03/05 22:56 [DEBUG] cshmd.analysis (find_bond)               : find_bond Si - O 
03/05 22:56 [DEBUG] cshmd.common (time_wrapper)              : [RUNTIME] get_distance_table in 0.000 seconds
03/05 22:56 [DEBUG] cshmd.analysis (get_mole)                : get_mole Si - O -> nbonds: 4
03/05 22:56 [DEBUG] cshmd.analysis (get_mole)                : get_mole O - H -> nbonds: 1
03/05 22:56 [DEBUG] cshmd.analysis (find_bond)               : find_bond C - O 
03/05 22:56 [DEBUG] cshmd.analysis (get_mole)                : get_mole C - O -> nbonds: 3
03/05 22:56 [DEBUG] cshmd.analysis (_check_and_find_co3s)    : [Info]: Searching 'OH' in 'CO3'
03/05 22:56 [DEBUG] cshmd.analysis (_check_and_find_sioh)    : Searching 'OH' in 'SiO4
03/05 22:56 [DEBUG] cshmd.analysis (_check_and_find_sioh)    : point loaded
03/05 22:56 [DEBUG] cshmd.analysis (find_bond)               : find_bond Ca - O 
03/05 22:56 [DEBUG] cshmd.common (time_wrapper)              : [RUNTIME] get_distance_table in 0.000 seconds
03/05 22:56 [DEBUG] cshmd.analysis (find_bond)               : find_bond Si - O 
03/05 22:56 [INFO] cshmd.analysis (Qn)                       : [Structure] Q2: 1.000
03/05 22:56 [INFO] cshmd.analysis (CS)                       : [Structure] C/S: 0.750
03/05 22:56 [INFO] cshmd.structure (validate_tetra)          : [Structure] BT: 4, PT: 8
03/05 22:56 [INFO] cshmd.analysis (MCL)                      : [Structure] MCL: inf
03/05 22:56 [INFO] /Users/kimuni/bin/csh_builder (main)      : [Structure] Reading command 'supercell'...
03/05 22:56 [INFO] /Users/kimuni/bin/csh_builder (main)      : [Structure] with arguments 'supercell: [6, 6, 1]'...
03/05 22:56 [INFO] cshmd.structure (makeSupercell)           : [Structure] Supercell created 6 * 6 * 1
03/05 22:56 [DEBUG] cshmd.analysis (__init__)                : [Structure] Now new data setted for get Bonds
03/05 22:56 [DEBUG] cshmd.analysis (__del_bond__)            : loaded
03/05 22:56 [DEBUG] cshmd.analysis (__initialize_mole__)     : loaded
03/05 22:56 [DEBUG] cshmd.analysis (find_bond)               : find_bond O - H 
03/05 22:56 [DEBUG] cshmd.common (time_wrapper)              : [RUNTIME] get_distance_table in 0.284 seconds
03/05 22:56 [DEBUG] cshmd.analysis (get_mole)                : get_mole O - H -> nbonds: 2
03/05 22:56 [DEBUG] cshmd.analysis (find_bond)               : find_bond Si - O 
03/05 22:56 [DEBUG] cshmd.common (time_wrapper)              : [RUNTIME] get_distance_table in 0.144 seconds
03/05 22:56 [DEBUG] cshmd.analysis (get_mole)                : get_mole Si - O -> nbonds: 4
03/05 22:56 [DEBUG] cshmd.analysis (get_mole)                : get_mole O - H -> nbonds: 1
03/05 22:56 [DEBUG] cshmd.analysis (find_bond)               : find_bond C - O 
03/05 22:56 [DEBUG] cshmd.analysis (get_mole)                : get_mole C - O -> nbonds: 3
03/05 22:56 [DEBUG] cshmd.analysis (_check_and_find_co3s)    : [Info]: Searching 'OH' in 'CO3'
03/05 22:56 [DEBUG] cshmd.analysis (_check_and_find_sioh)    : Searching 'OH' in 'SiO4
03/05 22:56 [DEBUG] cshmd.analysis (_check_and_find_sioh)    : point loaded
03/05 22:56 [DEBUG] cshmd.analysis (find_bond)               : find_bond Ca - O 
03/05 22:56 [DEBUG] cshmd.common (time_wrapper)              : [RUNTIME] get_distance_table in 0.104 seconds
03/05 22:56 [DEBUG] cshmd.analysis (find_bond)               : find_bond Si - O 
03/05 22:56 [INFO] cshmd.analysis (Qn)                       : [Structure] Q2: 1.000
03/05 22:56 [INFO] cshmd.analysis (CS)                       : [Structure] C/S: 0.750
03/05 22:56 [INFO] cshmd.structure (validate_tetra)          : [Structure] BT: 144, PT: 288
03/05 22:56 [INFO] cshmd.analysis (MCL)                      : [Structure] MCL: inf
03/05 22:56 [INFO] cshmd.builder (update_manager)            : [Structure] Number of atoms: 90 -> 3240
03/05 22:56 [INFO] /Users/kimuni/bin/csh_builder (main)      : [Structure] Reading command 'defect_BT'...
03/05 22:56 [INFO] /Users/kimuni/bin/csh_builder (main)      : [Structure] with arguments 'scope: all termination: half add_Ca: True seed: 109 keep_OH: False'...
03/05 22:56 [INFO] cshmd.builder (defect_BT)                 : [Structure] Termination scope: 'half'
03/05 22:56 [INFO] cshmd.builder (defect_BT)                 : [Structure] Exists 36 Bridging Tetra in 'top' side
03/05 22:56 [INFO] cshmd.builder (defect_BT)                 : [Structure] Exists 36 Bridging Tetra in 'bottom' side
03/05 22:56 [INFO] cshmd.structure (check_rm_list)           : [Structure] Delete 360 atoms
03/05 22:56 [DEBUG] cshmd.analysis (__init__)                : [Structure] Now new data setted for get Bonds
03/05 22:56 [DEBUG] cshmd.analysis (__del_bond__)            : loaded
03/05 22:56 [DEBUG] cshmd.analysis (__initialize_mole__)     : loaded
03/05 22:56 [DEBUG] cshmd.analysis (find_bond)               : find_bond O - H 
03/05 22:56 [DEBUG] cshmd.common (time_wrapper)              : [RUNTIME] get_distance_table in 0.229 seconds
03/05 22:56 [DEBUG] cshmd.analysis (get_mole)                : get_mole O - H -> nbonds: 2
03/05 22:56 [DEBUG] cshmd.analysis (find_bond)               : find_bond Si - O 
03/05 22:56 [DEBUG] cshmd.common (time_wrapper)              : [RUNTIME] get_distance_table in 0.096 seconds
03/05 22:56 [DEBUG] cshmd.analysis (get_mole)                : get_mole Si - O -> nbonds: 4
03/05 22:56 [DEBUG] cshmd.analysis (get_mole)                : get_mole O - H -> nbonds: 1
03/05 22:56 [DEBUG] cshmd.analysis (find_bond)               : find_bond C - O 
03/05 22:56 [DEBUG] cshmd.analysis (get_mole)                : get_mole C - O -> nbonds: 3
03/05 22:56 [DEBUG] cshmd.analysis (_check_and_find_co3s)    : [Info]: Searching 'OH' in 'CO3'
03/05 22:56 [DEBUG] cshmd.analysis (_check_and_find_sioh)    : Searching 'OH' in 'SiO4
03/05 22:56 [DEBUG] cshmd.analysis (_check_and_find_sioh)    : point loaded
03/05 22:56 [DEBUG] cshmd.analysis (find_bond)               : find_bond Ca - O 
03/05 22:56 [DEBUG] cshmd.common (time_wrapper)              : [RUNTIME] get_distance_table in 0.115 seconds
03/05 22:56 [DEBUG] cshmd.analysis (find_bond)               : find_bond Si - O 
03/05 22:56 [INFO] cshmd.analysis (Qn)                       : [Structure] Q1: 0.400
03/05 22:56 [INFO] cshmd.analysis (Qn)                       : [Structure] Q2: 0.600
03/05 22:56 [INFO] cshmd.analysis (CS)                       : [Structure] C/S: 0.900
03/05 22:56 [INFO] cshmd.structure (validate_tetra)          : [Structure] BT: 72, PT: 288
03/05 22:56 [INFO] cshmd.analysis (MCL)                      : [Structure] MCL: 2.000
03/05 22:56 [INFO] cshmd.builder (update_manager)            : [Structure] Number of atoms: 3240 -> 3024
03/05 22:56 [INFO] cshmd.structure (writeCif)                : L2H1.cif was created
03/05 22:56 [INFO] cshmd.builder (out_model)                 : Total Charge: 72
03/05 22:56 [INFO] /Users/kimuni/bin/csh_builder (main)      : ----------------------------------------------------------------------
03/05 22:56 [INFO] /Users/kimuni/bin/csh_builder (main)      : ----------------------------------------------------------------------
03/05 22:56 [INFO] cshmd.structure (__init__)                : /Users/kimuni/bin/kimuni/cshmd/data/resources/cif/T14_111_base.cif was loaded
03/05 22:56 [DEBUG] cshmd.analysis (__init__)                : [Structure] Now new data setted for get Bonds
03/05 22:56 [DEBUG] cshmd.analysis (__del_bond__)            : loaded
03/05 22:56 [DEBUG] cshmd.analysis (__initialize_mole__)     : loaded
03/05 22:56 [DEBUG] cshmd.analysis (__init__)                : [Structure] Now new data setted for get Bonds
03/05 22:56 [DEBUG] cshmd.analysis (__del_bond__)            : loaded
03/05 22:56 [DEBUG] cshmd.analysis (__initialize_mole__)     : loaded
03/05 22:56 [DEBUG] cshmd.analysis (find_bond)               : find_bond O - H 
03/05 22:56 [DEBUG] cshmd.common (time_wrapper)              : [RUNTIME] get_distance_table in 0.000 seconds
03/05 22:56 [DEBUG] cshmd.analysis (get_mole)                : get_mole O - H -> nbonds: 2
03/05 22:56 [DEBUG] cshmd.analysis (find_bond)               : find_bond Si - O 
03/05 22:56 [DEBUG] cshmd.common (time_wrapper)              : [RUNTIME] get_distance_table in 0.000 seconds
03/05 22:56 [DEBUG] cshmd.analysis (get_mole)                : get_mole Si - O -> nbonds: 4
03/05 22:56 [DEBUG] cshmd.analysis (get_mole)                : get_mole O - H -> nbonds: 1
03/05 22:56 [DEBUG] cshmd.analysis (find_bond)               : find_bond C - O 
03/05 22:56 [DEBUG] cshmd.analysis (get_mole)                : get_mole C - O -> nbonds: 3
03/05 22:56 [DEBUG] cshmd.analysis (_check_and_find_co3s)    : [Info]: Searching 'OH' in 'CO3'
03/05 22:56 [DEBUG] cshmd.analysis (_check_and_find_sioh)    : Searching 'OH' in 'SiO4
03/05 22:56 [DEBUG] cshmd.analysis (_check_and_find_sioh)    : point loaded
03/05 22:56 [DEBUG] cshmd.analysis (find_bond)               : find_bond Ca - O 
03/05 22:56 [DEBUG] cshmd.common (time_wrapper)              : [RUNTIME] get_distance_table in 0.000 seconds
03/05 22:56 [DEBUG] cshmd.analysis (find_bond)               : find_bond Si - O 
03/05 22:56 [INFO] cshmd.analysis (Qn)                       : [Structure] Q2: 1.000
03/05 22:56 [INFO] cshmd.analysis (CS)                       : [Structure] C/S: 0.750
03/05 22:56 [INFO] cshmd.structure (validate_tetra)          : [Structure] BT: 4, PT: 8
03/05 22:56 [INFO] cshmd.analysis (MCL)                      : [Structure] MCL: inf
03/05 22:56 [INFO] /Users/kimuni/bin/csh_builder (main)      : [Structure] Reading command 'supercell'...
03/05 22:56 [INFO] /Users/kimuni/bin/csh_builder (main)      : [Structure] with arguments 'supercell: [6, 6, 1]'...
03/05 22:56 [INFO] cshmd.structure (makeSupercell)           : [Structure] Supercell created 6 * 6 * 1
03/05 22:56 [DEBUG] cshmd.analysis (__init__)                : [Structure] Now new data setted for get Bonds
03/05 22:56 [DEBUG] cshmd.analysis (__del_bond__)            : loaded
03/05 22:56 [DEBUG] cshmd.analysis (__initialize_mole__)     : loaded
03/05 22:56 [DEBUG] cshmd.analysis (find_bond)               : find_bond O - H 
03/05 22:56 [DEBUG] cshmd.common (time_wrapper)              : [RUNTIME] get_distance_table in 0.265 seconds
03/05 22:56 [DEBUG] cshmd.analysis (get_mole)                : get_mole O - H -> nbonds: 2
03/05 22:56 [DEBUG] cshmd.analysis (find_bond)               : find_bond Si - O 
03/05 22:56 [DEBUG] cshmd.common (time_wrapper)              : [RUNTIME] get_distance_table in 0.134 seconds
03/05 22:56 [DEBUG] cshmd.analysis (get_mole)                : get_mole Si - O -> nbonds: 4
03/05 22:56 [DEBUG] cshmd.analysis (get_mole)                : get_mole O - H -> nbonds: 1
03/05 22:56 [DEBUG] cshmd.analysis (find_bond)               : find_bond C - O 
03/05 22:56 [DEBUG] cshmd.analysis (get_mole)                : get_mole C - O -> nbonds: 3
03/05 22:56 [DEBUG] cshmd.analysis (_check_and_find_co3s)    : [Info]: Searching 'OH' in 'CO3'
03/05 22:56 [DEBUG] cshmd.analysis (_check_and_find_sioh)    : Searching 'OH' in 'SiO4
03/05 22:56 [DEBUG] cshmd.analysis (_check_and_find_sioh)    : point loaded
03/05 22:56 [DEBUG] cshmd.analysis (find_bond)               : find_bond Ca - O 
03/05 22:56 [DEBUG] cshmd.common (time_wrapper)              : [RUNTIME] get_distance_table in 0.098 seconds
03/05 22:56 [DEBUG] cshmd.analysis (find_bond)               : find_bond Si - O 
03/05 22:56 [INFO] cshmd.analysis (Qn)                       : [Structure] Q2: 1.000
03/05 22:56 [INFO] cshmd.analysis (CS)                       : [Structure] C/S: 0.750
03/05 22:56 [INFO] cshmd.structure (validate_tetra)          : [Structure] BT: 144, PT: 288
03/05 22:56 [INFO] cshmd.analysis (MCL)                      : [Structure] MCL: inf
03/05 22:56 [INFO] cshmd.builder (update_manager)            : [Structure] Number of atoms: 90 -> 3240
03/05 22:56 [INFO] /Users/kimuni/bin/csh_builder (main)      : [Structure] Reading command 'defect_BT'...
03/05 22:56 [INFO] /Users/kimuni/bin/csh_builder (main)      : [Structure] with arguments 'scope: all termination: True add_Ca: True seed: 109 keep_OH: False'...
03/05 22:56 [INFO] cshmd.builder (defect_BT)                 : [Structure] Termination scope: True
03/05 22:56 [INFO] cshmd.builder (defect_BT)                 : [Structure] Exists 36 Bridging Tetra in 'top' side
03/05 22:56 [INFO] cshmd.builder (defect_BT)                 : [Structure] Exists 36 Bridging Tetra in 'bottom' side
03/05 22:56 [INFO] cshmd.structure (check_rm_list)           : [Structure] Delete 360 atoms
03/05 22:56 [DEBUG] cshmd.analysis (__init__)                : [Structure] Now new data setted for get Bonds
03/05 22:56 [DEBUG] cshmd.analysis (__del_bond__)            : loaded
03/05 22:56 [DEBUG] cshmd.analysis (__initialize_mole__)     : loaded
03/05 22:56 [DEBUG] cshmd.analysis (find_bond)               : find_bond O - H 
03/05 22:56 [DEBUG] cshmd.common (time_wrapper)              : [RUNTIME] get_distance_table in 0.237 seconds
03/05 22:56 [DEBUG] cshmd.analysis (get_mole)                : get_mole O - H -> nbonds: 2
03/05 22:56 [DEBUG] cshmd.analysis (find_bond)               : find_bond Si - O 
03/05 22:56 [DEBUG] cshmd.common (time_wrapper)              : [RUNTIME] get_distance_table in 0.104 seconds
03/05 22:56 [DEBUG] cshmd.analysis (get_mole)                : get_mole Si - O -> nbonds: 4
03/05 22:56 [DEBUG] cshmd.analysis (get_mole)                : get_mole O - H -> nbonds: 1
03/05 22:56 [DEBUG] cshmd.analysis (find_bond)               : find_bond C - O 
03/05 22:56 [DEBUG] cshmd.analysis (get_mole)                : get_mole C - O -> nbonds: 3
03/05 22:56 [DEBUG] cshmd.analysis (_check_and_find_co3s)    : [Info]: Searching 'OH' in 'CO3'
03/05 22:56 [DEBUG] cshmd.analysis (_check_and_find_sioh)    : Searching 'OH' in 'SiO4
03/05 22:56 [DEBUG] cshmd.analysis (_check_and_find_sioh)    : point loaded
03/05 22:56 [DEBUG] cshmd.analysis (find_bond)               : find_bond Ca - O 
03/05 22:56 [DEBUG] cshmd.common (time_wrapper)              : [RUNTIME] get_distance_table in 0.114 seconds
03/05 22:56 [DEBUG] cshmd.analysis (find_bond)               : find_bond Si - O 
03/05 22:56 [INFO] cshmd.analysis (Qn)                       : [Structure] Q1: 0.400
03/05 22:56 [INFO] cshmd.analysis (Qn)                       : [Structure] Q2: 0.600
03/05 22:56 [INFO] cshmd.analysis (CS)                       : [Structure] C/S: 0.900
03/05 22:56 [INFO] cshmd.structure (validate_tetra)          : [Structure] BT: 72, PT: 288
03/05 22:56 [INFO] cshmd.analysis (MCL)                      : [Structure] MCL: 2.000
03/05 22:56 [INFO] cshmd.builder (update_manager)            : [Structure] Number of atoms: 3240 -> 3096
03/05 22:56 [INFO] cshmd.structure (writeCif)                : L2H2.cif was created
03/05 22:56 [INFO] cshmd.builder (out_model)                 : Total Charge: 144
03/05 22:56 [INFO] /Users/kimuni/bin/csh_builder (main)      : ----------------------------------------------------------------------
03/05 22:56 [INFO] /Users/kimuni/bin/csh_builder (main)      : ----------------------------------------------------------------------
03/05 22:56 [INFO] cshmd.structure (__init__)                : /Users/kimuni/bin/kimuni/cshmd/data/resources/cif/T14_111_base.cif was loaded
03/05 22:56 [DEBUG] cshmd.analysis (__init__)                : [Structure] Now new data setted for get Bonds
03/05 22:56 [DEBUG] cshmd.analysis (__del_bond__)            : loaded
03/05 22:56 [DEBUG] cshmd.analysis (__initialize_mole__)     : loaded
03/05 22:56 [DEBUG] cshmd.analysis (__init__)                : [Structure] Now new data setted for get Bonds
03/05 22:56 [DEBUG] cshmd.analysis (__del_bond__)            : loaded
03/05 22:56 [DEBUG] cshmd.analysis (__initialize_mole__)     : loaded
03/05 22:56 [DEBUG] cshmd.analysis (find_bond)               : find_bond O - H 
03/05 22:56 [DEBUG] cshmd.common (time_wrapper)              : [RUNTIME] get_distance_table in 0.000 seconds
03/05 22:56 [DEBUG] cshmd.analysis (get_mole)                : get_mole O - H -> nbonds: 2
03/05 22:56 [DEBUG] cshmd.analysis (find_bond)               : find_bond Si - O 
03/05 22:56 [DEBUG] cshmd.common (time_wrapper)              : [RUNTIME] get_distance_table in 0.000 seconds
03/05 22:56 [DEBUG] cshmd.analysis (get_mole)                : get_mole Si - O -> nbonds: 4
03/05 22:56 [DEBUG] cshmd.analysis (get_mole)                : get_mole O - H -> nbonds: 1
03/05 22:56 [DEBUG] cshmd.analysis (find_bond)               : find_bond C - O 
03/05 22:56 [DEBUG] cshmd.analysis (get_mole)                : get_mole C - O -> nbonds: 3
03/05 22:56 [DEBUG] cshmd.analysis (_check_and_find_co3s)    : [Info]: Searching 'OH' in 'CO3'
03/05 22:56 [DEBUG] cshmd.analysis (_check_and_find_sioh)    : Searching 'OH' in 'SiO4
03/05 22:56 [DEBUG] cshmd.analysis (_check_and_find_sioh)    : point loaded
03/05 22:56 [DEBUG] cshmd.analysis (find_bond)               : find_bond Ca - O 
03/05 22:56 [DEBUG] cshmd.common (time_wrapper)              : [RUNTIME] get_distance_table in 0.000 seconds
03/05 22:56 [DEBUG] cshmd.analysis (find_bond)               : find_bond Si - O 
03/05 22:56 [INFO] cshmd.analysis (Qn)                       : [Structure] Q2: 1.000
03/05 22:56 [INFO] cshmd.analysis (CS)                       : [Structure] C/S: 0.750
03/05 22:56 [INFO] cshmd.structure (validate_tetra)          : [Structure] BT: 4, PT: 8
03/05 22:56 [INFO] cshmd.analysis (MCL)                      : [Structure] MCL: inf
03/05 22:56 [INFO] /Users/kimuni/bin/csh_builder (main)      : [Structure] Reading command 'supercell'...
03/05 22:56 [INFO] /Users/kimuni/bin/csh_builder (main)      : [Structure] with arguments 'supercell: [6, 6, 1]'...
03/05 22:56 [INFO] cshmd.structure (makeSupercell)           : [Structure] Supercell created 6 * 6 * 1
03/05 22:56 [DEBUG] cshmd.analysis (__init__)                : [Structure] Now new data setted for get Bonds
03/05 22:56 [DEBUG] cshmd.analysis (__del_bond__)            : loaded
03/05 22:56 [DEBUG] cshmd.analysis (__initialize_mole__)     : loaded
03/05 22:56 [DEBUG] cshmd.analysis (find_bond)               : find_bond O - H 
03/05 22:56 [DEBUG] cshmd.common (time_wrapper)              : [RUNTIME] get_distance_table in 0.268 seconds
03/05 22:56 [DEBUG] cshmd.analysis (get_mole)                : get_mole O - H -> nbonds: 2
03/05 22:56 [DEBUG] cshmd.analysis (find_bond)               : find_bond Si - O 
03/05 22:56 [DEBUG] cshmd.common (time_wrapper)              : [RUNTIME] get_distance_table in 0.136 seconds
03/05 22:56 [DEBUG] cshmd.analysis (get_mole)                : get_mole Si - O -> nbonds: 4
03/05 22:56 [DEBUG] cshmd.analysis (get_mole)                : get_mole O - H -> nbonds: 1
03/05 22:56 [DEBUG] cshmd.analysis (find_bond)               : find_bond C - O 
03/05 22:56 [DEBUG] cshmd.analysis (get_mole)                : get_mole C - O -> nbonds: 3
03/05 22:56 [DEBUG] cshmd.analysis (_check_and_find_co3s)    : [Info]: Searching 'OH' in 'CO3'
03/05 22:56 [DEBUG] cshmd.analysis (_check_and_find_sioh)    : Searching 'OH' in 'SiO4
03/05 22:56 [DEBUG] cshmd.analysis (_check_and_find_sioh)    : point loaded
03/05 22:56 [DEBUG] cshmd.analysis (find_bond)               : find_bond Ca - O 
03/05 22:56 [DEBUG] cshmd.common (time_wrapper)              : [RUNTIME] get_distance_table in 0.096 seconds
03/05 22:56 [DEBUG] cshmd.analysis (find_bond)               : find_bond Si - O 
03/05 22:56 [INFO] cshmd.analysis (Qn)                       : [Structure] Q2: 1.000
03/05 22:56 [INFO] cshmd.analysis (CS)                       : [Structure] C/S: 0.750
03/05 22:56 [INFO] cshmd.structure (validate_tetra)          : [Structure] BT: 144, PT: 288
03/05 22:56 [INFO] cshmd.analysis (MCL)                      : [Structure] MCL: inf
03/05 22:56 [INFO] cshmd.builder (update_manager)            : [Structure] Number of atoms: 90 -> 3240
03/05 22:56 [INFO] /Users/kimuni/bin/csh_builder (main)      : [Structure] Reading command 'defect_BT'...
03/05 22:56 [INFO] /Users/kimuni/bin/csh_builder (main)      : [Structure] with arguments 'scope: half termination: False add_Ca: True seed: 109 keep_OH: False'...
03/05 22:56 [INFO] cshmd.builder (defect_BT)                 : [Structure] Termination scope: False
03/05 22:56 [INFO] cshmd.builder (defect_BT)                 : [Structure] Exists 36 Bridging Tetra in 'top' side
03/05 22:56 [INFO] cshmd.builder (defect_BT)                 : [Structure] Remove 18 Bridging Tetra of 'top' side
03/05 22:56 [INFO] cshmd.builder (defect_BT)                 : [Structure] Exists 36 Bridging Tetra in 'bottom' side
03/05 22:56 [INFO] cshmd.builder (defect_BT)                 : [Structure] Remove 18 Bridging Tetra of 'bottom' side
03/05 22:56 [INFO] cshmd.structure (check_rm_list)           : [Structure] Delete 180 atoms
03/05 22:56 [DEBUG] cshmd.analysis (__init__)                : [Structure] Now new data setted for get Bonds
03/05 22:56 [DEBUG] cshmd.analysis (__del_bond__)            : loaded
03/05 22:56 [DEBUG] cshmd.analysis (__initialize_mole__)     : loaded
03/05 22:56 [DEBUG] cshmd.analysis (find_bond)               : find_bond O - H 
03/05 22:56 [DEBUG] cshmd.common (time_wrapper)              : [RUNTIME] get_distance_table in 0.230 seconds
03/05 22:56 [DEBUG] cshmd.analysis (get_mole)                : get_mole O - H -> nbonds: 2
03/05 22:56 [DEBUG] cshmd.analysis (find_bond)               : find_bond Si - O 
03/05 22:56 [DEBUG] cshmd.common (time_wrapper)              : [RUNTIME] get_distance_table in 0.120 seconds
03/05 22:56 [DEBUG] cshmd.analysis (get_mole)                : get_mole Si - O -> nbonds: 4
03/05 22:56 [DEBUG] cshmd.analysis (get_mole)                : get_mole O - H -> nbonds: 1
03/05 22:56 [DEBUG] cshmd.analysis (find_bond)               : find_bond C - O 
03/05 22:56 [DEBUG] cshmd.analysis (get_mole)                : get_mole C - O -> nbonds: 3
03/05 22:56 [DEBUG] cshmd.analysis (_check_and_find_co3s)    : [Info]: Searching 'OH' in 'CO3'
03/05 22:56 [DEBUG] cshmd.analysis (_check_and_find_sioh)    : Searching 'OH' in 'SiO4
03/05 22:56 [DEBUG] cshmd.analysis (_check_and_find_sioh)    : point loaded
03/05 22:56 [DEBUG] cshmd.analysis (find_bond)               : find_bond Ca - O 
03/05 22:56 [DEBUG] cshmd.common (time_wrapper)              : [RUNTIME] get_distance_table in 0.109 seconds
03/05 22:56 [DEBUG] cshmd.analysis (find_bond)               : find_bond Si - O 
03/05 22:56 [INFO] cshmd.analysis (Qn)                       : [Structure] Q1: 0.182
03/05 22:56 [INFO] cshmd.analysis (Qn)                       : [Structure] Q2: 0.818
03/05 22:56 [INFO] cshmd.analysis (CS)                       : [Structure] C/S: 0.818
03/05 22:56 [INFO] cshmd.structure (validate_tetra)          : [Structure] BT: 108, PT: 288
03/05 22:56 [INFO] cshmd.analysis (MCL)                      : [Structure] MCL: 5.000
03/05 22:56 [INFO] cshmd.builder (update_manager)            : [Structure] Number of atoms: 3240 -> 3096
03/05 22:56 [INFO] /Users/kimuni/bin/csh_builder (main)      : [Structure] Reading command 'add_ca_BT'...
03/05 22:56 [INFO] /Users/kimuni/bin/csh_builder (main)      : [Structure] with arguments 'auto: False'...
03/05 22:56 [INFO] cshmd.builder (add_ca_BT)                 : [Structure] 'Add Ca above all Bridging Tetra'
03/05 22:56 [DEBUG] cshmd.analysis (__init__)                : [Structure] Now new data setted for get Bonds
03/05 22:56 [DEBUG] cshmd.analysis (__del_bond__)            : loaded
03/05 22:56 [DEBUG] cshmd.analysis (__initialize_mole__)     : loaded
03/05 22:56 [DEBUG] cshmd.analysis (find_bond)               : find_bond O - H 
03/05 22:56 [DEBUG] cshmd.common (time_wrapper)              : [RUNTIME] get_distance_table in 0.234 seconds
03/05 22:56 [DEBUG] cshmd.analysis (get_mole)                : get_mole O - H -> nbonds: 2
03/05 22:56 [DEBUG] cshmd.analysis (find_bond)               : find_bond Si - O 
03/05 22:56 [DEBUG] cshmd.common (time_wrapper)              : [RUNTIME] get_distance_table in 0.120 seconds
03/05 22:56 [DEBUG] cshmd.analysis (get_mole)                : get_mole Si - O -> nbonds: 4
03/05 22:56 [DEBUG] cshmd.analysis (get_mole)                : get_mole O - H -> nbonds: 1
03/05 22:56 [DEBUG] cshmd.analysis (find_bond)               : find_bond C - O 
03/05 22:56 [DEBUG] cshmd.analysis (get_mole)                : get_mole C - O -> nbonds: 3
03/05 22:56 [DEBUG] cshmd.analysis (_check_and_find_co3s)    : [Info]: Searching 'OH' in 'CO3'
03/05 22:56 [DEBUG] cshmd.analysis (_check_and_find_sioh)    : Searching 'OH' in 'SiO4
03/05 22:56 [DEBUG] cshmd.analysis (_check_and_find_sioh)    : point loaded
03/05 22:56 [DEBUG] cshmd.analysis (find_bond)               : find_bond Ca - O 
03/05 22:56 [DEBUG] cshmd.common (time_wrapper)              : [RUNTIME] get_distance_table in 0.120 seconds
03/05 22:56 [DEBUG] cshmd.analysis (find_bond)               : find_bond Si - O 
03/05 22:56 [INFO] cshmd.analysis (Qn)                       : [Structure] Q1: 0.182
03/05 22:56 [INFO] cshmd.analysis (Qn)                       : [Structure] Q2: 0.818
03/05 22:56 [INFO] cshmd.analysis (CS)                       : [Structure] C/S: 0.818
03/05 22:56 [INFO] cshmd.structure (validate_tetra)          : [Structure] BT: 108, PT: 288
03/05 22:56 [INFO] cshmd.analysis (MCL)                      : [Structure] MCL: 5.000
03/05 22:56 [INFO] cshmd.builder (update_manager)            : [Structure] Number of atoms: 3096 -> 3132
03/05 22:56 [INFO] /Users/kimuni/bin/csh_builder (main)      : [Structure] Reading command 'dprot_BT'...
03/05 22:56 [INFO] /Users/kimuni/bin/csh_builder (main)      : [Structure] with arguments 'scope: all site: all'...
03/05 22:56 [INFO] cshmd.structure (check_rm_list)           : [Structure] Delete 72 atoms
03/05 22:56 [DEBUG] cshmd.analysis (__init__)                : [Structure] Now new data setted for get Bonds
03/05 22:56 [DEBUG] cshmd.analysis (__del_bond__)            : loaded
03/05 22:56 [DEBUG] cshmd.analysis (__initialize_mole__)     : loaded
03/05 22:56 [DEBUG] cshmd.analysis (find_bond)               : find_bond O - H 
03/05 22:56 [DEBUG] cshmd.common (time_wrapper)              : [RUNTIME] get_distance_table in 0.206 seconds
03/05 22:56 [DEBUG] cshmd.analysis (get_mole)                : get_mole O - H -> nbonds: 2
03/05 22:56 [DEBUG] cshmd.analysis (find_bond)               : find_bond Si - O 
03/05 22:56 [DEBUG] cshmd.common (time_wrapper)              : [RUNTIME] get_distance_table in 0.120 seconds
03/05 22:56 [DEBUG] cshmd.analysis (get_mole)                : get_mole Si - O -> nbonds: 4
03/05 22:56 [DEBUG] cshmd.analysis (get_mole)                : get_mole O - H -> nbonds: 1
03/05 22:56 [DEBUG] cshmd.analysis (find_bond)               : find_bond C - O 
03/05 22:56 [DEBUG] cshmd.analysis (get_mole)                : get_mole C - O -> nbonds: 3
03/05 22:56 [DEBUG] cshmd.analysis (_check_and_find_co3s)    : [Info]: Searching 'OH' in 'CO3'
03/05 22:56 [DEBUG] cshmd.analysis (_check_and_find_sioh)    : Searching 'OH' in 'SiO4
03/05 22:56 [DEBUG] cshmd.analysis (_check_and_find_sioh)    : point loaded
03/05 22:56 [DEBUG] cshmd.analysis (find_bond)               : find_bond Ca - O 
03/05 22:56 [DEBUG] cshmd.common (time_wrapper)              : [RUNTIME] get_distance_table in 0.112 seconds
03/05 22:56 [DEBUG] cshmd.analysis (find_bond)               : find_bond Si - O 
03/05 22:56 [INFO] cshmd.analysis (Qn)                       : [Structure] Q1: 0.182
03/05 22:56 [INFO] cshmd.analysis (Qn)                       : [Structure] Q2: 0.818
03/05 22:56 [INFO] cshmd.analysis (CS)                       : [Structure] C/S: 0.818
03/05 22:56 [INFO] cshmd.structure (validate_tetra)          : [Structure] BT: 108, PT: 288
03/05 22:56 [INFO] cshmd.analysis (MCL)                      : [Structure] MCL: 5.000
03/05 22:56 [INFO] cshmd.builder (update_manager)            : [Structure] Number of atoms: 3132 -> 3060
03/05 22:56 [INFO] cshmd.structure (writeCif)                : L5H0.cif was created
03/05 22:56 [INFO] cshmd.builder (out_model)                 : Total Charge: 0
03/05 22:56 [INFO] /Users/kimuni/bin/csh_builder (main)      : ----------------------------------------------------------------------
03/05 22:56 [INFO] /Users/kimuni/bin/csh_builder (main)      : ----------------------------------------------------------------------
03/05 22:56 [INFO] cshmd.structure (__init__)                : /Users/kimuni/bin/kimuni/cshmd/data/resources/cif/T14_111_base.cif was loaded
03/05 22:56 [DEBUG] cshmd.analysis (__init__)                : [Structure] Now new data setted for get Bonds
03/05 22:56 [DEBUG] cshmd.analysis (__del_bond__)            : loaded
03/05 22:56 [DEBUG] cshmd.analysis (__initialize_mole__)     : loaded
03/05 22:56 [DEBUG] cshmd.analysis (__init__)                : [Structure] Now new data setted for get Bonds
03/05 22:56 [DEBUG] cshmd.analysis (__del_bond__)            : loaded
03/05 22:56 [DEBUG] cshmd.analysis (__initialize_mole__)     : loaded
03/05 22:56 [DEBUG] cshmd.analysis (find_bond)               : find_bond O - H 
03/05 22:56 [DEBUG] cshmd.common (time_wrapper)              : [RUNTIME] get_distance_table in 0.000 seconds
03/05 22:56 [DEBUG] cshmd.analysis (get_mole)                : get_mole O - H -> nbonds: 2
03/05 22:56 [DEBUG] cshmd.analysis (find_bond)               : find_bond Si - O 
03/05 22:56 [DEBUG] cshmd.common (time_wrapper)              : [RUNTIME] get_distance_table in 0.000 seconds
03/05 22:56 [DEBUG] cshmd.analysis (get_mole)                : get_mole Si - O -> nbonds: 4
03/05 22:56 [DEBUG] cshmd.analysis (get_mole)                : get_mole O - H -> nbonds: 1
03/05 22:56 [DEBUG] cshmd.analysis (find_bond)               : find_bond C - O 
03/05 22:56 [DEBUG] cshmd.analysis (get_mole)                : get_mole C - O -> nbonds: 3
03/05 22:56 [DEBUG] cshmd.analysis (_check_and_find_co3s)    : [Info]: Searching 'OH' in 'CO3'
03/05 22:56 [DEBUG] cshmd.analysis (_check_and_find_sioh)    : Searching 'OH' in 'SiO4
03/05 22:56 [DEBUG] cshmd.analysis (_check_and_find_sioh)    : point loaded
03/05 22:56 [DEBUG] cshmd.analysis (find_bond)               : find_bond Ca - O 
03/05 22:56 [DEBUG] cshmd.common (time_wrapper)              : [RUNTIME] get_distance_table in 0.000 seconds
03/05 22:56 [DEBUG] cshmd.analysis (find_bond)               : find_bond Si - O 
03/05 22:56 [INFO] cshmd.analysis (Qn)                       : [Structure] Q2: 1.000
03/05 22:56 [INFO] cshmd.analysis (CS)                       : [Structure] C/S: 0.750
03/05 22:56 [INFO] cshmd.structure (validate_tetra)          : [Structure] BT: 4, PT: 8
03/05 22:56 [INFO] cshmd.analysis (MCL)                      : [Structure] MCL: inf
03/05 22:56 [INFO] /Users/kimuni/bin/csh_builder (main)      : [Structure] Reading command 'supercell'...
03/05 22:56 [INFO] /Users/kimuni/bin/csh_builder (main)      : [Structure] with arguments 'supercell: [6, 6, 1]'...
03/05 22:56 [INFO] cshmd.structure (makeSupercell)           : [Structure] Supercell created 6 * 6 * 1
03/05 22:56 [DEBUG] cshmd.analysis (__init__)                : [Structure] Now new data setted for get Bonds
03/05 22:56 [DEBUG] cshmd.analysis (__del_bond__)            : loaded
03/05 22:56 [DEBUG] cshmd.analysis (__initialize_mole__)     : loaded
03/05 22:56 [DEBUG] cshmd.analysis (find_bond)               : find_bond O - H 
03/05 22:56 [DEBUG] cshmd.common (time_wrapper)              : [RUNTIME] get_distance_table in 0.266 seconds
03/05 22:56 [DEBUG] cshmd.analysis (get_mole)                : get_mole O - H -> nbonds: 2
03/05 22:56 [DEBUG] cshmd.analysis (find_bond)               : find_bond Si - O 
03/05 22:56 [DEBUG] cshmd.common (time_wrapper)              : [RUNTIME] get_distance_table in 0.136 seconds
03/05 22:56 [DEBUG] cshmd.analysis (get_mole)                : get_mole Si - O -> nbonds: 4
03/05 22:56 [DEBUG] cshmd.analysis (get_mole)                : get_mole O - H -> nbonds: 1
03/05 22:56 [DEBUG] cshmd.analysis (find_bond)               : find_bond C - O 
03/05 22:56 [DEBUG] cshmd.analysis (get_mole)                : get_mole C - O -> nbonds: 3
03/05 22:56 [DEBUG] cshmd.analysis (_check_and_find_co3s)    : [Info]: Searching 'OH' in 'CO3'
03/05 22:56 [DEBUG] cshmd.analysis (_check_and_find_sioh)    : Searching 'OH' in 'SiO4
03/05 22:56 [DEBUG] cshmd.analysis (_check_and_find_sioh)    : point loaded
03/05 22:56 [DEBUG] cshmd.analysis (find_bond)               : find_bond Ca - O 
03/05 22:56 [DEBUG] cshmd.common (time_wrapper)              : [RUNTIME] get_distance_table in 0.103 seconds
03/05 22:56 [DEBUG] cshmd.analysis (find_bond)               : find_bond Si - O 
03/05 22:56 [INFO] cshmd.analysis (Qn)                       : [Structure] Q2: 1.000
03/05 22:56 [INFO] cshmd.analysis (CS)                       : [Structure] C/S: 0.750
03/05 22:56 [INFO] cshmd.structure (validate_tetra)          : [Structure] BT: 144, PT: 288
03/05 22:56 [INFO] cshmd.analysis (MCL)                      : [Structure] MCL: inf
03/05 22:56 [INFO] cshmd.builder (update_manager)            : [Structure] Number of atoms: 90 -> 3240
03/05 22:56 [INFO] /Users/kimuni/bin/csh_builder (main)      : [Structure] Reading command 'defect_BT'...
03/05 22:56 [INFO] /Users/kimuni/bin/csh_builder (main)      : [Structure] with arguments 'scope: quarter termination: False add_Ca: True seed: 109 keep_OH: False'...
03/05 22:56 [INFO] cshmd.builder (defect_BT)                 : [Structure] Termination scope: False
03/05 22:56 [INFO] cshmd.builder (defect_BT)                 : [Structure] Exists 36 Bridging Tetra in 'top' side
03/05 22:56 [INFO] cshmd.builder (defect_BT)                 : [Structure] Remove 9 Bridging Tetra of 'top' side
03/05 22:56 [INFO] cshmd.builder (defect_BT)                 : [Structure] Exists 36 Bridging Tetra in 'bottom' side
03/05 22:56 [INFO] cshmd.builder (defect_BT)                 : [Structure] Remove 9 Bridging Tetra of 'bottom' side
03/05 22:56 [INFO] cshmd.structure (check_rm_list)           : [Structure] Delete 90 atoms
03/05 22:56 [DEBUG] cshmd.analysis (__init__)                : [Structure] Now new data setted for get Bonds
03/05 22:56 [DEBUG] cshmd.analysis (__del_bond__)            : loaded
03/05 22:56 [DEBUG] cshmd.analysis (__initialize_mole__)     : loaded
03/05 22:56 [DEBUG] cshmd.analysis (find_bond)               : find_bond O - H 
03/05 22:56 [DEBUG] cshmd.common (time_wrapper)              : [RUNTIME] get_distance_table in 0.260 seconds
03/05 22:56 [DEBUG] cshmd.analysis (get_mole)                : get_mole O - H -> nbonds: 2
03/05 22:56 [DEBUG] cshmd.analysis (find_bond)               : find_bond Si - O 
03/05 22:56 [DEBUG] cshmd.common (time_wrapper)              : [RUNTIME] get_distance_table in 0.126 seconds
03/05 22:56 [DEBUG] cshmd.analysis (get_mole)                : get_mole Si - O -> nbonds: 4
03/05 22:56 [DEBUG] cshmd.analysis (get_mole)                : get_mole O - H -> nbonds: 1
03/05 22:56 [DEBUG] cshmd.analysis (find_bond)               : find_bond C - O 
03/05 22:56 [DEBUG] cshmd.analysis (get_mole)                : get_mole C - O -> nbonds: 3
03/05 22:56 [DEBUG] cshmd.analysis (_check_and_find_co3s)    : [Info]: Searching 'OH' in 'CO3'
03/05 22:56 [DEBUG] cshmd.analysis (_check_and_find_sioh)    : Searching 'OH' in 'SiO4
03/05 22:56 [DEBUG] cshmd.analysis (_check_and_find_sioh)    : point loaded
03/05 22:56 [DEBUG] cshmd.analysis (find_bond)               : find_bond Ca - O 
03/05 22:56 [DEBUG] cshmd.common (time_wrapper)              : [RUNTIME] get_distance_table in 0.098 seconds
03/05 22:56 [DEBUG] cshmd.analysis (find_bond)               : find_bond Si - O 
03/05 22:56 [INFO] cshmd.analysis (Qn)                       : [Structure] Q1: 0.087
03/05 22:56 [INFO] cshmd.analysis (Qn)                       : [Structure] Q2: 0.913
03/05 22:56 [INFO] cshmd.analysis (CS)                       : [Structure] C/S: 0.783
03/05 22:56 [INFO] cshmd.structure (validate_tetra)          : [Structure] BT: 126, PT: 288
03/05 22:56 [INFO] cshmd.analysis (MCL)                      : [Structure] MCL: 11.000
03/05 22:56 [INFO] cshmd.builder (update_manager)            : [Structure] Number of atoms: 3240 -> 3168
03/05 22:56 [INFO] /Users/kimuni/bin/csh_builder (main)      : [Structure] Reading command 'defect_BT'...
03/05 22:56 [INFO] /Users/kimuni/bin/csh_builder (main)      : [Structure] with arguments 'scope: one-third termination: True add_Ca: True seed: 713 keep_OH: False'...
03/05 22:56 [INFO] cshmd.builder (defect_BT)                 : [Structure] Termination scope: True
03/05 22:56 [INFO] cshmd.builder (defect_BT)                 : [Structure] Exists 27 Bridging Tetra in 'top' side
03/05 22:56 [INFO] cshmd.builder (defect_BT)                 : [Structure] Remove 9 Bridging Tetra of 'top' side
03/05 22:56 [INFO] cshmd.builder (defect_BT)                 : [Structure] Exists 27 Bridging Tetra in 'bottom' side
03/05 22:56 [INFO] cshmd.builder (defect_BT)                 : [Structure] Remove 9 Bridging Tetra of 'bottom' side
03/05 22:56 [INFO] cshmd.structure (check_rm_list)           : [Structure] Delete 90 atoms
03/05 22:56 [DEBUG] cshmd.analysis (__init__)                : [Structure] Now new data setted for get Bonds
03/05 22:56 [DEBUG] cshmd.analysis (__del_bond__)            : loaded
03/05 22:56 [DEBUG] cshmd.analysis (__initialize_mole__)     : loaded
03/05 22:56 [DEBUG] cshmd.analysis (find_bond)               : find_bond O - H 
03/05 22:56 [DEBUG] cshmd.common (time_wrapper)              : [RUNTIME] get_distance_table in 0.249 seconds
03/05 22:56 [DEBUG] cshmd.analysis (get_mole)                : get_mole O - H -> nbonds: 2
03/05 22:56 [DEBUG] cshmd.analysis (find_bond)               : find_bond Si - O 
03/05 22:56 [DEBUG] cshmd.common (time_wrapper)              : [RUNTIME] get_distance_table in 0.109 seconds
03/05 22:56 [DEBUG] cshmd.analysis (get_mole)                : get_mole Si - O -> nbonds: 4
03/05 22:56 [DEBUG] cshmd.analysis (get_mole)                : get_mole O - H -> nbonds: 1
03/05 22:56 [DEBUG] cshmd.analysis (find_bond)               : find_bond C - O 
03/05 22:56 [DEBUG] cshmd.analysis (get_mole)                : get_mole C - O -> nbonds: 3
03/05 22:56 [DEBUG] cshmd.analysis (_check_and_find_co3s)    : [Info]: Searching 'OH' in 'CO3'
03/05 22:56 [DEBUG] cshmd.analysis (_check_and_find_sioh)    : Searching 'OH' in 'SiO4
03/05 22:56 [DEBUG] cshmd.analysis (_check_and_find_sioh)    : point loaded
03/05 22:56 [DEBUG] cshmd.analysis (find_bond)               : find_bond Ca - O 
03/05 22:56 [DEBUG] cshmd.common (time_wrapper)              : [RUNTIME] get_distance_table in 0.111 seconds
03/05 22:56 [DEBUG] cshmd.analysis (find_bond)               : find_bond Si - O 
03/05 22:56 [INFO] cshmd.analysis (Qn)                       : [Structure] Q1: 0.182
03/05 22:56 [INFO] cshmd.analysis (Qn)                       : [Structure] Q2: 0.818
03/05 22:56 [INFO] cshmd.analysis (CS)                       : [Structure] C/S: 0.818
03/05 22:56 [INFO] cshmd.structure (validate_tetra)          : [Structure] BT: 108, PT: 288
03/05 22:56 [INFO] cshmd.analysis (MCL)                      : [Structure] MCL: 5.000
03/05 22:56 [INFO] cshmd.builder (update_manager)            : [Structure] Number of atoms: 3168 -> 3132
03/05 22:56 [INFO] /Users/kimuni/bin/csh_builder (main)      : [Structure] Reading command 'add_ca_BT'...
03/05 22:56 [INFO] /Users/kimuni/bin/csh_builder (main)      : [Structure] with arguments 'auto: False'...
03/05 22:56 [INFO] cshmd.builder (add_ca_BT)                 : [Structure] 'Add Ca above all Bridging Tetra'
03/05 22:56 [DEBUG] cshmd.analysis (__init__)                : [Structure] Now new data setted for get Bonds
03/05 22:56 [DEBUG] cshmd.analysis (__del_bond__)            : loaded
03/05 22:56 [DEBUG] cshmd.analysis (__initialize_mole__)     : loaded
03/05 22:56 [DEBUG] cshmd.analysis (find_bond)               : find_bond O - H 
03/05 22:56 [DEBUG] cshmd.common (time_wrapper)              : [RUNTIME] get_distance_table in 0.254 seconds
03/05 22:56 [DEBUG] cshmd.analysis (get_mole)                : get_mole O - H -> nbonds: 2
03/05 22:56 [DEBUG] cshmd.analysis (find_bond)               : find_bond Si - O 
03/05 22:56 [DEBUG] cshmd.common (time_wrapper)              : [RUNTIME] get_distance_table in 0.116 seconds
03/05 22:56 [DEBUG] cshmd.analysis (get_mole)                : get_mole Si - O -> nbonds: 4
03/05 22:56 [DEBUG] cshmd.analysis (get_mole)                : get_mole O - H -> nbonds: 1
03/05 22:56 [DEBUG] cshmd.analysis (find_bond)               : find_bond C - O 
03/05 22:56 [DEBUG] cshmd.analysis (get_mole)                : get_mole C - O -> nbonds: 3
03/05 22:56 [DEBUG] cshmd.analysis (_check_and_find_co3s)    : [Info]: Searching 'OH' in 'CO3'
03/05 22:56 [DEBUG] cshmd.analysis (_check_and_find_sioh)    : Searching 'OH' in 'SiO4
03/05 22:56 [DEBUG] cshmd.analysis (_check_and_find_sioh)    : point loaded
03/05 22:56 [DEBUG] cshmd.analysis (find_bond)               : find_bond Ca - O 
03/05 22:56 [DEBUG] cshmd.common (time_wrapper)              : [RUNTIME] get_distance_table in 0.110 seconds
03/05 22:56 [DEBUG] cshmd.analysis (find_bond)               : find_bond Si - O 
03/05 22:56 [INFO] cshmd.analysis (Qn)                       : [Structure] Q1: 0.182
03/05 22:56 [INFO] cshmd.analysis (Qn)                       : [Structure] Q2: 0.818
03/05 22:56 [INFO] cshmd.analysis (CS)                       : [Structure] C/S: 0.818
03/05 22:56 [INFO] cshmd.structure (validate_tetra)          : [Structure] BT: 108, PT: 288
03/05 22:56 [INFO] cshmd.analysis (MCL)                      : [Structure] MCL: 5.000
03/05 22:56 [INFO] cshmd.builder (update_manager)            : [Structure] Number of atoms: 3132 -> 3168
03/05 22:56 [INFO] /Users/kimuni/bin/csh_builder (main)      : [Structure] Reading command 'dprot_BT'...
03/05 22:56 [INFO] /Users/kimuni/bin/csh_builder (main)      : [Structure] with arguments 'scope: all site: lower'...
03/05 22:56 [INFO] cshmd.structure (check_rm_list)           : [Structure] Delete 36 atoms
03/05 22:56 [DEBUG] cshmd.analysis (__init__)                : [Structure] Now new data setted for get Bonds
03/05 22:56 [DEBUG] cshmd.analysis (__del_bond__)            : loaded
03/05 22:56 [DEBUG] cshmd.analysis (__initialize_mole__)     : loaded
03/05 22:56 [DEBUG] cshmd.analysis (find_bond)               : find_bond O - H 
03/05 22:56 [DEBUG] cshmd.common (time_wrapper)              : [RUNTIME] get_distance_table in 0.236 seconds
03/05 22:56 [DEBUG] cshmd.analysis (get_mole)                : get_mole O - H -> nbonds: 2
03/05 22:56 [DEBUG] cshmd.analysis (find_bond)               : find_bond Si - O 
03/05 22:56 [DEBUG] cshmd.common (time_wrapper)              : [RUNTIME] get_distance_table in 0.110 seconds
03/05 22:56 [DEBUG] cshmd.analysis (get_mole)                : get_mole Si - O -> nbonds: 4
03/05 22:56 [DEBUG] cshmd.analysis (get_mole)                : get_mole O - H -> nbonds: 1
03/05 22:56 [DEBUG] cshmd.analysis (find_bond)               : find_bond C - O 
03/05 22:56 [DEBUG] cshmd.analysis (get_mole)                : get_mole C - O -> nbonds: 3
03/05 22:56 [DEBUG] cshmd.analysis (_check_and_find_co3s)    : [Info]: Searching 'OH' in 'CO3'
03/05 22:56 [DEBUG] cshmd.analysis (_check_and_find_sioh)    : Searching 'OH' in 'SiO4
03/05 22:56 [DEBUG] cshmd.analysis (_check_and_find_sioh)    : point loaded
03/05 22:56 [DEBUG] cshmd.analysis (find_bond)               : find_bond Ca - O 
03/05 22:56 [DEBUG] cshmd.common (time_wrapper)              : [RUNTIME] get_distance_table in 0.112 seconds
03/05 22:56 [DEBUG] cshmd.analysis (find_bond)               : find_bond Si - O 
03/05 22:56 [INFO] cshmd.analysis (Qn)                       : [Structure] Q1: 0.182
03/05 22:56 [INFO] cshmd.analysis (Qn)                       : [Structure] Q2: 0.818
03/05 22:56 [INFO] cshmd.analysis (CS)                       : [Structure] C/S: 0.818
03/05 22:56 [INFO] cshmd.structure (validate_tetra)          : [Structure] BT: 108, PT: 288
03/05 22:56 [INFO] cshmd.analysis (MCL)                      : [Structure] MCL: 5.000
03/05 22:56 [INFO] cshmd.builder (update_manager)            : [Structure] Number of atoms: 3168 -> 3132
03/05 22:56 [INFO] cshmd.structure (writeCif)                : L5H0H2.cif was created
03/05 22:56 [INFO] cshmd.builder (out_model)                 : Total Charge: 72
03/05 22:56 [INFO] /Users/kimuni/bin/csh_builder (main)      : ----------------------------------------------------------------------
03/05 22:56 [INFO] /Users/kimuni/bin/csh_builder (main)      : ----------------------------------------------------------------------
03/05 22:56 [INFO] cshmd.structure (__init__)                : /Users/kimuni/bin/kimuni/cshmd/data/resources/cif/T14_111_base.cif was loaded
03/05 22:56 [DEBUG] cshmd.analysis (__init__)                : [Structure] Now new data setted for get Bonds
03/05 22:56 [DEBUG] cshmd.analysis (__del_bond__)            : loaded
03/05 22:56 [DEBUG] cshmd.analysis (__initialize_mole__)     : loaded
03/05 22:56 [DEBUG] cshmd.analysis (__init__)                : [Structure] Now new data setted for get Bonds
03/05 22:56 [DEBUG] cshmd.analysis (__del_bond__)            : loaded
03/05 22:56 [DEBUG] cshmd.analysis (__initialize_mole__)     : loaded
03/05 22:56 [DEBUG] cshmd.analysis (find_bond)               : find_bond O - H 
03/05 22:56 [DEBUG] cshmd.common (time_wrapper)              : [RUNTIME] get_distance_table in 0.000 seconds
03/05 22:56 [DEBUG] cshmd.analysis (get_mole)                : get_mole O - H -> nbonds: 2
03/05 22:56 [DEBUG] cshmd.analysis (find_bond)               : find_bond Si - O 
03/05 22:56 [DEBUG] cshmd.common (time_wrapper)              : [RUNTIME] get_distance_table in 0.000 seconds
03/05 22:56 [DEBUG] cshmd.analysis (get_mole)                : get_mole Si - O -> nbonds: 4
03/05 22:56 [DEBUG] cshmd.analysis (get_mole)                : get_mole O - H -> nbonds: 1
03/05 22:56 [DEBUG] cshmd.analysis (find_bond)               : find_bond C - O 
03/05 22:56 [DEBUG] cshmd.analysis (get_mole)                : get_mole C - O -> nbonds: 3
03/05 22:56 [DEBUG] cshmd.analysis (_check_and_find_co3s)    : [Info]: Searching 'OH' in 'CO3'
03/05 22:56 [DEBUG] cshmd.analysis (_check_and_find_sioh)    : Searching 'OH' in 'SiO4
03/05 22:56 [DEBUG] cshmd.analysis (_check_and_find_sioh)    : point loaded
03/05 22:56 [DEBUG] cshmd.analysis (find_bond)               : find_bond Ca - O 
03/05 22:56 [DEBUG] cshmd.common (time_wrapper)              : [RUNTIME] get_distance_table in 0.000 seconds
03/05 22:56 [DEBUG] cshmd.analysis (find_bond)               : find_bond Si - O 
03/05 22:56 [INFO] cshmd.analysis (Qn)                       : [Structure] Q2: 1.000
03/05 22:56 [INFO] cshmd.analysis (CS)                       : [Structure] C/S: 0.750
03/05 22:56 [INFO] cshmd.structure (validate_tetra)          : [Structure] BT: 4, PT: 8
03/05 22:56 [INFO] cshmd.analysis (MCL)                      : [Structure] MCL: inf
03/05 22:56 [INFO] /Users/kimuni/bin/csh_builder (main)      : [Structure] Reading command 'supercell'...
03/05 22:56 [INFO] /Users/kimuni/bin/csh_builder (main)      : [Structure] with arguments 'supercell: [6, 6, 1]'...
03/05 22:56 [INFO] cshmd.structure (makeSupercell)           : [Structure] Supercell created 6 * 6 * 1
03/05 22:56 [DEBUG] cshmd.analysis (__init__)                : [Structure] Now new data setted for get Bonds
03/05 22:56 [DEBUG] cshmd.analysis (__del_bond__)            : loaded
03/05 22:56 [DEBUG] cshmd.analysis (__initialize_mole__)     : loaded
03/05 22:56 [DEBUG] cshmd.analysis (find_bond)               : find_bond O - H 
03/05 22:56 [DEBUG] cshmd.common (time_wrapper)              : [RUNTIME] get_distance_table in 0.263 seconds
03/05 22:56 [DEBUG] cshmd.analysis (get_mole)                : get_mole O - H -> nbonds: 2
03/05 22:56 [DEBUG] cshmd.analysis (find_bond)               : find_bond Si - O 
03/05 22:56 [DEBUG] cshmd.common (time_wrapper)              : [RUNTIME] get_distance_table in 0.146 seconds
03/05 22:56 [DEBUG] cshmd.analysis (get_mole)                : get_mole Si - O -> nbonds: 4
03/05 22:56 [DEBUG] cshmd.analysis (get_mole)                : get_mole O - H -> nbonds: 1
03/05 22:56 [DEBUG] cshmd.analysis (find_bond)               : find_bond C - O 
03/05 22:56 [DEBUG] cshmd.analysis (get_mole)                : get_mole C - O -> nbonds: 3
03/05 22:56 [DEBUG] cshmd.analysis (_check_and_find_co3s)    : [Info]: Searching 'OH' in 'CO3'
03/05 22:56 [DEBUG] cshmd.analysis (_check_and_find_sioh)    : Searching 'OH' in 'SiO4
03/05 22:56 [DEBUG] cshmd.analysis (_check_and_find_sioh)    : point loaded
03/05 22:56 [DEBUG] cshmd.analysis (find_bond)               : find_bond Ca - O 
03/05 22:56 [DEBUG] cshmd.common (time_wrapper)              : [RUNTIME] get_distance_table in 0.110 seconds
03/05 22:56 [DEBUG] cshmd.analysis (find_bond)               : find_bond Si - O 
03/05 22:56 [INFO] cshmd.analysis (Qn)                       : [Structure] Q2: 1.000
03/05 22:56 [INFO] cshmd.analysis (CS)                       : [Structure] C/S: 0.750
03/05 22:56 [INFO] cshmd.structure (validate_tetra)          : [Structure] BT: 144, PT: 288
03/05 22:56 [INFO] cshmd.analysis (MCL)                      : [Structure] MCL: inf
03/05 22:56 [INFO] cshmd.builder (update_manager)            : [Structure] Number of atoms: 90 -> 3240
03/05 22:56 [INFO] /Users/kimuni/bin/csh_builder (main)      : [Structure] Reading command 'defect_BT'...
03/05 22:56 [INFO] /Users/kimuni/bin/csh_builder (main)      : [Structure] with arguments 'scope: half termination: half add_Ca: True seed: 109 keep_OH: False'...
03/05 22:56 [INFO] cshmd.builder (defect_BT)                 : [Structure] Termination scope: 'half'
03/05 22:56 [INFO] cshmd.builder (defect_BT)                 : [Structure] Exists 36 Bridging Tetra in 'top' side
03/05 22:56 [INFO] cshmd.builder (defect_BT)                 : [Structure] Remove 18 Bridging Tetra of 'top' side
03/05 22:56 [INFO] cshmd.builder (defect_BT)                 : [Structure] Exists 36 Bridging Tetra in 'bottom' side
03/05 22:56 [INFO] cshmd.builder (defect_BT)                 : [Structure] Remove 18 Bridging Tetra of 'bottom' side
03/05 22:56 [INFO] cshmd.structure (check_rm_list)           : [Structure] Delete 180 atoms
03/05 22:56 [DEBUG] cshmd.analysis (__init__)                : [Structure] Now new data setted for get Bonds
03/05 22:56 [DEBUG] cshmd.analysis (__del_bond__)            : loaded
03/05 22:56 [DEBUG] cshmd.analysis (__initialize_mole__)     : loaded
03/05 22:56 [DEBUG] cshmd.analysis (find_bond)               : find_bond O - H 
03/05 22:56 [DEBUG] cshmd.common (time_wrapper)              : [RUNTIME] get_distance_table in 0.248 seconds
03/05 22:56 [DEBUG] cshmd.analysis (get_mole)                : get_mole O - H -> nbonds: 2
03/05 22:56 [DEBUG] cshmd.analysis (find_bond)               : find_bond Si - O 
03/05 22:56 [DEBUG] cshmd.common (time_wrapper)              : [RUNTIME] get_distance_table in 0.119 seconds
03/05 22:56 [DEBUG] cshmd.analysis (get_mole)                : get_mole Si - O -> nbonds: 4
03/05 22:56 [DEBUG] cshmd.analysis (get_mole)                : get_mole O - H -> nbonds: 1
03/05 22:56 [DEBUG] cshmd.analysis (find_bond)               : find_bond C - O 
03/05 22:56 [DEBUG] cshmd.analysis (get_mole)                : get_mole C - O -> nbonds: 3
03/05 22:56 [DEBUG] cshmd.analysis (_check_and_find_co3s)    : [Info]: Searching 'OH' in 'CO3'
03/05 22:56 [DEBUG] cshmd.analysis (_check_and_find_sioh)    : Searching 'OH' in 'SiO4
03/05 22:56 [DEBUG] cshmd.analysis (_check_and_find_sioh)    : point loaded
03/05 22:56 [DEBUG] cshmd.analysis (find_bond)               : find_bond Ca - O 
03/05 22:56 [DEBUG] cshmd.common (time_wrapper)              : [RUNTIME] get_distance_table in 0.100 seconds
03/05 22:56 [DEBUG] cshmd.analysis (find_bond)               : find_bond Si - O 
03/05 22:56 [INFO] cshmd.analysis (Qn)                       : [Structure] Q1: 0.182
03/05 22:56 [INFO] cshmd.analysis (Qn)                       : [Structure] Q2: 0.818
03/05 22:56 [INFO] cshmd.analysis (CS)                       : [Structure] C/S: 0.818
03/05 22:56 [INFO] cshmd.structure (validate_tetra)          : [Structure] BT: 108, PT: 288
03/05 22:56 [INFO] cshmd.analysis (MCL)                      : [Structure] MCL: 5.000
03/05 22:56 [INFO] cshmd.builder (update_manager)            : [Structure] Number of atoms: 3240 -> 3132
03/05 22:56 [INFO] /Users/kimuni/bin/csh_builder (main)      : [Structure] Reading command 'add_ca_BT'...
03/05 22:56 [INFO] /Users/kimuni/bin/csh_builder (main)      : [Structure] with arguments 'auto: False'...
03/05 22:56 [INFO] cshmd.builder (add_ca_BT)                 : [Structure] 'Add Ca above all Bridging Tetra'
03/05 22:56 [DEBUG] cshmd.analysis (__init__)                : [Structure] Now new data setted for get Bonds
03/05 22:56 [DEBUG] cshmd.analysis (__del_bond__)            : loaded
03/05 22:56 [DEBUG] cshmd.analysis (__initialize_mole__)     : loaded
03/05 22:56 [DEBUG] cshmd.analysis (find_bond)               : find_bond O - H 
03/05 22:56 [DEBUG] cshmd.common (time_wrapper)              : [RUNTIME] get_distance_table in 0.249 seconds
03/05 22:56 [DEBUG] cshmd.analysis (get_mole)                : get_mole O - H -> nbonds: 2
03/05 22:56 [DEBUG] cshmd.analysis (find_bond)               : find_bond Si - O 
03/05 22:56 [DEBUG] cshmd.common (time_wrapper)              : [RUNTIME] get_distance_table in 0.119 seconds
03/05 22:56 [DEBUG] cshmd.analysis (get_mole)                : get_mole Si - O -> nbonds: 4
03/05 22:56 [DEBUG] cshmd.analysis (get_mole)                : get_mole O - H -> nbonds: 1
03/05 22:56 [DEBUG] cshmd.analysis (find_bond)               : find_bond C - O 
03/05 22:56 [DEBUG] cshmd.analysis (get_mole)                : get_mole C - O -> nbonds: 3
03/05 22:56 [DEBUG] cshmd.analysis (_check_and_find_co3s)    : [Info]: Searching 'OH' in 'CO3'
03/05 22:56 [DEBUG] cshmd.analysis (_check_and_find_sioh)    : Searching 'OH' in 'SiO4
03/05 22:56 [DEBUG] cshmd.analysis (_check_and_find_sioh)    : point loaded
03/05 22:56 [DEBUG] cshmd.analysis (find_bond)               : find_bond Ca - O 
03/05 22:56 [DEBUG] cshmd.common (time_wrapper)              : [RUNTIME] get_distance_table in 0.109 seconds
03/05 22:56 [DEBUG] cshmd.analysis (find_bond)               : find_bond Si - O 
03/05 22:56 [INFO] cshmd.analysis (Qn)                       : [Structure] Q1: 0.182
03/05 22:56 [INFO] cshmd.analysis (Qn)                       : [Structure] Q2: 0.818
03/05 22:56 [INFO] cshmd.analysis (CS)                       : [Structure] C/S: 0.818
03/05 22:56 [INFO] cshmd.structure (validate_tetra)          : [Structure] BT: 108, PT: 288
03/05 22:56 [INFO] cshmd.analysis (MCL)                      : [Structure] MCL: 5.000
03/05 22:56 [INFO] cshmd.builder (update_manager)            : [Structure] Number of atoms: 3132 -> 3168
03/05 22:56 [INFO] /Users/kimuni/bin/csh_builder (main)      : [Structure] Reading command 'dprot_BT'...
03/05 22:56 [INFO] /Users/kimuni/bin/csh_builder (main)      : [Structure] with arguments 'scope: all site: lower'...
03/05 22:56 [INFO] cshmd.structure (check_rm_list)           : [Structure] Delete 36 atoms
03/05 22:56 [DEBUG] cshmd.analysis (__init__)                : [Structure] Now new data setted for get Bonds
03/05 22:56 [DEBUG] cshmd.analysis (__del_bond__)            : loaded
03/05 22:56 [DEBUG] cshmd.analysis (__initialize_mole__)     : loaded
03/05 22:56 [DEBUG] cshmd.analysis (find_bond)               : find_bond O - H 
03/05 22:56 [DEBUG] cshmd.common (time_wrapper)              : [RUNTIME] get_distance_table in 0.236 seconds
03/05 22:56 [DEBUG] cshmd.analysis (get_mole)                : get_mole O - H -> nbonds: 2
03/05 22:56 [DEBUG] cshmd.analysis (find_bond)               : find_bond Si - O 
03/05 22:56 [DEBUG] cshmd.common (time_wrapper)              : [RUNTIME] get_distance_table in 0.119 seconds
03/05 22:56 [DEBUG] cshmd.analysis (get_mole)                : get_mole Si - O -> nbonds: 4
03/05 22:56 [DEBUG] cshmd.analysis (get_mole)                : get_mole O - H -> nbonds: 1
03/05 22:56 [DEBUG] cshmd.analysis (find_bond)               : find_bond C - O 
03/05 22:56 [DEBUG] cshmd.analysis (get_mole)                : get_mole C - O -> nbonds: 3
03/05 22:56 [DEBUG] cshmd.analysis (_check_and_find_co3s)    : [Info]: Searching 'OH' in 'CO3'
03/05 22:56 [DEBUG] cshmd.analysis (_check_and_find_sioh)    : Searching 'OH' in 'SiO4
03/05 22:56 [DEBUG] cshmd.analysis (_check_and_find_sioh)    : point loaded
03/05 22:56 [DEBUG] cshmd.analysis (find_bond)               : find_bond Ca - O 
03/05 22:56 [DEBUG] cshmd.common (time_wrapper)              : [RUNTIME] get_distance_table in 0.110 seconds
03/05 22:56 [DEBUG] cshmd.analysis (find_bond)               : find_bond Si - O 
03/05 22:56 [INFO] cshmd.analysis (Qn)                       : [Structure] Q1: 0.182
03/05 22:56 [INFO] cshmd.analysis (Qn)                       : [Structure] Q2: 0.818
03/05 22:56 [INFO] cshmd.analysis (CS)                       : [Structure] C/S: 0.818
03/05 22:56 [INFO] cshmd.structure (validate_tetra)          : [Structure] BT: 108, PT: 288
03/05 22:56 [INFO] cshmd.analysis (MCL)                      : [Structure] MCL: 5.000
03/05 22:56 [INFO] cshmd.builder (update_manager)            : [Structure] Number of atoms: 3168 -> 3132
03/05 22:56 [INFO] cshmd.structure (writeCif)                : L5H1.cif was created
03/05 22:56 [INFO] cshmd.builder (out_model)                 : Total Charge: 72
03/05 22:56 [INFO] /Users/kimuni/bin/csh_builder (main)      : ----------------------------------------------------------------------
03/05 22:56 [INFO] /Users/kimuni/bin/csh_builder (main)      : ----------------------------------------------------------------------
03/05 22:56 [INFO] cshmd.structure (__init__)                : /Users/kimuni/bin/kimuni/cshmd/data/resources/cif/T14_111_base.cif was loaded
03/05 22:56 [DEBUG] cshmd.analysis (__init__)                : [Structure] Now new data setted for get Bonds
03/05 22:56 [DEBUG] cshmd.analysis (__del_bond__)            : loaded
03/05 22:56 [DEBUG] cshmd.analysis (__initialize_mole__)     : loaded
03/05 22:56 [DEBUG] cshmd.analysis (__init__)                : [Structure] Now new data setted for get Bonds
03/05 22:56 [DEBUG] cshmd.analysis (__del_bond__)            : loaded
03/05 22:56 [DEBUG] cshmd.analysis (__initialize_mole__)     : loaded
03/05 22:56 [DEBUG] cshmd.analysis (find_bond)               : find_bond O - H 
03/05 22:56 [DEBUG] cshmd.common (time_wrapper)              : [RUNTIME] get_distance_table in 0.000 seconds
03/05 22:56 [DEBUG] cshmd.analysis (get_mole)                : get_mole O - H -> nbonds: 2
03/05 22:56 [DEBUG] cshmd.analysis (find_bond)               : find_bond Si - O 
03/05 22:56 [DEBUG] cshmd.common (time_wrapper)              : [RUNTIME] get_distance_table in 0.000 seconds
03/05 22:56 [DEBUG] cshmd.analysis (get_mole)                : get_mole Si - O -> nbonds: 4
03/05 22:56 [DEBUG] cshmd.analysis (get_mole)                : get_mole O - H -> nbonds: 1
03/05 22:56 [DEBUG] cshmd.analysis (find_bond)               : find_bond C - O 
03/05 22:56 [DEBUG] cshmd.analysis (get_mole)                : get_mole C - O -> nbonds: 3
03/05 22:56 [DEBUG] cshmd.analysis (_check_and_find_co3s)    : [Info]: Searching 'OH' in 'CO3'
03/05 22:56 [DEBUG] cshmd.analysis (_check_and_find_sioh)    : Searching 'OH' in 'SiO4
03/05 22:56 [DEBUG] cshmd.analysis (_check_and_find_sioh)    : point loaded
03/05 22:56 [DEBUG] cshmd.analysis (find_bond)               : find_bond Ca - O 
03/05 22:56 [DEBUG] cshmd.common (time_wrapper)              : [RUNTIME] get_distance_table in 0.000 seconds
03/05 22:56 [DEBUG] cshmd.analysis (find_bond)               : find_bond Si - O 
03/05 22:56 [INFO] cshmd.analysis (Qn)                       : [Structure] Q2: 1.000
03/05 22:56 [INFO] cshmd.analysis (CS)                       : [Structure] C/S: 0.750
03/05 22:56 [INFO] cshmd.structure (validate_tetra)          : [Structure] BT: 4, PT: 8
03/05 22:56 [INFO] cshmd.analysis (MCL)                      : [Structure] MCL: inf
03/05 22:56 [INFO] /Users/kimuni/bin/csh_builder (main)      : [Structure] Reading command 'supercell'...
03/05 22:56 [INFO] /Users/kimuni/bin/csh_builder (main)      : [Structure] with arguments 'supercell: [6, 6, 1]'...
03/05 22:56 [INFO] cshmd.structure (makeSupercell)           : [Structure] Supercell created 6 * 6 * 1
03/05 22:56 [DEBUG] cshmd.analysis (__init__)                : [Structure] Now new data setted for get Bonds
03/05 22:56 [DEBUG] cshmd.analysis (__del_bond__)            : loaded
03/05 22:56 [DEBUG] cshmd.analysis (__initialize_mole__)     : loaded
03/05 22:56 [DEBUG] cshmd.analysis (find_bond)               : find_bond O - H 
03/05 22:56 [DEBUG] cshmd.common (time_wrapper)              : [RUNTIME] get_distance_table in 0.265 seconds
03/05 22:56 [DEBUG] cshmd.analysis (get_mole)                : get_mole O - H -> nbonds: 2
03/05 22:56 [DEBUG] cshmd.analysis (find_bond)               : find_bond Si - O 
03/05 22:56 [DEBUG] cshmd.common (time_wrapper)              : [RUNTIME] get_distance_table in 0.133 seconds
03/05 22:56 [DEBUG] cshmd.analysis (get_mole)                : get_mole Si - O -> nbonds: 4
03/05 22:56 [DEBUG] cshmd.analysis (get_mole)                : get_mole O - H -> nbonds: 1
03/05 22:56 [DEBUG] cshmd.analysis (find_bond)               : find_bond C - O 
03/05 22:56 [DEBUG] cshmd.analysis (get_mole)                : get_mole C - O -> nbonds: 3
03/05 22:56 [DEBUG] cshmd.analysis (_check_and_find_co3s)    : [Info]: Searching 'OH' in 'CO3'
03/05 22:56 [DEBUG] cshmd.analysis (_check_and_find_sioh)    : Searching 'OH' in 'SiO4
03/05 22:56 [DEBUG] cshmd.analysis (_check_and_find_sioh)    : point loaded
03/05 22:56 [DEBUG] cshmd.analysis (find_bond)               : find_bond Ca - O 
03/05 22:56 [DEBUG] cshmd.common (time_wrapper)              : [RUNTIME] get_distance_table in 0.118 seconds
03/05 22:56 [DEBUG] cshmd.analysis (find_bond)               : find_bond Si - O 
03/05 22:56 [INFO] cshmd.analysis (Qn)                       : [Structure] Q2: 1.000
03/05 22:56 [INFO] cshmd.analysis (CS)                       : [Structure] C/S: 0.750
03/05 22:56 [INFO] cshmd.structure (validate_tetra)          : [Structure] BT: 144, PT: 288
03/05 22:56 [INFO] cshmd.analysis (MCL)                      : [Structure] MCL: inf
03/05 22:56 [INFO] cshmd.builder (update_manager)            : [Structure] Number of atoms: 90 -> 3240
03/05 22:56 [INFO] /Users/kimuni/bin/csh_builder (main)      : [Structure] Reading command 'defect_BT'...
03/05 22:56 [INFO] /Users/kimuni/bin/csh_builder (main)      : [Structure] with arguments 'scope: half termination: True add_Ca: True seed: 109 keep_OH: False'...
03/05 22:56 [INFO] cshmd.builder (defect_BT)                 : [Structure] Termination scope: True
03/05 22:56 [INFO] cshmd.builder (defect_BT)                 : [Structure] Exists 36 Bridging Tetra in 'top' side
03/05 22:56 [INFO] cshmd.builder (defect_BT)                 : [Structure] Remove 18 Bridging Tetra of 'top' side
03/05 22:56 [INFO] cshmd.builder (defect_BT)                 : [Structure] Exists 36 Bridging Tetra in 'bottom' side
03/05 22:56 [INFO] cshmd.builder (defect_BT)                 : [Structure] Remove 18 Bridging Tetra of 'bottom' side
03/05 22:56 [INFO] cshmd.structure (check_rm_list)           : [Structure] Delete 180 atoms
03/05 22:56 [DEBUG] cshmd.analysis (__init__)                : [Structure] Now new data setted for get Bonds
03/05 22:56 [DEBUG] cshmd.analysis (__del_bond__)            : loaded
03/05 22:56 [DEBUG] cshmd.analysis (__initialize_mole__)     : loaded
03/05 22:56 [DEBUG] cshmd.analysis (find_bond)               : find_bond O - H 
03/05 22:56 [DEBUG] cshmd.common (time_wrapper)              : [RUNTIME] get_distance_table in 0.253 seconds
03/05 22:56 [DEBUG] cshmd.analysis (get_mole)                : get_mole O - H -> nbonds: 2
03/05 22:56 [DEBUG] cshmd.analysis (find_bond)               : find_bond Si - O 
03/05 22:56 [DEBUG] cshmd.common (time_wrapper)              : [RUNTIME] get_distance_table in 0.118 seconds
03/05 22:56 [DEBUG] cshmd.analysis (get_mole)                : get_mole Si - O -> nbonds: 4
03/05 22:56 [DEBUG] cshmd.analysis (get_mole)                : get_mole O - H -> nbonds: 1
03/05 22:56 [DEBUG] cshmd.analysis (find_bond)               : find_bond C - O 
03/05 22:56 [DEBUG] cshmd.analysis (get_mole)                : get_mole C - O -> nbonds: 3
03/05 22:56 [DEBUG] cshmd.analysis (_check_and_find_co3s)    : [Info]: Searching 'OH' in 'CO3'
03/05 22:56 [DEBUG] cshmd.analysis (_check_and_find_sioh)    : Searching 'OH' in 'SiO4
03/05 22:56 [DEBUG] cshmd.analysis (_check_and_find_sioh)    : point loaded
03/05 22:56 [DEBUG] cshmd.analysis (find_bond)               : find_bond Ca - O 
03/05 22:56 [DEBUG] cshmd.common (time_wrapper)              : [RUNTIME] get_distance_table in 0.111 seconds
03/05 22:56 [DEBUG] cshmd.analysis (find_bond)               : find_bond Si - O 
03/05 22:56 [INFO] cshmd.analysis (Qn)                       : [Structure] Q1: 0.182
03/05 22:56 [INFO] cshmd.analysis (Qn)                       : [Structure] Q2: 0.818
03/05 22:56 [INFO] cshmd.analysis (CS)                       : [Structure] C/S: 0.818
03/05 22:56 [INFO] cshmd.structure (validate_tetra)          : [Structure] BT: 108, PT: 288
03/05 22:56 [INFO] cshmd.analysis (MCL)                      : [Structure] MCL: 5.000
03/05 22:56 [INFO] cshmd.builder (update_manager)            : [Structure] Number of atoms: 3240 -> 3168
03/05 22:56 [INFO] /Users/kimuni/bin/csh_builder (main)      : [Structure] Reading command 'add_ca_BT'...
03/05 22:56 [INFO] /Users/kimuni/bin/csh_builder (main)      : [Structure] with arguments 'auto: False'...
03/05 22:56 [INFO] cshmd.builder (add_ca_BT)                 : [Structure] 'Add Ca above all Bridging Tetra'
03/05 22:56 [DEBUG] cshmd.analysis (__init__)                : [Structure] Now new data setted for get Bonds
03/05 22:56 [DEBUG] cshmd.analysis (__del_bond__)            : loaded
03/05 22:56 [DEBUG] cshmd.analysis (__initialize_mole__)     : loaded
03/05 22:56 [DEBUG] cshmd.analysis (find_bond)               : find_bond O - H 
03/05 22:56 [DEBUG] cshmd.common (time_wrapper)              : [RUNTIME] get_distance_table in 0.262 seconds
03/05 22:56 [DEBUG] cshmd.analysis (get_mole)                : get_mole O - H -> nbonds: 2
03/05 22:56 [DEBUG] cshmd.analysis (find_bond)               : find_bond Si - O 
03/05 22:56 [DEBUG] cshmd.common (time_wrapper)              : [RUNTIME] get_distance_table in 0.110 seconds
03/05 22:56 [DEBUG] cshmd.analysis (get_mole)                : get_mole Si - O -> nbonds: 4
03/05 22:56 [DEBUG] cshmd.analysis (get_mole)                : get_mole O - H -> nbonds: 1
03/05 22:56 [DEBUG] cshmd.analysis (find_bond)               : find_bond C - O 
03/05 22:56 [DEBUG] cshmd.analysis (get_mole)                : get_mole C - O -> nbonds: 3
03/05 22:56 [DEBUG] cshmd.analysis (_check_and_find_co3s)    : [Info]: Searching 'OH' in 'CO3'
03/05 22:56 [DEBUG] cshmd.analysis (_check_and_find_sioh)    : Searching 'OH' in 'SiO4
03/05 22:56 [DEBUG] cshmd.analysis (_check_and_find_sioh)    : point loaded
03/05 22:56 [DEBUG] cshmd.analysis (find_bond)               : find_bond Ca - O 
03/05 22:56 [DEBUG] cshmd.common (time_wrapper)              : [RUNTIME] get_distance_table in 0.111 seconds
03/05 22:56 [DEBUG] cshmd.analysis (find_bond)               : find_bond Si - O 
03/05 22:56 [INFO] cshmd.analysis (Qn)                       : [Structure] Q1: 0.182
03/05 22:56 [INFO] cshmd.analysis (Qn)                       : [Structure] Q2: 0.818
03/05 22:56 [INFO] cshmd.analysis (CS)                       : [Structure] C/S: 0.818
03/05 22:56 [INFO] cshmd.structure (validate_tetra)          : [Structure] BT: 108, PT: 288
03/05 22:56 [INFO] cshmd.analysis (MCL)                      : [Structure] MCL: 5.000
03/05 22:56 [INFO] cshmd.builder (update_manager)            : [Structure] Number of atoms: 3168 -> 3204
03/05 22:56 [INFO] cshmd.structure (writeCif)                : L5H2.cif was created
03/05 22:56 [INFO] cshmd.builder (out_model)                 : Total Charge: 144
03/05 22:56 [INFO] /Users/kimuni/bin/csh_builder (main)      : ----------------------------------------------------------------------
03/05 22:56 [INFO] /Users/kimuni/bin/csh_builder (main)      : ----------------------------------------------------------------------
03/05 22:56 [INFO] cshmd.structure (__init__)                : /Users/kimuni/bin/kimuni/cshmd/data/resources/cif/T14_111_base.cif was loaded
03/05 22:56 [DEBUG] cshmd.analysis (__init__)                : [Structure] Now new data setted for get Bonds
03/05 22:56 [DEBUG] cshmd.analysis (__del_bond__)            : loaded
03/05 22:56 [DEBUG] cshmd.analysis (__initialize_mole__)     : loaded
03/05 22:56 [DEBUG] cshmd.analysis (__init__)                : [Structure] Now new data setted for get Bonds
03/05 22:56 [DEBUG] cshmd.analysis (__del_bond__)            : loaded
03/05 22:56 [DEBUG] cshmd.analysis (__initialize_mole__)     : loaded
03/05 22:56 [DEBUG] cshmd.analysis (find_bond)               : find_bond O - H 
03/05 22:56 [DEBUG] cshmd.common (time_wrapper)              : [RUNTIME] get_distance_table in 0.000 seconds
03/05 22:56 [DEBUG] cshmd.analysis (get_mole)                : get_mole O - H -> nbonds: 2
03/05 22:56 [DEBUG] cshmd.analysis (find_bond)               : find_bond Si - O 
03/05 22:56 [DEBUG] cshmd.common (time_wrapper)              : [RUNTIME] get_distance_table in 0.000 seconds
03/05 22:56 [DEBUG] cshmd.analysis (get_mole)                : get_mole Si - O -> nbonds: 4
03/05 22:56 [DEBUG] cshmd.analysis (get_mole)                : get_mole O - H -> nbonds: 1
03/05 22:56 [DEBUG] cshmd.analysis (find_bond)               : find_bond C - O 
03/05 22:56 [DEBUG] cshmd.analysis (get_mole)                : get_mole C - O -> nbonds: 3
03/05 22:56 [DEBUG] cshmd.analysis (_check_and_find_co3s)    : [Info]: Searching 'OH' in 'CO3'
03/05 22:56 [DEBUG] cshmd.analysis (_check_and_find_sioh)    : Searching 'OH' in 'SiO4
03/05 22:56 [DEBUG] cshmd.analysis (_check_and_find_sioh)    : point loaded
03/05 22:56 [DEBUG] cshmd.analysis (find_bond)               : find_bond Ca - O 
03/05 22:56 [DEBUG] cshmd.common (time_wrapper)              : [RUNTIME] get_distance_table in 0.000 seconds
03/05 22:56 [DEBUG] cshmd.analysis (find_bond)               : find_bond Si - O 
03/05 22:56 [INFO] cshmd.analysis (Qn)                       : [Structure] Q2: 1.000
03/05 22:56 [INFO] cshmd.analysis (CS)                       : [Structure] C/S: 0.750
03/05 22:56 [INFO] cshmd.structure (validate_tetra)          : [Structure] BT: 4, PT: 8
03/05 22:56 [INFO] cshmd.analysis (MCL)                      : [Structure] MCL: inf
03/05 22:56 [INFO] /Users/kimuni/bin/csh_builder (main)      : [Structure] Reading command 'supercell'...
03/05 22:56 [INFO] /Users/kimuni/bin/csh_builder (main)      : [Structure] with arguments 'supercell: [6, 6, 1]'...
03/05 22:56 [INFO] cshmd.structure (makeSupercell)           : [Structure] Supercell created 6 * 6 * 1
03/05 22:56 [DEBUG] cshmd.analysis (__init__)                : [Structure] Now new data setted for get Bonds
03/05 22:56 [DEBUG] cshmd.analysis (__del_bond__)            : loaded
03/05 22:56 [DEBUG] cshmd.analysis (__initialize_mole__)     : loaded
03/05 22:56 [DEBUG] cshmd.analysis (find_bond)               : find_bond O - H 
03/05 22:56 [DEBUG] cshmd.common (time_wrapper)              : [RUNTIME] get_distance_table in 0.265 seconds
03/05 22:56 [DEBUG] cshmd.analysis (get_mole)                : get_mole O - H -> nbonds: 2
03/05 22:56 [DEBUG] cshmd.analysis (find_bond)               : find_bond Si - O 
03/05 22:56 [DEBUG] cshmd.common (time_wrapper)              : [RUNTIME] get_distance_table in 0.135 seconds
03/05 22:56 [DEBUG] cshmd.analysis (get_mole)                : get_mole Si - O -> nbonds: 4
03/05 22:56 [DEBUG] cshmd.analysis (get_mole)                : get_mole O - H -> nbonds: 1
03/05 22:56 [DEBUG] cshmd.analysis (find_bond)               : find_bond C - O 
03/05 22:56 [DEBUG] cshmd.analysis (get_mole)                : get_mole C - O -> nbonds: 3
03/05 22:56 [DEBUG] cshmd.analysis (_check_and_find_co3s)    : [Info]: Searching 'OH' in 'CO3'
03/05 22:56 [DEBUG] cshmd.analysis (_check_and_find_sioh)    : Searching 'OH' in 'SiO4
03/05 22:56 [DEBUG] cshmd.analysis (_check_and_find_sioh)    : point loaded
03/05 22:56 [DEBUG] cshmd.analysis (find_bond)               : find_bond Ca - O 
03/05 22:56 [DEBUG] cshmd.common (time_wrapper)              : [RUNTIME] get_distance_table in 0.103 seconds
03/05 22:56 [DEBUG] cshmd.analysis (find_bond)               : find_bond Si - O 
03/05 22:56 [INFO] cshmd.analysis (Qn)                       : [Structure] Q2: 1.000
03/05 22:56 [INFO] cshmd.analysis (CS)                       : [Structure] C/S: 0.750
03/05 22:56 [INFO] cshmd.structure (validate_tetra)          : [Structure] BT: 144, PT: 288
03/05 22:56 [INFO] cshmd.analysis (MCL)                      : [Structure] MCL: inf
03/05 22:56 [INFO] cshmd.builder (update_manager)            : [Structure] Number of atoms: 90 -> 3240
03/05 22:56 [INFO] /Users/kimuni/bin/csh_builder (main)      : [Structure] Reading command 'add_ca_BT'...
03/05 22:56 [INFO] /Users/kimuni/bin/csh_builder (main)      : [Structure] with arguments 'auto: False'...
03/05 22:56 [INFO] cshmd.builder (add_ca_BT)                 : [Structure] 'Add Ca above all Bridging Tetra'
03/05 22:56 [DEBUG] cshmd.analysis (__init__)                : [Structure] Now new data setted for get Bonds
03/05 22:56 [DEBUG] cshmd.analysis (__del_bond__)            : loaded
03/05 22:56 [DEBUG] cshmd.analysis (__initialize_mole__)     : loaded
03/05 22:56 [DEBUG] cshmd.analysis (find_bond)               : find_bond O - H 
03/05 22:56 [DEBUG] cshmd.common (time_wrapper)              : [RUNTIME] get_distance_table in 0.271 seconds
03/05 22:56 [DEBUG] cshmd.analysis (get_mole)                : get_mole O - H -> nbonds: 2
03/05 22:56 [DEBUG] cshmd.analysis (find_bond)               : find_bond Si - O 
03/05 22:56 [DEBUG] cshmd.common (time_wrapper)              : [RUNTIME] get_distance_table in 0.134 seconds
03/05 22:56 [DEBUG] cshmd.analysis (get_mole)                : get_mole Si - O -> nbonds: 4
03/05 22:56 [DEBUG] cshmd.analysis (get_mole)                : get_mole O - H -> nbonds: 1
03/05 22:56 [DEBUG] cshmd.analysis (find_bond)               : find_bond C - O 
03/05 22:56 [DEBUG] cshmd.analysis (get_mole)                : get_mole C - O -> nbonds: 3
03/05 22:56 [DEBUG] cshmd.analysis (_check_and_find_co3s)    : [Info]: Searching 'OH' in 'CO3'
03/05 22:56 [DEBUG] cshmd.analysis (_check_and_find_sioh)    : Searching 'OH' in 'SiO4
03/05 22:56 [DEBUG] cshmd.analysis (_check_and_find_sioh)    : point loaded
03/05 22:56 [DEBUG] cshmd.analysis (find_bond)               : find_bond Ca - O 
03/05 22:56 [DEBUG] cshmd.common (time_wrapper)              : [RUNTIME] get_distance_table in 0.125 seconds
03/05 22:56 [DEBUG] cshmd.analysis (find_bond)               : find_bond Si - O 
03/05 22:56 [INFO] cshmd.analysis (Qn)                       : [Structure] Q2: 1.000
03/05 22:56 [INFO] cshmd.analysis (CS)                       : [Structure] C/S: 0.750
03/05 22:56 [INFO] cshmd.structure (validate_tetra)          : [Structure] BT: 144, PT: 288
03/05 22:56 [INFO] cshmd.analysis (MCL)                      : [Structure] MCL: inf
03/05 22:56 [INFO] cshmd.builder (update_manager)            : [Structure] Number of atoms: 3240 -> 3312
03/05 22:56 [INFO] /Users/kimuni/bin/csh_builder (main)      : [Structure] Reading command 'dprot_BT'...
03/05 22:56 [INFO] /Users/kimuni/bin/csh_builder (main)      : [Structure] with arguments 'scope: all site: all'...
03/05 22:56 [INFO] cshmd.structure (check_rm_list)           : [Structure] Delete 144 atoms
03/05 22:56 [DEBUG] cshmd.analysis (__init__)                : [Structure] Now new data setted for get Bonds
03/05 22:56 [DEBUG] cshmd.analysis (__del_bond__)            : loaded
03/05 22:56 [DEBUG] cshmd.analysis (__initialize_mole__)     : loaded
03/05 22:56 [DEBUG] cshmd.analysis (find_bond)               : find_bond O - H 
03/05 22:56 [DEBUG] cshmd.common (time_wrapper)              : [RUNTIME] get_distance_table in 0.212 seconds
03/05 22:56 [DEBUG] cshmd.analysis (get_mole)                : get_mole O - H -> nbonds: 2
03/05 22:56 [DEBUG] cshmd.analysis (find_bond)               : find_bond Si - O 
03/05 22:56 [DEBUG] cshmd.common (time_wrapper)              : [RUNTIME] get_distance_table in 0.133 seconds
03/05 22:56 [DEBUG] cshmd.analysis (get_mole)                : get_mole Si - O -> nbonds: 4
03/05 22:56 [DEBUG] cshmd.analysis (get_mole)                : get_mole O - H -> nbonds: 1
03/05 22:56 [DEBUG] cshmd.analysis (find_bond)               : find_bond C - O 
03/05 22:56 [DEBUG] cshmd.analysis (get_mole)                : get_mole C - O -> nbonds: 3
03/05 22:56 [DEBUG] cshmd.analysis (_check_and_find_co3s)    : [Info]: Searching 'OH' in 'CO3'
03/05 22:56 [DEBUG] cshmd.analysis (_check_and_find_sioh)    : Searching 'OH' in 'SiO4
03/05 22:56 [DEBUG] cshmd.analysis (_check_and_find_sioh)    : point loaded
03/05 22:56 [DEBUG] cshmd.analysis (find_bond)               : find_bond Ca - O 
03/05 22:56 [DEBUG] cshmd.common (time_wrapper)              : [RUNTIME] get_distance_table in 0.116 seconds
03/05 22:56 [DEBUG] cshmd.analysis (find_bond)               : find_bond Si - O 
03/05 22:56 [INFO] cshmd.analysis (Qn)                       : [Structure] Q2: 1.000
03/05 22:56 [INFO] cshmd.analysis (CS)                       : [Structure] C/S: 0.750
03/05 22:56 [INFO] cshmd.structure (validate_tetra)          : [Structure] BT: 144, PT: 288
03/05 22:56 [INFO] cshmd.analysis (MCL)                      : [Structure] MCL: inf
03/05 22:56 [INFO] cshmd.builder (update_manager)            : [Structure] Number of atoms: 3312 -> 3168
03/05 22:56 [INFO] cshmd.structure (writeCif)                : LiH0.cif was created
03/05 22:56 [INFO] cshmd.builder (out_model)                 : Total Charge: 0
03/05 22:56 [INFO] /Users/kimuni/bin/csh_builder (main)      : ----------------------------------------------------------------------
03/05 22:56 [INFO] /Users/kimuni/bin/csh_builder (main)      : ----------------------------------------------------------------------
03/05 22:56 [INFO] cshmd.structure (__init__)                : /Users/kimuni/bin/kimuni/cshmd/data/resources/cif/T14_111_base.cif was loaded
03/05 22:56 [DEBUG] cshmd.analysis (__init__)                : [Structure] Now new data setted for get Bonds
03/05 22:56 [DEBUG] cshmd.analysis (__del_bond__)            : loaded
03/05 22:56 [DEBUG] cshmd.analysis (__initialize_mole__)     : loaded
03/05 22:56 [DEBUG] cshmd.analysis (__init__)                : [Structure] Now new data setted for get Bonds
03/05 22:56 [DEBUG] cshmd.analysis (__del_bond__)            : loaded
03/05 22:56 [DEBUG] cshmd.analysis (__initialize_mole__)     : loaded
03/05 22:56 [DEBUG] cshmd.analysis (find_bond)               : find_bond O - H 
03/05 22:56 [DEBUG] cshmd.common (time_wrapper)              : [RUNTIME] get_distance_table in 0.000 seconds
03/05 22:56 [DEBUG] cshmd.analysis (get_mole)                : get_mole O - H -> nbonds: 2
03/05 22:56 [DEBUG] cshmd.analysis (find_bond)               : find_bond Si - O 
03/05 22:56 [DEBUG] cshmd.common (time_wrapper)              : [RUNTIME] get_distance_table in 0.000 seconds
03/05 22:56 [DEBUG] cshmd.analysis (get_mole)                : get_mole Si - O -> nbonds: 4
03/05 22:56 [DEBUG] cshmd.analysis (get_mole)                : get_mole O - H -> nbonds: 1
03/05 22:56 [DEBUG] cshmd.analysis (find_bond)               : find_bond C - O 
03/05 22:56 [DEBUG] cshmd.analysis (get_mole)                : get_mole C - O -> nbonds: 3
03/05 22:56 [DEBUG] cshmd.analysis (_check_and_find_co3s)    : [Info]: Searching 'OH' in 'CO3'
03/05 22:56 [DEBUG] cshmd.analysis (_check_and_find_sioh)    : Searching 'OH' in 'SiO4
03/05 22:56 [DEBUG] cshmd.analysis (_check_and_find_sioh)    : point loaded
03/05 22:56 [DEBUG] cshmd.analysis (find_bond)               : find_bond Ca - O 
03/05 22:56 [DEBUG] cshmd.common (time_wrapper)              : [RUNTIME] get_distance_table in 0.000 seconds
03/05 22:56 [DEBUG] cshmd.analysis (find_bond)               : find_bond Si - O 
03/05 22:56 [INFO] cshmd.analysis (Qn)                       : [Structure] Q2: 1.000
03/05 22:56 [INFO] cshmd.analysis (CS)                       : [Structure] C/S: 0.750
03/05 22:56 [INFO] cshmd.structure (validate_tetra)          : [Structure] BT: 4, PT: 8
03/05 22:56 [INFO] cshmd.analysis (MCL)                      : [Structure] MCL: inf
03/05 22:56 [INFO] /Users/kimuni/bin/csh_builder (main)      : [Structure] Reading command 'supercell'...
03/05 22:56 [INFO] /Users/kimuni/bin/csh_builder (main)      : [Structure] with arguments 'supercell: [6, 6, 1]'...
03/05 22:56 [INFO] cshmd.structure (makeSupercell)           : [Structure] Supercell created 6 * 6 * 1
03/05 22:56 [DEBUG] cshmd.analysis (__init__)                : [Structure] Now new data setted for get Bonds
03/05 22:56 [DEBUG] cshmd.analysis (__del_bond__)            : loaded
03/05 22:56 [DEBUG] cshmd.analysis (__initialize_mole__)     : loaded
03/05 22:56 [DEBUG] cshmd.analysis (find_bond)               : find_bond O - H 
03/05 22:56 [DEBUG] cshmd.common (time_wrapper)              : [RUNTIME] get_distance_table in 0.266 seconds
03/05 22:56 [DEBUG] cshmd.analysis (get_mole)                : get_mole O - H -> nbonds: 2
03/05 22:56 [DEBUG] cshmd.analysis (find_bond)               : find_bond Si - O 
03/05 22:56 [DEBUG] cshmd.common (time_wrapper)              : [RUNTIME] get_distance_table in 0.127 seconds
03/05 22:56 [DEBUG] cshmd.analysis (get_mole)                : get_mole Si - O -> nbonds: 4
03/05 22:56 [DEBUG] cshmd.analysis (get_mole)                : get_mole O - H -> nbonds: 1
03/05 22:56 [DEBUG] cshmd.analysis (find_bond)               : find_bond C - O 
03/05 22:56 [DEBUG] cshmd.analysis (get_mole)                : get_mole C - O -> nbonds: 3
03/05 22:56 [DEBUG] cshmd.analysis (_check_and_find_co3s)    : [Info]: Searching 'OH' in 'CO3'
03/05 22:56 [DEBUG] cshmd.analysis (_check_and_find_sioh)    : Searching 'OH' in 'SiO4
03/05 22:56 [DEBUG] cshmd.analysis (_check_and_find_sioh)    : point loaded
03/05 22:56 [DEBUG] cshmd.analysis (find_bond)               : find_bond Ca - O 
03/05 22:56 [DEBUG] cshmd.common (time_wrapper)              : [RUNTIME] get_distance_table in 0.096 seconds
03/05 22:56 [DEBUG] cshmd.analysis (find_bond)               : find_bond Si - O 
03/05 22:56 [INFO] cshmd.analysis (Qn)                       : [Structure] Q2: 1.000
03/05 22:56 [INFO] cshmd.analysis (CS)                       : [Structure] C/S: 0.750
03/05 22:56 [INFO] cshmd.structure (validate_tetra)          : [Structure] BT: 144, PT: 288
03/05 22:56 [INFO] cshmd.analysis (MCL)                      : [Structure] MCL: inf
03/05 22:56 [INFO] cshmd.builder (update_manager)            : [Structure] Number of atoms: 90 -> 3240
03/05 22:56 [INFO] /Users/kimuni/bin/csh_builder (main)      : [Structure] Reading command 'add_ca_BT'...
03/05 22:56 [INFO] /Users/kimuni/bin/csh_builder (main)      : [Structure] with arguments 'auto: False'...
03/05 22:56 [INFO] cshmd.builder (add_ca_BT)                 : [Structure] 'Add Ca above all Bridging Tetra'
03/05 22:56 [DEBUG] cshmd.analysis (__init__)                : [Structure] Now new data setted for get Bonds
03/05 22:56 [DEBUG] cshmd.analysis (__del_bond__)            : loaded
03/05 22:56 [DEBUG] cshmd.analysis (__initialize_mole__)     : loaded
03/05 22:56 [DEBUG] cshmd.analysis (find_bond)               : find_bond O - H 
03/05 22:56 [DEBUG] cshmd.common (time_wrapper)              : [RUNTIME] get_distance_table in 0.272 seconds
03/05 22:56 [DEBUG] cshmd.analysis (get_mole)                : get_mole O - H -> nbonds: 2
03/05 22:56 [DEBUG] cshmd.analysis (find_bond)               : find_bond Si - O 
03/05 22:56 [DEBUG] cshmd.common (time_wrapper)              : [RUNTIME] get_distance_table in 0.134 seconds
03/05 22:56 [DEBUG] cshmd.analysis (get_mole)                : get_mole Si - O -> nbonds: 4
03/05 22:56 [DEBUG] cshmd.analysis (get_mole)                : get_mole O - H -> nbonds: 1
03/05 22:56 [DEBUG] cshmd.analysis (find_bond)               : find_bond C - O 
03/05 22:56 [DEBUG] cshmd.analysis (get_mole)                : get_mole C - O -> nbonds: 3
03/05 22:56 [DEBUG] cshmd.analysis (_check_and_find_co3s)    : [Info]: Searching 'OH' in 'CO3'
03/05 22:56 [DEBUG] cshmd.analysis (_check_and_find_sioh)    : Searching 'OH' in 'SiO4
03/05 22:56 [DEBUG] cshmd.analysis (_check_and_find_sioh)    : point loaded
03/05 22:56 [DEBUG] cshmd.analysis (find_bond)               : find_bond Ca - O 
03/05 22:56 [DEBUG] cshmd.common (time_wrapper)              : [RUNTIME] get_distance_table in 0.124 seconds
03/05 22:56 [DEBUG] cshmd.analysis (find_bond)               : find_bond Si - O 
03/05 22:56 [INFO] cshmd.analysis (Qn)                       : [Structure] Q2: 1.000
03/05 22:56 [INFO] cshmd.analysis (CS)                       : [Structure] C/S: 0.750
03/05 22:56 [INFO] cshmd.structure (validate_tetra)          : [Structure] BT: 144, PT: 288
03/05 22:56 [INFO] cshmd.analysis (MCL)                      : [Structure] MCL: inf
03/05 22:56 [INFO] cshmd.builder (update_manager)            : [Structure] Number of atoms: 3240 -> 3312
03/05 22:56 [INFO] /Users/kimuni/bin/csh_builder (main)      : [Structure] Reading command 'dprot_BT'...
03/05 22:56 [INFO] /Users/kimuni/bin/csh_builder (main)      : [Structure] with arguments 'scope: all site: lower'...
03/05 22:56 [INFO] cshmd.structure (check_rm_list)           : [Structure] Delete 72 atoms
03/05 22:56 [DEBUG] cshmd.analysis (__init__)                : [Structure] Now new data setted for get Bonds
03/05 22:56 [DEBUG] cshmd.analysis (__del_bond__)            : loaded
03/05 22:56 [DEBUG] cshmd.analysis (__initialize_mole__)     : loaded
03/05 22:56 [DEBUG] cshmd.analysis (find_bond)               : find_bond O - H 
03/05 22:56 [DEBUG] cshmd.common (time_wrapper)              : [RUNTIME] get_distance_table in 0.245 seconds
03/05 22:56 [DEBUG] cshmd.analysis (get_mole)                : get_mole O - H -> nbonds: 2
03/05 22:56 [DEBUG] cshmd.analysis (find_bond)               : find_bond Si - O 
03/05 22:56 [DEBUG] cshmd.common (time_wrapper)              : [RUNTIME] get_distance_table in 0.134 seconds
03/05 22:56 [DEBUG] cshmd.analysis (get_mole)                : get_mole Si - O -> nbonds: 4
03/05 22:56 [DEBUG] cshmd.analysis (get_mole)                : get_mole O - H -> nbonds: 1
03/05 22:56 [DEBUG] cshmd.analysis (find_bond)               : find_bond C - O 
03/05 22:56 [DEBUG] cshmd.analysis (get_mole)                : get_mole C - O -> nbonds: 3
03/05 22:56 [DEBUG] cshmd.analysis (_check_and_find_co3s)    : [Info]: Searching 'OH' in 'CO3'
03/05 22:56 [DEBUG] cshmd.analysis (_check_and_find_sioh)    : Searching 'OH' in 'SiO4
03/05 22:56 [DEBUG] cshmd.analysis (_check_and_find_sioh)    : point loaded
03/05 22:56 [DEBUG] cshmd.analysis (find_bond)               : find_bond Ca - O 
03/05 22:56 [DEBUG] cshmd.common (time_wrapper)              : [RUNTIME] get_distance_table in 0.124 seconds
03/05 22:56 [DEBUG] cshmd.analysis (find_bond)               : find_bond Si - O 
03/05 22:56 [INFO] cshmd.analysis (Qn)                       : [Structure] Q2: 1.000
03/05 22:56 [INFO] cshmd.analysis (CS)                       : [Structure] C/S: 0.750
03/05 22:56 [INFO] cshmd.structure (validate_tetra)          : [Structure] BT: 144, PT: 288
03/05 22:56 [INFO] cshmd.analysis (MCL)                      : [Structure] MCL: inf
03/05 22:56 [INFO] cshmd.builder (update_manager)            : [Structure] Number of atoms: 3312 -> 3240
03/05 22:56 [INFO] cshmd.structure (writeCif)                : LiH1.cif was created
03/05 22:56 [INFO] cshmd.builder (out_model)                 : Total Charge: 72
03/05 22:56 [INFO] /Users/kimuni/bin/csh_builder (main)      : ----------------------------------------------------------------------
03/05 22:56 [INFO] /Users/kimuni/bin/csh_builder (main)      : ----------------------------------------------------------------------
03/05 22:56 [INFO] cshmd.structure (__init__)                : /Users/kimuni/bin/kimuni/cshmd/data/resources/cif/T14_111_base.cif was loaded
03/05 22:56 [DEBUG] cshmd.analysis (__init__)                : [Structure] Now new data setted for get Bonds
03/05 22:56 [DEBUG] cshmd.analysis (__del_bond__)            : loaded
03/05 22:56 [DEBUG] cshmd.analysis (__initialize_mole__)     : loaded
03/05 22:56 [DEBUG] cshmd.analysis (__init__)                : [Structure] Now new data setted for get Bonds
03/05 22:56 [DEBUG] cshmd.analysis (__del_bond__)            : loaded
03/05 22:56 [DEBUG] cshmd.analysis (__initialize_mole__)     : loaded
03/05 22:56 [DEBUG] cshmd.analysis (find_bond)               : find_bond O - H 
03/05 22:56 [DEBUG] cshmd.common (time_wrapper)              : [RUNTIME] get_distance_table in 0.001 seconds
03/05 22:56 [DEBUG] cshmd.analysis (get_mole)                : get_mole O - H -> nbonds: 2
03/05 22:56 [DEBUG] cshmd.analysis (find_bond)               : find_bond Si - O 
03/05 22:56 [DEBUG] cshmd.common (time_wrapper)              : [RUNTIME] get_distance_table in 0.000 seconds
03/05 22:56 [DEBUG] cshmd.analysis (get_mole)                : get_mole Si - O -> nbonds: 4
03/05 22:56 [DEBUG] cshmd.analysis (get_mole)                : get_mole O - H -> nbonds: 1
03/05 22:56 [DEBUG] cshmd.analysis (find_bond)               : find_bond C - O 
03/05 22:56 [DEBUG] cshmd.analysis (get_mole)                : get_mole C - O -> nbonds: 3
03/05 22:56 [DEBUG] cshmd.analysis (_check_and_find_co3s)    : [Info]: Searching 'OH' in 'CO3'
03/05 22:56 [DEBUG] cshmd.analysis (_check_and_find_sioh)    : Searching 'OH' in 'SiO4
03/05 22:56 [DEBUG] cshmd.analysis (_check_and_find_sioh)    : point loaded
03/05 22:56 [DEBUG] cshmd.analysis (find_bond)               : find_bond Ca - O 
03/05 22:56 [DEBUG] cshmd.common (time_wrapper)              : [RUNTIME] get_distance_table in 0.000 seconds
03/05 22:56 [DEBUG] cshmd.analysis (find_bond)               : find_bond Si - O 
03/05 22:56 [INFO] cshmd.analysis (Qn)                       : [Structure] Q2: 1.000
03/05 22:56 [INFO] cshmd.analysis (CS)                       : [Structure] C/S: 0.750
03/05 22:56 [INFO] cshmd.structure (validate_tetra)          : [Structure] BT: 4, PT: 8
03/05 22:56 [INFO] cshmd.analysis (MCL)                      : [Structure] MCL: inf
03/05 22:56 [INFO] /Users/kimuni/bin/csh_builder (main)      : [Structure] Reading command 'supercell'...
03/05 22:56 [INFO] /Users/kimuni/bin/csh_builder (main)      : [Structure] with arguments 'supercell: [6, 6, 1]'...
03/05 22:56 [INFO] cshmd.structure (makeSupercell)           : [Structure] Supercell created 6 * 6 * 1
03/05 22:56 [DEBUG] cshmd.analysis (__init__)                : [Structure] Now new data setted for get Bonds
03/05 22:56 [DEBUG] cshmd.analysis (__del_bond__)            : loaded
03/05 22:56 [DEBUG] cshmd.analysis (__initialize_mole__)     : loaded
03/05 22:56 [DEBUG] cshmd.analysis (find_bond)               : find_bond O - H 
03/05 22:56 [DEBUG] cshmd.common (time_wrapper)              : [RUNTIME] get_distance_table in 0.265 seconds
03/05 22:56 [DEBUG] cshmd.analysis (get_mole)                : get_mole O - H -> nbonds: 2
03/05 22:56 [DEBUG] cshmd.analysis (find_bond)               : find_bond Si - O 
03/05 22:57 [DEBUG] cshmd.common (time_wrapper)              : [RUNTIME] get_distance_table in 0.134 seconds
03/05 22:57 [DEBUG] cshmd.analysis (get_mole)                : get_mole Si - O -> nbonds: 4
03/05 22:57 [DEBUG] cshmd.analysis (get_mole)                : get_mole O - H -> nbonds: 1
03/05 22:57 [DEBUG] cshmd.analysis (find_bond)               : find_bond C - O 
03/05 22:57 [DEBUG] cshmd.analysis (get_mole)                : get_mole C - O -> nbonds: 3
03/05 22:57 [DEBUG] cshmd.analysis (_check_and_find_co3s)    : [Info]: Searching 'OH' in 'CO3'
03/05 22:57 [DEBUG] cshmd.analysis (_check_and_find_sioh)    : Searching 'OH' in 'SiO4
03/05 22:57 [DEBUG] cshmd.analysis (_check_and_find_sioh)    : point loaded
03/05 22:57 [DEBUG] cshmd.analysis (find_bond)               : find_bond Ca - O 
03/05 22:57 [DEBUG] cshmd.common (time_wrapper)              : [RUNTIME] get_distance_table in 0.109 seconds
03/05 22:57 [DEBUG] cshmd.analysis (find_bond)               : find_bond Si - O 
03/05 22:57 [INFO] cshmd.analysis (Qn)                       : [Structure] Q2: 1.000
03/05 22:57 [INFO] cshmd.analysis (CS)                       : [Structure] C/S: 0.750
03/05 22:57 [INFO] cshmd.structure (validate_tetra)          : [Structure] BT: 144, PT: 288
03/05 22:57 [INFO] cshmd.analysis (MCL)                      : [Structure] MCL: inf
03/05 22:57 [INFO] cshmd.builder (update_manager)            : [Structure] Number of atoms: 90 -> 3240
03/05 22:57 [INFO] /Users/kimuni/bin/csh_builder (main)      : [Structure] Reading command 'add_ca_BT'...
03/05 22:57 [INFO] /Users/kimuni/bin/csh_builder (main)      : [Structure] with arguments 'auto: False'...
03/05 22:57 [INFO] cshmd.builder (add_ca_BT)                 : [Structure] 'Add Ca above all Bridging Tetra'
03/05 22:57 [DEBUG] cshmd.analysis (__init__)                : [Structure] Now new data setted for get Bonds
03/05 22:57 [DEBUG] cshmd.analysis (__del_bond__)            : loaded
03/05 22:57 [DEBUG] cshmd.analysis (__initialize_mole__)     : loaded
03/05 22:57 [DEBUG] cshmd.analysis (find_bond)               : find_bond O - H 
03/05 22:57 [DEBUG] cshmd.common (time_wrapper)              : [RUNTIME] get_distance_table in 0.281 seconds
03/05 22:57 [DEBUG] cshmd.analysis (get_mole)                : get_mole O - H -> nbonds: 2
03/05 22:57 [DEBUG] cshmd.analysis (find_bond)               : find_bond Si - O 
03/05 22:57 [DEBUG] cshmd.common (time_wrapper)              : [RUNTIME] get_distance_table in 0.134 seconds
03/05 22:57 [DEBUG] cshmd.analysis (get_mole)                : get_mole Si - O -> nbonds: 4
03/05 22:57 [DEBUG] cshmd.analysis (get_mole)                : get_mole O - H -> nbonds: 1
03/05 22:57 [DEBUG] cshmd.analysis (find_bond)               : find_bond C - O 
03/05 22:57 [DEBUG] cshmd.analysis (get_mole)                : get_mole C - O -> nbonds: 3
03/05 22:57 [DEBUG] cshmd.analysis (_check_and_find_co3s)    : [Info]: Searching 'OH' in 'CO3'
03/05 22:57 [DEBUG] cshmd.analysis (_check_and_find_sioh)    : Searching 'OH' in 'SiO4
03/05 22:57 [DEBUG] cshmd.analysis (_check_and_find_sioh)    : point loaded
03/05 22:57 [DEBUG] cshmd.analysis (find_bond)               : find_bond Ca - O 
03/05 22:57 [DEBUG] cshmd.common (time_wrapper)              : [RUNTIME] get_distance_table in 0.124 seconds
03/05 22:57 [DEBUG] cshmd.analysis (find_bond)               : find_bond Si - O 
03/05 22:57 [INFO] cshmd.analysis (Qn)                       : [Structure] Q2: 1.000
03/05 22:57 [INFO] cshmd.analysis (CS)                       : [Structure] C/S: 0.750
03/05 22:57 [INFO] cshmd.structure (validate_tetra)          : [Structure] BT: 144, PT: 288
03/05 22:57 [INFO] cshmd.analysis (MCL)                      : [Structure] MCL: inf
03/05 22:57 [INFO] cshmd.builder (update_manager)            : [Structure] Number of atoms: 3240 -> 3312
03/05 22:57 [INFO] cshmd.structure (writeCif)                : LiH2.cif was created
03/05 22:57 [INFO] cshmd.builder (out_model)                 : Total Charge: 144
03/05 22:57 [INFO] /Users/kimuni/bin/csh_builder (main)      : ----------------------------------------------------------------------
03/05 23:00 [INFO] /Users/kimuni/bin/csh_builder (main)      : ----------------------------------------------------------------------
03/05 23:00 [INFO] cshmd.structure (__init__)                : /Users/kimuni/bin/kimuni/cshmd/data/resources/cif/T14_111_base.cif was loaded
03/05 23:00 [DEBUG] cshmd.analysis (__init__)                : [Structure] Now new data setted for get Bonds
03/05 23:00 [DEBUG] cshmd.analysis (__del_bond__)            : loaded
03/05 23:00 [DEBUG] cshmd.analysis (__initialize_mole__)     : loaded
03/05 23:00 [DEBUG] cshmd.analysis (__init__)                : [Structure] Now new data setted for get Bonds
03/05 23:00 [DEBUG] cshmd.analysis (__del_bond__)            : loaded
03/05 23:00 [DEBUG] cshmd.analysis (__initialize_mole__)     : loaded
03/05 23:00 [DEBUG] cshmd.analysis (find_bond)               : find_bond O - H 
03/05 23:00 [DEBUG] cshmd.common (time_wrapper)              : [RUNTIME] get_distance_table in 0.000 seconds
03/05 23:00 [DEBUG] cshmd.analysis (get_mole)                : get_mole O - H -> nbonds: 2
03/05 23:00 [DEBUG] cshmd.analysis (find_bond)               : find_bond Si - O 
03/05 23:00 [DEBUG] cshmd.common (time_wrapper)              : [RUNTIME] get_distance_table in 0.001 seconds
03/05 23:00 [DEBUG] cshmd.analysis (get_mole)                : get_mole Si - O -> nbonds: 4
03/05 23:00 [DEBUG] cshmd.analysis (get_mole)                : get_mole O - H -> nbonds: 1
03/05 23:00 [DEBUG] cshmd.analysis (find_bond)               : find_bond C - O 
03/05 23:00 [DEBUG] cshmd.analysis (get_mole)                : get_mole C - O -> nbonds: 3
03/05 23:00 [DEBUG] cshmd.analysis (_check_and_find_co3s)    : [Info]: Searching 'OH' in 'CO3'
03/05 23:00 [DEBUG] cshmd.analysis (_check_and_find_sioh)    : Searching 'OH' in 'SiO4
03/05 23:00 [DEBUG] cshmd.analysis (_check_and_find_sioh)    : point loaded
03/05 23:00 [DEBUG] cshmd.analysis (find_bond)               : find_bond Ca - O 
03/05 23:00 [DEBUG] cshmd.common (time_wrapper)              : [RUNTIME] get_distance_table in 0.000 seconds
03/05 23:00 [DEBUG] cshmd.analysis (find_bond)               : find_bond Si - O 
03/05 23:00 [INFO] cshmd.analysis (Qn)                       : [Structure] Q2: 1.000
03/05 23:00 [INFO] cshmd.analysis (CS)                       : [Structure] C/S: 0.750
03/05 23:00 [INFO] cshmd.structure (validate_tetra)          : [Structure] BT: 4, PT: 8
03/05 23:00 [INFO] cshmd.analysis (MCL)                      : [Structure] MCL: inf
03/05 23:00 [INFO] /Users/kimuni/bin/csh_builder (main)      : [Structure] Reading command 'supercell'...
03/05 23:00 [INFO] /Users/kimuni/bin/csh_builder (main)      : [Structure] with arguments 'supercell: [6, 6, 1]'...
03/05 23:00 [INFO] cshmd.structure (makeSupercell)           : [Structure] Supercell created 6 * 6 * 1
03/05 23:00 [DEBUG] cshmd.analysis (__init__)                : [Structure] Now new data setted for get Bonds
03/05 23:00 [DEBUG] cshmd.analysis (__del_bond__)            : loaded
03/05 23:00 [DEBUG] cshmd.analysis (__initialize_mole__)     : loaded
03/05 23:00 [DEBUG] cshmd.analysis (find_bond)               : find_bond O - H 
03/05 23:00 [DEBUG] cshmd.common (time_wrapper)              : [RUNTIME] get_distance_table in 0.321 seconds
03/05 23:00 [DEBUG] cshmd.analysis (get_mole)                : get_mole O - H -> nbonds: 2
03/05 23:00 [DEBUG] cshmd.analysis (find_bond)               : find_bond Si - O 
03/05 23:00 [DEBUG] cshmd.common (time_wrapper)              : [RUNTIME] get_distance_table in 0.149 seconds
03/05 23:00 [DEBUG] cshmd.analysis (get_mole)                : get_mole Si - O -> nbonds: 4
03/05 23:00 [DEBUG] cshmd.analysis (get_mole)                : get_mole O - H -> nbonds: 1
03/05 23:00 [DEBUG] cshmd.analysis (find_bond)               : find_bond C - O 
03/05 23:00 [DEBUG] cshmd.analysis (get_mole)                : get_mole C - O -> nbonds: 3
03/05 23:00 [DEBUG] cshmd.analysis (_check_and_find_co3s)    : [Info]: Searching 'OH' in 'CO3'
03/05 23:00 [DEBUG] cshmd.analysis (_check_and_find_sioh)    : Searching 'OH' in 'SiO4
03/05 23:00 [DEBUG] cshmd.analysis (_check_and_find_sioh)    : point loaded
03/05 23:00 [DEBUG] cshmd.analysis (find_bond)               : find_bond Ca - O 
03/05 23:00 [DEBUG] cshmd.common (time_wrapper)              : [RUNTIME] get_distance_table in 0.118 seconds
03/05 23:00 [DEBUG] cshmd.analysis (find_bond)               : find_bond Si - O 
03/05 23:00 [INFO] cshmd.analysis (Qn)                       : [Structure] Q2: 1.000
03/05 23:00 [INFO] cshmd.analysis (CS)                       : [Structure] C/S: 0.750
03/05 23:00 [INFO] cshmd.structure (validate_tetra)          : [Structure] BT: 144, PT: 288
03/05 23:00 [INFO] cshmd.analysis (MCL)                      : [Structure] MCL: inf
03/05 23:00 [INFO] cshmd.builder (update_manager)            : [Structure] Number of atoms: 90 -> 3240
03/05 23:00 [INFO] /Users/kimuni/bin/csh_builder (main)      : [Structure] Reading command 'defect_BT'...
03/05 23:00 [INFO] /Users/kimuni/bin/csh_builder (main)      : [Structure] with arguments 'scope: all termination: False add_Ca: True seed: 109 keep_OH: False'...
03/05 23:00 [INFO] cshmd.builder (defect_BT)                 : [Structure] Termination scope: False
03/05 23:00 [INFO] cshmd.builder (defect_BT)                 : [Structure] Exists 36 Bridging Tetra in 'top' side
03/05 23:00 [INFO] cshmd.builder (defect_BT)                 : [Structure] Exists 36 Bridging Tetra in 'bottom' side
03/05 23:00 [INFO] cshmd.structure (check_rm_list)           : [Structure] Delete 360 atoms
03/05 23:00 [DEBUG] cshmd.analysis (__init__)                : [Structure] Now new data setted for get Bonds
03/05 23:00 [DEBUG] cshmd.analysis (__del_bond__)            : loaded
03/05 23:00 [DEBUG] cshmd.analysis (__initialize_mole__)     : loaded
03/05 23:00 [DEBUG] cshmd.analysis (find_bond)               : find_bond O - H 
03/05 23:00 [DEBUG] cshmd.common (time_wrapper)              : [RUNTIME] get_distance_table in 0.201 seconds
03/05 23:00 [DEBUG] cshmd.analysis (get_mole)                : get_mole O - H -> nbonds: 2
03/05 23:00 [DEBUG] cshmd.analysis (find_bond)               : find_bond Si - O 
03/05 23:00 [DEBUG] cshmd.common (time_wrapper)              : [RUNTIME] get_distance_table in 0.095 seconds
03/05 23:00 [DEBUG] cshmd.analysis (get_mole)                : get_mole Si - O -> nbonds: 4
03/05 23:00 [DEBUG] cshmd.analysis (get_mole)                : get_mole O - H -> nbonds: 1
03/05 23:00 [DEBUG] cshmd.analysis (find_bond)               : find_bond C - O 
03/05 23:00 [DEBUG] cshmd.analysis (get_mole)                : get_mole C - O -> nbonds: 3
03/05 23:00 [DEBUG] cshmd.analysis (_check_and_find_co3s)    : [Info]: Searching 'OH' in 'CO3'
03/05 23:00 [DEBUG] cshmd.analysis (_check_and_find_sioh)    : Searching 'OH' in 'SiO4
03/05 23:00 [DEBUG] cshmd.analysis (_check_and_find_sioh)    : point loaded
03/05 23:00 [DEBUG] cshmd.analysis (find_bond)               : find_bond Ca - O 
03/05 23:00 [DEBUG] cshmd.common (time_wrapper)              : [RUNTIME] get_distance_table in 0.115 seconds
03/05 23:00 [DEBUG] cshmd.analysis (find_bond)               : find_bond Si - O 
03/05 23:00 [INFO] cshmd.analysis (Qn)                       : [Structure] Q1: 0.400
03/05 23:00 [INFO] cshmd.analysis (Qn)                       : [Structure] Q2: 0.600
03/05 23:00 [INFO] cshmd.analysis (CS)                       : [Structure] C/S: 0.900
03/05 23:00 [INFO] cshmd.structure (validate_tetra)          : [Structure] BT: 72, PT: 288
03/05 23:00 [INFO] cshmd.analysis (MCL)                      : [Structure] MCL: 2.000
03/05 23:00 [INFO] cshmd.builder (update_manager)            : [Structure] Number of atoms: 3240 -> 2952
03/05 23:00 [INFO] cshmd.structure (writeCif)                : L2H0.cif was created
03/05 23:00 [INFO] cshmd.builder (out_model)                 : Total Charge: 0
03/05 23:00 [INFO] /Users/kimuni/bin/csh_builder (main)      : ----------------------------------------------------------------------
03/05 23:00 [INFO] /Users/kimuni/bin/csh_builder (main)      : ----------------------------------------------------------------------
03/05 23:00 [INFO] cshmd.structure (__init__)                : /Users/kimuni/bin/kimuni/cshmd/data/resources/cif/T14_111_base.cif was loaded
03/05 23:00 [DEBUG] cshmd.analysis (__init__)                : [Structure] Now new data setted for get Bonds
03/05 23:00 [DEBUG] cshmd.analysis (__del_bond__)            : loaded
03/05 23:00 [DEBUG] cshmd.analysis (__initialize_mole__)     : loaded
03/05 23:00 [DEBUG] cshmd.analysis (__init__)                : [Structure] Now new data setted for get Bonds
03/05 23:00 [DEBUG] cshmd.analysis (__del_bond__)            : loaded
03/05 23:00 [DEBUG] cshmd.analysis (__initialize_mole__)     : loaded
03/05 23:00 [DEBUG] cshmd.analysis (find_bond)               : find_bond O - H 
03/05 23:00 [DEBUG] cshmd.common (time_wrapper)              : [RUNTIME] get_distance_table in 0.000 seconds
03/05 23:00 [DEBUG] cshmd.analysis (get_mole)                : get_mole O - H -> nbonds: 2
03/05 23:00 [DEBUG] cshmd.analysis (find_bond)               : find_bond Si - O 
03/05 23:00 [DEBUG] cshmd.common (time_wrapper)              : [RUNTIME] get_distance_table in 0.000 seconds
03/05 23:00 [DEBUG] cshmd.analysis (get_mole)                : get_mole Si - O -> nbonds: 4
03/05 23:00 [DEBUG] cshmd.analysis (get_mole)                : get_mole O - H -> nbonds: 1
03/05 23:00 [DEBUG] cshmd.analysis (find_bond)               : find_bond C - O 
03/05 23:00 [DEBUG] cshmd.analysis (get_mole)                : get_mole C - O -> nbonds: 3
03/05 23:00 [DEBUG] cshmd.analysis (_check_and_find_co3s)    : [Info]: Searching 'OH' in 'CO3'
03/05 23:00 [DEBUG] cshmd.analysis (_check_and_find_sioh)    : Searching 'OH' in 'SiO4
03/05 23:00 [DEBUG] cshmd.analysis (_check_and_find_sioh)    : point loaded
03/05 23:00 [DEBUG] cshmd.analysis (find_bond)               : find_bond Ca - O 
03/05 23:00 [DEBUG] cshmd.common (time_wrapper)              : [RUNTIME] get_distance_table in 0.000 seconds
03/05 23:00 [DEBUG] cshmd.analysis (find_bond)               : find_bond Si - O 
03/05 23:00 [INFO] cshmd.analysis (Qn)                       : [Structure] Q2: 1.000
03/05 23:00 [INFO] cshmd.analysis (CS)                       : [Structure] C/S: 0.750
03/05 23:00 [INFO] cshmd.structure (validate_tetra)          : [Structure] BT: 4, PT: 8
03/05 23:00 [INFO] cshmd.analysis (MCL)                      : [Structure] MCL: inf
03/05 23:00 [INFO] /Users/kimuni/bin/csh_builder (main)      : [Structure] Reading command 'supercell'...
03/05 23:00 [INFO] /Users/kimuni/bin/csh_builder (main)      : [Structure] with arguments 'supercell: [6, 6, 1]'...
03/05 23:00 [INFO] cshmd.structure (makeSupercell)           : [Structure] Supercell created 6 * 6 * 1
03/05 23:00 [DEBUG] cshmd.analysis (__init__)                : [Structure] Now new data setted for get Bonds
03/05 23:00 [DEBUG] cshmd.analysis (__del_bond__)            : loaded
03/05 23:00 [DEBUG] cshmd.analysis (__initialize_mole__)     : loaded
03/05 23:00 [DEBUG] cshmd.analysis (find_bond)               : find_bond O - H 
03/05 23:00 [DEBUG] cshmd.common (time_wrapper)              : [RUNTIME] get_distance_table in 0.266 seconds
03/05 23:00 [DEBUG] cshmd.analysis (get_mole)                : get_mole O - H -> nbonds: 2
03/05 23:00 [DEBUG] cshmd.analysis (find_bond)               : find_bond Si - O 
03/05 23:00 [DEBUG] cshmd.common (time_wrapper)              : [RUNTIME] get_distance_table in 0.148 seconds
03/05 23:00 [DEBUG] cshmd.analysis (get_mole)                : get_mole Si - O -> nbonds: 4
03/05 23:00 [DEBUG] cshmd.analysis (get_mole)                : get_mole O - H -> nbonds: 1
03/05 23:00 [DEBUG] cshmd.analysis (find_bond)               : find_bond C - O 
03/05 23:00 [DEBUG] cshmd.analysis (get_mole)                : get_mole C - O -> nbonds: 3
03/05 23:00 [DEBUG] cshmd.analysis (_check_and_find_co3s)    : [Info]: Searching 'OH' in 'CO3'
03/05 23:00 [DEBUG] cshmd.analysis (_check_and_find_sioh)    : Searching 'OH' in 'SiO4
03/05 23:00 [DEBUG] cshmd.analysis (_check_and_find_sioh)    : point loaded
03/05 23:00 [DEBUG] cshmd.analysis (find_bond)               : find_bond Ca - O 
03/05 23:00 [DEBUG] cshmd.common (time_wrapper)              : [RUNTIME] get_distance_table in 0.096 seconds
03/05 23:00 [DEBUG] cshmd.analysis (find_bond)               : find_bond Si - O 
03/05 23:00 [INFO] cshmd.analysis (Qn)                       : [Structure] Q2: 1.000
03/05 23:00 [INFO] cshmd.analysis (CS)                       : [Structure] C/S: 0.750
03/05 23:00 [INFO] cshmd.structure (validate_tetra)          : [Structure] BT: 144, PT: 288
03/05 23:00 [INFO] cshmd.analysis (MCL)                      : [Structure] MCL: inf
03/05 23:00 [INFO] cshmd.builder (update_manager)            : [Structure] Number of atoms: 90 -> 3240
03/05 23:00 [INFO] /Users/kimuni/bin/csh_builder (main)      : [Structure] Reading command 'defect_BT'...
03/05 23:00 [INFO] /Users/kimuni/bin/csh_builder (main)      : [Structure] with arguments 'scope: half termination: True add_Ca: True seed: 109 keep_OH: False'...
03/05 23:00 [INFO] cshmd.builder (defect_BT)                 : [Structure] Termination scope: True
03/05 23:00 [INFO] cshmd.builder (defect_BT)                 : [Structure] Exists 36 Bridging Tetra in 'top' side
03/05 23:00 [INFO] cshmd.builder (defect_BT)                 : [Structure] Remove 18 Bridging Tetra of 'top' side
03/05 23:00 [INFO] cshmd.builder (defect_BT)                 : [Structure] Exists 36 Bridging Tetra in 'bottom' side
03/05 23:00 [INFO] cshmd.builder (defect_BT)                 : [Structure] Remove 18 Bridging Tetra of 'bottom' side
03/05 23:00 [INFO] cshmd.structure (check_rm_list)           : [Structure] Delete 180 atoms
03/05 23:00 [DEBUG] cshmd.analysis (__init__)                : [Structure] Now new data setted for get Bonds
03/05 23:00 [DEBUG] cshmd.analysis (__del_bond__)            : loaded
03/05 23:00 [DEBUG] cshmd.analysis (__initialize_mole__)     : loaded
03/05 23:00 [DEBUG] cshmd.analysis (find_bond)               : find_bond O - H 
03/05 23:00 [DEBUG] cshmd.common (time_wrapper)              : [RUNTIME] get_distance_table in 0.255 seconds
03/05 23:00 [DEBUG] cshmd.analysis (get_mole)                : get_mole O - H -> nbonds: 2
03/05 23:00 [DEBUG] cshmd.analysis (find_bond)               : find_bond Si - O 
03/05 23:00 [DEBUG] cshmd.common (time_wrapper)              : [RUNTIME] get_distance_table in 0.109 seconds
03/05 23:00 [DEBUG] cshmd.analysis (get_mole)                : get_mole Si - O -> nbonds: 4
03/05 23:00 [DEBUG] cshmd.analysis (get_mole)                : get_mole O - H -> nbonds: 1
03/05 23:00 [DEBUG] cshmd.analysis (find_bond)               : find_bond C - O 
03/05 23:00 [DEBUG] cshmd.analysis (get_mole)                : get_mole C - O -> nbonds: 3
03/05 23:00 [DEBUG] cshmd.analysis (_check_and_find_co3s)    : [Info]: Searching 'OH' in 'CO3'
03/05 23:00 [DEBUG] cshmd.analysis (_check_and_find_sioh)    : Searching 'OH' in 'SiO4
03/05 23:00 [DEBUG] cshmd.analysis (_check_and_find_sioh)    : point loaded
03/05 23:00 [DEBUG] cshmd.analysis (find_bond)               : find_bond Ca - O 
03/05 23:00 [DEBUG] cshmd.common (time_wrapper)              : [RUNTIME] get_distance_table in 0.102 seconds
03/05 23:00 [DEBUG] cshmd.analysis (find_bond)               : find_bond Si - O 
03/05 23:00 [INFO] cshmd.analysis (Qn)                       : [Structure] Q1: 0.182
03/05 23:00 [INFO] cshmd.analysis (Qn)                       : [Structure] Q2: 0.818
03/05 23:00 [INFO] cshmd.analysis (CS)                       : [Structure] C/S: 0.818
03/05 23:00 [INFO] cshmd.structure (validate_tetra)          : [Structure] BT: 108, PT: 288
03/05 23:00 [INFO] cshmd.analysis (MCL)                      : [Structure] MCL: 5.000
03/05 23:00 [INFO] cshmd.builder (update_manager)            : [Structure] Number of atoms: 3240 -> 3168
03/05 23:00 [INFO] /Users/kimuni/bin/csh_builder (main)      : [Structure] Reading command 'defect_BT'...
03/05 23:00 [INFO] /Users/kimuni/bin/csh_builder (main)      : [Structure] with arguments 'scope: all termination: False add_Ca: True seed: 109 keep_OH: False'...
03/05 23:00 [INFO] cshmd.builder (defect_BT)                 : [Structure] Termination scope: False
03/05 23:00 [INFO] cshmd.builder (defect_BT)                 : [Structure] Exists 18 Bridging Tetra in 'top' side
03/05 23:00 [INFO] cshmd.builder (defect_BT)                 : [Structure] Exists 18 Bridging Tetra in 'bottom' side
03/05 23:00 [INFO] cshmd.structure (check_rm_list)           : [Structure] Delete 180 atoms
03/05 23:00 [DEBUG] cshmd.analysis (__init__)                : [Structure] Now new data setted for get Bonds
03/05 23:00 [DEBUG] cshmd.analysis (__del_bond__)            : loaded
03/05 23:00 [DEBUG] cshmd.analysis (__initialize_mole__)     : loaded
03/05 23:00 [DEBUG] cshmd.analysis (find_bond)               : find_bond O - H 
03/05 23:00 [DEBUG] cshmd.common (time_wrapper)              : [RUNTIME] get_distance_table in 0.223 seconds
03/05 23:00 [DEBUG] cshmd.analysis (get_mole)                : get_mole O - H -> nbonds: 2
03/05 23:00 [DEBUG] cshmd.analysis (find_bond)               : find_bond Si - O 
03/05 23:00 [DEBUG] cshmd.common (time_wrapper)              : [RUNTIME] get_distance_table in 0.107 seconds
03/05 23:00 [DEBUG] cshmd.analysis (get_mole)                : get_mole Si - O -> nbonds: 4
03/05 23:00 [DEBUG] cshmd.analysis (get_mole)                : get_mole O - H -> nbonds: 1
03/05 23:00 [DEBUG] cshmd.analysis (find_bond)               : find_bond C - O 
03/05 23:00 [DEBUG] cshmd.analysis (get_mole)                : get_mole C - O -> nbonds: 3
03/05 23:00 [DEBUG] cshmd.analysis (_check_and_find_co3s)    : [Info]: Searching 'OH' in 'CO3'
03/05 23:00 [DEBUG] cshmd.analysis (_check_and_find_sioh)    : Searching 'OH' in 'SiO4
03/05 23:00 [DEBUG] cshmd.analysis (_check_and_find_sioh)    : point loaded
03/05 23:00 [DEBUG] cshmd.analysis (find_bond)               : find_bond Ca - O 
03/05 23:00 [DEBUG] cshmd.common (time_wrapper)              : [RUNTIME] get_distance_table in 0.107 seconds
03/05 23:00 [DEBUG] cshmd.analysis (find_bond)               : find_bond Si - O 
03/05 23:00 [INFO] cshmd.analysis (Qn)                       : [Structure] Q1: 0.400
03/05 23:00 [INFO] cshmd.analysis (Qn)                       : [Structure] Q2: 0.600
03/05 23:00 [INFO] cshmd.analysis (CS)                       : [Structure] C/S: 0.900
03/05 23:00 [INFO] cshmd.structure (validate_tetra)          : [Structure] BT: 72, PT: 288
03/05 23:00 [INFO] cshmd.analysis (MCL)                      : [Structure] MCL: 2.000
03/05 23:00 [INFO] cshmd.builder (update_manager)            : [Structure] Number of atoms: 3168 -> 3024
03/05 23:00 [INFO] cshmd.structure (writeCif)                : L2H0H2.cif was created
03/05 23:00 [INFO] cshmd.builder (out_model)                 : Total Charge: 72
03/05 23:00 [INFO] /Users/kimuni/bin/csh_builder (main)      : ----------------------------------------------------------------------
03/05 23:00 [INFO] /Users/kimuni/bin/csh_builder (main)      : ----------------------------------------------------------------------
03/05 23:00 [INFO] cshmd.structure (__init__)                : /Users/kimuni/bin/kimuni/cshmd/data/resources/cif/T14_111_base.cif was loaded
03/05 23:00 [DEBUG] cshmd.analysis (__init__)                : [Structure] Now new data setted for get Bonds
03/05 23:00 [DEBUG] cshmd.analysis (__del_bond__)            : loaded
03/05 23:00 [DEBUG] cshmd.analysis (__initialize_mole__)     : loaded
03/05 23:00 [DEBUG] cshmd.analysis (__init__)                : [Structure] Now new data setted for get Bonds
03/05 23:00 [DEBUG] cshmd.analysis (__del_bond__)            : loaded
03/05 23:00 [DEBUG] cshmd.analysis (__initialize_mole__)     : loaded
03/05 23:00 [DEBUG] cshmd.analysis (find_bond)               : find_bond O - H 
03/05 23:00 [DEBUG] cshmd.common (time_wrapper)              : [RUNTIME] get_distance_table in 0.000 seconds
03/05 23:00 [DEBUG] cshmd.analysis (get_mole)                : get_mole O - H -> nbonds: 2
03/05 23:00 [DEBUG] cshmd.analysis (find_bond)               : find_bond Si - O 
03/05 23:00 [DEBUG] cshmd.common (time_wrapper)              : [RUNTIME] get_distance_table in 0.000 seconds
03/05 23:00 [DEBUG] cshmd.analysis (get_mole)                : get_mole Si - O -> nbonds: 4
03/05 23:00 [DEBUG] cshmd.analysis (get_mole)                : get_mole O - H -> nbonds: 1
03/05 23:00 [DEBUG] cshmd.analysis (find_bond)               : find_bond C - O 
03/05 23:00 [DEBUG] cshmd.analysis (get_mole)                : get_mole C - O -> nbonds: 3
03/05 23:00 [DEBUG] cshmd.analysis (_check_and_find_co3s)    : [Info]: Searching 'OH' in 'CO3'
03/05 23:00 [DEBUG] cshmd.analysis (_check_and_find_sioh)    : Searching 'OH' in 'SiO4
03/05 23:00 [DEBUG] cshmd.analysis (_check_and_find_sioh)    : point loaded
03/05 23:00 [DEBUG] cshmd.analysis (find_bond)               : find_bond Ca - O 
03/05 23:00 [DEBUG] cshmd.common (time_wrapper)              : [RUNTIME] get_distance_table in 0.000 seconds
03/05 23:00 [DEBUG] cshmd.analysis (find_bond)               : find_bond Si - O 
03/05 23:00 [INFO] cshmd.analysis (Qn)                       : [Structure] Q2: 1.000
03/05 23:00 [INFO] cshmd.analysis (CS)                       : [Structure] C/S: 0.750
03/05 23:00 [INFO] cshmd.structure (validate_tetra)          : [Structure] BT: 4, PT: 8
03/05 23:00 [INFO] cshmd.analysis (MCL)                      : [Structure] MCL: inf
03/05 23:00 [INFO] /Users/kimuni/bin/csh_builder (main)      : [Structure] Reading command 'supercell'...
03/05 23:00 [INFO] /Users/kimuni/bin/csh_builder (main)      : [Structure] with arguments 'supercell: [6, 6, 1]'...
03/05 23:00 [INFO] cshmd.structure (makeSupercell)           : [Structure] Supercell created 6 * 6 * 1
03/05 23:00 [DEBUG] cshmd.analysis (__init__)                : [Structure] Now new data setted for get Bonds
03/05 23:00 [DEBUG] cshmd.analysis (__del_bond__)            : loaded
03/05 23:00 [DEBUG] cshmd.analysis (__initialize_mole__)     : loaded
03/05 23:00 [DEBUG] cshmd.analysis (find_bond)               : find_bond O - H 
03/05 23:00 [DEBUG] cshmd.common (time_wrapper)              : [RUNTIME] get_distance_table in 0.272 seconds
03/05 23:00 [DEBUG] cshmd.analysis (get_mole)                : get_mole O - H -> nbonds: 2
03/05 23:00 [DEBUG] cshmd.analysis (find_bond)               : find_bond Si - O 
03/05 23:00 [DEBUG] cshmd.common (time_wrapper)              : [RUNTIME] get_distance_table in 0.148 seconds
03/05 23:00 [DEBUG] cshmd.analysis (get_mole)                : get_mole Si - O -> nbonds: 4
03/05 23:00 [DEBUG] cshmd.analysis (get_mole)                : get_mole O - H -> nbonds: 1
03/05 23:00 [DEBUG] cshmd.analysis (find_bond)               : find_bond C - O 
03/05 23:00 [DEBUG] cshmd.analysis (get_mole)                : get_mole C - O -> nbonds: 3
03/05 23:00 [DEBUG] cshmd.analysis (_check_and_find_co3s)    : [Info]: Searching 'OH' in 'CO3'
03/05 23:00 [DEBUG] cshmd.analysis (_check_and_find_sioh)    : Searching 'OH' in 'SiO4
03/05 23:00 [DEBUG] cshmd.analysis (_check_and_find_sioh)    : point loaded
03/05 23:00 [DEBUG] cshmd.analysis (find_bond)               : find_bond Ca - O 
03/05 23:00 [DEBUG] cshmd.common (time_wrapper)              : [RUNTIME] get_distance_table in 0.096 seconds
03/05 23:00 [DEBUG] cshmd.analysis (find_bond)               : find_bond Si - O 
03/05 23:00 [INFO] cshmd.analysis (Qn)                       : [Structure] Q2: 1.000
03/05 23:00 [INFO] cshmd.analysis (CS)                       : [Structure] C/S: 0.750
03/05 23:00 [INFO] cshmd.structure (validate_tetra)          : [Structure] BT: 144, PT: 288
03/05 23:00 [INFO] cshmd.analysis (MCL)                      : [Structure] MCL: inf
03/05 23:00 [INFO] cshmd.builder (update_manager)            : [Structure] Number of atoms: 90 -> 3240
03/05 23:00 [INFO] /Users/kimuni/bin/csh_builder (main)      : [Structure] Reading command 'defect_BT'...
03/05 23:00 [INFO] /Users/kimuni/bin/csh_builder (main)      : [Structure] with arguments 'scope: all termination: half add_Ca: True seed: 109 keep_OH: False'...
03/05 23:00 [INFO] cshmd.builder (defect_BT)                 : [Structure] Termination scope: 'half'
03/05 23:00 [INFO] cshmd.builder (defect_BT)                 : [Structure] Exists 36 Bridging Tetra in 'top' side
03/05 23:00 [INFO] cshmd.builder (defect_BT)                 : [Structure] Exists 36 Bridging Tetra in 'bottom' side
03/05 23:00 [INFO] cshmd.structure (check_rm_list)           : [Structure] Delete 360 atoms
03/05 23:00 [DEBUG] cshmd.analysis (__init__)                : [Structure] Now new data setted for get Bonds
03/05 23:00 [DEBUG] cshmd.analysis (__del_bond__)            : loaded
03/05 23:00 [DEBUG] cshmd.analysis (__initialize_mole__)     : loaded
03/05 23:00 [DEBUG] cshmd.analysis (find_bond)               : find_bond O - H 
03/05 23:00 [DEBUG] cshmd.common (time_wrapper)              : [RUNTIME] get_distance_table in 0.218 seconds
03/05 23:00 [DEBUG] cshmd.analysis (get_mole)                : get_mole O - H -> nbonds: 2
03/05 23:00 [DEBUG] cshmd.analysis (find_bond)               : find_bond Si - O 
03/05 23:00 [DEBUG] cshmd.common (time_wrapper)              : [RUNTIME] get_distance_table in 0.119 seconds
03/05 23:00 [DEBUG] cshmd.analysis (get_mole)                : get_mole Si - O -> nbonds: 4
03/05 23:00 [DEBUG] cshmd.analysis (get_mole)                : get_mole O - H -> nbonds: 1
03/05 23:00 [DEBUG] cshmd.analysis (find_bond)               : find_bond C - O 
03/05 23:00 [DEBUG] cshmd.analysis (get_mole)                : get_mole C - O -> nbonds: 3
03/05 23:00 [DEBUG] cshmd.analysis (_check_and_find_co3s)    : [Info]: Searching 'OH' in 'CO3'
03/05 23:00 [DEBUG] cshmd.analysis (_check_and_find_sioh)    : Searching 'OH' in 'SiO4
03/05 23:00 [DEBUG] cshmd.analysis (_check_and_find_sioh)    : point loaded
03/05 23:00 [DEBUG] cshmd.analysis (find_bond)               : find_bond Ca - O 
03/05 23:00 [DEBUG] cshmd.common (time_wrapper)              : [RUNTIME] get_distance_table in 0.111 seconds
03/05 23:00 [DEBUG] cshmd.analysis (find_bond)               : find_bond Si - O 
03/05 23:00 [INFO] cshmd.analysis (Qn)                       : [Structure] Q1: 0.400
03/05 23:00 [INFO] cshmd.analysis (Qn)                       : [Structure] Q2: 0.600
03/05 23:00 [INFO] cshmd.analysis (CS)                       : [Structure] C/S: 0.900
03/05 23:00 [INFO] cshmd.structure (validate_tetra)          : [Structure] BT: 72, PT: 288
03/05 23:00 [INFO] cshmd.analysis (MCL)                      : [Structure] MCL: 2.000
03/05 23:00 [INFO] cshmd.builder (update_manager)            : [Structure] Number of atoms: 3240 -> 3024
03/05 23:00 [INFO] cshmd.structure (writeCif)                : L2H1.cif was created
03/05 23:00 [INFO] cshmd.builder (out_model)                 : Total Charge: 72
03/05 23:00 [INFO] /Users/kimuni/bin/csh_builder (main)      : ----------------------------------------------------------------------
03/05 23:00 [INFO] /Users/kimuni/bin/csh_builder (main)      : ----------------------------------------------------------------------
03/05 23:00 [INFO] cshmd.structure (__init__)                : /Users/kimuni/bin/kimuni/cshmd/data/resources/cif/T14_111_base.cif was loaded
03/05 23:00 [DEBUG] cshmd.analysis (__init__)                : [Structure] Now new data setted for get Bonds
03/05 23:00 [DEBUG] cshmd.analysis (__del_bond__)            : loaded
03/05 23:00 [DEBUG] cshmd.analysis (__initialize_mole__)     : loaded
03/05 23:00 [DEBUG] cshmd.analysis (__init__)                : [Structure] Now new data setted for get Bonds
03/05 23:00 [DEBUG] cshmd.analysis (__del_bond__)            : loaded
03/05 23:00 [DEBUG] cshmd.analysis (__initialize_mole__)     : loaded
03/05 23:00 [DEBUG] cshmd.analysis (find_bond)               : find_bond O - H 
03/05 23:00 [DEBUG] cshmd.common (time_wrapper)              : [RUNTIME] get_distance_table in 0.000 seconds
03/05 23:00 [DEBUG] cshmd.analysis (get_mole)                : get_mole O - H -> nbonds: 2
03/05 23:00 [DEBUG] cshmd.analysis (find_bond)               : find_bond Si - O 
03/05 23:00 [DEBUG] cshmd.common (time_wrapper)              : [RUNTIME] get_distance_table in 0.000 seconds
03/05 23:00 [DEBUG] cshmd.analysis (get_mole)                : get_mole Si - O -> nbonds: 4
03/05 23:00 [DEBUG] cshmd.analysis (get_mole)                : get_mole O - H -> nbonds: 1
03/05 23:00 [DEBUG] cshmd.analysis (find_bond)               : find_bond C - O 
03/05 23:00 [DEBUG] cshmd.analysis (get_mole)                : get_mole C - O -> nbonds: 3
03/05 23:00 [DEBUG] cshmd.analysis (_check_and_find_co3s)    : [Info]: Searching 'OH' in 'CO3'
03/05 23:00 [DEBUG] cshmd.analysis (_check_and_find_sioh)    : Searching 'OH' in 'SiO4
03/05 23:00 [DEBUG] cshmd.analysis (_check_and_find_sioh)    : point loaded
03/05 23:00 [DEBUG] cshmd.analysis (find_bond)               : find_bond Ca - O 
03/05 23:00 [DEBUG] cshmd.common (time_wrapper)              : [RUNTIME] get_distance_table in 0.000 seconds
03/05 23:00 [DEBUG] cshmd.analysis (find_bond)               : find_bond Si - O 
03/05 23:00 [INFO] cshmd.analysis (Qn)                       : [Structure] Q2: 1.000
03/05 23:00 [INFO] cshmd.analysis (CS)                       : [Structure] C/S: 0.750
03/05 23:00 [INFO] cshmd.structure (validate_tetra)          : [Structure] BT: 4, PT: 8
03/05 23:00 [INFO] cshmd.analysis (MCL)                      : [Structure] MCL: inf
03/05 23:00 [INFO] /Users/kimuni/bin/csh_builder (main)      : [Structure] Reading command 'supercell'...
03/05 23:00 [INFO] /Users/kimuni/bin/csh_builder (main)      : [Structure] with arguments 'supercell: [6, 6, 1]'...
03/05 23:00 [INFO] cshmd.structure (makeSupercell)           : [Structure] Supercell created 6 * 6 * 1
03/05 23:00 [DEBUG] cshmd.analysis (__init__)                : [Structure] Now new data setted for get Bonds
03/05 23:00 [DEBUG] cshmd.analysis (__del_bond__)            : loaded
03/05 23:00 [DEBUG] cshmd.analysis (__initialize_mole__)     : loaded
03/05 23:00 [DEBUG] cshmd.analysis (find_bond)               : find_bond O - H 
03/05 23:00 [DEBUG] cshmd.common (time_wrapper)              : [RUNTIME] get_distance_table in 0.264 seconds
03/05 23:00 [DEBUG] cshmd.analysis (get_mole)                : get_mole O - H -> nbonds: 2
03/05 23:00 [DEBUG] cshmd.analysis (find_bond)               : find_bond Si - O 
03/05 23:00 [DEBUG] cshmd.common (time_wrapper)              : [RUNTIME] get_distance_table in 0.133 seconds
03/05 23:00 [DEBUG] cshmd.analysis (get_mole)                : get_mole Si - O -> nbonds: 4
03/05 23:00 [DEBUG] cshmd.analysis (get_mole)                : get_mole O - H -> nbonds: 1
03/05 23:00 [DEBUG] cshmd.analysis (find_bond)               : find_bond C - O 
03/05 23:00 [DEBUG] cshmd.analysis (get_mole)                : get_mole C - O -> nbonds: 3
03/05 23:00 [DEBUG] cshmd.analysis (_check_and_find_co3s)    : [Info]: Searching 'OH' in 'CO3'
03/05 23:00 [DEBUG] cshmd.analysis (_check_and_find_sioh)    : Searching 'OH' in 'SiO4
03/05 23:00 [DEBUG] cshmd.analysis (_check_and_find_sioh)    : point loaded
03/05 23:00 [DEBUG] cshmd.analysis (find_bond)               : find_bond Ca - O 
03/05 23:00 [DEBUG] cshmd.common (time_wrapper)              : [RUNTIME] get_distance_table in 0.103 seconds
03/05 23:00 [DEBUG] cshmd.analysis (find_bond)               : find_bond Si - O 
03/05 23:00 [INFO] cshmd.analysis (Qn)                       : [Structure] Q2: 1.000
03/05 23:00 [INFO] cshmd.analysis (CS)                       : [Structure] C/S: 0.750
03/05 23:00 [INFO] cshmd.structure (validate_tetra)          : [Structure] BT: 144, PT: 288
03/05 23:00 [INFO] cshmd.analysis (MCL)                      : [Structure] MCL: inf
03/05 23:00 [INFO] cshmd.builder (update_manager)            : [Structure] Number of atoms: 90 -> 3240
03/05 23:00 [INFO] /Users/kimuni/bin/csh_builder (main)      : [Structure] Reading command 'defect_BT'...
03/05 23:00 [INFO] /Users/kimuni/bin/csh_builder (main)      : [Structure] with arguments 'scope: all termination: True add_Ca: True seed: 109 keep_OH: False'...
03/05 23:00 [INFO] cshmd.builder (defect_BT)                 : [Structure] Termination scope: True
03/05 23:00 [INFO] cshmd.builder (defect_BT)                 : [Structure] Exists 36 Bridging Tetra in 'top' side
03/05 23:00 [INFO] cshmd.builder (defect_BT)                 : [Structure] Exists 36 Bridging Tetra in 'bottom' side
03/05 23:00 [INFO] cshmd.structure (check_rm_list)           : [Structure] Delete 360 atoms
03/05 23:00 [DEBUG] cshmd.analysis (__init__)                : [Structure] Now new data setted for get Bonds
03/05 23:00 [DEBUG] cshmd.analysis (__del_bond__)            : loaded
03/05 23:00 [DEBUG] cshmd.analysis (__initialize_mole__)     : loaded
03/05 23:00 [DEBUG] cshmd.analysis (find_bond)               : find_bond O - H 
03/05 23:00 [DEBUG] cshmd.common (time_wrapper)              : [RUNTIME] get_distance_table in 0.246 seconds
03/05 23:00 [DEBUG] cshmd.analysis (get_mole)                : get_mole O - H -> nbonds: 2
03/05 23:00 [DEBUG] cshmd.analysis (find_bond)               : find_bond Si - O 
03/05 23:00 [DEBUG] cshmd.common (time_wrapper)              : [RUNTIME] get_distance_table in 0.118 seconds
03/05 23:00 [DEBUG] cshmd.analysis (get_mole)                : get_mole Si - O -> nbonds: 4
03/05 23:00 [DEBUG] cshmd.analysis (get_mole)                : get_mole O - H -> nbonds: 1
03/05 23:00 [DEBUG] cshmd.analysis (find_bond)               : find_bond C - O 
03/05 23:00 [DEBUG] cshmd.analysis (get_mole)                : get_mole C - O -> nbonds: 3
03/05 23:00 [DEBUG] cshmd.analysis (_check_and_find_co3s)    : [Info]: Searching 'OH' in 'CO3'
03/05 23:00 [DEBUG] cshmd.analysis (_check_and_find_sioh)    : Searching 'OH' in 'SiO4
03/05 23:00 [DEBUG] cshmd.analysis (_check_and_find_sioh)    : point loaded
03/05 23:00 [DEBUG] cshmd.analysis (find_bond)               : find_bond Ca - O 
03/05 23:00 [DEBUG] cshmd.common (time_wrapper)              : [RUNTIME] get_distance_table in 0.104 seconds
03/05 23:00 [DEBUG] cshmd.analysis (find_bond)               : find_bond Si - O 
03/05 23:00 [INFO] cshmd.analysis (Qn)                       : [Structure] Q1: 0.400
03/05 23:00 [INFO] cshmd.analysis (Qn)                       : [Structure] Q2: 0.600
03/05 23:00 [INFO] cshmd.analysis (CS)                       : [Structure] C/S: 0.900
03/05 23:00 [INFO] cshmd.structure (validate_tetra)          : [Structure] BT: 72, PT: 288
03/05 23:00 [INFO] cshmd.analysis (MCL)                      : [Structure] MCL: 2.000
03/05 23:00 [INFO] cshmd.builder (update_manager)            : [Structure] Number of atoms: 3240 -> 3096
03/05 23:00 [INFO] cshmd.structure (writeCif)                : L2H2.cif was created
03/05 23:00 [INFO] cshmd.builder (out_model)                 : Total Charge: 144
03/05 23:00 [INFO] /Users/kimuni/bin/csh_builder (main)      : ----------------------------------------------------------------------
03/05 23:00 [INFO] /Users/kimuni/bin/csh_builder (main)      : ----------------------------------------------------------------------
03/05 23:00 [INFO] cshmd.structure (__init__)                : /Users/kimuni/bin/kimuni/cshmd/data/resources/cif/T14_111_base.cif was loaded
03/05 23:00 [DEBUG] cshmd.analysis (__init__)                : [Structure] Now new data setted for get Bonds
03/05 23:00 [DEBUG] cshmd.analysis (__del_bond__)            : loaded
03/05 23:00 [DEBUG] cshmd.analysis (__initialize_mole__)     : loaded
03/05 23:00 [DEBUG] cshmd.analysis (__init__)                : [Structure] Now new data setted for get Bonds
03/05 23:00 [DEBUG] cshmd.analysis (__del_bond__)            : loaded
03/05 23:00 [DEBUG] cshmd.analysis (__initialize_mole__)     : loaded
03/05 23:00 [DEBUG] cshmd.analysis (find_bond)               : find_bond O - H 
03/05 23:00 [DEBUG] cshmd.common (time_wrapper)              : [RUNTIME] get_distance_table in 0.000 seconds
03/05 23:00 [DEBUG] cshmd.analysis (get_mole)                : get_mole O - H -> nbonds: 2
03/05 23:00 [DEBUG] cshmd.analysis (find_bond)               : find_bond Si - O 
03/05 23:00 [DEBUG] cshmd.common (time_wrapper)              : [RUNTIME] get_distance_table in 0.000 seconds
03/05 23:00 [DEBUG] cshmd.analysis (get_mole)                : get_mole Si - O -> nbonds: 4
03/05 23:00 [DEBUG] cshmd.analysis (get_mole)                : get_mole O - H -> nbonds: 1
03/05 23:00 [DEBUG] cshmd.analysis (find_bond)               : find_bond C - O 
03/05 23:00 [DEBUG] cshmd.analysis (get_mole)                : get_mole C - O -> nbonds: 3
03/05 23:00 [DEBUG] cshmd.analysis (_check_and_find_co3s)    : [Info]: Searching 'OH' in 'CO3'
03/05 23:00 [DEBUG] cshmd.analysis (_check_and_find_sioh)    : Searching 'OH' in 'SiO4
03/05 23:00 [DEBUG] cshmd.analysis (_check_and_find_sioh)    : point loaded
03/05 23:00 [DEBUG] cshmd.analysis (find_bond)               : find_bond Ca - O 
03/05 23:00 [DEBUG] cshmd.common (time_wrapper)              : [RUNTIME] get_distance_table in 0.000 seconds
03/05 23:00 [DEBUG] cshmd.analysis (find_bond)               : find_bond Si - O 
03/05 23:00 [INFO] cshmd.analysis (Qn)                       : [Structure] Q2: 1.000
03/05 23:00 [INFO] cshmd.analysis (CS)                       : [Structure] C/S: 0.750
03/05 23:00 [INFO] cshmd.structure (validate_tetra)          : [Structure] BT: 4, PT: 8
03/05 23:00 [INFO] cshmd.analysis (MCL)                      : [Structure] MCL: inf
03/05 23:00 [INFO] /Users/kimuni/bin/csh_builder (main)      : [Structure] Reading command 'supercell'...
03/05 23:00 [INFO] /Users/kimuni/bin/csh_builder (main)      : [Structure] with arguments 'supercell: [6, 6, 1]'...
03/05 23:00 [INFO] cshmd.structure (makeSupercell)           : [Structure] Supercell created 6 * 6 * 1
03/05 23:00 [DEBUG] cshmd.analysis (__init__)                : [Structure] Now new data setted for get Bonds
03/05 23:00 [DEBUG] cshmd.analysis (__del_bond__)            : loaded
03/05 23:00 [DEBUG] cshmd.analysis (__initialize_mole__)     : loaded
03/05 23:00 [DEBUG] cshmd.analysis (find_bond)               : find_bond O - H 
03/05 23:00 [DEBUG] cshmd.common (time_wrapper)              : [RUNTIME] get_distance_table in 0.262 seconds
03/05 23:00 [DEBUG] cshmd.analysis (get_mole)                : get_mole O - H -> nbonds: 2
03/05 23:00 [DEBUG] cshmd.analysis (find_bond)               : find_bond Si - O 
03/05 23:00 [DEBUG] cshmd.common (time_wrapper)              : [RUNTIME] get_distance_table in 0.131 seconds
03/05 23:00 [DEBUG] cshmd.analysis (get_mole)                : get_mole Si - O -> nbonds: 4
03/05 23:00 [DEBUG] cshmd.analysis (get_mole)                : get_mole O - H -> nbonds: 1
03/05 23:00 [DEBUG] cshmd.analysis (find_bond)               : find_bond C - O 
03/05 23:00 [DEBUG] cshmd.analysis (get_mole)                : get_mole C - O -> nbonds: 3
03/05 23:00 [DEBUG] cshmd.analysis (_check_and_find_co3s)    : [Info]: Searching 'OH' in 'CO3'
03/05 23:00 [DEBUG] cshmd.analysis (_check_and_find_sioh)    : Searching 'OH' in 'SiO4
03/05 23:00 [DEBUG] cshmd.analysis (_check_and_find_sioh)    : point loaded
03/05 23:00 [DEBUG] cshmd.analysis (find_bond)               : find_bond Ca - O 
03/05 23:00 [DEBUG] cshmd.common (time_wrapper)              : [RUNTIME] get_distance_table in 0.094 seconds
03/05 23:00 [DEBUG] cshmd.analysis (find_bond)               : find_bond Si - O 
03/05 23:00 [INFO] cshmd.analysis (Qn)                       : [Structure] Q2: 1.000
03/05 23:00 [INFO] cshmd.analysis (CS)                       : [Structure] C/S: 0.750
03/05 23:00 [INFO] cshmd.structure (validate_tetra)          : [Structure] BT: 144, PT: 288
03/05 23:00 [INFO] cshmd.analysis (MCL)                      : [Structure] MCL: inf
03/05 23:00 [INFO] cshmd.builder (update_manager)            : [Structure] Number of atoms: 90 -> 3240
03/05 23:00 [INFO] /Users/kimuni/bin/csh_builder (main)      : [Structure] Reading command 'defect_BT'...
03/05 23:00 [INFO] /Users/kimuni/bin/csh_builder (main)      : [Structure] with arguments 'scope: half termination: False add_Ca: True seed: 109 keep_OH: False'...
03/05 23:00 [INFO] cshmd.builder (defect_BT)                 : [Structure] Termination scope: False
03/05 23:00 [INFO] cshmd.builder (defect_BT)                 : [Structure] Exists 36 Bridging Tetra in 'top' side
03/05 23:00 [INFO] cshmd.builder (defect_BT)                 : [Structure] Remove 18 Bridging Tetra of 'top' side
03/05 23:00 [INFO] cshmd.builder (defect_BT)                 : [Structure] Exists 36 Bridging Tetra in 'bottom' side
03/05 23:00 [INFO] cshmd.builder (defect_BT)                 : [Structure] Remove 18 Bridging Tetra of 'bottom' side
03/05 23:00 [INFO] cshmd.structure (check_rm_list)           : [Structure] Delete 180 atoms
03/05 23:00 [DEBUG] cshmd.analysis (__init__)                : [Structure] Now new data setted for get Bonds
03/05 23:00 [DEBUG] cshmd.analysis (__del_bond__)            : loaded
03/05 23:00 [DEBUG] cshmd.analysis (__initialize_mole__)     : loaded
03/05 23:00 [DEBUG] cshmd.analysis (find_bond)               : find_bond O - H 
03/05 23:00 [DEBUG] cshmd.common (time_wrapper)              : [RUNTIME] get_distance_table in 0.232 seconds
03/05 23:00 [DEBUG] cshmd.analysis (get_mole)                : get_mole O - H -> nbonds: 2
03/05 23:00 [DEBUG] cshmd.analysis (find_bond)               : find_bond Si - O 
03/05 23:00 [DEBUG] cshmd.common (time_wrapper)              : [RUNTIME] get_distance_table in 0.110 seconds
03/05 23:00 [DEBUG] cshmd.analysis (get_mole)                : get_mole Si - O -> nbonds: 4
03/05 23:00 [DEBUG] cshmd.analysis (get_mole)                : get_mole O - H -> nbonds: 1
03/05 23:00 [DEBUG] cshmd.analysis (find_bond)               : find_bond C - O 
03/05 23:00 [DEBUG] cshmd.analysis (get_mole)                : get_mole C - O -> nbonds: 3
03/05 23:00 [DEBUG] cshmd.analysis (_check_and_find_co3s)    : [Info]: Searching 'OH' in 'CO3'
03/05 23:00 [DEBUG] cshmd.analysis (_check_and_find_sioh)    : Searching 'OH' in 'SiO4
03/05 23:00 [DEBUG] cshmd.analysis (_check_and_find_sioh)    : point loaded
03/05 23:00 [DEBUG] cshmd.analysis (find_bond)               : find_bond Ca - O 
03/05 23:00 [DEBUG] cshmd.common (time_wrapper)              : [RUNTIME] get_distance_table in 0.107 seconds
03/05 23:00 [DEBUG] cshmd.analysis (find_bond)               : find_bond Si - O 
03/05 23:00 [INFO] cshmd.analysis (Qn)                       : [Structure] Q1: 0.182
03/05 23:00 [INFO] cshmd.analysis (Qn)                       : [Structure] Q2: 0.818
03/05 23:00 [INFO] cshmd.analysis (CS)                       : [Structure] C/S: 0.818
03/05 23:00 [INFO] cshmd.structure (validate_tetra)          : [Structure] BT: 108, PT: 288
03/05 23:00 [INFO] cshmd.analysis (MCL)                      : [Structure] MCL: 5.000
03/05 23:00 [INFO] cshmd.builder (update_manager)            : [Structure] Number of atoms: 3240 -> 3096
03/05 23:00 [INFO] /Users/kimuni/bin/csh_builder (main)      : [Structure] Reading command 'add_ca_BT'...
03/05 23:00 [INFO] /Users/kimuni/bin/csh_builder (main)      : [Structure] with arguments 'auto: False'...
03/05 23:00 [INFO] cshmd.builder (add_ca_BT)                 : [Structure] 'Add Ca above all Bridging Tetra'
03/05 23:00 [DEBUG] cshmd.analysis (__init__)                : [Structure] Now new data setted for get Bonds
03/05 23:00 [DEBUG] cshmd.analysis (__del_bond__)            : loaded
03/05 23:00 [DEBUG] cshmd.analysis (__initialize_mole__)     : loaded
03/05 23:00 [DEBUG] cshmd.analysis (find_bond)               : find_bond O - H 
03/05 23:00 [DEBUG] cshmd.common (time_wrapper)              : [RUNTIME] get_distance_table in 0.233 seconds
03/05 23:00 [DEBUG] cshmd.analysis (get_mole)                : get_mole O - H -> nbonds: 2
03/05 23:00 [DEBUG] cshmd.analysis (find_bond)               : find_bond Si - O 
03/05 23:00 [DEBUG] cshmd.common (time_wrapper)              : [RUNTIME] get_distance_table in 0.110 seconds
03/05 23:00 [DEBUG] cshmd.analysis (get_mole)                : get_mole Si - O -> nbonds: 4
03/05 23:00 [DEBUG] cshmd.analysis (get_mole)                : get_mole O - H -> nbonds: 1
03/05 23:00 [DEBUG] cshmd.analysis (find_bond)               : find_bond C - O 
03/05 23:00 [DEBUG] cshmd.analysis (get_mole)                : get_mole C - O -> nbonds: 3
03/05 23:00 [DEBUG] cshmd.analysis (_check_and_find_co3s)    : [Info]: Searching 'OH' in 'CO3'
03/05 23:00 [DEBUG] cshmd.analysis (_check_and_find_sioh)    : Searching 'OH' in 'SiO4
03/05 23:00 [DEBUG] cshmd.analysis (_check_and_find_sioh)    : point loaded
03/05 23:00 [DEBUG] cshmd.analysis (find_bond)               : find_bond Ca - O 
03/05 23:00 [DEBUG] cshmd.common (time_wrapper)              : [RUNTIME] get_distance_table in 0.122 seconds
03/05 23:00 [DEBUG] cshmd.analysis (find_bond)               : find_bond Si - O 
03/05 23:00 [INFO] cshmd.analysis (Qn)                       : [Structure] Q1: 0.182
03/05 23:00 [INFO] cshmd.analysis (Qn)                       : [Structure] Q2: 0.818
03/05 23:00 [INFO] cshmd.analysis (CS)                       : [Structure] C/S: 0.818
03/05 23:00 [INFO] cshmd.structure (validate_tetra)          : [Structure] BT: 108, PT: 288
03/05 23:00 [INFO] cshmd.analysis (MCL)                      : [Structure] MCL: 5.000
03/05 23:00 [INFO] cshmd.builder (update_manager)            : [Structure] Number of atoms: 3096 -> 3132
03/05 23:00 [INFO] /Users/kimuni/bin/csh_builder (main)      : [Structure] Reading command 'dprot_BT'...
03/05 23:00 [INFO] /Users/kimuni/bin/csh_builder (main)      : [Structure] with arguments 'scope: all site: all'...
03/05 23:00 [INFO] cshmd.structure (check_rm_list)           : [Structure] Delete 72 atoms
03/05 23:00 [DEBUG] cshmd.analysis (__init__)                : [Structure] Now new data setted for get Bonds
03/05 23:00 [DEBUG] cshmd.analysis (__del_bond__)            : loaded
03/05 23:00 [DEBUG] cshmd.analysis (__initialize_mole__)     : loaded
03/05 23:00 [DEBUG] cshmd.analysis (find_bond)               : find_bond O - H 
03/05 23:00 [DEBUG] cshmd.common (time_wrapper)              : [RUNTIME] get_distance_table in 0.205 seconds
03/05 23:00 [DEBUG] cshmd.analysis (get_mole)                : get_mole O - H -> nbonds: 2
03/05 23:00 [DEBUG] cshmd.analysis (find_bond)               : find_bond Si - O 
03/05 23:00 [DEBUG] cshmd.common (time_wrapper)              : [RUNTIME] get_distance_table in 0.121 seconds
03/05 23:00 [DEBUG] cshmd.analysis (get_mole)                : get_mole Si - O -> nbonds: 4
03/05 23:00 [DEBUG] cshmd.analysis (get_mole)                : get_mole O - H -> nbonds: 1
03/05 23:00 [DEBUG] cshmd.analysis (find_bond)               : find_bond C - O 
03/05 23:00 [DEBUG] cshmd.analysis (get_mole)                : get_mole C - O -> nbonds: 3
03/05 23:00 [DEBUG] cshmd.analysis (_check_and_find_co3s)    : [Info]: Searching 'OH' in 'CO3'
03/05 23:00 [DEBUG] cshmd.analysis (_check_and_find_sioh)    : Searching 'OH' in 'SiO4
03/05 23:00 [DEBUG] cshmd.analysis (_check_and_find_sioh)    : point loaded
03/05 23:00 [DEBUG] cshmd.analysis (find_bond)               : find_bond Ca - O 
03/05 23:00 [DEBUG] cshmd.common (time_wrapper)              : [RUNTIME] get_distance_table in 0.116 seconds
03/05 23:00 [DEBUG] cshmd.analysis (find_bond)               : find_bond Si - O 
03/05 23:00 [INFO] cshmd.analysis (Qn)                       : [Structure] Q1: 0.182
03/05 23:00 [INFO] cshmd.analysis (Qn)                       : [Structure] Q2: 0.818
03/05 23:00 [INFO] cshmd.analysis (CS)                       : [Structure] C/S: 0.818
03/05 23:00 [INFO] cshmd.structure (validate_tetra)          : [Structure] BT: 108, PT: 288
03/05 23:00 [INFO] cshmd.analysis (MCL)                      : [Structure] MCL: 5.000
03/05 23:00 [INFO] cshmd.builder (update_manager)            : [Structure] Number of atoms: 3132 -> 3060
03/05 23:00 [INFO] cshmd.structure (writeCif)                : L5H0.cif was created
03/05 23:00 [INFO] cshmd.builder (out_model)                 : Total Charge: 0
03/05 23:00 [INFO] /Users/kimuni/bin/csh_builder (main)      : ----------------------------------------------------------------------
03/05 23:00 [INFO] /Users/kimuni/bin/csh_builder (main)      : ----------------------------------------------------------------------
03/05 23:00 [INFO] cshmd.structure (__init__)                : /Users/kimuni/bin/kimuni/cshmd/data/resources/cif/T14_111_base.cif was loaded
03/05 23:00 [DEBUG] cshmd.analysis (__init__)                : [Structure] Now new data setted for get Bonds
03/05 23:00 [DEBUG] cshmd.analysis (__del_bond__)            : loaded
03/05 23:00 [DEBUG] cshmd.analysis (__initialize_mole__)     : loaded
03/05 23:00 [DEBUG] cshmd.analysis (__init__)                : [Structure] Now new data setted for get Bonds
03/05 23:00 [DEBUG] cshmd.analysis (__del_bond__)            : loaded
03/05 23:00 [DEBUG] cshmd.analysis (__initialize_mole__)     : loaded
03/05 23:00 [DEBUG] cshmd.analysis (find_bond)               : find_bond O - H 
03/05 23:00 [DEBUG] cshmd.common (time_wrapper)              : [RUNTIME] get_distance_table in 0.000 seconds
03/05 23:00 [DEBUG] cshmd.analysis (get_mole)                : get_mole O - H -> nbonds: 2
03/05 23:00 [DEBUG] cshmd.analysis (find_bond)               : find_bond Si - O 
03/05 23:00 [DEBUG] cshmd.common (time_wrapper)              : [RUNTIME] get_distance_table in 0.000 seconds
03/05 23:00 [DEBUG] cshmd.analysis (get_mole)                : get_mole Si - O -> nbonds: 4
03/05 23:00 [DEBUG] cshmd.analysis (get_mole)                : get_mole O - H -> nbonds: 1
03/05 23:00 [DEBUG] cshmd.analysis (find_bond)               : find_bond C - O 
03/05 23:00 [DEBUG] cshmd.analysis (get_mole)                : get_mole C - O -> nbonds: 3
03/05 23:00 [DEBUG] cshmd.analysis (_check_and_find_co3s)    : [Info]: Searching 'OH' in 'CO3'
03/05 23:00 [DEBUG] cshmd.analysis (_check_and_find_sioh)    : Searching 'OH' in 'SiO4
03/05 23:00 [DEBUG] cshmd.analysis (_check_and_find_sioh)    : point loaded
03/05 23:00 [DEBUG] cshmd.analysis (find_bond)               : find_bond Ca - O 
03/05 23:00 [DEBUG] cshmd.common (time_wrapper)              : [RUNTIME] get_distance_table in 0.000 seconds
03/05 23:00 [DEBUG] cshmd.analysis (find_bond)               : find_bond Si - O 
03/05 23:00 [INFO] cshmd.analysis (Qn)                       : [Structure] Q2: 1.000
03/05 23:00 [INFO] cshmd.analysis (CS)                       : [Structure] C/S: 0.750
03/05 23:00 [INFO] cshmd.structure (validate_tetra)          : [Structure] BT: 4, PT: 8
03/05 23:00 [INFO] cshmd.analysis (MCL)                      : [Structure] MCL: inf
03/05 23:00 [INFO] /Users/kimuni/bin/csh_builder (main)      : [Structure] Reading command 'supercell'...
03/05 23:00 [INFO] /Users/kimuni/bin/csh_builder (main)      : [Structure] with arguments 'supercell: [6, 6, 1]'...
03/05 23:00 [INFO] cshmd.structure (makeSupercell)           : [Structure] Supercell created 6 * 6 * 1
03/05 23:00 [DEBUG] cshmd.analysis (__init__)                : [Structure] Now new data setted for get Bonds
03/05 23:00 [DEBUG] cshmd.analysis (__del_bond__)            : loaded
03/05 23:00 [DEBUG] cshmd.analysis (__initialize_mole__)     : loaded
03/05 23:00 [DEBUG] cshmd.analysis (find_bond)               : find_bond O - H 
03/05 23:00 [DEBUG] cshmd.common (time_wrapper)              : [RUNTIME] get_distance_table in 0.261 seconds
03/05 23:00 [DEBUG] cshmd.analysis (get_mole)                : get_mole O - H -> nbonds: 2
03/05 23:00 [DEBUG] cshmd.analysis (find_bond)               : find_bond Si - O 
03/05 23:00 [DEBUG] cshmd.common (time_wrapper)              : [RUNTIME] get_distance_table in 0.124 seconds
03/05 23:00 [DEBUG] cshmd.analysis (get_mole)                : get_mole Si - O -> nbonds: 4
03/05 23:00 [DEBUG] cshmd.analysis (get_mole)                : get_mole O - H -> nbonds: 1
03/05 23:00 [DEBUG] cshmd.analysis (find_bond)               : find_bond C - O 
03/05 23:00 [DEBUG] cshmd.analysis (get_mole)                : get_mole C - O -> nbonds: 3
03/05 23:00 [DEBUG] cshmd.analysis (_check_and_find_co3s)    : [Info]: Searching 'OH' in 'CO3'
03/05 23:00 [DEBUG] cshmd.analysis (_check_and_find_sioh)    : Searching 'OH' in 'SiO4
03/05 23:00 [DEBUG] cshmd.analysis (_check_and_find_sioh)    : point loaded
03/05 23:00 [DEBUG] cshmd.analysis (find_bond)               : find_bond Ca - O 
03/05 23:00 [DEBUG] cshmd.common (time_wrapper)              : [RUNTIME] get_distance_table in 0.095 seconds
03/05 23:00 [DEBUG] cshmd.analysis (find_bond)               : find_bond Si - O 
03/05 23:00 [INFO] cshmd.analysis (Qn)                       : [Structure] Q2: 1.000
03/05 23:00 [INFO] cshmd.analysis (CS)                       : [Structure] C/S: 0.750
03/05 23:00 [INFO] cshmd.structure (validate_tetra)          : [Structure] BT: 144, PT: 288
03/05 23:00 [INFO] cshmd.analysis (MCL)                      : [Structure] MCL: inf
03/05 23:00 [INFO] cshmd.builder (update_manager)            : [Structure] Number of atoms: 90 -> 3240
03/05 23:00 [INFO] /Users/kimuni/bin/csh_builder (main)      : [Structure] Reading command 'defect_BT'...
03/05 23:00 [INFO] /Users/kimuni/bin/csh_builder (main)      : [Structure] with arguments 'scope: quarter termination: False add_Ca: True seed: 109 keep_OH: False'...
03/05 23:00 [INFO] cshmd.builder (defect_BT)                 : [Structure] Termination scope: False
03/05 23:00 [INFO] cshmd.builder (defect_BT)                 : [Structure] Exists 36 Bridging Tetra in 'top' side
03/05 23:00 [INFO] cshmd.builder (defect_BT)                 : [Structure] Remove 9 Bridging Tetra of 'top' side
03/05 23:00 [INFO] cshmd.builder (defect_BT)                 : [Structure] Exists 36 Bridging Tetra in 'bottom' side
03/05 23:00 [INFO] cshmd.builder (defect_BT)                 : [Structure] Remove 9 Bridging Tetra of 'bottom' side
03/05 23:00 [INFO] cshmd.structure (check_rm_list)           : [Structure] Delete 90 atoms
03/05 23:00 [DEBUG] cshmd.analysis (__init__)                : [Structure] Now new data setted for get Bonds
03/05 23:00 [DEBUG] cshmd.analysis (__del_bond__)            : loaded
03/05 23:00 [DEBUG] cshmd.analysis (__initialize_mole__)     : loaded
03/05 23:00 [DEBUG] cshmd.analysis (find_bond)               : find_bond O - H 
03/05 23:00 [DEBUG] cshmd.common (time_wrapper)              : [RUNTIME] get_distance_table in 0.255 seconds
03/05 23:00 [DEBUG] cshmd.analysis (get_mole)                : get_mole O - H -> nbonds: 2
03/05 23:00 [DEBUG] cshmd.analysis (find_bond)               : find_bond Si - O 
03/05 23:00 [DEBUG] cshmd.common (time_wrapper)              : [RUNTIME] get_distance_table in 0.125 seconds
03/05 23:00 [DEBUG] cshmd.analysis (get_mole)                : get_mole Si - O -> nbonds: 4
03/05 23:00 [DEBUG] cshmd.analysis (get_mole)                : get_mole O - H -> nbonds: 1
03/05 23:00 [DEBUG] cshmd.analysis (find_bond)               : find_bond C - O 
03/05 23:00 [DEBUG] cshmd.analysis (get_mole)                : get_mole C - O -> nbonds: 3
03/05 23:00 [DEBUG] cshmd.analysis (_check_and_find_co3s)    : [Info]: Searching 'OH' in 'CO3'
03/05 23:00 [DEBUG] cshmd.analysis (_check_and_find_sioh)    : Searching 'OH' in 'SiO4
03/05 23:00 [DEBUG] cshmd.analysis (_check_and_find_sioh)    : point loaded
03/05 23:00 [DEBUG] cshmd.analysis (find_bond)               : find_bond Ca - O 
03/05 23:00 [DEBUG] cshmd.common (time_wrapper)              : [RUNTIME] get_distance_table in 0.108 seconds
03/05 23:00 [DEBUG] cshmd.analysis (find_bond)               : find_bond Si - O 
03/05 23:00 [INFO] cshmd.analysis (Qn)                       : [Structure] Q1: 0.087
03/05 23:00 [INFO] cshmd.analysis (Qn)                       : [Structure] Q2: 0.913
03/05 23:00 [INFO] cshmd.analysis (CS)                       : [Structure] C/S: 0.783
03/05 23:00 [INFO] cshmd.structure (validate_tetra)          : [Structure] BT: 126, PT: 288
03/05 23:00 [INFO] cshmd.analysis (MCL)                      : [Structure] MCL: 11.000
03/05 23:00 [INFO] cshmd.builder (update_manager)            : [Structure] Number of atoms: 3240 -> 3168
03/05 23:00 [INFO] /Users/kimuni/bin/csh_builder (main)      : [Structure] Reading command 'defect_BT'...
03/05 23:00 [INFO] /Users/kimuni/bin/csh_builder (main)      : [Structure] with arguments 'scope: one-third termination: True add_Ca: True seed: 713 keep_OH: False'...
03/05 23:00 [INFO] cshmd.builder (defect_BT)                 : [Structure] Termination scope: True
03/05 23:00 [INFO] cshmd.builder (defect_BT)                 : [Structure] Exists 27 Bridging Tetra in 'top' side
03/05 23:00 [INFO] cshmd.builder (defect_BT)                 : [Structure] Remove 9 Bridging Tetra of 'top' side
03/05 23:00 [INFO] cshmd.builder (defect_BT)                 : [Structure] Exists 27 Bridging Tetra in 'bottom' side
03/05 23:00 [INFO] cshmd.builder (defect_BT)                 : [Structure] Remove 9 Bridging Tetra of 'bottom' side
03/05 23:00 [INFO] cshmd.structure (check_rm_list)           : [Structure] Delete 90 atoms
03/05 23:00 [DEBUG] cshmd.analysis (__init__)                : [Structure] Now new data setted for get Bonds
03/05 23:00 [DEBUG] cshmd.analysis (__del_bond__)            : loaded
03/05 23:00 [DEBUG] cshmd.analysis (__initialize_mole__)     : loaded
03/05 23:00 [DEBUG] cshmd.analysis (find_bond)               : find_bond O - H 
03/05 23:00 [DEBUG] cshmd.common (time_wrapper)              : [RUNTIME] get_distance_table in 0.251 seconds
03/05 23:00 [DEBUG] cshmd.analysis (get_mole)                : get_mole O - H -> nbonds: 2
03/05 23:00 [DEBUG] cshmd.analysis (find_bond)               : find_bond Si - O 
03/05 23:00 [DEBUG] cshmd.common (time_wrapper)              : [RUNTIME] get_distance_table in 0.119 seconds
03/05 23:00 [DEBUG] cshmd.analysis (get_mole)                : get_mole Si - O -> nbonds: 4
03/05 23:00 [DEBUG] cshmd.analysis (get_mole)                : get_mole O - H -> nbonds: 1
03/05 23:00 [DEBUG] cshmd.analysis (find_bond)               : find_bond C - O 
03/05 23:00 [DEBUG] cshmd.analysis (get_mole)                : get_mole C - O -> nbonds: 3
03/05 23:00 [DEBUG] cshmd.analysis (_check_and_find_co3s)    : [Info]: Searching 'OH' in 'CO3'
03/05 23:00 [DEBUG] cshmd.analysis (_check_and_find_sioh)    : Searching 'OH' in 'SiO4
03/05 23:00 [DEBUG] cshmd.analysis (_check_and_find_sioh)    : point loaded
03/05 23:00 [DEBUG] cshmd.analysis (find_bond)               : find_bond Ca - O 
03/05 23:00 [DEBUG] cshmd.common (time_wrapper)              : [RUNTIME] get_distance_table in 0.099 seconds
03/05 23:00 [DEBUG] cshmd.analysis (find_bond)               : find_bond Si - O 
03/05 23:00 [INFO] cshmd.analysis (Qn)                       : [Structure] Q1: 0.182
03/05 23:00 [INFO] cshmd.analysis (Qn)                       : [Structure] Q2: 0.818
03/05 23:00 [INFO] cshmd.analysis (CS)                       : [Structure] C/S: 0.818
03/05 23:00 [INFO] cshmd.structure (validate_tetra)          : [Structure] BT: 108, PT: 288
03/05 23:00 [INFO] cshmd.analysis (MCL)                      : [Structure] MCL: 5.000
03/05 23:00 [INFO] cshmd.builder (update_manager)            : [Structure] Number of atoms: 3168 -> 3132
03/05 23:00 [INFO] /Users/kimuni/bin/csh_builder (main)      : [Structure] Reading command 'add_ca_BT'...
03/05 23:00 [INFO] /Users/kimuni/bin/csh_builder (main)      : [Structure] with arguments 'auto: False'...
03/05 23:00 [INFO] cshmd.builder (add_ca_BT)                 : [Structure] 'Add Ca above all Bridging Tetra'
03/05 23:00 [DEBUG] cshmd.analysis (__init__)                : [Structure] Now new data setted for get Bonds
03/05 23:00 [DEBUG] cshmd.analysis (__del_bond__)            : loaded
03/05 23:00 [DEBUG] cshmd.analysis (__initialize_mole__)     : loaded
03/05 23:00 [DEBUG] cshmd.analysis (find_bond)               : find_bond O - H 
03/05 23:00 [DEBUG] cshmd.common (time_wrapper)              : [RUNTIME] get_distance_table in 0.253 seconds
03/05 23:00 [DEBUG] cshmd.analysis (get_mole)                : get_mole O - H -> nbonds: 2
03/05 23:00 [DEBUG] cshmd.analysis (find_bond)               : find_bond Si - O 
03/05 23:00 [DEBUG] cshmd.common (time_wrapper)              : [RUNTIME] get_distance_table in 0.118 seconds
03/05 23:00 [DEBUG] cshmd.analysis (get_mole)                : get_mole Si - O -> nbonds: 4
03/05 23:00 [DEBUG] cshmd.analysis (get_mole)                : get_mole O - H -> nbonds: 1
03/05 23:00 [DEBUG] cshmd.analysis (find_bond)               : find_bond C - O 
03/05 23:00 [DEBUG] cshmd.analysis (get_mole)                : get_mole C - O -> nbonds: 3
03/05 23:00 [DEBUG] cshmd.analysis (_check_and_find_co3s)    : [Info]: Searching 'OH' in 'CO3'
03/05 23:00 [DEBUG] cshmd.analysis (_check_and_find_sioh)    : Searching 'OH' in 'SiO4
03/05 23:00 [DEBUG] cshmd.analysis (_check_and_find_sioh)    : point loaded
03/05 23:00 [DEBUG] cshmd.analysis (find_bond)               : find_bond Ca - O 
03/05 23:00 [DEBUG] cshmd.common (time_wrapper)              : [RUNTIME] get_distance_table in 0.121 seconds
03/05 23:00 [DEBUG] cshmd.analysis (find_bond)               : find_bond Si - O 
03/05 23:00 [INFO] cshmd.analysis (Qn)                       : [Structure] Q1: 0.182
03/05 23:00 [INFO] cshmd.analysis (Qn)                       : [Structure] Q2: 0.818
03/05 23:00 [INFO] cshmd.analysis (CS)                       : [Structure] C/S: 0.818
03/05 23:00 [INFO] cshmd.structure (validate_tetra)          : [Structure] BT: 108, PT: 288
03/05 23:00 [INFO] cshmd.analysis (MCL)                      : [Structure] MCL: 5.000
03/05 23:00 [INFO] cshmd.builder (update_manager)            : [Structure] Number of atoms: 3132 -> 3168
03/05 23:00 [INFO] /Users/kimuni/bin/csh_builder (main)      : [Structure] Reading command 'dprot_BT'...
03/05 23:00 [INFO] /Users/kimuni/bin/csh_builder (main)      : [Structure] with arguments 'scope: all site: lower'...
03/05 23:00 [INFO] cshmd.structure (check_rm_list)           : [Structure] Delete 36 atoms
03/05 23:00 [DEBUG] cshmd.analysis (__init__)                : [Structure] Now new data setted for get Bonds
03/05 23:00 [DEBUG] cshmd.analysis (__del_bond__)            : loaded
03/05 23:00 [DEBUG] cshmd.analysis (__initialize_mole__)     : loaded
03/05 23:00 [DEBUG] cshmd.analysis (find_bond)               : find_bond O - H 
03/05 23:00 [DEBUG] cshmd.common (time_wrapper)              : [RUNTIME] get_distance_table in 0.235 seconds
03/05 23:00 [DEBUG] cshmd.analysis (get_mole)                : get_mole O - H -> nbonds: 2
03/05 23:00 [DEBUG] cshmd.analysis (find_bond)               : find_bond Si - O 
03/05 23:00 [DEBUG] cshmd.common (time_wrapper)              : [RUNTIME] get_distance_table in 0.113 seconds
03/05 23:00 [DEBUG] cshmd.analysis (get_mole)                : get_mole Si - O -> nbonds: 4
03/05 23:00 [DEBUG] cshmd.analysis (get_mole)                : get_mole O - H -> nbonds: 1
03/05 23:00 [DEBUG] cshmd.analysis (find_bond)               : find_bond C - O 
03/05 23:00 [DEBUG] cshmd.analysis (get_mole)                : get_mole C - O -> nbonds: 3
03/05 23:00 [DEBUG] cshmd.analysis (_check_and_find_co3s)    : [Info]: Searching 'OH' in 'CO3'
03/05 23:00 [DEBUG] cshmd.analysis (_check_and_find_sioh)    : Searching 'OH' in 'SiO4
03/05 23:00 [DEBUG] cshmd.analysis (_check_and_find_sioh)    : point loaded
03/05 23:00 [DEBUG] cshmd.analysis (find_bond)               : find_bond Ca - O 
03/05 23:00 [DEBUG] cshmd.common (time_wrapper)              : [RUNTIME] get_distance_table in 0.109 seconds
03/05 23:00 [DEBUG] cshmd.analysis (find_bond)               : find_bond Si - O 
03/05 23:00 [INFO] cshmd.analysis (Qn)                       : [Structure] Q1: 0.182
03/05 23:00 [INFO] cshmd.analysis (Qn)                       : [Structure] Q2: 0.818
03/05 23:00 [INFO] cshmd.analysis (CS)                       : [Structure] C/S: 0.818
03/05 23:00 [INFO] cshmd.structure (validate_tetra)          : [Structure] BT: 108, PT: 288
03/05 23:00 [INFO] cshmd.analysis (MCL)                      : [Structure] MCL: 5.000
03/05 23:00 [INFO] cshmd.builder (update_manager)            : [Structure] Number of atoms: 3168 -> 3132
03/05 23:00 [INFO] cshmd.structure (writeCif)                : L5H0H2.cif was created
03/05 23:00 [INFO] cshmd.builder (out_model)                 : Total Charge: 72
03/05 23:00 [INFO] /Users/kimuni/bin/csh_builder (main)      : ----------------------------------------------------------------------
03/05 23:00 [INFO] /Users/kimuni/bin/csh_builder (main)      : ----------------------------------------------------------------------
03/05 23:00 [INFO] cshmd.structure (__init__)                : /Users/kimuni/bin/kimuni/cshmd/data/resources/cif/T14_111_base.cif was loaded
03/05 23:00 [DEBUG] cshmd.analysis (__init__)                : [Structure] Now new data setted for get Bonds
03/05 23:00 [DEBUG] cshmd.analysis (__del_bond__)            : loaded
03/05 23:00 [DEBUG] cshmd.analysis (__initialize_mole__)     : loaded
03/05 23:00 [DEBUG] cshmd.analysis (__init__)                : [Structure] Now new data setted for get Bonds
03/05 23:00 [DEBUG] cshmd.analysis (__del_bond__)            : loaded
03/05 23:00 [DEBUG] cshmd.analysis (__initialize_mole__)     : loaded
03/05 23:00 [DEBUG] cshmd.analysis (find_bond)               : find_bond O - H 
03/05 23:00 [DEBUG] cshmd.common (time_wrapper)              : [RUNTIME] get_distance_table in 0.000 seconds
03/05 23:00 [DEBUG] cshmd.analysis (get_mole)                : get_mole O - H -> nbonds: 2
03/05 23:00 [DEBUG] cshmd.analysis (find_bond)               : find_bond Si - O 
03/05 23:00 [DEBUG] cshmd.common (time_wrapper)              : [RUNTIME] get_distance_table in 0.000 seconds
03/05 23:00 [DEBUG] cshmd.analysis (get_mole)                : get_mole Si - O -> nbonds: 4
03/05 23:00 [DEBUG] cshmd.analysis (get_mole)                : get_mole O - H -> nbonds: 1
03/05 23:00 [DEBUG] cshmd.analysis (find_bond)               : find_bond C - O 
03/05 23:00 [DEBUG] cshmd.analysis (get_mole)                : get_mole C - O -> nbonds: 3
03/05 23:00 [DEBUG] cshmd.analysis (_check_and_find_co3s)    : [Info]: Searching 'OH' in 'CO3'
03/05 23:00 [DEBUG] cshmd.analysis (_check_and_find_sioh)    : Searching 'OH' in 'SiO4
03/05 23:00 [DEBUG] cshmd.analysis (_check_and_find_sioh)    : point loaded
03/05 23:00 [DEBUG] cshmd.analysis (find_bond)               : find_bond Ca - O 
03/05 23:00 [DEBUG] cshmd.common (time_wrapper)              : [RUNTIME] get_distance_table in 0.000 seconds
03/05 23:00 [DEBUG] cshmd.analysis (find_bond)               : find_bond Si - O 
03/05 23:00 [INFO] cshmd.analysis (Qn)                       : [Structure] Q2: 1.000
03/05 23:00 [INFO] cshmd.analysis (CS)                       : [Structure] C/S: 0.750
03/05 23:00 [INFO] cshmd.structure (validate_tetra)          : [Structure] BT: 4, PT: 8
03/05 23:00 [INFO] cshmd.analysis (MCL)                      : [Structure] MCL: inf
03/05 23:00 [INFO] /Users/kimuni/bin/csh_builder (main)      : [Structure] Reading command 'supercell'...
03/05 23:00 [INFO] /Users/kimuni/bin/csh_builder (main)      : [Structure] with arguments 'supercell: [6, 6, 1]'...
03/05 23:00 [INFO] cshmd.structure (makeSupercell)           : [Structure] Supercell created 6 * 6 * 1
03/05 23:00 [DEBUG] cshmd.analysis (__init__)                : [Structure] Now new data setted for get Bonds
03/05 23:00 [DEBUG] cshmd.analysis (__del_bond__)            : loaded
03/05 23:00 [DEBUG] cshmd.analysis (__initialize_mole__)     : loaded
03/05 23:00 [DEBUG] cshmd.analysis (find_bond)               : find_bond O - H 
03/05 23:00 [DEBUG] cshmd.common (time_wrapper)              : [RUNTIME] get_distance_table in 0.260 seconds
03/05 23:00 [DEBUG] cshmd.analysis (get_mole)                : get_mole O - H -> nbonds: 2
03/05 23:00 [DEBUG] cshmd.analysis (find_bond)               : find_bond Si - O 
03/05 23:00 [DEBUG] cshmd.common (time_wrapper)              : [RUNTIME] get_distance_table in 0.131 seconds
03/05 23:00 [DEBUG] cshmd.analysis (get_mole)                : get_mole Si - O -> nbonds: 4
03/05 23:00 [DEBUG] cshmd.analysis (get_mole)                : get_mole O - H -> nbonds: 1
03/05 23:00 [DEBUG] cshmd.analysis (find_bond)               : find_bond C - O 
03/05 23:00 [DEBUG] cshmd.analysis (get_mole)                : get_mole C - O -> nbonds: 3
03/05 23:00 [DEBUG] cshmd.analysis (_check_and_find_co3s)    : [Info]: Searching 'OH' in 'CO3'
03/05 23:00 [DEBUG] cshmd.analysis (_check_and_find_sioh)    : Searching 'OH' in 'SiO4
03/05 23:00 [DEBUG] cshmd.analysis (_check_and_find_sioh)    : point loaded
03/05 23:00 [DEBUG] cshmd.analysis (find_bond)               : find_bond Ca - O 
03/05 23:00 [DEBUG] cshmd.common (time_wrapper)              : [RUNTIME] get_distance_table in 0.105 seconds
03/05 23:00 [DEBUG] cshmd.analysis (find_bond)               : find_bond Si - O 
03/05 23:00 [INFO] cshmd.analysis (Qn)                       : [Structure] Q2: 1.000
03/05 23:00 [INFO] cshmd.analysis (CS)                       : [Structure] C/S: 0.750
03/05 23:00 [INFO] cshmd.structure (validate_tetra)          : [Structure] BT: 144, PT: 288
03/05 23:00 [INFO] cshmd.analysis (MCL)                      : [Structure] MCL: inf
03/05 23:00 [INFO] cshmd.builder (update_manager)            : [Structure] Number of atoms: 90 -> 3240
03/05 23:00 [INFO] /Users/kimuni/bin/csh_builder (main)      : [Structure] Reading command 'defect_BT'...
03/05 23:00 [INFO] /Users/kimuni/bin/csh_builder (main)      : [Structure] with arguments 'scope: half termination: half add_Ca: True seed: 109 keep_OH: False'...
03/05 23:00 [INFO] cshmd.builder (defect_BT)                 : [Structure] Termination scope: 'half'
03/05 23:00 [INFO] cshmd.builder (defect_BT)                 : [Structure] Exists 36 Bridging Tetra in 'top' side
03/05 23:00 [INFO] cshmd.builder (defect_BT)                 : [Structure] Remove 18 Bridging Tetra of 'top' side
03/05 23:00 [INFO] cshmd.builder (defect_BT)                 : [Structure] Exists 36 Bridging Tetra in 'bottom' side
03/05 23:00 [INFO] cshmd.builder (defect_BT)                 : [Structure] Remove 18 Bridging Tetra of 'bottom' side
03/05 23:00 [INFO] cshmd.structure (check_rm_list)           : [Structure] Delete 180 atoms
03/05 23:00 [DEBUG] cshmd.analysis (__init__)                : [Structure] Now new data setted for get Bonds
03/05 23:00 [DEBUG] cshmd.analysis (__del_bond__)            : loaded
03/05 23:00 [DEBUG] cshmd.analysis (__initialize_mole__)     : loaded
03/05 23:00 [DEBUG] cshmd.analysis (find_bond)               : find_bond O - H 
03/05 23:00 [DEBUG] cshmd.common (time_wrapper)              : [RUNTIME] get_distance_table in 0.236 seconds
03/05 23:00 [DEBUG] cshmd.analysis (get_mole)                : get_mole O - H -> nbonds: 2
03/05 23:00 [DEBUG] cshmd.analysis (find_bond)               : find_bond Si - O 
03/05 23:00 [DEBUG] cshmd.common (time_wrapper)              : [RUNTIME] get_distance_table in 0.116 seconds
03/05 23:00 [DEBUG] cshmd.analysis (get_mole)                : get_mole Si - O -> nbonds: 4
03/05 23:00 [DEBUG] cshmd.analysis (get_mole)                : get_mole O - H -> nbonds: 1
03/05 23:00 [DEBUG] cshmd.analysis (find_bond)               : find_bond C - O 
03/05 23:00 [DEBUG] cshmd.analysis (get_mole)                : get_mole C - O -> nbonds: 3
03/05 23:00 [DEBUG] cshmd.analysis (_check_and_find_co3s)    : [Info]: Searching 'OH' in 'CO3'
03/05 23:00 [DEBUG] cshmd.analysis (_check_and_find_sioh)    : Searching 'OH' in 'SiO4
03/05 23:00 [DEBUG] cshmd.analysis (_check_and_find_sioh)    : point loaded
03/05 23:00 [DEBUG] cshmd.analysis (find_bond)               : find_bond Ca - O 
03/05 23:00 [DEBUG] cshmd.common (time_wrapper)              : [RUNTIME] get_distance_table in 0.110 seconds
03/05 23:00 [DEBUG] cshmd.analysis (find_bond)               : find_bond Si - O 
03/05 23:00 [INFO] cshmd.analysis (Qn)                       : [Structure] Q1: 0.182
03/05 23:00 [INFO] cshmd.analysis (Qn)                       : [Structure] Q2: 0.818
03/05 23:00 [INFO] cshmd.analysis (CS)                       : [Structure] C/S: 0.818
03/05 23:00 [INFO] cshmd.structure (validate_tetra)          : [Structure] BT: 108, PT: 288
03/05 23:00 [INFO] cshmd.analysis (MCL)                      : [Structure] MCL: 5.000
03/05 23:00 [INFO] cshmd.builder (update_manager)            : [Structure] Number of atoms: 3240 -> 3132
03/05 23:00 [INFO] /Users/kimuni/bin/csh_builder (main)      : [Structure] Reading command 'add_ca_BT'...
03/05 23:00 [INFO] /Users/kimuni/bin/csh_builder (main)      : [Structure] with arguments 'auto: False'...
03/05 23:00 [INFO] cshmd.builder (add_ca_BT)                 : [Structure] 'Add Ca above all Bridging Tetra'
03/05 23:00 [DEBUG] cshmd.analysis (__init__)                : [Structure] Now new data setted for get Bonds
03/05 23:00 [DEBUG] cshmd.analysis (__del_bond__)            : loaded
03/05 23:00 [DEBUG] cshmd.analysis (__initialize_mole__)     : loaded
03/05 23:00 [DEBUG] cshmd.analysis (find_bond)               : find_bond O - H 
03/05 23:00 [DEBUG] cshmd.common (time_wrapper)              : [RUNTIME] get_distance_table in 0.237 seconds
03/05 23:00 [DEBUG] cshmd.analysis (get_mole)                : get_mole O - H -> nbonds: 2
03/05 23:00 [DEBUG] cshmd.analysis (find_bond)               : find_bond Si - O 
03/05 23:00 [DEBUG] cshmd.common (time_wrapper)              : [RUNTIME] get_distance_table in 0.118 seconds
03/05 23:00 [DEBUG] cshmd.analysis (get_mole)                : get_mole Si - O -> nbonds: 4
03/05 23:00 [DEBUG] cshmd.analysis (get_mole)                : get_mole O - H -> nbonds: 1
03/05 23:00 [DEBUG] cshmd.analysis (find_bond)               : find_bond C - O 
03/05 23:00 [DEBUG] cshmd.analysis (get_mole)                : get_mole C - O -> nbonds: 3
03/05 23:00 [DEBUG] cshmd.analysis (_check_and_find_co3s)    : [Info]: Searching 'OH' in 'CO3'
03/05 23:00 [DEBUG] cshmd.analysis (_check_and_find_sioh)    : Searching 'OH' in 'SiO4
03/05 23:00 [DEBUG] cshmd.analysis (_check_and_find_sioh)    : point loaded
03/05 23:00 [DEBUG] cshmd.analysis (find_bond)               : find_bond Ca - O 
03/05 23:00 [DEBUG] cshmd.common (time_wrapper)              : [RUNTIME] get_distance_table in 0.122 seconds
03/05 23:00 [DEBUG] cshmd.analysis (find_bond)               : find_bond Si - O 
03/05 23:00 [INFO] cshmd.analysis (Qn)                       : [Structure] Q1: 0.182
03/05 23:00 [INFO] cshmd.analysis (Qn)                       : [Structure] Q2: 0.818
03/05 23:00 [INFO] cshmd.analysis (CS)                       : [Structure] C/S: 0.818
03/05 23:00 [INFO] cshmd.structure (validate_tetra)          : [Structure] BT: 108, PT: 288
03/05 23:00 [INFO] cshmd.analysis (MCL)                      : [Structure] MCL: 5.000
03/05 23:00 [INFO] cshmd.builder (update_manager)            : [Structure] Number of atoms: 3132 -> 3168
03/05 23:00 [INFO] /Users/kimuni/bin/csh_builder (main)      : [Structure] Reading command 'dprot_BT'...
03/05 23:00 [INFO] /Users/kimuni/bin/csh_builder (main)      : [Structure] with arguments 'scope: all site: lower'...
03/05 23:00 [INFO] cshmd.structure (check_rm_list)           : [Structure] Delete 36 atoms
03/05 23:00 [DEBUG] cshmd.analysis (__init__)                : [Structure] Now new data setted for get Bonds
03/05 23:00 [DEBUG] cshmd.analysis (__del_bond__)            : loaded
03/05 23:00 [DEBUG] cshmd.analysis (__initialize_mole__)     : loaded
03/05 23:00 [DEBUG] cshmd.analysis (find_bond)               : find_bond O - H 
03/05 23:00 [DEBUG] cshmd.common (time_wrapper)              : [RUNTIME] get_distance_table in 0.225 seconds
03/05 23:00 [DEBUG] cshmd.analysis (get_mole)                : get_mole O - H -> nbonds: 2
03/05 23:00 [DEBUG] cshmd.analysis (find_bond)               : find_bond Si - O 
03/05 23:00 [DEBUG] cshmd.common (time_wrapper)              : [RUNTIME] get_distance_table in 0.118 seconds
03/05 23:00 [DEBUG] cshmd.analysis (get_mole)                : get_mole Si - O -> nbonds: 4
03/05 23:00 [DEBUG] cshmd.analysis (get_mole)                : get_mole O - H -> nbonds: 1
03/05 23:00 [DEBUG] cshmd.analysis (find_bond)               : find_bond C - O 
03/05 23:00 [DEBUG] cshmd.analysis (get_mole)                : get_mole C - O -> nbonds: 3
03/05 23:00 [DEBUG] cshmd.analysis (_check_and_find_co3s)    : [Info]: Searching 'OH' in 'CO3'
03/05 23:00 [DEBUG] cshmd.analysis (_check_and_find_sioh)    : Searching 'OH' in 'SiO4
03/05 23:00 [DEBUG] cshmd.analysis (_check_and_find_sioh)    : point loaded
03/05 23:00 [DEBUG] cshmd.analysis (find_bond)               : find_bond Ca - O 
03/05 23:00 [DEBUG] cshmd.common (time_wrapper)              : [RUNTIME] get_distance_table in 0.120 seconds
03/05 23:00 [DEBUG] cshmd.analysis (find_bond)               : find_bond Si - O 
03/05 23:00 [INFO] cshmd.analysis (Qn)                       : [Structure] Q1: 0.182
03/05 23:00 [INFO] cshmd.analysis (Qn)                       : [Structure] Q2: 0.818
03/05 23:00 [INFO] cshmd.analysis (CS)                       : [Structure] C/S: 0.818
03/05 23:00 [INFO] cshmd.structure (validate_tetra)          : [Structure] BT: 108, PT: 288
03/05 23:00 [INFO] cshmd.analysis (MCL)                      : [Structure] MCL: 5.000
03/05 23:00 [INFO] cshmd.builder (update_manager)            : [Structure] Number of atoms: 3168 -> 3132
03/05 23:00 [INFO] cshmd.structure (writeCif)                : L5H1.cif was created
03/05 23:00 [INFO] cshmd.builder (out_model)                 : Total Charge: 72
03/05 23:00 [INFO] /Users/kimuni/bin/csh_builder (main)      : ----------------------------------------------------------------------
03/05 23:00 [INFO] /Users/kimuni/bin/csh_builder (main)      : ----------------------------------------------------------------------
03/05 23:00 [INFO] cshmd.structure (__init__)                : /Users/kimuni/bin/kimuni/cshmd/data/resources/cif/T14_111_base.cif was loaded
03/05 23:00 [DEBUG] cshmd.analysis (__init__)                : [Structure] Now new data setted for get Bonds
03/05 23:00 [DEBUG] cshmd.analysis (__del_bond__)            : loaded
03/05 23:00 [DEBUG] cshmd.analysis (__initialize_mole__)     : loaded
03/05 23:00 [DEBUG] cshmd.analysis (__init__)                : [Structure] Now new data setted for get Bonds
03/05 23:00 [DEBUG] cshmd.analysis (__del_bond__)            : loaded
03/05 23:00 [DEBUG] cshmd.analysis (__initialize_mole__)     : loaded
03/05 23:00 [DEBUG] cshmd.analysis (find_bond)               : find_bond O - H 
03/05 23:00 [DEBUG] cshmd.common (time_wrapper)              : [RUNTIME] get_distance_table in 0.000 seconds
03/05 23:00 [DEBUG] cshmd.analysis (get_mole)                : get_mole O - H -> nbonds: 2
03/05 23:00 [DEBUG] cshmd.analysis (find_bond)               : find_bond Si - O 
03/05 23:00 [DEBUG] cshmd.common (time_wrapper)              : [RUNTIME] get_distance_table in 0.000 seconds
03/05 23:00 [DEBUG] cshmd.analysis (get_mole)                : get_mole Si - O -> nbonds: 4
03/05 23:00 [DEBUG] cshmd.analysis (get_mole)                : get_mole O - H -> nbonds: 1
03/05 23:00 [DEBUG] cshmd.analysis (find_bond)               : find_bond C - O 
03/05 23:00 [DEBUG] cshmd.analysis (get_mole)                : get_mole C - O -> nbonds: 3
03/05 23:00 [DEBUG] cshmd.analysis (_check_and_find_co3s)    : [Info]: Searching 'OH' in 'CO3'
03/05 23:00 [DEBUG] cshmd.analysis (_check_and_find_sioh)    : Searching 'OH' in 'SiO4
03/05 23:00 [DEBUG] cshmd.analysis (_check_and_find_sioh)    : point loaded
03/05 23:00 [DEBUG] cshmd.analysis (find_bond)               : find_bond Ca - O 
03/05 23:00 [DEBUG] cshmd.common (time_wrapper)              : [RUNTIME] get_distance_table in 0.000 seconds
03/05 23:00 [DEBUG] cshmd.analysis (find_bond)               : find_bond Si - O 
03/05 23:00 [INFO] cshmd.analysis (Qn)                       : [Structure] Q2: 1.000
03/05 23:00 [INFO] cshmd.analysis (CS)                       : [Structure] C/S: 0.750
03/05 23:00 [INFO] cshmd.structure (validate_tetra)          : [Structure] BT: 4, PT: 8
03/05 23:00 [INFO] cshmd.analysis (MCL)                      : [Structure] MCL: inf
03/05 23:00 [INFO] /Users/kimuni/bin/csh_builder (main)      : [Structure] Reading command 'supercell'...
03/05 23:00 [INFO] /Users/kimuni/bin/csh_builder (main)      : [Structure] with arguments 'supercell: [6, 6, 1]'...
03/05 23:00 [INFO] cshmd.structure (makeSupercell)           : [Structure] Supercell created 6 * 6 * 1
03/05 23:00 [DEBUG] cshmd.analysis (__init__)                : [Structure] Now new data setted for get Bonds
03/05 23:00 [DEBUG] cshmd.analysis (__del_bond__)            : loaded
03/05 23:00 [DEBUG] cshmd.analysis (__initialize_mole__)     : loaded
03/05 23:00 [DEBUG] cshmd.analysis (find_bond)               : find_bond O - H 
03/05 23:00 [DEBUG] cshmd.common (time_wrapper)              : [RUNTIME] get_distance_table in 0.274 seconds
03/05 23:00 [DEBUG] cshmd.analysis (get_mole)                : get_mole O - H -> nbonds: 2
03/05 23:00 [DEBUG] cshmd.analysis (find_bond)               : find_bond Si - O 
03/05 23:00 [DEBUG] cshmd.common (time_wrapper)              : [RUNTIME] get_distance_table in 0.151 seconds
03/05 23:00 [DEBUG] cshmd.analysis (get_mole)                : get_mole Si - O -> nbonds: 4
03/05 23:00 [DEBUG] cshmd.analysis (get_mole)                : get_mole O - H -> nbonds: 1
03/05 23:00 [DEBUG] cshmd.analysis (find_bond)               : find_bond C - O 
03/05 23:00 [DEBUG] cshmd.analysis (get_mole)                : get_mole C - O -> nbonds: 3
03/05 23:00 [DEBUG] cshmd.analysis (_check_and_find_co3s)    : [Info]: Searching 'OH' in 'CO3'
03/05 23:00 [DEBUG] cshmd.analysis (_check_and_find_sioh)    : Searching 'OH' in 'SiO4
03/05 23:00 [DEBUG] cshmd.analysis (_check_and_find_sioh)    : point loaded
03/05 23:00 [DEBUG] cshmd.analysis (find_bond)               : find_bond Ca - O 
03/05 23:00 [DEBUG] cshmd.common (time_wrapper)              : [RUNTIME] get_distance_table in 0.095 seconds
03/05 23:00 [DEBUG] cshmd.analysis (find_bond)               : find_bond Si - O 
03/05 23:00 [INFO] cshmd.analysis (Qn)                       : [Structure] Q2: 1.000
03/05 23:00 [INFO] cshmd.analysis (CS)                       : [Structure] C/S: 0.750
03/05 23:00 [INFO] cshmd.structure (validate_tetra)          : [Structure] BT: 144, PT: 288
03/05 23:00 [INFO] cshmd.analysis (MCL)                      : [Structure] MCL: inf
03/05 23:00 [INFO] cshmd.builder (update_manager)            : [Structure] Number of atoms: 90 -> 3240
03/05 23:00 [INFO] /Users/kimuni/bin/csh_builder (main)      : [Structure] Reading command 'defect_BT'...
03/05 23:00 [INFO] /Users/kimuni/bin/csh_builder (main)      : [Structure] with arguments 'scope: half termination: True add_Ca: True seed: 109 keep_OH: False'...
03/05 23:00 [INFO] cshmd.builder (defect_BT)                 : [Structure] Termination scope: True
03/05 23:00 [INFO] cshmd.builder (defect_BT)                 : [Structure] Exists 36 Bridging Tetra in 'top' side
03/05 23:00 [INFO] cshmd.builder (defect_BT)                 : [Structure] Remove 18 Bridging Tetra of 'top' side
03/05 23:00 [INFO] cshmd.builder (defect_BT)                 : [Structure] Exists 36 Bridging Tetra in 'bottom' side
03/05 23:00 [INFO] cshmd.builder (defect_BT)                 : [Structure] Remove 18 Bridging Tetra of 'bottom' side
03/05 23:00 [INFO] cshmd.structure (check_rm_list)           : [Structure] Delete 180 atoms
03/05 23:00 [DEBUG] cshmd.analysis (__init__)                : [Structure] Now new data setted for get Bonds
03/05 23:00 [DEBUG] cshmd.analysis (__del_bond__)            : loaded
03/05 23:00 [DEBUG] cshmd.analysis (__initialize_mole__)     : loaded
03/05 23:00 [DEBUG] cshmd.analysis (find_bond)               : find_bond O - H 
03/05 23:00 [DEBUG] cshmd.common (time_wrapper)              : [RUNTIME] get_distance_table in 0.264 seconds
03/05 23:00 [DEBUG] cshmd.analysis (get_mole)                : get_mole O - H -> nbonds: 2
03/05 23:00 [DEBUG] cshmd.analysis (find_bond)               : find_bond Si - O 
03/05 23:00 [DEBUG] cshmd.common (time_wrapper)              : [RUNTIME] get_distance_table in 0.120 seconds
03/05 23:00 [DEBUG] cshmd.analysis (get_mole)                : get_mole Si - O -> nbonds: 4
03/05 23:00 [DEBUG] cshmd.analysis (get_mole)                : get_mole O - H -> nbonds: 1
03/05 23:00 [DEBUG] cshmd.analysis (find_bond)               : find_bond C - O 
03/05 23:00 [DEBUG] cshmd.analysis (get_mole)                : get_mole C - O -> nbonds: 3
03/05 23:00 [DEBUG] cshmd.analysis (_check_and_find_co3s)    : [Info]: Searching 'OH' in 'CO3'
03/05 23:00 [DEBUG] cshmd.analysis (_check_and_find_sioh)    : Searching 'OH' in 'SiO4
03/05 23:00 [DEBUG] cshmd.analysis (_check_and_find_sioh)    : point loaded
03/05 23:00 [DEBUG] cshmd.analysis (find_bond)               : find_bond Ca - O 
03/05 23:00 [DEBUG] cshmd.common (time_wrapper)              : [RUNTIME] get_distance_table in 0.099 seconds
03/05 23:00 [DEBUG] cshmd.analysis (find_bond)               : find_bond Si - O 
03/05 23:00 [INFO] cshmd.analysis (Qn)                       : [Structure] Q1: 0.182
03/05 23:00 [INFO] cshmd.analysis (Qn)                       : [Structure] Q2: 0.818
03/05 23:00 [INFO] cshmd.analysis (CS)                       : [Structure] C/S: 0.818
03/05 23:00 [INFO] cshmd.structure (validate_tetra)          : [Structure] BT: 108, PT: 288
03/05 23:00 [INFO] cshmd.analysis (MCL)                      : [Structure] MCL: 5.000
03/05 23:00 [INFO] cshmd.builder (update_manager)            : [Structure] Number of atoms: 3240 -> 3168
03/05 23:00 [INFO] /Users/kimuni/bin/csh_builder (main)      : [Structure] Reading command 'add_ca_BT'...
03/05 23:00 [INFO] /Users/kimuni/bin/csh_builder (main)      : [Structure] with arguments 'auto: False'...
03/05 23:00 [INFO] cshmd.builder (add_ca_BT)                 : [Structure] 'Add Ca above all Bridging Tetra'
03/05 23:00 [DEBUG] cshmd.analysis (__init__)                : [Structure] Now new data setted for get Bonds
03/05 23:00 [DEBUG] cshmd.analysis (__del_bond__)            : loaded
03/05 23:00 [DEBUG] cshmd.analysis (__initialize_mole__)     : loaded
03/05 23:00 [DEBUG] cshmd.analysis (find_bond)               : find_bond O - H 
03/05 23:00 [DEBUG] cshmd.common (time_wrapper)              : [RUNTIME] get_distance_table in 0.260 seconds
03/05 23:00 [DEBUG] cshmd.analysis (get_mole)                : get_mole O - H -> nbonds: 2
03/05 23:00 [DEBUG] cshmd.analysis (find_bond)               : find_bond Si - O 
03/05 23:00 [DEBUG] cshmd.common (time_wrapper)              : [RUNTIME] get_distance_table in 0.113 seconds
03/05 23:00 [DEBUG] cshmd.analysis (get_mole)                : get_mole Si - O -> nbonds: 4
03/05 23:00 [DEBUG] cshmd.analysis (get_mole)                : get_mole O - H -> nbonds: 1
03/05 23:00 [DEBUG] cshmd.analysis (find_bond)               : find_bond C - O 
03/05 23:00 [DEBUG] cshmd.analysis (get_mole)                : get_mole C - O -> nbonds: 3
03/05 23:00 [DEBUG] cshmd.analysis (_check_and_find_co3s)    : [Info]: Searching 'OH' in 'CO3'
03/05 23:00 [DEBUG] cshmd.analysis (_check_and_find_sioh)    : Searching 'OH' in 'SiO4
03/05 23:00 [DEBUG] cshmd.analysis (_check_and_find_sioh)    : point loaded
03/05 23:00 [DEBUG] cshmd.analysis (find_bond)               : find_bond Ca - O 
03/05 23:00 [DEBUG] cshmd.common (time_wrapper)              : [RUNTIME] get_distance_table in 0.108 seconds
03/05 23:00 [DEBUG] cshmd.analysis (find_bond)               : find_bond Si - O 
03/05 23:00 [INFO] cshmd.analysis (Qn)                       : [Structure] Q1: 0.182
03/05 23:00 [INFO] cshmd.analysis (Qn)                       : [Structure] Q2: 0.818
03/05 23:00 [INFO] cshmd.analysis (CS)                       : [Structure] C/S: 0.818
03/05 23:00 [INFO] cshmd.structure (validate_tetra)          : [Structure] BT: 108, PT: 288
03/05 23:00 [INFO] cshmd.analysis (MCL)                      : [Structure] MCL: 5.000
03/05 23:00 [INFO] cshmd.builder (update_manager)            : [Structure] Number of atoms: 3168 -> 3204
03/05 23:00 [INFO] cshmd.structure (writeCif)                : L5H2.cif was created
03/05 23:00 [INFO] cshmd.builder (out_model)                 : Total Charge: 144
03/05 23:00 [INFO] /Users/kimuni/bin/csh_builder (main)      : ----------------------------------------------------------------------
03/05 23:00 [INFO] /Users/kimuni/bin/csh_builder (main)      : ----------------------------------------------------------------------
03/05 23:00 [INFO] cshmd.structure (__init__)                : /Users/kimuni/bin/kimuni/cshmd/data/resources/cif/T14_111_base.cif was loaded
03/05 23:00 [DEBUG] cshmd.analysis (__init__)                : [Structure] Now new data setted for get Bonds
03/05 23:00 [DEBUG] cshmd.analysis (__del_bond__)            : loaded
03/05 23:00 [DEBUG] cshmd.analysis (__initialize_mole__)     : loaded
03/05 23:00 [DEBUG] cshmd.analysis (__init__)                : [Structure] Now new data setted for get Bonds
03/05 23:00 [DEBUG] cshmd.analysis (__del_bond__)            : loaded
03/05 23:00 [DEBUG] cshmd.analysis (__initialize_mole__)     : loaded
03/05 23:00 [DEBUG] cshmd.analysis (find_bond)               : find_bond O - H 
03/05 23:00 [DEBUG] cshmd.common (time_wrapper)              : [RUNTIME] get_distance_table in 0.000 seconds
03/05 23:00 [DEBUG] cshmd.analysis (get_mole)                : get_mole O - H -> nbonds: 2
03/05 23:00 [DEBUG] cshmd.analysis (find_bond)               : find_bond Si - O 
03/05 23:00 [DEBUG] cshmd.common (time_wrapper)              : [RUNTIME] get_distance_table in 0.000 seconds
03/05 23:00 [DEBUG] cshmd.analysis (get_mole)                : get_mole Si - O -> nbonds: 4
03/05 23:00 [DEBUG] cshmd.analysis (get_mole)                : get_mole O - H -> nbonds: 1
03/05 23:00 [DEBUG] cshmd.analysis (find_bond)               : find_bond C - O 
03/05 23:00 [DEBUG] cshmd.analysis (get_mole)                : get_mole C - O -> nbonds: 3
03/05 23:00 [DEBUG] cshmd.analysis (_check_and_find_co3s)    : [Info]: Searching 'OH' in 'CO3'
03/05 23:00 [DEBUG] cshmd.analysis (_check_and_find_sioh)    : Searching 'OH' in 'SiO4
03/05 23:00 [DEBUG] cshmd.analysis (_check_and_find_sioh)    : point loaded
03/05 23:00 [DEBUG] cshmd.analysis (find_bond)               : find_bond Ca - O 
03/05 23:00 [DEBUG] cshmd.common (time_wrapper)              : [RUNTIME] get_distance_table in 0.000 seconds
03/05 23:00 [DEBUG] cshmd.analysis (find_bond)               : find_bond Si - O 
03/05 23:00 [INFO] cshmd.analysis (Qn)                       : [Structure] Q2: 1.000
03/05 23:00 [INFO] cshmd.analysis (CS)                       : [Structure] C/S: 0.750
03/05 23:00 [INFO] cshmd.structure (validate_tetra)          : [Structure] BT: 4, PT: 8
03/05 23:00 [INFO] cshmd.analysis (MCL)                      : [Structure] MCL: inf
03/05 23:00 [INFO] /Users/kimuni/bin/csh_builder (main)      : [Structure] Reading command 'supercell'...
03/05 23:00 [INFO] /Users/kimuni/bin/csh_builder (main)      : [Structure] with arguments 'supercell: [6, 6, 1]'...
03/05 23:00 [INFO] cshmd.structure (makeSupercell)           : [Structure] Supercell created 6 * 6 * 1
03/05 23:00 [DEBUG] cshmd.analysis (__init__)                : [Structure] Now new data setted for get Bonds
03/05 23:00 [DEBUG] cshmd.analysis (__del_bond__)            : loaded
03/05 23:00 [DEBUG] cshmd.analysis (__initialize_mole__)     : loaded
03/05 23:00 [DEBUG] cshmd.analysis (find_bond)               : find_bond O - H 
03/05 23:00 [DEBUG] cshmd.common (time_wrapper)              : [RUNTIME] get_distance_table in 0.261 seconds
03/05 23:00 [DEBUG] cshmd.analysis (get_mole)                : get_mole O - H -> nbonds: 2
03/05 23:00 [DEBUG] cshmd.analysis (find_bond)               : find_bond Si - O 
03/05 23:00 [DEBUG] cshmd.common (time_wrapper)              : [RUNTIME] get_distance_table in 0.133 seconds
03/05 23:00 [DEBUG] cshmd.analysis (get_mole)                : get_mole Si - O -> nbonds: 4
03/05 23:00 [DEBUG] cshmd.analysis (get_mole)                : get_mole O - H -> nbonds: 1
03/05 23:00 [DEBUG] cshmd.analysis (find_bond)               : find_bond C - O 
03/05 23:00 [DEBUG] cshmd.analysis (get_mole)                : get_mole C - O -> nbonds: 3
03/05 23:00 [DEBUG] cshmd.analysis (_check_and_find_co3s)    : [Info]: Searching 'OH' in 'CO3'
03/05 23:00 [DEBUG] cshmd.analysis (_check_and_find_sioh)    : Searching 'OH' in 'SiO4
03/05 23:00 [DEBUG] cshmd.analysis (_check_and_find_sioh)    : point loaded
03/05 23:00 [DEBUG] cshmd.analysis (find_bond)               : find_bond Ca - O 
03/05 23:00 [DEBUG] cshmd.common (time_wrapper)              : [RUNTIME] get_distance_table in 0.105 seconds
03/05 23:00 [DEBUG] cshmd.analysis (find_bond)               : find_bond Si - O 
03/05 23:00 [INFO] cshmd.analysis (Qn)                       : [Structure] Q2: 1.000
03/05 23:00 [INFO] cshmd.analysis (CS)                       : [Structure] C/S: 0.750
03/05 23:00 [INFO] cshmd.structure (validate_tetra)          : [Structure] BT: 144, PT: 288
03/05 23:00 [INFO] cshmd.analysis (MCL)                      : [Structure] MCL: inf
03/05 23:00 [INFO] cshmd.builder (update_manager)            : [Structure] Number of atoms: 90 -> 3240
03/05 23:00 [INFO] /Users/kimuni/bin/csh_builder (main)      : [Structure] Reading command 'add_ca_BT'...
03/05 23:00 [INFO] /Users/kimuni/bin/csh_builder (main)      : [Structure] with arguments 'auto: False'...
03/05 23:00 [INFO] cshmd.builder (add_ca_BT)                 : [Structure] 'Add Ca above all Bridging Tetra'
03/05 23:00 [DEBUG] cshmd.analysis (__init__)                : [Structure] Now new data setted for get Bonds
03/05 23:00 [DEBUG] cshmd.analysis (__del_bond__)            : loaded
03/05 23:00 [DEBUG] cshmd.analysis (__initialize_mole__)     : loaded
03/05 23:00 [DEBUG] cshmd.analysis (find_bond)               : find_bond O - H 
03/05 23:00 [DEBUG] cshmd.common (time_wrapper)              : [RUNTIME] get_distance_table in 0.268 seconds
03/05 23:00 [DEBUG] cshmd.analysis (get_mole)                : get_mole O - H -> nbonds: 2
03/05 23:00 [DEBUG] cshmd.analysis (find_bond)               : find_bond Si - O 
03/05 23:00 [DEBUG] cshmd.common (time_wrapper)              : [RUNTIME] get_distance_table in 0.133 seconds
03/05 23:00 [DEBUG] cshmd.analysis (get_mole)                : get_mole Si - O -> nbonds: 4
03/05 23:00 [DEBUG] cshmd.analysis (get_mole)                : get_mole O - H -> nbonds: 1
03/05 23:00 [DEBUG] cshmd.analysis (find_bond)               : find_bond C - O 
03/05 23:00 [DEBUG] cshmd.analysis (get_mole)                : get_mole C - O -> nbonds: 3
03/05 23:00 [DEBUG] cshmd.analysis (_check_and_find_co3s)    : [Info]: Searching 'OH' in 'CO3'
03/05 23:00 [DEBUG] cshmd.analysis (_check_and_find_sioh)    : Searching 'OH' in 'SiO4
03/05 23:00 [DEBUG] cshmd.analysis (_check_and_find_sioh)    : point loaded
03/05 23:00 [DEBUG] cshmd.analysis (find_bond)               : find_bond Ca - O 
03/05 23:00 [DEBUG] cshmd.common (time_wrapper)              : [RUNTIME] get_distance_table in 0.121 seconds
03/05 23:00 [DEBUG] cshmd.analysis (find_bond)               : find_bond Si - O 
03/05 23:00 [INFO] cshmd.analysis (Qn)                       : [Structure] Q2: 1.000
03/05 23:00 [INFO] cshmd.analysis (CS)                       : [Structure] C/S: 0.750
03/05 23:00 [INFO] cshmd.structure (validate_tetra)          : [Structure] BT: 144, PT: 288
03/05 23:00 [INFO] cshmd.analysis (MCL)                      : [Structure] MCL: inf
03/05 23:00 [INFO] cshmd.builder (update_manager)            : [Structure] Number of atoms: 3240 -> 3312
03/05 23:00 [INFO] /Users/kimuni/bin/csh_builder (main)      : [Structure] Reading command 'dprot_BT'...
03/05 23:00 [INFO] /Users/kimuni/bin/csh_builder (main)      : [Structure] with arguments 'scope: all site: all'...
03/05 23:00 [INFO] cshmd.structure (check_rm_list)           : [Structure] Delete 144 atoms
03/05 23:00 [DEBUG] cshmd.analysis (__init__)                : [Structure] Now new data setted for get Bonds
03/05 23:00 [DEBUG] cshmd.analysis (__del_bond__)            : loaded
03/05 23:00 [DEBUG] cshmd.analysis (__initialize_mole__)     : loaded
03/05 23:00 [DEBUG] cshmd.analysis (find_bond)               : find_bond O - H 
03/05 23:00 [DEBUG] cshmd.common (time_wrapper)              : [RUNTIME] get_distance_table in 0.208 seconds
03/05 23:00 [DEBUG] cshmd.analysis (get_mole)                : get_mole O - H -> nbonds: 2
03/05 23:00 [DEBUG] cshmd.analysis (find_bond)               : find_bond Si - O 
03/05 23:00 [DEBUG] cshmd.common (time_wrapper)              : [RUNTIME] get_distance_table in 0.139 seconds
03/05 23:00 [DEBUG] cshmd.analysis (get_mole)                : get_mole Si - O -> nbonds: 4
03/05 23:00 [DEBUG] cshmd.analysis (get_mole)                : get_mole O - H -> nbonds: 1
03/05 23:00 [DEBUG] cshmd.analysis (find_bond)               : find_bond C - O 
03/05 23:00 [DEBUG] cshmd.analysis (get_mole)                : get_mole C - O -> nbonds: 3
03/05 23:00 [DEBUG] cshmd.analysis (_check_and_find_co3s)    : [Info]: Searching 'OH' in 'CO3'
03/05 23:00 [DEBUG] cshmd.analysis (_check_and_find_sioh)    : Searching 'OH' in 'SiO4
03/05 23:00 [DEBUG] cshmd.analysis (_check_and_find_sioh)    : point loaded
03/05 23:00 [DEBUG] cshmd.analysis (find_bond)               : find_bond Ca - O 
03/05 23:00 [DEBUG] cshmd.common (time_wrapper)              : [RUNTIME] get_distance_table in 0.125 seconds
03/05 23:00 [DEBUG] cshmd.analysis (find_bond)               : find_bond Si - O 
03/05 23:00 [INFO] cshmd.analysis (Qn)                       : [Structure] Q2: 1.000
03/05 23:00 [INFO] cshmd.analysis (CS)                       : [Structure] C/S: 0.750
03/05 23:00 [INFO] cshmd.structure (validate_tetra)          : [Structure] BT: 144, PT: 288
03/05 23:00 [INFO] cshmd.analysis (MCL)                      : [Structure] MCL: inf
03/05 23:00 [INFO] cshmd.builder (update_manager)            : [Structure] Number of atoms: 3312 -> 3168
03/05 23:00 [INFO] cshmd.structure (writeCif)                : LiH0.cif was created
03/05 23:00 [INFO] cshmd.builder (out_model)                 : Total Charge: 0
03/05 23:00 [INFO] /Users/kimuni/bin/csh_builder (main)      : ----------------------------------------------------------------------
03/05 23:00 [INFO] /Users/kimuni/bin/csh_builder (main)      : ----------------------------------------------------------------------
03/05 23:00 [INFO] cshmd.structure (__init__)                : /Users/kimuni/bin/kimuni/cshmd/data/resources/cif/T14_111_base.cif was loaded
03/05 23:00 [DEBUG] cshmd.analysis (__init__)                : [Structure] Now new data setted for get Bonds
03/05 23:00 [DEBUG] cshmd.analysis (__del_bond__)            : loaded
03/05 23:00 [DEBUG] cshmd.analysis (__initialize_mole__)     : loaded
03/05 23:00 [DEBUG] cshmd.analysis (__init__)                : [Structure] Now new data setted for get Bonds
03/05 23:00 [DEBUG] cshmd.analysis (__del_bond__)            : loaded
03/05 23:00 [DEBUG] cshmd.analysis (__initialize_mole__)     : loaded
03/05 23:00 [DEBUG] cshmd.analysis (find_bond)               : find_bond O - H 
03/05 23:00 [DEBUG] cshmd.common (time_wrapper)              : [RUNTIME] get_distance_table in 0.000 seconds
03/05 23:00 [DEBUG] cshmd.analysis (get_mole)                : get_mole O - H -> nbonds: 2
03/05 23:00 [DEBUG] cshmd.analysis (find_bond)               : find_bond Si - O 
03/05 23:00 [DEBUG] cshmd.common (time_wrapper)              : [RUNTIME] get_distance_table in 0.000 seconds
03/05 23:00 [DEBUG] cshmd.analysis (get_mole)                : get_mole Si - O -> nbonds: 4
03/05 23:00 [DEBUG] cshmd.analysis (get_mole)                : get_mole O - H -> nbonds: 1
03/05 23:00 [DEBUG] cshmd.analysis (find_bond)               : find_bond C - O 
03/05 23:00 [DEBUG] cshmd.analysis (get_mole)                : get_mole C - O -> nbonds: 3
03/05 23:00 [DEBUG] cshmd.analysis (_check_and_find_co3s)    : [Info]: Searching 'OH' in 'CO3'
03/05 23:00 [DEBUG] cshmd.analysis (_check_and_find_sioh)    : Searching 'OH' in 'SiO4
03/05 23:00 [DEBUG] cshmd.analysis (_check_and_find_sioh)    : point loaded
03/05 23:00 [DEBUG] cshmd.analysis (find_bond)               : find_bond Ca - O 
03/05 23:00 [DEBUG] cshmd.common (time_wrapper)              : [RUNTIME] get_distance_table in 0.000 seconds
03/05 23:00 [DEBUG] cshmd.analysis (find_bond)               : find_bond Si - O 
03/05 23:00 [INFO] cshmd.analysis (Qn)                       : [Structure] Q2: 1.000
03/05 23:00 [INFO] cshmd.analysis (CS)                       : [Structure] C/S: 0.750
03/05 23:00 [INFO] cshmd.structure (validate_tetra)          : [Structure] BT: 4, PT: 8
03/05 23:00 [INFO] cshmd.analysis (MCL)                      : [Structure] MCL: inf
03/05 23:00 [INFO] /Users/kimuni/bin/csh_builder (main)      : [Structure] Reading command 'supercell'...
03/05 23:00 [INFO] /Users/kimuni/bin/csh_builder (main)      : [Structure] with arguments 'supercell: [6, 6, 1]'...
03/05 23:00 [INFO] cshmd.structure (makeSupercell)           : [Structure] Supercell created 6 * 6 * 1
03/05 23:00 [DEBUG] cshmd.analysis (__init__)                : [Structure] Now new data setted for get Bonds
03/05 23:00 [DEBUG] cshmd.analysis (__del_bond__)            : loaded
03/05 23:00 [DEBUG] cshmd.analysis (__initialize_mole__)     : loaded
03/05 23:00 [DEBUG] cshmd.analysis (find_bond)               : find_bond O - H 
03/05 23:00 [DEBUG] cshmd.common (time_wrapper)              : [RUNTIME] get_distance_table in 0.263 seconds
03/05 23:00 [DEBUG] cshmd.analysis (get_mole)                : get_mole O - H -> nbonds: 2
03/05 23:00 [DEBUG] cshmd.analysis (find_bond)               : find_bond Si - O 
03/05 23:00 [DEBUG] cshmd.common (time_wrapper)              : [RUNTIME] get_distance_table in 0.133 seconds
03/05 23:00 [DEBUG] cshmd.analysis (get_mole)                : get_mole Si - O -> nbonds: 4
03/05 23:00 [DEBUG] cshmd.analysis (get_mole)                : get_mole O - H -> nbonds: 1
03/05 23:00 [DEBUG] cshmd.analysis (find_bond)               : find_bond C - O 
03/05 23:00 [DEBUG] cshmd.analysis (get_mole)                : get_mole C - O -> nbonds: 3
03/05 23:00 [DEBUG] cshmd.analysis (_check_and_find_co3s)    : [Info]: Searching 'OH' in 'CO3'
03/05 23:00 [DEBUG] cshmd.analysis (_check_and_find_sioh)    : Searching 'OH' in 'SiO4
03/05 23:00 [DEBUG] cshmd.analysis (_check_and_find_sioh)    : point loaded
03/05 23:00 [DEBUG] cshmd.analysis (find_bond)               : find_bond Ca - O 
03/05 23:00 [DEBUG] cshmd.common (time_wrapper)              : [RUNTIME] get_distance_table in 0.103 seconds
03/05 23:00 [DEBUG] cshmd.analysis (find_bond)               : find_bond Si - O 
03/05 23:00 [INFO] cshmd.analysis (Qn)                       : [Structure] Q2: 1.000
03/05 23:00 [INFO] cshmd.analysis (CS)                       : [Structure] C/S: 0.750
03/05 23:00 [INFO] cshmd.structure (validate_tetra)          : [Structure] BT: 144, PT: 288
03/05 23:00 [INFO] cshmd.analysis (MCL)                      : [Structure] MCL: inf
03/05 23:00 [INFO] cshmd.builder (update_manager)            : [Structure] Number of atoms: 90 -> 3240
03/05 23:00 [INFO] /Users/kimuni/bin/csh_builder (main)      : [Structure] Reading command 'add_ca_BT'...
03/05 23:00 [INFO] /Users/kimuni/bin/csh_builder (main)      : [Structure] with arguments 'auto: False'...
03/05 23:00 [INFO] cshmd.builder (add_ca_BT)                 : [Structure] 'Add Ca above all Bridging Tetra'
03/05 23:00 [DEBUG] cshmd.analysis (__init__)                : [Structure] Now new data setted for get Bonds
03/05 23:00 [DEBUG] cshmd.analysis (__del_bond__)            : loaded
03/05 23:00 [DEBUG] cshmd.analysis (__initialize_mole__)     : loaded
03/05 23:00 [DEBUG] cshmd.analysis (find_bond)               : find_bond O - H 
03/05 23:00 [DEBUG] cshmd.common (time_wrapper)              : [RUNTIME] get_distance_table in 0.264 seconds
03/05 23:00 [DEBUG] cshmd.analysis (get_mole)                : get_mole O - H -> nbonds: 2
03/05 23:00 [DEBUG] cshmd.analysis (find_bond)               : find_bond Si - O 
03/05 23:00 [DEBUG] cshmd.common (time_wrapper)              : [RUNTIME] get_distance_table in 0.135 seconds
03/05 23:00 [DEBUG] cshmd.analysis (get_mole)                : get_mole Si - O -> nbonds: 4
03/05 23:00 [DEBUG] cshmd.analysis (get_mole)                : get_mole O - H -> nbonds: 1
03/05 23:00 [DEBUG] cshmd.analysis (find_bond)               : find_bond C - O 
03/05 23:00 [DEBUG] cshmd.analysis (get_mole)                : get_mole C - O -> nbonds: 3
03/05 23:00 [DEBUG] cshmd.analysis (_check_and_find_co3s)    : [Info]: Searching 'OH' in 'CO3'
03/05 23:00 [DEBUG] cshmd.analysis (_check_and_find_sioh)    : Searching 'OH' in 'SiO4
03/05 23:00 [DEBUG] cshmd.analysis (_check_and_find_sioh)    : point loaded
03/05 23:00 [DEBUG] cshmd.analysis (find_bond)               : find_bond Ca - O 
03/05 23:00 [DEBUG] cshmd.common (time_wrapper)              : [RUNTIME] get_distance_table in 0.123 seconds
03/05 23:00 [DEBUG] cshmd.analysis (find_bond)               : find_bond Si - O 
03/05 23:00 [INFO] cshmd.analysis (Qn)                       : [Structure] Q2: 1.000
03/05 23:00 [INFO] cshmd.analysis (CS)                       : [Structure] C/S: 0.750
03/05 23:00 [INFO] cshmd.structure (validate_tetra)          : [Structure] BT: 144, PT: 288
03/05 23:00 [INFO] cshmd.analysis (MCL)                      : [Structure] MCL: inf
03/05 23:00 [INFO] cshmd.builder (update_manager)            : [Structure] Number of atoms: 3240 -> 3312
03/05 23:00 [INFO] /Users/kimuni/bin/csh_builder (main)      : [Structure] Reading command 'dprot_BT'...
03/05 23:00 [INFO] /Users/kimuni/bin/csh_builder (main)      : [Structure] with arguments 'scope: all site: lower'...
03/05 23:00 [INFO] cshmd.structure (check_rm_list)           : [Structure] Delete 72 atoms
03/05 23:00 [DEBUG] cshmd.analysis (__init__)                : [Structure] Now new data setted for get Bonds
03/05 23:00 [DEBUG] cshmd.analysis (__del_bond__)            : loaded
03/05 23:00 [DEBUG] cshmd.analysis (__initialize_mole__)     : loaded
03/05 23:00 [DEBUG] cshmd.analysis (find_bond)               : find_bond O - H 
03/05 23:00 [DEBUG] cshmd.common (time_wrapper)              : [RUNTIME] get_distance_table in 0.228 seconds
03/05 23:00 [DEBUG] cshmd.analysis (get_mole)                : get_mole O - H -> nbonds: 2
03/05 23:00 [DEBUG] cshmd.analysis (find_bond)               : find_bond Si - O 
03/05 23:00 [DEBUG] cshmd.common (time_wrapper)              : [RUNTIME] get_distance_table in 0.131 seconds
03/05 23:00 [DEBUG] cshmd.analysis (get_mole)                : get_mole Si - O -> nbonds: 4
03/05 23:00 [DEBUG] cshmd.analysis (get_mole)                : get_mole O - H -> nbonds: 1
03/05 23:00 [DEBUG] cshmd.analysis (find_bond)               : find_bond C - O 
03/05 23:00 [DEBUG] cshmd.analysis (get_mole)                : get_mole C - O -> nbonds: 3
03/05 23:00 [DEBUG] cshmd.analysis (_check_and_find_co3s)    : [Info]: Searching 'OH' in 'CO3'
03/05 23:00 [DEBUG] cshmd.analysis (_check_and_find_sioh)    : Searching 'OH' in 'SiO4
03/05 23:00 [DEBUG] cshmd.analysis (_check_and_find_sioh)    : point loaded
03/05 23:00 [DEBUG] cshmd.analysis (find_bond)               : find_bond Ca - O 
03/05 23:00 [DEBUG] cshmd.common (time_wrapper)              : [RUNTIME] get_distance_table in 0.123 seconds
03/05 23:00 [DEBUG] cshmd.analysis (find_bond)               : find_bond Si - O 
03/05 23:00 [INFO] cshmd.analysis (Qn)                       : [Structure] Q2: 1.000
03/05 23:00 [INFO] cshmd.analysis (CS)                       : [Structure] C/S: 0.750
03/05 23:00 [INFO] cshmd.structure (validate_tetra)          : [Structure] BT: 144, PT: 288
03/05 23:00 [INFO] cshmd.analysis (MCL)                      : [Structure] MCL: inf
03/05 23:00 [INFO] cshmd.builder (update_manager)            : [Structure] Number of atoms: 3312 -> 3240
03/05 23:00 [INFO] cshmd.structure (writeCif)                : LiH1.cif was created
03/05 23:00 [INFO] cshmd.builder (out_model)                 : Total Charge: 72
03/05 23:00 [INFO] /Users/kimuni/bin/csh_builder (main)      : ----------------------------------------------------------------------
03/05 23:00 [INFO] /Users/kimuni/bin/csh_builder (main)      : ----------------------------------------------------------------------
03/05 23:00 [INFO] cshmd.structure (__init__)                : /Users/kimuni/bin/kimuni/cshmd/data/resources/cif/T14_111_base.cif was loaded
03/05 23:00 [DEBUG] cshmd.analysis (__init__)                : [Structure] Now new data setted for get Bonds
03/05 23:00 [DEBUG] cshmd.analysis (__del_bond__)            : loaded
03/05 23:00 [DEBUG] cshmd.analysis (__initialize_mole__)     : loaded
03/05 23:00 [DEBUG] cshmd.analysis (__init__)                : [Structure] Now new data setted for get Bonds
03/05 23:00 [DEBUG] cshmd.analysis (__del_bond__)            : loaded
03/05 23:00 [DEBUG] cshmd.analysis (__initialize_mole__)     : loaded
03/05 23:00 [DEBUG] cshmd.analysis (find_bond)               : find_bond O - H 
03/05 23:00 [DEBUG] cshmd.common (time_wrapper)              : [RUNTIME] get_distance_table in 0.000 seconds
03/05 23:00 [DEBUG] cshmd.analysis (get_mole)                : get_mole O - H -> nbonds: 2
03/05 23:00 [DEBUG] cshmd.analysis (find_bond)               : find_bond Si - O 
03/05 23:00 [DEBUG] cshmd.common (time_wrapper)              : [RUNTIME] get_distance_table in 0.000 seconds
03/05 23:00 [DEBUG] cshmd.analysis (get_mole)                : get_mole Si - O -> nbonds: 4
03/05 23:00 [DEBUG] cshmd.analysis (get_mole)                : get_mole O - H -> nbonds: 1
03/05 23:00 [DEBUG] cshmd.analysis (find_bond)               : find_bond C - O 
03/05 23:00 [DEBUG] cshmd.analysis (get_mole)                : get_mole C - O -> nbonds: 3
03/05 23:00 [DEBUG] cshmd.analysis (_check_and_find_co3s)    : [Info]: Searching 'OH' in 'CO3'
03/05 23:00 [DEBUG] cshmd.analysis (_check_and_find_sioh)    : Searching 'OH' in 'SiO4
03/05 23:00 [DEBUG] cshmd.analysis (_check_and_find_sioh)    : point loaded
03/05 23:00 [DEBUG] cshmd.analysis (find_bond)               : find_bond Ca - O 
03/05 23:00 [DEBUG] cshmd.common (time_wrapper)              : [RUNTIME] get_distance_table in 0.000 seconds
03/05 23:00 [DEBUG] cshmd.analysis (find_bond)               : find_bond Si - O 
03/05 23:00 [INFO] cshmd.analysis (Qn)                       : [Structure] Q2: 1.000
03/05 23:00 [INFO] cshmd.analysis (CS)                       : [Structure] C/S: 0.750
03/05 23:00 [INFO] cshmd.structure (validate_tetra)          : [Structure] BT: 4, PT: 8
03/05 23:00 [INFO] cshmd.analysis (MCL)                      : [Structure] MCL: inf
03/05 23:00 [INFO] /Users/kimuni/bin/csh_builder (main)      : [Structure] Reading command 'supercell'...
03/05 23:00 [INFO] /Users/kimuni/bin/csh_builder (main)      : [Structure] with arguments 'supercell: [6, 6, 1]'...
03/05 23:00 [INFO] cshmd.structure (makeSupercell)           : [Structure] Supercell created 6 * 6 * 1
03/05 23:00 [DEBUG] cshmd.analysis (__init__)                : [Structure] Now new data setted for get Bonds
03/05 23:00 [DEBUG] cshmd.analysis (__del_bond__)            : loaded
03/05 23:00 [DEBUG] cshmd.analysis (__initialize_mole__)     : loaded
03/05 23:00 [DEBUG] cshmd.analysis (find_bond)               : find_bond O - H 
03/05 23:00 [DEBUG] cshmd.common (time_wrapper)              : [RUNTIME] get_distance_table in 0.261 seconds
03/05 23:00 [DEBUG] cshmd.analysis (get_mole)                : get_mole O - H -> nbonds: 2
03/05 23:00 [DEBUG] cshmd.analysis (find_bond)               : find_bond Si - O 
03/05 23:00 [DEBUG] cshmd.common (time_wrapper)              : [RUNTIME] get_distance_table in 0.134 seconds
03/05 23:00 [DEBUG] cshmd.analysis (get_mole)                : get_mole Si - O -> nbonds: 4
03/05 23:00 [DEBUG] cshmd.analysis (get_mole)                : get_mole O - H -> nbonds: 1
03/05 23:00 [DEBUG] cshmd.analysis (find_bond)               : find_bond C - O 
03/05 23:00 [DEBUG] cshmd.analysis (get_mole)                : get_mole C - O -> nbonds: 3
03/05 23:00 [DEBUG] cshmd.analysis (_check_and_find_co3s)    : [Info]: Searching 'OH' in 'CO3'
03/05 23:00 [DEBUG] cshmd.analysis (_check_and_find_sioh)    : Searching 'OH' in 'SiO4
03/05 23:00 [DEBUG] cshmd.analysis (_check_and_find_sioh)    : point loaded
03/05 23:00 [DEBUG] cshmd.analysis (find_bond)               : find_bond Ca - O 
03/05 23:00 [DEBUG] cshmd.common (time_wrapper)              : [RUNTIME] get_distance_table in 0.108 seconds
03/05 23:00 [DEBUG] cshmd.analysis (find_bond)               : find_bond Si - O 
03/05 23:00 [INFO] cshmd.analysis (Qn)                       : [Structure] Q2: 1.000
03/05 23:00 [INFO] cshmd.analysis (CS)                       : [Structure] C/S: 0.750
03/05 23:00 [INFO] cshmd.structure (validate_tetra)          : [Structure] BT: 144, PT: 288
03/05 23:00 [INFO] cshmd.analysis (MCL)                      : [Structure] MCL: inf
03/05 23:00 [INFO] cshmd.builder (update_manager)            : [Structure] Number of atoms: 90 -> 3240
03/05 23:00 [INFO] /Users/kimuni/bin/csh_builder (main)      : [Structure] Reading command 'add_ca_BT'...
03/05 23:00 [INFO] /Users/kimuni/bin/csh_builder (main)      : [Structure] with arguments 'auto: False'...
03/05 23:00 [INFO] cshmd.builder (add_ca_BT)                 : [Structure] 'Add Ca above all Bridging Tetra'
03/05 23:00 [DEBUG] cshmd.analysis (__init__)                : [Structure] Now new data setted for get Bonds
03/05 23:00 [DEBUG] cshmd.analysis (__del_bond__)            : loaded
03/05 23:00 [DEBUG] cshmd.analysis (__initialize_mole__)     : loaded
03/05 23:00 [DEBUG] cshmd.analysis (find_bond)               : find_bond O - H 
03/05 23:00 [DEBUG] cshmd.common (time_wrapper)              : [RUNTIME] get_distance_table in 0.277 seconds
03/05 23:00 [DEBUG] cshmd.analysis (get_mole)                : get_mole O - H -> nbonds: 2
03/05 23:00 [DEBUG] cshmd.analysis (find_bond)               : find_bond Si - O 
03/05 23:00 [DEBUG] cshmd.common (time_wrapper)              : [RUNTIME] get_distance_table in 0.133 seconds
03/05 23:00 [DEBUG] cshmd.analysis (get_mole)                : get_mole Si - O -> nbonds: 4
03/05 23:00 [DEBUG] cshmd.analysis (get_mole)                : get_mole O - H -> nbonds: 1
03/05 23:00 [DEBUG] cshmd.analysis (find_bond)               : find_bond C - O 
03/05 23:00 [DEBUG] cshmd.analysis (get_mole)                : get_mole C - O -> nbonds: 3
03/05 23:00 [DEBUG] cshmd.analysis (_check_and_find_co3s)    : [Info]: Searching 'OH' in 'CO3'
03/05 23:00 [DEBUG] cshmd.analysis (_check_and_find_sioh)    : Searching 'OH' in 'SiO4
03/05 23:00 [DEBUG] cshmd.analysis (_check_and_find_sioh)    : point loaded
03/05 23:00 [DEBUG] cshmd.analysis (find_bond)               : find_bond Ca - O 
03/05 23:00 [DEBUG] cshmd.common (time_wrapper)              : [RUNTIME] get_distance_table in 0.121 seconds
03/05 23:00 [DEBUG] cshmd.analysis (find_bond)               : find_bond Si - O 
03/05 23:00 [INFO] cshmd.analysis (Qn)                       : [Structure] Q2: 1.000
03/05 23:00 [INFO] cshmd.analysis (CS)                       : [Structure] C/S: 0.750
03/05 23:00 [INFO] cshmd.structure (validate_tetra)          : [Structure] BT: 144, PT: 288
03/05 23:00 [INFO] cshmd.analysis (MCL)                      : [Structure] MCL: inf
03/05 23:00 [INFO] cshmd.builder (update_manager)            : [Structure] Number of atoms: 3240 -> 3312
03/05 23:00 [INFO] cshmd.structure (writeCif)                : LiH2.cif was created
03/05 23:00 [INFO] cshmd.builder (out_model)                 : Total Charge: 144
03/05 23:00 [INFO] /Users/kimuni/bin/csh_builder (main)      : ----------------------------------------------------------------------
03/05 23:04 [INFO] cif_modifier (<module>)                   : Logger loaded
03/05 23:04 [INFO] cshmd.structure (__init__)                : L2H0.cif was loaded
03/05 23:04 [DEBUG] cshmd.analysis (__init__)                : [Structure] Now new data setted for get Bonds
03/05 23:04 [DEBUG] cshmd.analysis (__del_bond__)            : loaded
03/05 23:04 [DEBUG] cshmd.analysis (__initialize_mole__)     : loaded
03/05 23:04 [DEBUG] cshmd.analysis (__init__)                : [Structure] Now new data setted for get Bonds
03/05 23:04 [DEBUG] cshmd.analysis (__del_bond__)            : loaded
03/05 23:04 [DEBUG] cshmd.analysis (__initialize_mole__)     : loaded
03/05 23:04 [INFO] cshmd.structure (extendLattice)           : Extend lattice 40.411 44.551 27.988 -> 40.411 44.551 29.488 
03/05 23:04 [INFO] cshmd.structure (writeCif)                : L2H0.cif was created
03/05 23:04 [INFO] cif_modifier (__init__)                   : Total charge: 0 -> 0
03/05 23:04 [INFO] cif_modifier (<module>)                   : Logger loaded
03/05 23:04 [INFO] cshmd.structure (__init__)                : L2H0.cif was loaded
03/05 23:04 [DEBUG] cshmd.analysis (__init__)                : [Structure] Now new data setted for get Bonds
03/05 23:04 [DEBUG] cshmd.analysis (__del_bond__)            : loaded
03/05 23:04 [DEBUG] cshmd.analysis (__initialize_mole__)     : loaded
03/05 23:04 [DEBUG] cshmd.analysis (__init__)                : [Structure] Now new data setted for get Bonds
03/05 23:04 [DEBUG] cshmd.analysis (__del_bond__)            : loaded
03/05 23:04 [DEBUG] cshmd.analysis (__initialize_mole__)     : loaded
03/05 23:04 [DEBUG] cshmd.analysis (find_bond)               : find_bond O - H 
03/05 23:04 [DEBUG] cshmd.common (time_wrapper)              : [RUNTIME] get_distance_table in 0.216 seconds
03/05 23:04 [DEBUG] cshmd.analysis (get_mole)                : get_mole O - H -> nbonds: 1
03/05 23:04 [DEBUG] cshmd.analysis (get_mole)                : get_mole O - H -> nbonds: 2
03/05 23:04 [DEBUG] cshmd.analysis (find_bond)               : find_bond C - O 
03/05 23:04 [DEBUG] cshmd.analysis (get_mole)                : get_mole C - O -> nbonds: 3
03/05 23:04 [DEBUG] cshmd.analysis (find_bond)               : find_bond Si - O 
03/05 23:04 [DEBUG] cshmd.common (time_wrapper)              : [RUNTIME] get_distance_table in 0.126 seconds
03/05 23:04 [DEBUG] cshmd.analysis (get_mole)                : get_mole Si - O -> nbonds: 4
03/05 23:04 [INFO] cshmd.functions (cal_uniform_by_space)    : Number of molecules to add : 1310
03/05 23:04 [INFO] cshmd.functions (cal_uniform_by_space)    : Number of atoms per surface : 156
03/05 23:04 [INFO] cshmd.functions (cal_uniform_by_space)    : Number of layer : 9
03/05 23:04 [INFO] cshmd.structure (extendLattice)           : Extend lattice 40.411 44.551 29.488 -> 40.411 44.551 47.487 
03/05 23:04 [INFO] cif_modifier (exec_make_interface)        : Number of atoms: 2952 -> 6882
03/05 23:04 [INFO] cshmd.structure (labeling_by_clayff)      : Now get label according to 'Clayff' style
03/05 23:04 [DEBUG] cshmd.analysis (find_bond)               : find_bond O - H 
03/05 23:04 [DEBUG] cshmd.analysis (get_mole)                : get_mole O - H -> nbonds: 1
03/05 23:04 [DEBUG] cshmd.analysis (get_mole)                : get_mole O - H -> nbonds: 2
03/05 23:04 [DEBUG] cshmd.analysis (find_bond)               : find_bond Si - O 
03/05 23:04 [DEBUG] cshmd.analysis (get_mole)                : get_mole Si - O -> nbonds: 4
03/05 23:04 [DEBUG] cshmd.analysis (find_bond)               : find_bond C - O 
03/05 23:04 [DEBUG] cshmd.analysis (get_mole)                : get_mole C - O -> nbonds: 3
03/05 23:04 [INFO] cshmd.structure (labeling_by_clayff)      : All atoms labeled by clayff
03/05 23:04 [INFO] cshmd.structure (labeling_by_clayff)      : Clayff charge: -0.000
03/05 23:04 [INFO] cshmd.structure (writeCif)                : wL2H0.cif was created
03/05 23:04 [INFO] cif_modifier (__init__)                   : Total charge: 0 -> 0
03/05 23:04 [INFO] cif_modifier (<module>)                   : Logger loaded
03/05 23:04 [INFO] cshmd.structure (__init__)                : L2H0H2.cif was loaded
03/05 23:04 [DEBUG] cshmd.analysis (__init__)                : [Structure] Now new data setted for get Bonds
03/05 23:04 [DEBUG] cshmd.analysis (__del_bond__)            : loaded
03/05 23:04 [DEBUG] cshmd.analysis (__initialize_mole__)     : loaded
03/05 23:04 [DEBUG] cshmd.analysis (__init__)                : [Structure] Now new data setted for get Bonds
03/05 23:04 [DEBUG] cshmd.analysis (__del_bond__)            : loaded
03/05 23:04 [DEBUG] cshmd.analysis (__initialize_mole__)     : loaded
03/05 23:04 [INFO] cshmd.structure (extendLattice)           : Extend lattice 40.411 44.551 27.988 -> 40.411 44.551 29.488 
03/05 23:04 [INFO] cshmd.structure (writeCif)                : L2H0H2.cif was created
03/05 23:04 [INFO] cif_modifier (__init__)                   : Total charge: 72 -> 72
03/05 23:04 [INFO] cif_modifier (<module>)                   : Logger loaded
03/05 23:04 [INFO] cshmd.structure (__init__)                : L2H0H2.cif was loaded
03/05 23:04 [DEBUG] cshmd.analysis (__init__)                : [Structure] Now new data setted for get Bonds
03/05 23:04 [DEBUG] cshmd.analysis (__del_bond__)            : loaded
03/05 23:04 [DEBUG] cshmd.analysis (__initialize_mole__)     : loaded
03/05 23:04 [DEBUG] cshmd.analysis (__init__)                : [Structure] Now new data setted for get Bonds
03/05 23:04 [DEBUG] cshmd.analysis (__del_bond__)            : loaded
03/05 23:04 [DEBUG] cshmd.analysis (__initialize_mole__)     : loaded
03/05 23:04 [DEBUG] cshmd.analysis (find_bond)               : find_bond O - H 
03/05 23:04 [DEBUG] cshmd.common (time_wrapper)              : [RUNTIME] get_distance_table in 0.251 seconds
03/05 23:04 [DEBUG] cshmd.analysis (get_mole)                : get_mole O - H -> nbonds: 1
03/05 23:04 [DEBUG] cshmd.analysis (get_mole)                : get_mole O - H -> nbonds: 2
03/05 23:04 [DEBUG] cshmd.analysis (find_bond)               : find_bond C - O 
03/05 23:04 [DEBUG] cshmd.analysis (get_mole)                : get_mole C - O -> nbonds: 3
03/05 23:04 [DEBUG] cshmd.analysis (find_bond)               : find_bond Si - O 
03/05 23:04 [DEBUG] cshmd.common (time_wrapper)              : [RUNTIME] get_distance_table in 0.124 seconds
03/05 23:04 [DEBUG] cshmd.analysis (get_mole)                : get_mole Si - O -> nbonds: 4
03/05 23:04 [INFO] cshmd.functions (cal_uniform_by_space)    : Number of molecules to add : 1310
03/05 23:04 [INFO] cshmd.functions (cal_uniform_by_space)    : Number of atoms per surface : 156
03/05 23:04 [INFO] cshmd.functions (cal_uniform_by_space)    : Number of layer : 9
03/05 23:04 [INFO] cshmd.structure (extendLattice)           : Extend lattice 40.411 44.551 29.488 -> 40.411 44.551 47.487 
03/05 23:04 [INFO] cif_modifier (exec_make_interface)        : Number of atoms: 3024 -> 6954
03/05 23:04 [INFO] cshmd.structure (labeling_by_clayff)      : Now get label according to 'Clayff' style
03/05 23:04 [DEBUG] cshmd.analysis (find_bond)               : find_bond O - H 
03/05 23:04 [DEBUG] cshmd.analysis (get_mole)                : get_mole O - H -> nbonds: 1
03/05 23:04 [DEBUG] cshmd.analysis (get_mole)                : get_mole O - H -> nbonds: 2
03/05 23:04 [DEBUG] cshmd.analysis (find_bond)               : find_bond Si - O 
03/05 23:04 [DEBUG] cshmd.analysis (get_mole)                : get_mole Si - O -> nbonds: 4
03/05 23:04 [DEBUG] cshmd.analysis (find_bond)               : find_bond C - O 
03/05 23:04 [DEBUG] cshmd.analysis (get_mole)                : get_mole C - O -> nbonds: 3
03/05 23:04 [INFO] cshmd.structure (labeling_by_clayff)      : All atoms labeled by clayff
03/05 23:04 [INFO] cshmd.structure (labeling_by_clayff)      : Clayff charge: 37.800
03/05 23:04 [INFO] cshmd.structure (writeCif)                : wL2H0H2.cif was created
03/05 23:04 [INFO] cif_modifier (__init__)                   : Total charge: 72 -> 72
03/05 23:04 [INFO] cif_modifier (<module>)                   : Logger loaded
03/05 23:04 [INFO] cshmd.structure (__init__)                : L2H2.cif was loaded
03/05 23:04 [DEBUG] cshmd.analysis (__init__)                : [Structure] Now new data setted for get Bonds
03/05 23:04 [DEBUG] cshmd.analysis (__del_bond__)            : loaded
03/05 23:04 [DEBUG] cshmd.analysis (__initialize_mole__)     : loaded
03/05 23:04 [DEBUG] cshmd.analysis (__init__)                : [Structure] Now new data setted for get Bonds
03/05 23:04 [DEBUG] cshmd.analysis (__del_bond__)            : loaded
03/05 23:04 [DEBUG] cshmd.analysis (__initialize_mole__)     : loaded
03/05 23:04 [INFO] cshmd.structure (extendLattice)           : Extend lattice 40.411 44.551 27.988 -> 40.411 44.551 29.488 
03/05 23:04 [INFO] cshmd.structure (writeCif)                : L2H2.cif was created
03/05 23:04 [INFO] cif_modifier (__init__)                   : Total charge: 144 -> 144
03/05 23:04 [INFO] cif_modifier (<module>)                   : Logger loaded
03/05 23:04 [INFO] cshmd.structure (__init__)                : L2H2.cif was loaded
03/05 23:04 [DEBUG] cshmd.analysis (__init__)                : [Structure] Now new data setted for get Bonds
03/05 23:04 [DEBUG] cshmd.analysis (__del_bond__)            : loaded
03/05 23:04 [DEBUG] cshmd.analysis (__initialize_mole__)     : loaded
03/05 23:04 [DEBUG] cshmd.analysis (__init__)                : [Structure] Now new data setted for get Bonds
03/05 23:04 [DEBUG] cshmd.analysis (__del_bond__)            : loaded
03/05 23:04 [DEBUG] cshmd.analysis (__initialize_mole__)     : loaded
03/05 23:04 [DEBUG] cshmd.analysis (find_bond)               : find_bond O - H 
03/05 23:04 [DEBUG] cshmd.common (time_wrapper)              : [RUNTIME] get_distance_table in 0.345 seconds
03/05 23:04 [DEBUG] cshmd.analysis (get_mole)                : get_mole O - H -> nbonds: 1
03/05 23:04 [DEBUG] cshmd.analysis (get_mole)                : get_mole O - H -> nbonds: 2
03/05 23:04 [DEBUG] cshmd.analysis (find_bond)               : find_bond C - O 
03/05 23:04 [DEBUG] cshmd.analysis (get_mole)                : get_mole C - O -> nbonds: 3
03/05 23:04 [DEBUG] cshmd.analysis (find_bond)               : find_bond Si - O 
03/05 23:04 [DEBUG] cshmd.common (time_wrapper)              : [RUNTIME] get_distance_table in 0.133 seconds
03/05 23:04 [DEBUG] cshmd.analysis (get_mole)                : get_mole Si - O -> nbonds: 4
03/05 23:04 [INFO] cshmd.functions (cal_uniform_by_space)    : Number of molecules to add : 1310
03/05 23:04 [INFO] cshmd.functions (cal_uniform_by_space)    : Number of atoms per surface : 156
03/05 23:04 [INFO] cshmd.functions (cal_uniform_by_space)    : Number of layer : 9
03/05 23:04 [INFO] cshmd.structure (extendLattice)           : Extend lattice 40.411 44.551 29.488 -> 40.411 44.551 47.487 
03/05 23:04 [INFO] cif_modifier (exec_make_interface)        : Number of atoms: 3096 -> 7026
03/05 23:04 [INFO] cshmd.structure (labeling_by_clayff)      : Now get label according to 'Clayff' style
03/05 23:04 [DEBUG] cshmd.analysis (find_bond)               : find_bond O - H 
03/05 23:04 [DEBUG] cshmd.analysis (get_mole)                : get_mole O - H -> nbonds: 1
03/05 23:04 [DEBUG] cshmd.analysis (get_mole)                : get_mole O - H -> nbonds: 2
03/05 23:04 [DEBUG] cshmd.analysis (find_bond)               : find_bond Si - O 
03/05 23:04 [DEBUG] cshmd.analysis (get_mole)                : get_mole Si - O -> nbonds: 4
03/05 23:04 [DEBUG] cshmd.analysis (find_bond)               : find_bond C - O 
03/05 23:04 [DEBUG] cshmd.analysis (get_mole)                : get_mole C - O -> nbonds: 3
03/05 23:04 [INFO] cshmd.structure (labeling_by_clayff)      : All atoms labeled by clayff
03/05 23:04 [INFO] cshmd.structure (labeling_by_clayff)      : Clayff charge: 75.600
03/05 23:04 [INFO] cshmd.structure (writeCif)                : wL2H2.cif was created
03/05 23:04 [INFO] cif_modifier (__init__)                   : Total charge: 144 -> 144
03/05 23:04 [INFO] cif_modifier (<module>)                   : Logger loaded
03/05 23:04 [INFO] cshmd.structure (__init__)                : L5H0.cif was loaded
03/05 23:04 [DEBUG] cshmd.analysis (__init__)                : [Structure] Now new data setted for get Bonds
03/05 23:04 [DEBUG] cshmd.analysis (__del_bond__)            : loaded
03/05 23:04 [DEBUG] cshmd.analysis (__initialize_mole__)     : loaded
03/05 23:04 [DEBUG] cshmd.analysis (__init__)                : [Structure] Now new data setted for get Bonds
03/05 23:04 [DEBUG] cshmd.analysis (__del_bond__)            : loaded
03/05 23:04 [DEBUG] cshmd.analysis (__initialize_mole__)     : loaded
03/05 23:04 [INFO] cshmd.structure (extendLattice)           : Extend lattice 40.411 44.551 27.988 -> 40.411 44.551 29.488 
03/05 23:04 [INFO] cshmd.structure (writeCif)                : L5H0.cif was created
03/05 23:04 [INFO] cif_modifier (__init__)                   : Total charge: 0 -> 0
03/05 23:04 [INFO] cif_modifier (<module>)                   : Logger loaded
03/05 23:04 [INFO] cshmd.structure (__init__)                : L5H0.cif was loaded
03/05 23:04 [DEBUG] cshmd.analysis (__init__)                : [Structure] Now new data setted for get Bonds
03/05 23:04 [DEBUG] cshmd.analysis (__del_bond__)            : loaded
03/05 23:04 [DEBUG] cshmd.analysis (__initialize_mole__)     : loaded
03/05 23:04 [DEBUG] cshmd.analysis (__init__)                : [Structure] Now new data setted for get Bonds
03/05 23:04 [DEBUG] cshmd.analysis (__del_bond__)            : loaded
03/05 23:04 [DEBUG] cshmd.analysis (__initialize_mole__)     : loaded
03/05 23:04 [DEBUG] cshmd.analysis (find_bond)               : find_bond O - H 
03/05 23:04 [DEBUG] cshmd.common (time_wrapper)              : [RUNTIME] get_distance_table in 0.221 seconds
03/05 23:04 [DEBUG] cshmd.analysis (get_mole)                : get_mole O - H -> nbonds: 1
03/05 23:04 [DEBUG] cshmd.analysis (get_mole)                : get_mole O - H -> nbonds: 2
03/05 23:04 [DEBUG] cshmd.analysis (find_bond)               : find_bond C - O 
03/05 23:04 [DEBUG] cshmd.analysis (get_mole)                : get_mole C - O -> nbonds: 3
03/05 23:04 [DEBUG] cshmd.analysis (find_bond)               : find_bond Si - O 
03/05 23:04 [DEBUG] cshmd.common (time_wrapper)              : [RUNTIME] get_distance_table in 0.133 seconds
03/05 23:04 [DEBUG] cshmd.analysis (get_mole)                : get_mole Si - O -> nbonds: 4
03/05 23:04 [INFO] cshmd.functions (cal_uniform_by_space)    : Number of molecules to add : 1310
03/05 23:04 [INFO] cshmd.functions (cal_uniform_by_space)    : Number of atoms per surface : 156
03/05 23:04 [INFO] cshmd.functions (cal_uniform_by_space)    : Number of layer : 9
03/05 23:04 [INFO] cshmd.structure (extendLattice)           : Extend lattice 40.411 44.551 29.488 -> 40.411 44.551 47.487 
03/05 23:04 [INFO] cif_modifier (exec_make_interface)        : Number of atoms: 3060 -> 6990
03/05 23:04 [INFO] cshmd.structure (labeling_by_clayff)      : Now get label according to 'Clayff' style
03/05 23:04 [DEBUG] cshmd.analysis (find_bond)               : find_bond O - H 
03/05 23:04 [DEBUG] cshmd.analysis (get_mole)                : get_mole O - H -> nbonds: 1
03/05 23:04 [DEBUG] cshmd.analysis (get_mole)                : get_mole O - H -> nbonds: 2
03/05 23:04 [DEBUG] cshmd.analysis (find_bond)               : find_bond Si - O 
03/05 23:04 [DEBUG] cshmd.analysis (get_mole)                : get_mole Si - O -> nbonds: 4
03/05 23:04 [DEBUG] cshmd.analysis (find_bond)               : find_bond C - O 
03/05 23:04 [DEBUG] cshmd.analysis (get_mole)                : get_mole C - O -> nbonds: 3
03/05 23:04 [INFO] cshmd.structure (labeling_by_clayff)      : All atoms labeled by clayff
03/05 23:04 [INFO] cshmd.structure (labeling_by_clayff)      : Clayff charge: -0.000
03/05 23:04 [INFO] cshmd.structure (writeCif)                : wL5H0.cif was created
03/05 23:04 [INFO] cif_modifier (__init__)                   : Total charge: 0 -> 0
03/05 23:04 [INFO] cif_modifier (<module>)                   : Logger loaded
03/05 23:04 [INFO] cshmd.structure (__init__)                : L5H0H2.cif was loaded
03/05 23:04 [DEBUG] cshmd.analysis (__init__)                : [Structure] Now new data setted for get Bonds
03/05 23:04 [DEBUG] cshmd.analysis (__del_bond__)            : loaded
03/05 23:04 [DEBUG] cshmd.analysis (__initialize_mole__)     : loaded
03/05 23:04 [DEBUG] cshmd.analysis (__init__)                : [Structure] Now new data setted for get Bonds
03/05 23:04 [DEBUG] cshmd.analysis (__del_bond__)            : loaded
03/05 23:04 [DEBUG] cshmd.analysis (__initialize_mole__)     : loaded
03/05 23:04 [INFO] cshmd.structure (extendLattice)           : Extend lattice 40.411 44.551 27.988 -> 40.411 44.551 29.488 
03/05 23:04 [INFO] cshmd.structure (writeCif)                : L5H0H2.cif was created
03/05 23:04 [INFO] cif_modifier (__init__)                   : Total charge: 72 -> 72
03/05 23:04 [INFO] cif_modifier (<module>)                   : Logger loaded
03/05 23:04 [INFO] cshmd.structure (__init__)                : L5H0H2.cif was loaded
03/05 23:04 [DEBUG] cshmd.analysis (__init__)                : [Structure] Now new data setted for get Bonds
03/05 23:04 [DEBUG] cshmd.analysis (__del_bond__)            : loaded
03/05 23:04 [DEBUG] cshmd.analysis (__initialize_mole__)     : loaded
03/05 23:04 [DEBUG] cshmd.analysis (__init__)                : [Structure] Now new data setted for get Bonds
03/05 23:04 [DEBUG] cshmd.analysis (__del_bond__)            : loaded
03/05 23:04 [DEBUG] cshmd.analysis (__initialize_mole__)     : loaded
03/05 23:04 [DEBUG] cshmd.analysis (find_bond)               : find_bond O - H 
03/05 23:04 [DEBUG] cshmd.common (time_wrapper)              : [RUNTIME] get_distance_table in 0.281 seconds
03/05 23:04 [DEBUG] cshmd.analysis (get_mole)                : get_mole O - H -> nbonds: 1
03/05 23:04 [DEBUG] cshmd.analysis (get_mole)                : get_mole O - H -> nbonds: 2
03/05 23:04 [DEBUG] cshmd.analysis (find_bond)               : find_bond C - O 
03/05 23:04 [DEBUG] cshmd.analysis (get_mole)                : get_mole C - O -> nbonds: 3
03/05 23:04 [DEBUG] cshmd.analysis (find_bond)               : find_bond Si - O 
03/05 23:04 [DEBUG] cshmd.common (time_wrapper)              : [RUNTIME] get_distance_table in 0.145 seconds
03/05 23:04 [DEBUG] cshmd.analysis (get_mole)                : get_mole Si - O -> nbonds: 4
03/05 23:04 [INFO] cshmd.functions (cal_uniform_by_space)    : Number of molecules to add : 1310
03/05 23:04 [INFO] cshmd.functions (cal_uniform_by_space)    : Number of atoms per surface : 156
03/05 23:04 [INFO] cshmd.functions (cal_uniform_by_space)    : Number of layer : 9
03/05 23:04 [INFO] cshmd.structure (extendLattice)           : Extend lattice 40.411 44.551 29.488 -> 40.411 44.551 47.487 
03/05 23:04 [INFO] cif_modifier (exec_make_interface)        : Number of atoms: 3132 -> 7062
03/05 23:04 [INFO] cshmd.structure (labeling_by_clayff)      : Now get label according to 'Clayff' style
03/05 23:04 [DEBUG] cshmd.analysis (find_bond)               : find_bond O - H 
03/05 23:04 [DEBUG] cshmd.analysis (get_mole)                : get_mole O - H -> nbonds: 1
03/05 23:04 [DEBUG] cshmd.analysis (get_mole)                : get_mole O - H -> nbonds: 2
03/05 23:04 [DEBUG] cshmd.analysis (find_bond)               : find_bond Si - O 
03/05 23:04 [DEBUG] cshmd.analysis (get_mole)                : get_mole Si - O -> nbonds: 4
03/05 23:04 [DEBUG] cshmd.analysis (find_bond)               : find_bond C - O 
03/05 23:04 [DEBUG] cshmd.analysis (get_mole)                : get_mole C - O -> nbonds: 3
03/05 23:04 [INFO] cshmd.structure (labeling_by_clayff)      : All atoms labeled by clayff
03/05 23:04 [INFO] cshmd.structure (labeling_by_clayff)      : Clayff charge: 37.800
03/05 23:04 [INFO] cshmd.structure (writeCif)                : wL5H0H2.cif was created
03/05 23:04 [INFO] cif_modifier (__init__)                   : Total charge: 72 -> 72
03/05 23:04 [INFO] cif_modifier (<module>)                   : Logger loaded
03/05 23:04 [INFO] cshmd.structure (__init__)                : L5H2.cif was loaded
03/05 23:04 [DEBUG] cshmd.analysis (__init__)                : [Structure] Now new data setted for get Bonds
03/05 23:04 [DEBUG] cshmd.analysis (__del_bond__)            : loaded
03/05 23:04 [DEBUG] cshmd.analysis (__initialize_mole__)     : loaded
03/05 23:04 [DEBUG] cshmd.analysis (__init__)                : [Structure] Now new data setted for get Bonds
03/05 23:04 [DEBUG] cshmd.analysis (__del_bond__)            : loaded
03/05 23:04 [DEBUG] cshmd.analysis (__initialize_mole__)     : loaded
03/05 23:04 [INFO] cshmd.structure (extendLattice)           : Extend lattice 40.411 44.551 27.988 -> 40.411 44.551 29.488 
03/05 23:04 [INFO] cshmd.structure (writeCif)                : L5H2.cif was created
03/05 23:04 [INFO] cif_modifier (__init__)                   : Total charge: 144 -> 144
03/05 23:04 [INFO] cif_modifier (<module>)                   : Logger loaded
03/05 23:04 [INFO] cshmd.structure (__init__)                : L5H2.cif was loaded
03/05 23:04 [DEBUG] cshmd.analysis (__init__)                : [Structure] Now new data setted for get Bonds
03/05 23:04 [DEBUG] cshmd.analysis (__del_bond__)            : loaded
03/05 23:04 [DEBUG] cshmd.analysis (__initialize_mole__)     : loaded
03/05 23:04 [DEBUG] cshmd.analysis (__init__)                : [Structure] Now new data setted for get Bonds
03/05 23:04 [DEBUG] cshmd.analysis (__del_bond__)            : loaded
03/05 23:04 [DEBUG] cshmd.analysis (__initialize_mole__)     : loaded
03/05 23:04 [DEBUG] cshmd.analysis (find_bond)               : find_bond O - H 
03/05 23:04 [DEBUG] cshmd.common (time_wrapper)              : [RUNTIME] get_distance_table in 0.280 seconds
03/05 23:04 [DEBUG] cshmd.analysis (get_mole)                : get_mole O - H -> nbonds: 1
03/05 23:04 [DEBUG] cshmd.analysis (get_mole)                : get_mole O - H -> nbonds: 2
03/05 23:04 [DEBUG] cshmd.analysis (find_bond)               : find_bond C - O 
03/05 23:04 [DEBUG] cshmd.analysis (get_mole)                : get_mole C - O -> nbonds: 3
03/05 23:04 [DEBUG] cshmd.analysis (find_bond)               : find_bond Si - O 
03/05 23:04 [DEBUG] cshmd.common (time_wrapper)              : [RUNTIME] get_distance_table in 0.134 seconds
03/05 23:04 [DEBUG] cshmd.analysis (get_mole)                : get_mole Si - O -> nbonds: 4
03/05 23:04 [INFO] cshmd.functions (cal_uniform_by_space)    : Number of molecules to add : 1310
03/05 23:04 [INFO] cshmd.functions (cal_uniform_by_space)    : Number of atoms per surface : 156
03/05 23:04 [INFO] cshmd.functions (cal_uniform_by_space)    : Number of layer : 9
03/05 23:04 [INFO] cshmd.structure (extendLattice)           : Extend lattice 40.411 44.551 29.488 -> 40.411 44.551 47.487 
03/05 23:04 [INFO] cif_modifier (exec_make_interface)        : Number of atoms: 3204 -> 7134
03/05 23:04 [INFO] cshmd.structure (labeling_by_clayff)      : Now get label according to 'Clayff' style
03/05 23:04 [DEBUG] cshmd.analysis (find_bond)               : find_bond O - H 
03/05 23:04 [DEBUG] cshmd.analysis (get_mole)                : get_mole O - H -> nbonds: 1
03/05 23:04 [DEBUG] cshmd.analysis (get_mole)                : get_mole O - H -> nbonds: 2
03/05 23:04 [DEBUG] cshmd.analysis (find_bond)               : find_bond Si - O 
03/05 23:04 [DEBUG] cshmd.analysis (get_mole)                : get_mole Si - O -> nbonds: 4
03/05 23:04 [DEBUG] cshmd.analysis (find_bond)               : find_bond C - O 
03/05 23:04 [DEBUG] cshmd.analysis (get_mole)                : get_mole C - O -> nbonds: 3
03/05 23:04 [INFO] cshmd.structure (labeling_by_clayff)      : All atoms labeled by clayff
03/05 23:04 [INFO] cshmd.structure (labeling_by_clayff)      : Clayff charge: 75.600
03/05 23:04 [INFO] cshmd.structure (writeCif)                : wL5H2.cif was created
03/05 23:04 [INFO] cif_modifier (__init__)                   : Total charge: 144 -> 144
03/05 23:04 [INFO] cif_modifier (<module>)                   : Logger loaded
03/05 23:04 [INFO] cshmd.structure (__init__)                : LiH0.cif was loaded
03/05 23:04 [DEBUG] cshmd.analysis (__init__)                : [Structure] Now new data setted for get Bonds
03/05 23:04 [DEBUG] cshmd.analysis (__del_bond__)            : loaded
03/05 23:04 [DEBUG] cshmd.analysis (__initialize_mole__)     : loaded
03/05 23:04 [DEBUG] cshmd.analysis (__init__)                : [Structure] Now new data setted for get Bonds
03/05 23:04 [DEBUG] cshmd.analysis (__del_bond__)            : loaded
03/05 23:04 [DEBUG] cshmd.analysis (__initialize_mole__)     : loaded
03/05 23:04 [INFO] cshmd.structure (extendLattice)           : Extend lattice 40.411 44.551 27.988 -> 40.411 44.551 29.488 
03/05 23:04 [INFO] cshmd.structure (writeCif)                : LiH0.cif was created
03/05 23:04 [INFO] cif_modifier (__init__)                   : Total charge: 0 -> 0
03/05 23:04 [INFO] cif_modifier (<module>)                   : Logger loaded
03/05 23:04 [INFO] cshmd.structure (__init__)                : LiH0.cif was loaded
03/05 23:04 [DEBUG] cshmd.analysis (__init__)                : [Structure] Now new data setted for get Bonds
03/05 23:04 [DEBUG] cshmd.analysis (__del_bond__)            : loaded
03/05 23:04 [DEBUG] cshmd.analysis (__initialize_mole__)     : loaded
03/05 23:04 [DEBUG] cshmd.analysis (__init__)                : [Structure] Now new data setted for get Bonds
03/05 23:04 [DEBUG] cshmd.analysis (__del_bond__)            : loaded
03/05 23:04 [DEBUG] cshmd.analysis (__initialize_mole__)     : loaded
03/05 23:04 [DEBUG] cshmd.analysis (find_bond)               : find_bond O - H 
03/05 23:04 [DEBUG] cshmd.common (time_wrapper)              : [RUNTIME] get_distance_table in 0.252 seconds
03/05 23:04 [DEBUG] cshmd.analysis (get_mole)                : get_mole O - H -> nbonds: 1
03/05 23:04 [DEBUG] cshmd.analysis (get_mole)                : get_mole O - H -> nbonds: 2
03/05 23:04 [DEBUG] cshmd.analysis (find_bond)               : find_bond C - O 
03/05 23:04 [DEBUG] cshmd.analysis (get_mole)                : get_mole C - O -> nbonds: 3
03/05 23:04 [DEBUG] cshmd.analysis (find_bond)               : find_bond Si - O 
03/05 23:04 [DEBUG] cshmd.common (time_wrapper)              : [RUNTIME] get_distance_table in 0.174 seconds
03/05 23:04 [DEBUG] cshmd.analysis (get_mole)                : get_mole Si - O -> nbonds: 4
03/05 23:04 [INFO] cshmd.functions (cal_uniform_by_space)    : Number of molecules to add : 1310
03/05 23:04 [INFO] cshmd.functions (cal_uniform_by_space)    : Number of atoms per surface : 156
03/05 23:04 [INFO] cshmd.functions (cal_uniform_by_space)    : Number of layer : 9
03/05 23:04 [INFO] cshmd.structure (extendLattice)           : Extend lattice 40.411 44.551 29.488 -> 40.411 44.551 47.487 
03/05 23:04 [INFO] cif_modifier (exec_make_interface)        : Number of atoms: 3168 -> 7098
03/05 23:04 [INFO] cshmd.structure (labeling_by_clayff)      : Now get label according to 'Clayff' style
03/05 23:04 [DEBUG] cshmd.analysis (find_bond)               : find_bond O - H 
03/05 23:04 [DEBUG] cshmd.analysis (get_mole)                : get_mole O - H -> nbonds: 1
03/05 23:04 [DEBUG] cshmd.analysis (get_mole)                : get_mole O - H -> nbonds: 2
03/05 23:04 [DEBUG] cshmd.analysis (find_bond)               : find_bond Si - O 
03/05 23:04 [DEBUG] cshmd.analysis (get_mole)                : get_mole Si - O -> nbonds: 4
03/05 23:04 [DEBUG] cshmd.analysis (find_bond)               : find_bond C - O 
03/05 23:04 [DEBUG] cshmd.analysis (get_mole)                : get_mole C - O -> nbonds: 3
03/05 23:04 [INFO] cshmd.structure (labeling_by_clayff)      : All atoms labeled by clayff
03/05 23:04 [INFO] cshmd.structure (labeling_by_clayff)      : Clayff charge: -0.000
03/05 23:04 [INFO] cshmd.structure (writeCif)                : wLiH0.cif was created
03/05 23:04 [INFO] cif_modifier (__init__)                   : Total charge: 0 -> 0
03/05 23:04 [INFO] cif_modifier (<module>)                   : Logger loaded
03/05 23:04 [INFO] cshmd.structure (__init__)                : LiH1.cif was loaded
03/05 23:04 [DEBUG] cshmd.analysis (__init__)                : [Structure] Now new data setted for get Bonds
03/05 23:04 [DEBUG] cshmd.analysis (__del_bond__)            : loaded
03/05 23:04 [DEBUG] cshmd.analysis (__initialize_mole__)     : loaded
03/05 23:04 [DEBUG] cshmd.analysis (__init__)                : [Structure] Now new data setted for get Bonds
03/05 23:04 [DEBUG] cshmd.analysis (__del_bond__)            : loaded
03/05 23:04 [DEBUG] cshmd.analysis (__initialize_mole__)     : loaded
03/05 23:04 [INFO] cshmd.structure (extendLattice)           : Extend lattice 40.411 44.551 27.988 -> 40.411 44.551 29.488 
03/05 23:04 [INFO] cshmd.structure (writeCif)                : LiH1.cif was created
03/05 23:04 [INFO] cif_modifier (__init__)                   : Total charge: 72 -> 72
03/05 23:04 [INFO] cif_modifier (<module>)                   : Logger loaded
03/05 23:04 [INFO] cshmd.structure (__init__)                : LiH1.cif was loaded
03/05 23:04 [DEBUG] cshmd.analysis (__init__)                : [Structure] Now new data setted for get Bonds
03/05 23:04 [DEBUG] cshmd.analysis (__del_bond__)            : loaded
03/05 23:04 [DEBUG] cshmd.analysis (__initialize_mole__)     : loaded
03/05 23:04 [DEBUG] cshmd.analysis (__init__)                : [Structure] Now new data setted for get Bonds
03/05 23:04 [DEBUG] cshmd.analysis (__del_bond__)            : loaded
03/05 23:04 [DEBUG] cshmd.analysis (__initialize_mole__)     : loaded
03/05 23:04 [DEBUG] cshmd.analysis (find_bond)               : find_bond O - H 
03/05 23:04 [DEBUG] cshmd.common (time_wrapper)              : [RUNTIME] get_distance_table in 0.267 seconds
03/05 23:04 [DEBUG] cshmd.analysis (get_mole)                : get_mole O - H -> nbonds: 1
03/05 23:04 [DEBUG] cshmd.analysis (get_mole)                : get_mole O - H -> nbonds: 2
03/05 23:04 [DEBUG] cshmd.analysis (find_bond)               : find_bond C - O 
03/05 23:04 [DEBUG] cshmd.analysis (get_mole)                : get_mole C - O -> nbonds: 3
03/05 23:04 [DEBUG] cshmd.analysis (find_bond)               : find_bond Si - O 
03/05 23:04 [DEBUG] cshmd.common (time_wrapper)              : [RUNTIME] get_distance_table in 0.169 seconds
03/05 23:04 [DEBUG] cshmd.analysis (get_mole)                : get_mole Si - O -> nbonds: 4
03/05 23:05 [INFO] cshmd.functions (cal_uniform_by_space)    : Number of molecules to add : 1310
03/05 23:05 [INFO] cshmd.functions (cal_uniform_by_space)    : Number of atoms per surface : 156
03/05 23:05 [INFO] cshmd.functions (cal_uniform_by_space)    : Number of layer : 9
03/05 23:05 [INFO] cshmd.structure (extendLattice)           : Extend lattice 40.411 44.551 29.488 -> 40.411 44.551 47.487 
03/05 23:05 [INFO] cif_modifier (exec_make_interface)        : Number of atoms: 3240 -> 7170
03/05 23:05 [INFO] cshmd.structure (labeling_by_clayff)      : Now get label according to 'Clayff' style
03/05 23:05 [DEBUG] cshmd.analysis (find_bond)               : find_bond O - H 
03/05 23:05 [DEBUG] cshmd.analysis (get_mole)                : get_mole O - H -> nbonds: 1
03/05 23:05 [DEBUG] cshmd.analysis (get_mole)                : get_mole O - H -> nbonds: 2
03/05 23:05 [DEBUG] cshmd.analysis (find_bond)               : find_bond Si - O 
03/05 23:05 [DEBUG] cshmd.analysis (get_mole)                : get_mole Si - O -> nbonds: 4
03/05 23:05 [DEBUG] cshmd.analysis (find_bond)               : find_bond C - O 
03/05 23:05 [DEBUG] cshmd.analysis (get_mole)                : get_mole C - O -> nbonds: 3
03/05 23:05 [INFO] cshmd.structure (labeling_by_clayff)      : All atoms labeled by clayff
03/05 23:05 [INFO] cshmd.structure (labeling_by_clayff)      : Clayff charge: 37.800
03/05 23:05 [INFO] cshmd.structure (writeCif)                : wLiH1.cif was created
03/05 23:05 [INFO] cif_modifier (__init__)                   : Total charge: 72 -> 72
03/05 23:05 [INFO] cif_modifier (<module>)                   : Logger loaded
03/05 23:05 [INFO] cshmd.structure (__init__)                : LiH2.cif was loaded
03/05 23:05 [DEBUG] cshmd.analysis (__init__)                : [Structure] Now new data setted for get Bonds
03/05 23:05 [DEBUG] cshmd.analysis (__del_bond__)            : loaded
03/05 23:05 [DEBUG] cshmd.analysis (__initialize_mole__)     : loaded
03/05 23:05 [DEBUG] cshmd.analysis (__init__)                : [Structure] Now new data setted for get Bonds
03/05 23:05 [DEBUG] cshmd.analysis (__del_bond__)            : loaded
03/05 23:05 [DEBUG] cshmd.analysis (__initialize_mole__)     : loaded
03/05 23:05 [INFO] cshmd.structure (extendLattice)           : Extend lattice 40.411 44.551 27.988 -> 40.411 44.551 29.488 
03/05 23:05 [INFO] cshmd.structure (writeCif)                : LiH2.cif was created
03/05 23:05 [INFO] cif_modifier (__init__)                   : Total charge: 144 -> 144
03/05 23:05 [INFO] cif_modifier (<module>)                   : Logger loaded
03/05 23:05 [INFO] cshmd.structure (__init__)                : LiH2.cif was loaded
03/05 23:05 [DEBUG] cshmd.analysis (__init__)                : [Structure] Now new data setted for get Bonds
03/05 23:05 [DEBUG] cshmd.analysis (__del_bond__)            : loaded
03/05 23:05 [DEBUG] cshmd.analysis (__initialize_mole__)     : loaded
03/05 23:05 [DEBUG] cshmd.analysis (__init__)                : [Structure] Now new data setted for get Bonds
03/05 23:05 [DEBUG] cshmd.analysis (__del_bond__)            : loaded
03/05 23:05 [DEBUG] cshmd.analysis (__initialize_mole__)     : loaded
03/05 23:05 [DEBUG] cshmd.analysis (find_bond)               : find_bond O - H 
03/05 23:05 [DEBUG] cshmd.common (time_wrapper)              : [RUNTIME] get_distance_table in 0.287 seconds
03/05 23:05 [DEBUG] cshmd.analysis (get_mole)                : get_mole O - H -> nbonds: 1
03/05 23:05 [DEBUG] cshmd.analysis (get_mole)                : get_mole O - H -> nbonds: 2
03/05 23:05 [DEBUG] cshmd.analysis (find_bond)               : find_bond C - O 
03/05 23:05 [DEBUG] cshmd.analysis (get_mole)                : get_mole C - O -> nbonds: 3
03/05 23:05 [DEBUG] cshmd.analysis (find_bond)               : find_bond Si - O 
03/05 23:05 [DEBUG] cshmd.common (time_wrapper)              : [RUNTIME] get_distance_table in 0.139 seconds
03/05 23:05 [DEBUG] cshmd.analysis (get_mole)                : get_mole Si - O -> nbonds: 4
03/05 23:05 [INFO] cshmd.functions (cal_uniform_by_space)    : Number of molecules to add : 1310
03/05 23:05 [INFO] cshmd.functions (cal_uniform_by_space)    : Number of atoms per surface : 156
03/05 23:05 [INFO] cshmd.functions (cal_uniform_by_space)    : Number of layer : 9
03/05 23:05 [INFO] cshmd.structure (extendLattice)           : Extend lattice 40.411 44.551 29.488 -> 40.411 44.551 47.487 
03/05 23:05 [INFO] cif_modifier (exec_make_interface)        : Number of atoms: 3312 -> 7242
03/05 23:05 [INFO] cshmd.structure (labeling_by_clayff)      : Now get label according to 'Clayff' style
03/05 23:05 [DEBUG] cshmd.analysis (find_bond)               : find_bond O - H 
03/05 23:05 [DEBUG] cshmd.analysis (get_mole)                : get_mole O - H -> nbonds: 1
03/05 23:05 [DEBUG] cshmd.analysis (get_mole)                : get_mole O - H -> nbonds: 2
03/05 23:05 [DEBUG] cshmd.analysis (find_bond)               : find_bond Si - O 
03/05 23:05 [DEBUG] cshmd.analysis (get_mole)                : get_mole Si - O -> nbonds: 4
03/05 23:05 [DEBUG] cshmd.analysis (find_bond)               : find_bond C - O 
03/05 23:05 [DEBUG] cshmd.analysis (get_mole)                : get_mole C - O -> nbonds: 3
03/05 23:05 [INFO] cshmd.structure (labeling_by_clayff)      : All atoms labeled by clayff
03/05 23:05 [INFO] cshmd.structure (labeling_by_clayff)      : Clayff charge: 75.600
03/05 23:05 [INFO] cshmd.structure (writeCif)                : wLiH2.cif was created
03/05 23:05 [INFO] cif_modifier (__init__)                   : Total charge: 144 -> 144
