03/18 18:56 [INFO] cif_modifier (<module>)                   : Logger loaded
03/18 18:56 [INFO] cshmd.structure (__init__)                : T14_111_base_extend_z4.cif was loaded
03/18 18:56 [DEBUG] cshmd.analysis (__init__)                : [StructureManager] Now new data setted for get Bonds
03/18 18:56 [DEBUG] cshmd.analysis (__del_bond__)            : del -> Si_O O_H H_O Ca_O C_O BO
03/18 18:56 [DEBUG] cshmd.analysis (__initialize_mole__)     : initalize -> H2O SiO4 OH CO3 H3O
03/18 18:56 [DEBUG] cshmd.analysis (__initialize_mole__)     : initalize -> SiOH CaOH HCO3 H2CO3 H3CO3
03/18 18:56 [INFO] cshmd.analysis (__init__)                 : Not any C-S-H Model
03/18 18:56 [DEBUG] cshmd.analysis (find_bond)               : find_bond O - H rcut -> 1.2
03/18 18:56 [DEBUG] cshmd.common (time_wrapper)              : [RUNTIME] get_distance_table in 0.001 seconds
03/18 18:56 [DEBUG] cshmd.analysis (get_mole)                : get_mole O - H -> nbonds: 2
03/18 18:56 [DEBUG] cshmd.analysis (find_bond)               : find_bond Si - O rcut -> 2.0
03/18 18:56 [DEBUG] cshmd.common (time_wrapper)              : [RUNTIME] get_distance_table in 0.000 seconds
03/18 18:56 [DEBUG] cshmd.analysis (get_mole)                : get_mole Si - O -> nbonds: 4
03/18 18:56 [DEBUG] cshmd.analysis (get_mole)                : get_mole O - H -> nbonds: 1
03/18 18:56 [DEBUG] cshmd.analysis (find_bond)               : find_bond C - O rcut -> 1.6
03/18 18:56 [DEBUG] cshmd.analysis (get_mole)                : get_mole C - O -> nbonds: 3
03/18 18:56 [DEBUG] cshmd.analysis (get_mole)                : get_mole O - H -> nbonds: 3
03/18 18:56 [DEBUG] cshmd.analysis (find_bond)               : find_bond Ca - O rcut -> 3.0
03/18 18:56 [DEBUG] cshmd.common (time_wrapper)              : [RUNTIME] get_distance_table in 0.000 seconds
03/18 18:56 [DEBUG] cshmd.analysis (full_search)             : Search layer details
03/18 18:56 [DEBUG] cshmd.analysis (find_bond)               : find_bond Ca - O rcut -> 3.0
03/18 18:56 [DEBUG] cshmd.analysis (find_bond)               : find_bond Si - O rcut -> 2.0
03/18 18:56 [DEBUG] cshmd.analysis (__detail_search_oh_co3)  : No CO3 in basic search
03/18 18:56 [DEBUG] cshmd.analysis (__detail_search_oh_sioh) : Searching 'OH' in 'SiO4
03/18 18:56 [DEBUG] cshmd.analysis (__detail_search_oh_caoh) : No CaOH in basic search. RETURN
03/18 18:56 [INFO] cshmd.analysis (Qn)                       : [StructureManager] Q2: 1.000
03/18 18:56 [INFO] cshmd.analysis (CS)                       : [StructureManager] C/S: 0.750
03/18 18:56 [INFO] cshmd.analysis (validate_tetra)           : [StructureManager] BT: 4, PT: 8
03/18 18:56 [INFO] cshmd.analysis (validate_tetra)           : [StructureManager] CL : 3
03/18 18:56 [INFO] cshmd.analysis (validate_tetra)           : [StructureManager] MCL : 3.0
03/18 18:56 [INFO] cshmd.structure (extendLattice)           : Extend lattice 6.735 7.425 32.087 -> 6.735 7.425 36.587 
03/18 18:56 [INFO] cshmd.structure (writeCif)                : T14_111_base_extend_z45.cif was created
03/18 18:56 [INFO] cif_modifier (__init__)                   : Total charge: 0 -> 0
03/18 18:57 [INFO] cif_modifier (<module>)                   : Logger loaded
03/18 18:57 [INFO] cshmd.structure (__init__)                : T14_111_base_extend_z4.cif was loaded
03/18 18:57 [DEBUG] cshmd.analysis (__init__)                : [StructureManager] Now new data setted for get Bonds
03/18 18:57 [DEBUG] cshmd.analysis (__del_bond__)            : del -> Si_O O_H H_O Ca_O C_O BO
03/18 18:57 [DEBUG] cshmd.analysis (__initialize_mole__)     : initalize -> H2O SiO4 OH CO3 H3O
03/18 18:57 [DEBUG] cshmd.analysis (__initialize_mole__)     : initalize -> SiOH CaOH HCO3 H2CO3 H3CO3
03/18 18:57 [INFO] cshmd.analysis (__init__)                 : Not any C-S-H Model
03/18 18:57 [DEBUG] cshmd.analysis (find_bond)               : find_bond O - H rcut -> 1.2
03/18 18:57 [DEBUG] cshmd.common (time_wrapper)              : [RUNTIME] get_distance_table in 0.000 seconds
03/18 18:57 [DEBUG] cshmd.analysis (get_mole)                : get_mole O - H -> nbonds: 2
03/18 18:57 [DEBUG] cshmd.analysis (find_bond)               : find_bond Si - O rcut -> 2.0
03/18 18:57 [DEBUG] cshmd.common (time_wrapper)              : [RUNTIME] get_distance_table in 0.000 seconds
03/18 18:57 [DEBUG] cshmd.analysis (get_mole)                : get_mole Si - O -> nbonds: 4
03/18 18:57 [DEBUG] cshmd.analysis (get_mole)                : get_mole O - H -> nbonds: 1
03/18 18:57 [DEBUG] cshmd.analysis (find_bond)               : find_bond C - O rcut -> 1.6
03/18 18:57 [DEBUG] cshmd.analysis (get_mole)                : get_mole C - O -> nbonds: 3
03/18 18:57 [DEBUG] cshmd.analysis (get_mole)                : get_mole O - H -> nbonds: 3
03/18 18:57 [DEBUG] cshmd.analysis (find_bond)               : find_bond Ca - O rcut -> 3.0
03/18 18:57 [DEBUG] cshmd.common (time_wrapper)              : [RUNTIME] get_distance_table in 0.000 seconds
03/18 18:57 [DEBUG] cshmd.analysis (full_search)             : Search layer details
03/18 18:57 [DEBUG] cshmd.analysis (find_bond)               : find_bond Ca - O rcut -> 3.0
03/18 18:57 [DEBUG] cshmd.analysis (find_bond)               : find_bond Si - O rcut -> 2.0
03/18 18:57 [DEBUG] cshmd.analysis (__detail_search_oh_co3)  : No CO3 in basic search
03/18 18:57 [DEBUG] cshmd.analysis (__detail_search_oh_sioh) : Searching 'OH' in 'SiO4
03/18 18:57 [DEBUG] cshmd.analysis (__detail_search_oh_caoh) : No CaOH in basic search. RETURN
03/18 18:57 [INFO] cshmd.analysis (Qn)                       : [StructureManager] Q2: 1.000
03/18 18:57 [INFO] cshmd.analysis (CS)                       : [StructureManager] C/S: 0.750
03/18 18:57 [INFO] cshmd.analysis (validate_tetra)           : [StructureManager] BT: 4, PT: 8
03/18 18:57 [INFO] cshmd.analysis (validate_tetra)           : [StructureManager] CL : 3
03/18 18:57 [INFO] cshmd.analysis (validate_tetra)           : [StructureManager] MCL : 3.0
03/18 18:57 [INFO] cshmd.structure (extendLattice)           : Extend lattice 6.735 7.425 32.087 -> 6.735 7.425 33.587 
03/18 18:57 [INFO] cshmd.structure (writeCif)                : T14_111_base_extend_z45.cif was created
03/18 18:57 [INFO] cif_modifier (__init__)                   : Total charge: 0 -> 0
03/19 16:08 [INFO] cif_modifier (<module>)                   : Logger loaded
03/19 16:08 [INFO] cshmd.structure (__init__)                : T14_111_base.cif was loaded
03/19 16:08 [DEBUG] cshmd.analysis (__init__)                : [StructureManager] Now new data setted for get Bonds
03/19 16:08 [DEBUG] cshmd.analysis (__del_bond__)            : del -> Si_O O_H H_O Ca_O C_O BO
03/19 16:08 [DEBUG] cshmd.analysis (__initialize_mole__)     : initalize -> H2O SiO4 OH CO3 H3O
03/19 16:08 [DEBUG] cshmd.analysis (__initialize_mole__)     : initalize -> SiOH CaOH HCO3 H2CO3 H3CO3
03/19 16:08 [INFO] cshmd.analysis (__init__)                 : Not any C-S-H Model
03/19 16:08 [DEBUG] cshmd.analysis (find_bond)               : find_bond O - H rcut -> 1.2
03/19 16:08 [DEBUG] cshmd.common (time_wrapper)              : [RUNTIME] get_distance_table in 0.000 seconds
03/19 16:08 [DEBUG] cshmd.analysis (get_mole)                : get_mole O - H -> nbonds: 2
03/19 16:08 [DEBUG] cshmd.analysis (find_bond)               : find_bond Si - O rcut -> 2.0
03/19 16:08 [DEBUG] cshmd.common (time_wrapper)              : [RUNTIME] get_distance_table in 0.000 seconds
03/19 16:08 [DEBUG] cshmd.analysis (get_mole)                : get_mole Si - O -> nbonds: 4
03/19 16:08 [DEBUG] cshmd.analysis (get_mole)                : get_mole O - H -> nbonds: 1
03/19 16:08 [DEBUG] cshmd.analysis (find_bond)               : find_bond C - O rcut -> 1.6
03/19 16:08 [DEBUG] cshmd.analysis (get_mole)                : get_mole C - O -> nbonds: 3
03/19 16:08 [DEBUG] cshmd.analysis (get_mole)                : get_mole O - H -> nbonds: 3
03/19 16:08 [DEBUG] cshmd.analysis (find_bond)               : find_bond Ca - O rcut -> 3.0
03/19 16:08 [DEBUG] cshmd.common (time_wrapper)              : [RUNTIME] get_distance_table in 0.000 seconds
03/19 16:08 [DEBUG] cshmd.analysis (full_search)             : Search layer details
03/19 16:08 [DEBUG] cshmd.analysis (find_bond)               : find_bond Ca - O rcut -> 3.0
03/19 16:08 [DEBUG] cshmd.analysis (find_bond)               : find_bond Si - O rcut -> 2.0
03/19 16:08 [DEBUG] cshmd.analysis (__detail_search_oh_co3)  : No CO3 in basic search
03/19 16:08 [DEBUG] cshmd.analysis (__detail_search_oh_sioh) : Searching 'OH' in 'SiO4
03/19 16:08 [DEBUG] cshmd.analysis (__detail_search_oh_caoh) : No CaOH in basic search. RETURN
03/19 16:08 [INFO] cshmd.analysis (Qn)                       : [StructureManager] Q2: 1.000
03/19 16:08 [INFO] cshmd.analysis (CS)                       : [StructureManager] C/S: 0.750
03/19 16:08 [INFO] cshmd.analysis (validate_tetra)           : [StructureManager] BT: 4, PT: 8
03/19 16:08 [INFO] cshmd.analysis (validate_tetra)           : [StructureManager] CL : 3
03/19 16:08 [INFO] cshmd.analysis (validate_tetra)           : [StructureManager] MCL : 3.0
03/19 16:08 [INFO] cshmd.structure (writeCif)                : T14_111_term.cif was created
03/19 16:08 [INFO] cif_modifier (__init__)                   : Total charge: 0 -> -4
03/19 16:08 [INFO] cif_modifier (<module>)                   : Logger loaded
03/19 16:08 [INFO] cif_modifier (<module>)                   : Logger loaded
03/19 16:08 [INFO] cshmd.structure (__init__)                : T14_111_base.cif was loaded
03/19 16:08 [DEBUG] cshmd.analysis (__init__)                : [StructureManager] Now new data setted for get Bonds
03/19 16:08 [DEBUG] cshmd.analysis (__del_bond__)            : del -> Si_O O_H H_O Ca_O C_O BO
03/19 16:08 [DEBUG] cshmd.analysis (__initialize_mole__)     : initalize -> H2O SiO4 OH CO3 H3O
03/19 16:08 [DEBUG] cshmd.analysis (__initialize_mole__)     : initalize -> SiOH CaOH HCO3 H2CO3 H3CO3
03/19 16:08 [INFO] cshmd.analysis (__init__)                 : Not any C-S-H Model
03/19 16:08 [DEBUG] cshmd.analysis (find_bond)               : find_bond O - H rcut -> 1.2
03/19 16:08 [DEBUG] cshmd.common (time_wrapper)              : [RUNTIME] get_distance_table in 0.000 seconds
03/19 16:08 [DEBUG] cshmd.analysis (get_mole)                : get_mole O - H -> nbonds: 2
03/19 16:08 [DEBUG] cshmd.analysis (find_bond)               : find_bond Si - O rcut -> 2.0
03/19 16:08 [DEBUG] cshmd.common (time_wrapper)              : [RUNTIME] get_distance_table in 0.000 seconds
03/19 16:08 [DEBUG] cshmd.analysis (get_mole)                : get_mole Si - O -> nbonds: 4
03/19 16:08 [DEBUG] cshmd.analysis (get_mole)                : get_mole O - H -> nbonds: 1
03/19 16:08 [DEBUG] cshmd.analysis (find_bond)               : find_bond C - O rcut -> 1.6
03/19 16:08 [DEBUG] cshmd.analysis (get_mole)                : get_mole C - O -> nbonds: 3
03/19 16:08 [DEBUG] cshmd.analysis (get_mole)                : get_mole O - H -> nbonds: 3
03/19 16:08 [DEBUG] cshmd.analysis (find_bond)               : find_bond Ca - O rcut -> 3.0
03/19 16:08 [DEBUG] cshmd.common (time_wrapper)              : [RUNTIME] get_distance_table in 0.000 seconds
03/19 16:08 [DEBUG] cshmd.analysis (full_search)             : Search layer details
03/19 16:08 [DEBUG] cshmd.analysis (find_bond)               : find_bond Ca - O rcut -> 3.0
03/19 16:08 [DEBUG] cshmd.analysis (find_bond)               : find_bond Si - O rcut -> 2.0
03/19 16:08 [DEBUG] cshmd.analysis (__detail_search_oh_co3)  : No CO3 in basic search
03/19 16:08 [DEBUG] cshmd.analysis (__detail_search_oh_sioh) : Searching 'OH' in 'SiO4
03/19 16:08 [DEBUG] cshmd.analysis (__detail_search_oh_caoh) : No CaOH in basic search. RETURN
03/19 16:08 [INFO] cshmd.analysis (Qn)                       : [StructureManager] Q2: 1.000
03/19 16:08 [INFO] cshmd.analysis (CS)                       : [StructureManager] C/S: 0.750
03/19 16:08 [INFO] cshmd.analysis (validate_tetra)           : [StructureManager] BT: 4, PT: 8
03/19 16:08 [INFO] cshmd.analysis (validate_tetra)           : [StructureManager] CL : 3
03/19 16:08 [INFO] cshmd.analysis (validate_tetra)           : [StructureManager] MCL : 3.0
03/19 16:08 [INFO] cshmd.structure (writeCif)                : T14_111_term.cif was created
03/19 16:08 [INFO] cif_modifier (__init__)                   : Total charge: 0 -> -4
03/19 16:11 [INFO] cif_modifier (<module>)                   : Logger loaded
03/19 16:11 [INFO] cshmd.structure (__init__)                : T14_111_base.cif was loaded
03/19 16:11 [DEBUG] cshmd.analysis (__init__)                : [StructureManager] Now new data setted for get Bonds
03/19 16:11 [DEBUG] cshmd.analysis (__del_bond__)            : del -> Si_O O_H H_O Ca_O C_O BO
03/19 16:11 [DEBUG] cshmd.analysis (__initialize_mole__)     : initalize -> H2O SiO4 OH CO3 H3O
03/19 16:11 [DEBUG] cshmd.analysis (__initialize_mole__)     : initalize -> SiOH CaOH HCO3 H2CO3 H3CO3
03/19 16:11 [INFO] cshmd.analysis (__init__)                 : Not any C-S-H Model
03/19 16:11 [DEBUG] cshmd.analysis (find_bond)               : find_bond O - H rcut -> 1.2
03/19 16:11 [DEBUG] cshmd.common (time_wrapper)              : [RUNTIME] get_distance_table in 0.000 seconds
03/19 16:11 [DEBUG] cshmd.analysis (get_mole)                : get_mole O - H -> nbonds: 2
03/19 16:11 [DEBUG] cshmd.analysis (find_bond)               : find_bond Si - O rcut -> 2.0
03/19 16:11 [DEBUG] cshmd.common (time_wrapper)              : [RUNTIME] get_distance_table in 0.000 seconds
03/19 16:11 [DEBUG] cshmd.analysis (get_mole)                : get_mole Si - O -> nbonds: 4
03/19 16:11 [DEBUG] cshmd.analysis (get_mole)                : get_mole O - H -> nbonds: 1
03/19 16:11 [DEBUG] cshmd.analysis (find_bond)               : find_bond C - O rcut -> 1.6
03/19 16:11 [DEBUG] cshmd.analysis (get_mole)                : get_mole C - O -> nbonds: 3
03/19 16:11 [DEBUG] cshmd.analysis (get_mole)                : get_mole O - H -> nbonds: 3
03/19 16:11 [DEBUG] cshmd.analysis (find_bond)               : find_bond Ca - O rcut -> 3.0
03/19 16:11 [DEBUG] cshmd.common (time_wrapper)              : [RUNTIME] get_distance_table in 0.000 seconds
03/19 16:11 [DEBUG] cshmd.analysis (full_search)             : Search layer details
03/19 16:11 [DEBUG] cshmd.analysis (find_bond)               : find_bond Ca - O rcut -> 3.0
03/19 16:11 [DEBUG] cshmd.analysis (find_bond)               : find_bond Si - O rcut -> 2.0
03/19 16:11 [DEBUG] cshmd.analysis (__detail_search_oh_co3)  : No CO3 in basic search
03/19 16:11 [DEBUG] cshmd.analysis (__detail_search_oh_sioh) : Searching 'OH' in 'SiO4
03/19 16:11 [DEBUG] cshmd.analysis (__detail_search_oh_caoh) : No CaOH in basic search. RETURN
03/19 16:11 [INFO] cshmd.analysis (Qn)                       : [StructureManager] Q2: 1.000
03/19 16:11 [INFO] cshmd.analysis (CS)                       : [StructureManager] C/S: 0.750
03/19 16:11 [INFO] cshmd.analysis (validate_tetra)           : [StructureManager] BT: 4, PT: 8
03/19 16:11 [INFO] cshmd.analysis (validate_tetra)           : [StructureManager] CL : 3
03/19 16:11 [INFO] cshmd.analysis (validate_tetra)           : [StructureManager] MCL : 3.0
03/19 16:11 [INFO] cshmd.structure (writeCif)                : T14_111_term.cif was created
03/19 16:11 [INFO] cif_modifier (__init__)                   : Total charge: 0 -> -4
03/19 16:11 [INFO] cif_modifier (<module>)                   : Logger loaded
03/19 16:11 [INFO] cshmd.structure (__init__)                : T14_111_base.cif was loaded
03/19 16:11 [DEBUG] cshmd.analysis (__init__)                : [StructureManager] Now new data setted for get Bonds
03/19 16:11 [DEBUG] cshmd.analysis (__del_bond__)            : del -> Si_O O_H H_O Ca_O C_O BO
03/19 16:11 [DEBUG] cshmd.analysis (__initialize_mole__)     : initalize -> H2O SiO4 OH CO3 H3O
03/19 16:11 [DEBUG] cshmd.analysis (__initialize_mole__)     : initalize -> SiOH CaOH HCO3 H2CO3 H3CO3
03/19 16:11 [INFO] cshmd.analysis (__init__)                 : Not any C-S-H Model
03/19 16:11 [DEBUG] cshmd.analysis (find_bond)               : find_bond O - H rcut -> 1.2
03/19 16:11 [DEBUG] cshmd.common (time_wrapper)              : [RUNTIME] get_distance_table in 0.000 seconds
03/19 16:11 [DEBUG] cshmd.analysis (get_mole)                : get_mole O - H -> nbonds: 2
03/19 16:11 [DEBUG] cshmd.analysis (find_bond)               : find_bond Si - O rcut -> 2.0
03/19 16:11 [DEBUG] cshmd.common (time_wrapper)              : [RUNTIME] get_distance_table in 0.000 seconds
03/19 16:11 [DEBUG] cshmd.analysis (get_mole)                : get_mole Si - O -> nbonds: 4
03/19 16:11 [DEBUG] cshmd.analysis (get_mole)                : get_mole O - H -> nbonds: 1
03/19 16:11 [DEBUG] cshmd.analysis (find_bond)               : find_bond C - O rcut -> 1.6
03/19 16:11 [DEBUG] cshmd.analysis (get_mole)                : get_mole C - O -> nbonds: 3
03/19 16:11 [DEBUG] cshmd.analysis (get_mole)                : get_mole O - H -> nbonds: 3
03/19 16:11 [DEBUG] cshmd.analysis (find_bond)               : find_bond Ca - O rcut -> 3.0
03/19 16:11 [DEBUG] cshmd.common (time_wrapper)              : [RUNTIME] get_distance_table in 0.000 seconds
03/19 16:11 [DEBUG] cshmd.analysis (full_search)             : Search layer details
03/19 16:11 [DEBUG] cshmd.analysis (find_bond)               : find_bond Ca - O rcut -> 3.0
03/19 16:11 [DEBUG] cshmd.analysis (find_bond)               : find_bond Si - O rcut -> 2.0
03/19 16:11 [DEBUG] cshmd.analysis (__detail_search_oh_co3)  : No CO3 in basic search
03/19 16:11 [DEBUG] cshmd.analysis (__detail_search_oh_sioh) : Searching 'OH' in 'SiO4
03/19 16:11 [DEBUG] cshmd.analysis (__detail_search_oh_caoh) : No CaOH in basic search. RETURN
03/19 16:11 [INFO] cshmd.analysis (Qn)                       : [StructureManager] Q2: 1.000
03/19 16:11 [INFO] cshmd.analysis (CS)                       : [StructureManager] C/S: 0.750
03/19 16:11 [INFO] cshmd.analysis (validate_tetra)           : [StructureManager] BT: 4, PT: 8
03/19 16:11 [INFO] cshmd.analysis (validate_tetra)           : [StructureManager] CL : 3
03/19 16:11 [INFO] cshmd.analysis (validate_tetra)           : [StructureManager] MCL : 3.0
03/19 16:11 [INFO] cshmd.structure (writeCif)                : T14_111_term.cif was created
03/19 16:11 [INFO] cif_modifier (__init__)                   : Total charge: 0 -> -4
03/19 16:13 [INFO] cif_modifier (<module>)                   : Logger loaded
03/19 16:13 [INFO] cshmd.structure (__init__)                : T14_111_base.cif was loaded
03/19 16:13 [DEBUG] cshmd.analysis (__init__)                : [StructureManager] Now new data setted for get Bonds
03/19 16:13 [DEBUG] cshmd.analysis (__del_bond__)            : del -> Si_O O_H H_O Ca_O C_O BO
03/19 16:13 [DEBUG] cshmd.analysis (__initialize_mole__)     : initalize -> H2O SiO4 OH CO3 H3O
03/19 16:13 [DEBUG] cshmd.analysis (__initialize_mole__)     : initalize -> SiOH CaOH HCO3 H2CO3 H3CO3
03/19 16:13 [INFO] cshmd.analysis (__init__)                 : Not any C-S-H Model
03/19 16:13 [DEBUG] cshmd.analysis (find_bond)               : find_bond O - H rcut -> 1.2
03/19 16:13 [DEBUG] cshmd.common (time_wrapper)              : [RUNTIME] get_distance_table in 0.000 seconds
03/19 16:13 [DEBUG] cshmd.analysis (get_mole)                : get_mole O - H -> nbonds: 2
03/19 16:13 [DEBUG] cshmd.analysis (find_bond)               : find_bond Si - O rcut -> 2.0
03/19 16:13 [DEBUG] cshmd.common (time_wrapper)              : [RUNTIME] get_distance_table in 0.000 seconds
03/19 16:13 [DEBUG] cshmd.analysis (get_mole)                : get_mole Si - O -> nbonds: 4
03/19 16:13 [DEBUG] cshmd.analysis (get_mole)                : get_mole O - H -> nbonds: 1
03/19 16:13 [DEBUG] cshmd.analysis (find_bond)               : find_bond C - O rcut -> 1.6
03/19 16:13 [DEBUG] cshmd.analysis (get_mole)                : get_mole C - O -> nbonds: 3
03/19 16:13 [DEBUG] cshmd.analysis (get_mole)                : get_mole O - H -> nbonds: 3
03/19 16:13 [DEBUG] cshmd.analysis (find_bond)               : find_bond Ca - O rcut -> 3.0
03/19 16:13 [DEBUG] cshmd.common (time_wrapper)              : [RUNTIME] get_distance_table in 0.000 seconds
03/19 16:13 [DEBUG] cshmd.analysis (full_search)             : Search layer details
03/19 16:13 [DEBUG] cshmd.analysis (find_bond)               : find_bond Ca - O rcut -> 3.0
03/19 16:13 [DEBUG] cshmd.analysis (find_bond)               : find_bond Si - O rcut -> 2.0
03/19 16:13 [DEBUG] cshmd.analysis (__detail_search_oh_co3)  : No CO3 in basic search
03/19 16:13 [DEBUG] cshmd.analysis (__detail_search_oh_sioh) : Searching 'OH' in 'SiO4
03/19 16:13 [DEBUG] cshmd.analysis (__detail_search_oh_caoh) : No CaOH in basic search. RETURN
03/19 16:13 [INFO] cshmd.analysis (Qn)                       : [StructureManager] Q2: 1.000
03/19 16:13 [INFO] cshmd.analysis (CS)                       : [StructureManager] C/S: 0.750
03/19 16:13 [INFO] cshmd.analysis (validate_tetra)           : [StructureManager] BT: 4, PT: 8
03/19 16:13 [INFO] cshmd.analysis (validate_tetra)           : [StructureManager] CL : 3
03/19 16:13 [INFO] cshmd.analysis (validate_tetra)           : [StructureManager] MCL : 3.0
03/19 16:13 [INFO] cshmd.structure (writeCif)                : T14_111_term.cif was created
03/19 16:13 [INFO] cif_modifier (__init__)                   : Total charge: 0 -> -4
03/19 16:13 [INFO] cif_modifier (<module>)                   : Logger loaded
03/19 16:13 [INFO] cshmd.structure (__init__)                : T14_111_base.cif was loaded
03/19 16:13 [DEBUG] cshmd.analysis (__init__)                : [StructureManager] Now new data setted for get Bonds
03/19 16:13 [DEBUG] cshmd.analysis (__del_bond__)            : del -> Si_O O_H H_O Ca_O C_O BO
03/19 16:13 [DEBUG] cshmd.analysis (__initialize_mole__)     : initalize -> H2O SiO4 OH CO3 H3O
03/19 16:13 [DEBUG] cshmd.analysis (__initialize_mole__)     : initalize -> SiOH CaOH HCO3 H2CO3 H3CO3
03/19 16:13 [INFO] cshmd.analysis (__init__)                 : Not any C-S-H Model
03/19 16:13 [DEBUG] cshmd.analysis (find_bond)               : find_bond O - H rcut -> 1.2
03/19 16:13 [DEBUG] cshmd.common (time_wrapper)              : [RUNTIME] get_distance_table in 0.000 seconds
03/19 16:13 [DEBUG] cshmd.analysis (get_mole)                : get_mole O - H -> nbonds: 2
03/19 16:13 [DEBUG] cshmd.analysis (find_bond)               : find_bond Si - O rcut -> 2.0
03/19 16:13 [DEBUG] cshmd.common (time_wrapper)              : [RUNTIME] get_distance_table in 0.000 seconds
03/19 16:13 [DEBUG] cshmd.analysis (get_mole)                : get_mole Si - O -> nbonds: 4
03/19 16:13 [DEBUG] cshmd.analysis (get_mole)                : get_mole O - H -> nbonds: 1
03/19 16:13 [DEBUG] cshmd.analysis (find_bond)               : find_bond C - O rcut -> 1.6
03/19 16:13 [DEBUG] cshmd.analysis (get_mole)                : get_mole C - O -> nbonds: 3
03/19 16:13 [DEBUG] cshmd.analysis (get_mole)                : get_mole O - H -> nbonds: 3
03/19 16:13 [DEBUG] cshmd.analysis (find_bond)               : find_bond Ca - O rcut -> 3.0
03/19 16:13 [DEBUG] cshmd.common (time_wrapper)              : [RUNTIME] get_distance_table in 0.000 seconds
03/19 16:13 [DEBUG] cshmd.analysis (full_search)             : Search layer details
03/19 16:13 [DEBUG] cshmd.analysis (find_bond)               : find_bond Ca - O rcut -> 3.0
03/19 16:13 [DEBUG] cshmd.analysis (find_bond)               : find_bond Si - O rcut -> 2.0
03/19 16:13 [DEBUG] cshmd.analysis (__detail_search_oh_co3)  : No CO3 in basic search
03/19 16:13 [DEBUG] cshmd.analysis (__detail_search_oh_sioh) : Searching 'OH' in 'SiO4
03/19 16:13 [DEBUG] cshmd.analysis (__detail_search_oh_caoh) : No CaOH in basic search. RETURN
03/19 16:13 [INFO] cshmd.analysis (Qn)                       : [StructureManager] Q2: 1.000
03/19 16:13 [INFO] cshmd.analysis (CS)                       : [StructureManager] C/S: 0.750
03/19 16:13 [INFO] cshmd.analysis (validate_tetra)           : [StructureManager] BT: 4, PT: 8
03/19 16:13 [INFO] cshmd.analysis (validate_tetra)           : [StructureManager] CL : 3
03/19 16:13 [INFO] cshmd.analysis (validate_tetra)           : [StructureManager] MCL : 3.0
03/19 16:13 [INFO] cshmd.structure (delete)                  : Delete symbol: H, idx: 89
03/19 16:13 [INFO] cshmd.structure (delete)                  : Delete symbol: H, idx: 88
03/19 16:13 [INFO] cshmd.structure (delete)                  : Delete symbol: H, idx: 56
03/19 16:13 [INFO] cshmd.structure (delete)                  : Delete symbol: H, idx: 54
03/19 16:13 [INFO] cshmd.structure (writeCif)                : T14_111_term.cif was created
03/19 16:13 [INFO] cif_modifier (__init__)                   : Total charge: 0 -> -4
03/19 16:35 [INFO] cif_modifier (<module>)                   : Logger loaded
03/19 16:35 [INFO] cshmd.structure (__init__)                : T14_111_base.cif was loaded
03/19 16:35 [DEBUG] cshmd.analysis (__init__)                : [StructureManager] Now new data setted for get Bonds
03/19 16:35 [DEBUG] cshmd.analysis (__del_bond__)            : del -> Si_O O_H H_O Ca_O C_O BO
03/19 16:35 [DEBUG] cshmd.analysis (__initialize_mole__)     : initalize -> H2O SiO4 OH CO3 H3O
03/19 16:35 [DEBUG] cshmd.analysis (__initialize_mole__)     : initalize -> SiOH CaOH HCO3 H2CO3 H3CO3
03/19 16:35 [INFO] cshmd.analysis (__init__)                 : Not any C-S-H Model
03/19 16:35 [DEBUG] cshmd.analysis (find_bond)               : find_bond O - H rcut -> 1.2
03/19 16:35 [DEBUG] cshmd.common (time_wrapper)              : [RUNTIME] get_distance_table in 0.000 seconds
03/19 16:35 [DEBUG] cshmd.analysis (get_mole)                : get_mole O - H -> nbonds: 2
03/19 16:35 [DEBUG] cshmd.analysis (find_bond)               : find_bond Si - O rcut -> 2.0
03/19 16:35 [DEBUG] cshmd.common (time_wrapper)              : [RUNTIME] get_distance_table in 0.000 seconds
03/19 16:35 [DEBUG] cshmd.analysis (get_mole)                : get_mole Si - O -> nbonds: 4
03/19 16:35 [DEBUG] cshmd.analysis (get_mole)                : get_mole O - H -> nbonds: 1
03/19 16:35 [DEBUG] cshmd.analysis (find_bond)               : find_bond C - O rcut -> 1.6
03/19 16:35 [DEBUG] cshmd.analysis (get_mole)                : get_mole C - O -> nbonds: 3
03/19 16:35 [DEBUG] cshmd.analysis (get_mole)                : get_mole O - H -> nbonds: 3
03/19 16:35 [DEBUG] cshmd.analysis (find_bond)               : find_bond Ca - O rcut -> 3.0
03/19 16:35 [DEBUG] cshmd.common (time_wrapper)              : [RUNTIME] get_distance_table in 0.000 seconds
03/19 16:35 [DEBUG] cshmd.analysis (full_search)             : Search layer details
03/19 16:35 [DEBUG] cshmd.analysis (find_bond)               : find_bond Ca - O rcut -> 3.0
03/19 16:35 [DEBUG] cshmd.analysis (find_bond)               : find_bond Si - O rcut -> 2.0
03/19 16:35 [DEBUG] cshmd.analysis (__detail_search_oh_co3)  : No CO3 in basic search
03/19 16:35 [DEBUG] cshmd.analysis (__detail_search_oh_sioh) : Searching 'OH' in 'SiO4
03/19 16:35 [DEBUG] cshmd.analysis (__detail_search_oh_caoh) : No CaOH in basic search. RETURN
03/19 16:35 [INFO] cshmd.analysis (Qn)                       : [StructureManager] Q2: 1.000
03/19 16:35 [INFO] cshmd.analysis (CS)                       : [StructureManager] C/S: 0.750
03/19 16:35 [INFO] cshmd.analysis (validate_tetra)           : [StructureManager] BT: 4, PT: 8
03/19 16:35 [INFO] cshmd.analysis (validate_tetra)           : [StructureManager] CL : 3
03/19 16:35 [INFO] cshmd.analysis (validate_tetra)           : [StructureManager] MCL : 3.0
03/19 16:35 [INFO] cshmd.structure (extendLattice)           : Extend lattice 6.735 7.425 27.988 -> 6.735 7.425 28.988 
03/19 16:35 [INFO] cshmd.structure (writeCif)                : t.cif was created
03/19 16:35 [INFO] cif_modifier (__init__)                   : Total charge: 0 -> 0
03/19 16:36 [INFO] cif_modifier (<module>)                   : Logger loaded
03/19 16:36 [INFO] cshmd.structure (__init__)                : t.cif was loaded
03/19 16:36 [DEBUG] cshmd.analysis (__init__)                : [StructureManager] Now new data setted for get Bonds
03/19 16:36 [DEBUG] cshmd.analysis (__del_bond__)            : del -> Si_O O_H H_O Ca_O C_O BO
03/19 16:36 [DEBUG] cshmd.analysis (__initialize_mole__)     : initalize -> H2O SiO4 OH CO3 H3O
03/19 16:36 [DEBUG] cshmd.analysis (__initialize_mole__)     : initalize -> SiOH CaOH HCO3 H2CO3 H3CO3
03/19 16:36 [INFO] cshmd.analysis (__init__)                 : Not any C-S-H Model
03/19 16:36 [DEBUG] cshmd.analysis (find_bond)               : find_bond O - H rcut -> 1.2
03/19 16:36 [DEBUG] cshmd.common (time_wrapper)              : [RUNTIME] get_distance_table in 0.000 seconds
03/19 16:36 [DEBUG] cshmd.analysis (get_mole)                : get_mole O - H -> nbonds: 2
03/19 16:36 [DEBUG] cshmd.analysis (find_bond)               : find_bond Si - O rcut -> 2.0
03/19 16:36 [DEBUG] cshmd.common (time_wrapper)              : [RUNTIME] get_distance_table in 0.000 seconds
03/19 16:36 [DEBUG] cshmd.analysis (get_mole)                : get_mole Si - O -> nbonds: 4
03/19 16:36 [DEBUG] cshmd.analysis (get_mole)                : get_mole O - H -> nbonds: 1
03/19 16:36 [DEBUG] cshmd.analysis (find_bond)               : find_bond C - O rcut -> 1.6
03/19 16:36 [DEBUG] cshmd.analysis (get_mole)                : get_mole C - O -> nbonds: 3
03/19 16:36 [DEBUG] cshmd.analysis (get_mole)                : get_mole O - H -> nbonds: 3
03/19 16:36 [DEBUG] cshmd.analysis (find_bond)               : find_bond Ca - O rcut -> 3.0
03/19 16:36 [DEBUG] cshmd.common (time_wrapper)              : [RUNTIME] get_distance_table in 0.000 seconds
03/19 16:36 [DEBUG] cshmd.analysis (full_search)             : Search layer details
03/19 16:36 [DEBUG] cshmd.analysis (find_bond)               : find_bond Ca - O rcut -> 3.0
03/19 16:36 [DEBUG] cshmd.analysis (find_bond)               : find_bond Si - O rcut -> 2.0
03/19 16:36 [DEBUG] cshmd.analysis (__detail_search_oh_co3)  : No CO3 in basic search
03/19 16:36 [DEBUG] cshmd.analysis (__detail_search_oh_sioh) : Searching 'OH' in 'SiO4
03/19 16:36 [DEBUG] cshmd.analysis (__detail_search_oh_caoh) : No CaOH in basic search. RETURN
03/19 16:36 [INFO] cshmd.analysis (Qn)                       : [StructureManager] Q2: 1.000
03/19 16:36 [INFO] cshmd.analysis (CS)                       : [StructureManager] C/S: 0.750
03/19 16:36 [INFO] cshmd.analysis (validate_tetra)           : [StructureManager] BT: 4, PT: 8
03/19 16:36 [INFO] cshmd.analysis (validate_tetra)           : [StructureManager] CL : 3
03/19 16:36 [INFO] cshmd.analysis (validate_tetra)           : [StructureManager] MCL : 3.0
03/19 16:36 [INFO] cshmd.structure (extendLattice)           : Extend lattice 6.735 7.425 28.988 -> 6.735 7.425 29.988 , along axis z: 0.0
03/19 16:36 [INFO] cshmd.structure (writeCif)                : tt.cif was created
03/19 16:36 [INFO] cif_modifier (__init__)                   : Total charge: 0 -> 0
03/19 16:36 [INFO] cif_modifier (<module>)                   : Logger loaded
03/19 16:36 [INFO] cshmd.structure (__init__)                : T14_111_term.cif was loaded
03/19 16:36 [DEBUG] cshmd.analysis (__init__)                : [StructureManager] Now new data setted for get Bonds
03/19 16:36 [DEBUG] cshmd.analysis (__del_bond__)            : del -> Si_O O_H H_O Ca_O C_O BO
03/19 16:36 [DEBUG] cshmd.analysis (__initialize_mole__)     : initalize -> H2O SiO4 OH CO3 H3O
03/19 16:36 [DEBUG] cshmd.analysis (__initialize_mole__)     : initalize -> SiOH CaOH HCO3 H2CO3 H3CO3
03/19 16:36 [INFO] cshmd.analysis (__init__)                 : Not any C-S-H Model
03/19 16:36 [DEBUG] cshmd.analysis (find_bond)               : find_bond O - H rcut -> 1.2
03/19 16:36 [DEBUG] cshmd.common (time_wrapper)              : [RUNTIME] get_distance_table in 0.000 seconds
03/19 16:36 [DEBUG] cshmd.analysis (get_mole)                : get_mole O - H -> nbonds: 2
03/19 16:36 [DEBUG] cshmd.analysis (find_bond)               : find_bond Si - O rcut -> 2.0
03/19 16:36 [DEBUG] cshmd.common (time_wrapper)              : [RUNTIME] get_distance_table in 0.000 seconds
03/19 16:36 [DEBUG] cshmd.analysis (get_mole)                : get_mole Si - O -> nbonds: 4
03/19 16:36 [DEBUG] cshmd.analysis (get_mole)                : get_mole O - H -> nbonds: 1
03/19 16:36 [DEBUG] cshmd.analysis (find_bond)               : find_bond C - O rcut -> 1.6
03/19 16:36 [DEBUG] cshmd.analysis (get_mole)                : get_mole C - O -> nbonds: 3
03/19 16:36 [DEBUG] cshmd.analysis (get_mole)                : get_mole O - H -> nbonds: 3
03/19 16:36 [DEBUG] cshmd.analysis (find_bond)               : find_bond Ca - O rcut -> 3.0
03/19 16:36 [DEBUG] cshmd.common (time_wrapper)              : [RUNTIME] get_distance_table in 0.000 seconds
03/19 16:36 [DEBUG] cshmd.analysis (full_search)             : Search layer details
03/19 16:36 [DEBUG] cshmd.analysis (find_bond)               : find_bond Ca - O rcut -> 3.0
03/19 16:36 [DEBUG] cshmd.analysis (find_bond)               : find_bond Si - O rcut -> 2.0
03/19 16:36 [DEBUG] cshmd.analysis (__detail_search_oh_co3)  : No CO3 in basic search
03/19 16:36 [DEBUG] cshmd.analysis (__detail_search_oh_sioh) : Searching 'OH' in 'SiO4
03/19 16:36 [DEBUG] cshmd.analysis (__detail_search_oh_caoh) : No CaOH in basic search. RETURN
03/19 16:36 [INFO] cshmd.analysis (Qn)                       : [StructureManager] Q2: 1.000
03/19 16:36 [INFO] cshmd.analysis (CS)                       : [StructureManager] C/S: 0.750
03/19 16:36 [INFO] cshmd.analysis (validate_tetra)           : [StructureManager] BT: 4, PT: 8
03/19 16:36 [INFO] cshmd.analysis (validate_tetra)           : [StructureManager] CL : 3
03/19 16:36 [INFO] cshmd.analysis (validate_tetra)           : [StructureManager] MCL : 3.0
03/19 16:36 [INFO] cshmd.structure (extendLattice)           : Extend lattice 6.735 7.425 27.988 -> 6.735 7.425 28.988 
03/19 16:36 [INFO] cshmd.structure (writeCif)                : t.cif was created
03/19 16:36 [INFO] cif_modifier (__init__)                   : Total charge: -4 -> -4
03/19 16:37 [INFO] cif_modifier (<module>)                   : Logger loaded
03/19 16:37 [INFO] cshmd.structure (__init__)                : t.cif was loaded
03/19 16:37 [DEBUG] cshmd.analysis (__init__)                : [StructureManager] Now new data setted for get Bonds
03/19 16:37 [DEBUG] cshmd.analysis (__del_bond__)            : del -> Si_O O_H H_O Ca_O C_O BO
03/19 16:37 [DEBUG] cshmd.analysis (__initialize_mole__)     : initalize -> H2O SiO4 OH CO3 H3O
03/19 16:37 [DEBUG] cshmd.analysis (__initialize_mole__)     : initalize -> SiOH CaOH HCO3 H2CO3 H3CO3
03/19 16:37 [INFO] cshmd.analysis (__init__)                 : Not any C-S-H Model
03/19 16:37 [DEBUG] cshmd.analysis (find_bond)               : find_bond O - H rcut -> 1.2
03/19 16:37 [DEBUG] cshmd.common (time_wrapper)              : [RUNTIME] get_distance_table in 0.000 seconds
03/19 16:37 [DEBUG] cshmd.analysis (get_mole)                : get_mole O - H -> nbonds: 2
03/19 16:37 [DEBUG] cshmd.analysis (find_bond)               : find_bond Si - O rcut -> 2.0
03/19 16:37 [DEBUG] cshmd.common (time_wrapper)              : [RUNTIME] get_distance_table in 0.000 seconds
03/19 16:37 [DEBUG] cshmd.analysis (get_mole)                : get_mole Si - O -> nbonds: 4
03/19 16:37 [DEBUG] cshmd.analysis (get_mole)                : get_mole O - H -> nbonds: 1
03/19 16:37 [DEBUG] cshmd.analysis (find_bond)               : find_bond C - O rcut -> 1.6
03/19 16:37 [DEBUG] cshmd.analysis (get_mole)                : get_mole C - O -> nbonds: 3
03/19 16:37 [DEBUG] cshmd.analysis (get_mole)                : get_mole O - H -> nbonds: 3
03/19 16:37 [DEBUG] cshmd.analysis (find_bond)               : find_bond Ca - O rcut -> 3.0
03/19 16:37 [DEBUG] cshmd.common (time_wrapper)              : [RUNTIME] get_distance_table in 0.000 seconds
03/19 16:37 [DEBUG] cshmd.analysis (full_search)             : Search layer details
03/19 16:37 [DEBUG] cshmd.analysis (find_bond)               : find_bond Ca - O rcut -> 3.0
03/19 16:37 [DEBUG] cshmd.analysis (find_bond)               : find_bond Si - O rcut -> 2.0
03/19 16:37 [DEBUG] cshmd.analysis (__detail_search_oh_co3)  : No CO3 in basic search
03/19 16:37 [DEBUG] cshmd.analysis (__detail_search_oh_sioh) : Searching 'OH' in 'SiO4
03/19 16:37 [DEBUG] cshmd.analysis (__detail_search_oh_caoh) : No CaOH in basic search. RETURN
03/19 16:37 [INFO] cshmd.analysis (Qn)                       : [StructureManager] Q2: 1.000
03/19 16:37 [INFO] cshmd.analysis (CS)                       : [StructureManager] C/S: 0.750
03/19 16:37 [INFO] cshmd.analysis (validate_tetra)           : [StructureManager] BT: 4, PT: 8
03/19 16:37 [INFO] cshmd.analysis (validate_tetra)           : [StructureManager] CL : 3
03/19 16:37 [INFO] cshmd.analysis (validate_tetra)           : [StructureManager] MCL : 3.0
03/19 16:37 [INFO] cshmd.structure (extendLattice)           : Extend lattice 6.735 7.425 28.988 -> 6.735 7.425 29.988 , along axis z: 0.0
03/19 16:37 [INFO] cshmd.structure (writeCif)                : tt.cif was created
03/19 16:37 [INFO] cif_modifier (__init__)                   : Total charge: -4 -> -4
03/19 16:38 [INFO] cif_modifier (<module>)                   : Logger loaded
03/19 16:38 [INFO] cshmd.structure (__init__)                : t.cif was loaded
03/19 16:38 [DEBUG] cshmd.analysis (__init__)                : [StructureManager] Now new data setted for get Bonds
03/19 16:38 [DEBUG] cshmd.analysis (__del_bond__)            : del -> Si_O O_H H_O Ca_O C_O BO
03/19 16:38 [DEBUG] cshmd.analysis (__initialize_mole__)     : initalize -> H2O SiO4 OH CO3 H3O
03/19 16:38 [DEBUG] cshmd.analysis (__initialize_mole__)     : initalize -> SiOH CaOH HCO3 H2CO3 H3CO3
03/19 16:38 [INFO] cshmd.analysis (__init__)                 : Not any C-S-H Model
03/19 16:38 [DEBUG] cshmd.analysis (find_bond)               : find_bond O - H rcut -> 1.2
03/19 16:38 [DEBUG] cshmd.common (time_wrapper)              : [RUNTIME] get_distance_table in 0.000 seconds
03/19 16:38 [DEBUG] cshmd.analysis (get_mole)                : get_mole O - H -> nbonds: 2
03/19 16:38 [DEBUG] cshmd.analysis (find_bond)               : find_bond Si - O rcut -> 2.0
03/19 16:38 [DEBUG] cshmd.common (time_wrapper)              : [RUNTIME] get_distance_table in 0.000 seconds
03/19 16:38 [DEBUG] cshmd.analysis (get_mole)                : get_mole Si - O -> nbonds: 4
03/19 16:38 [DEBUG] cshmd.analysis (get_mole)                : get_mole O - H -> nbonds: 1
03/19 16:38 [DEBUG] cshmd.analysis (find_bond)               : find_bond C - O rcut -> 1.6
03/19 16:38 [DEBUG] cshmd.analysis (get_mole)                : get_mole C - O -> nbonds: 3
03/19 16:38 [DEBUG] cshmd.analysis (get_mole)                : get_mole O - H -> nbonds: 3
03/19 16:38 [DEBUG] cshmd.analysis (find_bond)               : find_bond Ca - O rcut -> 3.0
03/19 16:38 [DEBUG] cshmd.common (time_wrapper)              : [RUNTIME] get_distance_table in 0.000 seconds
03/19 16:38 [DEBUG] cshmd.analysis (full_search)             : Search layer details
03/19 16:38 [DEBUG] cshmd.analysis (find_bond)               : find_bond Ca - O rcut -> 3.0
03/19 16:38 [DEBUG] cshmd.analysis (find_bond)               : find_bond Si - O rcut -> 2.0
03/19 16:38 [DEBUG] cshmd.analysis (__detail_search_oh_co3)  : No CO3 in basic search
03/19 16:38 [DEBUG] cshmd.analysis (__detail_search_oh_sioh) : Searching 'OH' in 'SiO4
03/19 16:38 [DEBUG] cshmd.analysis (__detail_search_oh_caoh) : No CaOH in basic search. RETURN
03/19 16:38 [INFO] cshmd.analysis (Qn)                       : [StructureManager] Q2: 1.000
03/19 16:38 [INFO] cshmd.analysis (CS)                       : [StructureManager] C/S: 0.750
03/19 16:38 [INFO] cshmd.analysis (validate_tetra)           : [StructureManager] BT: 4, PT: 8
03/19 16:38 [INFO] cshmd.analysis (validate_tetra)           : [StructureManager] CL : 3
03/19 16:38 [INFO] cshmd.analysis (validate_tetra)           : [StructureManager] MCL : 3.0
03/19 16:38 [INFO] cshmd.structure (extendLattice)           : Extend lattice 6.735 7.425 28.988 -> 6.735 7.425 29.988 , along axis z: 0.0
03/19 16:38 [INFO] cshmd.structure (writeCif)                : tt.cif was created
03/19 16:38 [INFO] cif_modifier (__init__)                   : Total charge: -4 -> -4
03/19 16:42 [INFO] cif_modifier (<module>)                   : Logger loaded
03/19 16:43 [INFO] cif_modifier (<module>)                   : Logger loaded
03/19 16:43 [INFO] cshmd.structure (__init__)                : T14_111_term.cif was loaded
03/19 16:43 [DEBUG] cshmd.analysis (__init__)                : [StructureManager] Now new data setted for get Bonds
03/19 16:43 [DEBUG] cshmd.analysis (__del_bond__)            : del -> Si_O O_H H_O Ca_O C_O BO
03/19 16:43 [DEBUG] cshmd.analysis (__initialize_mole__)     : initalize -> H2O SiO4 OH CO3 H3O
03/19 16:43 [DEBUG] cshmd.analysis (__initialize_mole__)     : initalize -> SiOH CaOH HCO3 H2CO3 H3CO3
03/19 16:43 [INFO] cshmd.analysis (__init__)                 : Not any C-S-H Model
03/19 16:43 [DEBUG] cshmd.analysis (find_bond)               : find_bond O - H rcut -> 1.2
03/19 16:43 [DEBUG] cshmd.common (time_wrapper)              : [RUNTIME] get_distance_table in 0.000 seconds
03/19 16:43 [DEBUG] cshmd.analysis (get_mole)                : get_mole O - H -> nbonds: 2
03/19 16:43 [DEBUG] cshmd.analysis (find_bond)               : find_bond Si - O rcut -> 2.0
03/19 16:43 [DEBUG] cshmd.common (time_wrapper)              : [RUNTIME] get_distance_table in 0.000 seconds
03/19 16:43 [DEBUG] cshmd.analysis (get_mole)                : get_mole Si - O -> nbonds: 4
03/19 16:43 [DEBUG] cshmd.analysis (get_mole)                : get_mole O - H -> nbonds: 1
03/19 16:43 [DEBUG] cshmd.analysis (find_bond)               : find_bond C - O rcut -> 1.6
03/19 16:43 [DEBUG] cshmd.analysis (get_mole)                : get_mole C - O -> nbonds: 3
03/19 16:43 [DEBUG] cshmd.analysis (get_mole)                : get_mole O - H -> nbonds: 3
03/19 16:43 [DEBUG] cshmd.analysis (find_bond)               : find_bond Ca - O rcut -> 3.0
03/19 16:43 [DEBUG] cshmd.common (time_wrapper)              : [RUNTIME] get_distance_table in 0.000 seconds
03/19 16:43 [DEBUG] cshmd.analysis (full_search)             : Search layer details
03/19 16:43 [DEBUG] cshmd.analysis (find_bond)               : find_bond Ca - O rcut -> 3.0
03/19 16:43 [DEBUG] cshmd.analysis (find_bond)               : find_bond Si - O rcut -> 2.0
03/19 16:43 [DEBUG] cshmd.analysis (__detail_search_oh_co3)  : No CO3 in basic search
03/19 16:43 [DEBUG] cshmd.analysis (__detail_search_oh_sioh) : Searching 'OH' in 'SiO4
03/19 16:43 [DEBUG] cshmd.analysis (__detail_search_oh_caoh) : No CaOH in basic search. RETURN
03/19 16:43 [INFO] cshmd.analysis (Qn)                       : [StructureManager] Q2: 1.000
03/19 16:43 [INFO] cshmd.analysis (CS)                       : [StructureManager] C/S: 0.750
03/19 16:43 [INFO] cshmd.analysis (validate_tetra)           : [StructureManager] BT: 4, PT: 8
03/19 16:43 [INFO] cshmd.analysis (validate_tetra)           : [StructureManager] CL : 3
03/19 16:43 [INFO] cshmd.analysis (validate_tetra)           : [StructureManager] MCL : 3.0
03/19 16:43 [INFO] cshmd.structure (cut)                     : Cutting range axis z: 0.00000 to 0.04000
03/19 16:43 [INFO] cshmd.structure (cut)                     : Number of atoms: 86, Did not cutted
03/19 16:43 [INFO] cshmd.structure (writeCif)                : T14_111_term.cif was created
03/19 16:43 [INFO] cif_modifier (__init__)                   : Total charge: -4 -> -4
03/19 16:43 [INFO] cif_modifier (<module>)                   : Logger loaded
03/19 16:43 [INFO] cshmd.structure (__init__)                : T14_111_term.cif was loaded
03/19 16:43 [DEBUG] cshmd.analysis (__init__)                : [StructureManager] Now new data setted for get Bonds
03/19 16:43 [DEBUG] cshmd.analysis (__del_bond__)            : del -> Si_O O_H H_O Ca_O C_O BO
03/19 16:43 [DEBUG] cshmd.analysis (__initialize_mole__)     : initalize -> H2O SiO4 OH CO3 H3O
03/19 16:43 [DEBUG] cshmd.analysis (__initialize_mole__)     : initalize -> SiOH CaOH HCO3 H2CO3 H3CO3
03/19 16:43 [INFO] cshmd.analysis (__init__)                 : Not any C-S-H Model
03/19 16:43 [DEBUG] cshmd.analysis (find_bond)               : find_bond O - H rcut -> 1.2
03/19 16:43 [DEBUG] cshmd.common (time_wrapper)              : [RUNTIME] get_distance_table in 0.000 seconds
03/19 16:43 [DEBUG] cshmd.analysis (get_mole)                : get_mole O - H -> nbonds: 2
03/19 16:43 [DEBUG] cshmd.analysis (find_bond)               : find_bond Si - O rcut -> 2.0
03/19 16:43 [DEBUG] cshmd.common (time_wrapper)              : [RUNTIME] get_distance_table in 0.000 seconds
03/19 16:43 [DEBUG] cshmd.analysis (get_mole)                : get_mole Si - O -> nbonds: 4
03/19 16:43 [DEBUG] cshmd.analysis (get_mole)                : get_mole O - H -> nbonds: 1
03/19 16:43 [DEBUG] cshmd.analysis (find_bond)               : find_bond C - O rcut -> 1.6
03/19 16:43 [DEBUG] cshmd.analysis (get_mole)                : get_mole C - O -> nbonds: 3
03/19 16:43 [DEBUG] cshmd.analysis (get_mole)                : get_mole O - H -> nbonds: 3
03/19 16:43 [DEBUG] cshmd.analysis (find_bond)               : find_bond Ca - O rcut -> 3.0
03/19 16:43 [DEBUG] cshmd.common (time_wrapper)              : [RUNTIME] get_distance_table in 0.000 seconds
03/19 16:43 [DEBUG] cshmd.analysis (full_search)             : Search layer details
03/19 16:43 [DEBUG] cshmd.analysis (find_bond)               : find_bond Ca - O rcut -> 3.0
03/19 16:43 [DEBUG] cshmd.analysis (find_bond)               : find_bond Si - O rcut -> 2.0
03/19 16:43 [DEBUG] cshmd.analysis (__detail_search_oh_co3)  : No CO3 in basic search
03/19 16:43 [DEBUG] cshmd.analysis (__detail_search_oh_sioh) : Searching 'OH' in 'SiO4
03/19 16:43 [DEBUG] cshmd.analysis (__detail_search_oh_caoh) : No CaOH in basic search. RETURN
03/19 16:43 [INFO] cshmd.analysis (Qn)                       : [StructureManager] Q2: 1.000
03/19 16:43 [INFO] cshmd.analysis (CS)                       : [StructureManager] C/S: 0.750
03/19 16:43 [INFO] cshmd.analysis (validate_tetra)           : [StructureManager] BT: 4, PT: 8
03/19 16:43 [INFO] cshmd.analysis (validate_tetra)           : [StructureManager] CL : 3
03/19 16:43 [INFO] cshmd.analysis (validate_tetra)           : [StructureManager] MCL : 3.0
03/19 16:43 [INFO] cshmd.structure (cut)                     : Cutting range axis z: 0.00000 to 0.04000
03/19 16:43 [INFO] cshmd.structure (cut)                     : Number of atoms: 86, Did not cutted
03/19 16:43 [INFO] cshmd.structure (cut)                     : remove empty space
03/19 16:43 [INFO] cshmd.structure (writeCif)                : T14_111_term.cif was created
03/19 16:43 [INFO] cif_modifier (__init__)                   : Total charge: -4 -> -4
03/25 15:21 [INFO] cif_modifier (<module>)                   : Logger loaded
03/25 15:21 [INFO] cif_modifier (<module>)                   : Logger loaded
03/25 15:21 [INFO] cshmd.structure (__init__)                : T14_111_term.cif was loaded
03/25 15:21 [DEBUG] cshmd.analysis (__init__)                : [StructureManager] Now new data setted for get Bonds
03/25 15:21 [DEBUG] cshmd.analysis (__del_bond__)            : del -> Si_O O_H H_O Ca_O C_O BO
03/25 15:21 [DEBUG] cshmd.analysis (__initialize_mole__)     : initalize -> H2O SiO4 OH CO3 H3O
03/25 15:21 [DEBUG] cshmd.analysis (__initialize_mole__)     : initalize -> SiOH CaOH HCO3 H2CO3 H3CO3
03/25 15:21 [INFO] cshmd.analysis (__init__)                 : Not any C-S-H Si range info
03/25 15:21 [DEBUG] cshmd.analysis (find_bond)               : find_bond O - H rcut -> 1.2
03/25 15:21 [DEBUG] cshmd.common (time_wrapper)              : [RUNTIME] get_distance_table in 0.000 seconds
03/25 15:21 [DEBUG] cshmd.analysis (get_mole)                : get_mole O - H -> nbonds: 2
03/25 15:21 [DEBUG] cshmd.analysis (find_bond)               : find_bond Si - O rcut -> 2.2
03/25 15:21 [DEBUG] cshmd.common (time_wrapper)              : [RUNTIME] get_distance_table in 0.000 seconds
03/25 15:21 [DEBUG] cshmd.analysis (get_mole)                : get_mole Si - O -> nbonds: 4
03/25 15:21 [DEBUG] cshmd.analysis (get_mole)                : get_mole O - H -> nbonds: 1
03/25 15:21 [DEBUG] cshmd.analysis (find_bond)               : find_bond C - O rcut -> 1.6
03/25 15:21 [DEBUG] cshmd.analysis (get_mole)                : get_mole C - O -> nbonds: 3
03/25 15:21 [DEBUG] cshmd.analysis (get_mole)                : get_mole O - H -> nbonds: 3
03/25 15:21 [DEBUG] cshmd.analysis (find_bond)               : find_bond Ca - O rcut -> 3.0
03/25 15:21 [DEBUG] cshmd.common (time_wrapper)              : [RUNTIME] get_distance_table in 0.000 seconds
03/25 15:21 [DEBUG] cshmd.analysis (full_search)             : Search layer details
03/25 15:21 [DEBUG] cshmd.analysis (find_bond)               : find_bond Ca - O rcut -> 3.0
03/25 15:21 [DEBUG] cshmd.analysis (find_bond)               : find_bond Si - O rcut -> 2.2
03/25 15:21 [DEBUG] cshmd.analysis (__detail_search_oh_co3)  : No CO3 in basic search
03/25 15:21 [DEBUG] cshmd.analysis (__detail_search_oh_sioh) : Searching 'OH' in 'SiO4
03/25 15:21 [DEBUG] cshmd.analysis (__detail_search_oh_caoh) : No CaOH in basic search. RETURN
03/25 15:21 [INFO] cshmd.analysis (Qn)                       : [StructureManager] Q2: 1.000
03/25 15:21 [INFO] cshmd.analysis (CS)                       : [StructureManager] C/S: 0.750
03/25 15:21 [INFO] cshmd.analysis (validate_tetra)           : [StructureManager] BT: 4, PT: 8
03/25 15:21 [DEBUG] cshmd.analysis (__init__)                : <class 'cshmd.analysis.Chain'> loaded
03/25 15:21 [DEBUG] cshmd.analysis (__init__)                : <class 'cshmd.analysis.Chain'> loaded
03/25 15:21 [INFO] cshmd.analysis (validate_tetra)           : [StructureManager] CL : 3: 1
03/25 15:21 [INFO] cshmd.analysis (validate_tetra)           : [StructureManager] MCL : 3.0
03/25 15:21 [INFO] cshmd.structure (writeCif)                : T14_111_term_modified.cif was created
03/25 15:21 [INFO] cif_modifier (__init__)                   : Total charge: -4 -> -4
03/25 16:04 [INFO] csh_builder (main)                        : ----------------------------------------------------------------------
03/25 16:04 [INFO] csh_builder (main)                        : 'test.yaml' loaded
03/25 16:04 [INFO] cshmd.structure (__init__)                : /Users/kimuni/bin/kimuni/cshmd/data/resources/cif/T14-base-normal.cif was loaded
03/25 16:04 [DEBUG] cshmd.analysis (__init__)                : [StructureManager] Now new data setted for get Bonds
03/25 16:04 [DEBUG] cshmd.analysis (__del_bond__)            : del -> Si_O O_H H_O Ca_O C_O BO NBO
03/25 16:04 [DEBUG] cshmd.analysis (__initialize_mole__)     : initalize -> H2O SiO4 OH CO3 H3O
03/25 16:04 [DEBUG] cshmd.analysis (__initialize_mole__)     : initalize -> SiOH CaOH HCO3 H2CO3 H3CO3
03/25 16:04 [INFO] cshmd.analysis (__init__)                 : Not any C-S-H Si range info
03/25 16:04 [DEBUG] cshmd.analysis (find_bond)               : find_bond O - H rcut -> 1.2
03/25 16:04 [DEBUG] cshmd.common (time_wrapper)              : [RUNTIME] get_distance_table in 0.000 seconds
03/25 16:04 [DEBUG] cshmd.analysis (get_mole)                : get_mole O - H -> nbonds: 2
03/25 16:04 [DEBUG] cshmd.analysis (find_bond)               : find_bond Si - O rcut -> 2.2
03/25 16:04 [DEBUG] cshmd.common (time_wrapper)              : [RUNTIME] get_distance_table in 0.000 seconds
03/25 16:04 [DEBUG] cshmd.analysis (get_mole)                : get_mole Si - O -> nbonds: 4
03/25 16:04 [DEBUG] cshmd.analysis (get_mole)                : get_mole O - H -> nbonds: 1
03/25 16:04 [DEBUG] cshmd.analysis (find_bond)               : find_bond C - O rcut -> 1.6
03/25 16:04 [DEBUG] cshmd.analysis (get_mole)                : get_mole C - O -> nbonds: 3
03/25 16:04 [DEBUG] cshmd.analysis (get_mole)                : get_mole O - H -> nbonds: 3
03/25 16:04 [DEBUG] cshmd.analysis (find_bond)               : find_bond Ca - O rcut -> 3.0
03/25 16:04 [DEBUG] cshmd.common (time_wrapper)              : [RUNTIME] get_distance_table in 0.000 seconds
03/25 16:04 [DEBUG] cshmd.analysis (full_search)             : Search layer details
03/25 16:04 [DEBUG] cshmd.analysis (find_bond)               : find_bond Ca - O rcut -> 3.0
03/25 16:04 [DEBUG] cshmd.analysis (find_bond)               : find_bond Si - O rcut -> 2.2
03/25 16:04 [DEBUG] cshmd.analysis (__detail_search_oh_co3)  : No CO3 in basic search
03/25 16:04 [DEBUG] cshmd.analysis (__detail_search_oh_sioh) : Searching 'OH' in 'SiO4
03/25 16:04 [DEBUG] cshmd.analysis (__detail_search_oh_caoh) : No CaOH in basic search. RETURN
03/25 16:04 [INFO] cshmd.analysis (Qn)                       : [StructureManager] Q2: 1.000
03/25 16:04 [INFO] cshmd.analysis (CS)                       : [StructureManager] C/S: 0.750
03/25 16:04 [INFO] cshmd.analysis (validate_tetra)           : [StructureManager] BT: 4, PT: 8
03/25 16:04 [DEBUG] cshmd.analysis (__init__)                : <class 'cshmd.analysis.Chain'> loaded
03/25 16:04 [DEBUG] cshmd.analysis (__init__)                : <class 'cshmd.analysis.Chain'> loaded
03/25 16:04 [INFO] cshmd.analysis (validate_tetra)           : [StructureManager] CL : 3: 1
03/25 16:04 [INFO] cshmd.analysis (validate_tetra)           : [StructureManager] MCL : 3.0
03/25 16:04 [INFO] csh_builder (main)                        : [StructureManager] Reading command 'dprot_BT'...
03/25 16:04 [DEBUG] cshmd.analysis (__init__)                : [StructureManager] Now new data setted for get Bonds
03/25 16:04 [DEBUG] cshmd.analysis (__del_bond__)            : del -> Si_O O_H H_O Ca_O C_O BO NBO
03/25 16:04 [DEBUG] cshmd.analysis (__initialize_mole__)     : initalize -> H2O SiO4 OH CO3 H3O
03/25 16:04 [DEBUG] cshmd.analysis (__initialize_mole__)     : initalize -> SiOH CaOH HCO3 H2CO3 H3CO3
03/25 16:04 [DEBUG] cshmd.analysis (find_bond)               : find_bond O - H rcut -> 1.2
03/25 16:04 [DEBUG] cshmd.common (time_wrapper)              : [RUNTIME] get_distance_table in 0.000 seconds
03/25 16:04 [DEBUG] cshmd.analysis (get_mole)                : get_mole O - H -> nbonds: 2
03/25 16:04 [DEBUG] cshmd.analysis (find_bond)               : find_bond Si - O rcut -> 2.2
03/25 16:04 [DEBUG] cshmd.common (time_wrapper)              : [RUNTIME] get_distance_table in 0.000 seconds
03/25 16:04 [DEBUG] cshmd.analysis (get_mole)                : get_mole Si - O -> nbonds: 4
03/25 16:04 [DEBUG] cshmd.analysis (get_mole)                : get_mole O - H -> nbonds: 1
03/25 16:04 [DEBUG] cshmd.analysis (find_bond)               : find_bond C - O rcut -> 1.6
03/25 16:04 [DEBUG] cshmd.analysis (get_mole)                : get_mole C - O -> nbonds: 3
03/25 16:04 [DEBUG] cshmd.analysis (get_mole)                : get_mole O - H -> nbonds: 3
03/25 16:04 [DEBUG] cshmd.analysis (find_bond)               : find_bond Ca - O rcut -> 3.0
03/25 16:04 [DEBUG] cshmd.common (time_wrapper)              : [RUNTIME] get_distance_table in 0.000 seconds
03/25 16:04 [DEBUG] cshmd.analysis (full_search)             : Search layer details
03/25 16:04 [DEBUG] cshmd.analysis (find_bond)               : find_bond Ca - O rcut -> 3.0
03/25 16:04 [DEBUG] cshmd.analysis (find_bond)               : find_bond Si - O rcut -> 2.2
03/25 16:04 [DEBUG] cshmd.analysis (__detail_search_oh_co3)  : No CO3 in basic search
03/25 16:04 [DEBUG] cshmd.analysis (__detail_search_oh_sioh) : Searching 'OH' in 'SiO4
03/25 16:04 [DEBUG] cshmd.analysis (__detail_search_oh_caoh) : No CaOH in basic search. RETURN
03/25 16:04 [INFO] cshmd.analysis (Qn)                       : [StructureManager] Q2: 1.000
03/25 16:04 [INFO] cshmd.analysis (CS)                       : [StructureManager] C/S: 0.750
03/25 16:04 [INFO] cshmd.analysis (validate_tetra)           : [StructureManager] BT: 4, PT: 8
03/25 16:04 [DEBUG] cshmd.analysis (__init__)                : <class 'cshmd.analysis.Chain'> loaded
03/25 16:04 [DEBUG] cshmd.analysis (__init__)                : <class 'cshmd.analysis.Chain'> loaded
03/25 16:04 [INFO] cshmd.analysis (validate_tetra)           : [StructureManager] CL : 3: 1
03/25 16:04 [INFO] cshmd.analysis (validate_tetra)           : [StructureManager] MCL : 3.0
03/25 16:05 [INFO] csh_builder (main)                        : ----------------------------------------------------------------------
03/25 16:05 [INFO] csh_builder (main)                        : 'test.yaml' loaded
03/25 16:05 [INFO] cshmd.structure (__init__)                : /Users/kimuni/bin/kimuni/cshmd/data/resources/cif/T14-base-normal.cif was loaded
03/25 16:05 [DEBUG] cshmd.analysis (__init__)                : [StructureManager] Now new data setted for get Bonds
03/25 16:05 [DEBUG] cshmd.analysis (__del_bond__)            : del -> Si_O O_H H_O Ca_O C_O BO NBO
03/25 16:05 [DEBUG] cshmd.analysis (__initialize_mole__)     : initalize -> H2O SiO4 OH CO3 H3O
03/25 16:05 [DEBUG] cshmd.analysis (__initialize_mole__)     : initalize -> SiOH CaOH HCO3 H2CO3 H3CO3
03/25 16:05 [INFO] cshmd.analysis (__init__)                 : Not any C-S-H Si range info
03/25 16:05 [DEBUG] cshmd.analysis (find_bond)               : find_bond O - H rcut -> 1.2
03/25 16:05 [DEBUG] cshmd.common (time_wrapper)              : [RUNTIME] get_distance_table in 0.000 seconds
03/25 16:05 [DEBUG] cshmd.analysis (get_mole)                : get_mole O - H -> nbonds: 2
03/25 16:05 [DEBUG] cshmd.analysis (find_bond)               : find_bond Si - O rcut -> 2.2
03/25 16:05 [DEBUG] cshmd.common (time_wrapper)              : [RUNTIME] get_distance_table in 0.000 seconds
03/25 16:05 [DEBUG] cshmd.analysis (get_mole)                : get_mole Si - O -> nbonds: 4
03/25 16:05 [DEBUG] cshmd.analysis (get_mole)                : get_mole O - H -> nbonds: 1
03/25 16:05 [DEBUG] cshmd.analysis (find_bond)               : find_bond C - O rcut -> 1.6
03/25 16:05 [DEBUG] cshmd.analysis (get_mole)                : get_mole C - O -> nbonds: 3
03/25 16:05 [DEBUG] cshmd.analysis (get_mole)                : get_mole O - H -> nbonds: 3
03/25 16:05 [DEBUG] cshmd.analysis (find_bond)               : find_bond Ca - O rcut -> 3.0
03/25 16:05 [DEBUG] cshmd.common (time_wrapper)              : [RUNTIME] get_distance_table in 0.000 seconds
03/25 16:05 [DEBUG] cshmd.analysis (full_search)             : Search layer details
03/25 16:05 [DEBUG] cshmd.analysis (find_bond)               : find_bond Ca - O rcut -> 3.0
03/25 16:05 [DEBUG] cshmd.analysis (find_bond)               : find_bond Si - O rcut -> 2.2
03/25 16:05 [DEBUG] cshmd.analysis (__detail_search_oh_co3)  : No CO3 in basic search
03/25 16:05 [DEBUG] cshmd.analysis (__detail_search_oh_sioh) : Searching 'OH' in 'SiO4
03/25 16:05 [DEBUG] cshmd.analysis (__detail_search_oh_caoh) : No CaOH in basic search. RETURN
03/25 16:05 [INFO] cshmd.analysis (Qn)                       : [StructureManager] Q2: 1.000
03/25 16:05 [INFO] cshmd.analysis (CS)                       : [StructureManager] C/S: 0.750
03/25 16:05 [INFO] cshmd.analysis (validate_tetra)           : [StructureManager] BT: 4, PT: 8
03/25 16:05 [DEBUG] cshmd.analysis (__init__)                : <class 'cshmd.analysis.Chain'> loaded
03/25 16:05 [DEBUG] cshmd.analysis (__init__)                : <class 'cshmd.analysis.Chain'> loaded
03/25 16:05 [INFO] cshmd.analysis (validate_tetra)           : [StructureManager] CL : 3: 1
03/25 16:05 [INFO] cshmd.analysis (validate_tetra)           : [StructureManager] MCL : 3.0
03/25 16:05 [INFO] csh_builder (main)                        : [StructureManager] Reading command 'dprot_BT'...
03/25 16:05 [DEBUG] cshmd.analysis (__init__)                : [StructureManager] Now new data setted for get Bonds
03/25 16:05 [DEBUG] cshmd.analysis (__del_bond__)            : del -> Si_O O_H H_O Ca_O C_O BO NBO
03/25 16:05 [DEBUG] cshmd.analysis (__initialize_mole__)     : initalize -> H2O SiO4 OH CO3 H3O
03/25 16:05 [DEBUG] cshmd.analysis (__initialize_mole__)     : initalize -> SiOH CaOH HCO3 H2CO3 H3CO3
03/25 16:05 [DEBUG] cshmd.analysis (find_bond)               : find_bond O - H rcut -> 1.2
03/25 16:05 [DEBUG] cshmd.common (time_wrapper)              : [RUNTIME] get_distance_table in 0.000 seconds
03/25 16:05 [DEBUG] cshmd.analysis (get_mole)                : get_mole O - H -> nbonds: 2
03/25 16:05 [DEBUG] cshmd.analysis (find_bond)               : find_bond Si - O rcut -> 2.2
03/25 16:05 [DEBUG] cshmd.common (time_wrapper)              : [RUNTIME] get_distance_table in 0.000 seconds
03/25 16:05 [DEBUG] cshmd.analysis (get_mole)                : get_mole Si - O -> nbonds: 4
03/25 16:05 [DEBUG] cshmd.analysis (get_mole)                : get_mole O - H -> nbonds: 1
03/25 16:05 [DEBUG] cshmd.analysis (find_bond)               : find_bond C - O rcut -> 1.6
03/25 16:05 [DEBUG] cshmd.analysis (get_mole)                : get_mole C - O -> nbonds: 3
03/25 16:05 [DEBUG] cshmd.analysis (get_mole)                : get_mole O - H -> nbonds: 3
03/25 16:05 [DEBUG] cshmd.analysis (find_bond)               : find_bond Ca - O rcut -> 3.0
03/25 16:05 [DEBUG] cshmd.common (time_wrapper)              : [RUNTIME] get_distance_table in 0.000 seconds
03/25 16:05 [DEBUG] cshmd.analysis (full_search)             : Search layer details
03/25 16:05 [DEBUG] cshmd.analysis (find_bond)               : find_bond Ca - O rcut -> 3.0
03/25 16:05 [DEBUG] cshmd.analysis (find_bond)               : find_bond Si - O rcut -> 2.2
03/25 16:05 [DEBUG] cshmd.analysis (__detail_search_oh_co3)  : No CO3 in basic search
03/25 16:05 [DEBUG] cshmd.analysis (__detail_search_oh_sioh) : Searching 'OH' in 'SiO4
03/25 16:05 [DEBUG] cshmd.analysis (__detail_search_oh_caoh) : No CaOH in basic search. RETURN
03/25 16:05 [INFO] cshmd.analysis (Qn)                       : [StructureManager] Q2: 1.000
03/25 16:05 [INFO] cshmd.analysis (CS)                       : [StructureManager] C/S: 0.750
03/25 16:05 [INFO] cshmd.analysis (validate_tetra)           : [StructureManager] BT: 4, PT: 8
03/25 16:05 [DEBUG] cshmd.analysis (__init__)                : <class 'cshmd.analysis.Chain'> loaded
03/25 16:05 [DEBUG] cshmd.analysis (__init__)                : <class 'cshmd.analysis.Chain'> loaded
03/25 16:05 [INFO] cshmd.analysis (validate_tetra)           : [StructureManager] CL : 3: 1
03/25 16:05 [INFO] cshmd.analysis (validate_tetra)           : [StructureManager] MCL : 3.0
03/25 16:06 [INFO] csh_builder (main)                        : ----------------------------------------------------------------------
03/25 16:06 [INFO] csh_builder (main)                        : 'test.yaml' loaded
03/25 16:06 [INFO] cshmd.structure (__init__)                : /Users/kimuni/bin/kimuni/cshmd/data/resources/cif/T14-base-normal.cif was loaded
03/25 16:06 [DEBUG] cshmd.analysis (__init__)                : [StructureManager] Now new data setted for get Bonds
03/25 16:06 [DEBUG] cshmd.analysis (__del_bond__)            : del -> Si_O O_H H_O Ca_O C_O BO NBO
03/25 16:06 [DEBUG] cshmd.analysis (__initialize_mole__)     : initalize -> H2O SiO4 OH CO3 H3O
03/25 16:06 [DEBUG] cshmd.analysis (__initialize_mole__)     : initalize -> SiOH CaOH HCO3 H2CO3 H3CO3
03/25 16:06 [INFO] cshmd.analysis (__init__)                 : Not any C-S-H Si range info
03/25 16:06 [DEBUG] cshmd.analysis (find_bond)               : find_bond O - H rcut -> 1.2
03/25 16:06 [DEBUG] cshmd.common (time_wrapper)              : [RUNTIME] get_distance_table in 0.000 seconds
03/25 16:06 [DEBUG] cshmd.analysis (get_mole)                : get_mole O - H -> nbonds: 2
03/25 16:06 [DEBUG] cshmd.analysis (find_bond)               : find_bond Si - O rcut -> 2.2
03/25 16:06 [DEBUG] cshmd.common (time_wrapper)              : [RUNTIME] get_distance_table in 0.000 seconds
03/25 16:06 [DEBUG] cshmd.analysis (get_mole)                : get_mole Si - O -> nbonds: 4
03/25 16:06 [DEBUG] cshmd.analysis (get_mole)                : get_mole O - H -> nbonds: 1
03/25 16:06 [DEBUG] cshmd.analysis (find_bond)               : find_bond C - O rcut -> 1.6
03/25 16:06 [DEBUG] cshmd.analysis (get_mole)                : get_mole C - O -> nbonds: 3
03/25 16:06 [DEBUG] cshmd.analysis (get_mole)                : get_mole O - H -> nbonds: 3
03/25 16:06 [DEBUG] cshmd.analysis (find_bond)               : find_bond Ca - O rcut -> 3.0
03/25 16:06 [DEBUG] cshmd.common (time_wrapper)              : [RUNTIME] get_distance_table in 0.000 seconds
03/25 16:06 [DEBUG] cshmd.analysis (full_search)             : Search layer details
03/25 16:06 [DEBUG] cshmd.analysis (find_bond)               : find_bond Ca - O rcut -> 3.0
03/25 16:06 [DEBUG] cshmd.analysis (find_bond)               : find_bond Si - O rcut -> 2.2
03/25 16:06 [DEBUG] cshmd.analysis (__detail_search_oh_co3)  : No CO3 in basic search
03/25 16:06 [DEBUG] cshmd.analysis (__detail_search_oh_sioh) : Searching 'OH' in 'SiO4
03/25 16:06 [DEBUG] cshmd.analysis (__detail_search_oh_caoh) : No CaOH in basic search. RETURN
03/25 16:06 [INFO] cshmd.analysis (Qn)                       : [StructureManager] Q2: 1.000
03/25 16:06 [INFO] cshmd.analysis (CS)                       : [StructureManager] C/S: 0.750
03/25 16:06 [INFO] cshmd.analysis (validate_tetra)           : [StructureManager] BT: 4, PT: 8
03/25 16:06 [DEBUG] cshmd.analysis (__init__)                : <class 'cshmd.analysis.Chain'> loaded
03/25 16:06 [DEBUG] cshmd.analysis (__init__)                : <class 'cshmd.analysis.Chain'> loaded
03/25 16:06 [INFO] cshmd.analysis (validate_tetra)           : [StructureManager] CL : 3: 1
03/25 16:06 [INFO] cshmd.analysis (validate_tetra)           : [StructureManager] MCL : 3.0
03/25 16:06 [INFO] csh_builder (main)                        : [StructureManager] Reading command 'dprot_BT'...
03/25 16:06 [INFO] cshmd.structure (check_rm_list)           : Delete 1 atoms in rm_list
03/25 16:06 [DEBUG] cshmd.analysis (__init__)                : [StructureManager] Now new data setted for get Bonds
03/25 16:06 [DEBUG] cshmd.analysis (__del_bond__)            : del -> Si_O O_H H_O Ca_O C_O BO NBO
03/25 16:06 [DEBUG] cshmd.analysis (__initialize_mole__)     : initalize -> H2O SiO4 OH CO3 H3O
03/25 16:06 [DEBUG] cshmd.analysis (__initialize_mole__)     : initalize -> SiOH CaOH HCO3 H2CO3 H3CO3
03/25 16:06 [DEBUG] cshmd.analysis (find_bond)               : find_bond O - H rcut -> 1.2
03/25 16:06 [DEBUG] cshmd.common (time_wrapper)              : [RUNTIME] get_distance_table in 0.000 seconds
03/25 16:06 [DEBUG] cshmd.analysis (get_mole)                : get_mole O - H -> nbonds: 2
03/25 16:06 [DEBUG] cshmd.analysis (find_bond)               : find_bond Si - O rcut -> 2.2
03/25 16:06 [DEBUG] cshmd.common (time_wrapper)              : [RUNTIME] get_distance_table in 0.000 seconds
03/25 16:06 [DEBUG] cshmd.analysis (get_mole)                : get_mole Si - O -> nbonds: 4
03/25 16:06 [DEBUG] cshmd.analysis (get_mole)                : get_mole O - H -> nbonds: 1
03/25 16:06 [DEBUG] cshmd.analysis (find_bond)               : find_bond C - O rcut -> 1.6
03/25 16:06 [DEBUG] cshmd.analysis (get_mole)                : get_mole C - O -> nbonds: 3
03/25 16:06 [DEBUG] cshmd.analysis (get_mole)                : get_mole O - H -> nbonds: 3
03/25 16:06 [DEBUG] cshmd.analysis (find_bond)               : find_bond Ca - O rcut -> 3.0
03/25 16:06 [DEBUG] cshmd.common (time_wrapper)              : [RUNTIME] get_distance_table in 0.000 seconds
03/25 16:06 [DEBUG] cshmd.analysis (full_search)             : Search layer details
03/25 16:06 [DEBUG] cshmd.analysis (find_bond)               : find_bond Ca - O rcut -> 3.0
03/25 16:06 [DEBUG] cshmd.analysis (find_bond)               : find_bond Si - O rcut -> 2.2
03/25 16:06 [DEBUG] cshmd.analysis (__detail_search_oh_co3)  : No CO3 in basic search
03/25 16:06 [DEBUG] cshmd.analysis (__detail_search_oh_sioh) : Searching 'OH' in 'SiO4
03/25 16:06 [DEBUG] cshmd.analysis (__detail_search_oh_caoh) : No CaOH in basic search. RETURN
03/25 16:06 [INFO] cshmd.analysis (Qn)                       : [StructureManager] Q2: 1.000
03/25 16:06 [INFO] cshmd.analysis (CS)                       : [StructureManager] C/S: 0.750
03/25 16:06 [INFO] cshmd.analysis (validate_tetra)           : [StructureManager] BT: 4, PT: 8
03/25 16:06 [DEBUG] cshmd.analysis (__init__)                : <class 'cshmd.analysis.Chain'> loaded
03/25 16:06 [DEBUG] cshmd.analysis (__init__)                : <class 'cshmd.analysis.Chain'> loaded
03/25 16:06 [INFO] cshmd.analysis (validate_tetra)           : [StructureManager] CL : 3: 1
03/25 16:06 [INFO] cshmd.analysis (validate_tetra)           : [StructureManager] MCL : 3.0
03/25 16:06 [INFO] cshmd.builder (update_manager)            : [StructureManager] Number of atoms: 104 -> 103
03/25 16:06 [INFO] cshmd.structure (writeCif)                : test.cif was created
03/25 16:06 [INFO] cshmd.builder (out_model)                 : Total Charge: -1
03/25 16:06 [INFO] csh_builder (main)                        : ----------------------------------------------------------------------
03/25 16:07 [INFO] csh_builder (main)                        : ----------------------------------------------------------------------
03/25 16:07 [INFO] csh_builder (main)                        : 'test.yaml' loaded
03/25 16:07 [INFO] cshmd.structure (__init__)                : /Users/kimuni/bin/kimuni/cshmd/data/resources/cif/T14-base-normal.cif was loaded
03/25 16:07 [DEBUG] cshmd.analysis (__init__)                : [StructureManager] Now new data setted for get Bonds
03/25 16:07 [DEBUG] cshmd.analysis (__del_bond__)            : del -> Si_O O_H H_O Ca_O C_O BO NBO
03/25 16:07 [DEBUG] cshmd.analysis (__initialize_mole__)     : initalize -> H2O SiO4 OH CO3 H3O
03/25 16:07 [DEBUG] cshmd.analysis (__initialize_mole__)     : initalize -> SiOH CaOH HCO3 H2CO3 H3CO3
03/25 16:07 [INFO] cshmd.analysis (__init__)                 : Not any C-S-H Si range info
03/25 16:07 [DEBUG] cshmd.analysis (find_bond)               : find_bond O - H rcut -> 1.2
03/25 16:07 [DEBUG] cshmd.common (time_wrapper)              : [RUNTIME] get_distance_table in 0.000 seconds
03/25 16:07 [DEBUG] cshmd.analysis (get_mole)                : get_mole O - H -> nbonds: 2
03/25 16:07 [DEBUG] cshmd.analysis (find_bond)               : find_bond Si - O rcut -> 2.2
03/25 16:07 [DEBUG] cshmd.common (time_wrapper)              : [RUNTIME] get_distance_table in 0.000 seconds
03/25 16:07 [DEBUG] cshmd.analysis (get_mole)                : get_mole Si - O -> nbonds: 4
03/25 16:07 [DEBUG] cshmd.analysis (get_mole)                : get_mole O - H -> nbonds: 1
03/25 16:07 [DEBUG] cshmd.analysis (find_bond)               : find_bond C - O rcut -> 1.6
03/25 16:07 [DEBUG] cshmd.analysis (get_mole)                : get_mole C - O -> nbonds: 3
03/25 16:07 [DEBUG] cshmd.analysis (get_mole)                : get_mole O - H -> nbonds: 3
03/25 16:07 [DEBUG] cshmd.analysis (find_bond)               : find_bond Ca - O rcut -> 3.0
03/25 16:07 [DEBUG] cshmd.common (time_wrapper)              : [RUNTIME] get_distance_table in 0.000 seconds
03/25 16:07 [DEBUG] cshmd.analysis (full_search)             : Search layer details
03/25 16:07 [DEBUG] cshmd.analysis (find_bond)               : find_bond Ca - O rcut -> 3.0
03/25 16:07 [DEBUG] cshmd.analysis (find_bond)               : find_bond Si - O rcut -> 2.2
03/25 16:07 [DEBUG] cshmd.analysis (__detail_search_oh_co3)  : No CO3 in basic search
03/25 16:07 [DEBUG] cshmd.analysis (__detail_search_oh_sioh) : Searching 'OH' in 'SiO4
03/25 16:07 [DEBUG] cshmd.analysis (__detail_search_oh_caoh) : No CaOH in basic search. RETURN
03/25 16:07 [INFO] cshmd.analysis (Qn)                       : [StructureManager] Q2: 1.000
03/25 16:07 [INFO] cshmd.analysis (CS)                       : [StructureManager] C/S: 0.750
03/25 16:07 [INFO] cshmd.analysis (validate_tetra)           : [StructureManager] BT: 4, PT: 8
03/25 16:07 [DEBUG] cshmd.analysis (__init__)                : <class 'cshmd.analysis.Chain'> loaded
03/25 16:07 [DEBUG] cshmd.analysis (__init__)                : <class 'cshmd.analysis.Chain'> loaded
03/25 16:07 [INFO] cshmd.analysis (validate_tetra)           : [StructureManager] CL : 3: 1
03/25 16:07 [INFO] cshmd.analysis (validate_tetra)           : [StructureManager] MCL : 3.0
03/25 16:07 [INFO] csh_builder (main)                        : [StructureManager] Reading command 'dprot_BT'...
03/25 16:07 [INFO] cshmd.structure (check_rm_list)           : Delete 1 atoms in rm_list
03/25 16:07 [DEBUG] cshmd.analysis (__init__)                : [StructureManager] Now new data setted for get Bonds
03/25 16:07 [DEBUG] cshmd.analysis (__del_bond__)            : del -> Si_O O_H H_O Ca_O C_O BO NBO
03/25 16:07 [DEBUG] cshmd.analysis (__initialize_mole__)     : initalize -> H2O SiO4 OH CO3 H3O
03/25 16:07 [DEBUG] cshmd.analysis (__initialize_mole__)     : initalize -> SiOH CaOH HCO3 H2CO3 H3CO3
03/25 16:07 [DEBUG] cshmd.analysis (find_bond)               : find_bond O - H rcut -> 1.2
03/25 16:07 [DEBUG] cshmd.common (time_wrapper)              : [RUNTIME] get_distance_table in 0.000 seconds
03/25 16:07 [DEBUG] cshmd.analysis (get_mole)                : get_mole O - H -> nbonds: 2
03/25 16:07 [DEBUG] cshmd.analysis (find_bond)               : find_bond Si - O rcut -> 2.2
03/25 16:07 [DEBUG] cshmd.common (time_wrapper)              : [RUNTIME] get_distance_table in 0.000 seconds
03/25 16:07 [DEBUG] cshmd.analysis (get_mole)                : get_mole Si - O -> nbonds: 4
03/25 16:07 [DEBUG] cshmd.analysis (get_mole)                : get_mole O - H -> nbonds: 1
03/25 16:07 [DEBUG] cshmd.analysis (find_bond)               : find_bond C - O rcut -> 1.6
03/25 16:07 [DEBUG] cshmd.analysis (get_mole)                : get_mole C - O -> nbonds: 3
03/25 16:07 [DEBUG] cshmd.analysis (get_mole)                : get_mole O - H -> nbonds: 3
03/25 16:07 [DEBUG] cshmd.analysis (find_bond)               : find_bond Ca - O rcut -> 3.0
03/25 16:07 [DEBUG] cshmd.common (time_wrapper)              : [RUNTIME] get_distance_table in 0.000 seconds
03/25 16:07 [DEBUG] cshmd.analysis (full_search)             : Search layer details
03/25 16:07 [DEBUG] cshmd.analysis (find_bond)               : find_bond Ca - O rcut -> 3.0
03/25 16:07 [DEBUG] cshmd.analysis (find_bond)               : find_bond Si - O rcut -> 2.2
03/25 16:07 [DEBUG] cshmd.analysis (__detail_search_oh_co3)  : No CO3 in basic search
03/25 16:07 [DEBUG] cshmd.analysis (__detail_search_oh_sioh) : Searching 'OH' in 'SiO4
03/25 16:07 [DEBUG] cshmd.analysis (__detail_search_oh_caoh) : No CaOH in basic search. RETURN
03/25 16:07 [INFO] cshmd.analysis (Qn)                       : [StructureManager] Q2: 1.000
03/25 16:07 [INFO] cshmd.analysis (CS)                       : [StructureManager] C/S: 0.750
03/25 16:07 [INFO] cshmd.analysis (validate_tetra)           : [StructureManager] BT: 4, PT: 8
03/25 16:07 [DEBUG] cshmd.analysis (__init__)                : <class 'cshmd.analysis.Chain'> loaded
03/25 16:07 [DEBUG] cshmd.analysis (__init__)                : <class 'cshmd.analysis.Chain'> loaded
03/25 16:07 [INFO] cshmd.analysis (validate_tetra)           : [StructureManager] CL : 3: 1
03/25 16:07 [INFO] cshmd.analysis (validate_tetra)           : [StructureManager] MCL : 3.0
03/25 16:07 [INFO] cshmd.builder (update_manager)            : [StructureManager] Number of atoms: 104 -> 103
03/25 16:07 [INFO] cshmd.structure (writeCif)                : test.cif was created
03/25 16:07 [INFO] cshmd.builder (out_model)                 : Total Charge: -1
03/25 16:07 [INFO] csh_builder (main)                        : ----------------------------------------------------------------------
03/25 16:13 [INFO] csh_builder (main)                        : ----------------------------------------------------------------------
03/25 16:13 [INFO] csh_builder (main)                        : 'test.yaml' loaded
03/25 16:13 [INFO] cshmd.structure (__init__)                : /Users/kimuni/bin/kimuni/cshmd/data/resources/cif/T14-base-normal.cif was loaded
03/25 16:13 [DEBUG] cshmd.analysis (__init__)                : [StructureManager] Now new data setted for get Bonds
03/25 16:13 [DEBUG] cshmd.analysis (__del_bond__)            : del -> Si_O O_H H_O Ca_O C_O BO NBO
03/25 16:13 [DEBUG] cshmd.analysis (__initialize_mole__)     : initalize -> H2O SiO4 OH CO3 H3O
03/25 16:13 [DEBUG] cshmd.analysis (__initialize_mole__)     : initalize -> SiOH CaOH HCO3 H2CO3 H3CO3
03/25 16:13 [INFO] cshmd.analysis (__init__)                 : Not any C-S-H Si range info
03/25 16:13 [DEBUG] cshmd.analysis (find_bond)               : find_bond O - H rcut -> 1.2
03/25 16:13 [DEBUG] cshmd.common (time_wrapper)              : [RUNTIME] get_distance_table in 0.000 seconds
03/25 16:13 [DEBUG] cshmd.analysis (get_mole)                : get_mole O - H -> nbonds: 2
03/25 16:13 [DEBUG] cshmd.analysis (find_bond)               : find_bond Si - O rcut -> 2.2
03/25 16:13 [DEBUG] cshmd.common (time_wrapper)              : [RUNTIME] get_distance_table in 0.000 seconds
03/25 16:13 [DEBUG] cshmd.analysis (get_mole)                : get_mole Si - O -> nbonds: 4
03/25 16:13 [DEBUG] cshmd.analysis (get_mole)                : get_mole O - H -> nbonds: 1
03/25 16:13 [DEBUG] cshmd.analysis (find_bond)               : find_bond C - O rcut -> 1.6
03/25 16:13 [DEBUG] cshmd.analysis (get_mole)                : get_mole C - O -> nbonds: 3
03/25 16:13 [DEBUG] cshmd.analysis (get_mole)                : get_mole O - H -> nbonds: 3
03/25 16:13 [DEBUG] cshmd.analysis (find_bond)               : find_bond Ca - O rcut -> 3.0
03/25 16:13 [DEBUG] cshmd.common (time_wrapper)              : [RUNTIME] get_distance_table in 0.000 seconds
03/25 16:13 [DEBUG] cshmd.analysis (full_search)             : Search layer details
03/25 16:13 [DEBUG] cshmd.analysis (find_bond)               : find_bond Ca - O rcut -> 3.0
03/25 16:13 [DEBUG] cshmd.analysis (find_bond)               : find_bond Si - O rcut -> 2.2
03/25 16:13 [DEBUG] cshmd.analysis (__detail_search_oh_co3)  : No CO3 in basic search
03/25 16:13 [DEBUG] cshmd.analysis (__detail_search_oh_sioh) : Searching 'OH' in 'SiO4
03/25 16:13 [DEBUG] cshmd.analysis (__detail_search_oh_caoh) : No CaOH in basic search. RETURN
03/25 16:13 [INFO] cshmd.analysis (Qn)                       : [StructureManager] Q2: 1.000
03/25 16:13 [INFO] cshmd.analysis (CS)                       : [StructureManager] C/S: 0.750
03/25 16:13 [INFO] cshmd.analysis (validate_tetra)           : [StructureManager] BT: 4, PT: 8
03/25 16:13 [DEBUG] cshmd.analysis (__init__)                : <class 'cshmd.analysis.Chain'> loaded
03/25 16:13 [DEBUG] cshmd.analysis (__init__)                : <class 'cshmd.analysis.Chain'> loaded
03/25 16:13 [INFO] cshmd.analysis (validate_tetra)           : [StructureManager] CL : 3: 1
03/25 16:13 [INFO] cshmd.analysis (validate_tetra)           : [StructureManager] MCL : 3.0
03/25 16:13 [INFO] csh_builder (main)                        : [StructureManager] Reading command 'dprot_BT'...
03/25 16:13 [INFO] csh_builder (main)                        : ----------------------------------------------------------------------
03/25 16:13 [INFO] csh_builder (main)                        : 'test.yaml' loaded
03/25 16:13 [INFO] cshmd.structure (__init__)                : /Users/kimuni/bin/kimuni/cshmd/data/resources/cif/T14-base-normal.cif was loaded
03/25 16:13 [DEBUG] cshmd.analysis (__init__)                : [StructureManager] Now new data setted for get Bonds
03/25 16:13 [DEBUG] cshmd.analysis (__del_bond__)            : del -> Si_O O_H H_O Ca_O C_O BO NBO
03/25 16:13 [DEBUG] cshmd.analysis (__initialize_mole__)     : initalize -> H2O SiO4 OH CO3 H3O
03/25 16:13 [DEBUG] cshmd.analysis (__initialize_mole__)     : initalize -> SiOH CaOH HCO3 H2CO3 H3CO3
03/25 16:13 [INFO] cshmd.analysis (__init__)                 : Not any C-S-H Si range info
03/25 16:13 [DEBUG] cshmd.analysis (find_bond)               : find_bond O - H rcut -> 1.2
03/25 16:13 [DEBUG] cshmd.common (time_wrapper)              : [RUNTIME] get_distance_table in 0.000 seconds
03/25 16:13 [DEBUG] cshmd.analysis (get_mole)                : get_mole O - H -> nbonds: 2
03/25 16:13 [DEBUG] cshmd.analysis (find_bond)               : find_bond Si - O rcut -> 2.2
03/25 16:13 [DEBUG] cshmd.common (time_wrapper)              : [RUNTIME] get_distance_table in 0.000 seconds
03/25 16:13 [DEBUG] cshmd.analysis (get_mole)                : get_mole Si - O -> nbonds: 4
03/25 16:13 [DEBUG] cshmd.analysis (get_mole)                : get_mole O - H -> nbonds: 1
03/25 16:13 [DEBUG] cshmd.analysis (find_bond)               : find_bond C - O rcut -> 1.6
03/25 16:13 [DEBUG] cshmd.analysis (get_mole)                : get_mole C - O -> nbonds: 3
03/25 16:13 [DEBUG] cshmd.analysis (get_mole)                : get_mole O - H -> nbonds: 3
03/25 16:13 [DEBUG] cshmd.analysis (find_bond)               : find_bond Ca - O rcut -> 3.0
03/25 16:13 [DEBUG] cshmd.common (time_wrapper)              : [RUNTIME] get_distance_table in 0.000 seconds
03/25 16:13 [DEBUG] cshmd.analysis (full_search)             : Search layer details
03/25 16:13 [DEBUG] cshmd.analysis (find_bond)               : find_bond Ca - O rcut -> 3.0
03/25 16:13 [DEBUG] cshmd.analysis (find_bond)               : find_bond Si - O rcut -> 2.2
03/25 16:13 [DEBUG] cshmd.analysis (__detail_search_oh_co3)  : No CO3 in basic search
03/25 16:13 [DEBUG] cshmd.analysis (__detail_search_oh_sioh) : Searching 'OH' in 'SiO4
03/25 16:13 [DEBUG] cshmd.analysis (__detail_search_oh_caoh) : No CaOH in basic search. RETURN
03/25 16:13 [INFO] cshmd.analysis (Qn)                       : [StructureManager] Q2: 1.000
03/25 16:13 [INFO] cshmd.analysis (CS)                       : [StructureManager] C/S: 0.750
03/25 16:13 [INFO] cshmd.analysis (validate_tetra)           : [StructureManager] BT: 4, PT: 8
03/25 16:13 [DEBUG] cshmd.analysis (__init__)                : <class 'cshmd.analysis.Chain'> loaded
03/25 16:13 [DEBUG] cshmd.analysis (__init__)                : <class 'cshmd.analysis.Chain'> loaded
03/25 16:13 [INFO] cshmd.analysis (validate_tetra)           : [StructureManager] CL : 3: 1
03/25 16:13 [INFO] cshmd.analysis (validate_tetra)           : [StructureManager] MCL : 3.0
03/25 16:13 [INFO] csh_builder (main)                        : [StructureManager] Reading command 'dprot_BT'...
03/25 16:14 [INFO] csh_builder (main)                        : ----------------------------------------------------------------------
03/25 16:14 [INFO] csh_builder (main)                        : 'test.yaml' loaded
03/25 16:14 [INFO] cshmd.structure (__init__)                : /Users/kimuni/bin/kimuni/cshmd/data/resources/cif/T14-base-normal.cif was loaded
03/25 16:14 [DEBUG] cshmd.analysis (__init__)                : [StructureManager] Now new data setted for get Bonds
03/25 16:14 [DEBUG] cshmd.analysis (__del_bond__)            : del -> Si_O O_H H_O Ca_O C_O BO NBO
03/25 16:14 [DEBUG] cshmd.analysis (__initialize_mole__)     : initalize -> H2O SiO4 OH CO3 H3O
03/25 16:14 [DEBUG] cshmd.analysis (__initialize_mole__)     : initalize -> SiOH CaOH HCO3 H2CO3 H3CO3
03/25 16:14 [INFO] cshmd.analysis (__init__)                 : Not any C-S-H Si range info
03/25 16:14 [DEBUG] cshmd.analysis (find_bond)               : find_bond O - H rcut -> 1.2
03/25 16:14 [DEBUG] cshmd.common (time_wrapper)              : [RUNTIME] get_distance_table in 0.000 seconds
03/25 16:14 [DEBUG] cshmd.analysis (get_mole)                : get_mole O - H -> nbonds: 2
03/25 16:14 [DEBUG] cshmd.analysis (find_bond)               : find_bond Si - O rcut -> 2.2
03/25 16:14 [DEBUG] cshmd.common (time_wrapper)              : [RUNTIME] get_distance_table in 0.000 seconds
03/25 16:14 [DEBUG] cshmd.analysis (get_mole)                : get_mole Si - O -> nbonds: 4
03/25 16:14 [DEBUG] cshmd.analysis (get_mole)                : get_mole O - H -> nbonds: 1
03/25 16:14 [DEBUG] cshmd.analysis (find_bond)               : find_bond C - O rcut -> 1.6
03/25 16:14 [DEBUG] cshmd.analysis (get_mole)                : get_mole C - O -> nbonds: 3
03/25 16:14 [DEBUG] cshmd.analysis (get_mole)                : get_mole O - H -> nbonds: 3
03/25 16:14 [DEBUG] cshmd.analysis (find_bond)               : find_bond Ca - O rcut -> 3.0
03/25 16:14 [DEBUG] cshmd.common (time_wrapper)              : [RUNTIME] get_distance_table in 0.000 seconds
03/25 16:14 [DEBUG] cshmd.analysis (full_search)             : Search layer details
03/25 16:14 [DEBUG] cshmd.analysis (find_bond)               : find_bond Ca - O rcut -> 3.0
03/25 16:14 [DEBUG] cshmd.analysis (find_bond)               : find_bond Si - O rcut -> 2.2
03/25 16:14 [DEBUG] cshmd.analysis (__detail_search_oh_co3)  : No CO3 in basic search
03/25 16:14 [DEBUG] cshmd.analysis (__detail_search_oh_sioh) : Searching 'OH' in 'SiO4
03/25 16:14 [DEBUG] cshmd.analysis (__detail_search_oh_caoh) : No CaOH in basic search. RETURN
03/25 16:14 [INFO] cshmd.analysis (Qn)                       : [StructureManager] Q2: 1.000
03/25 16:14 [INFO] cshmd.analysis (CS)                       : [StructureManager] C/S: 0.750
03/25 16:14 [INFO] cshmd.analysis (validate_tetra)           : [StructureManager] BT: 4, PT: 8
03/25 16:14 [DEBUG] cshmd.analysis (__init__)                : <class 'cshmd.analysis.Chain'> loaded
03/25 16:14 [DEBUG] cshmd.analysis (__init__)                : <class 'cshmd.analysis.Chain'> loaded
03/25 16:14 [INFO] cshmd.analysis (validate_tetra)           : [StructureManager] CL : 3: 1
03/25 16:14 [INFO] cshmd.analysis (validate_tetra)           : [StructureManager] MCL : 3.0
03/25 16:14 [INFO] csh_builder (main)                        : [StructureManager] Reading command 'dprot_BT'...
03/25 16:16 [INFO] csh_builder (main)                        : ----------------------------------------------------------------------
03/25 16:16 [INFO] csh_builder (main)                        : 'test.yaml' loaded
03/25 16:16 [INFO] cshmd.structure (__init__)                : /Users/kimuni/bin/kimuni/cshmd/data/resources/cif/T14-base-normal.cif was loaded
03/25 16:16 [DEBUG] cshmd.analysis (__init__)                : [StructureManager] Now new data setted for get Bonds
03/25 16:16 [DEBUG] cshmd.analysis (__del_bond__)            : del -> Si_O O_H H_O Ca_O C_O BO NBO
03/25 16:16 [DEBUG] cshmd.analysis (__initialize_mole__)     : initalize -> H2O SiO4 OH CO3 H3O
03/25 16:16 [DEBUG] cshmd.analysis (__initialize_mole__)     : initalize -> SiOH CaOH HCO3 H2CO3 H3CO3
03/25 16:16 [INFO] cshmd.analysis (__init__)                 : Not any C-S-H Si range info
03/25 16:16 [DEBUG] cshmd.analysis (find_bond)               : find_bond O - H rcut -> 1.2
03/25 16:16 [DEBUG] cshmd.common (time_wrapper)              : [RUNTIME] get_distance_table in 0.000 seconds
03/25 16:16 [DEBUG] cshmd.analysis (get_mole)                : get_mole O - H -> nbonds: 2
03/25 16:16 [DEBUG] cshmd.analysis (find_bond)               : find_bond Si - O rcut -> 2.2
03/25 16:16 [DEBUG] cshmd.common (time_wrapper)              : [RUNTIME] get_distance_table in 0.000 seconds
03/25 16:16 [DEBUG] cshmd.analysis (get_mole)                : get_mole Si - O -> nbonds: 4
03/25 16:16 [DEBUG] cshmd.analysis (get_mole)                : get_mole O - H -> nbonds: 1
03/25 16:16 [DEBUG] cshmd.analysis (find_bond)               : find_bond C - O rcut -> 1.6
03/25 16:16 [DEBUG] cshmd.analysis (get_mole)                : get_mole C - O -> nbonds: 3
03/25 16:16 [DEBUG] cshmd.analysis (get_mole)                : get_mole O - H -> nbonds: 3
03/25 16:16 [DEBUG] cshmd.analysis (find_bond)               : find_bond Ca - O rcut -> 3.0
03/25 16:16 [DEBUG] cshmd.common (time_wrapper)              : [RUNTIME] get_distance_table in 0.000 seconds
03/25 16:16 [DEBUG] cshmd.analysis (full_search)             : Search layer details
03/25 16:16 [DEBUG] cshmd.analysis (find_bond)               : find_bond Ca - O rcut -> 3.0
03/25 16:16 [DEBUG] cshmd.analysis (find_bond)               : find_bond Si - O rcut -> 2.2
03/25 16:16 [DEBUG] cshmd.analysis (__detail_search_oh_co3)  : No CO3 in basic search
03/25 16:16 [DEBUG] cshmd.analysis (__detail_search_oh_sioh) : Searching 'OH' in 'SiO4
03/25 16:16 [DEBUG] cshmd.analysis (__detail_search_oh_caoh) : No CaOH in basic search. RETURN
03/25 16:16 [INFO] cshmd.analysis (Qn)                       : [StructureManager] Q2: 1.000
03/25 16:16 [INFO] cshmd.analysis (CS)                       : [StructureManager] C/S: 0.750
03/25 16:16 [INFO] cshmd.analysis (validate_tetra)           : [StructureManager] BT: 4, PT: 8
03/25 16:16 [DEBUG] cshmd.analysis (__init__)                : <class 'cshmd.analysis.Chain'> loaded
03/25 16:16 [DEBUG] cshmd.analysis (__init__)                : <class 'cshmd.analysis.Chain'> loaded
03/25 16:16 [INFO] cshmd.analysis (validate_tetra)           : [StructureManager] CL : 3: 1
03/25 16:16 [INFO] cshmd.analysis (validate_tetra)           : [StructureManager] MCL : 3.0
03/25 16:16 [INFO] csh_builder (main)                        : [StructureManager] Reading command 'dprot_BT'...
03/25 16:16 [INFO] csh_builder (main)                        : ----------------------------------------------------------------------
03/25 16:16 [INFO] csh_builder (main)                        : 'test.yaml' loaded
03/25 16:16 [INFO] cshmd.structure (__init__)                : /Users/kimuni/bin/kimuni/cshmd/data/resources/cif/T14-base-normal.cif was loaded
03/25 16:16 [DEBUG] cshmd.analysis (__init__)                : [StructureManager] Now new data setted for get Bonds
03/25 16:16 [DEBUG] cshmd.analysis (__del_bond__)            : del -> Si_O O_H H_O Ca_O C_O BO NBO
03/25 16:16 [DEBUG] cshmd.analysis (__initialize_mole__)     : initalize -> H2O SiO4 OH CO3 H3O
03/25 16:16 [DEBUG] cshmd.analysis (__initialize_mole__)     : initalize -> SiOH CaOH HCO3 H2CO3 H3CO3
03/25 16:16 [INFO] cshmd.analysis (__init__)                 : Not any C-S-H Si range info
03/25 16:16 [DEBUG] cshmd.analysis (find_bond)               : find_bond O - H rcut -> 1.2
03/25 16:16 [DEBUG] cshmd.common (time_wrapper)              : [RUNTIME] get_distance_table in 0.000 seconds
03/25 16:16 [DEBUG] cshmd.analysis (get_mole)                : get_mole O - H -> nbonds: 2
03/25 16:16 [DEBUG] cshmd.analysis (find_bond)               : find_bond Si - O rcut -> 2.2
03/25 16:16 [DEBUG] cshmd.common (time_wrapper)              : [RUNTIME] get_distance_table in 0.000 seconds
03/25 16:16 [DEBUG] cshmd.analysis (get_mole)                : get_mole Si - O -> nbonds: 4
03/25 16:16 [DEBUG] cshmd.analysis (get_mole)                : get_mole O - H -> nbonds: 1
03/25 16:16 [DEBUG] cshmd.analysis (find_bond)               : find_bond C - O rcut -> 1.6
03/25 16:16 [DEBUG] cshmd.analysis (get_mole)                : get_mole C - O -> nbonds: 3
03/25 16:16 [DEBUG] cshmd.analysis (get_mole)                : get_mole O - H -> nbonds: 3
03/25 16:16 [DEBUG] cshmd.analysis (find_bond)               : find_bond Ca - O rcut -> 3.0
03/25 16:16 [DEBUG] cshmd.common (time_wrapper)              : [RUNTIME] get_distance_table in 0.000 seconds
03/25 16:16 [DEBUG] cshmd.analysis (full_search)             : Search layer details
03/25 16:16 [DEBUG] cshmd.analysis (find_bond)               : find_bond Ca - O rcut -> 3.0
03/25 16:16 [DEBUG] cshmd.analysis (find_bond)               : find_bond Si - O rcut -> 2.2
03/25 16:16 [DEBUG] cshmd.analysis (__detail_search_oh_co3)  : No CO3 in basic search
03/25 16:16 [DEBUG] cshmd.analysis (__detail_search_oh_sioh) : Searching 'OH' in 'SiO4
03/25 16:16 [DEBUG] cshmd.analysis (__detail_search_oh_caoh) : No CaOH in basic search. RETURN
03/25 16:16 [INFO] cshmd.analysis (Qn)                       : [StructureManager] Q2: 1.000
03/25 16:16 [INFO] cshmd.analysis (CS)                       : [StructureManager] C/S: 0.750
03/25 16:16 [INFO] cshmd.analysis (validate_tetra)           : [StructureManager] BT: 4, PT: 8
03/25 16:16 [DEBUG] cshmd.analysis (__init__)                : <class 'cshmd.analysis.Chain'> loaded
03/25 16:16 [DEBUG] cshmd.analysis (__init__)                : <class 'cshmd.analysis.Chain'> loaded
03/25 16:16 [INFO] cshmd.analysis (validate_tetra)           : [StructureManager] CL : 3: 1
03/25 16:16 [INFO] cshmd.analysis (validate_tetra)           : [StructureManager] MCL : 3.0
03/25 16:16 [INFO] csh_builder (main)                        : [StructureManager] Reading command 'dprot_BT'...
03/25 16:30 [INFO] csh_builder (main)                        : ----------------------------------------------------------------------
03/25 16:30 [INFO] csh_builder (main)                        : 'test.yaml' loaded
03/25 16:30 [INFO] csh_builder (main)                        : ----------------------------------------------------------------------
03/25 16:30 [INFO] csh_builder (main)                        : 'test.yaml' loaded
03/25 16:31 [INFO] csh_builder (main)                        : ----------------------------------------------------------------------
03/25 16:31 [INFO] csh_builder (main)                        : 'test.yaml' loaded
03/25 16:32 [INFO] csh_builder (main)                        : ----------------------------------------------------------------------
03/25 16:32 [INFO] csh_builder (main)                        : 'test.yaml' loaded
03/25 16:32 [INFO] cshmd.structure (__init__)                : /Users/kimuni/bin/kimuni/cshmd/data/resources/cif/T14-base-normal.cif was loaded
03/25 16:32 [DEBUG] cshmd.analysis (__init__)                : [StructureManager] Now new data setted for get Bonds
03/25 16:32 [DEBUG] cshmd.analysis (__del_bond__)            : del -> Si_O O_H H_O Ca_O C_O BO NBO
03/25 16:32 [DEBUG] cshmd.analysis (__initialize_mole__)     : initalize -> H2O SiO4 OH CO3 H3O
03/25 16:32 [DEBUG] cshmd.analysis (__initialize_mole__)     : initalize -> SiOH CaOH HCO3 H2CO3 H3CO3
03/25 16:32 [INFO] cshmd.analysis (__init__)                 : Not any C-S-H Si range info
03/25 16:32 [DEBUG] cshmd.analysis (find_bond)               : find_bond O - H rcut -> 1.2
03/25 16:32 [DEBUG] cshmd.common (time_wrapper)              : [RUNTIME] get_distance_table in 0.000 seconds
03/25 16:32 [DEBUG] cshmd.analysis (get_mole)                : get_mole O - H -> nbonds: 2
03/25 16:32 [DEBUG] cshmd.analysis (find_bond)               : find_bond Si - O rcut -> 2.2
03/25 16:32 [DEBUG] cshmd.common (time_wrapper)              : [RUNTIME] get_distance_table in 0.000 seconds
03/25 16:32 [DEBUG] cshmd.analysis (get_mole)                : get_mole Si - O -> nbonds: 4
03/25 16:32 [DEBUG] cshmd.analysis (get_mole)                : get_mole O - H -> nbonds: 1
03/25 16:32 [DEBUG] cshmd.analysis (find_bond)               : find_bond C - O rcut -> 1.6
03/25 16:32 [DEBUG] cshmd.analysis (get_mole)                : get_mole C - O -> nbonds: 3
03/25 16:32 [DEBUG] cshmd.analysis (get_mole)                : get_mole O - H -> nbonds: 3
03/25 16:32 [DEBUG] cshmd.analysis (find_bond)               : find_bond Ca - O rcut -> 3.0
03/25 16:32 [DEBUG] cshmd.common (time_wrapper)              : [RUNTIME] get_distance_table in 0.000 seconds
03/25 16:32 [DEBUG] cshmd.analysis (full_search)             : Search layer details
03/25 16:32 [DEBUG] cshmd.analysis (find_bond)               : find_bond Ca - O rcut -> 3.0
03/25 16:32 [DEBUG] cshmd.analysis (find_bond)               : find_bond Si - O rcut -> 2.2
03/25 16:32 [DEBUG] cshmd.analysis (__detail_search_oh_co3)  : No CO3 in basic search
03/25 16:32 [DEBUG] cshmd.analysis (__detail_search_oh_sioh) : Searching 'OH' in 'SiO4
03/25 16:32 [DEBUG] cshmd.analysis (__detail_search_oh_caoh) : No CaOH in basic search. RETURN
03/25 16:32 [INFO] cshmd.analysis (Qn)                       : [StructureManager] Q2: 1.000
03/25 16:32 [INFO] cshmd.analysis (CS)                       : [StructureManager] C/S: 0.750
03/25 16:32 [INFO] cshmd.analysis (validate_tetra)           : [StructureManager] BT: 4, PT: 8
03/25 16:32 [DEBUG] cshmd.analysis (__init__)                : <class 'cshmd.analysis.Chain'> loaded
03/25 16:32 [DEBUG] cshmd.analysis (__init__)                : <class 'cshmd.analysis.Chain'> loaded
03/25 16:32 [INFO] cshmd.analysis (validate_tetra)           : [StructureManager] CL : 3: 1
03/25 16:32 [INFO] cshmd.analysis (validate_tetra)           : [StructureManager] MCL : 3.0
03/25 16:32 [INFO] csh_builder (main)                        : [StructureManager] Reading command 'dprot_BT'...
03/25 16:32 [DEBUG] cshmd.analysis (__init__)                : [StructureManager] Now new data setted for get Bonds
03/25 16:32 [DEBUG] cshmd.analysis (__del_bond__)            : del -> Si_O O_H H_O Ca_O C_O BO NBO
03/25 16:32 [DEBUG] cshmd.analysis (__initialize_mole__)     : initalize -> H2O SiO4 OH CO3 H3O
03/25 16:32 [DEBUG] cshmd.analysis (__initialize_mole__)     : initalize -> SiOH CaOH HCO3 H2CO3 H3CO3
03/25 16:32 [DEBUG] cshmd.analysis (find_bond)               : find_bond O - H rcut -> 1.2
03/25 16:32 [DEBUG] cshmd.common (time_wrapper)              : [RUNTIME] get_distance_table in 0.000 seconds
03/25 16:32 [DEBUG] cshmd.analysis (get_mole)                : get_mole O - H -> nbonds: 2
03/25 16:32 [DEBUG] cshmd.analysis (find_bond)               : find_bond Si - O rcut -> 2.2
03/25 16:32 [DEBUG] cshmd.common (time_wrapper)              : [RUNTIME] get_distance_table in 0.000 seconds
03/25 16:32 [DEBUG] cshmd.analysis (get_mole)                : get_mole Si - O -> nbonds: 4
03/25 16:32 [DEBUG] cshmd.analysis (get_mole)                : get_mole O - H -> nbonds: 1
03/25 16:32 [DEBUG] cshmd.analysis (find_bond)               : find_bond C - O rcut -> 1.6
03/25 16:32 [DEBUG] cshmd.analysis (get_mole)                : get_mole C - O -> nbonds: 3
03/25 16:32 [DEBUG] cshmd.analysis (get_mole)                : get_mole O - H -> nbonds: 3
03/25 16:32 [DEBUG] cshmd.analysis (find_bond)               : find_bond Ca - O rcut -> 3.0
03/25 16:32 [DEBUG] cshmd.common (time_wrapper)              : [RUNTIME] get_distance_table in 0.000 seconds
03/25 16:32 [DEBUG] cshmd.analysis (full_search)             : Search layer details
03/25 16:32 [DEBUG] cshmd.analysis (find_bond)               : find_bond Ca - O rcut -> 3.0
03/25 16:32 [DEBUG] cshmd.analysis (find_bond)               : find_bond Si - O rcut -> 2.2
03/25 16:32 [DEBUG] cshmd.analysis (__detail_search_oh_co3)  : No CO3 in basic search
03/25 16:32 [DEBUG] cshmd.analysis (__detail_search_oh_sioh) : Searching 'OH' in 'SiO4
03/25 16:32 [DEBUG] cshmd.analysis (__detail_search_oh_caoh) : No CaOH in basic search. RETURN
03/25 16:32 [INFO] cshmd.analysis (Qn)                       : [StructureManager] Q2: 1.000
03/25 16:32 [INFO] cshmd.analysis (CS)                       : [StructureManager] C/S: 0.750
03/25 16:32 [INFO] cshmd.analysis (validate_tetra)           : [StructureManager] BT: 4, PT: 8
03/25 16:32 [DEBUG] cshmd.analysis (__init__)                : <class 'cshmd.analysis.Chain'> loaded
03/25 16:32 [DEBUG] cshmd.analysis (__init__)                : <class 'cshmd.analysis.Chain'> loaded
03/25 16:32 [INFO] cshmd.analysis (validate_tetra)           : [StructureManager] CL : 3: 1
03/25 16:32 [INFO] cshmd.analysis (validate_tetra)           : [StructureManager] MCL : 3.0
03/25 16:32 [INFO] csh_builder (main)                        : ----------------------------------------------------------------------
03/25 16:32 [INFO] csh_builder (main)                        : 'test.yaml' loaded
03/25 16:32 [INFO] cshmd.structure (__init__)                : /Users/kimuni/bin/kimuni/cshmd/data/resources/cif/T14-base-normal.cif was loaded
03/25 16:32 [DEBUG] cshmd.analysis (__init__)                : [StructureManager] Now new data setted for get Bonds
03/25 16:32 [DEBUG] cshmd.analysis (__del_bond__)            : del -> Si_O O_H H_O Ca_O C_O BO NBO
03/25 16:32 [DEBUG] cshmd.analysis (__initialize_mole__)     : initalize -> H2O SiO4 OH CO3 H3O
03/25 16:32 [DEBUG] cshmd.analysis (__initialize_mole__)     : initalize -> SiOH CaOH HCO3 H2CO3 H3CO3
03/25 16:32 [INFO] cshmd.analysis (__init__)                 : Not any C-S-H Si range info
03/25 16:32 [DEBUG] cshmd.analysis (find_bond)               : find_bond O - H rcut -> 1.2
03/25 16:32 [DEBUG] cshmd.common (time_wrapper)              : [RUNTIME] get_distance_table in 0.000 seconds
03/25 16:32 [DEBUG] cshmd.analysis (get_mole)                : get_mole O - H -> nbonds: 2
03/25 16:32 [DEBUG] cshmd.analysis (find_bond)               : find_bond Si - O rcut -> 2.2
03/25 16:32 [DEBUG] cshmd.common (time_wrapper)              : [RUNTIME] get_distance_table in 0.000 seconds
03/25 16:32 [DEBUG] cshmd.analysis (get_mole)                : get_mole Si - O -> nbonds: 4
03/25 16:32 [DEBUG] cshmd.analysis (get_mole)                : get_mole O - H -> nbonds: 1
03/25 16:32 [DEBUG] cshmd.analysis (find_bond)               : find_bond C - O rcut -> 1.6
03/25 16:32 [DEBUG] cshmd.analysis (get_mole)                : get_mole C - O -> nbonds: 3
03/25 16:32 [DEBUG] cshmd.analysis (get_mole)                : get_mole O - H -> nbonds: 3
03/25 16:32 [DEBUG] cshmd.analysis (find_bond)               : find_bond Ca - O rcut -> 3.0
03/25 16:32 [DEBUG] cshmd.common (time_wrapper)              : [RUNTIME] get_distance_table in 0.000 seconds
03/25 16:32 [DEBUG] cshmd.analysis (full_search)             : Search layer details
03/25 16:32 [DEBUG] cshmd.analysis (find_bond)               : find_bond Ca - O rcut -> 3.0
03/25 16:32 [DEBUG] cshmd.analysis (find_bond)               : find_bond Si - O rcut -> 2.2
03/25 16:32 [DEBUG] cshmd.analysis (__detail_search_oh_co3)  : No CO3 in basic search
03/25 16:32 [DEBUG] cshmd.analysis (__detail_search_oh_sioh) : Searching 'OH' in 'SiO4
03/25 16:32 [DEBUG] cshmd.analysis (__detail_search_oh_caoh) : No CaOH in basic search. RETURN
03/25 16:32 [INFO] cshmd.analysis (Qn)                       : [StructureManager] Q2: 1.000
03/25 16:32 [INFO] cshmd.analysis (CS)                       : [StructureManager] C/S: 0.750
03/25 16:32 [INFO] cshmd.analysis (validate_tetra)           : [StructureManager] BT: 4, PT: 8
03/25 16:32 [DEBUG] cshmd.analysis (__init__)                : <class 'cshmd.analysis.Chain'> loaded
03/25 16:32 [DEBUG] cshmd.analysis (__init__)                : <class 'cshmd.analysis.Chain'> loaded
03/25 16:32 [INFO] cshmd.analysis (validate_tetra)           : [StructureManager] CL : 3: 1
03/25 16:32 [INFO] cshmd.analysis (validate_tetra)           : [StructureManager] MCL : 3.0
03/25 16:32 [INFO] csh_builder (main)                        : [StructureManager] Reading command 'dprot_BT'...
03/25 16:32 [WARNING] cshmd.builder (dprot_BT)               : No Bridging Tetra exists
03/25 16:32 [DEBUG] cshmd.analysis (__init__)                : [StructureManager] Now new data setted for get Bonds
03/25 16:32 [DEBUG] cshmd.analysis (__del_bond__)            : del -> Si_O O_H H_O Ca_O C_O BO NBO
03/25 16:32 [DEBUG] cshmd.analysis (__initialize_mole__)     : initalize -> H2O SiO4 OH CO3 H3O
03/25 16:32 [DEBUG] cshmd.analysis (__initialize_mole__)     : initalize -> SiOH CaOH HCO3 H2CO3 H3CO3
03/25 16:32 [DEBUG] cshmd.analysis (find_bond)               : find_bond O - H rcut -> 1.2
03/25 16:32 [DEBUG] cshmd.common (time_wrapper)              : [RUNTIME] get_distance_table in 0.000 seconds
03/25 16:32 [DEBUG] cshmd.analysis (get_mole)                : get_mole O - H -> nbonds: 2
03/25 16:32 [DEBUG] cshmd.analysis (find_bond)               : find_bond Si - O rcut -> 2.2
03/25 16:32 [DEBUG] cshmd.common (time_wrapper)              : [RUNTIME] get_distance_table in 0.000 seconds
03/25 16:32 [DEBUG] cshmd.analysis (get_mole)                : get_mole Si - O -> nbonds: 4
03/25 16:32 [DEBUG] cshmd.analysis (get_mole)                : get_mole O - H -> nbonds: 1
03/25 16:32 [DEBUG] cshmd.analysis (find_bond)               : find_bond C - O rcut -> 1.6
03/25 16:32 [DEBUG] cshmd.analysis (get_mole)                : get_mole C - O -> nbonds: 3
03/25 16:32 [DEBUG] cshmd.analysis (get_mole)                : get_mole O - H -> nbonds: 3
03/25 16:32 [DEBUG] cshmd.analysis (find_bond)               : find_bond Ca - O rcut -> 3.0
03/25 16:32 [DEBUG] cshmd.common (time_wrapper)              : [RUNTIME] get_distance_table in 0.000 seconds
03/25 16:32 [DEBUG] cshmd.analysis (full_search)             : Search layer details
03/25 16:32 [DEBUG] cshmd.analysis (find_bond)               : find_bond Ca - O rcut -> 3.0
03/25 16:32 [DEBUG] cshmd.analysis (find_bond)               : find_bond Si - O rcut -> 2.2
03/25 16:32 [DEBUG] cshmd.analysis (__detail_search_oh_co3)  : No CO3 in basic search
03/25 16:32 [DEBUG] cshmd.analysis (__detail_search_oh_sioh) : Searching 'OH' in 'SiO4
03/25 16:32 [DEBUG] cshmd.analysis (__detail_search_oh_caoh) : No CaOH in basic search. RETURN
03/25 16:32 [INFO] cshmd.analysis (Qn)                       : [StructureManager] Q2: 1.000
03/25 16:32 [INFO] cshmd.analysis (CS)                       : [StructureManager] C/S: 0.750
03/25 16:32 [INFO] cshmd.analysis (validate_tetra)           : [StructureManager] BT: 4, PT: 8
03/25 16:32 [DEBUG] cshmd.analysis (__init__)                : <class 'cshmd.analysis.Chain'> loaded
03/25 16:32 [DEBUG] cshmd.analysis (__init__)                : <class 'cshmd.analysis.Chain'> loaded
03/25 16:32 [INFO] cshmd.analysis (validate_tetra)           : [StructureManager] CL : 3: 1
03/25 16:32 [INFO] cshmd.analysis (validate_tetra)           : [StructureManager] MCL : 3.0
03/25 16:32 [INFO] cshmd.structure (writeCif)                : test.cif was created
03/25 16:32 [INFO] cshmd.builder (out_model)                 : Total Charge: 0
03/25 16:32 [INFO] csh_builder (main)                        : ----------------------------------------------------------------------
03/25 16:33 [INFO] csh_builder (main)                        : ----------------------------------------------------------------------
03/25 16:33 [INFO] csh_builder (main)                        : 'test.yaml' loaded
03/25 16:33 [INFO] cshmd.structure (__init__)                : /Users/kimuni/bin/kimuni/cshmd/data/resources/cif/T14-base-normal.cif was loaded
03/25 16:33 [DEBUG] cshmd.analysis (__init__)                : [StructureManager] Now new data setted for get Bonds
03/25 16:33 [DEBUG] cshmd.analysis (__del_bond__)            : del -> Si_O O_H H_O Ca_O C_O BO NBO
03/25 16:33 [DEBUG] cshmd.analysis (__initialize_mole__)     : initalize -> H2O SiO4 OH CO3 H3O
03/25 16:33 [DEBUG] cshmd.analysis (__initialize_mole__)     : initalize -> SiOH CaOH HCO3 H2CO3 H3CO3
03/25 16:33 [INFO] cshmd.analysis (__init__)                 : Not any C-S-H Si range info
03/25 16:33 [DEBUG] cshmd.analysis (find_bond)               : find_bond O - H rcut -> 1.2
03/25 16:33 [DEBUG] cshmd.common (time_wrapper)              : [RUNTIME] get_distance_table in 0.000 seconds
03/25 16:33 [DEBUG] cshmd.analysis (get_mole)                : get_mole O - H -> nbonds: 2
03/25 16:33 [DEBUG] cshmd.analysis (find_bond)               : find_bond Si - O rcut -> 2.2
03/25 16:33 [DEBUG] cshmd.common (time_wrapper)              : [RUNTIME] get_distance_table in 0.000 seconds
03/25 16:33 [DEBUG] cshmd.analysis (get_mole)                : get_mole Si - O -> nbonds: 4
03/25 16:33 [DEBUG] cshmd.analysis (get_mole)                : get_mole O - H -> nbonds: 1
03/25 16:33 [DEBUG] cshmd.analysis (find_bond)               : find_bond C - O rcut -> 1.6
03/25 16:33 [DEBUG] cshmd.analysis (get_mole)                : get_mole C - O -> nbonds: 3
03/25 16:33 [DEBUG] cshmd.analysis (get_mole)                : get_mole O - H -> nbonds: 3
03/25 16:33 [DEBUG] cshmd.analysis (find_bond)               : find_bond Ca - O rcut -> 3.0
03/25 16:33 [DEBUG] cshmd.common (time_wrapper)              : [RUNTIME] get_distance_table in 0.000 seconds
03/25 16:33 [DEBUG] cshmd.analysis (full_search)             : Search layer details
03/25 16:33 [DEBUG] cshmd.analysis (find_bond)               : find_bond Ca - O rcut -> 3.0
03/25 16:33 [DEBUG] cshmd.analysis (find_bond)               : find_bond Si - O rcut -> 2.2
03/25 16:33 [DEBUG] cshmd.analysis (__detail_search_oh_co3)  : No CO3 in basic search
03/25 16:33 [DEBUG] cshmd.analysis (__detail_search_oh_sioh) : Searching 'OH' in 'SiO4
03/25 16:33 [DEBUG] cshmd.analysis (__detail_search_oh_caoh) : No CaOH in basic search. RETURN
03/25 16:33 [INFO] cshmd.analysis (Qn)                       : [StructureManager] Q2: 1.000
03/25 16:33 [INFO] cshmd.analysis (CS)                       : [StructureManager] C/S: 0.750
03/25 16:33 [INFO] cshmd.analysis (validate_tetra)           : [StructureManager] BT: 4, PT: 8
03/25 16:33 [DEBUG] cshmd.analysis (__init__)                : <class 'cshmd.analysis.Chain'> loaded
03/25 16:33 [DEBUG] cshmd.analysis (__init__)                : <class 'cshmd.analysis.Chain'> loaded
03/25 16:33 [INFO] cshmd.analysis (validate_tetra)           : [StructureManager] CL : 3: 1
03/25 16:33 [INFO] cshmd.analysis (validate_tetra)           : [StructureManager] MCL : 3.0
03/25 16:33 [INFO] csh_builder (main)                        : [StructureManager] Reading command 'dprot_BT'...
03/25 16:33 [WARNING] cshmd.builder (dprot_BT)               : No Bridging Tetra exists
03/25 16:33 [DEBUG] cshmd.analysis (__init__)                : [StructureManager] Now new data setted for get Bonds
03/25 16:33 [DEBUG] cshmd.analysis (__del_bond__)            : del -> Si_O O_H H_O Ca_O C_O BO NBO
03/25 16:33 [DEBUG] cshmd.analysis (__initialize_mole__)     : initalize -> H2O SiO4 OH CO3 H3O
03/25 16:33 [DEBUG] cshmd.analysis (__initialize_mole__)     : initalize -> SiOH CaOH HCO3 H2CO3 H3CO3
03/25 16:33 [DEBUG] cshmd.analysis (find_bond)               : find_bond O - H rcut -> 1.2
03/25 16:33 [DEBUG] cshmd.common (time_wrapper)              : [RUNTIME] get_distance_table in 0.000 seconds
03/25 16:33 [DEBUG] cshmd.analysis (get_mole)                : get_mole O - H -> nbonds: 2
03/25 16:33 [DEBUG] cshmd.analysis (find_bond)               : find_bond Si - O rcut -> 2.2
03/25 16:33 [DEBUG] cshmd.common (time_wrapper)              : [RUNTIME] get_distance_table in 0.000 seconds
03/25 16:33 [DEBUG] cshmd.analysis (get_mole)                : get_mole Si - O -> nbonds: 4
03/25 16:33 [DEBUG] cshmd.analysis (get_mole)                : get_mole O - H -> nbonds: 1
03/25 16:33 [DEBUG] cshmd.analysis (find_bond)               : find_bond C - O rcut -> 1.6
03/25 16:33 [DEBUG] cshmd.analysis (get_mole)                : get_mole C - O -> nbonds: 3
03/25 16:33 [DEBUG] cshmd.analysis (get_mole)                : get_mole O - H -> nbonds: 3
03/25 16:33 [DEBUG] cshmd.analysis (find_bond)               : find_bond Ca - O rcut -> 3.0
03/25 16:33 [DEBUG] cshmd.common (time_wrapper)              : [RUNTIME] get_distance_table in 0.000 seconds
03/25 16:33 [DEBUG] cshmd.analysis (full_search)             : Search layer details
03/25 16:33 [DEBUG] cshmd.analysis (find_bond)               : find_bond Ca - O rcut -> 3.0
03/25 16:33 [DEBUG] cshmd.analysis (find_bond)               : find_bond Si - O rcut -> 2.2
03/25 16:33 [DEBUG] cshmd.analysis (__detail_search_oh_co3)  : No CO3 in basic search
03/25 16:33 [DEBUG] cshmd.analysis (__detail_search_oh_sioh) : Searching 'OH' in 'SiO4
03/25 16:33 [DEBUG] cshmd.analysis (__detail_search_oh_caoh) : No CaOH in basic search. RETURN
03/25 16:33 [INFO] cshmd.analysis (Qn)                       : [StructureManager] Q2: 1.000
03/25 16:33 [INFO] cshmd.analysis (CS)                       : [StructureManager] C/S: 0.750
03/25 16:33 [INFO] cshmd.analysis (validate_tetra)           : [StructureManager] BT: 4, PT: 8
03/25 16:33 [DEBUG] cshmd.analysis (__init__)                : <class 'cshmd.analysis.Chain'> loaded
03/25 16:33 [DEBUG] cshmd.analysis (__init__)                : <class 'cshmd.analysis.Chain'> loaded
03/25 16:33 [INFO] cshmd.analysis (validate_tetra)           : [StructureManager] CL : 3: 1
03/25 16:33 [INFO] cshmd.analysis (validate_tetra)           : [StructureManager] MCL : 3.0
03/25 16:33 [INFO] cshmd.structure (writeCif)                : test.cif was created
03/25 16:33 [INFO] cshmd.builder (out_model)                 : Total Charge: 0
03/25 16:33 [INFO] csh_builder (main)                        : ----------------------------------------------------------------------
03/25 16:34 [INFO] csh_builder (main)                        : ----------------------------------------------------------------------
03/25 16:34 [INFO] csh_builder (main)                        : 'test.yaml' loaded
03/25 16:34 [INFO] cshmd.structure (__init__)                : /Users/kimuni/bin/kimuni/cshmd/data/resources/cif/T14-base-normal.cif was loaded
03/25 16:34 [DEBUG] cshmd.analysis (__init__)                : [StructureManager] Now new data setted for get Bonds
03/25 16:34 [DEBUG] cshmd.analysis (__del_bond__)            : del -> Si_O O_H H_O Ca_O C_O BO NBO
03/25 16:34 [DEBUG] cshmd.analysis (__initialize_mole__)     : initalize -> H2O SiO4 OH CO3 H3O
03/25 16:34 [DEBUG] cshmd.analysis (__initialize_mole__)     : initalize -> SiOH CaOH HCO3 H2CO3 H3CO3
03/25 16:34 [INFO] cshmd.analysis (__init__)                 : Not any C-S-H Si range info
03/25 16:34 [DEBUG] cshmd.analysis (find_bond)               : find_bond O - H rcut -> 1.2
03/25 16:34 [DEBUG] cshmd.common (time_wrapper)              : [RUNTIME] get_distance_table in 0.000 seconds
03/25 16:34 [DEBUG] cshmd.analysis (get_mole)                : get_mole O - H -> nbonds: 2
03/25 16:34 [DEBUG] cshmd.analysis (find_bond)               : find_bond Si - O rcut -> 2.2
03/25 16:34 [DEBUG] cshmd.common (time_wrapper)              : [RUNTIME] get_distance_table in 0.000 seconds
03/25 16:34 [DEBUG] cshmd.analysis (get_mole)                : get_mole Si - O -> nbonds: 4
03/25 16:34 [DEBUG] cshmd.analysis (get_mole)                : get_mole O - H -> nbonds: 1
03/25 16:34 [DEBUG] cshmd.analysis (find_bond)               : find_bond C - O rcut -> 1.6
03/25 16:34 [DEBUG] cshmd.analysis (get_mole)                : get_mole C - O -> nbonds: 3
03/25 16:34 [DEBUG] cshmd.analysis (get_mole)                : get_mole O - H -> nbonds: 3
03/25 16:34 [DEBUG] cshmd.analysis (find_bond)               : find_bond Ca - O rcut -> 3.0
03/25 16:34 [DEBUG] cshmd.common (time_wrapper)              : [RUNTIME] get_distance_table in 0.000 seconds
03/25 16:34 [DEBUG] cshmd.analysis (full_search)             : Search layer details
03/25 16:34 [DEBUG] cshmd.analysis (find_bond)               : find_bond Ca - O rcut -> 3.0
03/25 16:34 [DEBUG] cshmd.analysis (find_bond)               : find_bond Si - O rcut -> 2.2
03/25 16:34 [DEBUG] cshmd.analysis (__detail_search_oh_co3)  : No CO3 in basic search
03/25 16:34 [DEBUG] cshmd.analysis (__detail_search_oh_sioh) : Searching 'OH' in 'SiO4
03/25 16:34 [DEBUG] cshmd.analysis (__detail_search_oh_caoh) : No CaOH in basic search. RETURN
03/25 16:34 [INFO] cshmd.analysis (Qn)                       : [StructureManager] Q2: 1.000
03/25 16:34 [INFO] cshmd.analysis (CS)                       : [StructureManager] C/S: 0.750
03/25 16:34 [INFO] cshmd.analysis (validate_tetra)           : [StructureManager] BT: 4, PT: 8
03/25 16:34 [DEBUG] cshmd.analysis (__init__)                : <class 'cshmd.analysis.Chain'> loaded
03/25 16:34 [DEBUG] cshmd.analysis (__init__)                : <class 'cshmd.analysis.Chain'> loaded
03/25 16:34 [INFO] cshmd.analysis (validate_tetra)           : [StructureManager] CL : 3: 1
03/25 16:34 [INFO] cshmd.analysis (validate_tetra)           : [StructureManager] MCL : 3.0
03/25 16:34 [INFO] csh_builder (main)                        : [StructureManager] Reading command 'dprot_BT'...
03/25 16:34 [WARNING] cshmd.builder (dprot_BT)               : No Bridging Tetra exists
03/25 16:34 [DEBUG] cshmd.analysis (__init__)                : [StructureManager] Now new data setted for get Bonds
03/25 16:34 [DEBUG] cshmd.analysis (__del_bond__)            : del -> Si_O O_H H_O Ca_O C_O BO NBO
03/25 16:34 [DEBUG] cshmd.analysis (__initialize_mole__)     : initalize -> H2O SiO4 OH CO3 H3O
03/25 16:34 [DEBUG] cshmd.analysis (__initialize_mole__)     : initalize -> SiOH CaOH HCO3 H2CO3 H3CO3
03/25 16:34 [DEBUG] cshmd.analysis (find_bond)               : find_bond O - H rcut -> 1.2
03/25 16:34 [DEBUG] cshmd.common (time_wrapper)              : [RUNTIME] get_distance_table in 0.000 seconds
03/25 16:34 [DEBUG] cshmd.analysis (get_mole)                : get_mole O - H -> nbonds: 2
03/25 16:34 [DEBUG] cshmd.analysis (find_bond)               : find_bond Si - O rcut -> 2.2
03/25 16:34 [DEBUG] cshmd.common (time_wrapper)              : [RUNTIME] get_distance_table in 0.000 seconds
03/25 16:34 [DEBUG] cshmd.analysis (get_mole)                : get_mole Si - O -> nbonds: 4
03/25 16:34 [DEBUG] cshmd.analysis (get_mole)                : get_mole O - H -> nbonds: 1
03/25 16:34 [DEBUG] cshmd.analysis (find_bond)               : find_bond C - O rcut -> 1.6
03/25 16:34 [DEBUG] cshmd.analysis (get_mole)                : get_mole C - O -> nbonds: 3
03/25 16:34 [DEBUG] cshmd.analysis (get_mole)                : get_mole O - H -> nbonds: 3
03/25 16:34 [DEBUG] cshmd.analysis (find_bond)               : find_bond Ca - O rcut -> 3.0
03/25 16:34 [DEBUG] cshmd.common (time_wrapper)              : [RUNTIME] get_distance_table in 0.000 seconds
03/25 16:34 [DEBUG] cshmd.analysis (full_search)             : Search layer details
03/25 16:34 [DEBUG] cshmd.analysis (find_bond)               : find_bond Ca - O rcut -> 3.0
03/25 16:34 [DEBUG] cshmd.analysis (find_bond)               : find_bond Si - O rcut -> 2.2
03/25 16:34 [DEBUG] cshmd.analysis (__detail_search_oh_co3)  : No CO3 in basic search
03/25 16:34 [DEBUG] cshmd.analysis (__detail_search_oh_sioh) : Searching 'OH' in 'SiO4
03/25 16:34 [DEBUG] cshmd.analysis (__detail_search_oh_caoh) : No CaOH in basic search. RETURN
03/25 16:34 [INFO] cshmd.analysis (Qn)                       : [StructureManager] Q2: 1.000
03/25 16:34 [INFO] cshmd.analysis (CS)                       : [StructureManager] C/S: 0.750
03/25 16:34 [INFO] cshmd.analysis (validate_tetra)           : [StructureManager] BT: 4, PT: 8
03/25 16:34 [DEBUG] cshmd.analysis (__init__)                : <class 'cshmd.analysis.Chain'> loaded
03/25 16:34 [DEBUG] cshmd.analysis (__init__)                : <class 'cshmd.analysis.Chain'> loaded
03/25 16:34 [INFO] cshmd.analysis (validate_tetra)           : [StructureManager] CL : 3: 1
03/25 16:34 [INFO] cshmd.analysis (validate_tetra)           : [StructureManager] MCL : 3.0
03/25 16:34 [INFO] cshmd.structure (writeCif)                : test.cif was created
03/25 16:34 [INFO] cshmd.builder (out_model)                 : Total Charge: 0
03/25 16:34 [INFO] csh_builder (main)                        : ----------------------------------------------------------------------
03/25 16:34 [INFO] csh_builder (main)                        : ----------------------------------------------------------------------
03/25 16:34 [INFO] csh_builder (main)                        : 'test.yaml' loaded
03/25 16:34 [INFO] cshmd.structure (__init__)                : /Users/kimuni/bin/kimuni/cshmd/data/resources/cif/T14-base-normal.cif was loaded
03/25 16:34 [DEBUG] cshmd.analysis (__init__)                : [StructureManager] Now new data setted for get Bonds
03/25 16:34 [DEBUG] cshmd.analysis (__del_bond__)            : del -> Si_O O_H H_O Ca_O C_O BO NBO
03/25 16:34 [DEBUG] cshmd.analysis (__initialize_mole__)     : initalize -> H2O SiO4 OH CO3 H3O
03/25 16:34 [DEBUG] cshmd.analysis (__initialize_mole__)     : initalize -> SiOH CaOH HCO3 H2CO3 H3CO3
03/25 16:34 [INFO] cshmd.analysis (__init__)                 : Not any C-S-H Si range info
03/25 16:34 [DEBUG] cshmd.analysis (find_bond)               : find_bond O - H rcut -> 1.2
03/25 16:34 [DEBUG] cshmd.common (time_wrapper)              : [RUNTIME] get_distance_table in 0.000 seconds
03/25 16:34 [DEBUG] cshmd.analysis (get_mole)                : get_mole O - H -> nbonds: 2
03/25 16:34 [DEBUG] cshmd.analysis (find_bond)               : find_bond Si - O rcut -> 2.2
03/25 16:34 [DEBUG] cshmd.common (time_wrapper)              : [RUNTIME] get_distance_table in 0.000 seconds
03/25 16:34 [DEBUG] cshmd.analysis (get_mole)                : get_mole Si - O -> nbonds: 4
03/25 16:34 [DEBUG] cshmd.analysis (get_mole)                : get_mole O - H -> nbonds: 1
03/25 16:34 [DEBUG] cshmd.analysis (find_bond)               : find_bond C - O rcut -> 1.6
03/25 16:34 [DEBUG] cshmd.analysis (get_mole)                : get_mole C - O -> nbonds: 3
03/25 16:34 [DEBUG] cshmd.analysis (get_mole)                : get_mole O - H -> nbonds: 3
03/25 16:34 [DEBUG] cshmd.analysis (find_bond)               : find_bond Ca - O rcut -> 3.0
03/25 16:34 [DEBUG] cshmd.common (time_wrapper)              : [RUNTIME] get_distance_table in 0.000 seconds
03/25 16:34 [DEBUG] cshmd.analysis (full_search)             : Search layer details
03/25 16:34 [DEBUG] cshmd.analysis (find_bond)               : find_bond Ca - O rcut -> 3.0
03/25 16:34 [DEBUG] cshmd.analysis (find_bond)               : find_bond Si - O rcut -> 2.2
03/25 16:34 [DEBUG] cshmd.analysis (__detail_search_oh_co3)  : No CO3 in basic search
03/25 16:34 [DEBUG] cshmd.analysis (__detail_search_oh_sioh) : Searching 'OH' in 'SiO4
03/25 16:34 [DEBUG] cshmd.analysis (__detail_search_oh_caoh) : No CaOH in basic search. RETURN
03/25 16:34 [INFO] cshmd.analysis (Qn)                       : [StructureManager] Q2: 1.000
03/25 16:34 [INFO] cshmd.analysis (CS)                       : [StructureManager] C/S: 0.750
03/25 16:34 [INFO] cshmd.analysis (validate_tetra)           : [StructureManager] BT: 4, PT: 8
03/25 16:34 [DEBUG] cshmd.analysis (__init__)                : <class 'cshmd.analysis.Chain'> loaded
03/25 16:34 [DEBUG] cshmd.analysis (__init__)                : <class 'cshmd.analysis.Chain'> loaded
03/25 16:34 [INFO] cshmd.analysis (validate_tetra)           : [StructureManager] CL : 3: 1
03/25 16:34 [INFO] cshmd.analysis (validate_tetra)           : [StructureManager] MCL : 3.0
03/25 16:34 [INFO] csh_builder (main)                        : [StructureManager] Reading command 'dprot_BT'...
03/25 16:34 [WARNING] cshmd.builder (dprot_BT)               : No Bridging Tetra exists
03/25 16:34 [DEBUG] cshmd.analysis (__init__)                : [StructureManager] Now new data setted for get Bonds
03/25 16:34 [DEBUG] cshmd.analysis (__del_bond__)            : del -> Si_O O_H H_O Ca_O C_O BO NBO
03/25 16:34 [DEBUG] cshmd.analysis (__initialize_mole__)     : initalize -> H2O SiO4 OH CO3 H3O
03/25 16:34 [DEBUG] cshmd.analysis (__initialize_mole__)     : initalize -> SiOH CaOH HCO3 H2CO3 H3CO3
03/25 16:34 [DEBUG] cshmd.analysis (find_bond)               : find_bond O - H rcut -> 1.2
03/25 16:34 [DEBUG] cshmd.common (time_wrapper)              : [RUNTIME] get_distance_table in 0.000 seconds
03/25 16:34 [DEBUG] cshmd.analysis (get_mole)                : get_mole O - H -> nbonds: 2
03/25 16:34 [DEBUG] cshmd.analysis (find_bond)               : find_bond Si - O rcut -> 2.2
03/25 16:34 [DEBUG] cshmd.common (time_wrapper)              : [RUNTIME] get_distance_table in 0.000 seconds
03/25 16:34 [DEBUG] cshmd.analysis (get_mole)                : get_mole Si - O -> nbonds: 4
03/25 16:34 [DEBUG] cshmd.analysis (get_mole)                : get_mole O - H -> nbonds: 1
03/25 16:34 [DEBUG] cshmd.analysis (find_bond)               : find_bond C - O rcut -> 1.6
03/25 16:34 [DEBUG] cshmd.analysis (get_mole)                : get_mole C - O -> nbonds: 3
03/25 16:34 [DEBUG] cshmd.analysis (get_mole)                : get_mole O - H -> nbonds: 3
03/25 16:34 [DEBUG] cshmd.analysis (find_bond)               : find_bond Ca - O rcut -> 3.0
03/25 16:34 [DEBUG] cshmd.common (time_wrapper)              : [RUNTIME] get_distance_table in 0.000 seconds
03/25 16:34 [DEBUG] cshmd.analysis (full_search)             : Search layer details
03/25 16:34 [DEBUG] cshmd.analysis (find_bond)               : find_bond Ca - O rcut -> 3.0
03/25 16:34 [DEBUG] cshmd.analysis (find_bond)               : find_bond Si - O rcut -> 2.2
03/25 16:34 [DEBUG] cshmd.analysis (__detail_search_oh_co3)  : No CO3 in basic search
03/25 16:34 [DEBUG] cshmd.analysis (__detail_search_oh_sioh) : Searching 'OH' in 'SiO4
03/25 16:34 [DEBUG] cshmd.analysis (__detail_search_oh_caoh) : No CaOH in basic search. RETURN
03/25 16:34 [INFO] cshmd.analysis (Qn)                       : [StructureManager] Q2: 1.000
03/25 16:34 [INFO] cshmd.analysis (CS)                       : [StructureManager] C/S: 0.750
03/25 16:34 [INFO] cshmd.analysis (validate_tetra)           : [StructureManager] BT: 4, PT: 8
03/25 16:34 [DEBUG] cshmd.analysis (__init__)                : <class 'cshmd.analysis.Chain'> loaded
03/25 16:34 [DEBUG] cshmd.analysis (__init__)                : <class 'cshmd.analysis.Chain'> loaded
03/25 16:34 [INFO] cshmd.analysis (validate_tetra)           : [StructureManager] CL : 3: 1
03/25 16:34 [INFO] cshmd.analysis (validate_tetra)           : [StructureManager] MCL : 3.0
03/25 16:34 [INFO] cshmd.structure (writeCif)                : test.cif was created
03/25 16:34 [INFO] cshmd.builder (out_model)                 : Total Charge: 0
03/25 16:34 [INFO] csh_builder (main)                        : ----------------------------------------------------------------------
03/25 16:35 [INFO] csh_builder (main)                        : ----------------------------------------------------------------------
03/25 16:35 [INFO] csh_builder (main)                        : 'test.yaml' loaded
03/25 16:35 [INFO] cshmd.structure (__init__)                : /Users/kimuni/bin/kimuni/cshmd/data/resources/cif/T14-base-normal.cif was loaded
03/25 16:35 [DEBUG] cshmd.analysis (__init__)                : [StructureManager] Now new data setted for get Bonds
03/25 16:35 [DEBUG] cshmd.analysis (__del_bond__)            : del -> Si_O O_H H_O Ca_O C_O BO NBO
03/25 16:35 [DEBUG] cshmd.analysis (__initialize_mole__)     : initalize -> H2O SiO4 OH CO3 H3O
03/25 16:35 [DEBUG] cshmd.analysis (__initialize_mole__)     : initalize -> SiOH CaOH HCO3 H2CO3 H3CO3
03/25 16:35 [INFO] cshmd.analysis (__init__)                 : Not any C-S-H Si range info
03/25 16:35 [DEBUG] cshmd.analysis (find_bond)               : find_bond O - H rcut -> 1.2
03/25 16:35 [DEBUG] cshmd.common (time_wrapper)              : [RUNTIME] get_distance_table in 0.000 seconds
03/25 16:35 [DEBUG] cshmd.analysis (get_mole)                : get_mole O - H -> nbonds: 2
03/25 16:35 [DEBUG] cshmd.analysis (find_bond)               : find_bond Si - O rcut -> 2.2
03/25 16:35 [DEBUG] cshmd.common (time_wrapper)              : [RUNTIME] get_distance_table in 0.000 seconds
03/25 16:35 [DEBUG] cshmd.analysis (get_mole)                : get_mole Si - O -> nbonds: 4
03/25 16:35 [DEBUG] cshmd.analysis (get_mole)                : get_mole O - H -> nbonds: 1
03/25 16:35 [DEBUG] cshmd.analysis (find_bond)               : find_bond C - O rcut -> 1.6
03/25 16:35 [DEBUG] cshmd.analysis (get_mole)                : get_mole C - O -> nbonds: 3
03/25 16:35 [DEBUG] cshmd.analysis (get_mole)                : get_mole O - H -> nbonds: 3
03/25 16:35 [DEBUG] cshmd.analysis (find_bond)               : find_bond Ca - O rcut -> 3.0
03/25 16:35 [DEBUG] cshmd.common (time_wrapper)              : [RUNTIME] get_distance_table in 0.000 seconds
03/25 16:35 [DEBUG] cshmd.analysis (full_search)             : Search layer details
03/25 16:35 [DEBUG] cshmd.analysis (find_bond)               : find_bond Ca - O rcut -> 3.0
03/25 16:35 [DEBUG] cshmd.analysis (find_bond)               : find_bond Si - O rcut -> 2.2
03/25 16:35 [DEBUG] cshmd.analysis (__detail_search_oh_co3)  : No CO3 in basic search
03/25 16:35 [DEBUG] cshmd.analysis (__detail_search_oh_sioh) : Searching 'OH' in 'SiO4
03/25 16:35 [DEBUG] cshmd.analysis (__detail_search_oh_caoh) : No CaOH in basic search. RETURN
03/25 16:35 [INFO] cshmd.analysis (Qn)                       : [StructureManager] Q2: 1.000
03/25 16:35 [INFO] cshmd.analysis (CS)                       : [StructureManager] C/S: 0.750
03/25 16:35 [INFO] cshmd.analysis (validate_tetra)           : [StructureManager] BT: 4, PT: 8
03/25 16:35 [DEBUG] cshmd.analysis (__init__)                : <class 'cshmd.analysis.Chain'> loaded
03/25 16:35 [DEBUG] cshmd.analysis (__init__)                : <class 'cshmd.analysis.Chain'> loaded
03/25 16:35 [INFO] cshmd.analysis (validate_tetra)           : [StructureManager] CL : 3: 1
03/25 16:35 [INFO] cshmd.analysis (validate_tetra)           : [StructureManager] MCL : 3.0
03/25 16:35 [INFO] csh_builder (main)                        : [StructureManager] Reading command 'dprot_BT'...
03/25 16:36 [INFO] csh_builder (main)                        : ----------------------------------------------------------------------
03/25 16:36 [INFO] csh_builder (main)                        : 'test.yaml' loaded
03/25 16:36 [INFO] cshmd.structure (__init__)                : /Users/kimuni/bin/kimuni/cshmd/data/resources/cif/T14-base-normal.cif was loaded
03/25 16:36 [DEBUG] cshmd.analysis (__init__)                : [StructureManager] Now new data setted for get Bonds
03/25 16:36 [DEBUG] cshmd.analysis (__del_bond__)            : del -> Si_O O_H H_O Ca_O C_O BO NBO
03/25 16:36 [DEBUG] cshmd.analysis (__initialize_mole__)     : initalize -> H2O SiO4 OH CO3 H3O
03/25 16:36 [DEBUG] cshmd.analysis (__initialize_mole__)     : initalize -> SiOH CaOH HCO3 H2CO3 H3CO3
03/25 16:36 [INFO] cshmd.analysis (__init__)                 : Not any C-S-H Si range info
03/25 16:36 [DEBUG] cshmd.analysis (find_bond)               : find_bond O - H rcut -> 1.2
03/25 16:36 [DEBUG] cshmd.common (time_wrapper)              : [RUNTIME] get_distance_table in 0.000 seconds
03/25 16:36 [DEBUG] cshmd.analysis (get_mole)                : get_mole O - H -> nbonds: 2
03/25 16:36 [DEBUG] cshmd.analysis (find_bond)               : find_bond Si - O rcut -> 2.2
03/25 16:36 [DEBUG] cshmd.common (time_wrapper)              : [RUNTIME] get_distance_table in 0.000 seconds
03/25 16:36 [DEBUG] cshmd.analysis (get_mole)                : get_mole Si - O -> nbonds: 4
03/25 16:36 [DEBUG] cshmd.analysis (get_mole)                : get_mole O - H -> nbonds: 1
03/25 16:36 [DEBUG] cshmd.analysis (find_bond)               : find_bond C - O rcut -> 1.6
03/25 16:36 [DEBUG] cshmd.analysis (get_mole)                : get_mole C - O -> nbonds: 3
03/25 16:36 [DEBUG] cshmd.analysis (get_mole)                : get_mole O - H -> nbonds: 3
03/25 16:36 [DEBUG] cshmd.analysis (find_bond)               : find_bond Ca - O rcut -> 3.0
03/25 16:36 [DEBUG] cshmd.common (time_wrapper)              : [RUNTIME] get_distance_table in 0.000 seconds
03/25 16:36 [DEBUG] cshmd.analysis (full_search)             : Search layer details
03/25 16:36 [DEBUG] cshmd.analysis (find_bond)               : find_bond Ca - O rcut -> 3.0
03/25 16:36 [DEBUG] cshmd.analysis (find_bond)               : find_bond Si - O rcut -> 2.2
03/25 16:36 [DEBUG] cshmd.analysis (__detail_search_oh_co3)  : No CO3 in basic search
03/25 16:36 [DEBUG] cshmd.analysis (__detail_search_oh_sioh) : Searching 'OH' in 'SiO4
03/25 16:36 [DEBUG] cshmd.analysis (__detail_search_oh_caoh) : No CaOH in basic search. RETURN
03/25 16:36 [INFO] cshmd.analysis (Qn)                       : [StructureManager] Q2: 1.000
03/25 16:36 [INFO] cshmd.analysis (CS)                       : [StructureManager] C/S: 0.750
03/25 16:36 [INFO] cshmd.analysis (validate_tetra)           : [StructureManager] BT: 4, PT: 8
03/25 16:36 [DEBUG] cshmd.analysis (__init__)                : <class 'cshmd.analysis.Chain'> loaded
03/25 16:36 [DEBUG] cshmd.analysis (__init__)                : <class 'cshmd.analysis.Chain'> loaded
03/25 16:36 [INFO] cshmd.analysis (validate_tetra)           : [StructureManager] CL : 3: 1
03/25 16:36 [INFO] cshmd.analysis (validate_tetra)           : [StructureManager] MCL : 3.0
03/25 16:36 [INFO] cshmd.structure (__init__)                : /Users/kimuni/bin/kimuni/cshmd/data/resources/cif/T14-base-normal.cif was loaded
03/25 16:36 [DEBUG] cshmd.analysis (__init__)                : [StructureManager] Now new data setted for get Bonds
03/25 16:36 [DEBUG] cshmd.analysis (__del_bond__)            : del -> Si_O O_H H_O Ca_O C_O BO NBO
03/25 16:36 [DEBUG] cshmd.analysis (__initialize_mole__)     : initalize -> H2O SiO4 OH CO3 H3O
03/25 16:36 [DEBUG] cshmd.analysis (__initialize_mole__)     : initalize -> SiOH CaOH HCO3 H2CO3 H3CO3
03/25 16:36 [DEBUG] cshmd.analysis (find_bond)               : find_bond O - H rcut -> 1.2
03/25 16:36 [DEBUG] cshmd.common (time_wrapper)              : [RUNTIME] get_distance_table in 0.000 seconds
03/25 16:36 [DEBUG] cshmd.analysis (get_mole)                : get_mole O - H -> nbonds: 2
03/25 16:36 [DEBUG] cshmd.analysis (find_bond)               : find_bond Si - O rcut -> 2.2
03/25 16:36 [DEBUG] cshmd.common (time_wrapper)              : [RUNTIME] get_distance_table in 0.000 seconds
03/25 16:36 [DEBUG] cshmd.analysis (get_mole)                : get_mole Si - O -> nbonds: 4
03/25 16:36 [DEBUG] cshmd.analysis (get_mole)                : get_mole O - H -> nbonds: 1
03/25 16:36 [DEBUG] cshmd.analysis (find_bond)               : find_bond C - O rcut -> 1.6
03/25 16:36 [DEBUG] cshmd.analysis (get_mole)                : get_mole C - O -> nbonds: 3
03/25 16:36 [DEBUG] cshmd.analysis (get_mole)                : get_mole O - H -> nbonds: 3
03/25 16:36 [DEBUG] cshmd.analysis (find_bond)               : find_bond Ca - O rcut -> 3.0
03/25 16:36 [DEBUG] cshmd.common (time_wrapper)              : [RUNTIME] get_distance_table in 0.000 seconds
03/25 16:36 [DEBUG] cshmd.analysis (full_search)             : Search layer details
03/25 16:36 [DEBUG] cshmd.analysis (find_bond)               : find_bond Ca - O rcut -> 3.0
03/25 16:36 [DEBUG] cshmd.analysis (find_bond)               : find_bond Si - O rcut -> 2.2
03/25 16:36 [DEBUG] cshmd.analysis (__detail_search_oh_co3)  : No CO3 in basic search
03/25 16:36 [DEBUG] cshmd.analysis (__detail_search_oh_sioh) : Searching 'OH' in 'SiO4
03/25 16:36 [DEBUG] cshmd.analysis (__detail_search_oh_caoh) : No CaOH in basic search. RETURN
03/25 16:36 [INFO] cshmd.analysis (Qn)                       : [StructureManager] Q2: 1.000
03/25 16:36 [INFO] cshmd.analysis (CS)                       : [StructureManager] C/S: 0.750
03/25 16:36 [INFO] cshmd.analysis (validate_tetra)           : [StructureManager] BT: 4, PT: 8
03/25 16:36 [DEBUG] cshmd.analysis (__init__)                : <class 'cshmd.analysis.Chain'> loaded
03/25 16:36 [DEBUG] cshmd.analysis (__init__)                : <class 'cshmd.analysis.Chain'> loaded
03/25 16:36 [INFO] cshmd.analysis (validate_tetra)           : [StructureManager] CL : 3: 1
03/25 16:36 [INFO] cshmd.analysis (validate_tetra)           : [StructureManager] MCL : 3.0
03/25 16:36 [INFO] csh_builder (main)                        : [StructureManager] Reading command 'dprot_BT'...
03/25 16:36 [WARNING] cshmd.builder (dprot_BT)               : No Bridging Tetra exists
03/25 16:36 [DEBUG] cshmd.analysis (__init__)                : [StructureManager] Now new data setted for get Bonds
03/25 16:36 [DEBUG] cshmd.analysis (__del_bond__)            : del -> Si_O O_H H_O Ca_O C_O BO NBO
03/25 16:36 [DEBUG] cshmd.analysis (__initialize_mole__)     : initalize -> H2O SiO4 OH CO3 H3O
03/25 16:36 [DEBUG] cshmd.analysis (__initialize_mole__)     : initalize -> SiOH CaOH HCO3 H2CO3 H3CO3
03/25 16:36 [DEBUG] cshmd.analysis (find_bond)               : find_bond O - H rcut -> 1.2
03/25 16:36 [DEBUG] cshmd.common (time_wrapper)              : [RUNTIME] get_distance_table in 0.000 seconds
03/25 16:36 [DEBUG] cshmd.analysis (get_mole)                : get_mole O - H -> nbonds: 2
03/25 16:36 [DEBUG] cshmd.analysis (find_bond)               : find_bond Si - O rcut -> 2.2
03/25 16:36 [DEBUG] cshmd.common (time_wrapper)              : [RUNTIME] get_distance_table in 0.000 seconds
03/25 16:36 [DEBUG] cshmd.analysis (get_mole)                : get_mole Si - O -> nbonds: 4
03/25 16:36 [DEBUG] cshmd.analysis (get_mole)                : get_mole O - H -> nbonds: 1
03/25 16:36 [DEBUG] cshmd.analysis (find_bond)               : find_bond C - O rcut -> 1.6
03/25 16:36 [DEBUG] cshmd.analysis (get_mole)                : get_mole C - O -> nbonds: 3
03/25 16:36 [DEBUG] cshmd.analysis (get_mole)                : get_mole O - H -> nbonds: 3
03/25 16:36 [DEBUG] cshmd.analysis (find_bond)               : find_bond Ca - O rcut -> 3.0
03/25 16:36 [DEBUG] cshmd.common (time_wrapper)              : [RUNTIME] get_distance_table in 0.000 seconds
03/25 16:36 [DEBUG] cshmd.analysis (full_search)             : Search layer details
03/25 16:36 [DEBUG] cshmd.analysis (find_bond)               : find_bond Ca - O rcut -> 3.0
03/25 16:36 [DEBUG] cshmd.analysis (find_bond)               : find_bond Si - O rcut -> 2.2
03/25 16:36 [DEBUG] cshmd.analysis (__detail_search_oh_co3)  : No CO3 in basic search
03/25 16:36 [DEBUG] cshmd.analysis (__detail_search_oh_sioh) : Searching 'OH' in 'SiO4
03/25 16:36 [DEBUG] cshmd.analysis (__detail_search_oh_caoh) : No CaOH in basic search. RETURN
03/25 16:36 [INFO] cshmd.analysis (Qn)                       : [StructureManager] Q2: 1.000
03/25 16:36 [INFO] cshmd.analysis (CS)                       : [StructureManager] C/S: 0.750
03/25 16:36 [INFO] cshmd.analysis (validate_tetra)           : [StructureManager] BT: 4, PT: 8
03/25 16:36 [DEBUG] cshmd.analysis (__init__)                : <class 'cshmd.analysis.Chain'> loaded
03/25 16:36 [DEBUG] cshmd.analysis (__init__)                : <class 'cshmd.analysis.Chain'> loaded
03/25 16:36 [INFO] cshmd.analysis (validate_tetra)           : [StructureManager] CL : 3: 1
03/25 16:36 [INFO] cshmd.analysis (validate_tetra)           : [StructureManager] MCL : 3.0
03/25 16:36 [INFO] cshmd.structure (writeCif)                : test.cif was created
03/25 16:36 [INFO] cshmd.builder (out_model)                 : Total Charge: 0
03/25 16:36 [INFO] csh_builder (main)                        : ----------------------------------------------------------------------
03/25 16:40 [INFO] csh_builder (main)                        : ----------------------------------------------------------------------
03/25 16:40 [INFO] csh_builder (main)                        : 'test.yaml' loaded
03/25 16:40 [INFO] cshmd.structure (__init__)                : /Users/kimuni/bin/kimuni/cshmd/data/resources/cif/T14-base-normal.cif was loaded
03/25 16:40 [DEBUG] cshmd.analysis (__init__)                : [StructureManager] Now new data setted for get Bonds
03/25 16:40 [DEBUG] cshmd.analysis (__del_bond__)            : del -> Si_O O_H H_O Ca_O C_O BO NBO
03/25 16:40 [DEBUG] cshmd.analysis (__initialize_mole__)     : initalize -> H2O SiO4 OH CO3 H3O
03/25 16:40 [DEBUG] cshmd.analysis (__initialize_mole__)     : initalize -> SiOH CaOH HCO3 H2CO3 H3CO3
03/25 16:40 [INFO] cshmd.analysis (__init__)                 : Not any C-S-H Si range info
03/25 16:40 [DEBUG] cshmd.analysis (find_bond)               : find_bond O - H rcut -> 1.2
03/25 16:40 [DEBUG] cshmd.common (time_wrapper)              : [RUNTIME] get_distance_table in 0.000 seconds
03/25 16:40 [DEBUG] cshmd.analysis (get_mole)                : get_mole O - H -> nbonds: 2
03/25 16:40 [DEBUG] cshmd.analysis (find_bond)               : find_bond Si - O rcut -> 2.2
03/25 16:40 [DEBUG] cshmd.common (time_wrapper)              : [RUNTIME] get_distance_table in 0.000 seconds
03/25 16:40 [DEBUG] cshmd.analysis (get_mole)                : get_mole Si - O -> nbonds: 4
03/25 16:40 [DEBUG] cshmd.analysis (get_mole)                : get_mole O - H -> nbonds: 1
03/25 16:40 [DEBUG] cshmd.analysis (find_bond)               : find_bond C - O rcut -> 1.6
03/25 16:40 [DEBUG] cshmd.analysis (get_mole)                : get_mole C - O -> nbonds: 3
03/25 16:40 [DEBUG] cshmd.analysis (get_mole)                : get_mole O - H -> nbonds: 3
03/25 16:40 [DEBUG] cshmd.analysis (find_bond)               : find_bond Ca - O rcut -> 3.0
03/25 16:40 [DEBUG] cshmd.common (time_wrapper)              : [RUNTIME] get_distance_table in 0.000 seconds
03/25 16:40 [DEBUG] cshmd.analysis (full_search)             : Search layer details
03/25 16:40 [DEBUG] cshmd.analysis (find_bond)               : find_bond Ca - O rcut -> 3.0
03/25 16:40 [DEBUG] cshmd.analysis (find_bond)               : find_bond Si - O rcut -> 2.2
03/25 16:40 [DEBUG] cshmd.analysis (__detail_search_oh_co3)  : No CO3 in basic search
03/25 16:40 [DEBUG] cshmd.analysis (__detail_search_oh_sioh) : Searching 'OH' in 'SiO4
03/25 16:40 [DEBUG] cshmd.analysis (__detail_search_oh_caoh) : No CaOH in basic search. RETURN
03/25 16:40 [INFO] cshmd.analysis (Qn)                       : [StructureManager] Q2: 1.000
03/25 16:40 [INFO] cshmd.analysis (CS)                       : [StructureManager] C/S: 0.750
03/25 16:40 [INFO] cshmd.analysis (validate_tetra)           : [StructureManager] BT: 4, PT: 8
03/25 16:40 [DEBUG] cshmd.analysis (__init__)                : <class 'cshmd.analysis.Chain'> loaded
03/25 16:40 [DEBUG] cshmd.analysis (__init__)                : <class 'cshmd.analysis.Chain'> loaded
03/25 16:40 [INFO] cshmd.analysis (validate_tetra)           : [StructureManager] CL : 3: 1
03/25 16:40 [INFO] cshmd.analysis (validate_tetra)           : [StructureManager] MCL : 3.0
03/25 16:40 [INFO] cshmd.structure (__init__)                : /Users/kimuni/bin/kimuni/cshmd/data/resources/cif/T14-base-normal.cif was loaded
03/25 16:40 [DEBUG] cshmd.analysis (__init__)                : [StructureManager] Now new data setted for get Bonds
03/25 16:40 [DEBUG] cshmd.analysis (__del_bond__)            : del -> Si_O O_H H_O Ca_O C_O BO NBO
03/25 16:40 [DEBUG] cshmd.analysis (__initialize_mole__)     : initalize -> H2O SiO4 OH CO3 H3O
03/25 16:40 [DEBUG] cshmd.analysis (__initialize_mole__)     : initalize -> SiOH CaOH HCO3 H2CO3 H3CO3
03/25 16:40 [DEBUG] cshmd.analysis (find_bond)               : find_bond O - H rcut -> 1.2
03/25 16:40 [DEBUG] cshmd.common (time_wrapper)              : [RUNTIME] get_distance_table in 0.000 seconds
03/25 16:40 [DEBUG] cshmd.analysis (get_mole)                : get_mole O - H -> nbonds: 2
03/25 16:40 [DEBUG] cshmd.analysis (find_bond)               : find_bond Si - O rcut -> 2.2
03/25 16:40 [DEBUG] cshmd.common (time_wrapper)              : [RUNTIME] get_distance_table in 0.000 seconds
03/25 16:40 [DEBUG] cshmd.analysis (get_mole)                : get_mole Si - O -> nbonds: 4
03/25 16:40 [DEBUG] cshmd.analysis (get_mole)                : get_mole O - H -> nbonds: 1
03/25 16:40 [DEBUG] cshmd.analysis (find_bond)               : find_bond C - O rcut -> 1.6
03/25 16:40 [DEBUG] cshmd.analysis (get_mole)                : get_mole C - O -> nbonds: 3
03/25 16:40 [DEBUG] cshmd.analysis (get_mole)                : get_mole O - H -> nbonds: 3
03/25 16:40 [DEBUG] cshmd.analysis (find_bond)               : find_bond Ca - O rcut -> 3.0
03/25 16:40 [DEBUG] cshmd.common (time_wrapper)              : [RUNTIME] get_distance_table in 0.000 seconds
03/25 16:40 [DEBUG] cshmd.analysis (full_search)             : Search layer details
03/25 16:40 [DEBUG] cshmd.analysis (find_bond)               : find_bond Ca - O rcut -> 3.0
03/25 16:40 [DEBUG] cshmd.analysis (find_bond)               : find_bond Si - O rcut -> 2.2
03/25 16:40 [DEBUG] cshmd.analysis (__detail_search_oh_co3)  : No CO3 in basic search
03/25 16:40 [DEBUG] cshmd.analysis (__detail_search_oh_sioh) : Searching 'OH' in 'SiO4
03/25 16:40 [DEBUG] cshmd.analysis (__detail_search_oh_caoh) : No CaOH in basic search. RETURN
03/25 16:40 [INFO] cshmd.analysis (Qn)                       : [StructureManager] Q2: 1.000
03/25 16:40 [INFO] cshmd.analysis (CS)                       : [StructureManager] C/S: 0.750
03/25 16:40 [INFO] cshmd.analysis (validate_tetra)           : [StructureManager] BT: 4, PT: 8
03/25 16:40 [DEBUG] cshmd.analysis (__init__)                : <class 'cshmd.analysis.Chain'> loaded
03/25 16:40 [DEBUG] cshmd.analysis (__init__)                : <class 'cshmd.analysis.Chain'> loaded
03/25 16:40 [INFO] cshmd.analysis (validate_tetra)           : [StructureManager] CL : 3: 1
03/25 16:40 [INFO] cshmd.analysis (validate_tetra)           : [StructureManager] MCL : 3.0
03/25 16:40 [INFO] csh_builder (main)                        : [StructureManager] Reading command 'dprot_BT'...
03/25 16:40 [DEBUG] cshmd.analysis (__init__)                : [StructureManager] Now new data setted for get Bonds
03/25 16:40 [DEBUG] cshmd.analysis (__del_bond__)            : del -> Si_O O_H H_O Ca_O C_O BO NBO
03/25 16:40 [DEBUG] cshmd.analysis (__initialize_mole__)     : initalize -> H2O SiO4 OH CO3 H3O
03/25 16:40 [DEBUG] cshmd.analysis (__initialize_mole__)     : initalize -> SiOH CaOH HCO3 H2CO3 H3CO3
03/25 16:40 [DEBUG] cshmd.analysis (find_bond)               : find_bond O - H rcut -> 1.2
03/25 16:40 [DEBUG] cshmd.common (time_wrapper)              : [RUNTIME] get_distance_table in 0.000 seconds
03/25 16:40 [DEBUG] cshmd.analysis (get_mole)                : get_mole O - H -> nbonds: 2
03/25 16:40 [DEBUG] cshmd.analysis (find_bond)               : find_bond Si - O rcut -> 2.2
03/25 16:40 [DEBUG] cshmd.common (time_wrapper)              : [RUNTIME] get_distance_table in 0.000 seconds
03/25 16:40 [DEBUG] cshmd.analysis (get_mole)                : get_mole Si - O -> nbonds: 4
03/25 16:40 [DEBUG] cshmd.analysis (get_mole)                : get_mole O - H -> nbonds: 1
03/25 16:40 [DEBUG] cshmd.analysis (find_bond)               : find_bond C - O rcut -> 1.6
03/25 16:40 [DEBUG] cshmd.analysis (get_mole)                : get_mole C - O -> nbonds: 3
03/25 16:40 [DEBUG] cshmd.analysis (get_mole)                : get_mole O - H -> nbonds: 3
03/25 16:40 [DEBUG] cshmd.analysis (find_bond)               : find_bond Ca - O rcut -> 3.0
03/25 16:40 [DEBUG] cshmd.common (time_wrapper)              : [RUNTIME] get_distance_table in 0.000 seconds
03/25 16:40 [DEBUG] cshmd.analysis (full_search)             : Search layer details
03/25 16:40 [DEBUG] cshmd.analysis (find_bond)               : find_bond Ca - O rcut -> 3.0
03/25 16:40 [DEBUG] cshmd.analysis (find_bond)               : find_bond Si - O rcut -> 2.2
03/25 16:40 [DEBUG] cshmd.analysis (__detail_search_oh_co3)  : No CO3 in basic search
03/25 16:40 [DEBUG] cshmd.analysis (__detail_search_oh_sioh) : Searching 'OH' in 'SiO4
03/25 16:40 [DEBUG] cshmd.analysis (__detail_search_oh_caoh) : No CaOH in basic search. RETURN
03/25 16:40 [INFO] cshmd.analysis (Qn)                       : [StructureManager] Q2: 1.000
03/25 16:40 [INFO] cshmd.analysis (CS)                       : [StructureManager] C/S: 0.750
03/25 16:40 [INFO] cshmd.analysis (validate_tetra)           : [StructureManager] BT: 4, PT: 8
03/25 16:40 [DEBUG] cshmd.analysis (__init__)                : <class 'cshmd.analysis.Chain'> loaded
03/25 16:40 [DEBUG] cshmd.analysis (__init__)                : <class 'cshmd.analysis.Chain'> loaded
03/25 16:40 [INFO] cshmd.analysis (validate_tetra)           : [StructureManager] CL : 3: 1
03/25 16:40 [INFO] cshmd.analysis (validate_tetra)           : [StructureManager] MCL : 3.0
03/25 16:41 [INFO] csh_builder (main)                        : ----------------------------------------------------------------------
03/25 16:41 [INFO] csh_builder (main)                        : 'test.yaml' loaded
03/25 16:41 [INFO] cshmd.structure (__init__)                : /Users/kimuni/bin/kimuni/cshmd/data/resources/cif/T14-base-normal.cif was loaded
03/25 16:41 [DEBUG] cshmd.analysis (__init__)                : [StructureManager] Now new data setted for get Bonds
03/25 16:41 [DEBUG] cshmd.analysis (__del_bond__)            : del -> Si_O O_H H_O Ca_O C_O BO NBO
03/25 16:41 [DEBUG] cshmd.analysis (__initialize_mole__)     : initalize -> H2O SiO4 OH CO3 H3O
03/25 16:41 [DEBUG] cshmd.analysis (__initialize_mole__)     : initalize -> SiOH CaOH HCO3 H2CO3 H3CO3
03/25 16:41 [INFO] cshmd.analysis (__init__)                 : Not any C-S-H Si range info
03/25 16:41 [DEBUG] cshmd.analysis (find_bond)               : find_bond O - H rcut -> 1.2
03/25 16:41 [DEBUG] cshmd.common (time_wrapper)              : [RUNTIME] get_distance_table in 0.000 seconds
03/25 16:41 [DEBUG] cshmd.analysis (get_mole)                : get_mole O - H -> nbonds: 2
03/25 16:41 [DEBUG] cshmd.analysis (find_bond)               : find_bond Si - O rcut -> 2.2
03/25 16:41 [DEBUG] cshmd.common (time_wrapper)              : [RUNTIME] get_distance_table in 0.000 seconds
03/25 16:41 [DEBUG] cshmd.analysis (get_mole)                : get_mole Si - O -> nbonds: 4
03/25 16:41 [DEBUG] cshmd.analysis (get_mole)                : get_mole O - H -> nbonds: 1
03/25 16:41 [DEBUG] cshmd.analysis (find_bond)               : find_bond C - O rcut -> 1.6
03/25 16:41 [DEBUG] cshmd.analysis (get_mole)                : get_mole C - O -> nbonds: 3
03/25 16:41 [DEBUG] cshmd.analysis (get_mole)                : get_mole O - H -> nbonds: 3
03/25 16:41 [DEBUG] cshmd.analysis (find_bond)               : find_bond Ca - O rcut -> 3.0
03/25 16:41 [DEBUG] cshmd.common (time_wrapper)              : [RUNTIME] get_distance_table in 0.000 seconds
03/25 16:41 [DEBUG] cshmd.analysis (full_search)             : Search layer details
03/25 16:41 [DEBUG] cshmd.analysis (find_bond)               : find_bond Ca - O rcut -> 3.0
03/25 16:41 [DEBUG] cshmd.analysis (find_bond)               : find_bond Si - O rcut -> 2.2
03/25 16:41 [DEBUG] cshmd.analysis (__detail_search_oh_co3)  : No CO3 in basic search
03/25 16:41 [DEBUG] cshmd.analysis (__detail_search_oh_sioh) : Searching 'OH' in 'SiO4
03/25 16:41 [DEBUG] cshmd.analysis (__detail_search_oh_caoh) : No CaOH in basic search. RETURN
03/25 16:41 [INFO] cshmd.analysis (Qn)                       : [StructureManager] Q2: 1.000
03/25 16:41 [INFO] cshmd.analysis (CS)                       : [StructureManager] C/S: 0.750
03/25 16:41 [INFO] cshmd.analysis (validate_tetra)           : [StructureManager] BT: 4, PT: 8
03/25 16:41 [DEBUG] cshmd.analysis (__init__)                : <class 'cshmd.analysis.Chain'> loaded
03/25 16:41 [DEBUG] cshmd.analysis (__init__)                : <class 'cshmd.analysis.Chain'> loaded
03/25 16:41 [INFO] cshmd.analysis (validate_tetra)           : [StructureManager] CL : 3: 1
03/25 16:41 [INFO] cshmd.analysis (validate_tetra)           : [StructureManager] MCL : 3.0
03/25 16:41 [INFO] cshmd.structure (__init__)                : /Users/kimuni/bin/kimuni/cshmd/data/resources/cif/T14-base-normal.cif was loaded
03/25 16:41 [DEBUG] cshmd.analysis (__init__)                : [StructureManager] Now new data setted for get Bonds
03/25 16:41 [DEBUG] cshmd.analysis (__del_bond__)            : del -> Si_O O_H H_O Ca_O C_O BO NBO
03/25 16:41 [DEBUG] cshmd.analysis (__initialize_mole__)     : initalize -> H2O SiO4 OH CO3 H3O
03/25 16:41 [DEBUG] cshmd.analysis (__initialize_mole__)     : initalize -> SiOH CaOH HCO3 H2CO3 H3CO3
03/25 16:41 [DEBUG] cshmd.analysis (find_bond)               : find_bond O - H rcut -> 1.2
03/25 16:41 [DEBUG] cshmd.common (time_wrapper)              : [RUNTIME] get_distance_table in 0.000 seconds
03/25 16:41 [DEBUG] cshmd.analysis (get_mole)                : get_mole O - H -> nbonds: 2
03/25 16:41 [DEBUG] cshmd.analysis (find_bond)               : find_bond Si - O rcut -> 2.2
03/25 16:41 [DEBUG] cshmd.common (time_wrapper)              : [RUNTIME] get_distance_table in 0.000 seconds
03/25 16:41 [DEBUG] cshmd.analysis (get_mole)                : get_mole Si - O -> nbonds: 4
03/25 16:41 [DEBUG] cshmd.analysis (get_mole)                : get_mole O - H -> nbonds: 1
03/25 16:41 [DEBUG] cshmd.analysis (find_bond)               : find_bond C - O rcut -> 1.6
03/25 16:41 [DEBUG] cshmd.analysis (get_mole)                : get_mole C - O -> nbonds: 3
03/25 16:41 [DEBUG] cshmd.analysis (get_mole)                : get_mole O - H -> nbonds: 3
03/25 16:41 [DEBUG] cshmd.analysis (find_bond)               : find_bond Ca - O rcut -> 3.0
03/25 16:41 [DEBUG] cshmd.common (time_wrapper)              : [RUNTIME] get_distance_table in 0.000 seconds
03/25 16:41 [DEBUG] cshmd.analysis (full_search)             : Search layer details
03/25 16:41 [DEBUG] cshmd.analysis (find_bond)               : find_bond Ca - O rcut -> 3.0
03/25 16:41 [DEBUG] cshmd.analysis (find_bond)               : find_bond Si - O rcut -> 2.2
03/25 16:41 [DEBUG] cshmd.analysis (__detail_search_oh_co3)  : No CO3 in basic search
03/25 16:41 [DEBUG] cshmd.analysis (__detail_search_oh_sioh) : Searching 'OH' in 'SiO4
03/25 16:41 [DEBUG] cshmd.analysis (__detail_search_oh_caoh) : No CaOH in basic search. RETURN
03/25 16:41 [INFO] cshmd.analysis (Qn)                       : [StructureManager] Q2: 1.000
03/25 16:41 [INFO] cshmd.analysis (CS)                       : [StructureManager] C/S: 0.750
03/25 16:41 [INFO] cshmd.analysis (validate_tetra)           : [StructureManager] BT: 4, PT: 8
03/25 16:41 [DEBUG] cshmd.analysis (__init__)                : <class 'cshmd.analysis.Chain'> loaded
03/25 16:41 [DEBUG] cshmd.analysis (__init__)                : <class 'cshmd.analysis.Chain'> loaded
03/25 16:41 [INFO] cshmd.analysis (validate_tetra)           : [StructureManager] CL : 3: 1
03/25 16:41 [INFO] cshmd.analysis (validate_tetra)           : [StructureManager] MCL : 3.0
03/25 16:41 [INFO] csh_builder (main)                        : [StructureManager] Reading command 'dprot_BT'...
03/25 16:41 [WARNING] cshmd.builder (dprot_BT)               : No Bridging Tetra exists
03/25 16:41 [DEBUG] cshmd.analysis (__init__)                : [StructureManager] Now new data setted for get Bonds
03/25 16:41 [DEBUG] cshmd.analysis (__del_bond__)            : del -> Si_O O_H H_O Ca_O C_O BO NBO
03/25 16:41 [DEBUG] cshmd.analysis (__initialize_mole__)     : initalize -> H2O SiO4 OH CO3 H3O
03/25 16:41 [DEBUG] cshmd.analysis (__initialize_mole__)     : initalize -> SiOH CaOH HCO3 H2CO3 H3CO3
03/25 16:41 [DEBUG] cshmd.analysis (find_bond)               : find_bond O - H rcut -> 1.2
03/25 16:41 [DEBUG] cshmd.common (time_wrapper)              : [RUNTIME] get_distance_table in 0.000 seconds
03/25 16:41 [DEBUG] cshmd.analysis (get_mole)                : get_mole O - H -> nbonds: 2
03/25 16:41 [DEBUG] cshmd.analysis (find_bond)               : find_bond Si - O rcut -> 2.2
03/25 16:41 [DEBUG] cshmd.common (time_wrapper)              : [RUNTIME] get_distance_table in 0.000 seconds
03/25 16:41 [DEBUG] cshmd.analysis (get_mole)                : get_mole Si - O -> nbonds: 4
03/25 16:41 [DEBUG] cshmd.analysis (get_mole)                : get_mole O - H -> nbonds: 1
03/25 16:41 [DEBUG] cshmd.analysis (find_bond)               : find_bond C - O rcut -> 1.6
03/25 16:41 [DEBUG] cshmd.analysis (get_mole)                : get_mole C - O -> nbonds: 3
03/25 16:41 [DEBUG] cshmd.analysis (get_mole)                : get_mole O - H -> nbonds: 3
03/25 16:41 [DEBUG] cshmd.analysis (find_bond)               : find_bond Ca - O rcut -> 3.0
03/25 16:41 [DEBUG] cshmd.common (time_wrapper)              : [RUNTIME] get_distance_table in 0.000 seconds
03/25 16:41 [DEBUG] cshmd.analysis (full_search)             : Search layer details
03/25 16:41 [DEBUG] cshmd.analysis (find_bond)               : find_bond Ca - O rcut -> 3.0
03/25 16:41 [DEBUG] cshmd.analysis (find_bond)               : find_bond Si - O rcut -> 2.2
03/25 16:41 [DEBUG] cshmd.analysis (__detail_search_oh_co3)  : No CO3 in basic search
03/25 16:41 [DEBUG] cshmd.analysis (__detail_search_oh_sioh) : Searching 'OH' in 'SiO4
03/25 16:41 [DEBUG] cshmd.analysis (__detail_search_oh_caoh) : No CaOH in basic search. RETURN
03/25 16:41 [INFO] cshmd.analysis (Qn)                       : [StructureManager] Q2: 1.000
03/25 16:41 [INFO] cshmd.analysis (CS)                       : [StructureManager] C/S: 0.750
03/25 16:41 [INFO] cshmd.analysis (validate_tetra)           : [StructureManager] BT: 4, PT: 8
03/25 16:41 [DEBUG] cshmd.analysis (__init__)                : <class 'cshmd.analysis.Chain'> loaded
03/25 16:41 [DEBUG] cshmd.analysis (__init__)                : <class 'cshmd.analysis.Chain'> loaded
03/25 16:41 [INFO] cshmd.analysis (validate_tetra)           : [StructureManager] CL : 3: 1
03/25 16:41 [INFO] cshmd.analysis (validate_tetra)           : [StructureManager] MCL : 3.0
03/25 16:41 [INFO] cshmd.structure (writeCif)                : test.cif was created
03/25 16:41 [INFO] cshmd.builder (out_model)                 : Total Charge: 0
03/25 16:41 [INFO] csh_builder (main)                        : ----------------------------------------------------------------------
03/25 16:41 [INFO] csh_builder (main)                        : ----------------------------------------------------------------------
03/25 16:41 [INFO] csh_builder (main)                        : 'test.yaml' loaded
03/25 16:41 [INFO] cshmd.structure (__init__)                : /Users/kimuni/bin/kimuni/cshmd/data/resources/cif/T14-base-normal.cif was loaded
03/25 16:41 [DEBUG] cshmd.analysis (__init__)                : [StructureManager] Now new data setted for get Bonds
03/25 16:41 [DEBUG] cshmd.analysis (__del_bond__)            : del -> Si_O O_H H_O Ca_O C_O BO NBO
03/25 16:41 [DEBUG] cshmd.analysis (__initialize_mole__)     : initalize -> H2O SiO4 OH CO3 H3O
03/25 16:41 [DEBUG] cshmd.analysis (__initialize_mole__)     : initalize -> SiOH CaOH HCO3 H2CO3 H3CO3
03/25 16:41 [INFO] cshmd.analysis (__init__)                 : Not any C-S-H Si range info
03/25 16:41 [DEBUG] cshmd.analysis (find_bond)               : find_bond O - H rcut -> 1.2
03/25 16:41 [DEBUG] cshmd.common (time_wrapper)              : [RUNTIME] get_distance_table in 0.000 seconds
03/25 16:41 [DEBUG] cshmd.analysis (get_mole)                : get_mole O - H -> nbonds: 2
03/25 16:41 [DEBUG] cshmd.analysis (find_bond)               : find_bond Si - O rcut -> 2.2
03/25 16:41 [DEBUG] cshmd.common (time_wrapper)              : [RUNTIME] get_distance_table in 0.000 seconds
03/25 16:41 [DEBUG] cshmd.analysis (get_mole)                : get_mole Si - O -> nbonds: 4
03/25 16:41 [DEBUG] cshmd.analysis (get_mole)                : get_mole O - H -> nbonds: 1
03/25 16:41 [DEBUG] cshmd.analysis (find_bond)               : find_bond C - O rcut -> 1.6
03/25 16:41 [DEBUG] cshmd.analysis (get_mole)                : get_mole C - O -> nbonds: 3
03/25 16:41 [DEBUG] cshmd.analysis (get_mole)                : get_mole O - H -> nbonds: 3
03/25 16:41 [DEBUG] cshmd.analysis (find_bond)               : find_bond Ca - O rcut -> 3.0
03/25 16:41 [DEBUG] cshmd.common (time_wrapper)              : [RUNTIME] get_distance_table in 0.000 seconds
03/25 16:41 [DEBUG] cshmd.analysis (full_search)             : Search layer details
03/25 16:41 [DEBUG] cshmd.analysis (find_bond)               : find_bond Ca - O rcut -> 3.0
03/25 16:41 [DEBUG] cshmd.analysis (find_bond)               : find_bond Si - O rcut -> 2.2
03/25 16:41 [DEBUG] cshmd.analysis (__detail_search_oh_co3)  : No CO3 in basic search
03/25 16:41 [DEBUG] cshmd.analysis (__detail_search_oh_sioh) : Searching 'OH' in 'SiO4
03/25 16:41 [DEBUG] cshmd.analysis (__detail_search_oh_caoh) : No CaOH in basic search. RETURN
03/25 16:41 [INFO] cshmd.analysis (Qn)                       : [StructureManager] Q2: 1.000
03/25 16:41 [INFO] cshmd.analysis (CS)                       : [StructureManager] C/S: 0.750
03/25 16:41 [INFO] cshmd.analysis (validate_tetra)           : [StructureManager] BT: 4, PT: 8
03/25 16:41 [DEBUG] cshmd.analysis (__init__)                : <class 'cshmd.analysis.Chain'> loaded
03/25 16:41 [DEBUG] cshmd.analysis (__init__)                : <class 'cshmd.analysis.Chain'> loaded
03/25 16:41 [INFO] cshmd.analysis (validate_tetra)           : [StructureManager] CL : 3: 1
03/25 16:41 [INFO] cshmd.analysis (validate_tetra)           : [StructureManager] MCL : 3.0
03/25 16:41 [INFO] cshmd.structure (__init__)                : /Users/kimuni/bin/kimuni/cshmd/data/resources/cif/T14-base-normal.cif was loaded
03/25 16:41 [DEBUG] cshmd.analysis (__init__)                : [StructureManager] Now new data setted for get Bonds
03/25 16:41 [DEBUG] cshmd.analysis (__del_bond__)            : del -> Si_O O_H H_O Ca_O C_O BO NBO
03/25 16:41 [DEBUG] cshmd.analysis (__initialize_mole__)     : initalize -> H2O SiO4 OH CO3 H3O
03/25 16:41 [DEBUG] cshmd.analysis (__initialize_mole__)     : initalize -> SiOH CaOH HCO3 H2CO3 H3CO3
03/25 16:41 [DEBUG] cshmd.analysis (find_bond)               : find_bond O - H rcut -> 1.2
03/25 16:41 [DEBUG] cshmd.common (time_wrapper)              : [RUNTIME] get_distance_table in 0.000 seconds
03/25 16:41 [DEBUG] cshmd.analysis (get_mole)                : get_mole O - H -> nbonds: 2
03/25 16:41 [DEBUG] cshmd.analysis (find_bond)               : find_bond Si - O rcut -> 2.2
03/25 16:41 [DEBUG] cshmd.common (time_wrapper)              : [RUNTIME] get_distance_table in 0.000 seconds
03/25 16:41 [DEBUG] cshmd.analysis (get_mole)                : get_mole Si - O -> nbonds: 4
03/25 16:41 [DEBUG] cshmd.analysis (get_mole)                : get_mole O - H -> nbonds: 1
03/25 16:41 [DEBUG] cshmd.analysis (find_bond)               : find_bond C - O rcut -> 1.6
03/25 16:41 [DEBUG] cshmd.analysis (get_mole)                : get_mole C - O -> nbonds: 3
03/25 16:41 [DEBUG] cshmd.analysis (get_mole)                : get_mole O - H -> nbonds: 3
03/25 16:41 [DEBUG] cshmd.analysis (find_bond)               : find_bond Ca - O rcut -> 3.0
03/25 16:41 [DEBUG] cshmd.common (time_wrapper)              : [RUNTIME] get_distance_table in 0.000 seconds
03/25 16:41 [DEBUG] cshmd.analysis (full_search)             : Search layer details
03/25 16:41 [DEBUG] cshmd.analysis (find_bond)               : find_bond Ca - O rcut -> 3.0
03/25 16:41 [DEBUG] cshmd.analysis (find_bond)               : find_bond Si - O rcut -> 2.2
03/25 16:41 [DEBUG] cshmd.analysis (__detail_search_oh_co3)  : No CO3 in basic search
03/25 16:41 [DEBUG] cshmd.analysis (__detail_search_oh_sioh) : Searching 'OH' in 'SiO4
03/25 16:41 [DEBUG] cshmd.analysis (__detail_search_oh_caoh) : No CaOH in basic search. RETURN
03/25 16:41 [INFO] cshmd.analysis (Qn)                       : [StructureManager] Q2: 1.000
03/25 16:41 [INFO] cshmd.analysis (CS)                       : [StructureManager] C/S: 0.750
03/25 16:41 [INFO] cshmd.analysis (validate_tetra)           : [StructureManager] BT: 4, PT: 8
03/25 16:41 [DEBUG] cshmd.analysis (__init__)                : <class 'cshmd.analysis.Chain'> loaded
03/25 16:41 [DEBUG] cshmd.analysis (__init__)                : <class 'cshmd.analysis.Chain'> loaded
03/25 16:41 [INFO] cshmd.analysis (validate_tetra)           : [StructureManager] CL : 3: 1
03/25 16:41 [INFO] cshmd.analysis (validate_tetra)           : [StructureManager] MCL : 3.0
03/25 16:41 [INFO] csh_builder (main)                        : [StructureManager] Reading command 'dprot_BT'...
03/25 16:41 [WARNING] cshmd.builder (dprot_BT)               : No Bridging Tetra exists
03/25 16:41 [DEBUG] cshmd.analysis (__init__)                : [StructureManager] Now new data setted for get Bonds
03/25 16:41 [DEBUG] cshmd.analysis (__del_bond__)            : del -> Si_O O_H H_O Ca_O C_O BO NBO
03/25 16:41 [DEBUG] cshmd.analysis (__initialize_mole__)     : initalize -> H2O SiO4 OH CO3 H3O
03/25 16:41 [DEBUG] cshmd.analysis (__initialize_mole__)     : initalize -> SiOH CaOH HCO3 H2CO3 H3CO3
03/25 16:41 [DEBUG] cshmd.analysis (find_bond)               : find_bond O - H rcut -> 1.2
03/25 16:41 [DEBUG] cshmd.common (time_wrapper)              : [RUNTIME] get_distance_table in 0.000 seconds
03/25 16:41 [DEBUG] cshmd.analysis (get_mole)                : get_mole O - H -> nbonds: 2
03/25 16:41 [DEBUG] cshmd.analysis (find_bond)               : find_bond Si - O rcut -> 2.2
03/25 16:41 [DEBUG] cshmd.common (time_wrapper)              : [RUNTIME] get_distance_table in 0.000 seconds
03/25 16:41 [DEBUG] cshmd.analysis (get_mole)                : get_mole Si - O -> nbonds: 4
03/25 16:41 [DEBUG] cshmd.analysis (get_mole)                : get_mole O - H -> nbonds: 1
03/25 16:41 [DEBUG] cshmd.analysis (find_bond)               : find_bond C - O rcut -> 1.6
03/25 16:41 [DEBUG] cshmd.analysis (get_mole)                : get_mole C - O -> nbonds: 3
03/25 16:41 [DEBUG] cshmd.analysis (get_mole)                : get_mole O - H -> nbonds: 3
03/25 16:41 [DEBUG] cshmd.analysis (find_bond)               : find_bond Ca - O rcut -> 3.0
03/25 16:41 [DEBUG] cshmd.common (time_wrapper)              : [RUNTIME] get_distance_table in 0.000 seconds
03/25 16:41 [DEBUG] cshmd.analysis (full_search)             : Search layer details
03/25 16:41 [DEBUG] cshmd.analysis (find_bond)               : find_bond Ca - O rcut -> 3.0
03/25 16:41 [DEBUG] cshmd.analysis (find_bond)               : find_bond Si - O rcut -> 2.2
03/25 16:41 [DEBUG] cshmd.analysis (__detail_search_oh_co3)  : No CO3 in basic search
03/25 16:41 [DEBUG] cshmd.analysis (__detail_search_oh_sioh) : Searching 'OH' in 'SiO4
03/25 16:41 [DEBUG] cshmd.analysis (__detail_search_oh_caoh) : No CaOH in basic search. RETURN
03/25 16:41 [INFO] cshmd.analysis (Qn)                       : [StructureManager] Q2: 1.000
03/25 16:41 [INFO] cshmd.analysis (CS)                       : [StructureManager] C/S: 0.750
03/25 16:41 [INFO] cshmd.analysis (validate_tetra)           : [StructureManager] BT: 4, PT: 8
03/25 16:41 [DEBUG] cshmd.analysis (__init__)                : <class 'cshmd.analysis.Chain'> loaded
03/25 16:41 [DEBUG] cshmd.analysis (__init__)                : <class 'cshmd.analysis.Chain'> loaded
03/25 16:41 [INFO] cshmd.analysis (validate_tetra)           : [StructureManager] CL : 3: 1
03/25 16:41 [INFO] cshmd.analysis (validate_tetra)           : [StructureManager] MCL : 3.0
03/25 16:41 [INFO] cshmd.structure (writeCif)                : test.cif was created
03/25 16:41 [INFO] cshmd.builder (out_model)                 : Total Charge: 0
03/25 16:41 [INFO] csh_builder (main)                        : ----------------------------------------------------------------------
03/25 16:41 [INFO] csh_builder (main)                        : ----------------------------------------------------------------------
03/25 16:41 [INFO] csh_builder (main)                        : 'test.yaml' loaded
03/25 16:41 [INFO] cshmd.structure (__init__)                : /Users/kimuni/bin/kimuni/cshmd/data/resources/cif/T14-base-normal.cif was loaded
03/25 16:41 [DEBUG] cshmd.analysis (__init__)                : [StructureManager] Now new data setted for get Bonds
03/25 16:41 [DEBUG] cshmd.analysis (__del_bond__)            : del -> Si_O O_H H_O Ca_O C_O BO NBO
03/25 16:41 [DEBUG] cshmd.analysis (__initialize_mole__)     : initalize -> H2O SiO4 OH CO3 H3O
03/25 16:41 [DEBUG] cshmd.analysis (__initialize_mole__)     : initalize -> SiOH CaOH HCO3 H2CO3 H3CO3
03/25 16:41 [INFO] cshmd.analysis (__init__)                 : Not any C-S-H Si range info
03/25 16:41 [DEBUG] cshmd.analysis (find_bond)               : find_bond O - H rcut -> 1.2
03/25 16:41 [DEBUG] cshmd.common (time_wrapper)              : [RUNTIME] get_distance_table in 0.000 seconds
03/25 16:41 [DEBUG] cshmd.analysis (get_mole)                : get_mole O - H -> nbonds: 2
03/25 16:41 [DEBUG] cshmd.analysis (find_bond)               : find_bond Si - O rcut -> 2.2
03/25 16:41 [DEBUG] cshmd.common (time_wrapper)              : [RUNTIME] get_distance_table in 0.000 seconds
03/25 16:41 [DEBUG] cshmd.analysis (get_mole)                : get_mole Si - O -> nbonds: 4
03/25 16:41 [DEBUG] cshmd.analysis (get_mole)                : get_mole O - H -> nbonds: 1
03/25 16:41 [DEBUG] cshmd.analysis (find_bond)               : find_bond C - O rcut -> 1.6
03/25 16:41 [DEBUG] cshmd.analysis (get_mole)                : get_mole C - O -> nbonds: 3
03/25 16:41 [DEBUG] cshmd.analysis (get_mole)                : get_mole O - H -> nbonds: 3
03/25 16:41 [DEBUG] cshmd.analysis (find_bond)               : find_bond Ca - O rcut -> 3.0
03/25 16:41 [DEBUG] cshmd.common (time_wrapper)              : [RUNTIME] get_distance_table in 0.000 seconds
03/25 16:41 [DEBUG] cshmd.analysis (full_search)             : Search layer details
03/25 16:41 [DEBUG] cshmd.analysis (find_bond)               : find_bond Ca - O rcut -> 3.0
03/25 16:41 [DEBUG] cshmd.analysis (find_bond)               : find_bond Si - O rcut -> 2.2
03/25 16:41 [DEBUG] cshmd.analysis (__detail_search_oh_co3)  : No CO3 in basic search
03/25 16:41 [DEBUG] cshmd.analysis (__detail_search_oh_sioh) : Searching 'OH' in 'SiO4
03/25 16:41 [DEBUG] cshmd.analysis (__detail_search_oh_caoh) : No CaOH in basic search. RETURN
03/25 16:41 [INFO] cshmd.analysis (Qn)                       : [StructureManager] Q2: 1.000
03/25 16:41 [INFO] cshmd.analysis (CS)                       : [StructureManager] C/S: 0.750
03/25 16:41 [INFO] cshmd.analysis (validate_tetra)           : [StructureManager] BT: 4, PT: 8
03/25 16:41 [DEBUG] cshmd.analysis (__init__)                : <class 'cshmd.analysis.Chain'> loaded
03/25 16:41 [DEBUG] cshmd.analysis (__init__)                : <class 'cshmd.analysis.Chain'> loaded
03/25 16:41 [INFO] cshmd.analysis (validate_tetra)           : [StructureManager] CL : 3: 1
03/25 16:41 [INFO] cshmd.analysis (validate_tetra)           : [StructureManager] MCL : 3.0
03/25 16:41 [INFO] cshmd.structure (__init__)                : /Users/kimuni/bin/kimuni/cshmd/data/resources/cif/T14-base-normal.cif was loaded
03/25 16:41 [DEBUG] cshmd.analysis (__init__)                : [StructureManager] Now new data setted for get Bonds
03/25 16:41 [DEBUG] cshmd.analysis (__del_bond__)            : del -> Si_O O_H H_O Ca_O C_O BO NBO
03/25 16:41 [DEBUG] cshmd.analysis (__initialize_mole__)     : initalize -> H2O SiO4 OH CO3 H3O
03/25 16:41 [DEBUG] cshmd.analysis (__initialize_mole__)     : initalize -> SiOH CaOH HCO3 H2CO3 H3CO3
03/25 16:41 [DEBUG] cshmd.analysis (find_bond)               : find_bond O - H rcut -> 1.2
03/25 16:41 [DEBUG] cshmd.common (time_wrapper)              : [RUNTIME] get_distance_table in 0.000 seconds
03/25 16:41 [DEBUG] cshmd.analysis (get_mole)                : get_mole O - H -> nbonds: 2
03/25 16:41 [DEBUG] cshmd.analysis (find_bond)               : find_bond Si - O rcut -> 2.2
03/25 16:41 [DEBUG] cshmd.common (time_wrapper)              : [RUNTIME] get_distance_table in 0.000 seconds
03/25 16:41 [DEBUG] cshmd.analysis (get_mole)                : get_mole Si - O -> nbonds: 4
03/25 16:41 [DEBUG] cshmd.analysis (get_mole)                : get_mole O - H -> nbonds: 1
03/25 16:41 [DEBUG] cshmd.analysis (find_bond)               : find_bond C - O rcut -> 1.6
03/25 16:41 [DEBUG] cshmd.analysis (get_mole)                : get_mole C - O -> nbonds: 3
03/25 16:41 [DEBUG] cshmd.analysis (get_mole)                : get_mole O - H -> nbonds: 3
03/25 16:41 [DEBUG] cshmd.analysis (find_bond)               : find_bond Ca - O rcut -> 3.0
03/25 16:41 [DEBUG] cshmd.common (time_wrapper)              : [RUNTIME] get_distance_table in 0.000 seconds
03/25 16:41 [DEBUG] cshmd.analysis (full_search)             : Search layer details
03/25 16:41 [DEBUG] cshmd.analysis (find_bond)               : find_bond Ca - O rcut -> 3.0
03/25 16:41 [DEBUG] cshmd.analysis (find_bond)               : find_bond Si - O rcut -> 2.2
03/25 16:41 [DEBUG] cshmd.analysis (__detail_search_oh_co3)  : No CO3 in basic search
03/25 16:41 [DEBUG] cshmd.analysis (__detail_search_oh_sioh) : Searching 'OH' in 'SiO4
03/25 16:41 [DEBUG] cshmd.analysis (__detail_search_oh_caoh) : No CaOH in basic search. RETURN
03/25 16:41 [INFO] cshmd.analysis (Qn)                       : [StructureManager] Q2: 1.000
03/25 16:41 [INFO] cshmd.analysis (CS)                       : [StructureManager] C/S: 0.750
03/25 16:41 [INFO] cshmd.analysis (validate_tetra)           : [StructureManager] BT: 4, PT: 8
03/25 16:41 [DEBUG] cshmd.analysis (__init__)                : <class 'cshmd.analysis.Chain'> loaded
03/25 16:41 [DEBUG] cshmd.analysis (__init__)                : <class 'cshmd.analysis.Chain'> loaded
03/25 16:41 [INFO] cshmd.analysis (validate_tetra)           : [StructureManager] CL : 3: 1
03/25 16:41 [INFO] cshmd.analysis (validate_tetra)           : [StructureManager] MCL : 3.0
03/25 16:41 [INFO] csh_builder (main)                        : [StructureManager] Reading command 'dprot_BT'...
03/25 16:41 [WARNING] cshmd.builder (dprot_BT)               : No Bridging Tetra exists
03/25 16:41 [DEBUG] cshmd.analysis (__init__)                : [StructureManager] Now new data setted for get Bonds
03/25 16:41 [DEBUG] cshmd.analysis (__del_bond__)            : del -> Si_O O_H H_O Ca_O C_O BO NBO
03/25 16:41 [DEBUG] cshmd.analysis (__initialize_mole__)     : initalize -> H2O SiO4 OH CO3 H3O
03/25 16:41 [DEBUG] cshmd.analysis (__initialize_mole__)     : initalize -> SiOH CaOH HCO3 H2CO3 H3CO3
03/25 16:41 [DEBUG] cshmd.analysis (find_bond)               : find_bond O - H rcut -> 1.2
03/25 16:41 [DEBUG] cshmd.common (time_wrapper)              : [RUNTIME] get_distance_table in 0.000 seconds
03/25 16:41 [DEBUG] cshmd.analysis (get_mole)                : get_mole O - H -> nbonds: 2
03/25 16:41 [DEBUG] cshmd.analysis (find_bond)               : find_bond Si - O rcut -> 2.2
03/25 16:41 [DEBUG] cshmd.common (time_wrapper)              : [RUNTIME] get_distance_table in 0.000 seconds
03/25 16:41 [DEBUG] cshmd.analysis (get_mole)                : get_mole Si - O -> nbonds: 4
03/25 16:41 [DEBUG] cshmd.analysis (get_mole)                : get_mole O - H -> nbonds: 1
03/25 16:41 [DEBUG] cshmd.analysis (find_bond)               : find_bond C - O rcut -> 1.6
03/25 16:41 [DEBUG] cshmd.analysis (get_mole)                : get_mole C - O -> nbonds: 3
03/25 16:41 [DEBUG] cshmd.analysis (get_mole)                : get_mole O - H -> nbonds: 3
03/25 16:41 [DEBUG] cshmd.analysis (find_bond)               : find_bond Ca - O rcut -> 3.0
03/25 16:41 [DEBUG] cshmd.common (time_wrapper)              : [RUNTIME] get_distance_table in 0.000 seconds
03/25 16:41 [DEBUG] cshmd.analysis (full_search)             : Search layer details
03/25 16:41 [DEBUG] cshmd.analysis (find_bond)               : find_bond Ca - O rcut -> 3.0
03/25 16:41 [DEBUG] cshmd.analysis (find_bond)               : find_bond Si - O rcut -> 2.2
03/25 16:41 [DEBUG] cshmd.analysis (__detail_search_oh_co3)  : No CO3 in basic search
03/25 16:41 [DEBUG] cshmd.analysis (__detail_search_oh_sioh) : Searching 'OH' in 'SiO4
03/25 16:41 [DEBUG] cshmd.analysis (__detail_search_oh_caoh) : No CaOH in basic search. RETURN
03/25 16:41 [INFO] cshmd.analysis (Qn)                       : [StructureManager] Q2: 1.000
03/25 16:41 [INFO] cshmd.analysis (CS)                       : [StructureManager] C/S: 0.750
03/25 16:41 [INFO] cshmd.analysis (validate_tetra)           : [StructureManager] BT: 4, PT: 8
03/25 16:41 [DEBUG] cshmd.analysis (__init__)                : <class 'cshmd.analysis.Chain'> loaded
03/25 16:41 [DEBUG] cshmd.analysis (__init__)                : <class 'cshmd.analysis.Chain'> loaded
03/25 16:41 [INFO] cshmd.analysis (validate_tetra)           : [StructureManager] CL : 3: 1
03/25 16:41 [INFO] cshmd.analysis (validate_tetra)           : [StructureManager] MCL : 3.0
03/25 16:41 [INFO] cshmd.structure (writeCif)                : test.cif was created
03/25 16:41 [INFO] cshmd.builder (out_model)                 : Total Charge: 0
03/25 16:41 [INFO] csh_builder (main)                        : ----------------------------------------------------------------------
03/25 16:42 [INFO] csh_builder (main)                        : ----------------------------------------------------------------------
03/25 16:42 [INFO] csh_builder (main)                        : 'test.yaml' loaded
03/25 16:42 [INFO] cshmd.structure (__init__)                : /Users/kimuni/bin/kimuni/cshmd/data/resources/cif/T14-base-normal.cif was loaded
03/25 16:42 [DEBUG] cshmd.analysis (__init__)                : [StructureManager] Now new data setted for get Bonds
03/25 16:42 [DEBUG] cshmd.analysis (__del_bond__)            : del -> Si_O O_H H_O Ca_O C_O BO NBO
03/25 16:42 [DEBUG] cshmd.analysis (__initialize_mole__)     : initalize -> H2O SiO4 OH CO3 H3O
03/25 16:42 [DEBUG] cshmd.analysis (__initialize_mole__)     : initalize -> SiOH CaOH HCO3 H2CO3 H3CO3
03/25 16:42 [INFO] cshmd.analysis (__init__)                 : Not any C-S-H Si range info
03/25 16:42 [DEBUG] cshmd.analysis (find_bond)               : find_bond O - H rcut -> 1.2
03/25 16:42 [DEBUG] cshmd.common (time_wrapper)              : [RUNTIME] get_distance_table in 0.000 seconds
03/25 16:42 [DEBUG] cshmd.analysis (get_mole)                : get_mole O - H -> nbonds: 2
03/25 16:42 [DEBUG] cshmd.analysis (find_bond)               : find_bond Si - O rcut -> 2.2
03/25 16:42 [DEBUG] cshmd.common (time_wrapper)              : [RUNTIME] get_distance_table in 0.000 seconds
03/25 16:42 [DEBUG] cshmd.analysis (get_mole)                : get_mole Si - O -> nbonds: 4
03/25 16:42 [DEBUG] cshmd.analysis (get_mole)                : get_mole O - H -> nbonds: 1
03/25 16:42 [DEBUG] cshmd.analysis (find_bond)               : find_bond C - O rcut -> 1.6
03/25 16:42 [DEBUG] cshmd.analysis (get_mole)                : get_mole C - O -> nbonds: 3
03/25 16:42 [DEBUG] cshmd.analysis (get_mole)                : get_mole O - H -> nbonds: 3
03/25 16:42 [DEBUG] cshmd.analysis (find_bond)               : find_bond Ca - O rcut -> 3.0
03/25 16:42 [DEBUG] cshmd.common (time_wrapper)              : [RUNTIME] get_distance_table in 0.000 seconds
03/25 16:42 [DEBUG] cshmd.analysis (full_search)             : Search layer details
03/25 16:42 [DEBUG] cshmd.analysis (find_bond)               : find_bond Ca - O rcut -> 3.0
03/25 16:42 [DEBUG] cshmd.analysis (find_bond)               : find_bond Si - O rcut -> 2.2
03/25 16:42 [DEBUG] cshmd.analysis (__detail_search_oh_co3)  : No CO3 in basic search
03/25 16:42 [DEBUG] cshmd.analysis (__detail_search_oh_sioh) : Searching 'OH' in 'SiO4
03/25 16:42 [DEBUG] cshmd.analysis (__detail_search_oh_caoh) : No CaOH in basic search. RETURN
03/25 16:42 [INFO] cshmd.analysis (Qn)                       : [StructureManager] Q2: 1.000
03/25 16:42 [INFO] cshmd.analysis (CS)                       : [StructureManager] C/S: 0.750
03/25 16:42 [INFO] cshmd.analysis (validate_tetra)           : [StructureManager] BT: 4, PT: 8
03/25 16:42 [DEBUG] cshmd.analysis (__init__)                : <class 'cshmd.analysis.Chain'> loaded
03/25 16:42 [DEBUG] cshmd.analysis (__init__)                : <class 'cshmd.analysis.Chain'> loaded
03/25 16:42 [INFO] cshmd.analysis (validate_tetra)           : [StructureManager] CL : 3: 1
03/25 16:42 [INFO] cshmd.analysis (validate_tetra)           : [StructureManager] MCL : 3.0
03/25 16:42 [INFO] cshmd.structure (__init__)                : /Users/kimuni/bin/kimuni/cshmd/data/resources/cif/T14-base-normal.cif was loaded
03/25 16:42 [DEBUG] cshmd.analysis (__init__)                : [StructureManager] Now new data setted for get Bonds
03/25 16:42 [DEBUG] cshmd.analysis (__del_bond__)            : del -> Si_O O_H H_O Ca_O C_O BO NBO
03/25 16:42 [DEBUG] cshmd.analysis (__initialize_mole__)     : initalize -> H2O SiO4 OH CO3 H3O
03/25 16:42 [DEBUG] cshmd.analysis (__initialize_mole__)     : initalize -> SiOH CaOH HCO3 H2CO3 H3CO3
03/25 16:42 [DEBUG] cshmd.analysis (find_bond)               : find_bond O - H rcut -> 1.2
03/25 16:42 [DEBUG] cshmd.common (time_wrapper)              : [RUNTIME] get_distance_table in 0.000 seconds
03/25 16:42 [DEBUG] cshmd.analysis (get_mole)                : get_mole O - H -> nbonds: 2
03/25 16:42 [DEBUG] cshmd.analysis (find_bond)               : find_bond Si - O rcut -> 2.2
03/25 16:42 [DEBUG] cshmd.common (time_wrapper)              : [RUNTIME] get_distance_table in 0.000 seconds
03/25 16:42 [DEBUG] cshmd.analysis (get_mole)                : get_mole Si - O -> nbonds: 4
03/25 16:42 [DEBUG] cshmd.analysis (get_mole)                : get_mole O - H -> nbonds: 1
03/25 16:42 [DEBUG] cshmd.analysis (find_bond)               : find_bond C - O rcut -> 1.6
03/25 16:42 [DEBUG] cshmd.analysis (get_mole)                : get_mole C - O -> nbonds: 3
03/25 16:42 [DEBUG] cshmd.analysis (get_mole)                : get_mole O - H -> nbonds: 3
03/25 16:42 [DEBUG] cshmd.analysis (find_bond)               : find_bond Ca - O rcut -> 3.0
03/25 16:42 [DEBUG] cshmd.common (time_wrapper)              : [RUNTIME] get_distance_table in 0.000 seconds
03/25 16:42 [DEBUG] cshmd.analysis (full_search)             : Search layer details
03/25 16:42 [DEBUG] cshmd.analysis (find_bond)               : find_bond Ca - O rcut -> 3.0
03/25 16:42 [DEBUG] cshmd.analysis (find_bond)               : find_bond Si - O rcut -> 2.2
03/25 16:42 [DEBUG] cshmd.analysis (__detail_search_oh_co3)  : No CO3 in basic search
03/25 16:42 [DEBUG] cshmd.analysis (__detail_search_oh_sioh) : Searching 'OH' in 'SiO4
03/25 16:42 [DEBUG] cshmd.analysis (__detail_search_oh_caoh) : No CaOH in basic search. RETURN
03/25 16:42 [INFO] cshmd.analysis (Qn)                       : [StructureManager] Q2: 1.000
03/25 16:42 [INFO] cshmd.analysis (CS)                       : [StructureManager] C/S: 0.750
03/25 16:42 [INFO] cshmd.analysis (validate_tetra)           : [StructureManager] BT: 4, PT: 8
03/25 16:42 [DEBUG] cshmd.analysis (__init__)                : <class 'cshmd.analysis.Chain'> loaded
03/25 16:42 [DEBUG] cshmd.analysis (__init__)                : <class 'cshmd.analysis.Chain'> loaded
03/25 16:42 [INFO] cshmd.analysis (validate_tetra)           : [StructureManager] CL : 3: 1
03/25 16:42 [INFO] cshmd.analysis (validate_tetra)           : [StructureManager] MCL : 3.0
03/25 16:42 [INFO] csh_builder (main)                        : [StructureManager] Reading command 'dprot_BT'...
03/25 16:42 [DEBUG] cshmd.analysis (__init__)                : [StructureManager] Now new data setted for get Bonds
03/25 16:42 [DEBUG] cshmd.analysis (__del_bond__)            : del -> Si_O O_H H_O Ca_O C_O BO NBO
03/25 16:42 [DEBUG] cshmd.analysis (__initialize_mole__)     : initalize -> H2O SiO4 OH CO3 H3O
03/25 16:42 [DEBUG] cshmd.analysis (__initialize_mole__)     : initalize -> SiOH CaOH HCO3 H2CO3 H3CO3
03/25 16:42 [DEBUG] cshmd.analysis (find_bond)               : find_bond O - H rcut -> 1.2
03/25 16:42 [DEBUG] cshmd.common (time_wrapper)              : [RUNTIME] get_distance_table in 0.000 seconds
03/25 16:42 [DEBUG] cshmd.analysis (get_mole)                : get_mole O - H -> nbonds: 2
03/25 16:42 [DEBUG] cshmd.analysis (find_bond)               : find_bond Si - O rcut -> 2.2
03/25 16:42 [DEBUG] cshmd.common (time_wrapper)              : [RUNTIME] get_distance_table in 0.000 seconds
03/25 16:42 [DEBUG] cshmd.analysis (get_mole)                : get_mole Si - O -> nbonds: 4
03/25 16:42 [DEBUG] cshmd.analysis (get_mole)                : get_mole O - H -> nbonds: 1
03/25 16:42 [DEBUG] cshmd.analysis (find_bond)               : find_bond C - O rcut -> 1.6
03/25 16:42 [DEBUG] cshmd.analysis (get_mole)                : get_mole C - O -> nbonds: 3
03/25 16:42 [DEBUG] cshmd.analysis (get_mole)                : get_mole O - H -> nbonds: 3
03/25 16:42 [DEBUG] cshmd.analysis (find_bond)               : find_bond Ca - O rcut -> 3.0
03/25 16:42 [DEBUG] cshmd.common (time_wrapper)              : [RUNTIME] get_distance_table in 0.000 seconds
03/25 16:42 [DEBUG] cshmd.analysis (full_search)             : Search layer details
03/25 16:42 [DEBUG] cshmd.analysis (find_bond)               : find_bond Ca - O rcut -> 3.0
03/25 16:42 [DEBUG] cshmd.analysis (find_bond)               : find_bond Si - O rcut -> 2.2
03/25 16:42 [DEBUG] cshmd.analysis (__detail_search_oh_co3)  : No CO3 in basic search
03/25 16:42 [DEBUG] cshmd.analysis (__detail_search_oh_sioh) : Searching 'OH' in 'SiO4
03/25 16:42 [DEBUG] cshmd.analysis (__detail_search_oh_caoh) : No CaOH in basic search. RETURN
03/25 16:42 [INFO] cshmd.analysis (Qn)                       : [StructureManager] Q2: 1.000
03/25 16:42 [INFO] cshmd.analysis (CS)                       : [StructureManager] C/S: 0.750
03/25 16:42 [INFO] cshmd.analysis (validate_tetra)           : [StructureManager] BT: 4, PT: 8
03/25 16:42 [DEBUG] cshmd.analysis (__init__)                : <class 'cshmd.analysis.Chain'> loaded
03/25 16:42 [DEBUG] cshmd.analysis (__init__)                : <class 'cshmd.analysis.Chain'> loaded
03/25 16:42 [INFO] cshmd.analysis (validate_tetra)           : [StructureManager] CL : 3: 1
03/25 16:42 [INFO] cshmd.analysis (validate_tetra)           : [StructureManager] MCL : 3.0
03/25 16:42 [INFO] csh_builder (main)                        : ----------------------------------------------------------------------
03/25 16:42 [INFO] csh_builder (main)                        : 'test.yaml' loaded
03/25 16:42 [INFO] cshmd.structure (__init__)                : /Users/kimuni/bin/kimuni/cshmd/data/resources/cif/T14-base-normal.cif was loaded
03/25 16:42 [DEBUG] cshmd.analysis (__init__)                : [StructureManager] Now new data setted for get Bonds
03/25 16:42 [DEBUG] cshmd.analysis (__del_bond__)            : del -> Si_O O_H H_O Ca_O C_O BO NBO
03/25 16:42 [DEBUG] cshmd.analysis (__initialize_mole__)     : initalize -> H2O SiO4 OH CO3 H3O
03/25 16:42 [DEBUG] cshmd.analysis (__initialize_mole__)     : initalize -> SiOH CaOH HCO3 H2CO3 H3CO3
03/25 16:42 [INFO] cshmd.analysis (__init__)                 : Not any C-S-H Si range info
03/25 16:42 [DEBUG] cshmd.analysis (find_bond)               : find_bond O - H rcut -> 1.2
03/25 16:42 [DEBUG] cshmd.common (time_wrapper)              : [RUNTIME] get_distance_table in 0.000 seconds
03/25 16:42 [DEBUG] cshmd.analysis (get_mole)                : get_mole O - H -> nbonds: 2
03/25 16:42 [DEBUG] cshmd.analysis (find_bond)               : find_bond Si - O rcut -> 2.2
03/25 16:42 [DEBUG] cshmd.common (time_wrapper)              : [RUNTIME] get_distance_table in 0.000 seconds
03/25 16:42 [DEBUG] cshmd.analysis (get_mole)                : get_mole Si - O -> nbonds: 4
03/25 16:42 [DEBUG] cshmd.analysis (get_mole)                : get_mole O - H -> nbonds: 1
03/25 16:42 [DEBUG] cshmd.analysis (find_bond)               : find_bond C - O rcut -> 1.6
03/25 16:42 [DEBUG] cshmd.analysis (get_mole)                : get_mole C - O -> nbonds: 3
03/25 16:42 [DEBUG] cshmd.analysis (get_mole)                : get_mole O - H -> nbonds: 3
03/25 16:42 [DEBUG] cshmd.analysis (find_bond)               : find_bond Ca - O rcut -> 3.0
03/25 16:42 [DEBUG] cshmd.common (time_wrapper)              : [RUNTIME] get_distance_table in 0.000 seconds
03/25 16:42 [DEBUG] cshmd.analysis (full_search)             : Search layer details
03/25 16:42 [DEBUG] cshmd.analysis (find_bond)               : find_bond Ca - O rcut -> 3.0
03/25 16:42 [DEBUG] cshmd.analysis (find_bond)               : find_bond Si - O rcut -> 2.2
03/25 16:42 [DEBUG] cshmd.analysis (__detail_search_oh_co3)  : No CO3 in basic search
03/25 16:42 [DEBUG] cshmd.analysis (__detail_search_oh_sioh) : Searching 'OH' in 'SiO4
03/25 16:42 [DEBUG] cshmd.analysis (__detail_search_oh_caoh) : No CaOH in basic search. RETURN
03/25 16:42 [INFO] cshmd.analysis (Qn)                       : [StructureManager] Q2: 1.000
03/25 16:42 [INFO] cshmd.analysis (CS)                       : [StructureManager] C/S: 0.750
03/25 16:42 [INFO] cshmd.analysis (validate_tetra)           : [StructureManager] BT: 4, PT: 8
03/25 16:42 [DEBUG] cshmd.analysis (__init__)                : <class 'cshmd.analysis.Chain'> loaded
03/25 16:42 [DEBUG] cshmd.analysis (__init__)                : <class 'cshmd.analysis.Chain'> loaded
03/25 16:42 [INFO] cshmd.analysis (validate_tetra)           : [StructureManager] CL : 3: 1
03/25 16:42 [INFO] cshmd.analysis (validate_tetra)           : [StructureManager] MCL : 3.0
03/25 16:42 [INFO] cshmd.structure (__init__)                : /Users/kimuni/bin/kimuni/cshmd/data/resources/cif/T14-base-normal.cif was loaded
03/25 16:42 [DEBUG] cshmd.analysis (__init__)                : [StructureManager] Now new data setted for get Bonds
03/25 16:42 [DEBUG] cshmd.analysis (__del_bond__)            : del -> Si_O O_H H_O Ca_O C_O BO NBO
03/25 16:42 [DEBUG] cshmd.analysis (__initialize_mole__)     : initalize -> H2O SiO4 OH CO3 H3O
03/25 16:42 [DEBUG] cshmd.analysis (__initialize_mole__)     : initalize -> SiOH CaOH HCO3 H2CO3 H3CO3
03/25 16:42 [DEBUG] cshmd.analysis (find_bond)               : find_bond O - H rcut -> 1.2
03/25 16:42 [DEBUG] cshmd.common (time_wrapper)              : [RUNTIME] get_distance_table in 0.000 seconds
03/25 16:42 [DEBUG] cshmd.analysis (get_mole)                : get_mole O - H -> nbonds: 2
03/25 16:42 [DEBUG] cshmd.analysis (find_bond)               : find_bond Si - O rcut -> 2.2
03/25 16:42 [DEBUG] cshmd.common (time_wrapper)              : [RUNTIME] get_distance_table in 0.000 seconds
03/25 16:42 [DEBUG] cshmd.analysis (get_mole)                : get_mole Si - O -> nbonds: 4
03/25 16:42 [DEBUG] cshmd.analysis (get_mole)                : get_mole O - H -> nbonds: 1
03/25 16:42 [DEBUG] cshmd.analysis (find_bond)               : find_bond C - O rcut -> 1.6
03/25 16:42 [DEBUG] cshmd.analysis (get_mole)                : get_mole C - O -> nbonds: 3
03/25 16:42 [DEBUG] cshmd.analysis (get_mole)                : get_mole O - H -> nbonds: 3
03/25 16:42 [DEBUG] cshmd.analysis (find_bond)               : find_bond Ca - O rcut -> 3.0
03/25 16:42 [DEBUG] cshmd.common (time_wrapper)              : [RUNTIME] get_distance_table in 0.000 seconds
03/25 16:42 [DEBUG] cshmd.analysis (full_search)             : Search layer details
03/25 16:42 [DEBUG] cshmd.analysis (find_bond)               : find_bond Ca - O rcut -> 3.0
03/25 16:42 [DEBUG] cshmd.analysis (find_bond)               : find_bond Si - O rcut -> 2.2
03/25 16:42 [DEBUG] cshmd.analysis (__detail_search_oh_co3)  : No CO3 in basic search
03/25 16:42 [DEBUG] cshmd.analysis (__detail_search_oh_sioh) : Searching 'OH' in 'SiO4
03/25 16:42 [DEBUG] cshmd.analysis (__detail_search_oh_caoh) : No CaOH in basic search. RETURN
03/25 16:42 [INFO] cshmd.analysis (Qn)                       : [StructureManager] Q2: 1.000
03/25 16:42 [INFO] cshmd.analysis (CS)                       : [StructureManager] C/S: 0.750
03/25 16:42 [INFO] cshmd.analysis (validate_tetra)           : [StructureManager] BT: 4, PT: 8
03/25 16:42 [DEBUG] cshmd.analysis (__init__)                : <class 'cshmd.analysis.Chain'> loaded
03/25 16:42 [DEBUG] cshmd.analysis (__init__)                : <class 'cshmd.analysis.Chain'> loaded
03/25 16:42 [INFO] cshmd.analysis (validate_tetra)           : [StructureManager] CL : 3: 1
03/25 16:42 [INFO] cshmd.analysis (validate_tetra)           : [StructureManager] MCL : 3.0
03/25 16:42 [INFO] csh_builder (main)                        : [StructureManager] Reading command 'dprot_BT'...
03/25 16:42 [DEBUG] cshmd.analysis (__init__)                : [StructureManager] Now new data setted for get Bonds
03/25 16:42 [DEBUG] cshmd.analysis (__del_bond__)            : del -> Si_O O_H H_O Ca_O C_O BO NBO
03/25 16:42 [DEBUG] cshmd.analysis (__initialize_mole__)     : initalize -> H2O SiO4 OH CO3 H3O
03/25 16:42 [DEBUG] cshmd.analysis (__initialize_mole__)     : initalize -> SiOH CaOH HCO3 H2CO3 H3CO3
03/25 16:42 [DEBUG] cshmd.analysis (find_bond)               : find_bond O - H rcut -> 1.2
03/25 16:42 [DEBUG] cshmd.common (time_wrapper)              : [RUNTIME] get_distance_table in 0.000 seconds
03/25 16:42 [DEBUG] cshmd.analysis (get_mole)                : get_mole O - H -> nbonds: 2
03/25 16:42 [DEBUG] cshmd.analysis (find_bond)               : find_bond Si - O rcut -> 2.2
03/25 16:42 [DEBUG] cshmd.common (time_wrapper)              : [RUNTIME] get_distance_table in 0.000 seconds
03/25 16:42 [DEBUG] cshmd.analysis (get_mole)                : get_mole Si - O -> nbonds: 4
03/25 16:42 [DEBUG] cshmd.analysis (get_mole)                : get_mole O - H -> nbonds: 1
03/25 16:42 [DEBUG] cshmd.analysis (find_bond)               : find_bond C - O rcut -> 1.6
03/25 16:42 [DEBUG] cshmd.analysis (get_mole)                : get_mole C - O -> nbonds: 3
03/25 16:42 [DEBUG] cshmd.analysis (get_mole)                : get_mole O - H -> nbonds: 3
03/25 16:42 [DEBUG] cshmd.analysis (find_bond)               : find_bond Ca - O rcut -> 3.0
03/25 16:42 [DEBUG] cshmd.common (time_wrapper)              : [RUNTIME] get_distance_table in 0.000 seconds
03/25 16:42 [DEBUG] cshmd.analysis (full_search)             : Search layer details
03/25 16:42 [DEBUG] cshmd.analysis (find_bond)               : find_bond Ca - O rcut -> 3.0
03/25 16:42 [DEBUG] cshmd.analysis (find_bond)               : find_bond Si - O rcut -> 2.2
03/25 16:42 [DEBUG] cshmd.analysis (__detail_search_oh_co3)  : No CO3 in basic search
03/25 16:42 [DEBUG] cshmd.analysis (__detail_search_oh_sioh) : Searching 'OH' in 'SiO4
03/25 16:42 [DEBUG] cshmd.analysis (__detail_search_oh_caoh) : No CaOH in basic search. RETURN
03/25 16:42 [INFO] cshmd.analysis (Qn)                       : [StructureManager] Q2: 1.000
03/25 16:42 [INFO] cshmd.analysis (CS)                       : [StructureManager] C/S: 0.750
03/25 16:42 [INFO] cshmd.analysis (validate_tetra)           : [StructureManager] BT: 4, PT: 8
03/25 16:42 [DEBUG] cshmd.analysis (__init__)                : <class 'cshmd.analysis.Chain'> loaded
03/25 16:42 [DEBUG] cshmd.analysis (__init__)                : <class 'cshmd.analysis.Chain'> loaded
03/25 16:42 [INFO] cshmd.analysis (validate_tetra)           : [StructureManager] CL : 3: 1
03/25 16:42 [INFO] cshmd.analysis (validate_tetra)           : [StructureManager] MCL : 3.0
03/25 16:44 [INFO] csh_builder (main)                        : ----------------------------------------------------------------------
03/25 16:44 [INFO] csh_builder (main)                        : 'test.yaml' loaded
03/25 16:44 [INFO] cshmd.structure (__init__)                : /Users/kimuni/bin/kimuni/cshmd/data/resources/cif/T14-base-normal.cif was loaded
03/25 16:44 [DEBUG] cshmd.analysis (__init__)                : [StructureManager] Now new data setted for get Bonds
03/25 16:44 [DEBUG] cshmd.analysis (__del_bond__)            : del -> Si_O O_H H_O Ca_O C_O BO NBO
03/25 16:44 [DEBUG] cshmd.analysis (__initialize_mole__)     : initalize -> H2O SiO4 OH CO3 H3O
03/25 16:44 [DEBUG] cshmd.analysis (__initialize_mole__)     : initalize -> SiOH CaOH HCO3 H2CO3 H3CO3
03/25 16:44 [INFO] cshmd.analysis (__init__)                 : Not any C-S-H Si range info
03/25 16:44 [DEBUG] cshmd.analysis (find_bond)               : find_bond O - H rcut -> 1.2
03/25 16:44 [DEBUG] cshmd.common (time_wrapper)              : [RUNTIME] get_distance_table in 0.000 seconds
03/25 16:44 [DEBUG] cshmd.analysis (get_mole)                : get_mole O - H -> nbonds: 2
03/25 16:44 [DEBUG] cshmd.analysis (find_bond)               : find_bond Si - O rcut -> 2.2
03/25 16:44 [DEBUG] cshmd.common (time_wrapper)              : [RUNTIME] get_distance_table in 0.000 seconds
03/25 16:44 [DEBUG] cshmd.analysis (get_mole)                : get_mole Si - O -> nbonds: 4
03/25 16:44 [DEBUG] cshmd.analysis (get_mole)                : get_mole O - H -> nbonds: 1
03/25 16:44 [DEBUG] cshmd.analysis (find_bond)               : find_bond C - O rcut -> 1.6
03/25 16:44 [DEBUG] cshmd.analysis (get_mole)                : get_mole C - O -> nbonds: 3
03/25 16:44 [DEBUG] cshmd.analysis (get_mole)                : get_mole O - H -> nbonds: 3
03/25 16:44 [DEBUG] cshmd.analysis (find_bond)               : find_bond Ca - O rcut -> 3.0
03/25 16:44 [DEBUG] cshmd.common (time_wrapper)              : [RUNTIME] get_distance_table in 0.000 seconds
03/25 16:44 [DEBUG] cshmd.analysis (full_search)             : Search layer details
03/25 16:44 [DEBUG] cshmd.analysis (find_bond)               : find_bond Ca - O rcut -> 3.0
03/25 16:44 [DEBUG] cshmd.analysis (find_bond)               : find_bond Si - O rcut -> 2.2
03/25 16:44 [DEBUG] cshmd.analysis (__detail_search_oh_co3)  : No CO3 in basic search
03/25 16:44 [DEBUG] cshmd.analysis (__detail_search_oh_sioh) : Searching 'OH' in 'SiO4
03/25 16:44 [DEBUG] cshmd.analysis (__detail_search_oh_caoh) : No CaOH in basic search. RETURN
03/25 16:44 [INFO] cshmd.analysis (Qn)                       : [StructureManager] Q2: 1.000
03/25 16:44 [INFO] cshmd.analysis (CS)                       : [StructureManager] C/S: 0.750
03/25 16:44 [INFO] cshmd.analysis (validate_tetra)           : [StructureManager] BT: 4, PT: 8
03/25 16:44 [DEBUG] cshmd.analysis (__init__)                : <class 'cshmd.analysis.Chain'> loaded
03/25 16:44 [DEBUG] cshmd.analysis (__init__)                : <class 'cshmd.analysis.Chain'> loaded
03/25 16:44 [INFO] cshmd.analysis (validate_tetra)           : [StructureManager] CL : 3: 1
03/25 16:44 [INFO] cshmd.analysis (validate_tetra)           : [StructureManager] MCL : 3.0
03/25 16:44 [INFO] cshmd.structure (__init__)                : /Users/kimuni/bin/kimuni/cshmd/data/resources/cif/T14-base-normal.cif was loaded
03/25 16:44 [DEBUG] cshmd.analysis (__init__)                : [StructureManager] Now new data setted for get Bonds
03/25 16:44 [DEBUG] cshmd.analysis (__del_bond__)            : del -> Si_O O_H H_O Ca_O C_O BO NBO
03/25 16:44 [DEBUG] cshmd.analysis (__initialize_mole__)     : initalize -> H2O SiO4 OH CO3 H3O
03/25 16:44 [DEBUG] cshmd.analysis (__initialize_mole__)     : initalize -> SiOH CaOH HCO3 H2CO3 H3CO3
03/25 16:44 [DEBUG] cshmd.analysis (find_bond)               : find_bond O - H rcut -> 1.2
03/25 16:44 [DEBUG] cshmd.common (time_wrapper)              : [RUNTIME] get_distance_table in 0.000 seconds
03/25 16:44 [DEBUG] cshmd.analysis (get_mole)                : get_mole O - H -> nbonds: 2
03/25 16:44 [DEBUG] cshmd.analysis (find_bond)               : find_bond Si - O rcut -> 2.2
03/25 16:44 [DEBUG] cshmd.common (time_wrapper)              : [RUNTIME] get_distance_table in 0.000 seconds
03/25 16:44 [DEBUG] cshmd.analysis (get_mole)                : get_mole Si - O -> nbonds: 4
03/25 16:44 [DEBUG] cshmd.analysis (get_mole)                : get_mole O - H -> nbonds: 1
03/25 16:44 [DEBUG] cshmd.analysis (find_bond)               : find_bond C - O rcut -> 1.6
03/25 16:44 [DEBUG] cshmd.analysis (get_mole)                : get_mole C - O -> nbonds: 3
03/25 16:44 [DEBUG] cshmd.analysis (get_mole)                : get_mole O - H -> nbonds: 3
03/25 16:44 [DEBUG] cshmd.analysis (find_bond)               : find_bond Ca - O rcut -> 3.0
03/25 16:44 [DEBUG] cshmd.common (time_wrapper)              : [RUNTIME] get_distance_table in 0.000 seconds
03/25 16:44 [DEBUG] cshmd.analysis (full_search)             : Search layer details
03/25 16:44 [DEBUG] cshmd.analysis (find_bond)               : find_bond Ca - O rcut -> 3.0
03/25 16:44 [DEBUG] cshmd.analysis (find_bond)               : find_bond Si - O rcut -> 2.2
03/25 16:44 [DEBUG] cshmd.analysis (__detail_search_oh_co3)  : No CO3 in basic search
03/25 16:44 [DEBUG] cshmd.analysis (__detail_search_oh_sioh) : Searching 'OH' in 'SiO4
03/25 16:44 [DEBUG] cshmd.analysis (__detail_search_oh_caoh) : No CaOH in basic search. RETURN
03/25 16:44 [INFO] cshmd.analysis (Qn)                       : [StructureManager] Q2: 1.000
03/25 16:44 [INFO] cshmd.analysis (CS)                       : [StructureManager] C/S: 0.750
03/25 16:44 [INFO] cshmd.analysis (validate_tetra)           : [StructureManager] BT: 4, PT: 8
03/25 16:44 [DEBUG] cshmd.analysis (__init__)                : <class 'cshmd.analysis.Chain'> loaded
03/25 16:44 [DEBUG] cshmd.analysis (__init__)                : <class 'cshmd.analysis.Chain'> loaded
03/25 16:44 [INFO] cshmd.analysis (validate_tetra)           : [StructureManager] CL : 3: 1
03/25 16:44 [INFO] cshmd.analysis (validate_tetra)           : [StructureManager] MCL : 3.0
03/25 16:44 [INFO] csh_builder (main)                        : [StructureManager] Reading command 'dprot_BT'...
03/25 16:44 [DEBUG] cshmd.analysis (__init__)                : [StructureManager] Now new data setted for get Bonds
03/25 16:44 [DEBUG] cshmd.analysis (__del_bond__)            : del -> Si_O O_H H_O Ca_O C_O BO NBO
03/25 16:44 [DEBUG] cshmd.analysis (__initialize_mole__)     : initalize -> H2O SiO4 OH CO3 H3O
03/25 16:44 [DEBUG] cshmd.analysis (__initialize_mole__)     : initalize -> SiOH CaOH HCO3 H2CO3 H3CO3
03/25 16:44 [DEBUG] cshmd.analysis (find_bond)               : find_bond O - H rcut -> 1.2
03/25 16:44 [DEBUG] cshmd.common (time_wrapper)              : [RUNTIME] get_distance_table in 0.000 seconds
03/25 16:44 [DEBUG] cshmd.analysis (get_mole)                : get_mole O - H -> nbonds: 2
03/25 16:44 [DEBUG] cshmd.analysis (find_bond)               : find_bond Si - O rcut -> 2.2
03/25 16:44 [DEBUG] cshmd.common (time_wrapper)              : [RUNTIME] get_distance_table in 0.000 seconds
03/25 16:44 [DEBUG] cshmd.analysis (get_mole)                : get_mole Si - O -> nbonds: 4
03/25 16:44 [DEBUG] cshmd.analysis (get_mole)                : get_mole O - H -> nbonds: 1
03/25 16:44 [DEBUG] cshmd.analysis (find_bond)               : find_bond C - O rcut -> 1.6
03/25 16:44 [DEBUG] cshmd.analysis (get_mole)                : get_mole C - O -> nbonds: 3
03/25 16:44 [DEBUG] cshmd.analysis (get_mole)                : get_mole O - H -> nbonds: 3
03/25 16:44 [DEBUG] cshmd.analysis (find_bond)               : find_bond Ca - O rcut -> 3.0
03/25 16:44 [DEBUG] cshmd.common (time_wrapper)              : [RUNTIME] get_distance_table in 0.000 seconds
03/25 16:44 [DEBUG] cshmd.analysis (full_search)             : Search layer details
03/25 16:44 [DEBUG] cshmd.analysis (find_bond)               : find_bond Ca - O rcut -> 3.0
03/25 16:44 [DEBUG] cshmd.analysis (find_bond)               : find_bond Si - O rcut -> 2.2
03/25 16:44 [DEBUG] cshmd.analysis (__detail_search_oh_co3)  : No CO3 in basic search
03/25 16:44 [DEBUG] cshmd.analysis (__detail_search_oh_sioh) : Searching 'OH' in 'SiO4
03/25 16:44 [DEBUG] cshmd.analysis (__detail_search_oh_caoh) : No CaOH in basic search. RETURN
03/25 16:44 [INFO] cshmd.analysis (Qn)                       : [StructureManager] Q2: 1.000
03/25 16:44 [INFO] cshmd.analysis (CS)                       : [StructureManager] C/S: 0.750
03/25 16:44 [INFO] cshmd.analysis (validate_tetra)           : [StructureManager] BT: 4, PT: 8
03/25 16:44 [DEBUG] cshmd.analysis (__init__)                : <class 'cshmd.analysis.Chain'> loaded
03/25 16:44 [DEBUG] cshmd.analysis (__init__)                : <class 'cshmd.analysis.Chain'> loaded
03/25 16:44 [INFO] cshmd.analysis (validate_tetra)           : [StructureManager] CL : 3: 1
03/25 16:44 [INFO] cshmd.analysis (validate_tetra)           : [StructureManager] MCL : 3.0
03/25 16:44 [INFO] csh_builder (main)                        : ----------------------------------------------------------------------
03/25 16:44 [INFO] csh_builder (main)                        : 'test.yaml' loaded
03/25 16:44 [INFO] cshmd.structure (__init__)                : /Users/kimuni/bin/kimuni/cshmd/data/resources/cif/T14-base-normal.cif was loaded
03/25 16:44 [DEBUG] cshmd.analysis (__init__)                : [StructureManager] Now new data setted for get Bonds
03/25 16:44 [DEBUG] cshmd.analysis (__del_bond__)            : del -> Si_O O_H H_O Ca_O C_O BO NBO
03/25 16:44 [DEBUG] cshmd.analysis (__initialize_mole__)     : initalize -> H2O SiO4 OH CO3 H3O
03/25 16:44 [DEBUG] cshmd.analysis (__initialize_mole__)     : initalize -> SiOH CaOH HCO3 H2CO3 H3CO3
03/25 16:44 [INFO] cshmd.analysis (__init__)                 : Not any C-S-H Si range info
03/25 16:44 [DEBUG] cshmd.analysis (find_bond)               : find_bond O - H rcut -> 1.2
03/25 16:44 [DEBUG] cshmd.common (time_wrapper)              : [RUNTIME] get_distance_table in 0.000 seconds
03/25 16:44 [DEBUG] cshmd.analysis (get_mole)                : get_mole O - H -> nbonds: 2
03/25 16:44 [DEBUG] cshmd.analysis (find_bond)               : find_bond Si - O rcut -> 2.2
03/25 16:44 [DEBUG] cshmd.common (time_wrapper)              : [RUNTIME] get_distance_table in 0.000 seconds
03/25 16:44 [DEBUG] cshmd.analysis (get_mole)                : get_mole Si - O -> nbonds: 4
03/25 16:44 [DEBUG] cshmd.analysis (get_mole)                : get_mole O - H -> nbonds: 1
03/25 16:44 [DEBUG] cshmd.analysis (find_bond)               : find_bond C - O rcut -> 1.6
03/25 16:44 [DEBUG] cshmd.analysis (get_mole)                : get_mole C - O -> nbonds: 3
03/25 16:44 [DEBUG] cshmd.analysis (get_mole)                : get_mole O - H -> nbonds: 3
03/25 16:44 [DEBUG] cshmd.analysis (find_bond)               : find_bond Ca - O rcut -> 3.0
03/25 16:44 [DEBUG] cshmd.common (time_wrapper)              : [RUNTIME] get_distance_table in 0.000 seconds
03/25 16:44 [DEBUG] cshmd.analysis (full_search)             : Search layer details
03/25 16:44 [DEBUG] cshmd.analysis (find_bond)               : find_bond Ca - O rcut -> 3.0
03/25 16:44 [DEBUG] cshmd.analysis (find_bond)               : find_bond Si - O rcut -> 2.2
03/25 16:44 [DEBUG] cshmd.analysis (__detail_search_oh_co3)  : No CO3 in basic search
03/25 16:44 [DEBUG] cshmd.analysis (__detail_search_oh_sioh) : Searching 'OH' in 'SiO4
03/25 16:44 [DEBUG] cshmd.analysis (__detail_search_oh_caoh) : No CaOH in basic search. RETURN
03/25 16:44 [INFO] cshmd.analysis (Qn)                       : [StructureManager] Q2: 1.000
03/25 16:44 [INFO] cshmd.analysis (CS)                       : [StructureManager] C/S: 0.750
03/25 16:44 [INFO] cshmd.analysis (validate_tetra)           : [StructureManager] BT: 4, PT: 8
03/25 16:44 [DEBUG] cshmd.analysis (__init__)                : <class 'cshmd.analysis.Chain'> loaded
03/25 16:44 [DEBUG] cshmd.analysis (__init__)                : <class 'cshmd.analysis.Chain'> loaded
03/25 16:44 [INFO] cshmd.analysis (validate_tetra)           : [StructureManager] CL : 3: 1
03/25 16:44 [INFO] cshmd.analysis (validate_tetra)           : [StructureManager] MCL : 3.0
03/25 16:44 [INFO] cshmd.structure (__init__)                : /Users/kimuni/bin/kimuni/cshmd/data/resources/cif/T14-base-normal.cif was loaded
03/25 16:44 [DEBUG] cshmd.analysis (__init__)                : [StructureManager] Now new data setted for get Bonds
03/25 16:44 [DEBUG] cshmd.analysis (__del_bond__)            : del -> Si_O O_H H_O Ca_O C_O BO NBO
03/25 16:44 [DEBUG] cshmd.analysis (__initialize_mole__)     : initalize -> H2O SiO4 OH CO3 H3O
03/25 16:44 [DEBUG] cshmd.analysis (__initialize_mole__)     : initalize -> SiOH CaOH HCO3 H2CO3 H3CO3
03/25 16:44 [DEBUG] cshmd.analysis (find_bond)               : find_bond O - H rcut -> 1.2
03/25 16:44 [DEBUG] cshmd.common (time_wrapper)              : [RUNTIME] get_distance_table in 0.000 seconds
03/25 16:44 [DEBUG] cshmd.analysis (get_mole)                : get_mole O - H -> nbonds: 2
03/25 16:44 [DEBUG] cshmd.analysis (find_bond)               : find_bond Si - O rcut -> 2.2
03/25 16:44 [DEBUG] cshmd.common (time_wrapper)              : [RUNTIME] get_distance_table in 0.000 seconds
03/25 16:44 [DEBUG] cshmd.analysis (get_mole)                : get_mole Si - O -> nbonds: 4
03/25 16:44 [DEBUG] cshmd.analysis (get_mole)                : get_mole O - H -> nbonds: 1
03/25 16:44 [DEBUG] cshmd.analysis (find_bond)               : find_bond C - O rcut -> 1.6
03/25 16:44 [DEBUG] cshmd.analysis (get_mole)                : get_mole C - O -> nbonds: 3
03/25 16:44 [DEBUG] cshmd.analysis (get_mole)                : get_mole O - H -> nbonds: 3
03/25 16:44 [DEBUG] cshmd.analysis (find_bond)               : find_bond Ca - O rcut -> 3.0
03/25 16:44 [DEBUG] cshmd.common (time_wrapper)              : [RUNTIME] get_distance_table in 0.000 seconds
03/25 16:44 [DEBUG] cshmd.analysis (full_search)             : Search layer details
03/25 16:44 [DEBUG] cshmd.analysis (find_bond)               : find_bond Ca - O rcut -> 3.0
03/25 16:44 [DEBUG] cshmd.analysis (find_bond)               : find_bond Si - O rcut -> 2.2
03/25 16:44 [DEBUG] cshmd.analysis (__detail_search_oh_co3)  : No CO3 in basic search
03/25 16:44 [DEBUG] cshmd.analysis (__detail_search_oh_sioh) : Searching 'OH' in 'SiO4
03/25 16:44 [DEBUG] cshmd.analysis (__detail_search_oh_caoh) : No CaOH in basic search. RETURN
03/25 16:44 [INFO] cshmd.analysis (Qn)                       : [StructureManager] Q2: 1.000
03/25 16:44 [INFO] cshmd.analysis (CS)                       : [StructureManager] C/S: 0.750
03/25 16:44 [INFO] cshmd.analysis (validate_tetra)           : [StructureManager] BT: 4, PT: 8
03/25 16:44 [DEBUG] cshmd.analysis (__init__)                : <class 'cshmd.analysis.Chain'> loaded
03/25 16:44 [DEBUG] cshmd.analysis (__init__)                : <class 'cshmd.analysis.Chain'> loaded
03/25 16:44 [INFO] cshmd.analysis (validate_tetra)           : [StructureManager] CL : 3: 1
03/25 16:44 [INFO] cshmd.analysis (validate_tetra)           : [StructureManager] MCL : 3.0
03/25 16:44 [INFO] csh_builder (main)                        : [StructureManager] Reading command 'dprot_BT'...
03/25 16:44 [INFO] cshmd.structure (check_rm_list)           : Delete 2 atoms in rm_list
03/25 16:44 [DEBUG] cshmd.analysis (__init__)                : [StructureManager] Now new data setted for get Bonds
03/25 16:44 [DEBUG] cshmd.analysis (__del_bond__)            : del -> Si_O O_H H_O Ca_O C_O BO NBO
03/25 16:44 [DEBUG] cshmd.analysis (__initialize_mole__)     : initalize -> H2O SiO4 OH CO3 H3O
03/25 16:44 [DEBUG] cshmd.analysis (__initialize_mole__)     : initalize -> SiOH CaOH HCO3 H2CO3 H3CO3
03/25 16:44 [DEBUG] cshmd.analysis (find_bond)               : find_bond O - H rcut -> 1.2
03/25 16:44 [DEBUG] cshmd.common (time_wrapper)              : [RUNTIME] get_distance_table in 0.000 seconds
03/25 16:44 [DEBUG] cshmd.analysis (get_mole)                : get_mole O - H -> nbonds: 2
03/25 16:44 [DEBUG] cshmd.analysis (find_bond)               : find_bond Si - O rcut -> 2.2
03/25 16:44 [DEBUG] cshmd.common (time_wrapper)              : [RUNTIME] get_distance_table in 0.000 seconds
03/25 16:44 [DEBUG] cshmd.analysis (get_mole)                : get_mole Si - O -> nbonds: 4
03/25 16:44 [DEBUG] cshmd.analysis (get_mole)                : get_mole O - H -> nbonds: 1
03/25 16:44 [DEBUG] cshmd.analysis (find_bond)               : find_bond C - O rcut -> 1.6
03/25 16:44 [DEBUG] cshmd.analysis (get_mole)                : get_mole C - O -> nbonds: 3
03/25 16:44 [DEBUG] cshmd.analysis (get_mole)                : get_mole O - H -> nbonds: 3
03/25 16:44 [DEBUG] cshmd.analysis (find_bond)               : find_bond Ca - O rcut -> 3.0
03/25 16:44 [DEBUG] cshmd.common (time_wrapper)              : [RUNTIME] get_distance_table in 0.000 seconds
03/25 16:44 [DEBUG] cshmd.analysis (full_search)             : Search layer details
03/25 16:44 [DEBUG] cshmd.analysis (find_bond)               : find_bond Ca - O rcut -> 3.0
03/25 16:44 [DEBUG] cshmd.analysis (find_bond)               : find_bond Si - O rcut -> 2.2
03/25 16:44 [DEBUG] cshmd.analysis (__detail_search_oh_co3)  : No CO3 in basic search
03/25 16:44 [DEBUG] cshmd.analysis (__detail_search_oh_sioh) : Searching 'OH' in 'SiO4
03/25 16:44 [DEBUG] cshmd.analysis (__detail_search_oh_caoh) : No CaOH in basic search. RETURN
03/25 16:44 [INFO] cshmd.analysis (Qn)                       : [StructureManager] Q2: 1.000
03/25 16:44 [INFO] cshmd.analysis (CS)                       : [StructureManager] C/S: 0.750
03/25 16:44 [INFO] cshmd.analysis (validate_tetra)           : [StructureManager] BT: 4, PT: 8
03/25 16:44 [DEBUG] cshmd.analysis (__init__)                : <class 'cshmd.analysis.Chain'> loaded
03/25 16:44 [DEBUG] cshmd.analysis (__init__)                : <class 'cshmd.analysis.Chain'> loaded
03/25 16:44 [INFO] cshmd.analysis (validate_tetra)           : [StructureManager] CL : 3: 1
03/25 16:44 [INFO] cshmd.analysis (validate_tetra)           : [StructureManager] MCL : 3.0
03/25 16:44 [INFO] cshmd.builder (update_manager)            : [StructureManager] Number of atoms: 104 -> 102
03/25 16:44 [INFO] cshmd.structure (writeCif)                : test.cif was created
03/25 16:44 [INFO] cshmd.builder (out_model)                 : Total Charge: -2
03/25 16:44 [INFO] csh_builder (main)                        : ----------------------------------------------------------------------
03/25 16:50 [INFO] csh_builder (main)                        : ----------------------------------------------------------------------
03/25 16:50 [INFO] csh_builder (main)                        : 'test.yaml' loaded
03/25 16:50 [INFO] cshmd.structure (__init__)                : /Users/kimuni/bin/kimuni/cshmd/data/resources/cif/T14-base-normal.cif was loaded
03/25 16:50 [DEBUG] cshmd.analysis (__init__)                : [StructureManager] Now new data setted for get Bonds
03/25 16:50 [DEBUG] cshmd.analysis (__del_bond__)            : del -> Si_O O_H H_O Ca_O C_O BO NBO
03/25 16:50 [DEBUG] cshmd.analysis (__initialize_mole__)     : initalize -> H2O SiO4 OH CO3 H3O
03/25 16:50 [DEBUG] cshmd.analysis (__initialize_mole__)     : initalize -> SiOH CaOH HCO3 H2CO3 H3CO3
03/25 16:50 [INFO] cshmd.analysis (__init__)                 : Not any C-S-H Si range info
03/25 16:50 [DEBUG] cshmd.analysis (find_bond)               : find_bond O - H rcut -> 1.2
03/25 16:50 [DEBUG] cshmd.common (time_wrapper)              : [RUNTIME] get_distance_table in 0.000 seconds
03/25 16:50 [DEBUG] cshmd.analysis (get_mole)                : get_mole O - H -> nbonds: 2
03/25 16:50 [DEBUG] cshmd.analysis (find_bond)               : find_bond Si - O rcut -> 2.2
03/25 16:50 [DEBUG] cshmd.common (time_wrapper)              : [RUNTIME] get_distance_table in 0.000 seconds
03/25 16:50 [DEBUG] cshmd.analysis (get_mole)                : get_mole Si - O -> nbonds: 4
03/25 16:50 [DEBUG] cshmd.analysis (get_mole)                : get_mole O - H -> nbonds: 1
03/25 16:50 [DEBUG] cshmd.analysis (find_bond)               : find_bond C - O rcut -> 1.6
03/25 16:50 [DEBUG] cshmd.analysis (get_mole)                : get_mole C - O -> nbonds: 3
03/25 16:50 [DEBUG] cshmd.analysis (get_mole)                : get_mole O - H -> nbonds: 3
03/25 16:50 [DEBUG] cshmd.analysis (find_bond)               : find_bond Ca - O rcut -> 3.0
03/25 16:50 [DEBUG] cshmd.common (time_wrapper)              : [RUNTIME] get_distance_table in 0.000 seconds
03/25 16:50 [DEBUG] cshmd.analysis (full_search)             : Search layer details
03/25 16:50 [DEBUG] cshmd.analysis (find_bond)               : find_bond Ca - O rcut -> 3.0
03/25 16:50 [DEBUG] cshmd.analysis (find_bond)               : find_bond Si - O rcut -> 2.2
03/25 16:50 [DEBUG] cshmd.analysis (__detail_search_oh_co3)  : No CO3 in basic search
03/25 16:50 [DEBUG] cshmd.analysis (__detail_search_oh_sioh) : Searching 'OH' in 'SiO4
03/25 16:50 [DEBUG] cshmd.analysis (__detail_search_oh_caoh) : No CaOH in basic search. RETURN
03/25 16:50 [INFO] cshmd.analysis (Qn)                       : [StructureManager] Q2: 1.000
03/25 16:50 [INFO] cshmd.analysis (CS)                       : [StructureManager] C/S: 0.750
03/25 16:50 [INFO] cshmd.analysis (validate_tetra)           : [StructureManager] BT: 4, PT: 8
03/25 16:50 [DEBUG] cshmd.analysis (__init__)                : <class 'cshmd.analysis.Chain'> loaded
03/25 16:50 [DEBUG] cshmd.analysis (__init__)                : <class 'cshmd.analysis.Chain'> loaded
03/25 16:50 [INFO] cshmd.analysis (validate_tetra)           : [StructureManager] CL : 3: 1
03/25 16:50 [INFO] cshmd.analysis (validate_tetra)           : [StructureManager] MCL : 3.0
03/25 16:50 [INFO] cshmd.structure (__init__)                : /Users/kimuni/bin/kimuni/cshmd/data/resources/cif/T14-base-normal.cif was loaded
03/25 16:50 [DEBUG] cshmd.analysis (__init__)                : [StructureManager] Now new data setted for get Bonds
03/25 16:50 [DEBUG] cshmd.analysis (__del_bond__)            : del -> Si_O O_H H_O Ca_O C_O BO NBO
03/25 16:50 [DEBUG] cshmd.analysis (__initialize_mole__)     : initalize -> H2O SiO4 OH CO3 H3O
03/25 16:50 [DEBUG] cshmd.analysis (__initialize_mole__)     : initalize -> SiOH CaOH HCO3 H2CO3 H3CO3
03/25 16:50 [DEBUG] cshmd.analysis (find_bond)               : find_bond O - H rcut -> 1.2
03/25 16:50 [DEBUG] cshmd.common (time_wrapper)              : [RUNTIME] get_distance_table in 0.000 seconds
03/25 16:50 [DEBUG] cshmd.analysis (get_mole)                : get_mole O - H -> nbonds: 2
03/25 16:50 [DEBUG] cshmd.analysis (find_bond)               : find_bond Si - O rcut -> 2.2
03/25 16:50 [DEBUG] cshmd.common (time_wrapper)              : [RUNTIME] get_distance_table in 0.000 seconds
03/25 16:50 [DEBUG] cshmd.analysis (get_mole)                : get_mole Si - O -> nbonds: 4
03/25 16:50 [DEBUG] cshmd.analysis (get_mole)                : get_mole O - H -> nbonds: 1
03/25 16:50 [DEBUG] cshmd.analysis (find_bond)               : find_bond C - O rcut -> 1.6
03/25 16:50 [DEBUG] cshmd.analysis (get_mole)                : get_mole C - O -> nbonds: 3
03/25 16:50 [DEBUG] cshmd.analysis (get_mole)                : get_mole O - H -> nbonds: 3
03/25 16:50 [DEBUG] cshmd.analysis (find_bond)               : find_bond Ca - O rcut -> 3.0
03/25 16:50 [DEBUG] cshmd.common (time_wrapper)              : [RUNTIME] get_distance_table in 0.000 seconds
03/25 16:50 [DEBUG] cshmd.analysis (full_search)             : Search layer details
03/25 16:50 [DEBUG] cshmd.analysis (find_bond)               : find_bond Ca - O rcut -> 3.0
03/25 16:50 [DEBUG] cshmd.analysis (find_bond)               : find_bond Si - O rcut -> 2.2
03/25 16:50 [DEBUG] cshmd.analysis (__detail_search_oh_co3)  : No CO3 in basic search
03/25 16:50 [DEBUG] cshmd.analysis (__detail_search_oh_sioh) : Searching 'OH' in 'SiO4
03/25 16:50 [DEBUG] cshmd.analysis (__detail_search_oh_caoh) : No CaOH in basic search. RETURN
03/25 16:50 [INFO] cshmd.analysis (Qn)                       : [StructureManager] Q2: 1.000
03/25 16:50 [INFO] cshmd.analysis (CS)                       : [StructureManager] C/S: 0.750
03/25 16:50 [INFO] cshmd.analysis (validate_tetra)           : [StructureManager] BT: 4, PT: 8
03/25 16:50 [DEBUG] cshmd.analysis (__init__)                : <class 'cshmd.analysis.Chain'> loaded
03/25 16:50 [DEBUG] cshmd.analysis (__init__)                : <class 'cshmd.analysis.Chain'> loaded
03/25 16:50 [INFO] cshmd.analysis (validate_tetra)           : [StructureManager] CL : 3: 1
03/25 16:50 [INFO] cshmd.analysis (validate_tetra)           : [StructureManager] MCL : 3.0
03/25 16:50 [INFO] csh_builder (main)                        : [StructureManager] Reading command 'dprot_BT'...
03/25 16:50 [INFO] cshmd.structure (check_rm_list)           : Delete 4 atoms in rm_list
03/25 16:50 [DEBUG] cshmd.analysis (__init__)                : [StructureManager] Now new data setted for get Bonds
03/25 16:50 [DEBUG] cshmd.analysis (__del_bond__)            : del -> Si_O O_H H_O Ca_O C_O BO NBO
03/25 16:50 [DEBUG] cshmd.analysis (__initialize_mole__)     : initalize -> H2O SiO4 OH CO3 H3O
03/25 16:50 [DEBUG] cshmd.analysis (__initialize_mole__)     : initalize -> SiOH CaOH HCO3 H2CO3 H3CO3
03/25 16:50 [DEBUG] cshmd.analysis (find_bond)               : find_bond O - H rcut -> 1.2
03/25 16:50 [DEBUG] cshmd.common (time_wrapper)              : [RUNTIME] get_distance_table in 0.000 seconds
03/25 16:50 [DEBUG] cshmd.analysis (get_mole)                : get_mole O - H -> nbonds: 2
03/25 16:50 [DEBUG] cshmd.analysis (find_bond)               : find_bond Si - O rcut -> 2.2
03/25 16:50 [DEBUG] cshmd.common (time_wrapper)              : [RUNTIME] get_distance_table in 0.000 seconds
03/25 16:50 [DEBUG] cshmd.analysis (get_mole)                : get_mole Si - O -> nbonds: 4
03/25 16:50 [DEBUG] cshmd.analysis (get_mole)                : get_mole O - H -> nbonds: 1
03/25 16:50 [DEBUG] cshmd.analysis (find_bond)               : find_bond C - O rcut -> 1.6
03/25 16:50 [DEBUG] cshmd.analysis (get_mole)                : get_mole C - O -> nbonds: 3
03/25 16:50 [DEBUG] cshmd.analysis (get_mole)                : get_mole O - H -> nbonds: 3
03/25 16:50 [DEBUG] cshmd.analysis (find_bond)               : find_bond Ca - O rcut -> 3.0
03/25 16:50 [DEBUG] cshmd.common (time_wrapper)              : [RUNTIME] get_distance_table in 0.000 seconds
03/25 16:50 [DEBUG] cshmd.analysis (full_search)             : Search layer details
03/25 16:50 [DEBUG] cshmd.analysis (find_bond)               : find_bond Ca - O rcut -> 3.0
03/25 16:50 [DEBUG] cshmd.analysis (find_bond)               : find_bond Si - O rcut -> 2.2
03/25 16:50 [WARNING] cshmd.analysis (_detail_search_oh)     : No OH in basic search
03/25 16:50 [INFO] cshmd.analysis (Qn)                       : [StructureManager] Q2: 1.000
03/25 16:50 [INFO] cshmd.analysis (CS)                       : [StructureManager] C/S: 0.750
03/25 16:50 [INFO] cshmd.analysis (validate_tetra)           : [StructureManager] BT: 4, PT: 8
03/25 16:50 [DEBUG] cshmd.analysis (__init__)                : <class 'cshmd.analysis.Chain'> loaded
03/25 16:50 [DEBUG] cshmd.analysis (__init__)                : <class 'cshmd.analysis.Chain'> loaded
03/25 16:50 [INFO] cshmd.analysis (validate_tetra)           : [StructureManager] CL : 3: 1
03/25 16:50 [INFO] cshmd.analysis (validate_tetra)           : [StructureManager] MCL : 3.0
03/25 16:50 [INFO] cshmd.builder (update_manager)            : [StructureManager] Number of atoms: 104 -> 100
03/25 16:50 [INFO] cshmd.structure (writeCif)                : test.cif was created
03/25 16:50 [INFO] cshmd.builder (out_model)                 : Total Charge: -4
03/25 16:50 [INFO] csh_builder (main)                        : ----------------------------------------------------------------------
03/25 16:51 [INFO] csh_builder (main)                        : ----------------------------------------------------------------------
03/25 16:51 [INFO] csh_builder (main)                        : 'test.yaml' loaded
03/25 16:51 [INFO] cshmd.structure (__init__)                : /Users/kimuni/bin/kimuni/cshmd/data/resources/cif/T14-base-normal.cif was loaded
03/25 16:51 [DEBUG] cshmd.analysis (__init__)                : [StructureManager] Now new data setted for get Bonds
03/25 16:51 [DEBUG] cshmd.analysis (__del_bond__)            : del -> Si_O O_H H_O Ca_O C_O BO NBO
03/25 16:51 [DEBUG] cshmd.analysis (__initialize_mole__)     : initalize -> H2O SiO4 OH CO3 H3O
03/25 16:51 [DEBUG] cshmd.analysis (__initialize_mole__)     : initalize -> SiOH CaOH HCO3 H2CO3 H3CO3
03/25 16:51 [INFO] cshmd.analysis (__init__)                 : Not any C-S-H Si range info
03/25 16:51 [DEBUG] cshmd.analysis (find_bond)               : find_bond O - H rcut -> 1.2
03/25 16:51 [DEBUG] cshmd.common (time_wrapper)              : [RUNTIME] get_distance_table in 0.000 seconds
03/25 16:51 [DEBUG] cshmd.analysis (get_mole)                : get_mole O - H -> nbonds: 2
03/25 16:51 [DEBUG] cshmd.analysis (find_bond)               : find_bond Si - O rcut -> 2.2
03/25 16:51 [DEBUG] cshmd.common (time_wrapper)              : [RUNTIME] get_distance_table in 0.000 seconds
03/25 16:51 [DEBUG] cshmd.analysis (get_mole)                : get_mole Si - O -> nbonds: 4
03/25 16:51 [DEBUG] cshmd.analysis (get_mole)                : get_mole O - H -> nbonds: 1
03/25 16:51 [DEBUG] cshmd.analysis (find_bond)               : find_bond C - O rcut -> 1.6
03/25 16:51 [DEBUG] cshmd.analysis (get_mole)                : get_mole C - O -> nbonds: 3
03/25 16:51 [DEBUG] cshmd.analysis (get_mole)                : get_mole O - H -> nbonds: 3
03/25 16:51 [DEBUG] cshmd.analysis (find_bond)               : find_bond Ca - O rcut -> 3.0
03/25 16:51 [DEBUG] cshmd.common (time_wrapper)              : [RUNTIME] get_distance_table in 0.000 seconds
03/25 16:51 [DEBUG] cshmd.analysis (full_search)             : Search layer details
03/25 16:51 [DEBUG] cshmd.analysis (find_bond)               : find_bond Ca - O rcut -> 3.0
03/25 16:51 [DEBUG] cshmd.analysis (find_bond)               : find_bond Si - O rcut -> 2.2
03/25 16:51 [DEBUG] cshmd.analysis (__detail_search_oh_co3)  : No CO3 in basic search
03/25 16:51 [DEBUG] cshmd.analysis (__detail_search_oh_sioh) : Searching 'OH' in 'SiO4
03/25 16:51 [DEBUG] cshmd.analysis (__detail_search_oh_caoh) : No CaOH in basic search. RETURN
03/25 16:51 [INFO] cshmd.analysis (Qn)                       : [StructureManager] Q2: 1.000
03/25 16:51 [INFO] cshmd.analysis (CS)                       : [StructureManager] C/S: 0.750
03/25 16:51 [INFO] cshmd.analysis (validate_tetra)           : [StructureManager] BT: 4, PT: 8
03/25 16:51 [DEBUG] cshmd.analysis (__init__)                : <class 'cshmd.analysis.Chain'> loaded
03/25 16:51 [DEBUG] cshmd.analysis (__init__)                : <class 'cshmd.analysis.Chain'> loaded
03/25 16:51 [INFO] cshmd.analysis (validate_tetra)           : [StructureManager] CL : 3: 1
03/25 16:51 [INFO] cshmd.analysis (validate_tetra)           : [StructureManager] MCL : 3.0
03/25 16:51 [INFO] cshmd.structure (__init__)                : /Users/kimuni/bin/kimuni/cshmd/data/resources/cif/T14-base-normal.cif was loaded
03/25 16:51 [DEBUG] cshmd.analysis (__init__)                : [StructureManager] Now new data setted for get Bonds
03/25 16:51 [DEBUG] cshmd.analysis (__del_bond__)            : del -> Si_O O_H H_O Ca_O C_O BO NBO
03/25 16:51 [DEBUG] cshmd.analysis (__initialize_mole__)     : initalize -> H2O SiO4 OH CO3 H3O
03/25 16:51 [DEBUG] cshmd.analysis (__initialize_mole__)     : initalize -> SiOH CaOH HCO3 H2CO3 H3CO3
03/25 16:51 [DEBUG] cshmd.analysis (find_bond)               : find_bond O - H rcut -> 1.2
03/25 16:51 [DEBUG] cshmd.common (time_wrapper)              : [RUNTIME] get_distance_table in 0.000 seconds
03/25 16:51 [DEBUG] cshmd.analysis (get_mole)                : get_mole O - H -> nbonds: 2
03/25 16:51 [DEBUG] cshmd.analysis (find_bond)               : find_bond Si - O rcut -> 2.2
03/25 16:51 [DEBUG] cshmd.common (time_wrapper)              : [RUNTIME] get_distance_table in 0.000 seconds
03/25 16:51 [DEBUG] cshmd.analysis (get_mole)                : get_mole Si - O -> nbonds: 4
03/25 16:51 [DEBUG] cshmd.analysis (get_mole)                : get_mole O - H -> nbonds: 1
03/25 16:51 [DEBUG] cshmd.analysis (find_bond)               : find_bond C - O rcut -> 1.6
03/25 16:51 [DEBUG] cshmd.analysis (get_mole)                : get_mole C - O -> nbonds: 3
03/25 16:51 [DEBUG] cshmd.analysis (get_mole)                : get_mole O - H -> nbonds: 3
03/25 16:51 [DEBUG] cshmd.analysis (find_bond)               : find_bond Ca - O rcut -> 3.0
03/25 16:51 [DEBUG] cshmd.common (time_wrapper)              : [RUNTIME] get_distance_table in 0.000 seconds
03/25 16:51 [DEBUG] cshmd.analysis (full_search)             : Search layer details
03/25 16:51 [DEBUG] cshmd.analysis (find_bond)               : find_bond Ca - O rcut -> 3.0
03/25 16:51 [DEBUG] cshmd.analysis (find_bond)               : find_bond Si - O rcut -> 2.2
03/25 16:51 [DEBUG] cshmd.analysis (__detail_search_oh_co3)  : No CO3 in basic search
03/25 16:51 [DEBUG] cshmd.analysis (__detail_search_oh_sioh) : Searching 'OH' in 'SiO4
03/25 16:51 [DEBUG] cshmd.analysis (__detail_search_oh_caoh) : No CaOH in basic search. RETURN
03/25 16:51 [INFO] cshmd.analysis (Qn)                       : [StructureManager] Q2: 1.000
03/25 16:51 [INFO] cshmd.analysis (CS)                       : [StructureManager] C/S: 0.750
03/25 16:51 [INFO] cshmd.analysis (validate_tetra)           : [StructureManager] BT: 4, PT: 8
03/25 16:51 [DEBUG] cshmd.analysis (__init__)                : <class 'cshmd.analysis.Chain'> loaded
03/25 16:51 [DEBUG] cshmd.analysis (__init__)                : <class 'cshmd.analysis.Chain'> loaded
03/25 16:51 [INFO] cshmd.analysis (validate_tetra)           : [StructureManager] CL : 3: 1
03/25 16:51 [INFO] cshmd.analysis (validate_tetra)           : [StructureManager] MCL : 3.0
03/25 16:51 [INFO] csh_builder (main)                        : [StructureManager] Reading command 'dprot_BT'...
03/25 16:51 [INFO] cshmd.structure (check_rm_list)           : Delete 0 atoms in rm_list
03/25 16:51 [DEBUG] cshmd.analysis (__init__)                : [StructureManager] Now new data setted for get Bonds
03/25 16:51 [DEBUG] cshmd.analysis (__del_bond__)            : del -> Si_O O_H H_O Ca_O C_O BO NBO
03/25 16:51 [DEBUG] cshmd.analysis (__initialize_mole__)     : initalize -> H2O SiO4 OH CO3 H3O
03/25 16:51 [DEBUG] cshmd.analysis (__initialize_mole__)     : initalize -> SiOH CaOH HCO3 H2CO3 H3CO3
03/25 16:51 [DEBUG] cshmd.analysis (find_bond)               : find_bond O - H rcut -> 1.2
03/25 16:51 [DEBUG] cshmd.common (time_wrapper)              : [RUNTIME] get_distance_table in 0.000 seconds
03/25 16:51 [DEBUG] cshmd.analysis (get_mole)                : get_mole O - H -> nbonds: 2
03/25 16:51 [DEBUG] cshmd.analysis (find_bond)               : find_bond Si - O rcut -> 2.2
03/25 16:51 [DEBUG] cshmd.common (time_wrapper)              : [RUNTIME] get_distance_table in 0.000 seconds
03/25 16:51 [DEBUG] cshmd.analysis (get_mole)                : get_mole Si - O -> nbonds: 4
03/25 16:51 [DEBUG] cshmd.analysis (get_mole)                : get_mole O - H -> nbonds: 1
03/25 16:51 [DEBUG] cshmd.analysis (find_bond)               : find_bond C - O rcut -> 1.6
03/25 16:51 [DEBUG] cshmd.analysis (get_mole)                : get_mole C - O -> nbonds: 3
03/25 16:51 [DEBUG] cshmd.analysis (get_mole)                : get_mole O - H -> nbonds: 3
03/25 16:51 [DEBUG] cshmd.analysis (find_bond)               : find_bond Ca - O rcut -> 3.0
03/25 16:51 [DEBUG] cshmd.common (time_wrapper)              : [RUNTIME] get_distance_table in 0.000 seconds
03/25 16:51 [DEBUG] cshmd.analysis (full_search)             : Search layer details
03/25 16:51 [DEBUG] cshmd.analysis (find_bond)               : find_bond Ca - O rcut -> 3.0
03/25 16:51 [DEBUG] cshmd.analysis (find_bond)               : find_bond Si - O rcut -> 2.2
03/25 16:51 [DEBUG] cshmd.analysis (__detail_search_oh_co3)  : No CO3 in basic search
03/25 16:51 [DEBUG] cshmd.analysis (__detail_search_oh_sioh) : Searching 'OH' in 'SiO4
03/25 16:51 [DEBUG] cshmd.analysis (__detail_search_oh_caoh) : No CaOH in basic search. RETURN
03/25 16:51 [INFO] cshmd.analysis (Qn)                       : [StructureManager] Q2: 1.000
03/25 16:51 [INFO] cshmd.analysis (CS)                       : [StructureManager] C/S: 0.750
03/25 16:51 [INFO] cshmd.analysis (validate_tetra)           : [StructureManager] BT: 4, PT: 8
03/25 16:51 [DEBUG] cshmd.analysis (__init__)                : <class 'cshmd.analysis.Chain'> loaded
03/25 16:51 [DEBUG] cshmd.analysis (__init__)                : <class 'cshmd.analysis.Chain'> loaded
03/25 16:51 [INFO] cshmd.analysis (validate_tetra)           : [StructureManager] CL : 3: 1
03/25 16:51 [INFO] cshmd.analysis (validate_tetra)           : [StructureManager] MCL : 3.0
03/25 16:51 [INFO] cshmd.structure (writeCif)                : test.cif was created
03/25 16:51 [INFO] cshmd.builder (out_model)                 : Total Charge: 0
03/25 16:51 [INFO] csh_builder (main)                        : ----------------------------------------------------------------------
03/25 16:51 [INFO] csh_builder (main)                        : ----------------------------------------------------------------------
03/25 16:51 [INFO] csh_builder (main)                        : 'test.yaml' loaded
03/25 16:51 [INFO] cshmd.structure (__init__)                : /Users/kimuni/bin/kimuni/cshmd/data/resources/cif/T14-base-normal.cif was loaded
03/25 16:51 [DEBUG] cshmd.analysis (__init__)                : [StructureManager] Now new data setted for get Bonds
03/25 16:51 [DEBUG] cshmd.analysis (__del_bond__)            : del -> Si_O O_H H_O Ca_O C_O BO NBO
03/25 16:51 [DEBUG] cshmd.analysis (__initialize_mole__)     : initalize -> H2O SiO4 OH CO3 H3O
03/25 16:51 [DEBUG] cshmd.analysis (__initialize_mole__)     : initalize -> SiOH CaOH HCO3 H2CO3 H3CO3
03/25 16:51 [INFO] cshmd.analysis (__init__)                 : Not any C-S-H Si range info
03/25 16:51 [DEBUG] cshmd.analysis (find_bond)               : find_bond O - H rcut -> 1.2
03/25 16:51 [DEBUG] cshmd.common (time_wrapper)              : [RUNTIME] get_distance_table in 0.000 seconds
03/25 16:51 [DEBUG] cshmd.analysis (get_mole)                : get_mole O - H -> nbonds: 2
03/25 16:51 [DEBUG] cshmd.analysis (find_bond)               : find_bond Si - O rcut -> 2.2
03/25 16:51 [DEBUG] cshmd.common (time_wrapper)              : [RUNTIME] get_distance_table in 0.000 seconds
03/25 16:51 [DEBUG] cshmd.analysis (get_mole)                : get_mole Si - O -> nbonds: 4
03/25 16:51 [DEBUG] cshmd.analysis (get_mole)                : get_mole O - H -> nbonds: 1
03/25 16:51 [DEBUG] cshmd.analysis (find_bond)               : find_bond C - O rcut -> 1.6
03/25 16:51 [DEBUG] cshmd.analysis (get_mole)                : get_mole C - O -> nbonds: 3
03/25 16:51 [DEBUG] cshmd.analysis (get_mole)                : get_mole O - H -> nbonds: 3
03/25 16:51 [DEBUG] cshmd.analysis (find_bond)               : find_bond Ca - O rcut -> 3.0
03/25 16:51 [DEBUG] cshmd.common (time_wrapper)              : [RUNTIME] get_distance_table in 0.000 seconds
03/25 16:51 [DEBUG] cshmd.analysis (full_search)             : Search layer details
03/25 16:51 [DEBUG] cshmd.analysis (find_bond)               : find_bond Ca - O rcut -> 3.0
03/25 16:51 [DEBUG] cshmd.analysis (find_bond)               : find_bond Si - O rcut -> 2.2
03/25 16:51 [DEBUG] cshmd.analysis (__detail_search_oh_co3)  : No CO3 in basic search
03/25 16:51 [DEBUG] cshmd.analysis (__detail_search_oh_sioh) : Searching 'OH' in 'SiO4
03/25 16:51 [DEBUG] cshmd.analysis (__detail_search_oh_caoh) : No CaOH in basic search. RETURN
03/25 16:51 [INFO] cshmd.analysis (Qn)                       : [StructureManager] Q2: 1.000
03/25 16:51 [INFO] cshmd.analysis (CS)                       : [StructureManager] C/S: 0.750
03/25 16:51 [INFO] cshmd.analysis (validate_tetra)           : [StructureManager] BT: 4, PT: 8
03/25 16:51 [DEBUG] cshmd.analysis (__init__)                : <class 'cshmd.analysis.Chain'> loaded
03/25 16:51 [DEBUG] cshmd.analysis (__init__)                : <class 'cshmd.analysis.Chain'> loaded
03/25 16:51 [INFO] cshmd.analysis (validate_tetra)           : [StructureManager] CL : 3: 1
03/25 16:51 [INFO] cshmd.analysis (validate_tetra)           : [StructureManager] MCL : 3.0
03/25 16:51 [INFO] cshmd.structure (__init__)                : /Users/kimuni/bin/kimuni/cshmd/data/resources/cif/T14-base-normal.cif was loaded
03/25 16:51 [DEBUG] cshmd.analysis (__init__)                : [StructureManager] Now new data setted for get Bonds
03/25 16:51 [DEBUG] cshmd.analysis (__del_bond__)            : del -> Si_O O_H H_O Ca_O C_O BO NBO
03/25 16:51 [DEBUG] cshmd.analysis (__initialize_mole__)     : initalize -> H2O SiO4 OH CO3 H3O
03/25 16:51 [DEBUG] cshmd.analysis (__initialize_mole__)     : initalize -> SiOH CaOH HCO3 H2CO3 H3CO3
03/25 16:51 [DEBUG] cshmd.analysis (find_bond)               : find_bond O - H rcut -> 1.2
03/25 16:51 [DEBUG] cshmd.common (time_wrapper)              : [RUNTIME] get_distance_table in 0.000 seconds
03/25 16:51 [DEBUG] cshmd.analysis (get_mole)                : get_mole O - H -> nbonds: 2
03/25 16:51 [DEBUG] cshmd.analysis (find_bond)               : find_bond Si - O rcut -> 2.2
03/25 16:51 [DEBUG] cshmd.common (time_wrapper)              : [RUNTIME] get_distance_table in 0.000 seconds
03/25 16:51 [DEBUG] cshmd.analysis (get_mole)                : get_mole Si - O -> nbonds: 4
03/25 16:51 [DEBUG] cshmd.analysis (get_mole)                : get_mole O - H -> nbonds: 1
03/25 16:51 [DEBUG] cshmd.analysis (find_bond)               : find_bond C - O rcut -> 1.6
03/25 16:51 [DEBUG] cshmd.analysis (get_mole)                : get_mole C - O -> nbonds: 3
03/25 16:51 [DEBUG] cshmd.analysis (get_mole)                : get_mole O - H -> nbonds: 3
03/25 16:51 [DEBUG] cshmd.analysis (find_bond)               : find_bond Ca - O rcut -> 3.0
03/25 16:51 [DEBUG] cshmd.common (time_wrapper)              : [RUNTIME] get_distance_table in 0.000 seconds
03/25 16:51 [DEBUG] cshmd.analysis (full_search)             : Search layer details
03/25 16:51 [DEBUG] cshmd.analysis (find_bond)               : find_bond Ca - O rcut -> 3.0
03/25 16:51 [DEBUG] cshmd.analysis (find_bond)               : find_bond Si - O rcut -> 2.2
03/25 16:51 [DEBUG] cshmd.analysis (__detail_search_oh_co3)  : No CO3 in basic search
03/25 16:51 [DEBUG] cshmd.analysis (__detail_search_oh_sioh) : Searching 'OH' in 'SiO4
03/25 16:51 [DEBUG] cshmd.analysis (__detail_search_oh_caoh) : No CaOH in basic search. RETURN
03/25 16:51 [INFO] cshmd.analysis (Qn)                       : [StructureManager] Q2: 1.000
03/25 16:51 [INFO] cshmd.analysis (CS)                       : [StructureManager] C/S: 0.750
03/25 16:51 [INFO] cshmd.analysis (validate_tetra)           : [StructureManager] BT: 4, PT: 8
03/25 16:51 [DEBUG] cshmd.analysis (__init__)                : <class 'cshmd.analysis.Chain'> loaded
03/25 16:51 [DEBUG] cshmd.analysis (__init__)                : <class 'cshmd.analysis.Chain'> loaded
03/25 16:51 [INFO] cshmd.analysis (validate_tetra)           : [StructureManager] CL : 3: 1
03/25 16:51 [INFO] cshmd.analysis (validate_tetra)           : [StructureManager] MCL : 3.0
03/25 16:51 [INFO] csh_builder (main)                        : [StructureManager] Reading command 'dprot_BT'...
03/25 16:51 [INFO] cshmd.structure (check_rm_list)           : Delete 4 atoms in rm_list
03/25 16:51 [DEBUG] cshmd.analysis (__init__)                : [StructureManager] Now new data setted for get Bonds
03/25 16:51 [DEBUG] cshmd.analysis (__del_bond__)            : del -> Si_O O_H H_O Ca_O C_O BO NBO
03/25 16:51 [DEBUG] cshmd.analysis (__initialize_mole__)     : initalize -> H2O SiO4 OH CO3 H3O
03/25 16:51 [DEBUG] cshmd.analysis (__initialize_mole__)     : initalize -> SiOH CaOH HCO3 H2CO3 H3CO3
03/25 16:51 [DEBUG] cshmd.analysis (find_bond)               : find_bond O - H rcut -> 1.2
03/25 16:51 [DEBUG] cshmd.common (time_wrapper)              : [RUNTIME] get_distance_table in 0.000 seconds
03/25 16:51 [DEBUG] cshmd.analysis (get_mole)                : get_mole O - H -> nbonds: 2
03/25 16:51 [DEBUG] cshmd.analysis (find_bond)               : find_bond Si - O rcut -> 2.2
03/25 16:51 [DEBUG] cshmd.common (time_wrapper)              : [RUNTIME] get_distance_table in 0.000 seconds
03/25 16:51 [DEBUG] cshmd.analysis (get_mole)                : get_mole Si - O -> nbonds: 4
03/25 16:51 [DEBUG] cshmd.analysis (get_mole)                : get_mole O - H -> nbonds: 1
03/25 16:51 [DEBUG] cshmd.analysis (find_bond)               : find_bond C - O rcut -> 1.6
03/25 16:51 [DEBUG] cshmd.analysis (get_mole)                : get_mole C - O -> nbonds: 3
03/25 16:51 [DEBUG] cshmd.analysis (get_mole)                : get_mole O - H -> nbonds: 3
03/25 16:51 [DEBUG] cshmd.analysis (find_bond)               : find_bond Ca - O rcut -> 3.0
03/25 16:51 [DEBUG] cshmd.common (time_wrapper)              : [RUNTIME] get_distance_table in 0.000 seconds
03/25 16:51 [DEBUG] cshmd.analysis (full_search)             : Search layer details
03/25 16:51 [DEBUG] cshmd.analysis (find_bond)               : find_bond Ca - O rcut -> 3.0
03/25 16:51 [DEBUG] cshmd.analysis (find_bond)               : find_bond Si - O rcut -> 2.2
03/25 16:51 [WARNING] cshmd.analysis (_detail_search_oh)     : No OH in basic search
03/25 16:51 [INFO] cshmd.analysis (Qn)                       : [StructureManager] Q2: 1.000
03/25 16:51 [INFO] cshmd.analysis (CS)                       : [StructureManager] C/S: 0.750
03/25 16:51 [INFO] cshmd.analysis (validate_tetra)           : [StructureManager] BT: 4, PT: 8
03/25 16:51 [DEBUG] cshmd.analysis (__init__)                : <class 'cshmd.analysis.Chain'> loaded
03/25 16:51 [DEBUG] cshmd.analysis (__init__)                : <class 'cshmd.analysis.Chain'> loaded
03/25 16:51 [INFO] cshmd.analysis (validate_tetra)           : [StructureManager] CL : 3: 1
03/25 16:51 [INFO] cshmd.analysis (validate_tetra)           : [StructureManager] MCL : 3.0
03/25 16:51 [INFO] cshmd.builder (update_manager)            : [StructureManager] Number of atoms: 104 -> 100
03/25 16:51 [INFO] cshmd.structure (writeCif)                : test.cif was created
03/25 16:51 [INFO] cshmd.builder (out_model)                 : Total Charge: -4
03/25 16:51 [INFO] csh_builder (main)                        : ----------------------------------------------------------------------
04/07 15:53 [INFO] csh_info (main)                                               : Cif: T14_111_base.cif
04/07 15:53 [INFO] cshmd.structure (__init__)                                    : T14_111_base.cif was loaded
04/07 15:53 [DEBUG] cshmd.analysis (__init__)                                    : [StructureManager] Now new data setted for get Bonds
04/07 15:53 [DEBUG] cshmd.analysis (__del_bond__)                                : del -> Si_O O_H H_O Ca_O C_O BO NBO
04/07 15:53 [DEBUG] cshmd.analysis (__initialize_mole__)                         : initalize -> H2O SiO4 OH CO3 H3O
04/07 15:53 [DEBUG] cshmd.analysis (__initialize_mole__)                         : initalize -> SiOH CaOH HCO3 H2CO3 H3CO3
04/07 15:53 [INFO] cshmd.analysis (__init__)                                     : Not any C-S-H Si range info
04/07 15:53 [DEBUG] cshmd.analysis (find_bond)                                   : find_bond O - H rcut -> 1.2
04/07 15:53 [DEBUG] cshmd.common (time_wrapper)                                  : [RUNTIME] get_distance_table in 0.000 seconds
04/07 15:53 [DEBUG] cshmd.analysis (get_mole)                                    : get_mole O - H -> nbonds: 2
04/07 15:53 [DEBUG] cshmd.analysis (find_bond)                                   : find_bond Si - O rcut -> 2.2
04/07 15:53 [DEBUG] cshmd.common (time_wrapper)                                  : [RUNTIME] get_distance_table in 0.000 seconds
04/07 15:53 [DEBUG] cshmd.analysis (get_mole)                                    : get_mole Si - O -> nbonds: 4
04/07 15:53 [DEBUG] cshmd.analysis (get_mole)                                    : get_mole O - H -> nbonds: 1
04/07 15:53 [DEBUG] cshmd.analysis (find_bond)                                   : find_bond C - O rcut -> 1.6
04/07 15:53 [DEBUG] cshmd.analysis (get_mole)                                    : get_mole C - O -> nbonds: 3
04/07 15:53 [DEBUG] cshmd.analysis (get_mole)                                    : get_mole O - H -> nbonds: 3
04/07 15:53 [DEBUG] cshmd.analysis (find_bond)                                   : find_bond Ca - O rcut -> 3.0
04/07 15:53 [DEBUG] cshmd.common (time_wrapper)                                  : [RUNTIME] get_distance_table in 0.000 seconds
04/07 15:53 [DEBUG] cshmd.analysis (search_basic)                                : Basic search result -> H2O: 9, SiO4: 12, OH: 6, CO3: 0, H3O: 0, Ca_O: 60
04/07 15:53 [DEBUG] cshmd.analysis (full_search)                                 : Search layer details
04/07 15:53 [DEBUG] cshmd.analysis (find_bond)                                   : find_bond Ca - O rcut -> 3.0
04/07 15:53 [DEBUG] cshmd.analysis (find_bond)                                   : find_bond Si - O rcut -> 2.2
04/07 15:53 [DEBUG] cshmd.analysis (__detail_search_oh_co3)                      : No CO3 in basic search
04/07 15:53 [DEBUG] cshmd.analysis (__detail_search_oh_sioh)                     : Searching 'OH' in 'SiO4
04/07 15:53 [DEBUG] cshmd.analysis (__detail_search_oh_caoh)                     : No CaOH in basic search. RETURN
04/07 15:53 [INFO] cshmd.analysis (Qn)                                           : [StructureManager] Q2: 1.000
04/07 15:53 [INFO] cshmd.analysis (CS)                                           : [StructureManager] C/S: 0.750
04/07 15:53 [INFO] cshmd.analysis (validate_tetra)                               : [StructureManager] BT: 4, PT: 8
04/07 15:53 [INFO] cshmd.analysis (MCL)                                          : [StructureManager] MCL: inf
04/07 15:53 [DEBUG] cshmd.analysis (__init__)                                    : <class 'cshmd.analysis.Chain'> loaded
04/07 15:53 [DEBUG] cshmd.analysis (__init__)                                    : <class 'cshmd.analysis.Chain'> loaded
04/07 15:53 [DEBUG] cshmd.analysis (__init__)                                    : <class 'cshmd.analysis.Chain'> loaded
04/07 15:53 [DEBUG] cshmd.analysis (__init__)                                    : <class 'cshmd.analysis.Chain'> loaded
04/07 15:53 [INFO] cshmd.analysis (validate_tetra)                               : [StructureManager] CL : Length 3: 1
04/07 15:53 [INFO] cshmd.analysis (validate_tetra)                               : [StructureManager] MCL : 3.0
04/24 11:34 [DEBUG] cshmd.common (get_logger)                                    : $$$$$$$$$$$$$$  Logger 'cshmd.common........' initialized  $$$$$$$$$$$$$$
04/24 11:34 [DEBUG] cshmd.functions (get_logger)                                 : $$$$$$$$$$$$$$  Logger 'cshmd.functions.....' initialized  $$$$$$$$$$$$$$
04/24 11:34 [DEBUG] cshmd.load (get_logger)                                      : $$$$$$$$$$$$$$  Logger 'cshmd.load..........' initialized  $$$$$$$$$$$$$$
04/24 11:34 [DEBUG] cshmd.analysis (get_logger)                                  : $$$$$$$$$$$$$$  Logger 'cshmd.analysis......' initialized  $$$$$$$$$$$$$$
04/24 11:34 [DEBUG] cshmd.equation (get_logger)                                  : $$$$$$$$$$$$$$  Logger 'cshmd.equation......' initialized  $$$$$$$$$$$$$$
04/24 11:34 [DEBUG] cshmd.structure (get_logger)                                 : $$$$$$$$$$$$$$  Logger 'cshmd.structure.....' initialized  $$$$$$$$$$$$$$
04/24 11:34 [DEBUG] cshmd.builder (get_logger)                                   : $$$$$$$$$$$$$$  Logger 'cshmd.builder.......' initialized  $$$$$$$$$$$$$$
04/24 11:34 [DEBUG] cshmd.trj_analysis (get_logger)                              : $$$$$$$$$$$$$$  Logger 'cshmd.trj_analysis..' initialized  $$$$$$$$$$$$$$
04/24 11:34 [DEBUG] cif_modifier (get_logger)                                    : $$$$$$$$$$$$$$  Logger 'cif_modifier........' initialized  $$$$$$$$$$$$$$
04/24 11:34 [INFO] cif_modifier (<module>)                                       : Logger loaded
04/24 11:34 [INFO] cshmd.structure (__init__)                                    : T14_111_term.cif was loaded
04/24 11:34 [DEBUG] cshmd.analysis (__init__)                                    : [StructureManager] Now new data setted for get Bonds
04/24 11:34 [DEBUG] cshmd.analysis (__del_bond__)                                : del -> Si_O O_H H_O Ca_O C_O BO NBO
04/24 11:34 [DEBUG] cshmd.analysis (__initialize_mole__)                         : initalize -> H2O SiO4 OH CO3 H3O
04/24 11:34 [DEBUG] cshmd.analysis (__initialize_mole__)                         : initalize -> SiOH CaOH HCO3 H2CO3 H3CO3
04/24 11:34 [DEBUG] cshmd.analysis (__init__)                                    : C-S-H Model not setted
04/24 11:34 [DEBUG] cshmd.analysis (find_bond)                                   : find_bond O - H rcut -> 1.2
04/24 11:34 [DEBUG] cshmd.common (time_wrapper)                                  : [RUNTIME] get_distance_table in 0.000 seconds
04/24 11:34 [DEBUG] cshmd.analysis (get_mole)                                    : get_mole O - H -> nbonds: 2
04/24 11:34 [DEBUG] cshmd.analysis (find_bond)                                   : find_bond Si - O rcut -> 2.2
04/24 11:34 [DEBUG] cshmd.common (time_wrapper)                                  : [RUNTIME] get_distance_table in 0.000 seconds
04/24 11:34 [DEBUG] cshmd.analysis (get_mole)                                    : get_mole Si - O -> nbonds: 4
04/24 11:34 [DEBUG] cshmd.analysis (get_mole)                                    : get_mole O - H -> nbonds: 1
04/24 11:34 [DEBUG] cshmd.analysis (find_bond)                                   : find_bond C - O rcut -> 1.6
04/24 11:34 [DEBUG] cshmd.analysis (get_mole)                                    : get_mole C - O -> nbonds: 3
04/24 11:34 [DEBUG] cshmd.analysis (get_mole)                                    : get_mole O - H -> nbonds: 3
04/24 11:34 [DEBUG] cshmd.analysis (find_bond)                                   : find_bond Ca - O rcut -> 3.0
04/24 11:34 [DEBUG] cshmd.common (time_wrapper)                                  : [RUNTIME] get_distance_table in 0.000 seconds
04/24 11:34 [DEBUG] cshmd.analysis (search_basic)                                : Basic search result -> H2O: 9, SiO4: 12, OH: 2, CO3: 0, H3O: 0, Ca_O: 60
04/24 11:34 [DEBUG] cshmd.analysis (full_search)                                 : Search layer details
04/24 11:34 [DEBUG] cshmd.analysis (find_bond)                                   : find_bond Ca - O rcut -> 3.0
04/24 11:34 [DEBUG] cshmd.analysis (find_bond)                                   : find_bond Si - O rcut -> 2.2
04/24 11:34 [DEBUG] cshmd.analysis (set_layer_boundary)                          : Set layer boundary -> 0.236137791825 - 0.722234429275
04/24 11:34 [DEBUG] cshmd.analysis (__detail_search_oh_co3)                      : No CO3 in basic search
04/24 11:34 [DEBUG] cshmd.analysis (__detail_search_oh_sioh)                     : Searching 'OH' in 'SiO4
04/24 11:34 [DEBUG] cshmd.analysis (__detail_search_oh_caoh)                     : Searching 'OH' in 'CaOH
04/24 11:34 [INFO] cshmd.structure (cut)                                         : Cutting range axis z: 0.95000 to 1.00000
04/24 11:34 [INFO] cshmd.structure (cut)                                         : Number of atoms: 86, Did not cutted
04/24 11:34 [INFO] cshmd.structure (writeCif)                                    : T14_111_term_modified.cif was created
04/24 11:34 [INFO] cif_modifier (__init__)                                       : Total charge: -4 -> -4
04/24 11:35 [DEBUG] cshmd.common (get_logger)                                    : $$$$$$$$$$$$$$  Logger 'cshmd.common........' initialized  $$$$$$$$$$$$$$
04/24 11:35 [DEBUG] cshmd.functions (get_logger)                                 : $$$$$$$$$$$$$$  Logger 'cshmd.functions.....' initialized  $$$$$$$$$$$$$$
04/24 11:35 [DEBUG] cshmd.load (get_logger)                                      : $$$$$$$$$$$$$$  Logger 'cshmd.load..........' initialized  $$$$$$$$$$$$$$
04/24 11:35 [DEBUG] cshmd.analysis (get_logger)                                  : $$$$$$$$$$$$$$  Logger 'cshmd.analysis......' initialized  $$$$$$$$$$$$$$
04/24 11:35 [DEBUG] cshmd.equation (get_logger)                                  : $$$$$$$$$$$$$$  Logger 'cshmd.equation......' initialized  $$$$$$$$$$$$$$
04/24 11:35 [DEBUG] cshmd.structure (get_logger)                                 : $$$$$$$$$$$$$$  Logger 'cshmd.structure.....' initialized  $$$$$$$$$$$$$$
04/24 11:35 [DEBUG] cshmd.builder (get_logger)                                   : $$$$$$$$$$$$$$  Logger 'cshmd.builder.......' initialized  $$$$$$$$$$$$$$
04/24 11:35 [DEBUG] cshmd.trj_analysis (get_logger)                              : $$$$$$$$$$$$$$  Logger 'cshmd.trj_analysis..' initialized  $$$$$$$$$$$$$$
04/24 11:35 [DEBUG] cif_modifier (get_logger)                                    : $$$$$$$$$$$$$$  Logger 'cif_modifier........' initialized  $$$$$$$$$$$$$$
04/24 11:35 [INFO] cif_modifier (<module>)                                       : Logger loaded
04/24 11:35 [INFO] cshmd.structure (__init__)                                    : T14_111_term.cif was loaded
04/24 11:35 [DEBUG] cshmd.analysis (__init__)                                    : [StructureManager] Now new data setted for get Bonds
04/24 11:35 [DEBUG] cshmd.analysis (__del_bond__)                                : del -> Si_O O_H H_O Ca_O C_O BO NBO
04/24 11:35 [DEBUG] cshmd.analysis (__initialize_mole__)                         : initalize -> H2O SiO4 OH CO3 H3O
04/24 11:35 [DEBUG] cshmd.analysis (__initialize_mole__)                         : initalize -> SiOH CaOH HCO3 H2CO3 H3CO3
04/24 11:35 [DEBUG] cshmd.analysis (__init__)                                    : C-S-H Model not setted
04/24 11:35 [DEBUG] cshmd.analysis (find_bond)                                   : find_bond O - H rcut -> 1.2
04/24 11:35 [DEBUG] cshmd.common (time_wrapper)                                  : [RUNTIME] get_distance_table in 0.001 seconds
04/24 11:35 [DEBUG] cshmd.analysis (get_mole)                                    : get_mole O - H -> nbonds: 2
04/24 11:35 [DEBUG] cshmd.analysis (find_bond)                                   : find_bond Si - O rcut -> 2.2
04/24 11:35 [DEBUG] cshmd.common (time_wrapper)                                  : [RUNTIME] get_distance_table in 0.000 seconds
04/24 11:35 [DEBUG] cshmd.analysis (get_mole)                                    : get_mole Si - O -> nbonds: 4
04/24 11:35 [DEBUG] cshmd.analysis (get_mole)                                    : get_mole O - H -> nbonds: 1
04/24 11:35 [DEBUG] cshmd.analysis (find_bond)                                   : find_bond C - O rcut -> 1.6
04/24 11:35 [DEBUG] cshmd.analysis (get_mole)                                    : get_mole C - O -> nbonds: 3
04/24 11:35 [DEBUG] cshmd.analysis (get_mole)                                    : get_mole O - H -> nbonds: 3
04/24 11:35 [DEBUG] cshmd.analysis (find_bond)                                   : find_bond Ca - O rcut -> 3.0
04/24 11:35 [DEBUG] cshmd.common (time_wrapper)                                  : [RUNTIME] get_distance_table in 0.000 seconds
04/24 11:35 [DEBUG] cshmd.analysis (search_basic)                                : Basic search result -> H2O: 9, SiO4: 12, OH: 2, CO3: 0, H3O: 0, Ca_O: 60
04/24 11:35 [DEBUG] cshmd.analysis (full_search)                                 : Search layer details
04/24 11:35 [DEBUG] cshmd.analysis (find_bond)                                   : find_bond Ca - O rcut -> 3.0
04/24 11:35 [DEBUG] cshmd.analysis (find_bond)                                   : find_bond Si - O rcut -> 2.2
04/24 11:35 [DEBUG] cshmd.analysis (set_layer_boundary)                          : Set layer boundary -> 0.236137791825 - 0.722234429275
04/24 11:35 [DEBUG] cshmd.analysis (__detail_search_oh_co3)                      : No CO3 in basic search
04/24 11:35 [DEBUG] cshmd.analysis (__detail_search_oh_sioh)                     : Searching 'OH' in 'SiO4
04/24 11:35 [DEBUG] cshmd.analysis (__detail_search_oh_caoh)                     : Searching 'OH' in 'CaOH
04/24 11:35 [INFO] cshmd.structure (cut)                                         : Cutting range axis z: 0.95000 to 1.00000
04/24 11:35 [INFO] cshmd.structure (cut)                                         : Number of atoms: 86, Did not cutted
04/24 11:35 [INFO] cshmd.structure (cut)                                         : remove empty space
04/24 11:35 [INFO] cshmd.structure (writeCif)                                    : T14_111_term_modified.cif was created
04/24 11:35 [INFO] cif_modifier (__init__)                                       : Total charge: -4 -> -4
04/24 11:47 [DEBUG] cshmd.common (get_logger)                                    : $$$$$$$$$$$$$$  Logger 'cshmd.common........' initialized  $$$$$$$$$$$$$$
04/24 11:47 [DEBUG] cshmd.functions (get_logger)                                 : $$$$$$$$$$$$$$  Logger 'cshmd.functions.....' initialized  $$$$$$$$$$$$$$
04/24 11:47 [DEBUG] cshmd.load (get_logger)                                      : $$$$$$$$$$$$$$  Logger 'cshmd.load..........' initialized  $$$$$$$$$$$$$$
04/24 11:47 [DEBUG] cshmd.analysis (get_logger)                                  : $$$$$$$$$$$$$$  Logger 'cshmd.analysis......' initialized  $$$$$$$$$$$$$$
04/24 11:47 [DEBUG] cshmd.equation (get_logger)                                  : $$$$$$$$$$$$$$  Logger 'cshmd.equation......' initialized  $$$$$$$$$$$$$$
04/24 11:47 [DEBUG] cshmd.structure (get_logger)                                 : $$$$$$$$$$$$$$  Logger 'cshmd.structure.....' initialized  $$$$$$$$$$$$$$
04/24 11:47 [DEBUG] cshmd.builder (get_logger)                                   : $$$$$$$$$$$$$$  Logger 'cshmd.builder.......' initialized  $$$$$$$$$$$$$$
04/24 11:47 [DEBUG] cshmd.trj_analysis (get_logger)                              : $$$$$$$$$$$$$$  Logger 'cshmd.trj_analysis..' initialized  $$$$$$$$$$$$$$
04/24 11:47 [DEBUG] cif_modifier (get_logger)                                    : $$$$$$$$$$$$$$  Logger 'cif_modifier........' initialized  $$$$$$$$$$$$$$
04/24 11:47 [INFO] cif_modifier (<module>)                                       : Logger loaded
04/24 11:47 [INFO] cshmd.structure (__init__)                                    : T14_111_term.cif was loaded
04/24 11:47 [DEBUG] cshmd.analysis (__init__)                                    : [StructureManager] Now new data setted for get Bonds
04/24 11:47 [DEBUG] cshmd.analysis (__del_bond__)                                : del -> Si_O O_H H_O Ca_O C_O BO NBO
04/24 11:47 [DEBUG] cshmd.analysis (__initialize_mole__)                         : initalize -> H2O SiO4 OH CO3 H3O
04/24 11:47 [DEBUG] cshmd.analysis (__initialize_mole__)                         : initalize -> SiOH CaOH HCO3 H2CO3 H3CO3
04/24 11:47 [DEBUG] cshmd.analysis (__init__)                                    : C-S-H Model not setted
04/24 11:47 [DEBUG] cshmd.analysis (find_bond)                                   : find_bond O - H rcut -> 1.2
04/24 11:47 [DEBUG] cshmd.common (time_wrapper)                                  : [RUNTIME] get_distance_table in 0.002 seconds
04/24 11:47 [DEBUG] cshmd.analysis (get_mole)                                    : get_mole O - H -> nbonds: 2
04/24 11:47 [DEBUG] cshmd.analysis (find_bond)                                   : find_bond Si - O rcut -> 2.2
04/24 11:47 [DEBUG] cshmd.common (time_wrapper)                                  : [RUNTIME] get_distance_table in 0.000 seconds
04/24 11:47 [DEBUG] cshmd.analysis (get_mole)                                    : get_mole Si - O -> nbonds: 4
04/24 11:47 [DEBUG] cshmd.analysis (get_mole)                                    : get_mole O - H -> nbonds: 1
04/24 11:47 [DEBUG] cshmd.analysis (find_bond)                                   : find_bond C - O rcut -> 1.6
04/24 11:47 [DEBUG] cshmd.analysis (get_mole)                                    : get_mole C - O -> nbonds: 3
04/24 11:47 [DEBUG] cshmd.analysis (get_mole)                                    : get_mole O - H -> nbonds: 3
04/24 11:47 [DEBUG] cshmd.analysis (find_bond)                                   : find_bond Ca - O rcut -> 3.0
04/24 11:47 [DEBUG] cshmd.common (time_wrapper)                                  : [RUNTIME] get_distance_table in 0.000 seconds
04/24 11:47 [DEBUG] cshmd.analysis (search_basic)                                : Basic search result -> H2O: 9, SiO4: 12, OH: 2, CO3: 0, H3O: 0, Ca_O: 60
04/24 11:47 [DEBUG] cshmd.analysis (full_search)                                 : Search layer details
04/24 11:47 [DEBUG] cshmd.analysis (find_bond)                                   : find_bond Ca - O rcut -> 3.0
04/24 11:47 [DEBUG] cshmd.analysis (find_bond)                                   : find_bond Si - O rcut -> 2.2
04/24 11:47 [DEBUG] cshmd.analysis (set_layer_boundary)                          : Set layer boundary -> 0.236137791825 - 0.722234429275
04/24 11:47 [DEBUG] cshmd.analysis (__detail_search_oh_co3)                      : No CO3 in basic search
04/24 11:47 [DEBUG] cshmd.analysis (__detail_search_oh_sioh)                     : Searching 'OH' in 'SiO4
04/24 11:47 [DEBUG] cshmd.analysis (__detail_search_oh_caoh)                     : Searching 'OH' in 'CaOH
04/24 11:47 [INFO] cshmd.structure (cut)                                         : Cutting range axis z: 0.97000 to 1.00000
04/24 11:47 [INFO] cshmd.structure (cut)                                         : Number of atoms: 86, Did not cutted
04/24 11:47 [INFO] cshmd.structure (cut)                                         : remove empty space
04/24 11:47 [INFO] cshmd.structure (writeCif)                                    : T14_111_short.cif was created
04/24 11:47 [INFO] cif_modifier (__init__)                                       : Total charge: -4 -> -4
05/26 13:54 [DEBUG] cshmd.common (get_logger)                                    : $$$$$$$$$$$$$$  Logger 'cshmd.common........' initialized  $$$$$$$$$$$$$$
05/26 13:54 [DEBUG] cshmd.functions (get_logger)                                 : $$$$$$$$$$$$$$  Logger 'cshmd.functions.....' initialized  $$$$$$$$$$$$$$
05/26 13:54 [DEBUG] cshmd.load (get_logger)                                      : $$$$$$$$$$$$$$  Logger 'cshmd.load..........' initialized  $$$$$$$$$$$$$$
05/26 13:54 [DEBUG] cshmd.analysis (get_logger)                                  : $$$$$$$$$$$$$$  Logger 'cshmd.analysis......' initialized  $$$$$$$$$$$$$$
05/26 13:54 [DEBUG] cshmd.equation (get_logger)                                  : $$$$$$$$$$$$$$  Logger 'cshmd.equation......' initialized  $$$$$$$$$$$$$$
05/26 13:54 [DEBUG] cshmd.structure (get_logger)                                 : $$$$$$$$$$$$$$  Logger 'cshmd.structure.....' initialized  $$$$$$$$$$$$$$
05/26 13:54 [DEBUG] cshmd.builder (get_logger)                                   : $$$$$$$$$$$$$$  Logger 'cshmd.builder.......' initialized  $$$$$$$$$$$$$$
05/26 13:54 [DEBUG] cshmd.trj_analysis (get_logger)                              : $$$$$$$$$$$$$$  Logger 'cshmd.trj_analysis..' initialized  $$$$$$$$$$$$$$
05/26 13:54 [DEBUG] cif_modifier (get_logger)                                    : $$$$$$$$$$$$$$  Logger 'cif_modifier........' initialized  $$$$$$$$$$$$$$
05/26 13:54 [INFO] cif_modifier (<module>)                                       : Logger loaded
05/26 13:54 [INFO] cshmd.structure (__init__)                                    : T14_111_short.cif was loaded
05/26 13:54 [DEBUG] cshmd.analysis (__init__)                                    : [StructureManager] Now new data setted for get Bonds
05/26 13:54 [DEBUG] cshmd.analysis (__del_bond__)                                : del -> Si_O O_H H_O Ca_O C_O BO NBO
05/26 13:54 [DEBUG] cshmd.analysis (__initialize_mole__)                         : initalize -> H2O SiO4 OH CO3 CO2 H3O
05/26 13:54 [DEBUG] cshmd.analysis (__initialize_mole__)                         : initalize -> SiOH CaOH HCO3 H2CO3 H3CO3
05/26 13:54 [DEBUG] cshmd.analysis (find_bond)                                   : find_bond O - H rcut -> 1.2
05/26 13:54 [DEBUG] cshmd.common (time_wrapper)                                  : [RUNTIME] get_distance_table in 0.000 seconds
05/26 13:54 [DEBUG] cshmd.analysis (get_mole)                                    : get_mole O - H -> nbonds: 2
05/26 13:54 [DEBUG] cshmd.analysis (find_bond)                                   : find_bond Si - O rcut -> 2.3
05/26 13:54 [DEBUG] cshmd.common (time_wrapper)                                  : [RUNTIME] get_distance_table in 0.000 seconds
05/26 13:54 [DEBUG] cshmd.analysis (get_mole)                                    : get_mole Si - O -> nbonds: 4
05/26 13:54 [DEBUG] cshmd.analysis (get_mole)                                    : get_mole O - H -> nbonds: 1
05/26 13:54 [DEBUG] cshmd.analysis (find_bond)                                   : find_bond C - O rcut -> 1.6
05/26 13:54 [DEBUG] cshmd.analysis (get_mole)                                    : get_mole C - O -> nbonds: 3
05/26 13:54 [DEBUG] cshmd.analysis (get_mole)                                    : get_mole O - H -> nbonds: 3
05/26 13:54 [DEBUG] cshmd.analysis (find_bond)                                   : find_bond Ca - O rcut -> 3.0
05/26 13:54 [DEBUG] cshmd.common (time_wrapper)                                  : [RUNTIME] get_distance_table in 0.000 seconds
05/26 13:54 [DEBUG] cshmd.analysis (search_basic)                                : Basic search result -> H2O: 9, SiO4: 12, OH: 2, CO3: 0, H3O: 0, Ca_O: 60
05/26 13:54 [DEBUG] cshmd.analysis (full_search)                                 : Search layer details
05/26 13:54 [DEBUG] cshmd.analysis (set_layer_boundary)                          : Set layer boundary -> 0.2434410225 - 0.744571576575
05/26 13:54 [DEBUG] cshmd.analysis (find_bond)                                   : find_bond Ca - O rcut -> 2.6
05/26 13:54 [DEBUG] cshmd.analysis (find_bond)                                   : find_bond Ca - O rcut -> 3.1
05/26 13:54 [DEBUG] cshmd.analysis (find_bond)                                   : find_bond Ca - O rcut -> 5.2
05/26 13:54 [DEBUG] cshmd.analysis (_anal_surface_co3_adsorption)                : No 'C' in system
05/26 13:54 [DEBUG] cshmd.analysis (__detail_search_oh_co3)                      : No CO3 in basic search
05/26 13:54 [DEBUG] cshmd.analysis (__detail_search_oh_sioh)                     : Searching 'OH' in 'SiO4
05/26 13:54 [DEBUG] cshmd.analysis (__detail_search_oh_caoh)                     : Searching 'OH' in 'CaOH
05/26 13:54 [INFO] cshmd.structure (extendLattice)                               : Extend lattice 6.735 7.425 27.924 -> 6.735 7.425 28.924 
05/26 13:54 [INFO] cshmd.structure (writeCif)                                    : T14_111_short2.cif was created
05/26 13:54 [INFO] cif_modifier (__init__)                                       : Total charge: -4 -> -4
05/26 13:55 [DEBUG] cshmd.common (get_logger)                                    : $$$$$$$$$$$$$$  Logger 'cshmd.common........' initialized  $$$$$$$$$$$$$$
05/26 13:55 [DEBUG] cshmd.functions (get_logger)                                 : $$$$$$$$$$$$$$  Logger 'cshmd.functions.....' initialized  $$$$$$$$$$$$$$
05/26 13:55 [DEBUG] cshmd.load (get_logger)                                      : $$$$$$$$$$$$$$  Logger 'cshmd.load..........' initialized  $$$$$$$$$$$$$$
05/26 13:55 [DEBUG] cshmd.analysis (get_logger)                                  : $$$$$$$$$$$$$$  Logger 'cshmd.analysis......' initialized  $$$$$$$$$$$$$$
05/26 13:55 [DEBUG] cshmd.equation (get_logger)                                  : $$$$$$$$$$$$$$  Logger 'cshmd.equation......' initialized  $$$$$$$$$$$$$$
05/26 13:55 [DEBUG] cshmd.structure (get_logger)                                 : $$$$$$$$$$$$$$  Logger 'cshmd.structure.....' initialized  $$$$$$$$$$$$$$
05/26 13:55 [DEBUG] cshmd.builder (get_logger)                                   : $$$$$$$$$$$$$$  Logger 'cshmd.builder.......' initialized  $$$$$$$$$$$$$$
05/26 13:55 [DEBUG] cshmd.trj_analysis (get_logger)                              : $$$$$$$$$$$$$$  Logger 'cshmd.trj_analysis..' initialized  $$$$$$$$$$$$$$
05/26 13:55 [DEBUG] cif_modifier (get_logger)                                    : $$$$$$$$$$$$$$  Logger 'cif_modifier........' initialized  $$$$$$$$$$$$$$
05/26 13:55 [INFO] cif_modifier (<module>)                                       : Logger loaded
05/26 13:55 [INFO] cshmd.structure (__init__)                                    : T14_111_short.cif was loaded
05/26 13:55 [DEBUG] cshmd.analysis (__init__)                                    : [StructureManager] Now new data setted for get Bonds
05/26 13:55 [DEBUG] cshmd.analysis (__del_bond__)                                : del -> Si_O O_H H_O Ca_O C_O BO NBO
05/26 13:55 [DEBUG] cshmd.analysis (__initialize_mole__)                         : initalize -> H2O SiO4 OH CO3 CO2 H3O
05/26 13:55 [DEBUG] cshmd.analysis (__initialize_mole__)                         : initalize -> SiOH CaOH HCO3 H2CO3 H3CO3
05/26 13:55 [DEBUG] cshmd.analysis (find_bond)                                   : find_bond O - H rcut -> 1.2
05/26 13:55 [DEBUG] cshmd.common (time_wrapper)                                  : [RUNTIME] get_distance_table in 0.000 seconds
05/26 13:55 [DEBUG] cshmd.analysis (get_mole)                                    : get_mole O - H -> nbonds: 2
05/26 13:55 [DEBUG] cshmd.analysis (find_bond)                                   : find_bond Si - O rcut -> 2.3
05/26 13:55 [DEBUG] cshmd.common (time_wrapper)                                  : [RUNTIME] get_distance_table in 0.000 seconds
05/26 13:55 [DEBUG] cshmd.analysis (get_mole)                                    : get_mole Si - O -> nbonds: 4
05/26 13:55 [DEBUG] cshmd.analysis (get_mole)                                    : get_mole O - H -> nbonds: 1
05/26 13:55 [DEBUG] cshmd.analysis (find_bond)                                   : find_bond C - O rcut -> 1.6
05/26 13:55 [DEBUG] cshmd.analysis (get_mole)                                    : get_mole C - O -> nbonds: 3
05/26 13:55 [DEBUG] cshmd.analysis (get_mole)                                    : get_mole O - H -> nbonds: 3
05/26 13:55 [DEBUG] cshmd.analysis (find_bond)                                   : find_bond Ca - O rcut -> 3.0
05/26 13:55 [DEBUG] cshmd.common (time_wrapper)                                  : [RUNTIME] get_distance_table in 0.000 seconds
05/26 13:55 [DEBUG] cshmd.analysis (search_basic)                                : Basic search result -> H2O: 9, SiO4: 12, OH: 2, CO3: 0, H3O: 0, Ca_O: 60
05/26 13:55 [DEBUG] cshmd.analysis (full_search)                                 : Search layer details
05/26 13:55 [DEBUG] cshmd.analysis (set_layer_boundary)                          : Set layer boundary -> 0.2434410225 - 0.744571576575
05/26 13:55 [DEBUG] cshmd.analysis (find_bond)                                   : find_bond Ca - O rcut -> 2.6
05/26 13:55 [DEBUG] cshmd.analysis (find_bond)                                   : find_bond Ca - O rcut -> 3.1
05/26 13:55 [DEBUG] cshmd.analysis (find_bond)                                   : find_bond Ca - O rcut -> 5.2
05/26 13:55 [DEBUG] cshmd.analysis (_anal_surface_co3_adsorption)                : No 'C' in system
05/26 13:55 [DEBUG] cshmd.analysis (__detail_search_oh_co3)                      : No CO3 in basic search
05/26 13:55 [DEBUG] cshmd.analysis (__detail_search_oh_sioh)                     : Searching 'OH' in 'SiO4
05/26 13:55 [DEBUG] cshmd.analysis (__detail_search_oh_caoh)                     : Searching 'OH' in 'CaOH
05/26 13:55 [INFO] cshmd.structure (extendLattice)                               : Extend lattice 6.735 7.425 27.924 -> 6.735 7.425 28.424 
05/26 13:55 [INFO] cshmd.structure (writeCif)                                    : T14_111_short2.cif was created
05/26 13:55 [INFO] cif_modifier (__init__)                                       : Total charge: -4 -> -4
06/05 10:13 [DEBUG] cshmd.common (get_logger)                                    : $$$$$$$$$$$$$$  Logger 'cshmd.common........' initialized  $$$$$$$$$$$$$$
06/05 10:13 [DEBUG] cshmd.functions (get_logger)                                 : $$$$$$$$$$$$$$  Logger 'cshmd.functions.....' initialized  $$$$$$$$$$$$$$
06/05 10:13 [DEBUG] cshmd.load (get_logger)                                      : $$$$$$$$$$$$$$  Logger 'cshmd.load..........' initialized  $$$$$$$$$$$$$$
06/05 10:13 [DEBUG] cshmd.analysis (get_logger)                                  : $$$$$$$$$$$$$$  Logger 'cshmd.analysis......' initialized  $$$$$$$$$$$$$$
06/05 10:13 [DEBUG] cshmd.equation (get_logger)                                  : $$$$$$$$$$$$$$  Logger 'cshmd.equation......' initialized  $$$$$$$$$$$$$$
06/05 10:13 [DEBUG] cshmd.structure (get_logger)                                 : $$$$$$$$$$$$$$  Logger 'cshmd.structure.....' initialized  $$$$$$$$$$$$$$
06/05 10:13 [DEBUG] cshmd.builder (get_logger)                                   : $$$$$$$$$$$$$$  Logger 'cshmd.builder.......' initialized  $$$$$$$$$$$$$$
06/05 10:13 [DEBUG] cshmd.trj_analysis (get_logger)                              : $$$$$$$$$$$$$$  Logger 'cshmd.trj_analysis..' initialized  $$$$$$$$$$$$$$
06/05 10:13 [DEBUG] csh_info (get_logger)                                        : $$$$$$$$$$$$$$  Logger 'csh_info............' initialized  $$$$$$$$$$$$$$
06/05 10:13 [INFO] csh_info (main)                                               : Cif: T14_111_short2.cif
06/05 10:13 [INFO] cshmd.structure (_load_file)                                  : T14_111_short2.cif was loaded
06/05 10:13 [DEBUG] cshmd.analysis (__init__)                                    : [StructureManager] Now new data setted for get Bonds
06/05 10:13 [DEBUG] cshmd.analysis (__del_bond__)                                : del -> Si_O O_H H_O Ca_O C_O BO NBO
06/05 10:13 [DEBUG] cshmd.analysis (__initialize_mole__)                         : initalize -> H2O SiO4 OH CO3 CO2 H3O
06/05 10:13 [DEBUG] cshmd.analysis (__initialize_mole__)                         : initalize -> SiOH CaOH HCO3 H2CO3 H3CO3
06/05 10:13 [DEBUG] cshmd.analysis (find_bond)                                   : find_bond O - H rcut -> 1.2
06/05 10:13 [DEBUG] cshmd.common (time_wrapper)                                  : [RUNTIME] get_distance_table in 0.000 seconds
06/05 10:13 [DEBUG] cshmd.analysis (get_mole)                                    : get_mole O - H -> nbonds: 2
06/05 10:13 [DEBUG] cshmd.analysis (find_bond)                                   : find_bond Si - O rcut -> 2.3
06/05 10:13 [DEBUG] cshmd.common (time_wrapper)                                  : [RUNTIME] get_distance_table in 0.000 seconds
06/05 10:13 [DEBUG] cshmd.analysis (get_mole)                                    : get_mole Si - O -> nbonds: 4
06/05 10:13 [DEBUG] cshmd.analysis (get_mole)                                    : get_mole O - H -> nbonds: 1
06/05 10:13 [DEBUG] cshmd.analysis (find_bond)                                   : find_bond C - O rcut -> 1.6
06/05 10:13 [DEBUG] cshmd.analysis (get_mole)                                    : get_mole C - O -> nbonds: 3
06/05 10:13 [DEBUG] cshmd.analysis (get_mole)                                    : get_mole O - H -> nbonds: 3
06/05 10:13 [DEBUG] cshmd.analysis (find_bond)                                   : find_bond Ca - O rcut -> 3.0
06/05 10:13 [DEBUG] cshmd.common (time_wrapper)                                  : [RUNTIME] get_distance_table in 0.000 seconds
06/05 10:13 [DEBUG] cshmd.analysis (search_basic)                                : Basic search result -> H2O: 9, SiO4: 12, OH: 2, CO3: 0, H3O: 0, Ca_O: 60
06/05 10:13 [DEBUG] cshmd.analysis (_detail_search_chain)                        : Search layer details
06/05 10:13 [DEBUG] cshmd.analysis (set_layer_boundary)                          : Set layer boundary -> 0.2391587621 - 0.731474156325
06/05 10:13 [DEBUG] cshmd.analysis (_detail_search_adsorption)                   : Start basic analysis
06/05 10:13 [DEBUG] cshmd.analysis (__detail_surface_co3_adsorption)             : No 'C' in system
06/05 10:13 [DEBUG] cshmd.analysis (__detail_search_oh_co3)                      : No CO3 in basic search
06/05 10:13 [DEBUG] cshmd.analysis (__detail_search_oh_sioh)                     : Searching 'OH' in 'SiO4
06/05 10:13 [DEBUG] cshmd.analysis (__detail_search_oh_caoh)                     : Searching 'OH' in 'CaOH
06/05 10:13 [INFO] cshmd.analysis (Qn)                                           : [Silicate Chain] Q2: 1.000
06/05 10:13 [INFO] cshmd.analysis (evaluate_chain)                               : [Silicate Chain] BT: 4, PT: 8
06/05 10:13 [DEBUG] cshmd.analysis (__init__)                                    : <class 'cshmd.analysis.Chain'> loaded
06/05 10:13 [DEBUG] cshmd.analysis (__init__)                                    : <class 'cshmd.analysis.Chain'> loaded
06/05 10:13 [DEBUG] cshmd.analysis (__init__)                                    : <class 'cshmd.analysis.Chain'> loaded
06/05 10:13 [DEBUG] cshmd.analysis (__init__)                                    : <class 'cshmd.analysis.Chain'> loaded
06/05 10:13 [INFO] cshmd.analysis (evaluate_chain)                               : [Silicate Chain] CL : Length 3: 1
06/05 10:13 [INFO] cshmd.analysis (evaluate_chain)                               : [Silicate Chain] MCL : 3.000
06/05 10:15 [DEBUG] cshmd.common (get_logger)                                    : $$$$$$$$$$$$$$  Logger 'cshmd.common........' initialized  $$$$$$$$$$$$$$
06/05 10:15 [DEBUG] cshmd.functions (get_logger)                                 : $$$$$$$$$$$$$$  Logger 'cshmd.functions.....' initialized  $$$$$$$$$$$$$$
06/05 10:15 [DEBUG] cshmd.load (get_logger)                                      : $$$$$$$$$$$$$$  Logger 'cshmd.load..........' initialized  $$$$$$$$$$$$$$
06/05 10:15 [DEBUG] cshmd.analysis (get_logger)                                  : $$$$$$$$$$$$$$  Logger 'cshmd.analysis......' initialized  $$$$$$$$$$$$$$
06/05 10:15 [DEBUG] cshmd.equation (get_logger)                                  : $$$$$$$$$$$$$$  Logger 'cshmd.equation......' initialized  $$$$$$$$$$$$$$
06/05 10:16 [DEBUG] cshmd.common (get_logger)                                    : $$$$$$$$$$$$$$  Logger 'cshmd.common........' initialized  $$$$$$$$$$$$$$
06/05 10:16 [DEBUG] cshmd.functions (get_logger)                                 : $$$$$$$$$$$$$$  Logger 'cshmd.functions.....' initialized  $$$$$$$$$$$$$$
06/05 10:16 [DEBUG] cshmd.load (get_logger)                                      : $$$$$$$$$$$$$$  Logger 'cshmd.load..........' initialized  $$$$$$$$$$$$$$
06/05 10:16 [DEBUG] cshmd.analysis (get_logger)                                  : $$$$$$$$$$$$$$  Logger 'cshmd.analysis......' initialized  $$$$$$$$$$$$$$
06/05 10:16 [DEBUG] cshmd.equation (get_logger)                                  : $$$$$$$$$$$$$$  Logger 'cshmd.equation......' initialized  $$$$$$$$$$$$$$
06/05 10:16 [DEBUG] cshmd.structure (get_logger)                                 : $$$$$$$$$$$$$$  Logger 'cshmd.structure.....' initialized  $$$$$$$$$$$$$$
06/05 10:16 [DEBUG] cshmd.builder (get_logger)                                   : $$$$$$$$$$$$$$  Logger 'cshmd.builder.......' initialized  $$$$$$$$$$$$$$
06/05 10:16 [DEBUG] cshmd.trj_analysis (get_logger)                              : $$$$$$$$$$$$$$  Logger 'cshmd.trj_analysis..' initialized  $$$$$$$$$$$$$$
06/05 10:16 [DEBUG] csh_info (get_logger)                                        : $$$$$$$$$$$$$$  Logger 'csh_info............' initialized  $$$$$$$$$$$$$$
06/05 10:16 [INFO] csh_info (main)                                               : Cif: T14_111_short2.cif
06/05 10:16 [INFO] cshmd.structure (_load_file)                                  : T14_111_short2.cif was loaded
06/05 10:16 [DEBUG] cshmd.analysis (__init__)                                    : [StructureManager] Now new data setted for get Bonds
06/05 10:16 [DEBUG] cshmd.analysis (__del_bond__)                                : del -> Si_O O_H H_O Ca_O C_O BO NBO
06/05 10:16 [DEBUG] cshmd.analysis (__initialize_mole__)                         : initalize -> H2O SiO4 OH CO3 CO2 H3O
06/05 10:16 [DEBUG] cshmd.analysis (__initialize_mole__)                         : initalize -> SiOH CaOH HCO3 H2CO3 H3CO3
06/05 10:16 [DEBUG] cshmd.analysis (find_bond)                                   : find_bond O - H rcut -> 1.2
06/05 10:16 [DEBUG] cshmd.common (time_wrapper)                                  : [RUNTIME] get_distance_table in 0.000 seconds
06/05 10:16 [DEBUG] cshmd.analysis (get_mole)                                    : get_mole O - H -> nbonds: 2
06/05 10:16 [DEBUG] cshmd.analysis (find_bond)                                   : find_bond Si - O rcut -> 2.3
06/05 10:16 [DEBUG] cshmd.common (time_wrapper)                                  : [RUNTIME] get_distance_table in 0.000 seconds
06/05 10:16 [DEBUG] cshmd.analysis (get_mole)                                    : get_mole Si - O -> nbonds: 4
06/05 10:16 [DEBUG] cshmd.analysis (get_mole)                                    : get_mole O - H -> nbonds: 1
06/05 10:16 [DEBUG] cshmd.analysis (find_bond)                                   : find_bond C - O rcut -> 1.6
06/05 10:16 [DEBUG] cshmd.analysis (get_mole)                                    : get_mole C - O -> nbonds: 3
06/05 10:16 [DEBUG] cshmd.analysis (get_mole)                                    : get_mole O - H -> nbonds: 3
06/05 10:16 [DEBUG] cshmd.analysis (find_bond)                                   : find_bond Ca - O rcut -> 3.0
06/05 10:16 [DEBUG] cshmd.common (time_wrapper)                                  : [RUNTIME] get_distance_table in 0.000 seconds
06/05 10:16 [DEBUG] cshmd.analysis (search_basic)                                : Basic search result -> H2O: 9, SiO4: 12, OH: 2, CO3: 0, H3O: 0, Ca_O: 60
06/05 10:16 [DEBUG] cshmd.analysis (_detail_search_chain)                        : Search layer details
06/05 10:16 [DEBUG] cshmd.analysis (set_layer_boundary)                          : Set layer boundary -> 0.2391587621 - 0.731474156325
06/05 10:16 [DEBUG] cshmd.analysis (_detail_search_adsorption)                   : Start basic analysis
06/05 10:16 [DEBUG] cshmd.analysis (__detail_surface_co3_adsorption)             : No 'C' in system
06/05 10:16 [DEBUG] cshmd.analysis (__detail_search_oh_co3)                      : No CO3 in basic search
06/05 10:16 [DEBUG] cshmd.analysis (__detail_search_oh_sioh)                     : Searching 'OH' in 'SiO4
06/05 10:16 [DEBUG] cshmd.analysis (__detail_search_oh_caoh)                     : Searching 'OH' in 'CaOH
06/05 10:16 [INFO] cshmd.analysis (Qn)                                           : [Silicate Chain] Q2: 1.000
06/05 10:16 [INFO] cshmd.analysis (evaluate_chain)                               : [Silicate Chain] BT: 4, PT: 8
06/05 10:16 [DEBUG] cshmd.analysis (__init__)                                    : <class 'cshmd.analysis.Chain'> loaded
06/05 10:16 [DEBUG] cshmd.analysis (__init__)                                    : <class 'cshmd.analysis.Chain'> loaded
06/05 10:16 [DEBUG] cshmd.analysis (__init__)                                    : <class 'cshmd.analysis.Chain'> loaded
06/05 10:16 [DEBUG] cshmd.analysis (__init__)                                    : <class 'cshmd.analysis.Chain'> loaded
06/05 10:16 [INFO] cshmd.analysis (evaluate_chain)                               : [Silicate Chain] CL : Length 3: 1
06/05 10:16 [INFO] cshmd.analysis (evaluate_chain)                               : [Silicate Chain] MCL : 3.000
06/05 10:16 [INFO] cshmd.structure (out2info)                                    : 'info.tmp.pkl' was created
06/05 10:19 [DEBUG] cshmd.common (get_logger)                                    : $$$$$$$$$$$$$$  Logger 'cshmd.common........' initialized  $$$$$$$$$$$$$$
06/05 10:19 [DEBUG] cshmd.functions (get_logger)                                 : $$$$$$$$$$$$$$  Logger 'cshmd.functions.....' initialized  $$$$$$$$$$$$$$
06/05 10:19 [DEBUG] cshmd.load (get_logger)                                      : $$$$$$$$$$$$$$  Logger 'cshmd.load..........' initialized  $$$$$$$$$$$$$$
06/05 10:19 [DEBUG] cshmd.analysis (get_logger)                                  : $$$$$$$$$$$$$$  Logger 'cshmd.analysis......' initialized  $$$$$$$$$$$$$$
06/05 10:19 [DEBUG] cshmd.equation (get_logger)                                  : $$$$$$$$$$$$$$  Logger 'cshmd.equation......' initialized  $$$$$$$$$$$$$$
06/05 10:19 [DEBUG] cshmd.structure (get_logger)                                 : $$$$$$$$$$$$$$  Logger 'cshmd.structure.....' initialized  $$$$$$$$$$$$$$
06/05 10:19 [DEBUG] cshmd.builder (get_logger)                                   : $$$$$$$$$$$$$$  Logger 'cshmd.builder.......' initialized  $$$$$$$$$$$$$$
06/05 10:19 [DEBUG] cshmd.trj_analysis (get_logger)                              : $$$$$$$$$$$$$$  Logger 'cshmd.trj_analysis..' initialized  $$$$$$$$$$$$$$
06/05 10:19 [DEBUG] csh_info (get_logger)                                        : $$$$$$$$$$$$$$  Logger 'csh_info............' initialized  $$$$$$$$$$$$$$
06/05 10:19 [INFO] csh_info (main)                                               : Cif: T14-base-Ca.cif
06/05 10:19 [INFO] cshmd.structure (_load_file)                                  : T14-base-Ca.cif was loaded
06/05 10:19 [DEBUG] cshmd.analysis (__init__)                                    : [StructureManager] Now new data setted for get Bonds
06/05 10:19 [DEBUG] cshmd.analysis (__del_bond__)                                : del -> Si_O O_H H_O Ca_O C_O BO NBO
06/05 10:19 [DEBUG] cshmd.analysis (__initialize_mole__)                         : initalize -> H2O SiO4 OH CO3 CO2 H3O
06/05 10:19 [DEBUG] cshmd.analysis (__initialize_mole__)                         : initalize -> SiOH CaOH HCO3 H2CO3 H3CO3
06/05 10:19 [DEBUG] cshmd.analysis (find_bond)                                   : find_bond O - H rcut -> 1.2
06/05 10:19 [DEBUG] cshmd.common (time_wrapper)                                  : [RUNTIME] get_distance_table in 0.000 seconds
06/05 10:19 [DEBUG] cshmd.analysis (get_mole)                                    : get_mole O - H -> nbonds: 2
06/05 10:19 [DEBUG] cshmd.analysis (find_bond)                                   : find_bond Si - O rcut -> 2.3
06/05 10:19 [DEBUG] cshmd.common (time_wrapper)                                  : [RUNTIME] get_distance_table in 0.000 seconds
06/05 10:19 [DEBUG] cshmd.analysis (get_mole)                                    : get_mole Si - O -> nbonds: 4
06/05 10:19 [DEBUG] cshmd.analysis (get_mole)                                    : get_mole O - H -> nbonds: 1
06/05 10:19 [DEBUG] cshmd.analysis (find_bond)                                   : find_bond C - O rcut -> 1.6
06/05 10:19 [DEBUG] cshmd.analysis (get_mole)                                    : get_mole C - O -> nbonds: 3
06/05 10:19 [DEBUG] cshmd.analysis (get_mole)                                    : get_mole O - H -> nbonds: 3
06/05 10:19 [DEBUG] cshmd.analysis (find_bond)                                   : find_bond Ca - O rcut -> 3.0
06/05 10:19 [DEBUG] cshmd.common (time_wrapper)                                  : [RUNTIME] get_distance_table in 0.000 seconds
06/05 10:19 [DEBUG] cshmd.analysis (search_basic)                                : Basic search result -> H2O: 9, SiO4: 12, OH: 6, CO3: 0, H3O: 0, Ca_O: 64
06/05 10:19 [DEBUG] cshmd.analysis (_detail_search_chain)                        : Search layer details
06/05 10:19 [DEBUG] cshmd.analysis (set_layer_boundary)                          : Set layer boundary -> 0.25002 - 0.7500199999999999
06/05 10:19 [DEBUG] cshmd.analysis (_detail_search_adsorption)                   : Start basic analysis
06/05 10:19 [DEBUG] cshmd.analysis (find_bond)                                   : find_bond Ca - O rcut -> 3.1
06/05 10:19 [DEBUG] cshmd.analysis (find_bond)                                   : find_bond Ca - O rcut -> 5.2
06/05 11:03 [DEBUG] cshmd.common (get_logger)                                    : $$$$$$$$$$$$$$  Logger 'cshmd.common........' initialized  $$$$$$$$$$$$$$
06/05 11:03 [DEBUG] cshmd.functions (get_logger)                                 : $$$$$$$$$$$$$$  Logger 'cshmd.functions.....' initialized  $$$$$$$$$$$$$$
06/05 11:03 [DEBUG] cshmd.load (get_logger)                                      : $$$$$$$$$$$$$$  Logger 'cshmd.load..........' initialized  $$$$$$$$$$$$$$
06/05 11:03 [DEBUG] cshmd.analysis (get_logger)                                  : $$$$$$$$$$$$$$  Logger 'cshmd.analysis......' initialized  $$$$$$$$$$$$$$
06/05 11:03 [DEBUG] cshmd.equation (get_logger)                                  : $$$$$$$$$$$$$$  Logger 'cshmd.equation......' initialized  $$$$$$$$$$$$$$
06/05 11:03 [DEBUG] cshmd.structure (get_logger)                                 : $$$$$$$$$$$$$$  Logger 'cshmd.structure.....' initialized  $$$$$$$$$$$$$$
06/05 11:03 [DEBUG] cshmd.builder (get_logger)                                   : $$$$$$$$$$$$$$  Logger 'cshmd.builder.......' initialized  $$$$$$$$$$$$$$
06/05 11:03 [DEBUG] cshmd.trj_analysis (get_logger)                              : $$$$$$$$$$$$$$  Logger 'cshmd.trj_analysis..' initialized  $$$$$$$$$$$$$$
06/05 11:03 [DEBUG] csh_info (get_logger)                                        : $$$$$$$$$$$$$$  Logger 'csh_info............' initialized  $$$$$$$$$$$$$$
06/05 11:03 [INFO] csh_info (main)                                               : Cif: T14-base-Ca.cif
06/05 11:03 [INFO] cshmd.structure (_load_file)                                  : T14-base-Ca.cif was loaded
06/05 11:03 [DEBUG] cshmd.analysis (__init__)                                    : [StructureManager] Now new data setted for get Bonds
06/05 11:03 [DEBUG] cshmd.analysis (__del_bond__)                                : del -> Si_O O_H H_O Ca_O C_O BO NBO
06/05 11:03 [DEBUG] cshmd.analysis (__initialize_mole__)                         : initalize -> H2O SiO4 OH CO3 CO2 H3O
06/05 11:03 [DEBUG] cshmd.analysis (__initialize_mole__)                         : initalize -> SiOH CaOH HCO3 H2CO3 H3CO3
06/05 11:03 [INFO] cshmd.analysis (decorator)                                    : Search level: full
06/05 11:03 [DEBUG] cshmd.analysis (find_bond)                                   : find_bond O - H rcut -> 1.2
06/05 11:03 [DEBUG] cshmd.common (time_wrapper)                                  : [RUNTIME] get_distance_table in 0.000 seconds
06/05 11:03 [DEBUG] cshmd.analysis (get_mole)                                    : get_mole O - H -> nbonds: 2
06/05 11:03 [DEBUG] cshmd.analysis (find_bond)                                   : find_bond Si - O rcut -> 2.3
06/05 11:03 [DEBUG] cshmd.common (time_wrapper)                                  : [RUNTIME] get_distance_table in 0.000 seconds
06/05 11:03 [DEBUG] cshmd.analysis (get_mole)                                    : get_mole Si - O -> nbonds: 4
06/05 11:03 [DEBUG] cshmd.analysis (get_mole)                                    : get_mole O - H -> nbonds: 1
06/05 11:03 [DEBUG] cshmd.analysis (find_bond)                                   : find_bond C - O rcut -> 1.6
06/05 11:03 [DEBUG] cshmd.analysis (get_mole)                                    : get_mole C - O -> nbonds: 3
06/05 11:03 [DEBUG] cshmd.analysis (get_mole)                                    : get_mole O - H -> nbonds: 3
06/05 11:03 [DEBUG] cshmd.analysis (find_bond)                                   : find_bond Ca - O rcut -> 3.0
06/05 11:03 [DEBUG] cshmd.common (time_wrapper)                                  : [RUNTIME] get_distance_table in 0.000 seconds
06/05 11:03 [DEBUG] cshmd.analysis (_search_basic)                               : Basic search result -> H2O: 9, SiO4: 12, OH: 6, CO3: 0, H3O: 0, Ca_O: 64
06/05 11:03 [DEBUG] cshmd.analysis (_detail_search_chain)                        : Search layer details
06/05 11:03 [DEBUG] cshmd.analysis (set_layer_boundary)                          : Set layer boundary -> 0.25002 - 0.7500199999999999
06/05 11:03 [DEBUG] cshmd.analysis (_detail_search_adsorption)                   : Start basic analysis
06/05 11:03 [DEBUG] cshmd.analysis (find_bond)                                   : find_bond Ca - O rcut -> 3.1
06/05 11:03 [DEBUG] cshmd.analysis (find_bond)                                   : find_bond Ca - O rcut -> 5.2
06/05 11:03 [DEBUG] cshmd.analysis (__detail_surface_co3_adsorption)             : No 'C' in system
06/05 11:03 [DEBUG] cshmd.analysis (__detail_search_oh_co3)                      : No CO3 in basic search
06/05 11:03 [DEBUG] cshmd.analysis (__detail_search_oh_sioh)                     : Searching 'OH' in 'SiO4
06/05 11:03 [DEBUG] cshmd.analysis (__detail_search_oh_caoh)                     : Searching 'OH' in 'CaOH
06/05 11:03 [INFO] cshmd.analysis (Qn)                                           : [Silicate Chain] Q2: 1.000
06/05 11:03 [INFO] cshmd.analysis (evaluate_chain)                               : [Silicate Chain] BT: 4, PT: 8
06/05 11:03 [DEBUG] cshmd.analysis (__init__)                                    : <class 'cshmd.analysis.Chain'> loaded
06/05 11:03 [DEBUG] cshmd.analysis (__init__)                                    : <class 'cshmd.analysis.Chain'> loaded
06/05 11:03 [DEBUG] cshmd.analysis (__init__)                                    : <class 'cshmd.analysis.Chain'> loaded
06/05 11:03 [DEBUG] cshmd.analysis (__init__)                                    : <class 'cshmd.analysis.Chain'> loaded
06/05 11:03 [INFO] cshmd.analysis (evaluate_chain)                               : [Silicate Chain] CL : Length 3: 1
06/05 11:03 [INFO] cshmd.analysis (evaluate_chain)                               : [Silicate Chain] MCL : 3.000
06/05 11:03 [INFO] cshmd.structure (out2info)                                    : 'info.tmp.pkl' was created
06/05 11:03 [DEBUG] cshmd.common (get_logger)                                    : $$$$$$$$$$$$$$  Logger 'cshmd.common........' initialized  $$$$$$$$$$$$$$
06/05 11:03 [DEBUG] cshmd.functions (get_logger)                                 : $$$$$$$$$$$$$$  Logger 'cshmd.functions.....' initialized  $$$$$$$$$$$$$$
06/05 11:03 [DEBUG] cshmd.load (get_logger)                                      : $$$$$$$$$$$$$$  Logger 'cshmd.load..........' initialized  $$$$$$$$$$$$$$
06/05 11:03 [DEBUG] cshmd.analysis (get_logger)                                  : $$$$$$$$$$$$$$  Logger 'cshmd.analysis......' initialized  $$$$$$$$$$$$$$
06/05 11:03 [DEBUG] cshmd.equation (get_logger)                                  : $$$$$$$$$$$$$$  Logger 'cshmd.equation......' initialized  $$$$$$$$$$$$$$
06/05 11:03 [DEBUG] cshmd.structure (get_logger)                                 : $$$$$$$$$$$$$$  Logger 'cshmd.structure.....' initialized  $$$$$$$$$$$$$$
06/05 11:03 [DEBUG] cshmd.builder (get_logger)                                   : $$$$$$$$$$$$$$  Logger 'cshmd.builder.......' initialized  $$$$$$$$$$$$$$
06/05 11:03 [DEBUG] cshmd.trj_analysis (get_logger)                              : $$$$$$$$$$$$$$  Logger 'cshmd.trj_analysis..' initialized  $$$$$$$$$$$$$$
06/05 11:03 [DEBUG] csh_info (get_logger)                                        : $$$$$$$$$$$$$$  Logger 'csh_info............' initialized  $$$$$$$$$$$$$$
06/05 11:03 [DEBUG] cshmd.common (get_logger)                                    : $$$$$$$$$$$$$$  Logger 'cshmd.common........' initialized  $$$$$$$$$$$$$$
06/05 11:03 [DEBUG] cshmd.functions (get_logger)                                 : $$$$$$$$$$$$$$  Logger 'cshmd.functions.....' initialized  $$$$$$$$$$$$$$
06/05 11:03 [DEBUG] cshmd.load (get_logger)                                      : $$$$$$$$$$$$$$  Logger 'cshmd.load..........' initialized  $$$$$$$$$$$$$$
06/05 11:03 [DEBUG] cshmd.analysis (get_logger)                                  : $$$$$$$$$$$$$$  Logger 'cshmd.analysis......' initialized  $$$$$$$$$$$$$$
06/05 11:03 [DEBUG] cshmd.equation (get_logger)                                  : $$$$$$$$$$$$$$  Logger 'cshmd.equation......' initialized  $$$$$$$$$$$$$$
06/05 11:03 [DEBUG] cshmd.structure (get_logger)                                 : $$$$$$$$$$$$$$  Logger 'cshmd.structure.....' initialized  $$$$$$$$$$$$$$
06/05 11:03 [DEBUG] cshmd.builder (get_logger)                                   : $$$$$$$$$$$$$$  Logger 'cshmd.builder.......' initialized  $$$$$$$$$$$$$$
06/05 11:03 [DEBUG] cshmd.trj_analysis (get_logger)                              : $$$$$$$$$$$$$$  Logger 'cshmd.trj_analysis..' initialized  $$$$$$$$$$$$$$
06/05 11:03 [DEBUG] csh_info (get_logger)                                        : $$$$$$$$$$$$$$  Logger 'csh_info............' initialized  $$$$$$$$$$$$$$
06/05 11:04 [DEBUG] cshmd.common (get_logger)                                    : $$$$$$$$$$$$$$  Logger 'cshmd.common........' initialized  $$$$$$$$$$$$$$
06/05 11:04 [DEBUG] cshmd.functions (get_logger)                                 : $$$$$$$$$$$$$$  Logger 'cshmd.functions.....' initialized  $$$$$$$$$$$$$$
06/05 11:04 [DEBUG] cshmd.load (get_logger)                                      : $$$$$$$$$$$$$$  Logger 'cshmd.load..........' initialized  $$$$$$$$$$$$$$
06/05 11:04 [DEBUG] cshmd.analysis (get_logger)                                  : $$$$$$$$$$$$$$  Logger 'cshmd.analysis......' initialized  $$$$$$$$$$$$$$
06/05 11:04 [DEBUG] cshmd.equation (get_logger)                                  : $$$$$$$$$$$$$$  Logger 'cshmd.equation......' initialized  $$$$$$$$$$$$$$
06/05 11:04 [DEBUG] cshmd.structure (get_logger)                                 : $$$$$$$$$$$$$$  Logger 'cshmd.structure.....' initialized  $$$$$$$$$$$$$$
06/05 11:04 [DEBUG] cshmd.builder (get_logger)                                   : $$$$$$$$$$$$$$  Logger 'cshmd.builder.......' initialized  $$$$$$$$$$$$$$
06/05 11:04 [DEBUG] cshmd.trj_analysis (get_logger)                              : $$$$$$$$$$$$$$  Logger 'cshmd.trj_analysis..' initialized  $$$$$$$$$$$$$$
06/05 11:04 [DEBUG] csh_info (get_logger)                                        : $$$$$$$$$$$$$$  Logger 'csh_info............' initialized  $$$$$$$$$$$$$$
06/05 11:04 [INFO] csh_info (main)                                               : Cif: T14-base-Ca.cif
06/05 11:04 [INFO] cshmd.structure (_load_file)                                  : T14-base-Ca.cif was loaded
06/05 11:04 [DEBUG] cshmd.analysis (__init__)                                    : [StructureManager] Now new data setted for get Bonds
06/05 11:04 [DEBUG] cshmd.analysis (__del_bond__)                                : del -> Si_O O_H H_O Ca_O C_O BO NBO
06/05 11:04 [DEBUG] cshmd.analysis (__initialize_mole__)                         : initalize -> H2O SiO4 OH CO3 CO2 H3O
06/05 11:04 [DEBUG] cshmd.analysis (__initialize_mole__)                         : initalize -> SiOH CaOH HCO3 H2CO3 H3CO3
06/05 11:04 [INFO] cshmd.analysis (decorator)                                    : Search level: full
06/05 11:04 [DEBUG] cshmd.analysis (find_bond)                                   : find_bond O - H rcut -> 1.2
06/05 11:04 [DEBUG] cshmd.common (time_wrapper)                                  : [RUNTIME] get_distance_table in 0.000 seconds
06/05 11:04 [DEBUG] cshmd.analysis (get_mole)                                    : get_mole O - H -> nbonds: 2
06/05 11:04 [DEBUG] cshmd.analysis (find_bond)                                   : find_bond Si - O rcut -> 2.3
06/05 11:04 [DEBUG] cshmd.common (time_wrapper)                                  : [RUNTIME] get_distance_table in 0.000 seconds
06/05 11:04 [DEBUG] cshmd.analysis (get_mole)                                    : get_mole Si - O -> nbonds: 4
06/05 11:04 [DEBUG] cshmd.analysis (get_mole)                                    : get_mole O - H -> nbonds: 1
06/05 11:04 [DEBUG] cshmd.analysis (find_bond)                                   : find_bond C - O rcut -> 1.6
06/05 11:04 [DEBUG] cshmd.analysis (get_mole)                                    : get_mole C - O -> nbonds: 3
06/05 11:04 [DEBUG] cshmd.analysis (get_mole)                                    : get_mole O - H -> nbonds: 3
06/05 11:04 [DEBUG] cshmd.analysis (find_bond)                                   : find_bond Ca - O rcut -> 3.0
06/05 11:04 [DEBUG] cshmd.common (time_wrapper)                                  : [RUNTIME] get_distance_table in 0.000 seconds
06/05 11:04 [DEBUG] cshmd.analysis (_search_basic)                               : Basic search result -> H2O: 9, SiO4: 12, OH: 6, CO3: 0, H3O: 0, Ca_O: 64
06/05 11:04 [DEBUG] cshmd.analysis (_detail_search_chain)                        : Search layer details
06/05 11:04 [DEBUG] cshmd.analysis (set_layer_boundary)                          : Set layer boundary -> 0.25002 - 0.7500199999999999
06/05 11:04 [DEBUG] cshmd.analysis (_detail_search_adsorption)                   : Start basic analysis
06/05 11:04 [DEBUG] cshmd.analysis (find_bond)                                   : find_bond Ca - O rcut -> 3.1
