04/15 11:19 [DEBUG] cshmd.common (get_logger)                                    : $$$$$$$$$$$$$$  Logger 'cshmd.common........' initialized  $$$$$$$$$$$$$$
04/15 11:19 [DEBUG] cshmd.functions (get_logger)                                 : $$$$$$$$$$$$$$  Logger 'cshmd.functions.....' initialized  $$$$$$$$$$$$$$
04/15 11:19 [DEBUG] cshmd.load (get_logger)                                      : $$$$$$$$$$$$$$  Logger 'cshmd.load..........' initialized  $$$$$$$$$$$$$$
04/15 11:19 [DEBUG] cshmd.analysis (get_logger)                                  : $$$$$$$$$$$$$$  Logger 'cshmd.analysis......' initialized  $$$$$$$$$$$$$$
04/15 11:19 [DEBUG] cshmd.structure (get_logger)                                 : $$$$$$$$$$$$$$  Logger 'cshmd.structure.....' initialized  $$$$$$$$$$$$$$
04/15 11:19 [DEBUG] cshmd.builder (get_logger)                                   : $$$$$$$$$$$$$$  Logger 'cshmd.builder.......' initialized  $$$$$$$$$$$$$$
04/15 11:19 [DEBUG] cshmd.trj_analysis (get_logger)                              : $$$$$$$$$$$$$$  Logger 'cshmd.trj_analysis..' initialized  $$$$$$$$$$$$$$
04/15 11:19 [DEBUG] csh_builder (get_logger)                                     : $$$$$$$$$$$$$$  Logger 'csh_builder.........' initialized  $$$$$$$$$$$$$$
04/15 11:19 [INFO] csh_builder (main)                                            : ----------------------------------------------------------------------
04/15 11:19 [INFO] csh_builder (main)                                            : 'L03.yaml' loaded
04/15 11:19 [INFO] cshmd.structure (__init__)                                    : /Users/kimuni/bin/kimuni/cshmd/data/resources/cif/T14_111_term.cif was loaded
04/15 11:19 [DEBUG] cshmd.analysis (__init__)                                    : [Structure] Now new data setted for get Bonds
04/15 11:19 [DEBUG] cshmd.analysis (__del_bond__)                                : del -> Si_O O_H H_O Ca_O C_O BO NBO
04/15 11:19 [DEBUG] cshmd.analysis (__initialize_mole__)                         : initalize -> H2O SiO4 OH CO3 H3O
04/15 11:19 [DEBUG] cshmd.analysis (__initialize_mole__)                         : initalize -> SiOH CaOH HCO3 H2CO3 H3CO3
04/15 11:19 [DEBUG] cshmd.analysis (__init__)                                    : C-S-H Model not setted
04/15 11:19 [DEBUG] cshmd.analysis (find_bond)                                   : find_bond O - H rcut -> 1.2
04/15 11:19 [DEBUG] cshmd.common (time_wrapper)                                  : [RUNTIME] get_distance_table in 0.001 seconds
04/15 11:19 [DEBUG] cshmd.analysis (get_mole)                                    : get_mole O - H -> nbonds: 2
04/15 11:19 [DEBUG] cshmd.analysis (find_bond)                                   : find_bond Si - O rcut -> 2.2
04/15 11:19 [DEBUG] cshmd.common (time_wrapper)                                  : [RUNTIME] get_distance_table in 0.000 seconds
04/15 11:19 [DEBUG] cshmd.analysis (get_mole)                                    : get_mole Si - O -> nbonds: 4
04/15 11:19 [DEBUG] cshmd.analysis (get_mole)                                    : get_mole O - H -> nbonds: 1
04/15 11:19 [DEBUG] cshmd.analysis (find_bond)                                   : find_bond C - O rcut -> 1.6
04/15 11:19 [DEBUG] cshmd.analysis (get_mole)                                    : get_mole C - O -> nbonds: 3
04/15 11:19 [DEBUG] cshmd.analysis (get_mole)                                    : get_mole O - H -> nbonds: 3
04/15 11:19 [DEBUG] cshmd.analysis (find_bond)                                   : find_bond Ca - O rcut -> 3.0
04/15 11:19 [DEBUG] cshmd.common (time_wrapper)                                  : [RUNTIME] get_distance_table in 0.000 seconds
04/15 11:19 [DEBUG] cshmd.analysis (search_basic)                                : Basic search result -> H2O: 9, SiO4: 12, OH: 2, CO3: 0, H3O: 0, Ca_O: 60
04/15 11:19 [DEBUG] cshmd.analysis (full_search)                                 : Search layer details
04/15 11:19 [DEBUG] cshmd.analysis (find_bond)                                   : find_bond Ca - O rcut -> 3.0
04/15 11:19 [DEBUG] cshmd.analysis (find_bond)                                   : find_bond Si - O rcut -> 2.2
04/15 11:19 [DEBUG] cshmd.analysis (__detail_search_oh_co3)                      : No CO3 in basic search
04/15 11:19 [DEBUG] cshmd.analysis (__detail_search_oh_sioh)                     : Searching 'OH' in 'SiO4
04/15 11:19 [DEBUG] cshmd.analysis (__detail_search_oh_caoh)                     : No CaOH in basic search. RETURN
04/15 11:19 [INFO] cshmd.analysis (Qn)                                           : [Structure] Q2: 1.000
04/15 11:19 [INFO] cshmd.analysis (CS)                                           : [Structure] C/S: 0.750
04/15 11:19 [INFO] cshmd.analysis (validate_tetra)                               : [Structure] BT: 4, PT: 8
04/15 11:19 [DEBUG] cshmd.analysis (__init__)                                    : <class 'cshmd.analysis.Chain'> loaded
04/15 11:19 [DEBUG] cshmd.analysis (__init__)                                    : <class 'cshmd.analysis.Chain'> loaded
04/15 11:19 [DEBUG] cshmd.analysis (__init__)                                    : <class 'cshmd.analysis.Chain'> loaded
04/15 11:19 [DEBUG] cshmd.analysis (__init__)                                    : <class 'cshmd.analysis.Chain'> loaded
04/15 11:19 [INFO] cshmd.analysis (validate_tetra)                               : [Structure] CL : Length 3: 1
04/15 11:19 [INFO] cshmd.analysis (validate_tetra)                               : [Structure] MCL : 3.0
04/15 11:19 [INFO] cshmd.structure (__init__)                                    : /Users/kimuni/bin/kimuni/cshmd/data/resources/cif/T14_111_term.cif was loaded
04/15 11:19 [DEBUG] cshmd.analysis (__init__)                                    : [Structure] Now new data setted for get Bonds
04/15 11:19 [DEBUG] cshmd.analysis (__del_bond__)                                : del -> Si_O O_H H_O Ca_O C_O BO NBO
04/15 11:19 [DEBUG] cshmd.analysis (__initialize_mole__)                         : initalize -> H2O SiO4 OH CO3 H3O
04/15 11:19 [DEBUG] cshmd.analysis (__initialize_mole__)                         : initalize -> SiOH CaOH HCO3 H2CO3 H3CO3
04/15 11:19 [DEBUG] cshmd.analysis (find_bond)                                   : find_bond O - H rcut -> 1.2
04/15 11:19 [DEBUG] cshmd.common (time_wrapper)                                  : [RUNTIME] get_distance_table in 0.000 seconds
04/15 11:19 [DEBUG] cshmd.analysis (get_mole)                                    : get_mole O - H -> nbonds: 2
04/15 11:19 [DEBUG] cshmd.analysis (find_bond)                                   : find_bond Si - O rcut -> 2.2
04/15 11:19 [DEBUG] cshmd.common (time_wrapper)                                  : [RUNTIME] get_distance_table in 0.000 seconds
04/15 11:19 [DEBUG] cshmd.analysis (get_mole)                                    : get_mole Si - O -> nbonds: 4
04/15 11:19 [DEBUG] cshmd.analysis (get_mole)                                    : get_mole O - H -> nbonds: 1
04/15 11:19 [DEBUG] cshmd.analysis (find_bond)                                   : find_bond C - O rcut -> 1.6
04/15 11:19 [DEBUG] cshmd.analysis (get_mole)                                    : get_mole C - O -> nbonds: 3
04/15 11:19 [DEBUG] cshmd.analysis (get_mole)                                    : get_mole O - H -> nbonds: 3
04/15 11:19 [DEBUG] cshmd.analysis (find_bond)                                   : find_bond Ca - O rcut -> 3.0
04/15 11:19 [DEBUG] cshmd.common (time_wrapper)                                  : [RUNTIME] get_distance_table in 0.000 seconds
04/15 11:19 [DEBUG] cshmd.analysis (search_basic)                                : Basic search result -> H2O: 9, SiO4: 12, OH: 2, CO3: 0, H3O: 0, Ca_O: 60
04/15 11:19 [DEBUG] cshmd.analysis (full_search)                                 : Search layer details
04/15 11:19 [DEBUG] cshmd.analysis (find_bond)                                   : find_bond Ca - O rcut -> 3.0
04/15 11:19 [DEBUG] cshmd.analysis (find_bond)                                   : find_bond Si - O rcut -> 2.2
04/15 11:19 [DEBUG] cshmd.analysis (__detail_search_oh_co3)                      : No CO3 in basic search
04/15 11:19 [DEBUG] cshmd.analysis (__detail_search_oh_sioh)                     : Searching 'OH' in 'SiO4
04/15 11:19 [DEBUG] cshmd.analysis (__detail_search_oh_caoh)                     : No CaOH in basic search. RETURN
04/15 11:19 [INFO] cshmd.analysis (Qn)                                           : [Structure] Q2: 1.000
04/15 11:19 [INFO] cshmd.analysis (CS)                                           : [Structure] C/S: 0.750
04/15 11:19 [INFO] cshmd.analysis (validate_tetra)                               : [Structure] BT: 4, PT: 8
04/15 11:19 [DEBUG] cshmd.analysis (__init__)                                    : <class 'cshmd.analysis.Chain'> loaded
04/15 11:19 [DEBUG] cshmd.analysis (__init__)                                    : <class 'cshmd.analysis.Chain'> loaded
04/15 11:19 [DEBUG] cshmd.analysis (__init__)                                    : <class 'cshmd.analysis.Chain'> loaded
04/15 11:19 [DEBUG] cshmd.analysis (__init__)                                    : <class 'cshmd.analysis.Chain'> loaded
04/15 11:19 [INFO] cshmd.analysis (validate_tetra)                               : [Structure] CL : Length 3: 1
04/15 11:19 [INFO] cshmd.analysis (validate_tetra)                               : [Structure] MCL : 3.0
04/15 11:19 [INFO] csh_builder (main)                                            : [Structure] Reading command 'supercell'...
04/15 11:19 [INFO] cshmd.structure (makeSupercell)                               : [Structure] Supercell created 8 * 8 * 1
04/15 11:19 [DEBUG] cshmd.analysis (__init__)                                    : [Structure] Now new data setted for get Bonds
04/15 11:19 [DEBUG] cshmd.analysis (__del_bond__)                                : del -> Si_O O_H H_O Ca_O C_O BO NBO
04/15 11:19 [DEBUG] cshmd.analysis (__initialize_mole__)                         : initalize -> H2O SiO4 OH CO3 H3O
04/15 11:19 [DEBUG] cshmd.analysis (__initialize_mole__)                         : initalize -> SiOH CaOH HCO3 H2CO3 H3CO3
04/15 11:19 [DEBUG] cshmd.analysis (find_bond)                                   : find_bond O - H rcut -> 1.2
04/15 11:19 [DEBUG] cshmd.common (time_wrapper)                                  : [RUNTIME] get_distance_table in 0.670 seconds
04/15 11:19 [DEBUG] cshmd.analysis (get_mole)                                    : get_mole O - H -> nbonds: 2
04/15 11:19 [DEBUG] cshmd.analysis (find_bond)                                   : find_bond Si - O rcut -> 2.2
04/15 11:19 [DEBUG] cshmd.common (time_wrapper)                                  : [RUNTIME] get_distance_table in 0.424 seconds
04/15 11:19 [DEBUG] cshmd.analysis (get_mole)                                    : get_mole Si - O -> nbonds: 4
04/15 11:19 [DEBUG] cshmd.analysis (get_mole)                                    : get_mole O - H -> nbonds: 1
04/15 11:19 [DEBUG] cshmd.analysis (find_bond)                                   : find_bond C - O rcut -> 1.6
04/15 11:19 [DEBUG] cshmd.analysis (get_mole)                                    : get_mole C - O -> nbonds: 3
04/15 11:19 [DEBUG] cshmd.analysis (get_mole)                                    : get_mole O - H -> nbonds: 3
04/15 11:19 [DEBUG] cshmd.analysis (find_bond)                                   : find_bond Ca - O rcut -> 3.0
04/15 11:19 [DEBUG] cshmd.common (time_wrapper)                                  : [RUNTIME] get_distance_table in 0.306 seconds
04/15 11:19 [DEBUG] cshmd.analysis (search_basic)                                : Basic search result -> H2O: 576, SiO4: 768, OH: 128, CO3: 0, H3O: 0, Ca_O: 3840
04/15 11:19 [DEBUG] cshmd.analysis (full_search)                                 : Search layer details
04/15 11:19 [DEBUG] cshmd.analysis (find_bond)                                   : find_bond Ca - O rcut -> 3.0
04/15 11:19 [DEBUG] cshmd.analysis (find_bond)                                   : find_bond Si - O rcut -> 2.2
04/15 11:19 [DEBUG] cshmd.analysis (__detail_search_oh_co3)                      : No CO3 in basic search
04/15 11:19 [DEBUG] cshmd.analysis (__detail_search_oh_sioh)                     : Searching 'OH' in 'SiO4
04/15 11:19 [DEBUG] cshmd.analysis (__detail_search_oh_caoh)                     : No CaOH in basic search. RETURN
04/15 11:19 [INFO] cshmd.analysis (Qn)                                           : [Structure] Q2: 1.000
04/15 11:19 [INFO] cshmd.analysis (CS)                                           : [Structure] C/S: 0.750
04/15 11:19 [INFO] cshmd.analysis (validate_tetra)                               : [Structure] BT: 256, PT: 512
04/15 11:19 [DEBUG] cshmd.analysis (__init__)                                    : <class 'cshmd.analysis.Chain'> loaded
04/15 11:19 [DEBUG] cshmd.analysis (__init__)                                    : <class 'cshmd.analysis.Chain'> loaded
04/15 11:19 [DEBUG] cshmd.analysis (__init__)                                    : <class 'cshmd.analysis.Chain'> loaded
04/15 11:19 [DEBUG] cshmd.analysis (__init__)                                    : <class 'cshmd.analysis.Chain'> loaded
04/15 11:19 [INFO] cshmd.analysis (validate_tetra)                               : [Structure] CL : Length 24: 8
04/15 11:19 [INFO] cshmd.analysis (validate_tetra)                               : [Structure] MCL : 24.0
04/15 11:19 [INFO] cshmd.builder (update_manager)                                : [Structure] Number of atoms: 86 -> 5504
04/15 11:19 [INFO] csh_builder (main)                                            : [Structure] Reading command 'defect_BT'...
04/15 11:19 [INFO] cshmd.builder (defect_BT)                                     : [Structure] Termination scope: False
04/15 11:19 [INFO] cshmd.builder (defect_BT)                                     : [Structure] Exists 64 Bridging Tetra in 'up' side
04/15 11:19 [INFO] cshmd.structure (add_Ca)                                      : [Structure] Add Ca
04/15 11:19 [INFO] cshmd.builder (defect_BT)                                     : [Structure] Exists 64 Bridging Tetra in 'down' side
04/15 11:19 [INFO] cshmd.structure (add_Ca)                                      : [Structure] Add Ca
04/15 11:19 [INFO] cshmd.builder (defect_BT)                                     : [Structure] Termination scope: False
04/15 11:19 [INFO] cshmd.builder (defect_BT)                                     : [Structure] Exists 64 Bridging Tetra in 'down' side
04/15 11:19 [INFO] cshmd.structure (add_Ca)                                      : [Structure] Add Ca with 1 OH
04/15 11:19 [INFO] cshmd.builder (defect_BT)                                     : [Structure] Exists 64 Bridging Tetra in 'up' side
04/15 11:19 [INFO] cshmd.structure (add_Ca)                                      : [Structure] Add Ca with 1 OH
04/15 11:19 [INFO] cshmd.structure (check_rm_list)                               : Delete 672 atoms in rm_list
04/15 11:19 [DEBUG] cshmd.analysis (__init__)                                    : [Structure] Now new data setted for get Bonds
04/15 11:19 [DEBUG] cshmd.analysis (__del_bond__)                                : del -> Si_O O_H H_O Ca_O C_O BO NBO
04/15 11:19 [DEBUG] cshmd.analysis (__initialize_mole__)                         : initalize -> H2O SiO4 OH CO3 H3O
04/15 11:19 [DEBUG] cshmd.analysis (__initialize_mole__)                         : initalize -> SiOH CaOH HCO3 H2CO3 H3CO3
04/15 11:19 [DEBUG] cshmd.analysis (find_bond)                                   : find_bond O - H rcut -> 1.2
04/15 11:19 [DEBUG] cshmd.common (time_wrapper)                                  : [RUNTIME] get_distance_table in 0.600 seconds
04/15 11:19 [DEBUG] cshmd.analysis (get_mole)                                    : get_mole O - H -> nbonds: 2
04/15 11:19 [DEBUG] cshmd.analysis (find_bond)                                   : find_bond Si - O rcut -> 2.2
04/15 11:19 [DEBUG] cshmd.common (time_wrapper)                                  : [RUNTIME] get_distance_table in 0.276 seconds
04/15 11:19 [DEBUG] cshmd.analysis (get_mole)                                    : get_mole Si - O -> nbonds: 4
04/15 11:19 [DEBUG] cshmd.analysis (get_mole)                                    : get_mole O - H -> nbonds: 1
04/15 11:19 [DEBUG] cshmd.analysis (find_bond)                                   : find_bond C - O rcut -> 1.6
04/15 11:19 [DEBUG] cshmd.analysis (get_mole)                                    : get_mole C - O -> nbonds: 3
04/15 11:19 [DEBUG] cshmd.analysis (get_mole)                                    : get_mole O - H -> nbonds: 3
04/15 11:19 [DEBUG] cshmd.analysis (find_bond)                                   : find_bond Ca - O rcut -> 3.0
04/15 11:19 [DEBUG] cshmd.common (time_wrapper)                                  : [RUNTIME] get_distance_table in 0.359 seconds
04/15 11:19 [DEBUG] cshmd.analysis (search_basic)                                : Basic search result -> H2O: 576, SiO4: 576, OH: 128, CO3: 0, H3O: 0, Ca_O: 4128
04/15 11:19 [DEBUG] cshmd.analysis (full_search)                                 : Search layer details
04/15 11:19 [DEBUG] cshmd.analysis (find_bond)                                   : find_bond Ca - O rcut -> 3.0
04/15 11:19 [DEBUG] cshmd.analysis (find_bond)                                   : find_bond Si - O rcut -> 2.2
04/15 11:19 [DEBUG] cshmd.analysis (__detail_search_oh_co3)                      : No CO3 in basic search
04/15 11:19 [DEBUG] cshmd.analysis (__detail_search_oh_sioh)                     : Searching 'OH' in 'SiO4
04/15 11:19 [DEBUG] cshmd.analysis (__detail_search_oh_caoh)                     : Searching 'OH' in 'CaOH
04/15 11:19 [INFO] cshmd.analysis (Qn)                                           : [Structure] Q1: 0.667
04/15 11:19 [INFO] cshmd.analysis (Qn)                                           : [Structure] Q2: 0.333
04/15 11:19 [INFO] cshmd.analysis (CS)                                           : [Structure] C/S: 1.167
04/15 11:19 [INFO] cshmd.analysis (validate_tetra)                               : [Structure] BT: 64, PT: 512
04/15 11:19 [DEBUG] cshmd.analysis (__init__)                                    : <class 'cshmd.analysis.Chain'> loaded
04/15 11:19 [DEBUG] cshmd.analysis (__init__)                                    : <class 'cshmd.analysis.Chain'> loaded
04/15 11:19 [DEBUG] cshmd.analysis (__init__)                                    : <class 'cshmd.analysis.Chain'> loaded
04/15 11:19 [DEBUG] cshmd.analysis (__init__)                                    : <class 'cshmd.analysis.Chain'> loaded
04/15 11:19 [INFO] cshmd.analysis (validate_tetra)                               : [Structure] CL : Length 2: 32 Length 5: 16
04/15 11:19 [INFO] cshmd.analysis (validate_tetra)                               : [Structure] MCL : 3.0
04/15 11:19 [INFO] cshmd.builder (update_manager)                                : [Structure] Number of atoms: 5504 -> 5216
04/15 11:19 [INFO] csh_builder (main)                                            : [Structure] Reading command 'terminate_NBO'...
04/15 11:19 [INFO] cshmd.builder (terminate_NBO)                                 : Do not run terminate, ratio == 0
04/15 11:19 [INFO] csh_builder (main)                                            : [Structure] Reading command 'add_BT'...
04/15 11:19 [INFO] cshmd.builder (add_BT)                                        : [Structure] 'Add Ca above all Bridging Tetra'
04/15 11:19 [INFO] cshmd.structure (add_Ca)                                      : [Structure] Add Ca
04/15 11:19 [INFO] cshmd.structure (add_Ca)                                      : [Structure] Add Ca
04/15 11:19 [DEBUG] cshmd.analysis (__init__)                                    : [Structure] Now new data setted for get Bonds
04/15 11:19 [DEBUG] cshmd.analysis (__del_bond__)                                : del -> Si_O O_H H_O Ca_O C_O BO NBO
04/15 11:19 [DEBUG] cshmd.analysis (__initialize_mole__)                         : initalize -> H2O SiO4 OH CO3 H3O
04/15 11:19 [DEBUG] cshmd.analysis (__initialize_mole__)                         : initalize -> SiOH CaOH HCO3 H2CO3 H3CO3
04/15 11:19 [DEBUG] cshmd.analysis (find_bond)                                   : find_bond O - H rcut -> 1.2
04/15 11:19 [DEBUG] cshmd.common (time_wrapper)                                  : [RUNTIME] get_distance_table in 0.599 seconds
04/15 11:19 [DEBUG] cshmd.analysis (get_mole)                                    : get_mole O - H -> nbonds: 2
04/15 11:19 [DEBUG] cshmd.analysis (find_bond)                                   : find_bond Si - O rcut -> 2.2
04/15 11:19 [DEBUG] cshmd.common (time_wrapper)                                  : [RUNTIME] get_distance_table in 0.260 seconds
04/15 11:19 [DEBUG] cshmd.analysis (get_mole)                                    : get_mole Si - O -> nbonds: 4
04/15 11:19 [DEBUG] cshmd.analysis (get_mole)                                    : get_mole O - H -> nbonds: 1
04/15 11:19 [DEBUG] cshmd.analysis (find_bond)                                   : find_bond C - O rcut -> 1.6
04/15 11:19 [DEBUG] cshmd.analysis (get_mole)                                    : get_mole C - O -> nbonds: 3
04/15 11:19 [DEBUG] cshmd.analysis (get_mole)                                    : get_mole O - H -> nbonds: 3
04/15 11:19 [DEBUG] cshmd.analysis (find_bond)                                   : find_bond Ca - O rcut -> 3.0
04/15 11:19 [DEBUG] cshmd.common (time_wrapper)                                  : [RUNTIME] get_distance_table in 0.360 seconds
04/15 11:19 [DEBUG] cshmd.analysis (search_basic)                                : Basic search result -> H2O: 576, SiO4: 576, OH: 128, CO3: 0, H3O: 0, Ca_O: 4176
04/15 11:19 [DEBUG] cshmd.analysis (full_search)                                 : Search layer details
04/15 11:19 [DEBUG] cshmd.analysis (find_bond)                                   : find_bond Ca - O rcut -> 3.0
04/15 11:19 [DEBUG] cshmd.analysis (find_bond)                                   : find_bond Si - O rcut -> 2.2
04/15 11:19 [DEBUG] cshmd.analysis (__detail_search_oh_co3)                      : No CO3 in basic search
04/15 11:19 [DEBUG] cshmd.analysis (__detail_search_oh_sioh)                     : Searching 'OH' in 'SiO4
04/15 11:19 [DEBUG] cshmd.analysis (__detail_search_oh_caoh)                     : Searching 'OH' in 'CaOH
04/15 11:19 [INFO] cshmd.analysis (Qn)                                           : [Structure] Q1: 0.667
04/15 11:19 [INFO] cshmd.analysis (Qn)                                           : [Structure] Q2: 0.333
04/15 11:19 [INFO] cshmd.analysis (CS)                                           : [Structure] C/S: 1.167
04/15 11:19 [INFO] cshmd.analysis (validate_tetra)                               : [Structure] BT: 64, PT: 512
04/15 11:19 [DEBUG] cshmd.analysis (__init__)                                    : <class 'cshmd.analysis.Chain'> loaded
04/15 11:19 [DEBUG] cshmd.analysis (__init__)                                    : <class 'cshmd.analysis.Chain'> loaded
04/15 11:19 [DEBUG] cshmd.analysis (__init__)                                    : <class 'cshmd.analysis.Chain'> loaded
04/15 11:19 [DEBUG] cshmd.analysis (__init__)                                    : <class 'cshmd.analysis.Chain'> loaded
04/15 11:19 [INFO] cshmd.analysis (validate_tetra)                               : [Structure] CL : Length 2: 32 Length 5: 16
04/15 11:19 [INFO] cshmd.analysis (validate_tetra)                               : [Structure] MCL : 3.0
04/15 11:19 [INFO] cshmd.builder (update_manager)                                : [Structure] Number of atoms: 5216 -> 5248
04/15 11:19 [INFO] cshmd.structure (writeCif)                                    : L03.cif was created
04/15 11:19 [INFO] cshmd.builder (out_model)                                     : Total Charge: 0
04/15 11:19 [INFO] csh_builder (main)                                            : ----------------------------------------------------------------------
04/15 11:19 [INFO] csh_builder (main)                                            : ----------------------------------------------------------------------
04/15 11:19 [INFO] csh_builder (main)                                            : 'L025.yaml' loaded
04/15 11:19 [INFO] cshmd.structure (__init__)                                    : /Users/kimuni/bin/kimuni/cshmd/data/resources/cif/T14_111_term.cif was loaded
04/15 11:19 [DEBUG] cshmd.analysis (__init__)                                    : [Structure] Now new data setted for get Bonds
04/15 11:19 [DEBUG] cshmd.analysis (__del_bond__)                                : del -> Si_O O_H H_O Ca_O C_O BO NBO
04/15 11:19 [DEBUG] cshmd.analysis (__initialize_mole__)                         : initalize -> H2O SiO4 OH CO3 H3O
04/15 11:19 [DEBUG] cshmd.analysis (__initialize_mole__)                         : initalize -> SiOH CaOH HCO3 H2CO3 H3CO3
04/15 11:19 [DEBUG] cshmd.analysis (find_bond)                                   : find_bond O - H rcut -> 1.2
04/15 11:19 [DEBUG] cshmd.common (time_wrapper)                                  : [RUNTIME] get_distance_table in 0.000 seconds
04/15 11:19 [DEBUG] cshmd.analysis (get_mole)                                    : get_mole O - H -> nbonds: 2
04/15 11:19 [DEBUG] cshmd.analysis (find_bond)                                   : find_bond Si - O rcut -> 2.2
04/15 11:19 [DEBUG] cshmd.common (time_wrapper)                                  : [RUNTIME] get_distance_table in 0.000 seconds
04/15 11:19 [DEBUG] cshmd.analysis (get_mole)                                    : get_mole Si - O -> nbonds: 4
04/15 11:19 [DEBUG] cshmd.analysis (get_mole)                                    : get_mole O - H -> nbonds: 1
04/15 11:19 [DEBUG] cshmd.analysis (find_bond)                                   : find_bond C - O rcut -> 1.6
04/15 11:19 [DEBUG] cshmd.analysis (get_mole)                                    : get_mole C - O -> nbonds: 3
04/15 11:19 [DEBUG] cshmd.analysis (get_mole)                                    : get_mole O - H -> nbonds: 3
04/15 11:19 [DEBUG] cshmd.analysis (find_bond)                                   : find_bond Ca - O rcut -> 3.0
04/15 11:19 [DEBUG] cshmd.common (time_wrapper)                                  : [RUNTIME] get_distance_table in 0.000 seconds
04/15 11:19 [DEBUG] cshmd.analysis (search_basic)                                : Basic search result -> H2O: 9, SiO4: 12, OH: 2, CO3: 0, H3O: 0, Ca_O: 60
04/15 11:19 [DEBUG] cshmd.analysis (full_search)                                 : Search layer details
04/15 11:19 [DEBUG] cshmd.analysis (find_bond)                                   : find_bond Ca - O rcut -> 3.0
04/15 11:19 [DEBUG] cshmd.analysis (find_bond)                                   : find_bond Si - O rcut -> 2.2
04/15 11:19 [DEBUG] cshmd.analysis (__detail_search_oh_co3)                      : No CO3 in basic search
04/15 11:19 [DEBUG] cshmd.analysis (__detail_search_oh_sioh)                     : Searching 'OH' in 'SiO4
04/15 11:19 [DEBUG] cshmd.analysis (__detail_search_oh_caoh)                     : No CaOH in basic search. RETURN
04/15 11:19 [INFO] cshmd.analysis (Qn)                                           : [Structure] Q2: 1.000
04/15 11:19 [INFO] cshmd.analysis (CS)                                           : [Structure] C/S: 0.750
04/15 11:19 [INFO] cshmd.analysis (validate_tetra)                               : [Structure] BT: 4, PT: 8
04/15 11:19 [DEBUG] cshmd.analysis (__init__)                                    : <class 'cshmd.analysis.Chain'> loaded
04/15 11:19 [DEBUG] cshmd.analysis (__init__)                                    : <class 'cshmd.analysis.Chain'> loaded
04/15 11:19 [DEBUG] cshmd.analysis (__init__)                                    : <class 'cshmd.analysis.Chain'> loaded
04/15 11:19 [DEBUG] cshmd.analysis (__init__)                                    : <class 'cshmd.analysis.Chain'> loaded
04/15 11:19 [INFO] cshmd.analysis (validate_tetra)                               : [Structure] CL : Length 3: 1
04/15 11:19 [INFO] cshmd.analysis (validate_tetra)                               : [Structure] MCL : 3.0
04/15 11:19 [INFO] cshmd.structure (__init__)                                    : /Users/kimuni/bin/kimuni/cshmd/data/resources/cif/T14_111_term.cif was loaded
04/15 11:19 [DEBUG] cshmd.analysis (__init__)                                    : [Structure] Now new data setted for get Bonds
04/15 11:19 [DEBUG] cshmd.analysis (__del_bond__)                                : del -> Si_O O_H H_O Ca_O C_O BO NBO
04/15 11:19 [DEBUG] cshmd.analysis (__initialize_mole__)                         : initalize -> H2O SiO4 OH CO3 H3O
04/15 11:19 [DEBUG] cshmd.analysis (__initialize_mole__)                         : initalize -> SiOH CaOH HCO3 H2CO3 H3CO3
04/15 11:19 [DEBUG] cshmd.analysis (find_bond)                                   : find_bond O - H rcut -> 1.2
04/15 11:19 [DEBUG] cshmd.common (time_wrapper)                                  : [RUNTIME] get_distance_table in 0.000 seconds
04/15 11:19 [DEBUG] cshmd.analysis (get_mole)                                    : get_mole O - H -> nbonds: 2
04/15 11:19 [DEBUG] cshmd.analysis (find_bond)                                   : find_bond Si - O rcut -> 2.2
04/15 11:19 [DEBUG] cshmd.common (time_wrapper)                                  : [RUNTIME] get_distance_table in 0.000 seconds
04/15 11:19 [DEBUG] cshmd.analysis (get_mole)                                    : get_mole Si - O -> nbonds: 4
04/15 11:19 [DEBUG] cshmd.analysis (get_mole)                                    : get_mole O - H -> nbonds: 1
04/15 11:19 [DEBUG] cshmd.analysis (find_bond)                                   : find_bond C - O rcut -> 1.6
04/15 11:19 [DEBUG] cshmd.analysis (get_mole)                                    : get_mole C - O -> nbonds: 3
04/15 11:19 [DEBUG] cshmd.analysis (get_mole)                                    : get_mole O - H -> nbonds: 3
04/15 11:19 [DEBUG] cshmd.analysis (find_bond)                                   : find_bond Ca - O rcut -> 3.0
04/15 11:19 [DEBUG] cshmd.common (time_wrapper)                                  : [RUNTIME] get_distance_table in 0.000 seconds
04/15 11:19 [DEBUG] cshmd.analysis (search_basic)                                : Basic search result -> H2O: 9, SiO4: 12, OH: 2, CO3: 0, H3O: 0, Ca_O: 60
04/15 11:19 [DEBUG] cshmd.analysis (full_search)                                 : Search layer details
04/15 11:19 [DEBUG] cshmd.analysis (find_bond)                                   : find_bond Ca - O rcut -> 3.0
04/15 11:19 [DEBUG] cshmd.analysis (find_bond)                                   : find_bond Si - O rcut -> 2.2
04/15 11:19 [DEBUG] cshmd.analysis (__detail_search_oh_co3)                      : No CO3 in basic search
04/15 11:19 [DEBUG] cshmd.analysis (__detail_search_oh_sioh)                     : Searching 'OH' in 'SiO4
04/15 11:19 [DEBUG] cshmd.analysis (__detail_search_oh_caoh)                     : No CaOH in basic search. RETURN
04/15 11:19 [INFO] cshmd.analysis (Qn)                                           : [Structure] Q2: 1.000
04/15 11:19 [INFO] cshmd.analysis (CS)                                           : [Structure] C/S: 0.750
04/15 11:19 [INFO] cshmd.analysis (validate_tetra)                               : [Structure] BT: 4, PT: 8
04/15 11:19 [DEBUG] cshmd.analysis (__init__)                                    : <class 'cshmd.analysis.Chain'> loaded
04/15 11:19 [DEBUG] cshmd.analysis (__init__)                                    : <class 'cshmd.analysis.Chain'> loaded
04/15 11:19 [DEBUG] cshmd.analysis (__init__)                                    : <class 'cshmd.analysis.Chain'> loaded
04/15 11:19 [DEBUG] cshmd.analysis (__init__)                                    : <class 'cshmd.analysis.Chain'> loaded
04/15 11:19 [INFO] cshmd.analysis (validate_tetra)                               : [Structure] CL : Length 3: 1
04/15 11:19 [INFO] cshmd.analysis (validate_tetra)                               : [Structure] MCL : 3.0
04/15 11:19 [INFO] csh_builder (main)                                            : [Structure] Reading command 'supercell'...
04/15 11:19 [INFO] cshmd.structure (makeSupercell)                               : [Structure] Supercell created 8 * 8 * 1
04/15 11:19 [DEBUG] cshmd.analysis (__init__)                                    : [Structure] Now new data setted for get Bonds
04/15 11:19 [DEBUG] cshmd.analysis (__del_bond__)                                : del -> Si_O O_H H_O Ca_O C_O BO NBO
04/15 11:19 [DEBUG] cshmd.analysis (__initialize_mole__)                         : initalize -> H2O SiO4 OH CO3 H3O
04/15 11:19 [DEBUG] cshmd.analysis (__initialize_mole__)                         : initalize -> SiOH CaOH HCO3 H2CO3 H3CO3
04/15 11:19 [DEBUG] cshmd.analysis (find_bond)                                   : find_bond O - H rcut -> 1.2
04/15 11:19 [DEBUG] cshmd.common (time_wrapper)                                  : [RUNTIME] get_distance_table in 0.626 seconds
04/15 11:19 [DEBUG] cshmd.analysis (get_mole)                                    : get_mole O - H -> nbonds: 2
04/15 11:19 [DEBUG] cshmd.analysis (find_bond)                                   : find_bond Si - O rcut -> 2.2
04/15 11:19 [DEBUG] cshmd.common (time_wrapper)                                  : [RUNTIME] get_distance_table in 0.399 seconds
04/15 11:19 [DEBUG] cshmd.analysis (get_mole)                                    : get_mole Si - O -> nbonds: 4
04/15 11:19 [DEBUG] cshmd.analysis (get_mole)                                    : get_mole O - H -> nbonds: 1
04/15 11:19 [DEBUG] cshmd.analysis (find_bond)                                   : find_bond C - O rcut -> 1.6
04/15 11:19 [DEBUG] cshmd.analysis (get_mole)                                    : get_mole C - O -> nbonds: 3
04/15 11:19 [DEBUG] cshmd.analysis (get_mole)                                    : get_mole O - H -> nbonds: 3
04/15 11:19 [DEBUG] cshmd.analysis (find_bond)                                   : find_bond Ca - O rcut -> 3.0
04/15 11:19 [DEBUG] cshmd.common (time_wrapper)                                  : [RUNTIME] get_distance_table in 0.287 seconds
04/15 11:19 [DEBUG] cshmd.analysis (search_basic)                                : Basic search result -> H2O: 576, SiO4: 768, OH: 128, CO3: 0, H3O: 0, Ca_O: 3840
04/15 11:19 [DEBUG] cshmd.analysis (full_search)                                 : Search layer details
04/15 11:19 [DEBUG] cshmd.analysis (find_bond)                                   : find_bond Ca - O rcut -> 3.0
04/15 11:19 [DEBUG] cshmd.analysis (find_bond)                                   : find_bond Si - O rcut -> 2.2
04/15 11:19 [DEBUG] cshmd.analysis (__detail_search_oh_co3)                      : No CO3 in basic search
04/15 11:19 [DEBUG] cshmd.analysis (__detail_search_oh_sioh)                     : Searching 'OH' in 'SiO4
04/15 11:19 [DEBUG] cshmd.analysis (__detail_search_oh_caoh)                     : No CaOH in basic search. RETURN
04/15 11:19 [INFO] cshmd.analysis (Qn)                                           : [Structure] Q2: 1.000
04/15 11:19 [INFO] cshmd.analysis (CS)                                           : [Structure] C/S: 0.750
04/15 11:19 [INFO] cshmd.analysis (validate_tetra)                               : [Structure] BT: 256, PT: 512
04/15 11:19 [DEBUG] cshmd.analysis (__init__)                                    : <class 'cshmd.analysis.Chain'> loaded
04/15 11:19 [DEBUG] cshmd.analysis (__init__)                                    : <class 'cshmd.analysis.Chain'> loaded
04/15 11:19 [DEBUG] cshmd.analysis (__init__)                                    : <class 'cshmd.analysis.Chain'> loaded
04/15 11:19 [DEBUG] cshmd.analysis (__init__)                                    : <class 'cshmd.analysis.Chain'> loaded
04/15 11:19 [INFO] cshmd.analysis (validate_tetra)                               : [Structure] CL : Length 24: 8
04/15 11:19 [INFO] cshmd.analysis (validate_tetra)                               : [Structure] MCL : 24.0
04/15 11:19 [INFO] cshmd.builder (update_manager)                                : [Structure] Number of atoms: 86 -> 5504
04/15 11:19 [INFO] csh_builder (main)                                            : [Structure] Reading command 'defect_BT'...
04/15 11:19 [INFO] cshmd.builder (defect_BT)                                     : [Structure] Termination scope: False
04/15 11:19 [INFO] cshmd.builder (defect_BT)                                     : [Structure] Exists 64 Bridging Tetra in 'up' side
04/15 11:19 [INFO] cshmd.structure (add_Ca)                                      : [Structure] Add Ca
04/15 11:19 [INFO] cshmd.builder (defect_BT)                                     : [Structure] Exists 64 Bridging Tetra in 'down' side
04/15 11:19 [INFO] cshmd.structure (add_Ca)                                      : [Structure] Add Ca
04/15 11:19 [INFO] cshmd.builder (defect_BT)                                     : [Structure] Termination scope: False
04/15 11:19 [INFO] cshmd.builder (defect_BT)                                     : [Structure] Exists 64 Bridging Tetra in 'down' side
04/15 11:19 [INFO] cshmd.structure (add_Ca)                                      : [Structure] Add Ca with 1 OH
04/15 11:19 [INFO] cshmd.builder (defect_BT)                                     : [Structure] Exists 64 Bridging Tetra in 'up' side
04/15 11:19 [INFO] cshmd.structure (add_Ca)                                      : [Structure] Add Ca with 1 OH
04/15 11:19 [INFO] cshmd.structure (check_rm_list)                               : Delete 770 atoms in rm_list
04/15 11:19 [DEBUG] cshmd.analysis (__init__)                                    : [Structure] Now new data setted for get Bonds
04/15 11:19 [DEBUG] cshmd.analysis (__del_bond__)                                : del -> Si_O O_H H_O Ca_O C_O BO NBO
04/15 11:19 [DEBUG] cshmd.analysis (__initialize_mole__)                         : initalize -> H2O SiO4 OH CO3 H3O
04/15 11:19 [DEBUG] cshmd.analysis (__initialize_mole__)                         : initalize -> SiOH CaOH HCO3 H2CO3 H3CO3
04/15 11:19 [DEBUG] cshmd.analysis (find_bond)                                   : find_bond O - H rcut -> 1.2
04/15 11:20 [DEBUG] cshmd.common (time_wrapper)                                  : [RUNTIME] get_distance_table in 0.576 seconds
04/15 11:20 [DEBUG] cshmd.analysis (get_mole)                                    : get_mole O - H -> nbonds: 2
04/15 11:20 [DEBUG] cshmd.analysis (find_bond)                                   : find_bond Si - O rcut -> 2.2
04/15 11:20 [DEBUG] cshmd.common (time_wrapper)                                  : [RUNTIME] get_distance_table in 0.240 seconds
04/15 11:20 [DEBUG] cshmd.analysis (get_mole)                                    : get_mole Si - O -> nbonds: 4
04/15 11:20 [DEBUG] cshmd.analysis (get_mole)                                    : get_mole O - H -> nbonds: 1
04/15 11:20 [DEBUG] cshmd.analysis (find_bond)                                   : find_bond C - O rcut -> 1.6
04/15 11:20 [DEBUG] cshmd.analysis (get_mole)                                    : get_mole C - O -> nbonds: 3
04/15 11:20 [DEBUG] cshmd.analysis (get_mole)                                    : get_mole O - H -> nbonds: 3
04/15 11:20 [DEBUG] cshmd.analysis (find_bond)                                   : find_bond Ca - O rcut -> 3.0
04/15 11:20 [DEBUG] cshmd.common (time_wrapper)                                  : [RUNTIME] get_distance_table in 0.349 seconds
04/15 11:20 [DEBUG] cshmd.analysis (search_basic)                                : Basic search result -> H2O: 576, SiO4: 548, OH: 128, CO3: 0, H3O: 0, Ca_O: 4170
04/15 11:20 [DEBUG] cshmd.analysis (full_search)                                 : Search layer details
04/15 11:20 [DEBUG] cshmd.analysis (find_bond)                                   : find_bond Ca - O rcut -> 3.0
04/15 11:20 [DEBUG] cshmd.analysis (find_bond)                                   : find_bond Si - O rcut -> 2.2
04/15 11:20 [DEBUG] cshmd.analysis (__detail_search_oh_co3)                      : No CO3 in basic search
04/15 11:20 [DEBUG] cshmd.analysis (__detail_search_oh_sioh)                     : Searching 'OH' in 'SiO4
04/15 11:20 [DEBUG] cshmd.analysis (__detail_search_oh_caoh)                     : Searching 'OH' in 'CaOH
04/15 11:20 [INFO] cshmd.analysis (Qn)                                           : [Structure] Q1: 0.803
04/15 11:20 [INFO] cshmd.analysis (Qn)                                           : [Structure] Q2: 0.197
04/15 11:20 [INFO] cshmd.analysis (CS)                                           : [Structure] C/S: 1.252
04/15 11:20 [INFO] cshmd.analysis (validate_tetra)                               : [Structure] BT: 36, PT: 512
04/15 11:20 [DEBUG] cshmd.analysis (__init__)                                    : <class 'cshmd.analysis.Chain'> loaded
04/15 11:20 [DEBUG] cshmd.analysis (__init__)                                    : <class 'cshmd.analysis.Chain'> loaded
04/15 11:20 [DEBUG] cshmd.analysis (__init__)                                    : <class 'cshmd.analysis.Chain'> loaded
04/15 11:20 [DEBUG] cshmd.analysis (__init__)                                    : <class 'cshmd.analysis.Chain'> loaded
04/15 11:20 [INFO] cshmd.analysis (validate_tetra)                               : [Structure] CL : Length 2: 46 Length 5: 9
04/15 11:20 [INFO] cshmd.analysis (validate_tetra)                               : [Structure] MCL : 2.4909090909090907
04/15 11:20 [INFO] cshmd.builder (update_manager)                                : [Structure] Number of atoms: 5504 -> 5174
04/15 11:20 [INFO] csh_builder (main)                                            : [Structure] Reading command 'terminate_NBO'...
04/15 11:20 [INFO] cshmd.builder (terminate_NBO)                                 : Do not run terminate, ratio == 0
04/15 11:20 [INFO] csh_builder (main)                                            : [Structure] Reading command 'add_BT'...
04/15 11:20 [INFO] cshmd.builder (add_BT)                                        : [Structure] 'Add Ca above all Bridging Tetra'
04/15 11:20 [INFO] cshmd.structure (add_Ca)                                      : [Structure] Add Ca
04/15 11:20 [INFO] cshmd.structure (add_Ca)                                      : [Structure] Add Ca
04/15 11:20 [DEBUG] cshmd.analysis (__init__)                                    : [Structure] Now new data setted for get Bonds
04/15 11:20 [DEBUG] cshmd.analysis (__del_bond__)                                : del -> Si_O O_H H_O Ca_O C_O BO NBO
04/15 11:20 [DEBUG] cshmd.analysis (__initialize_mole__)                         : initalize -> H2O SiO4 OH CO3 H3O
04/15 11:20 [DEBUG] cshmd.analysis (__initialize_mole__)                         : initalize -> SiOH CaOH HCO3 H2CO3 H3CO3
04/15 11:20 [DEBUG] cshmd.analysis (find_bond)                                   : find_bond O - H rcut -> 1.2
04/15 11:20 [DEBUG] cshmd.common (time_wrapper)                                  : [RUNTIME] get_distance_table in 0.589 seconds
04/15 11:20 [DEBUG] cshmd.analysis (get_mole)                                    : get_mole O - H -> nbonds: 2
04/15 11:20 [DEBUG] cshmd.analysis (find_bond)                                   : find_bond Si - O rcut -> 2.2
04/15 11:20 [DEBUG] cshmd.common (time_wrapper)                                  : [RUNTIME] get_distance_table in 0.257 seconds
04/15 11:20 [DEBUG] cshmd.analysis (get_mole)                                    : get_mole Si - O -> nbonds: 4
04/15 11:20 [DEBUG] cshmd.analysis (get_mole)                                    : get_mole O - H -> nbonds: 1
04/15 11:20 [DEBUG] cshmd.analysis (find_bond)                                   : find_bond C - O rcut -> 1.6
04/15 11:20 [DEBUG] cshmd.analysis (get_mole)                                    : get_mole C - O -> nbonds: 3
04/15 11:20 [DEBUG] cshmd.analysis (get_mole)                                    : get_mole O - H -> nbonds: 3
04/15 11:20 [DEBUG] cshmd.analysis (find_bond)                                   : find_bond Ca - O rcut -> 3.0
04/15 11:20 [DEBUG] cshmd.common (time_wrapper)                                  : [RUNTIME] get_distance_table in 0.360 seconds
04/15 11:20 [DEBUG] cshmd.analysis (search_basic)                                : Basic search result -> H2O: 576, SiO4: 548, OH: 128, CO3: 0, H3O: 0, Ca_O: 4197
04/15 11:20 [DEBUG] cshmd.analysis (full_search)                                 : Search layer details
04/15 11:20 [DEBUG] cshmd.analysis (find_bond)                                   : find_bond Ca - O rcut -> 3.0
04/15 11:20 [DEBUG] cshmd.analysis (find_bond)                                   : find_bond Si - O rcut -> 2.2
04/15 11:20 [DEBUG] cshmd.analysis (__detail_search_oh_co3)                      : No CO3 in basic search
04/15 11:20 [DEBUG] cshmd.analysis (__detail_search_oh_sioh)                     : Searching 'OH' in 'SiO4
04/15 11:20 [DEBUG] cshmd.analysis (__detail_search_oh_caoh)                     : Searching 'OH' in 'CaOH
04/15 11:20 [INFO] cshmd.analysis (Qn)                                           : [Structure] Q1: 0.803
04/15 11:20 [INFO] cshmd.analysis (Qn)                                           : [Structure] Q2: 0.197
04/15 11:20 [INFO] cshmd.analysis (CS)                                           : [Structure] C/S: 1.252
04/15 11:20 [INFO] cshmd.analysis (validate_tetra)                               : [Structure] BT: 36, PT: 512
04/15 11:20 [DEBUG] cshmd.analysis (__init__)                                    : <class 'cshmd.analysis.Chain'> loaded
04/15 11:20 [DEBUG] cshmd.analysis (__init__)                                    : <class 'cshmd.analysis.Chain'> loaded
04/15 11:20 [DEBUG] cshmd.analysis (__init__)                                    : <class 'cshmd.analysis.Chain'> loaded
04/15 11:20 [DEBUG] cshmd.analysis (__init__)                                    : <class 'cshmd.analysis.Chain'> loaded
04/15 11:20 [INFO] cshmd.analysis (validate_tetra)                               : [Structure] CL : Length 2: 46 Length 5: 9
04/15 11:20 [INFO] cshmd.analysis (validate_tetra)                               : [Structure] MCL : 2.4909090909090907
04/15 11:20 [INFO] cshmd.builder (update_manager)                                : [Structure] Number of atoms: 5174 -> 5192
04/15 11:20 [INFO] cshmd.structure (writeCif)                                    : L025.cif was created
04/15 11:20 [INFO] cshmd.builder (out_model)                                     : Total Charge: 0
04/15 11:20 [INFO] csh_builder (main)                                            : ----------------------------------------------------------------------
04/15 11:20 [INFO] csh_builder (main)                                            : ----------------------------------------------------------------------
04/15 11:20 [INFO] csh_builder (main)                                            : 'L035.yaml' loaded
04/15 11:20 [INFO] cshmd.structure (__init__)                                    : /Users/kimuni/bin/kimuni/cshmd/data/resources/cif/T14_111_term.cif was loaded
04/15 11:20 [DEBUG] cshmd.analysis (__init__)                                    : [Structure] Now new data setted for get Bonds
04/15 11:20 [DEBUG] cshmd.analysis (__del_bond__)                                : del -> Si_O O_H H_O Ca_O C_O BO NBO
04/15 11:20 [DEBUG] cshmd.analysis (__initialize_mole__)                         : initalize -> H2O SiO4 OH CO3 H3O
04/15 11:20 [DEBUG] cshmd.analysis (__initialize_mole__)                         : initalize -> SiOH CaOH HCO3 H2CO3 H3CO3
04/15 11:20 [DEBUG] cshmd.analysis (find_bond)                                   : find_bond O - H rcut -> 1.2
04/15 11:20 [DEBUG] cshmd.common (time_wrapper)                                  : [RUNTIME] get_distance_table in 0.000 seconds
04/15 11:20 [DEBUG] cshmd.analysis (get_mole)                                    : get_mole O - H -> nbonds: 2
04/15 11:20 [DEBUG] cshmd.analysis (find_bond)                                   : find_bond Si - O rcut -> 2.2
04/15 11:20 [DEBUG] cshmd.common (time_wrapper)                                  : [RUNTIME] get_distance_table in 0.000 seconds
04/15 11:20 [DEBUG] cshmd.analysis (get_mole)                                    : get_mole Si - O -> nbonds: 4
04/15 11:20 [DEBUG] cshmd.analysis (get_mole)                                    : get_mole O - H -> nbonds: 1
04/15 11:20 [DEBUG] cshmd.analysis (find_bond)                                   : find_bond C - O rcut -> 1.6
04/15 11:20 [DEBUG] cshmd.analysis (get_mole)                                    : get_mole C - O -> nbonds: 3
04/15 11:20 [DEBUG] cshmd.analysis (get_mole)                                    : get_mole O - H -> nbonds: 3
04/15 11:20 [DEBUG] cshmd.analysis (find_bond)                                   : find_bond Ca - O rcut -> 3.0
04/15 11:20 [DEBUG] cshmd.common (time_wrapper)                                  : [RUNTIME] get_distance_table in 0.000 seconds
04/15 11:20 [DEBUG] cshmd.analysis (search_basic)                                : Basic search result -> H2O: 9, SiO4: 12, OH: 2, CO3: 0, H3O: 0, Ca_O: 60
04/15 11:20 [DEBUG] cshmd.analysis (full_search)                                 : Search layer details
04/15 11:20 [DEBUG] cshmd.analysis (find_bond)                                   : find_bond Ca - O rcut -> 3.0
04/15 11:20 [DEBUG] cshmd.analysis (find_bond)                                   : find_bond Si - O rcut -> 2.2
04/15 11:20 [DEBUG] cshmd.analysis (__detail_search_oh_co3)                      : No CO3 in basic search
04/15 11:20 [DEBUG] cshmd.analysis (__detail_search_oh_sioh)                     : Searching 'OH' in 'SiO4
04/15 11:20 [DEBUG] cshmd.analysis (__detail_search_oh_caoh)                     : No CaOH in basic search. RETURN
04/15 11:20 [INFO] cshmd.analysis (Qn)                                           : [Structure] Q2: 1.000
04/15 11:20 [INFO] cshmd.analysis (CS)                                           : [Structure] C/S: 0.750
04/15 11:20 [INFO] cshmd.analysis (validate_tetra)                               : [Structure] BT: 4, PT: 8
04/15 11:20 [DEBUG] cshmd.analysis (__init__)                                    : <class 'cshmd.analysis.Chain'> loaded
04/15 11:20 [DEBUG] cshmd.analysis (__init__)                                    : <class 'cshmd.analysis.Chain'> loaded
04/15 11:20 [DEBUG] cshmd.analysis (__init__)                                    : <class 'cshmd.analysis.Chain'> loaded
04/15 11:20 [DEBUG] cshmd.analysis (__init__)                                    : <class 'cshmd.analysis.Chain'> loaded
04/15 11:20 [INFO] cshmd.analysis (validate_tetra)                               : [Structure] CL : Length 3: 1
04/15 11:20 [INFO] cshmd.analysis (validate_tetra)                               : [Structure] MCL : 3.0
04/15 11:20 [INFO] cshmd.structure (__init__)                                    : /Users/kimuni/bin/kimuni/cshmd/data/resources/cif/T14_111_term.cif was loaded
04/15 11:20 [DEBUG] cshmd.analysis (__init__)                                    : [Structure] Now new data setted for get Bonds
04/15 11:20 [DEBUG] cshmd.analysis (__del_bond__)                                : del -> Si_O O_H H_O Ca_O C_O BO NBO
04/15 11:20 [DEBUG] cshmd.analysis (__initialize_mole__)                         : initalize -> H2O SiO4 OH CO3 H3O
04/15 11:20 [DEBUG] cshmd.analysis (__initialize_mole__)                         : initalize -> SiOH CaOH HCO3 H2CO3 H3CO3
04/15 11:20 [DEBUG] cshmd.analysis (find_bond)                                   : find_bond O - H rcut -> 1.2
04/15 11:20 [DEBUG] cshmd.common (time_wrapper)                                  : [RUNTIME] get_distance_table in 0.000 seconds
04/15 11:20 [DEBUG] cshmd.analysis (get_mole)                                    : get_mole O - H -> nbonds: 2
04/15 11:20 [DEBUG] cshmd.analysis (find_bond)                                   : find_bond Si - O rcut -> 2.2
04/15 11:20 [DEBUG] cshmd.common (time_wrapper)                                  : [RUNTIME] get_distance_table in 0.000 seconds
04/15 11:20 [DEBUG] cshmd.analysis (get_mole)                                    : get_mole Si - O -> nbonds: 4
04/15 11:20 [DEBUG] cshmd.analysis (get_mole)                                    : get_mole O - H -> nbonds: 1
04/15 11:20 [DEBUG] cshmd.analysis (find_bond)                                   : find_bond C - O rcut -> 1.6
04/15 11:20 [DEBUG] cshmd.analysis (get_mole)                                    : get_mole C - O -> nbonds: 3
04/15 11:20 [DEBUG] cshmd.analysis (get_mole)                                    : get_mole O - H -> nbonds: 3
04/15 11:20 [DEBUG] cshmd.analysis (find_bond)                                   : find_bond Ca - O rcut -> 3.0
04/15 11:20 [DEBUG] cshmd.common (time_wrapper)                                  : [RUNTIME] get_distance_table in 0.000 seconds
04/15 11:20 [DEBUG] cshmd.analysis (search_basic)                                : Basic search result -> H2O: 9, SiO4: 12, OH: 2, CO3: 0, H3O: 0, Ca_O: 60
04/15 11:20 [DEBUG] cshmd.analysis (full_search)                                 : Search layer details
04/15 11:20 [DEBUG] cshmd.analysis (find_bond)                                   : find_bond Ca - O rcut -> 3.0
04/15 11:20 [DEBUG] cshmd.analysis (find_bond)                                   : find_bond Si - O rcut -> 2.2
04/15 11:20 [DEBUG] cshmd.analysis (__detail_search_oh_co3)                      : No CO3 in basic search
04/15 11:20 [DEBUG] cshmd.analysis (__detail_search_oh_sioh)                     : Searching 'OH' in 'SiO4
04/15 11:20 [DEBUG] cshmd.analysis (__detail_search_oh_caoh)                     : No CaOH in basic search. RETURN
04/15 11:20 [INFO] cshmd.analysis (Qn)                                           : [Structure] Q2: 1.000
04/15 11:20 [INFO] cshmd.analysis (CS)                                           : [Structure] C/S: 0.750
04/15 11:20 [INFO] cshmd.analysis (validate_tetra)                               : [Structure] BT: 4, PT: 8
04/15 11:20 [DEBUG] cshmd.analysis (__init__)                                    : <class 'cshmd.analysis.Chain'> loaded
04/15 11:20 [DEBUG] cshmd.analysis (__init__)                                    : <class 'cshmd.analysis.Chain'> loaded
04/15 11:20 [DEBUG] cshmd.analysis (__init__)                                    : <class 'cshmd.analysis.Chain'> loaded
04/15 11:20 [DEBUG] cshmd.analysis (__init__)                                    : <class 'cshmd.analysis.Chain'> loaded
04/15 11:20 [INFO] cshmd.analysis (validate_tetra)                               : [Structure] CL : Length 3: 1
04/15 11:20 [INFO] cshmd.analysis (validate_tetra)                               : [Structure] MCL : 3.0
04/15 11:20 [INFO] csh_builder (main)                                            : [Structure] Reading command 'supercell'...
04/15 11:20 [INFO] cshmd.structure (makeSupercell)                               : [Structure] Supercell created 8 * 8 * 1
04/15 11:20 [DEBUG] cshmd.analysis (__init__)                                    : [Structure] Now new data setted for get Bonds
04/15 11:20 [DEBUG] cshmd.analysis (__del_bond__)                                : del -> Si_O O_H H_O Ca_O C_O BO NBO
04/15 11:20 [DEBUG] cshmd.analysis (__initialize_mole__)                         : initalize -> H2O SiO4 OH CO3 H3O
04/15 11:20 [DEBUG] cshmd.analysis (__initialize_mole__)                         : initalize -> SiOH CaOH HCO3 H2CO3 H3CO3
04/15 11:20 [DEBUG] cshmd.analysis (find_bond)                                   : find_bond O - H rcut -> 1.2
04/15 11:20 [DEBUG] cshmd.common (time_wrapper)                                  : [RUNTIME] get_distance_table in 0.635 seconds
04/15 11:20 [DEBUG] cshmd.analysis (get_mole)                                    : get_mole O - H -> nbonds: 2
04/15 11:20 [DEBUG] cshmd.analysis (find_bond)                                   : find_bond Si - O rcut -> 2.2
04/15 11:20 [DEBUG] cshmd.common (time_wrapper)                                  : [RUNTIME] get_distance_table in 0.384 seconds
04/15 11:20 [DEBUG] cshmd.analysis (get_mole)                                    : get_mole Si - O -> nbonds: 4
04/15 11:20 [DEBUG] cshmd.analysis (get_mole)                                    : get_mole O - H -> nbonds: 1
04/15 11:20 [DEBUG] cshmd.analysis (find_bond)                                   : find_bond C - O rcut -> 1.6
04/15 11:20 [DEBUG] cshmd.analysis (get_mole)                                    : get_mole C - O -> nbonds: 3
04/15 11:20 [DEBUG] cshmd.analysis (get_mole)                                    : get_mole O - H -> nbonds: 3
04/15 11:20 [DEBUG] cshmd.analysis (find_bond)                                   : find_bond Ca - O rcut -> 3.0
04/15 11:20 [DEBUG] cshmd.common (time_wrapper)                                  : [RUNTIME] get_distance_table in 0.288 seconds
04/15 11:20 [DEBUG] cshmd.analysis (search_basic)                                : Basic search result -> H2O: 576, SiO4: 768, OH: 128, CO3: 0, H3O: 0, Ca_O: 3840
04/15 11:20 [DEBUG] cshmd.analysis (full_search)                                 : Search layer details
04/15 11:20 [DEBUG] cshmd.analysis (find_bond)                                   : find_bond Ca - O rcut -> 3.0
04/15 11:20 [DEBUG] cshmd.analysis (find_bond)                                   : find_bond Si - O rcut -> 2.2
04/15 11:20 [DEBUG] cshmd.analysis (__detail_search_oh_co3)                      : No CO3 in basic search
04/15 11:20 [DEBUG] cshmd.analysis (__detail_search_oh_sioh)                     : Searching 'OH' in 'SiO4
04/15 11:20 [DEBUG] cshmd.analysis (__detail_search_oh_caoh)                     : No CaOH in basic search. RETURN
04/15 11:20 [INFO] cshmd.analysis (Qn)                                           : [Structure] Q2: 1.000
04/15 11:20 [INFO] cshmd.analysis (CS)                                           : [Structure] C/S: 0.750
04/15 11:20 [INFO] cshmd.analysis (validate_tetra)                               : [Structure] BT: 256, PT: 512
04/15 11:20 [DEBUG] cshmd.analysis (__init__)                                    : <class 'cshmd.analysis.Chain'> loaded
04/15 11:20 [DEBUG] cshmd.analysis (__init__)                                    : <class 'cshmd.analysis.Chain'> loaded
04/15 11:20 [DEBUG] cshmd.analysis (__init__)                                    : <class 'cshmd.analysis.Chain'> loaded
04/15 11:20 [DEBUG] cshmd.analysis (__init__)                                    : <class 'cshmd.analysis.Chain'> loaded
04/15 11:20 [INFO] cshmd.analysis (validate_tetra)                               : [Structure] CL : Length 24: 8
04/15 11:20 [INFO] cshmd.analysis (validate_tetra)                               : [Structure] MCL : 24.0
04/15 11:20 [INFO] cshmd.builder (update_manager)                                : [Structure] Number of atoms: 86 -> 5504
04/15 11:20 [INFO] csh_builder (main)                                            : [Structure] Reading command 'defect_BT'...
04/15 11:20 [INFO] cshmd.builder (defect_BT)                                     : [Structure] Termination scope: False
04/15 11:20 [INFO] cshmd.builder (defect_BT)                                     : [Structure] Exists 64 Bridging Tetra in 'up' side
04/15 11:20 [INFO] cshmd.structure (add_Ca)                                      : [Structure] Add Ca
04/15 11:20 [INFO] cshmd.builder (defect_BT)                                     : [Structure] Exists 64 Bridging Tetra in 'down' side
04/15 11:20 [INFO] cshmd.structure (add_Ca)                                      : [Structure] Add Ca
04/15 11:20 [INFO] cshmd.builder (defect_BT)                                     : [Structure] Termination scope: False
04/15 11:20 [INFO] cshmd.builder (defect_BT)                                     : [Structure] Exists 64 Bridging Tetra in 'down' side
04/15 11:20 [INFO] cshmd.structure (add_Ca)                                      : [Structure] Add Ca with 1 OH
04/15 11:20 [INFO] cshmd.builder (defect_BT)                                     : [Structure] Exists 64 Bridging Tetra in 'up' side
04/15 11:20 [INFO] cshmd.structure (add_Ca)                                      : [Structure] Add Ca with 1 OH
04/15 11:20 [INFO] cshmd.structure (check_rm_list)                               : Delete 602 atoms in rm_list
04/15 11:20 [DEBUG] cshmd.analysis (__init__)                                    : [Structure] Now new data setted for get Bonds
04/15 11:20 [DEBUG] cshmd.analysis (__del_bond__)                                : del -> Si_O O_H H_O Ca_O C_O BO NBO
04/15 11:20 [DEBUG] cshmd.analysis (__initialize_mole__)                         : initalize -> H2O SiO4 OH CO3 H3O
04/15 11:20 [DEBUG] cshmd.analysis (__initialize_mole__)                         : initalize -> SiOH CaOH HCO3 H2CO3 H3CO3
04/15 11:20 [DEBUG] cshmd.analysis (find_bond)                                   : find_bond O - H rcut -> 1.2
04/15 11:20 [DEBUG] cshmd.common (time_wrapper)                                  : [RUNTIME] get_distance_table in 0.602 seconds
04/15 11:20 [DEBUG] cshmd.analysis (get_mole)                                    : get_mole O - H -> nbonds: 2
04/15 11:20 [DEBUG] cshmd.analysis (find_bond)                                   : find_bond Si - O rcut -> 2.2
04/15 11:20 [DEBUG] cshmd.common (time_wrapper)                                  : [RUNTIME] get_distance_table in 0.277 seconds
04/15 11:20 [DEBUG] cshmd.analysis (get_mole)                                    : get_mole Si - O -> nbonds: 4
04/15 11:20 [DEBUG] cshmd.analysis (get_mole)                                    : get_mole O - H -> nbonds: 1
04/15 11:20 [DEBUG] cshmd.analysis (find_bond)                                   : find_bond C - O rcut -> 1.6
04/15 11:20 [DEBUG] cshmd.analysis (get_mole)                                    : get_mole C - O -> nbonds: 3
04/15 11:20 [DEBUG] cshmd.analysis (get_mole)                                    : get_mole O - H -> nbonds: 3
04/15 11:20 [DEBUG] cshmd.analysis (find_bond)                                   : find_bond Ca - O rcut -> 3.0
04/15 11:20 [DEBUG] cshmd.common (time_wrapper)                                  : [RUNTIME] get_distance_table in 0.341 seconds
04/15 11:20 [DEBUG] cshmd.analysis (search_basic)                                : Basic search result -> H2O: 576, SiO4: 596, OH: 128, CO3: 0, H3O: 0, Ca_O: 4098
04/15 11:20 [DEBUG] cshmd.analysis (full_search)                                 : Search layer details
04/15 11:20 [DEBUG] cshmd.analysis (find_bond)                                   : find_bond Ca - O rcut -> 3.0
04/15 11:20 [DEBUG] cshmd.analysis (find_bond)                                   : find_bond Si - O rcut -> 2.2
04/15 11:20 [DEBUG] cshmd.analysis (__detail_search_oh_co3)                      : No CO3 in basic search
04/15 11:20 [DEBUG] cshmd.analysis (__detail_search_oh_sioh)                     : Searching 'OH' in 'SiO4
04/15 11:20 [DEBUG] cshmd.analysis (__detail_search_oh_caoh)                     : Searching 'OH' in 'CaOH
04/15 11:20 [INFO] cshmd.analysis (Qn)                                           : [Structure] Q1: 0.577
04/15 11:20 [INFO] cshmd.analysis (Qn)                                           : [Structure] Q2: 0.423
04/15 11:20 [INFO] cshmd.analysis (CS)                                           : [Structure] C/S: 1.111
04/15 11:20 [INFO] cshmd.analysis (validate_tetra)                               : [Structure] BT: 84, PT: 512
04/15 11:20 [DEBUG] cshmd.analysis (__init__)                                    : <class 'cshmd.analysis.Chain'> loaded
04/15 11:20 [DEBUG] cshmd.analysis (__init__)                                    : <class 'cshmd.analysis.Chain'> loaded
04/15 11:20 [DEBUG] cshmd.analysis (__init__)                                    : <class 'cshmd.analysis.Chain'> loaded
04/15 11:20 [DEBUG] cshmd.analysis (__init__)                                    : <class 'cshmd.analysis.Chain'> loaded
04/15 11:20 [INFO] cshmd.analysis (validate_tetra)                               : [Structure] CL : Length 2: 22 Length 5: 21
04/15 11:20 [INFO] cshmd.analysis (validate_tetra)                               : [Structure] MCL : 3.4651162790697674
04/15 11:20 [INFO] cshmd.builder (update_manager)                                : [Structure] Number of atoms: 5504 -> 5246
04/15 11:20 [INFO] csh_builder (main)                                            : [Structure] Reading command 'terminate_NBO'...
04/15 11:20 [INFO] cshmd.builder (terminate_NBO)                                 : Do not run terminate, ratio == 0
04/15 11:20 [INFO] csh_builder (main)                                            : [Structure] Reading command 'add_BT'...
04/15 11:20 [INFO] cshmd.builder (add_BT)                                        : [Structure] 'Add Ca above all Bridging Tetra'
04/15 11:20 [INFO] cshmd.structure (add_Ca)                                      : [Structure] Add Ca
04/15 11:20 [INFO] cshmd.structure (add_Ca)                                      : [Structure] Add Ca
04/15 11:20 [DEBUG] cshmd.analysis (__init__)                                    : [Structure] Now new data setted for get Bonds
04/15 11:20 [DEBUG] cshmd.analysis (__del_bond__)                                : del -> Si_O O_H H_O Ca_O C_O BO NBO
04/15 11:20 [DEBUG] cshmd.analysis (__initialize_mole__)                         : initalize -> H2O SiO4 OH CO3 H3O
04/15 11:20 [DEBUG] cshmd.analysis (__initialize_mole__)                         : initalize -> SiOH CaOH HCO3 H2CO3 H3CO3
04/15 11:20 [DEBUG] cshmd.analysis (find_bond)                                   : find_bond O - H rcut -> 1.2
04/15 11:20 [DEBUG] cshmd.common (time_wrapper)                                  : [RUNTIME] get_distance_table in 0.599 seconds
04/15 11:20 [DEBUG] cshmd.analysis (get_mole)                                    : get_mole O - H -> nbonds: 2
04/15 11:20 [DEBUG] cshmd.analysis (find_bond)                                   : find_bond Si - O rcut -> 2.2
04/15 11:20 [DEBUG] cshmd.common (time_wrapper)                                  : [RUNTIME] get_distance_table in 0.289 seconds
04/15 11:20 [DEBUG] cshmd.analysis (get_mole)                                    : get_mole Si - O -> nbonds: 4
04/15 11:20 [DEBUG] cshmd.analysis (get_mole)                                    : get_mole O - H -> nbonds: 1
04/15 11:20 [DEBUG] cshmd.analysis (find_bond)                                   : find_bond C - O rcut -> 1.6
04/15 11:20 [DEBUG] cshmd.analysis (get_mole)                                    : get_mole C - O -> nbonds: 3
04/15 11:20 [DEBUG] cshmd.analysis (get_mole)                                    : get_mole O - H -> nbonds: 3
04/15 11:20 [DEBUG] cshmd.analysis (find_bond)                                   : find_bond Ca - O rcut -> 3.0
04/15 11:20 [DEBUG] cshmd.common (time_wrapper)                                  : [RUNTIME] get_distance_table in 0.361 seconds
04/15 11:20 [DEBUG] cshmd.analysis (search_basic)                                : Basic search result -> H2O: 576, SiO4: 596, OH: 128, CO3: 0, H3O: 0, Ca_O: 4161
04/15 11:20 [DEBUG] cshmd.analysis (full_search)                                 : Search layer details
04/15 11:20 [DEBUG] cshmd.analysis (find_bond)                                   : find_bond Ca - O rcut -> 3.0
04/15 11:20 [DEBUG] cshmd.analysis (find_bond)                                   : find_bond Si - O rcut -> 2.2
04/15 11:20 [DEBUG] cshmd.analysis (__detail_search_oh_co3)                      : No CO3 in basic search
04/15 11:20 [DEBUG] cshmd.analysis (__detail_search_oh_sioh)                     : Searching 'OH' in 'SiO4
04/15 11:20 [DEBUG] cshmd.analysis (__detail_search_oh_caoh)                     : Searching 'OH' in 'CaOH
04/15 11:20 [INFO] cshmd.analysis (Qn)                                           : [Structure] Q1: 0.577
04/15 11:20 [INFO] cshmd.analysis (Qn)                                           : [Structure] Q2: 0.423
04/15 11:20 [INFO] cshmd.analysis (CS)                                           : [Structure] C/S: 1.111
04/15 11:20 [INFO] cshmd.analysis (validate_tetra)                               : [Structure] BT: 84, PT: 512
04/15 11:20 [DEBUG] cshmd.analysis (__init__)                                    : <class 'cshmd.analysis.Chain'> loaded
04/15 11:20 [DEBUG] cshmd.analysis (__init__)                                    : <class 'cshmd.analysis.Chain'> loaded
04/15 11:20 [DEBUG] cshmd.analysis (__init__)                                    : <class 'cshmd.analysis.Chain'> loaded
04/15 11:20 [DEBUG] cshmd.analysis (__init__)                                    : <class 'cshmd.analysis.Chain'> loaded
04/15 11:20 [INFO] cshmd.analysis (validate_tetra)                               : [Structure] CL : Length 2: 22 Length 5: 21
04/15 11:20 [INFO] cshmd.analysis (validate_tetra)                               : [Structure] MCL : 3.4651162790697674
04/15 11:20 [INFO] cshmd.builder (update_manager)                                : [Structure] Number of atoms: 5246 -> 5288
04/15 11:20 [INFO] cshmd.structure (writeCif)                                    : L035.cif was created
04/15 11:20 [INFO] cshmd.builder (out_model)                                     : Total Charge: 0
04/15 11:20 [INFO] csh_builder (main)                                            : ----------------------------------------------------------------------
04/15 11:20 [DEBUG] cshmd.common (get_logger)                                    : $$$$$$$$$$$$$$  Logger 'cshmd.common........' initialized  $$$$$$$$$$$$$$
04/15 11:20 [DEBUG] cshmd.functions (get_logger)                                 : $$$$$$$$$$$$$$  Logger 'cshmd.functions.....' initialized  $$$$$$$$$$$$$$
04/15 11:20 [DEBUG] cshmd.load (get_logger)                                      : $$$$$$$$$$$$$$  Logger 'cshmd.load..........' initialized  $$$$$$$$$$$$$$
04/15 11:20 [DEBUG] cshmd.analysis (get_logger)                                  : $$$$$$$$$$$$$$  Logger 'cshmd.analysis......' initialized  $$$$$$$$$$$$$$
04/15 11:20 [DEBUG] cshmd.structure (get_logger)                                 : $$$$$$$$$$$$$$  Logger 'cshmd.structure.....' initialized  $$$$$$$$$$$$$$
04/15 11:20 [DEBUG] cshmd.builder (get_logger)                                   : $$$$$$$$$$$$$$  Logger 'cshmd.builder.......' initialized  $$$$$$$$$$$$$$
04/15 11:20 [DEBUG] cshmd.trj_analysis (get_logger)                              : $$$$$$$$$$$$$$  Logger 'cshmd.trj_analysis..' initialized  $$$$$$$$$$$$$$
04/15 11:20 [DEBUG] csh_info (get_logger)                                        : $$$$$$$$$$$$$$  Logger 'csh_info............' initialized  $$$$$$$$$$$$$$
04/15 11:20 [INFO] csh_info (main)                                               : Cif: L03.cif L025.cif L035.cif
04/15 11:20 [INFO] cshmd.structure (__init__)                                    : L03.cif was loaded
04/15 11:20 [DEBUG] cshmd.analysis (__init__)                                    : [Structure] Now new data setted for get Bonds
04/15 11:20 [DEBUG] cshmd.analysis (__del_bond__)                                : del -> Si_O O_H H_O Ca_O C_O BO NBO
04/15 11:20 [DEBUG] cshmd.analysis (__initialize_mole__)                         : initalize -> H2O SiO4 OH CO3 H3O
04/15 11:20 [DEBUG] cshmd.analysis (__initialize_mole__)                         : initalize -> SiOH CaOH HCO3 H2CO3 H3CO3
04/15 11:20 [DEBUG] cshmd.analysis (__init__)                                    : C-S-H Model not setted
04/15 11:20 [DEBUG] cshmd.analysis (find_bond)                                   : find_bond O - H rcut -> 1.2
04/15 11:20 [DEBUG] cshmd.common (time_wrapper)                                  : [RUNTIME] get_distance_table in 0.523 seconds
04/15 11:20 [DEBUG] cshmd.analysis (get_mole)                                    : get_mole O - H -> nbonds: 2
04/15 11:20 [DEBUG] cshmd.analysis (find_bond)                                   : find_bond Si - O rcut -> 2.2
04/15 11:20 [DEBUG] cshmd.common (time_wrapper)                                  : [RUNTIME] get_distance_table in 0.266 seconds
04/15 11:20 [DEBUG] cshmd.analysis (get_mole)                                    : get_mole Si - O -> nbonds: 4
04/15 11:20 [DEBUG] cshmd.analysis (get_mole)                                    : get_mole O - H -> nbonds: 1
04/15 11:20 [DEBUG] cshmd.analysis (find_bond)                                   : find_bond C - O rcut -> 1.6
04/15 11:20 [DEBUG] cshmd.analysis (get_mole)                                    : get_mole C - O -> nbonds: 3
04/15 11:20 [DEBUG] cshmd.analysis (get_mole)                                    : get_mole O - H -> nbonds: 3
04/15 11:20 [DEBUG] cshmd.analysis (find_bond)                                   : find_bond Ca - O rcut -> 3.0
04/15 11:20 [DEBUG] cshmd.common (time_wrapper)                                  : [RUNTIME] get_distance_table in 0.346 seconds
04/15 11:20 [DEBUG] cshmd.analysis (search_basic)                                : Basic search result -> H2O: 576, SiO4: 576, OH: 128, CO3: 0, H3O: 0, Ca_O: 4176
04/15 11:20 [DEBUG] cshmd.analysis (full_search)                                 : Search layer details
04/15 11:20 [DEBUG] cshmd.analysis (find_bond)                                   : find_bond Ca - O rcut -> 3.0
04/15 11:20 [DEBUG] cshmd.analysis (find_bond)                                   : find_bond Si - O rcut -> 2.2
04/15 11:20 [DEBUG] cshmd.analysis (__detail_search_oh_co3)                      : No CO3 in basic search
04/15 11:20 [DEBUG] cshmd.analysis (__detail_search_oh_sioh)                     : Searching 'OH' in 'SiO4
04/15 11:20 [DEBUG] cshmd.analysis (__detail_search_oh_caoh)                     : Searching 'OH' in 'CaOH
04/15 11:20 [INFO] cshmd.analysis (Qn)                                           : [Structure] Q1: 0.667
04/15 11:20 [INFO] cshmd.analysis (Qn)                                           : [Structure] Q2: 0.333
04/15 11:20 [INFO] cshmd.analysis (CS)                                           : [Structure] C/S: 1.167
04/15 11:20 [INFO] cshmd.analysis (validate_tetra)                               : [Structure] BT: 64, PT: 512
04/15 11:20 [DEBUG] cshmd.analysis (__init__)                                    : <class 'cshmd.analysis.Chain'> loaded
04/15 11:20 [DEBUG] cshmd.analysis (__init__)                                    : <class 'cshmd.analysis.Chain'> loaded
04/15 11:20 [DEBUG] cshmd.analysis (__init__)                                    : <class 'cshmd.analysis.Chain'> loaded
04/15 11:20 [DEBUG] cshmd.analysis (__init__)                                    : <class 'cshmd.analysis.Chain'> loaded
04/15 11:20 [INFO] cshmd.analysis (validate_tetra)                               : [Structure] CL : Length 2: 32 Length 5: 16
04/15 11:20 [INFO] cshmd.analysis (validate_tetra)                               : [Structure] MCL : 3.0
04/15 11:20 [INFO] cshmd.structure (__init__)                                    : L025.cif was loaded
04/15 11:20 [DEBUG] cshmd.analysis (__init__)                                    : [Structure] Now new data setted for get Bonds
04/15 11:20 [DEBUG] cshmd.analysis (__del_bond__)                                : del -> Si_O O_H H_O Ca_O C_O BO NBO
04/15 11:20 [DEBUG] cshmd.analysis (__initialize_mole__)                         : initalize -> H2O SiO4 OH CO3 H3O
04/15 11:20 [DEBUG] cshmd.analysis (__initialize_mole__)                         : initalize -> SiOH CaOH HCO3 H2CO3 H3CO3
04/15 11:20 [DEBUG] cshmd.analysis (find_bond)                                   : find_bond O - H rcut -> 1.2
04/15 11:20 [DEBUG] cshmd.common (time_wrapper)                                  : [RUNTIME] get_distance_table in 0.494 seconds
04/15 11:20 [DEBUG] cshmd.analysis (get_mole)                                    : get_mole O - H -> nbonds: 2
04/15 11:20 [DEBUG] cshmd.analysis (find_bond)                                   : find_bond Si - O rcut -> 2.2
04/15 11:20 [DEBUG] cshmd.common (time_wrapper)                                  : [RUNTIME] get_distance_table in 0.233 seconds
04/15 11:20 [DEBUG] cshmd.analysis (get_mole)                                    : get_mole Si - O -> nbonds: 4
04/15 11:20 [DEBUG] cshmd.analysis (get_mole)                                    : get_mole O - H -> nbonds: 1
04/15 11:20 [DEBUG] cshmd.analysis (find_bond)                                   : find_bond C - O rcut -> 1.6
04/15 11:20 [DEBUG] cshmd.analysis (get_mole)                                    : get_mole C - O -> nbonds: 3
04/15 11:20 [DEBUG] cshmd.analysis (get_mole)                                    : get_mole O - H -> nbonds: 3
04/15 11:20 [DEBUG] cshmd.analysis (find_bond)                                   : find_bond Ca - O rcut -> 3.0
04/15 11:20 [DEBUG] cshmd.common (time_wrapper)                                  : [RUNTIME] get_distance_table in 0.315 seconds
04/15 11:20 [DEBUG] cshmd.analysis (search_basic)                                : Basic search result -> H2O: 576, SiO4: 548, OH: 128, CO3: 0, H3O: 0, Ca_O: 4197
04/15 11:20 [DEBUG] cshmd.analysis (full_search)                                 : Search layer details
04/15 11:20 [DEBUG] cshmd.analysis (find_bond)                                   : find_bond Ca - O rcut -> 3.0
04/15 11:20 [DEBUG] cshmd.analysis (find_bond)                                   : find_bond Si - O rcut -> 2.2
04/15 11:20 [DEBUG] cshmd.analysis (__detail_search_oh_co3)                      : No CO3 in basic search
04/15 11:20 [DEBUG] cshmd.analysis (__detail_search_oh_sioh)                     : Searching 'OH' in 'SiO4
04/15 11:20 [DEBUG] cshmd.analysis (__detail_search_oh_caoh)                     : Searching 'OH' in 'CaOH
04/15 11:20 [INFO] cshmd.analysis (Qn)                                           : [Structure] Q1: 0.803
04/15 11:20 [INFO] cshmd.analysis (Qn)                                           : [Structure] Q2: 0.197
04/15 11:20 [INFO] cshmd.analysis (CS)                                           : [Structure] C/S: 1.252
04/15 11:20 [INFO] cshmd.analysis (validate_tetra)                               : [Structure] BT: 36, PT: 512
04/15 11:20 [DEBUG] cshmd.analysis (__init__)                                    : <class 'cshmd.analysis.Chain'> loaded
04/15 11:20 [DEBUG] cshmd.analysis (__init__)                                    : <class 'cshmd.analysis.Chain'> loaded
04/15 11:20 [DEBUG] cshmd.analysis (__init__)                                    : <class 'cshmd.analysis.Chain'> loaded
04/15 11:20 [DEBUG] cshmd.analysis (__init__)                                    : <class 'cshmd.analysis.Chain'> loaded
04/15 11:20 [INFO] cshmd.analysis (validate_tetra)                               : [Structure] CL : Length 2: 46 Length 5: 9
04/15 11:20 [INFO] cshmd.analysis (validate_tetra)                               : [Structure] MCL : 2.4909090909090907
04/15 11:20 [INFO] cshmd.structure (__init__)                                    : L035.cif was loaded
04/15 11:20 [DEBUG] cshmd.analysis (__init__)                                    : [Structure] Now new data setted for get Bonds
04/15 11:20 [DEBUG] cshmd.analysis (__del_bond__)                                : del -> Si_O O_H H_O Ca_O C_O BO NBO
04/15 11:20 [DEBUG] cshmd.analysis (__initialize_mole__)                         : initalize -> H2O SiO4 OH CO3 H3O
04/15 11:20 [DEBUG] cshmd.analysis (__initialize_mole__)                         : initalize -> SiOH CaOH HCO3 H2CO3 H3CO3
04/15 11:20 [DEBUG] cshmd.analysis (find_bond)                                   : find_bond O - H rcut -> 1.2
04/15 11:20 [DEBUG] cshmd.common (time_wrapper)                                  : [RUNTIME] get_distance_table in 0.507 seconds
04/15 11:20 [DEBUG] cshmd.analysis (get_mole)                                    : get_mole O - H -> nbonds: 2
04/15 11:20 [DEBUG] cshmd.analysis (find_bond)                                   : find_bond Si - O rcut -> 2.2
04/15 11:20 [DEBUG] cshmd.common (time_wrapper)                                  : [RUNTIME] get_distance_table in 0.273 seconds
04/15 11:20 [DEBUG] cshmd.analysis (get_mole)                                    : get_mole Si - O -> nbonds: 4
04/15 11:20 [DEBUG] cshmd.analysis (get_mole)                                    : get_mole O - H -> nbonds: 1
04/15 11:20 [DEBUG] cshmd.analysis (find_bond)                                   : find_bond C - O rcut -> 1.6
04/15 11:20 [DEBUG] cshmd.analysis (get_mole)                                    : get_mole C - O -> nbonds: 3
04/15 11:20 [DEBUG] cshmd.analysis (get_mole)                                    : get_mole O - H -> nbonds: 3
04/15 11:20 [DEBUG] cshmd.analysis (find_bond)                                   : find_bond Ca - O rcut -> 3.0
04/15 11:20 [DEBUG] cshmd.common (time_wrapper)                                  : [RUNTIME] get_distance_table in 0.315 seconds
04/15 11:20 [DEBUG] cshmd.analysis (search_basic)                                : Basic search result -> H2O: 576, SiO4: 596, OH: 128, CO3: 0, H3O: 0, Ca_O: 4161
04/15 11:20 [DEBUG] cshmd.analysis (full_search)                                 : Search layer details
04/15 11:20 [DEBUG] cshmd.analysis (find_bond)                                   : find_bond Ca - O rcut -> 3.0
04/15 11:20 [DEBUG] cshmd.analysis (find_bond)                                   : find_bond Si - O rcut -> 2.2
04/15 11:20 [DEBUG] cshmd.analysis (__detail_search_oh_co3)                      : No CO3 in basic search
04/15 11:20 [DEBUG] cshmd.analysis (__detail_search_oh_sioh)                     : Searching 'OH' in 'SiO4
04/15 11:20 [DEBUG] cshmd.analysis (__detail_search_oh_caoh)                     : Searching 'OH' in 'CaOH
04/15 11:20 [INFO] cshmd.analysis (Qn)                                           : [Structure] Q1: 0.577
04/15 11:20 [INFO] cshmd.analysis (Qn)                                           : [Structure] Q2: 0.423
04/15 11:20 [INFO] cshmd.analysis (CS)                                           : [Structure] C/S: 1.111
04/15 11:20 [INFO] cshmd.analysis (validate_tetra)                               : [Structure] BT: 84, PT: 512
04/15 11:20 [DEBUG] cshmd.analysis (__init__)                                    : <class 'cshmd.analysis.Chain'> loaded
04/15 11:20 [DEBUG] cshmd.analysis (__init__)                                    : <class 'cshmd.analysis.Chain'> loaded
04/15 11:20 [DEBUG] cshmd.analysis (__init__)                                    : <class 'cshmd.analysis.Chain'> loaded
04/15 11:20 [DEBUG] cshmd.analysis (__init__)                                    : <class 'cshmd.analysis.Chain'> loaded
04/15 11:20 [INFO] cshmd.analysis (validate_tetra)                               : [Structure] CL : Length 2: 22 Length 5: 21
04/15 11:20 [INFO] cshmd.analysis (validate_tetra)                               : [Structure] MCL : 3.4651162790697674
04/15 11:20 [DEBUG] cshmd.common (get_logger)                                    : $$$$$$$$$$$$$$  Logger 'cshmd.common........' initialized  $$$$$$$$$$$$$$
04/15 11:20 [DEBUG] cshmd.functions (get_logger)                                 : $$$$$$$$$$$$$$  Logger 'cshmd.functions.....' initialized  $$$$$$$$$$$$$$
04/15 11:20 [DEBUG] cshmd.load (get_logger)                                      : $$$$$$$$$$$$$$  Logger 'cshmd.load..........' initialized  $$$$$$$$$$$$$$
04/15 11:20 [DEBUG] cshmd.analysis (get_logger)                                  : $$$$$$$$$$$$$$  Logger 'cshmd.analysis......' initialized  $$$$$$$$$$$$$$
04/15 11:21 [DEBUG] cshmd.structure (get_logger)                                 : $$$$$$$$$$$$$$  Logger 'cshmd.structure.....' initialized  $$$$$$$$$$$$$$
04/15 11:21 [DEBUG] cshmd.builder (get_logger)                                   : $$$$$$$$$$$$$$  Logger 'cshmd.builder.......' initialized  $$$$$$$$$$$$$$
04/15 11:21 [DEBUG] cshmd.trj_analysis (get_logger)                              : $$$$$$$$$$$$$$  Logger 'cshmd.trj_analysis..' initialized  $$$$$$$$$$$$$$
04/15 11:21 [DEBUG] cif_modifier (get_logger)                                    : $$$$$$$$$$$$$$  Logger 'cif_modifier........' initialized  $$$$$$$$$$$$$$
04/15 11:21 [INFO] cif_modifier (<module>)                                       : Logger loaded
04/15 11:21 [INFO] cshmd.structure (__init__)                                    : L025.cif was loaded
04/15 11:21 [DEBUG] cshmd.analysis (__init__)                                    : [Structure] Now new data setted for get Bonds
04/15 11:21 [DEBUG] cshmd.analysis (__del_bond__)                                : del -> Si_O O_H H_O Ca_O C_O BO NBO
04/15 11:21 [DEBUG] cshmd.analysis (__initialize_mole__)                         : initalize -> H2O SiO4 OH CO3 H3O
04/15 11:21 [DEBUG] cshmd.analysis (__initialize_mole__)                         : initalize -> SiOH CaOH HCO3 H2CO3 H3CO3
04/15 11:21 [DEBUG] cshmd.analysis (__init__)                                    : C-S-H Model not setted
04/15 11:21 [DEBUG] cshmd.analysis (find_bond)                                   : find_bond O - H rcut -> 1.2
04/15 11:21 [DEBUG] cshmd.common (time_wrapper)                                  : [RUNTIME] get_distance_table in 0.505 seconds
04/15 11:21 [DEBUG] cshmd.analysis (get_mole)                                    : get_mole O - H -> nbonds: 2
04/15 11:21 [DEBUG] cshmd.analysis (find_bond)                                   : find_bond Si - O rcut -> 2.2
04/15 11:21 [DEBUG] cshmd.common (time_wrapper)                                  : [RUNTIME] get_distance_table in 0.223 seconds
04/15 11:21 [DEBUG] cshmd.analysis (get_mole)                                    : get_mole Si - O -> nbonds: 4
04/15 11:21 [DEBUG] cshmd.analysis (get_mole)                                    : get_mole O - H -> nbonds: 1
04/15 11:21 [DEBUG] cshmd.analysis (find_bond)                                   : find_bond C - O rcut -> 1.6
04/15 11:21 [DEBUG] cshmd.analysis (get_mole)                                    : get_mole C - O -> nbonds: 3
04/15 11:21 [DEBUG] cshmd.analysis (get_mole)                                    : get_mole O - H -> nbonds: 3
04/15 11:21 [DEBUG] cshmd.analysis (find_bond)                                   : find_bond Ca - O rcut -> 3.0
04/15 11:21 [DEBUG] cshmd.common (time_wrapper)                                  : [RUNTIME] get_distance_table in 0.322 seconds
04/15 11:21 [DEBUG] cshmd.analysis (search_basic)                                : Basic search result -> H2O: 576, SiO4: 548, OH: 128, CO3: 0, H3O: 0, Ca_O: 4197
04/15 11:21 [DEBUG] cshmd.analysis (full_search)                                 : Search layer details
04/15 11:21 [DEBUG] cshmd.analysis (find_bond)                                   : find_bond Ca - O rcut -> 3.0
04/15 11:21 [DEBUG] cshmd.analysis (find_bond)                                   : find_bond Si - O rcut -> 2.2
04/15 11:21 [DEBUG] cshmd.analysis (__detail_search_oh_co3)                      : No CO3 in basic search
04/15 11:21 [DEBUG] cshmd.analysis (__detail_search_oh_sioh)                     : Searching 'OH' in 'SiO4
04/15 11:21 [DEBUG] cshmd.analysis (__detail_search_oh_caoh)                     : Searching 'OH' in 'CaOH
04/15 11:21 [DEBUG] cshmd.analysis (find_bond)                                   : find_bond O - H rcut -> 1.15
04/15 11:21 [DEBUG] cshmd.analysis (get_mole)                                    : get_mole O - H -> nbonds: 1
04/15 11:21 [DEBUG] cshmd.analysis (get_mole)                                    : get_mole O - H -> nbonds: 2
04/15 11:21 [DEBUG] cshmd.analysis (find_bond)                                   : find_bond C - O rcut -> 1.4
04/15 11:21 [DEBUG] cshmd.analysis (get_mole)                                    : get_mole C - O -> nbonds: 3
04/15 11:21 [DEBUG] cshmd.analysis (find_bond)                                   : find_bond Si - O rcut -> 1.8
04/15 11:21 [DEBUG] cshmd.analysis (get_mole)                                    : get_mole Si - O -> nbonds: 4
04/15 11:21 [INFO] cshmd.functions (cal_uniform_by_space)                        : Number of molecules to add : 2678
04/15 11:21 [INFO] cshmd.functions (cal_uniform_by_space)                        : Number of atoms per surface : 272
04/15 11:21 [INFO] cshmd.functions (cal_uniform_by_space)                        : Number of layer : 10
04/15 11:21 [INFO] cshmd.structure (extendLattice)                               : Extend lattice 53.882 59.402 28.788 -> 53.882 59.402 46.788 
04/15 11:21 [INFO] cif_modifier (exec_make_interface)                            : Number of atoms: 5192 -> 13226
04/15 11:21 [INFO] cshmd.structure (labeling_by_clayff)                          : Now get label according to 'Clayff' style
04/15 11:21 [DEBUG] cshmd.analysis (get_mole)                                    : get_mole O - H -> nbonds: 1
04/15 11:21 [DEBUG] cshmd.analysis (get_mole)                                    : get_mole O - H -> nbonds: 2
04/15 11:21 [DEBUG] cshmd.analysis (get_mole)                                    : get_mole Si - O -> nbonds: 4
04/15 11:21 [DEBUG] cshmd.analysis (get_mole)                                    : get_mole C - O -> nbonds: 3
04/15 11:21 [INFO] cshmd.structure (labeling_by_clayff)                          : All atoms labeled by clayff
04/15 11:21 [INFO] cshmd.structure (labeling_by_clayff)                          : Clayff charge: -0.000
04/15 11:21 [INFO] cshmd.structure (writeCif)                                    : L025_w2750.cif was created
04/15 11:21 [INFO] cif_modifier (__init__)                                       : Total charge: 0 -> 0
04/15 11:21 [DEBUG] cshmd.common (get_logger)                                    : $$$$$$$$$$$$$$  Logger 'cshmd.common........' initialized  $$$$$$$$$$$$$$
04/15 11:21 [DEBUG] cshmd.functions (get_logger)                                 : $$$$$$$$$$$$$$  Logger 'cshmd.functions.....' initialized  $$$$$$$$$$$$$$
04/15 11:21 [DEBUG] cshmd.load (get_logger)                                      : $$$$$$$$$$$$$$  Logger 'cshmd.load..........' initialized  $$$$$$$$$$$$$$
04/15 11:21 [DEBUG] cshmd.analysis (get_logger)                                  : $$$$$$$$$$$$$$  Logger 'cshmd.analysis......' initialized  $$$$$$$$$$$$$$
04/15 11:21 [DEBUG] cshmd.structure (get_logger)                                 : $$$$$$$$$$$$$$  Logger 'cshmd.structure.....' initialized  $$$$$$$$$$$$$$
04/15 11:21 [DEBUG] cshmd.builder (get_logger)                                   : $$$$$$$$$$$$$$  Logger 'cshmd.builder.......' initialized  $$$$$$$$$$$$$$
04/15 11:21 [DEBUG] cshmd.trj_analysis (get_logger)                              : $$$$$$$$$$$$$$  Logger 'cshmd.trj_analysis..' initialized  $$$$$$$$$$$$$$
04/15 11:21 [DEBUG] cif_modifier (get_logger)                                    : $$$$$$$$$$$$$$  Logger 'cif_modifier........' initialized  $$$$$$$$$$$$$$
04/15 11:21 [INFO] cif_modifier (<module>)                                       : Logger loaded
04/15 11:21 [INFO] cshmd.structure (__init__)                                    : L03.cif was loaded
04/15 11:21 [DEBUG] cshmd.analysis (__init__)                                    : [Structure] Now new data setted for get Bonds
04/15 11:21 [DEBUG] cshmd.analysis (__del_bond__)                                : del -> Si_O O_H H_O Ca_O C_O BO NBO
04/15 11:21 [DEBUG] cshmd.analysis (__initialize_mole__)                         : initalize -> H2O SiO4 OH CO3 H3O
04/15 11:21 [DEBUG] cshmd.analysis (__initialize_mole__)                         : initalize -> SiOH CaOH HCO3 H2CO3 H3CO3
04/15 11:21 [DEBUG] cshmd.analysis (__init__)                                    : C-S-H Model not setted
04/15 11:21 [DEBUG] cshmd.analysis (find_bond)                                   : find_bond O - H rcut -> 1.2
04/15 11:21 [DEBUG] cshmd.common (time_wrapper)                                  : [RUNTIME] get_distance_table in 0.585 seconds
04/15 11:21 [DEBUG] cshmd.analysis (get_mole)                                    : get_mole O - H -> nbonds: 2
04/15 11:21 [DEBUG] cshmd.analysis (find_bond)                                   : find_bond Si - O rcut -> 2.2
04/15 11:21 [DEBUG] cshmd.common (time_wrapper)                                  : [RUNTIME] get_distance_table in 0.262 seconds
04/15 11:21 [DEBUG] cshmd.analysis (get_mole)                                    : get_mole Si - O -> nbonds: 4
04/15 11:21 [DEBUG] cshmd.analysis (get_mole)                                    : get_mole O - H -> nbonds: 1
04/15 11:21 [DEBUG] cshmd.analysis (find_bond)                                   : find_bond C - O rcut -> 1.6
04/15 11:21 [DEBUG] cshmd.analysis (get_mole)                                    : get_mole C - O -> nbonds: 3
04/15 11:21 [DEBUG] cshmd.analysis (get_mole)                                    : get_mole O - H -> nbonds: 3
04/15 11:21 [DEBUG] cshmd.analysis (find_bond)                                   : find_bond Ca - O rcut -> 3.0
04/15 11:21 [DEBUG] cshmd.common (time_wrapper)                                  : [RUNTIME] get_distance_table in 0.320 seconds
04/15 11:21 [DEBUG] cshmd.analysis (search_basic)                                : Basic search result -> H2O: 576, SiO4: 576, OH: 128, CO3: 0, H3O: 0, Ca_O: 4176
04/15 11:21 [DEBUG] cshmd.analysis (full_search)                                 : Search layer details
04/15 11:21 [DEBUG] cshmd.analysis (find_bond)                                   : find_bond Ca - O rcut -> 3.0
04/15 11:21 [DEBUG] cshmd.analysis (find_bond)                                   : find_bond Si - O rcut -> 2.2
04/15 11:21 [DEBUG] cshmd.analysis (__detail_search_oh_co3)                      : No CO3 in basic search
04/15 11:21 [DEBUG] cshmd.analysis (__detail_search_oh_sioh)                     : Searching 'OH' in 'SiO4
04/15 11:21 [DEBUG] cshmd.analysis (__detail_search_oh_caoh)                     : Searching 'OH' in 'CaOH
04/15 11:21 [DEBUG] cshmd.analysis (find_bond)                                   : find_bond O - H rcut -> 1.15
04/15 11:21 [DEBUG] cshmd.analysis (get_mole)                                    : get_mole O - H -> nbonds: 1
04/15 11:21 [DEBUG] cshmd.analysis (get_mole)                                    : get_mole O - H -> nbonds: 2
04/15 11:21 [DEBUG] cshmd.analysis (find_bond)                                   : find_bond C - O rcut -> 1.4
04/15 11:21 [DEBUG] cshmd.analysis (get_mole)                                    : get_mole C - O -> nbonds: 3
04/15 11:21 [DEBUG] cshmd.analysis (find_bond)                                   : find_bond Si - O rcut -> 1.8
04/15 11:21 [DEBUG] cshmd.analysis (get_mole)                                    : get_mole Si - O -> nbonds: 4
04/15 11:21 [INFO] cshmd.functions (cal_uniform_by_space)                        : Number of molecules to add : 2678
04/15 11:21 [INFO] cshmd.functions (cal_uniform_by_space)                        : Number of atoms per surface : 272
04/15 11:21 [INFO] cshmd.functions (cal_uniform_by_space)                        : Number of layer : 10
04/15 11:21 [INFO] cshmd.structure (extendLattice)                               : Extend lattice 53.882 59.402 28.788 -> 53.882 59.402 46.788 
04/15 11:21 [INFO] cif_modifier (exec_make_interface)                            : Number of atoms: 5248 -> 13282
04/15 11:21 [INFO] cshmd.structure (labeling_by_clayff)                          : Now get label according to 'Clayff' style
04/15 11:21 [DEBUG] cshmd.analysis (get_mole)                                    : get_mole O - H -> nbonds: 1
04/15 11:21 [DEBUG] cshmd.analysis (get_mole)                                    : get_mole O - H -> nbonds: 2
04/15 11:21 [DEBUG] cshmd.analysis (get_mole)                                    : get_mole Si - O -> nbonds: 4
04/15 11:21 [DEBUG] cshmd.analysis (get_mole)                                    : get_mole C - O -> nbonds: 3
04/15 11:21 [INFO] cshmd.structure (labeling_by_clayff)                          : All atoms labeled by clayff
04/15 11:21 [INFO] cshmd.structure (labeling_by_clayff)                          : Clayff charge: 0.000
04/15 11:21 [INFO] cshmd.structure (writeCif)                                    : L03_w2750.cif was created
04/15 11:21 [INFO] cif_modifier (__init__)                                       : Total charge: 0 -> 0
04/15 11:21 [DEBUG] cshmd.common (get_logger)                                    : $$$$$$$$$$$$$$  Logger 'cshmd.common........' initialized  $$$$$$$$$$$$$$
04/15 11:21 [DEBUG] cshmd.functions (get_logger)                                 : $$$$$$$$$$$$$$  Logger 'cshmd.functions.....' initialized  $$$$$$$$$$$$$$
04/15 11:21 [DEBUG] cshmd.load (get_logger)                                      : $$$$$$$$$$$$$$  Logger 'cshmd.load..........' initialized  $$$$$$$$$$$$$$
04/15 11:21 [DEBUG] cshmd.analysis (get_logger)                                  : $$$$$$$$$$$$$$  Logger 'cshmd.analysis......' initialized  $$$$$$$$$$$$$$
04/15 11:21 [DEBUG] cshmd.structure (get_logger)                                 : $$$$$$$$$$$$$$  Logger 'cshmd.structure.....' initialized  $$$$$$$$$$$$$$
04/15 11:21 [DEBUG] cshmd.builder (get_logger)                                   : $$$$$$$$$$$$$$  Logger 'cshmd.builder.......' initialized  $$$$$$$$$$$$$$
04/15 11:21 [DEBUG] cshmd.trj_analysis (get_logger)                              : $$$$$$$$$$$$$$  Logger 'cshmd.trj_analysis..' initialized  $$$$$$$$$$$$$$
04/15 11:21 [DEBUG] cif_modifier (get_logger)                                    : $$$$$$$$$$$$$$  Logger 'cif_modifier........' initialized  $$$$$$$$$$$$$$
04/15 11:21 [INFO] cif_modifier (<module>)                                       : Logger loaded
04/15 11:21 [INFO] cshmd.structure (__init__)                                    : L035.cif was loaded
04/15 11:21 [DEBUG] cshmd.analysis (__init__)                                    : [Structure] Now new data setted for get Bonds
04/15 11:21 [DEBUG] cshmd.analysis (__del_bond__)                                : del -> Si_O O_H H_O Ca_O C_O BO NBO
04/15 11:21 [DEBUG] cshmd.analysis (__initialize_mole__)                         : initalize -> H2O SiO4 OH CO3 H3O
04/15 11:21 [DEBUG] cshmd.analysis (__initialize_mole__)                         : initalize -> SiOH CaOH HCO3 H2CO3 H3CO3
04/15 11:21 [DEBUG] cshmd.analysis (__init__)                                    : C-S-H Model not setted
04/15 11:21 [DEBUG] cshmd.analysis (find_bond)                                   : find_bond O - H rcut -> 1.2
04/15 11:21 [DEBUG] cshmd.common (time_wrapper)                                  : [RUNTIME] get_distance_table in 0.606 seconds
04/15 11:21 [DEBUG] cshmd.analysis (get_mole)                                    : get_mole O - H -> nbonds: 2
04/15 11:21 [DEBUG] cshmd.analysis (find_bond)                                   : find_bond Si - O rcut -> 2.2
04/15 11:21 [DEBUG] cshmd.common (time_wrapper)                                  : [RUNTIME] get_distance_table in 0.304 seconds
04/15 11:21 [DEBUG] cshmd.analysis (get_mole)                                    : get_mole Si - O -> nbonds: 4
04/15 11:21 [DEBUG] cshmd.analysis (get_mole)                                    : get_mole O - H -> nbonds: 1
04/15 11:21 [DEBUG] cshmd.analysis (find_bond)                                   : find_bond C - O rcut -> 1.6
04/15 11:21 [DEBUG] cshmd.analysis (get_mole)                                    : get_mole C - O -> nbonds: 3
04/15 11:21 [DEBUG] cshmd.analysis (get_mole)                                    : get_mole O - H -> nbonds: 3
04/15 11:21 [DEBUG] cshmd.analysis (find_bond)                                   : find_bond Ca - O rcut -> 3.0
04/15 11:21 [DEBUG] cshmd.common (time_wrapper)                                  : [RUNTIME] get_distance_table in 0.351 seconds
04/15 11:21 [DEBUG] cshmd.analysis (search_basic)                                : Basic search result -> H2O: 576, SiO4: 596, OH: 128, CO3: 0, H3O: 0, Ca_O: 4161
04/15 11:21 [DEBUG] cshmd.analysis (full_search)                                 : Search layer details
04/15 11:21 [DEBUG] cshmd.analysis (find_bond)                                   : find_bond Ca - O rcut -> 3.0
04/15 11:21 [DEBUG] cshmd.analysis (find_bond)                                   : find_bond Si - O rcut -> 2.2
04/15 11:21 [DEBUG] cshmd.analysis (__detail_search_oh_co3)                      : No CO3 in basic search
04/15 11:21 [DEBUG] cshmd.analysis (__detail_search_oh_sioh)                     : Searching 'OH' in 'SiO4
04/15 11:21 [DEBUG] cshmd.analysis (__detail_search_oh_caoh)                     : Searching 'OH' in 'CaOH
04/15 11:21 [DEBUG] cshmd.analysis (find_bond)                                   : find_bond O - H rcut -> 1.15
04/15 11:21 [DEBUG] cshmd.analysis (get_mole)                                    : get_mole O - H -> nbonds: 1
04/15 11:21 [DEBUG] cshmd.analysis (get_mole)                                    : get_mole O - H -> nbonds: 2
04/15 11:21 [DEBUG] cshmd.analysis (find_bond)                                   : find_bond C - O rcut -> 1.4
04/15 11:21 [DEBUG] cshmd.analysis (get_mole)                                    : get_mole C - O -> nbonds: 3
04/15 11:21 [DEBUG] cshmd.analysis (find_bond)                                   : find_bond Si - O rcut -> 1.8
04/15 11:21 [DEBUG] cshmd.analysis (get_mole)                                    : get_mole Si - O -> nbonds: 4
04/15 11:21 [INFO] cshmd.functions (cal_uniform_by_space)                        : Number of molecules to add : 2678
04/15 11:21 [INFO] cshmd.functions (cal_uniform_by_space)                        : Number of atoms per surface : 272
04/15 11:21 [INFO] cshmd.functions (cal_uniform_by_space)                        : Number of layer : 10
04/15 11:21 [INFO] cshmd.structure (extendLattice)                               : Extend lattice 53.882 59.402 28.788 -> 53.882 59.402 46.788 
04/15 11:21 [INFO] cif_modifier (exec_make_interface)                            : Number of atoms: 5288 -> 13322
04/15 11:21 [INFO] cshmd.structure (labeling_by_clayff)                          : Now get label according to 'Clayff' style
04/15 11:21 [DEBUG] cshmd.analysis (get_mole)                                    : get_mole O - H -> nbonds: 1
04/15 11:21 [DEBUG] cshmd.analysis (get_mole)                                    : get_mole O - H -> nbonds: 2
04/15 11:21 [DEBUG] cshmd.analysis (get_mole)                                    : get_mole Si - O -> nbonds: 4
04/15 11:21 [DEBUG] cshmd.analysis (get_mole)                                    : get_mole C - O -> nbonds: 3
04/15 11:21 [INFO] cshmd.structure (labeling_by_clayff)                          : All atoms labeled by clayff
04/15 11:21 [INFO] cshmd.structure (labeling_by_clayff)                          : Clayff charge: 0.000
04/15 11:21 [INFO] cshmd.structure (writeCif)                                    : L035_w2750.cif was created
04/15 11:21 [INFO] cif_modifier (__init__)                                       : Total charge: 0 -> 0
04/15 11:40 [DEBUG] cshmd.common (get_logger)                                    : $$$$$$$$$$$$$$  Logger 'cshmd.common........' initialized  $$$$$$$$$$$$$$
04/15 11:40 [DEBUG] cshmd.functions (get_logger)                                 : $$$$$$$$$$$$$$  Logger 'cshmd.functions.....' initialized  $$$$$$$$$$$$$$
04/15 11:40 [DEBUG] cshmd.load (get_logger)                                      : $$$$$$$$$$$$$$  Logger 'cshmd.load..........' initialized  $$$$$$$$$$$$$$
04/15 11:40 [DEBUG] cshmd.analysis (get_logger)                                  : $$$$$$$$$$$$$$  Logger 'cshmd.analysis......' initialized  $$$$$$$$$$$$$$
04/15 11:40 [DEBUG] cshmd.structure (get_logger)                                 : $$$$$$$$$$$$$$  Logger 'cshmd.structure.....' initialized  $$$$$$$$$$$$$$
04/15 11:40 [DEBUG] cshmd.builder (get_logger)                                   : $$$$$$$$$$$$$$  Logger 'cshmd.builder.......' initialized  $$$$$$$$$$$$$$
04/15 11:40 [DEBUG] cshmd.trj_analysis (get_logger)                              : $$$$$$$$$$$$$$  Logger 'cshmd.trj_analysis..' initialized  $$$$$$$$$$$$$$
04/15 11:40 [DEBUG] csh_info (get_logger)                                        : $$$$$$$$$$$$$$  Logger 'csh_info............' initialized  $$$$$$$$$$$$$$
04/15 11:40 [INFO] csh_info (main)                                               : Cif: L03.cif L025.cif L035.cif
04/15 11:40 [INFO] cshmd.structure (__init__)                                    : L03.cif was loaded
04/15 11:40 [DEBUG] cshmd.analysis (__init__)                                    : [Structure] Now new data setted for get Bonds
04/15 11:40 [DEBUG] cshmd.analysis (__del_bond__)                                : del -> Si_O O_H H_O Ca_O C_O BO NBO
04/15 11:40 [DEBUG] cshmd.analysis (__initialize_mole__)                         : initalize -> H2O SiO4 OH CO3 H3O
04/15 11:40 [DEBUG] cshmd.analysis (__initialize_mole__)                         : initalize -> SiOH CaOH HCO3 H2CO3 H3CO3
04/15 11:40 [DEBUG] cshmd.analysis (__init__)                                    : C-S-H Model not setted
04/15 11:40 [DEBUG] cshmd.analysis (find_bond)                                   : find_bond O - H rcut -> 1.2
04/15 11:40 [DEBUG] cshmd.common (time_wrapper)                                  : [RUNTIME] get_distance_table in 0.521 seconds
04/15 11:40 [DEBUG] cshmd.analysis (get_mole)                                    : get_mole O - H -> nbonds: 2
04/15 11:40 [DEBUG] cshmd.analysis (find_bond)                                   : find_bond Si - O rcut -> 2.2
04/15 11:40 [DEBUG] cshmd.common (time_wrapper)                                  : [RUNTIME] get_distance_table in 0.234 seconds
04/15 11:40 [DEBUG] cshmd.analysis (get_mole)                                    : get_mole Si - O -> nbonds: 4
04/15 11:40 [DEBUG] cshmd.analysis (get_mole)                                    : get_mole O - H -> nbonds: 1
04/15 11:40 [DEBUG] cshmd.analysis (find_bond)                                   : find_bond C - O rcut -> 1.6
04/15 11:40 [DEBUG] cshmd.analysis (get_mole)                                    : get_mole C - O -> nbonds: 3
04/15 11:40 [DEBUG] cshmd.analysis (get_mole)                                    : get_mole O - H -> nbonds: 3
04/15 11:40 [DEBUG] cshmd.analysis (find_bond)                                   : find_bond Ca - O rcut -> 3.0
04/15 11:40 [DEBUG] cshmd.common (time_wrapper)                                  : [RUNTIME] get_distance_table in 0.316 seconds
04/15 11:40 [DEBUG] cshmd.analysis (search_basic)                                : Basic search result -> H2O: 576, SiO4: 576, OH: 128, CO3: 0, H3O: 0, Ca_O: 4176
04/15 11:40 [DEBUG] cshmd.analysis (full_search)                                 : Search layer details
04/15 11:40 [DEBUG] cshmd.analysis (find_bond)                                   : find_bond Ca - O rcut -> 3.0
04/15 11:40 [DEBUG] cshmd.analysis (find_bond)                                   : find_bond Si - O rcut -> 2.2
04/15 11:40 [DEBUG] cshmd.analysis (__detail_search_oh_co3)                      : No CO3 in basic search
04/15 11:40 [DEBUG] cshmd.analysis (__detail_search_oh_sioh)                     : Searching 'OH' in 'SiO4
04/15 11:40 [DEBUG] cshmd.analysis (__detail_search_oh_caoh)                     : Searching 'OH' in 'CaOH
04/15 11:40 [INFO] cshmd.analysis (Qn)                                           : [Structure] Q1: 0.667
04/15 11:40 [INFO] cshmd.analysis (Qn)                                           : [Structure] Q2: 0.333
04/15 11:40 [INFO] cshmd.analysis (CS)                                           : [Structure] C/S: 1.167
04/15 11:40 [INFO] cshmd.analysis (validate_tetra)                               : [Structure] BT: 64, PT: 512
04/15 11:40 [DEBUG] cshmd.analysis (__init__)                                    : <class 'cshmd.analysis.Chain'> loaded
04/15 11:40 [DEBUG] cshmd.analysis (__init__)                                    : <class 'cshmd.analysis.Chain'> loaded
04/15 11:40 [DEBUG] cshmd.analysis (__init__)                                    : <class 'cshmd.analysis.Chain'> loaded
04/15 11:40 [DEBUG] cshmd.analysis (__init__)                                    : <class 'cshmd.analysis.Chain'> loaded
04/15 11:40 [INFO] cshmd.analysis (validate_tetra)                               : [Structure] CL : Length 2: 32 Length 5: 16
04/15 11:40 [INFO] cshmd.analysis (validate_tetra)                               : [Structure] MCL : 3.0
04/15 11:40 [INFO] cshmd.structure (__init__)                                    : L025.cif was loaded
04/15 11:40 [DEBUG] cshmd.analysis (__init__)                                    : [Structure] Now new data setted for get Bonds
04/15 11:40 [DEBUG] cshmd.analysis (__del_bond__)                                : del -> Si_O O_H H_O Ca_O C_O BO NBO
04/15 11:40 [DEBUG] cshmd.analysis (__initialize_mole__)                         : initalize -> H2O SiO4 OH CO3 H3O
04/15 11:40 [DEBUG] cshmd.analysis (__initialize_mole__)                         : initalize -> SiOH CaOH HCO3 H2CO3 H3CO3
04/15 11:40 [DEBUG] cshmd.analysis (find_bond)                                   : find_bond O - H rcut -> 1.2
04/15 11:40 [DEBUG] cshmd.common (time_wrapper)                                  : [RUNTIME] get_distance_table in 0.496 seconds
04/15 11:40 [DEBUG] cshmd.analysis (get_mole)                                    : get_mole O - H -> nbonds: 2
04/15 11:40 [DEBUG] cshmd.analysis (find_bond)                                   : find_bond Si - O rcut -> 2.2
04/15 11:40 [DEBUG] cshmd.common (time_wrapper)                                  : [RUNTIME] get_distance_table in 0.216 seconds
04/15 11:40 [DEBUG] cshmd.analysis (get_mole)                                    : get_mole Si - O -> nbonds: 4
04/15 11:40 [DEBUG] cshmd.analysis (get_mole)                                    : get_mole O - H -> nbonds: 1
04/15 11:40 [DEBUG] cshmd.analysis (find_bond)                                   : find_bond C - O rcut -> 1.6
04/15 11:40 [DEBUG] cshmd.analysis (get_mole)                                    : get_mole C - O -> nbonds: 3
04/15 11:40 [DEBUG] cshmd.analysis (get_mole)                                    : get_mole O - H -> nbonds: 3
04/15 11:40 [DEBUG] cshmd.analysis (find_bond)                                   : find_bond Ca - O rcut -> 3.0
04/15 11:40 [DEBUG] cshmd.common (time_wrapper)                                  : [RUNTIME] get_distance_table in 0.321 seconds
04/15 11:40 [DEBUG] cshmd.analysis (search_basic)                                : Basic search result -> H2O: 576, SiO4: 548, OH: 128, CO3: 0, H3O: 0, Ca_O: 4197
04/15 11:40 [DEBUG] cshmd.analysis (full_search)                                 : Search layer details
04/15 11:40 [DEBUG] cshmd.analysis (find_bond)                                   : find_bond Ca - O rcut -> 3.0
04/15 11:40 [DEBUG] cshmd.analysis (find_bond)                                   : find_bond Si - O rcut -> 2.2
04/15 11:40 [DEBUG] cshmd.analysis (__detail_search_oh_co3)                      : No CO3 in basic search
04/15 11:40 [DEBUG] cshmd.analysis (__detail_search_oh_sioh)                     : Searching 'OH' in 'SiO4
04/15 11:40 [DEBUG] cshmd.analysis (__detail_search_oh_caoh)                     : Searching 'OH' in 'CaOH
04/15 11:40 [INFO] cshmd.analysis (Qn)                                           : [Structure] Q1: 0.803
04/15 11:40 [INFO] cshmd.analysis (Qn)                                           : [Structure] Q2: 0.197
04/15 11:40 [INFO] cshmd.analysis (CS)                                           : [Structure] C/S: 1.252
04/15 11:40 [INFO] cshmd.analysis (validate_tetra)                               : [Structure] BT: 36, PT: 512
04/15 11:40 [DEBUG] cshmd.analysis (__init__)                                    : <class 'cshmd.analysis.Chain'> loaded
04/15 11:40 [DEBUG] cshmd.analysis (__init__)                                    : <class 'cshmd.analysis.Chain'> loaded
04/15 11:40 [DEBUG] cshmd.analysis (__init__)                                    : <class 'cshmd.analysis.Chain'> loaded
04/15 11:40 [DEBUG] cshmd.analysis (__init__)                                    : <class 'cshmd.analysis.Chain'> loaded
04/15 11:40 [INFO] cshmd.analysis (validate_tetra)                               : [Structure] CL : Length 2: 46 Length 5: 9
04/15 11:40 [INFO] cshmd.analysis (validate_tetra)                               : [Structure] MCL : 2.4909090909090907
04/15 11:40 [INFO] cshmd.structure (__init__)                                    : L035.cif was loaded
04/15 11:40 [DEBUG] cshmd.analysis (__init__)                                    : [Structure] Now new data setted for get Bonds
04/15 11:40 [DEBUG] cshmd.analysis (__del_bond__)                                : del -> Si_O O_H H_O Ca_O C_O BO NBO
04/15 11:40 [DEBUG] cshmd.analysis (__initialize_mole__)                         : initalize -> H2O SiO4 OH CO3 H3O
04/15 11:40 [DEBUG] cshmd.analysis (__initialize_mole__)                         : initalize -> SiOH CaOH HCO3 H2CO3 H3CO3
04/15 11:40 [DEBUG] cshmd.analysis (find_bond)                                   : find_bond O - H rcut -> 1.2
04/15 11:40 [DEBUG] cshmd.common (time_wrapper)                                  : [RUNTIME] get_distance_table in 0.510 seconds
04/15 11:40 [DEBUG] cshmd.analysis (get_mole)                                    : get_mole O - H -> nbonds: 2
04/15 11:40 [DEBUG] cshmd.analysis (find_bond)                                   : find_bond Si - O rcut -> 2.2
04/15 11:40 [DEBUG] cshmd.common (time_wrapper)                                  : [RUNTIME] get_distance_table in 0.252 seconds
04/15 11:40 [DEBUG] cshmd.analysis (get_mole)                                    : get_mole Si - O -> nbonds: 4
04/15 11:40 [DEBUG] cshmd.analysis (get_mole)                                    : get_mole O - H -> nbonds: 1
04/15 11:40 [DEBUG] cshmd.analysis (find_bond)                                   : find_bond C - O rcut -> 1.6
04/15 11:40 [DEBUG] cshmd.analysis (get_mole)                                    : get_mole C - O -> nbonds: 3
04/15 11:40 [DEBUG] cshmd.analysis (get_mole)                                    : get_mole O - H -> nbonds: 3
04/15 11:40 [DEBUG] cshmd.analysis (find_bond)                                   : find_bond Ca - O rcut -> 3.0
04/15 11:40 [DEBUG] cshmd.common (time_wrapper)                                  : [RUNTIME] get_distance_table in 0.322 seconds
04/15 11:40 [DEBUG] cshmd.analysis (search_basic)                                : Basic search result -> H2O: 576, SiO4: 596, OH: 128, CO3: 0, H3O: 0, Ca_O: 4161
04/15 11:40 [DEBUG] cshmd.analysis (full_search)                                 : Search layer details
04/15 11:40 [DEBUG] cshmd.analysis (find_bond)                                   : find_bond Ca - O rcut -> 3.0
04/15 11:40 [DEBUG] cshmd.analysis (find_bond)                                   : find_bond Si - O rcut -> 2.2
04/15 11:40 [DEBUG] cshmd.analysis (__detail_search_oh_co3)                      : No CO3 in basic search
04/15 11:40 [DEBUG] cshmd.analysis (__detail_search_oh_sioh)                     : Searching 'OH' in 'SiO4
04/15 11:40 [DEBUG] cshmd.analysis (__detail_search_oh_caoh)                     : Searching 'OH' in 'CaOH
04/15 11:40 [INFO] cshmd.analysis (Qn)                                           : [Structure] Q1: 0.577
04/15 11:40 [INFO] cshmd.analysis (Qn)                                           : [Structure] Q2: 0.423
04/15 11:40 [INFO] cshmd.analysis (CS)                                           : [Structure] C/S: 1.111
04/15 11:40 [INFO] cshmd.analysis (validate_tetra)                               : [Structure] BT: 84, PT: 512
04/15 11:40 [DEBUG] cshmd.analysis (__init__)                                    : <class 'cshmd.analysis.Chain'> loaded
04/15 11:40 [DEBUG] cshmd.analysis (__init__)                                    : <class 'cshmd.analysis.Chain'> loaded
04/15 11:40 [DEBUG] cshmd.analysis (__init__)                                    : <class 'cshmd.analysis.Chain'> loaded
04/15 11:40 [DEBUG] cshmd.analysis (__init__)                                    : <class 'cshmd.analysis.Chain'> loaded
04/15 11:40 [INFO] cshmd.analysis (validate_tetra)                               : [Structure] CL : Length 2: 22 Length 5: 21
04/15 11:40 [INFO] cshmd.analysis (validate_tetra)                               : [Structure] MCL : 3.4651162790697674
04/15 11:43 [DEBUG] cshmd.common (get_logger)                                    : $$$$$$$$$$$$$$  Logger 'cshmd.common........' initialized  $$$$$$$$$$$$$$
04/15 11:43 [DEBUG] cshmd.functions (get_logger)                                 : $$$$$$$$$$$$$$  Logger 'cshmd.functions.....' initialized  $$$$$$$$$$$$$$
04/15 11:43 [DEBUG] cshmd.load (get_logger)                                      : $$$$$$$$$$$$$$  Logger 'cshmd.load..........' initialized  $$$$$$$$$$$$$$
04/15 11:43 [DEBUG] cshmd.analysis (get_logger)                                  : $$$$$$$$$$$$$$  Logger 'cshmd.analysis......' initialized  $$$$$$$$$$$$$$
04/15 11:43 [DEBUG] cshmd.structure (get_logger)                                 : $$$$$$$$$$$$$$  Logger 'cshmd.structure.....' initialized  $$$$$$$$$$$$$$
04/15 11:43 [DEBUG] cshmd.builder (get_logger)                                   : $$$$$$$$$$$$$$  Logger 'cshmd.builder.......' initialized  $$$$$$$$$$$$$$
04/15 11:43 [DEBUG] cshmd.trj_analysis (get_logger)                              : $$$$$$$$$$$$$$  Logger 'cshmd.trj_analysis..' initialized  $$$$$$$$$$$$$$
04/15 11:43 [DEBUG] csh_info (get_logger)                                        : $$$$$$$$$$$$$$  Logger 'csh_info............' initialized  $$$$$$$$$$$$$$
04/15 11:43 [INFO] csh_info (main)                                               : Cif: L03.cif L025.cif L035.cif
04/15 11:43 [INFO] cshmd.structure (__init__)                                    : L03.cif was loaded
04/15 11:43 [DEBUG] cshmd.analysis (__init__)                                    : [Structure] Now new data setted for get Bonds
04/15 11:43 [DEBUG] cshmd.analysis (__del_bond__)                                : del -> Si_O O_H H_O Ca_O C_O BO NBO
04/15 11:43 [DEBUG] cshmd.analysis (__initialize_mole__)                         : initalize -> H2O SiO4 OH CO3 H3O
04/15 11:43 [DEBUG] cshmd.analysis (__initialize_mole__)                         : initalize -> SiOH CaOH HCO3 H2CO3 H3CO3
04/15 11:43 [DEBUG] cshmd.analysis (__init__)                                    : C-S-H Model not setted
04/15 11:43 [DEBUG] cshmd.analysis (find_bond)                                   : find_bond O - H rcut -> 1.2
04/15 11:43 [DEBUG] cshmd.common (time_wrapper)                                  : [RUNTIME] get_distance_table in 0.514 seconds
04/15 11:43 [DEBUG] cshmd.analysis (get_mole)                                    : get_mole O - H -> nbonds: 2
04/15 11:43 [DEBUG] cshmd.analysis (find_bond)                                   : find_bond Si - O rcut -> 2.2
04/15 11:43 [DEBUG] cshmd.common (time_wrapper)                                  : [RUNTIME] get_distance_table in 0.235 seconds
04/15 11:43 [DEBUG] cshmd.analysis (get_mole)                                    : get_mole Si - O -> nbonds: 4
04/15 11:43 [DEBUG] cshmd.analysis (get_mole)                                    : get_mole O - H -> nbonds: 1
04/15 11:43 [DEBUG] cshmd.analysis (find_bond)                                   : find_bond C - O rcut -> 1.6
04/15 11:43 [DEBUG] cshmd.analysis (get_mole)                                    : get_mole C - O -> nbonds: 3
04/15 11:43 [DEBUG] cshmd.analysis (get_mole)                                    : get_mole O - H -> nbonds: 3
04/15 11:43 [DEBUG] cshmd.analysis (find_bond)                                   : find_bond Ca - O rcut -> 3.0
04/15 11:43 [DEBUG] cshmd.common (time_wrapper)                                  : [RUNTIME] get_distance_table in 0.316 seconds
04/15 11:43 [DEBUG] cshmd.analysis (search_basic)                                : Basic search result -> H2O: 576, SiO4: 576, OH: 128, CO3: 0, H3O: 0, Ca_O: 4176
04/15 11:43 [DEBUG] cshmd.analysis (full_search)                                 : Search layer details
04/15 11:43 [DEBUG] cshmd.analysis (find_bond)                                   : find_bond Ca - O rcut -> 3.0
04/15 11:43 [DEBUG] cshmd.analysis (find_bond)                                   : find_bond Si - O rcut -> 2.2
04/15 11:43 [DEBUG] cshmd.analysis (__detail_search_oh_co3)                      : No CO3 in basic search
04/15 11:43 [DEBUG] cshmd.analysis (__detail_search_oh_sioh)                     : Searching 'OH' in 'SiO4
04/15 11:43 [DEBUG] cshmd.analysis (__detail_search_oh_caoh)                     : Searching 'OH' in 'CaOH
04/15 11:43 [INFO] cshmd.analysis (Qn)                                           : [Structure] Q1: 0.667
04/15 11:43 [INFO] cshmd.analysis (Qn)                                           : [Structure] Q2: 0.333
04/15 11:43 [INFO] cshmd.analysis (CS)                                           : [Structure] C/S: 1.167
04/15 11:43 [INFO] cshmd.analysis (validate_tetra)                               : [Structure] BT: 64, PT: 512
04/15 11:43 [DEBUG] cshmd.analysis (__init__)                                    : <class 'cshmd.analysis.Chain'> loaded
04/15 11:43 [DEBUG] cshmd.analysis (__init__)                                    : <class 'cshmd.analysis.Chain'> loaded
04/15 11:43 [DEBUG] cshmd.analysis (__init__)                                    : <class 'cshmd.analysis.Chain'> loaded
04/15 11:43 [DEBUG] cshmd.analysis (__init__)                                    : <class 'cshmd.analysis.Chain'> loaded
04/15 11:43 [INFO] cshmd.analysis (validate_tetra)                               : [Structure] CL : Length 2: 32 Length 5: 16
04/15 11:43 [INFO] cshmd.analysis (validate_tetra)                               : [Structure] MCL : 3.0
04/15 11:43 [INFO] cshmd.structure (__init__)                                    : L025.cif was loaded
04/15 11:43 [DEBUG] cshmd.analysis (__init__)                                    : [Structure] Now new data setted for get Bonds
04/15 11:43 [DEBUG] cshmd.analysis (__del_bond__)                                : del -> Si_O O_H H_O Ca_O C_O BO NBO
04/15 11:43 [DEBUG] cshmd.analysis (__initialize_mole__)                         : initalize -> H2O SiO4 OH CO3 H3O
04/15 11:43 [DEBUG] cshmd.analysis (__initialize_mole__)                         : initalize -> SiOH CaOH HCO3 H2CO3 H3CO3
04/15 11:43 [DEBUG] cshmd.analysis (find_bond)                                   : find_bond O - H rcut -> 1.2
04/15 11:43 [DEBUG] cshmd.common (time_wrapper)                                  : [RUNTIME] get_distance_table in 0.491 seconds
04/15 11:43 [DEBUG] cshmd.analysis (get_mole)                                    : get_mole O - H -> nbonds: 2
04/15 11:43 [DEBUG] cshmd.analysis (find_bond)                                   : find_bond Si - O rcut -> 2.2
04/15 11:43 [DEBUG] cshmd.common (time_wrapper)                                  : [RUNTIME] get_distance_table in 0.213 seconds
04/15 11:43 [DEBUG] cshmd.analysis (get_mole)                                    : get_mole Si - O -> nbonds: 4
04/15 11:43 [DEBUG] cshmd.analysis (get_mole)                                    : get_mole O - H -> nbonds: 1
04/15 11:43 [DEBUG] cshmd.analysis (find_bond)                                   : find_bond C - O rcut -> 1.6
04/15 11:43 [DEBUG] cshmd.analysis (get_mole)                                    : get_mole C - O -> nbonds: 3
04/15 11:43 [DEBUG] cshmd.analysis (get_mole)                                    : get_mole O - H -> nbonds: 3
04/15 11:43 [DEBUG] cshmd.analysis (find_bond)                                   : find_bond Ca - O rcut -> 3.0
04/15 11:43 [DEBUG] cshmd.common (time_wrapper)                                  : [RUNTIME] get_distance_table in 0.316 seconds
04/15 11:43 [DEBUG] cshmd.analysis (search_basic)                                : Basic search result -> H2O: 576, SiO4: 548, OH: 128, CO3: 0, H3O: 0, Ca_O: 4197
04/15 11:43 [DEBUG] cshmd.analysis (full_search)                                 : Search layer details
04/15 11:43 [DEBUG] cshmd.analysis (find_bond)                                   : find_bond Ca - O rcut -> 3.0
04/15 11:43 [DEBUG] cshmd.analysis (find_bond)                                   : find_bond Si - O rcut -> 2.2
04/15 11:43 [DEBUG] cshmd.analysis (__detail_search_oh_co3)                      : No CO3 in basic search
04/15 11:43 [DEBUG] cshmd.analysis (__detail_search_oh_sioh)                     : Searching 'OH' in 'SiO4
04/15 11:43 [DEBUG] cshmd.analysis (__detail_search_oh_caoh)                     : Searching 'OH' in 'CaOH
04/15 11:43 [INFO] cshmd.analysis (Qn)                                           : [Structure] Q1: 0.803
04/15 11:43 [INFO] cshmd.analysis (Qn)                                           : [Structure] Q2: 0.197
04/15 11:43 [INFO] cshmd.analysis (CS)                                           : [Structure] C/S: 1.252
04/15 11:43 [INFO] cshmd.analysis (validate_tetra)                               : [Structure] BT: 36, PT: 512
04/15 11:43 [DEBUG] cshmd.analysis (__init__)                                    : <class 'cshmd.analysis.Chain'> loaded
04/15 11:43 [DEBUG] cshmd.analysis (__init__)                                    : <class 'cshmd.analysis.Chain'> loaded
04/15 11:43 [DEBUG] cshmd.analysis (__init__)                                    : <class 'cshmd.analysis.Chain'> loaded
04/15 11:43 [DEBUG] cshmd.analysis (__init__)                                    : <class 'cshmd.analysis.Chain'> loaded
04/15 11:43 [INFO] cshmd.analysis (validate_tetra)                               : [Structure] CL : Length 2: 46 Length 5: 9
04/15 11:43 [INFO] cshmd.analysis (validate_tetra)                               : [Structure] MCL : 2.4909090909090907
04/15 11:43 [INFO] cshmd.structure (__init__)                                    : L035.cif was loaded
04/15 11:43 [DEBUG] cshmd.analysis (__init__)                                    : [Structure] Now new data setted for get Bonds
04/15 11:43 [DEBUG] cshmd.analysis (__del_bond__)                                : del -> Si_O O_H H_O Ca_O C_O BO NBO
04/15 11:43 [DEBUG] cshmd.analysis (__initialize_mole__)                         : initalize -> H2O SiO4 OH CO3 H3O
04/15 11:43 [DEBUG] cshmd.analysis (__initialize_mole__)                         : initalize -> SiOH CaOH HCO3 H2CO3 H3CO3
04/15 11:43 [DEBUG] cshmd.analysis (find_bond)                                   : find_bond O - H rcut -> 1.2
04/15 11:43 [DEBUG] cshmd.common (time_wrapper)                                  : [RUNTIME] get_distance_table in 0.528 seconds
04/15 11:43 [DEBUG] cshmd.analysis (get_mole)                                    : get_mole O - H -> nbonds: 2
04/15 11:43 [DEBUG] cshmd.analysis (find_bond)                                   : find_bond Si - O rcut -> 2.2
04/15 11:43 [DEBUG] cshmd.common (time_wrapper)                                  : [RUNTIME] get_distance_table in 0.245 seconds
04/15 11:43 [DEBUG] cshmd.analysis (get_mole)                                    : get_mole Si - O -> nbonds: 4
04/15 11:43 [DEBUG] cshmd.analysis (get_mole)                                    : get_mole O - H -> nbonds: 1
04/15 11:43 [DEBUG] cshmd.analysis (find_bond)                                   : find_bond C - O rcut -> 1.6
04/15 11:43 [DEBUG] cshmd.analysis (get_mole)                                    : get_mole C - O -> nbonds: 3
04/15 11:43 [DEBUG] cshmd.analysis (get_mole)                                    : get_mole O - H -> nbonds: 3
04/15 11:43 [DEBUG] cshmd.analysis (find_bond)                                   : find_bond Ca - O rcut -> 3.0
04/15 11:43 [DEBUG] cshmd.common (time_wrapper)                                  : [RUNTIME] get_distance_table in 0.316 seconds
04/15 11:43 [DEBUG] cshmd.analysis (search_basic)                                : Basic search result -> H2O: 576, SiO4: 596, OH: 128, CO3: 0, H3O: 0, Ca_O: 4161
04/15 11:43 [DEBUG] cshmd.analysis (full_search)                                 : Search layer details
04/15 11:43 [DEBUG] cshmd.analysis (find_bond)                                   : find_bond Ca - O rcut -> 3.0
04/15 11:43 [DEBUG] cshmd.analysis (find_bond)                                   : find_bond Si - O rcut -> 2.2
04/15 11:43 [DEBUG] cshmd.analysis (__detail_search_oh_co3)                      : No CO3 in basic search
04/15 11:43 [DEBUG] cshmd.analysis (__detail_search_oh_sioh)                     : Searching 'OH' in 'SiO4
04/15 11:43 [DEBUG] cshmd.analysis (__detail_search_oh_caoh)                     : Searching 'OH' in 'CaOH
04/15 11:43 [INFO] cshmd.analysis (Qn)                                           : [Structure] Q1: 0.577
04/15 11:43 [INFO] cshmd.analysis (Qn)                                           : [Structure] Q2: 0.423
04/15 11:43 [INFO] cshmd.analysis (CS)                                           : [Structure] C/S: 1.111
04/15 11:43 [INFO] cshmd.analysis (validate_tetra)                               : [Structure] BT: 84, PT: 512
04/15 11:43 [DEBUG] cshmd.analysis (__init__)                                    : <class 'cshmd.analysis.Chain'> loaded
04/15 11:43 [DEBUG] cshmd.analysis (__init__)                                    : <class 'cshmd.analysis.Chain'> loaded
04/15 11:43 [DEBUG] cshmd.analysis (__init__)                                    : <class 'cshmd.analysis.Chain'> loaded
04/15 11:43 [DEBUG] cshmd.analysis (__init__)                                    : <class 'cshmd.analysis.Chain'> loaded
04/15 11:43 [INFO] cshmd.analysis (validate_tetra)                               : [Structure] CL : Length 2: 22 Length 5: 21
04/15 11:43 [INFO] cshmd.analysis (validate_tetra)                               : [Structure] MCL : 3.4651162790697674
04/15 11:44 [DEBUG] cshmd.common (get_logger)                                    : $$$$$$$$$$$$$$  Logger 'cshmd.common........' initialized  $$$$$$$$$$$$$$
04/15 11:44 [DEBUG] cshmd.functions (get_logger)                                 : $$$$$$$$$$$$$$  Logger 'cshmd.functions.....' initialized  $$$$$$$$$$$$$$
04/15 11:44 [DEBUG] cshmd.load (get_logger)                                      : $$$$$$$$$$$$$$  Logger 'cshmd.load..........' initialized  $$$$$$$$$$$$$$
04/15 11:44 [DEBUG] cshmd.analysis (get_logger)                                  : $$$$$$$$$$$$$$  Logger 'cshmd.analysis......' initialized  $$$$$$$$$$$$$$
04/15 11:44 [DEBUG] cshmd.structure (get_logger)                                 : $$$$$$$$$$$$$$  Logger 'cshmd.structure.....' initialized  $$$$$$$$$$$$$$
04/15 11:44 [DEBUG] cshmd.builder (get_logger)                                   : $$$$$$$$$$$$$$  Logger 'cshmd.builder.......' initialized  $$$$$$$$$$$$$$
04/15 11:44 [DEBUG] cshmd.trj_analysis (get_logger)                              : $$$$$$$$$$$$$$  Logger 'cshmd.trj_analysis..' initialized  $$$$$$$$$$$$$$
04/15 11:44 [DEBUG] csh_info (get_logger)                                        : $$$$$$$$$$$$$$  Logger 'csh_info............' initialized  $$$$$$$$$$$$$$
04/15 11:44 [INFO] csh_info (main)                                               : Cif: L03.cif L025.cif L035.cif
04/15 11:44 [INFO] cshmd.structure (__init__)                                    : L03.cif was loaded
04/15 11:44 [DEBUG] cshmd.analysis (__init__)                                    : [Structure] Now new data setted for get Bonds
04/15 11:44 [DEBUG] cshmd.analysis (__del_bond__)                                : del -> Si_O O_H H_O Ca_O C_O BO NBO
04/15 11:44 [DEBUG] cshmd.analysis (__initialize_mole__)                         : initalize -> H2O SiO4 OH CO3 H3O
04/15 11:44 [DEBUG] cshmd.analysis (__initialize_mole__)                         : initalize -> SiOH CaOH HCO3 H2CO3 H3CO3
04/15 11:44 [DEBUG] cshmd.analysis (__init__)                                    : C-S-H Model not setted
04/15 11:44 [DEBUG] cshmd.analysis (find_bond)                                   : find_bond O - H rcut -> 1.2
04/15 11:44 [DEBUG] cshmd.common (time_wrapper)                                  : [RUNTIME] get_distance_table in 0.516 seconds
04/15 11:44 [DEBUG] cshmd.analysis (get_mole)                                    : get_mole O - H -> nbonds: 2
04/15 11:44 [DEBUG] cshmd.analysis (find_bond)                                   : find_bond Si - O rcut -> 2.2
04/15 11:44 [DEBUG] cshmd.common (time_wrapper)                                  : [RUNTIME] get_distance_table in 0.235 seconds
04/15 11:44 [DEBUG] cshmd.analysis (get_mole)                                    : get_mole Si - O -> nbonds: 4
04/15 11:44 [DEBUG] cshmd.analysis (get_mole)                                    : get_mole O - H -> nbonds: 1
04/15 11:44 [DEBUG] cshmd.analysis (find_bond)                                   : find_bond C - O rcut -> 1.6
04/15 11:44 [DEBUG] cshmd.analysis (get_mole)                                    : get_mole C - O -> nbonds: 3
04/15 11:44 [DEBUG] cshmd.analysis (get_mole)                                    : get_mole O - H -> nbonds: 3
04/15 11:44 [DEBUG] cshmd.analysis (find_bond)                                   : find_bond Ca - O rcut -> 3.0
04/15 11:44 [DEBUG] cshmd.common (time_wrapper)                                  : [RUNTIME] get_distance_table in 0.316 seconds
04/15 11:44 [DEBUG] cshmd.analysis (search_basic)                                : Basic search result -> H2O: 576, SiO4: 576, OH: 128, CO3: 0, H3O: 0, Ca_O: 4176
04/15 11:44 [DEBUG] cshmd.analysis (full_search)                                 : Search layer details
04/15 11:44 [DEBUG] cshmd.analysis (find_bond)                                   : find_bond Ca - O rcut -> 3.0
04/15 11:44 [DEBUG] cshmd.analysis (find_bond)                                   : find_bond Si - O rcut -> 2.2
04/15 11:44 [DEBUG] cshmd.analysis (__detail_search_oh_co3)                      : No CO3 in basic search
04/15 11:44 [DEBUG] cshmd.analysis (__detail_search_oh_sioh)                     : Searching 'OH' in 'SiO4
04/15 11:44 [DEBUG] cshmd.analysis (__detail_search_oh_caoh)                     : Searching 'OH' in 'CaOH
04/15 11:44 [INFO] cshmd.analysis (Qn)                                           : [Structure] Q1: 0.667
04/15 11:44 [INFO] cshmd.analysis (Qn)                                           : [Structure] Q2: 0.333
04/15 11:44 [INFO] cshmd.analysis (CS)                                           : [Structure] C/S: 1.167
04/15 11:44 [INFO] cshmd.analysis (validate_tetra)                               : [Structure] BT: 64, PT: 512
04/15 11:44 [DEBUG] cshmd.analysis (__init__)                                    : <class 'cshmd.analysis.Chain'> loaded
04/15 11:44 [DEBUG] cshmd.analysis (__init__)                                    : <class 'cshmd.analysis.Chain'> loaded
04/15 11:44 [DEBUG] cshmd.analysis (__init__)                                    : <class 'cshmd.analysis.Chain'> loaded
04/15 11:44 [DEBUG] cshmd.analysis (__init__)                                    : <class 'cshmd.analysis.Chain'> loaded
04/15 11:44 [INFO] cshmd.analysis (validate_tetra)                               : [Structure] CL : Length 2: 32 Length 5: 16
04/15 11:44 [INFO] cshmd.analysis (validate_tetra)                               : [Structure] MCL : 3.0
04/15 11:44 [INFO] cshmd.structure (__init__)                                    : L025.cif was loaded
04/15 11:44 [DEBUG] cshmd.analysis (__init__)                                    : [Structure] Now new data setted for get Bonds
04/15 11:44 [DEBUG] cshmd.analysis (__del_bond__)                                : del -> Si_O O_H H_O Ca_O C_O BO NBO
04/15 11:44 [DEBUG] cshmd.analysis (__initialize_mole__)                         : initalize -> H2O SiO4 OH CO3 H3O
04/15 11:44 [DEBUG] cshmd.analysis (__initialize_mole__)                         : initalize -> SiOH CaOH HCO3 H2CO3 H3CO3
04/15 11:44 [DEBUG] cshmd.analysis (find_bond)                                   : find_bond O - H rcut -> 1.2
04/15 11:44 [DEBUG] cshmd.common (time_wrapper)                                  : [RUNTIME] get_distance_table in 0.495 seconds
04/15 11:44 [DEBUG] cshmd.analysis (get_mole)                                    : get_mole O - H -> nbonds: 2
04/15 11:44 [DEBUG] cshmd.analysis (find_bond)                                   : find_bond Si - O rcut -> 2.2
04/15 11:44 [DEBUG] cshmd.common (time_wrapper)                                  : [RUNTIME] get_distance_table in 0.214 seconds
04/15 11:44 [DEBUG] cshmd.analysis (get_mole)                                    : get_mole Si - O -> nbonds: 4
04/15 11:44 [DEBUG] cshmd.analysis (get_mole)                                    : get_mole O - H -> nbonds: 1
04/15 11:44 [DEBUG] cshmd.analysis (find_bond)                                   : find_bond C - O rcut -> 1.6
04/15 11:44 [DEBUG] cshmd.analysis (get_mole)                                    : get_mole C - O -> nbonds: 3
04/15 11:44 [DEBUG] cshmd.analysis (get_mole)                                    : get_mole O - H -> nbonds: 3
04/15 11:44 [DEBUG] cshmd.analysis (find_bond)                                   : find_bond Ca - O rcut -> 3.0
04/15 11:44 [DEBUG] cshmd.common (time_wrapper)                                  : [RUNTIME] get_distance_table in 0.329 seconds
04/15 11:44 [DEBUG] cshmd.analysis (search_basic)                                : Basic search result -> H2O: 576, SiO4: 548, OH: 128, CO3: 0, H3O: 0, Ca_O: 4197
04/15 11:44 [DEBUG] cshmd.analysis (full_search)                                 : Search layer details
04/15 11:44 [DEBUG] cshmd.analysis (find_bond)                                   : find_bond Ca - O rcut -> 3.0
04/15 11:44 [DEBUG] cshmd.analysis (find_bond)                                   : find_bond Si - O rcut -> 2.2
04/15 11:44 [DEBUG] cshmd.analysis (__detail_search_oh_co3)                      : No CO3 in basic search
04/15 11:44 [DEBUG] cshmd.analysis (__detail_search_oh_sioh)                     : Searching 'OH' in 'SiO4
04/15 11:44 [DEBUG] cshmd.analysis (__detail_search_oh_caoh)                     : Searching 'OH' in 'CaOH
04/15 11:44 [INFO] cshmd.analysis (Qn)                                           : [Structure] Q1: 0.803
04/15 11:44 [INFO] cshmd.analysis (Qn)                                           : [Structure] Q2: 0.197
04/15 11:44 [INFO] cshmd.analysis (CS)                                           : [Structure] C/S: 1.252
04/15 11:44 [INFO] cshmd.analysis (validate_tetra)                               : [Structure] BT: 36, PT: 512
04/15 11:44 [DEBUG] cshmd.analysis (__init__)                                    : <class 'cshmd.analysis.Chain'> loaded
04/15 11:44 [DEBUG] cshmd.analysis (__init__)                                    : <class 'cshmd.analysis.Chain'> loaded
04/15 11:44 [DEBUG] cshmd.analysis (__init__)                                    : <class 'cshmd.analysis.Chain'> loaded
04/15 11:44 [DEBUG] cshmd.analysis (__init__)                                    : <class 'cshmd.analysis.Chain'> loaded
04/15 11:44 [INFO] cshmd.analysis (validate_tetra)                               : [Structure] CL : Length 2: 46 Length 5: 9
04/15 11:44 [INFO] cshmd.analysis (validate_tetra)                               : [Structure] MCL : 2.4909090909090907
04/15 11:44 [INFO] cshmd.structure (__init__)                                    : L035.cif was loaded
04/15 11:44 [DEBUG] cshmd.analysis (__init__)                                    : [Structure] Now new data setted for get Bonds
04/15 11:44 [DEBUG] cshmd.analysis (__del_bond__)                                : del -> Si_O O_H H_O Ca_O C_O BO NBO
04/15 11:44 [DEBUG] cshmd.analysis (__initialize_mole__)                         : initalize -> H2O SiO4 OH CO3 H3O
04/15 11:44 [DEBUG] cshmd.analysis (__initialize_mole__)                         : initalize -> SiOH CaOH HCO3 H2CO3 H3CO3
04/15 11:44 [DEBUG] cshmd.analysis (find_bond)                                   : find_bond O - H rcut -> 1.2
04/15 11:44 [DEBUG] cshmd.common (time_wrapper)                                  : [RUNTIME] get_distance_table in 0.507 seconds
04/15 11:44 [DEBUG] cshmd.analysis (get_mole)                                    : get_mole O - H -> nbonds: 2
04/15 11:44 [DEBUG] cshmd.analysis (find_bond)                                   : find_bond Si - O rcut -> 2.2
04/15 11:44 [DEBUG] cshmd.common (time_wrapper)                                  : [RUNTIME] get_distance_table in 0.254 seconds
04/15 11:44 [DEBUG] cshmd.analysis (get_mole)                                    : get_mole Si - O -> nbonds: 4
04/15 11:44 [DEBUG] cshmd.analysis (get_mole)                                    : get_mole O - H -> nbonds: 1
04/15 11:44 [DEBUG] cshmd.analysis (find_bond)                                   : find_bond C - O rcut -> 1.6
04/15 11:44 [DEBUG] cshmd.analysis (get_mole)                                    : get_mole C - O -> nbonds: 3
04/15 11:44 [DEBUG] cshmd.analysis (get_mole)                                    : get_mole O - H -> nbonds: 3
04/15 11:44 [DEBUG] cshmd.analysis (find_bond)                                   : find_bond Ca - O rcut -> 3.0
04/15 11:44 [DEBUG] cshmd.common (time_wrapper)                                  : [RUNTIME] get_distance_table in 0.314 seconds
04/15 11:44 [DEBUG] cshmd.analysis (search_basic)                                : Basic search result -> H2O: 576, SiO4: 596, OH: 128, CO3: 0, H3O: 0, Ca_O: 4161
04/15 11:44 [DEBUG] cshmd.analysis (full_search)                                 : Search layer details
04/15 11:44 [DEBUG] cshmd.analysis (find_bond)                                   : find_bond Ca - O rcut -> 3.0
04/15 11:44 [DEBUG] cshmd.analysis (find_bond)                                   : find_bond Si - O rcut -> 2.2
04/15 11:44 [DEBUG] cshmd.analysis (__detail_search_oh_co3)                      : No CO3 in basic search
04/15 11:44 [DEBUG] cshmd.analysis (__detail_search_oh_sioh)                     : Searching 'OH' in 'SiO4
04/15 11:44 [DEBUG] cshmd.analysis (__detail_search_oh_caoh)                     : Searching 'OH' in 'CaOH
04/15 11:44 [INFO] cshmd.analysis (Qn)                                           : [Structure] Q1: 0.577
04/15 11:44 [INFO] cshmd.analysis (Qn)                                           : [Structure] Q2: 0.423
04/15 11:44 [INFO] cshmd.analysis (CS)                                           : [Structure] C/S: 1.111
04/15 11:44 [INFO] cshmd.analysis (validate_tetra)                               : [Structure] BT: 84, PT: 512
04/15 11:44 [DEBUG] cshmd.analysis (__init__)                                    : <class 'cshmd.analysis.Chain'> loaded
04/15 11:44 [DEBUG] cshmd.analysis (__init__)                                    : <class 'cshmd.analysis.Chain'> loaded
04/15 11:44 [DEBUG] cshmd.analysis (__init__)                                    : <class 'cshmd.analysis.Chain'> loaded
04/15 11:44 [DEBUG] cshmd.analysis (__init__)                                    : <class 'cshmd.analysis.Chain'> loaded
04/15 11:44 [INFO] cshmd.analysis (validate_tetra)                               : [Structure] CL : Length 2: 22 Length 5: 21
04/15 11:44 [INFO] cshmd.analysis (validate_tetra)                               : [Structure] MCL : 3.4651162790697674
