04/15 17:02 [DEBUG] cshmd.common (get_logger)                                    : $$$$$$$$$$$$$$  Logger 'cshmd.common........' initialized  $$$$$$$$$$$$$$
04/15 17:02 [DEBUG] cshmd.functions (get_logger)                                 : $$$$$$$$$$$$$$  Logger 'cshmd.functions.....' initialized  $$$$$$$$$$$$$$
04/15 17:02 [DEBUG] cshmd.load (get_logger)                                      : $$$$$$$$$$$$$$  Logger 'cshmd.load..........' initialized  $$$$$$$$$$$$$$
04/15 17:02 [DEBUG] cshmd.analysis (get_logger)                                  : $$$$$$$$$$$$$$  Logger 'cshmd.analysis......' initialized  $$$$$$$$$$$$$$
04/15 17:02 [DEBUG] cshmd.structure (get_logger)                                 : $$$$$$$$$$$$$$  Logger 'cshmd.structure.....' initialized  $$$$$$$$$$$$$$
04/15 17:02 [DEBUG] cshmd.builder (get_logger)                                   : $$$$$$$$$$$$$$  Logger 'cshmd.builder.......' initialized  $$$$$$$$$$$$$$
04/15 17:02 [DEBUG] cshmd.trj_analysis (get_logger)                              : $$$$$$$$$$$$$$  Logger 'cshmd.trj_analysis..' initialized  $$$$$$$$$$$$$$
04/15 17:02 [DEBUG] csh_builder (get_logger)                                     : $$$$$$$$$$$$$$  Logger 'csh_builder.........' initialized  $$$$$$$$$$$$$$
04/15 17:02 [INFO] csh_builder (main)                                            : ----------------------------------------------------------------------
04/15 17:02 [INFO] csh_builder (main)                                            : 'L020.yaml' loaded
04/15 17:02 [INFO] cshmd.structure (__init__)                                    : /Users/kimuni/bin/kimuni/cshmd/data/resources/cif/T14_111_term.cif was loaded
04/15 17:02 [DEBUG] cshmd.analysis (__init__)                                    : [Structure] Now new data setted for get Bonds
04/15 17:02 [DEBUG] cshmd.analysis (__del_bond__)                                : del -> Si_O O_H H_O Ca_O C_O BO NBO
04/15 17:02 [DEBUG] cshmd.analysis (__initialize_mole__)                         : initalize -> H2O SiO4 OH CO3 H3O
04/15 17:02 [DEBUG] cshmd.analysis (__initialize_mole__)                         : initalize -> SiOH CaOH HCO3 H2CO3 H3CO3
04/15 17:02 [DEBUG] cshmd.analysis (__init__)                                    : C-S-H Model not setted
04/15 17:02 [DEBUG] cshmd.analysis (find_bond)                                   : find_bond O - H rcut -> 1.2
04/15 17:02 [DEBUG] cshmd.common (time_wrapper)                                  : [RUNTIME] get_distance_table in 0.000 seconds
04/15 17:02 [DEBUG] cshmd.analysis (get_mole)                                    : get_mole O - H -> nbonds: 2
04/15 17:02 [DEBUG] cshmd.analysis (find_bond)                                   : find_bond Si - O rcut -> 2.2
04/15 17:02 [DEBUG] cshmd.common (time_wrapper)                                  : [RUNTIME] get_distance_table in 0.000 seconds
04/15 17:02 [DEBUG] cshmd.analysis (get_mole)                                    : get_mole Si - O -> nbonds: 4
04/15 17:02 [DEBUG] cshmd.analysis (get_mole)                                    : get_mole O - H -> nbonds: 1
04/15 17:02 [DEBUG] cshmd.analysis (find_bond)                                   : find_bond C - O rcut -> 1.6
04/15 17:02 [DEBUG] cshmd.analysis (get_mole)                                    : get_mole C - O -> nbonds: 3
04/15 17:02 [DEBUG] cshmd.analysis (get_mole)                                    : get_mole O - H -> nbonds: 3
04/15 17:02 [DEBUG] cshmd.analysis (find_bond)                                   : find_bond Ca - O rcut -> 3.0
04/15 17:02 [DEBUG] cshmd.common (time_wrapper)                                  : [RUNTIME] get_distance_table in 0.000 seconds
04/15 17:02 [DEBUG] cshmd.analysis (search_basic)                                : Basic search result -> H2O: 9, SiO4: 12, OH: 2, CO3: 0, H3O: 0, Ca_O: 60
04/15 17:02 [DEBUG] cshmd.analysis (full_search)                                 : Search layer details
04/15 17:02 [DEBUG] cshmd.analysis (find_bond)                                   : find_bond Ca - O rcut -> 3.0
04/15 17:02 [DEBUG] cshmd.analysis (find_bond)                                   : find_bond Si - O rcut -> 2.2
04/15 17:02 [DEBUG] cshmd.analysis (set_layer_boundary)                          : Set layer boundary -> 0.236137791825 - 0.722234429275
04/15 17:02 [DEBUG] cshmd.analysis (__detail_search_oh_co3)                      : No CO3 in basic search
04/15 17:02 [DEBUG] cshmd.analysis (__detail_search_oh_sioh)                     : Searching 'OH' in 'SiO4
04/15 17:02 [DEBUG] cshmd.analysis (__detail_search_oh_caoh)                     : No CaOH in basic search. RETURN
04/15 17:02 [INFO] cshmd.analysis (Qn)                                           : [Structure] Q2: 1.000
04/15 17:02 [INFO] cshmd.analysis (CS)                                           : [Structure] C/S: 0.750
04/15 17:02 [INFO] cshmd.analysis (validate_tetra)                               : [Structure] BT: 4, PT: 8
04/15 17:02 [DEBUG] cshmd.analysis (__init__)                                    : <class 'cshmd.analysis.Chain'> loaded
04/15 17:02 [DEBUG] cshmd.analysis (__init__)                                    : <class 'cshmd.analysis.Chain'> loaded
04/15 17:02 [DEBUG] cshmd.analysis (__init__)                                    : <class 'cshmd.analysis.Chain'> loaded
04/15 17:02 [DEBUG] cshmd.analysis (__init__)                                    : <class 'cshmd.analysis.Chain'> loaded
04/15 17:02 [INFO] cshmd.analysis (validate_tetra)                               : [Structure] CL : Length 3: 1
04/15 17:02 [INFO] cshmd.analysis (validate_tetra)                               : [Structure] MCL : 3.0
04/15 17:02 [INFO] cshmd.structure (__init__)                                    : /Users/kimuni/bin/kimuni/cshmd/data/resources/cif/T14_111_term.cif was loaded
04/15 17:02 [DEBUG] cshmd.analysis (__init__)                                    : [Structure] Now new data setted for get Bonds
04/15 17:02 [DEBUG] cshmd.analysis (__del_bond__)                                : del -> Si_O O_H H_O Ca_O C_O BO NBO
04/15 17:02 [DEBUG] cshmd.analysis (__initialize_mole__)                         : initalize -> H2O SiO4 OH CO3 H3O
04/15 17:02 [DEBUG] cshmd.analysis (__initialize_mole__)                         : initalize -> SiOH CaOH HCO3 H2CO3 H3CO3
04/15 17:02 [DEBUG] cshmd.analysis (find_bond)                                   : find_bond O - H rcut -> 1.2
04/15 17:02 [DEBUG] cshmd.common (time_wrapper)                                  : [RUNTIME] get_distance_table in 0.000 seconds
04/15 17:02 [DEBUG] cshmd.analysis (get_mole)                                    : get_mole O - H -> nbonds: 2
04/15 17:02 [DEBUG] cshmd.analysis (find_bond)                                   : find_bond Si - O rcut -> 2.2
04/15 17:02 [DEBUG] cshmd.common (time_wrapper)                                  : [RUNTIME] get_distance_table in 0.000 seconds
04/15 17:02 [DEBUG] cshmd.analysis (get_mole)                                    : get_mole Si - O -> nbonds: 4
04/15 17:02 [DEBUG] cshmd.analysis (get_mole)                                    : get_mole O - H -> nbonds: 1
04/15 17:02 [DEBUG] cshmd.analysis (find_bond)                                   : find_bond C - O rcut -> 1.6
04/15 17:02 [DEBUG] cshmd.analysis (get_mole)                                    : get_mole C - O -> nbonds: 3
04/15 17:02 [DEBUG] cshmd.analysis (get_mole)                                    : get_mole O - H -> nbonds: 3
04/15 17:02 [DEBUG] cshmd.analysis (find_bond)                                   : find_bond Ca - O rcut -> 3.0
04/15 17:02 [DEBUG] cshmd.common (time_wrapper)                                  : [RUNTIME] get_distance_table in 0.000 seconds
04/15 17:02 [DEBUG] cshmd.analysis (search_basic)                                : Basic search result -> H2O: 9, SiO4: 12, OH: 2, CO3: 0, H3O: 0, Ca_O: 60
04/15 17:02 [DEBUG] cshmd.analysis (full_search)                                 : Search layer details
04/15 17:02 [DEBUG] cshmd.analysis (find_bond)                                   : find_bond Ca - O rcut -> 3.0
04/15 17:02 [DEBUG] cshmd.analysis (find_bond)                                   : find_bond Si - O rcut -> 2.2
04/15 17:02 [DEBUG] cshmd.analysis (set_layer_boundary)                          : Set layer boundary -> 0.236137791825 - 0.722234429275
04/15 17:02 [DEBUG] cshmd.analysis (__detail_search_oh_co3)                      : No CO3 in basic search
04/15 17:02 [DEBUG] cshmd.analysis (__detail_search_oh_sioh)                     : Searching 'OH' in 'SiO4
04/15 17:02 [DEBUG] cshmd.analysis (__detail_search_oh_caoh)                     : No CaOH in basic search. RETURN
04/15 17:02 [INFO] cshmd.analysis (Qn)                                           : [Structure] Q2: 1.000
04/15 17:02 [INFO] cshmd.analysis (CS)                                           : [Structure] C/S: 0.750
04/15 17:02 [INFO] cshmd.analysis (validate_tetra)                               : [Structure] BT: 4, PT: 8
04/15 17:02 [DEBUG] cshmd.analysis (__init__)                                    : <class 'cshmd.analysis.Chain'> loaded
04/15 17:02 [DEBUG] cshmd.analysis (__init__)                                    : <class 'cshmd.analysis.Chain'> loaded
04/15 17:02 [DEBUG] cshmd.analysis (__init__)                                    : <class 'cshmd.analysis.Chain'> loaded
04/15 17:02 [DEBUG] cshmd.analysis (__init__)                                    : <class 'cshmd.analysis.Chain'> loaded
04/15 17:02 [INFO] cshmd.analysis (validate_tetra)                               : [Structure] CL : Length 3: 1
04/15 17:02 [INFO] cshmd.analysis (validate_tetra)                               : [Structure] MCL : 3.0
04/15 17:02 [INFO] csh_builder (main)                                            : [Structure] Reading command 'supercell'...
04/15 17:02 [INFO] cshmd.structure (makeSupercell)                               : [Structure] Supercell created 8 * 8 * 1
04/15 17:02 [DEBUG] cshmd.analysis (__init__)                                    : [Structure] Now new data setted for get Bonds
04/15 17:02 [DEBUG] cshmd.analysis (__del_bond__)                                : del -> Si_O O_H H_O Ca_O C_O BO NBO
04/15 17:02 [DEBUG] cshmd.analysis (__initialize_mole__)                         : initalize -> H2O SiO4 OH CO3 H3O
04/15 17:02 [DEBUG] cshmd.analysis (__initialize_mole__)                         : initalize -> SiOH CaOH HCO3 H2CO3 H3CO3
04/15 17:02 [DEBUG] cshmd.analysis (find_bond)                                   : find_bond O - H rcut -> 1.2
04/15 17:02 [DEBUG] cshmd.common (time_wrapper)                                  : [RUNTIME] get_distance_table in 0.583 seconds
04/15 17:02 [DEBUG] cshmd.analysis (get_mole)                                    : get_mole O - H -> nbonds: 2
04/15 17:02 [DEBUG] cshmd.analysis (find_bond)                                   : find_bond Si - O rcut -> 2.2
04/15 17:02 [DEBUG] cshmd.common (time_wrapper)                                  : [RUNTIME] get_distance_table in 0.358 seconds
04/15 17:02 [DEBUG] cshmd.analysis (get_mole)                                    : get_mole Si - O -> nbonds: 4
04/15 17:02 [DEBUG] cshmd.analysis (get_mole)                                    : get_mole O - H -> nbonds: 1
04/15 17:02 [DEBUG] cshmd.analysis (find_bond)                                   : find_bond C - O rcut -> 1.6
04/15 17:02 [DEBUG] cshmd.analysis (get_mole)                                    : get_mole C - O -> nbonds: 3
04/15 17:02 [DEBUG] cshmd.analysis (get_mole)                                    : get_mole O - H -> nbonds: 3
04/15 17:02 [DEBUG] cshmd.analysis (find_bond)                                   : find_bond Ca - O rcut -> 3.0
04/15 17:02 [DEBUG] cshmd.common (time_wrapper)                                  : [RUNTIME] get_distance_table in 0.267 seconds
04/15 17:02 [DEBUG] cshmd.analysis (search_basic)                                : Basic search result -> H2O: 576, SiO4: 768, OH: 128, CO3: 0, H3O: 0, Ca_O: 3840
04/15 17:02 [DEBUG] cshmd.analysis (full_search)                                 : Search layer details
04/15 17:02 [DEBUG] cshmd.analysis (find_bond)                                   : find_bond Ca - O rcut -> 3.0
04/15 17:02 [DEBUG] cshmd.analysis (find_bond)                                   : find_bond Si - O rcut -> 2.2
04/15 17:02 [DEBUG] cshmd.analysis (set_layer_boundary)                          : Set layer boundary -> 0.2361377918249991 - 0.7222344292749987
04/15 17:02 [DEBUG] cshmd.analysis (__detail_search_oh_co3)                      : No CO3 in basic search
04/15 17:02 [DEBUG] cshmd.analysis (__detail_search_oh_sioh)                     : Searching 'OH' in 'SiO4
04/15 17:02 [DEBUG] cshmd.analysis (__detail_search_oh_caoh)                     : No CaOH in basic search. RETURN
04/15 17:02 [INFO] cshmd.analysis (Qn)                                           : [Structure] Q2: 1.000
04/15 17:02 [INFO] cshmd.analysis (CS)                                           : [Structure] C/S: 0.750
04/15 17:02 [INFO] cshmd.analysis (validate_tetra)                               : [Structure] BT: 256, PT: 512
04/15 17:02 [DEBUG] cshmd.analysis (__init__)                                    : <class 'cshmd.analysis.Chain'> loaded
04/15 17:02 [DEBUG] cshmd.analysis (__init__)                                    : <class 'cshmd.analysis.Chain'> loaded
04/15 17:02 [DEBUG] cshmd.analysis (__init__)                                    : <class 'cshmd.analysis.Chain'> loaded
04/15 17:02 [DEBUG] cshmd.analysis (__init__)                                    : <class 'cshmd.analysis.Chain'> loaded
04/15 17:02 [INFO] cshmd.analysis (validate_tetra)                               : [Structure] CL : Length 24: 8
04/15 17:02 [INFO] cshmd.analysis (validate_tetra)                               : [Structure] MCL : 24.0
04/15 17:02 [INFO] cshmd.builder (update_manager)                                : [Structure] Number of atoms: 86 -> 5504
04/15 17:02 [INFO] csh_builder (main)                                            : [Structure] Reading command 'defect_BT'...
04/15 17:02 [INFO] cshmd.builder (defect_BT)                                     : [Structure] Termination scope: False
04/15 17:02 [INFO] cshmd.builder (defect_BT)                                     : [Structure] Exists 64 Bridging Tetra in 'up' side
04/15 17:02 [INFO] cshmd.structure (add_Ca)                                      : [Structure] Add Ca
04/15 17:02 [INFO] cshmd.builder (defect_BT)                                     : [Structure] Exists 64 Bridging Tetra in 'down' side
04/15 17:02 [INFO] cshmd.structure (add_Ca)                                      : [Structure] Add Ca
04/15 17:02 [INFO] cshmd.builder (defect_BT)                                     : [Structure] Termination scope: False
04/15 17:02 [INFO] cshmd.builder (defect_BT)                                     : [Structure] Exists 64 Bridging Tetra in 'down' side
04/15 17:02 [INFO] cshmd.structure (add_Ca)                                      : [Structure] Add Ca with 1 OH and with 1 H2O
04/15 17:02 [INFO] cshmd.builder (defect_BT)                                     : [Structure] Exists 64 Bridging Tetra in 'up' side
04/15 17:02 [INFO] cshmd.structure (add_Ca)                                      : [Structure] Add Ca with 1 OH and with 1 H2O
04/15 17:02 [INFO] cshmd.structure (check_rm_list)                               : Delete 896 atoms in rm_list
04/15 17:02 [DEBUG] cshmd.analysis (__init__)                                    : [Structure] Now new data setted for get Bonds
04/15 17:02 [DEBUG] cshmd.analysis (__del_bond__)                                : del -> Si_O O_H H_O Ca_O C_O BO NBO
04/15 17:02 [DEBUG] cshmd.analysis (__initialize_mole__)                         : initalize -> H2O SiO4 OH CO3 H3O
04/15 17:02 [DEBUG] cshmd.analysis (__initialize_mole__)                         : initalize -> SiOH CaOH HCO3 H2CO3 H3CO3
04/15 17:02 [DEBUG] cshmd.analysis (find_bond)                                   : find_bond O - H rcut -> 1.2
04/15 17:02 [DEBUG] cshmd.common (time_wrapper)                                  : [RUNTIME] get_distance_table in 0.688 seconds
04/15 17:02 [DEBUG] cshmd.analysis (get_mole)                                    : get_mole O - H -> nbonds: 2
04/15 17:02 [DEBUG] cshmd.analysis (find_bond)                                   : find_bond Si - O rcut -> 2.2
04/15 17:02 [DEBUG] cshmd.common (time_wrapper)                                  : [RUNTIME] get_distance_table in 0.221 seconds
04/15 17:02 [DEBUG] cshmd.analysis (get_mole)                                    : get_mole Si - O -> nbonds: 4
04/15 17:02 [DEBUG] cshmd.analysis (get_mole)                                    : get_mole O - H -> nbonds: 1
04/15 17:02 [DEBUG] cshmd.analysis (find_bond)                                   : find_bond C - O rcut -> 1.6
04/15 17:02 [DEBUG] cshmd.analysis (get_mole)                                    : get_mole C - O -> nbonds: 3
04/15 17:02 [DEBUG] cshmd.analysis (get_mole)                                    : get_mole O - H -> nbonds: 3
04/15 17:02 [DEBUG] cshmd.analysis (find_bond)                                   : find_bond Ca - O rcut -> 3.0
04/15 17:02 [DEBUG] cshmd.common (time_wrapper)                                  : [RUNTIME] get_distance_table in 0.332 seconds
04/15 17:02 [DEBUG] cshmd.analysis (search_basic)                                : Basic search result -> H2O: 704, SiO4: 512, OH: 128, CO3: 0, H3O: 0, Ca_O: 4352
04/15 17:02 [DEBUG] cshmd.analysis (full_search)                                 : Search layer details
04/15 17:02 [DEBUG] cshmd.analysis (find_bond)                                   : find_bond Ca - O rcut -> 3.0
04/15 17:02 [DEBUG] cshmd.analysis (find_bond)                                   : find_bond Si - O rcut -> 2.2
04/15 17:02 [DEBUG] cshmd.analysis (set_layer_boundary)                          : Set layer boundary -> 0.2361377918249991 - 0.7222344292749987
04/15 17:02 [DEBUG] cshmd.analysis (__detail_search_oh_co3)                      : No CO3 in basic search
04/15 17:02 [DEBUG] cshmd.analysis (__detail_search_oh_sioh)                     : Searching 'OH' in 'SiO4
04/15 17:02 [DEBUG] cshmd.analysis (__detail_search_oh_caoh)                     : Searching 'OH' in 'CaOH
04/15 17:02 [INFO] cshmd.analysis (Qn)                                           : [Structure] Q1: 1.000
04/15 17:02 [INFO] cshmd.analysis (CS)                                           : [Structure] C/S: 1.375
04/15 17:02 [INFO] cshmd.analysis (validate_tetra)                               : [Structure] BT: 0, PT: 512
04/15 17:02 [DEBUG] cshmd.analysis (__init__)                                    : <class 'cshmd.analysis.Chain'> loaded
04/15 17:02 [DEBUG] cshmd.analysis (__init__)                                    : <class 'cshmd.analysis.Chain'> loaded
04/15 17:02 [DEBUG] cshmd.analysis (__init__)                                    : <class 'cshmd.analysis.Chain'> loaded
04/15 17:02 [DEBUG] cshmd.analysis (__init__)                                    : <class 'cshmd.analysis.Chain'> loaded
04/15 17:02 [INFO] cshmd.analysis (validate_tetra)                               : [Structure] CL : Length 2: 64
04/15 17:02 [INFO] cshmd.analysis (validate_tetra)                               : [Structure] MCL : 2.0
04/15 17:02 [INFO] csh_builder (main)                                            : [Structure] Reading command 'terminate_NBO'...
04/15 17:02 [INFO] cshmd.builder (terminate_NBO)                                 : Do not run terminate, ratio == 0
04/15 17:02 [INFO] csh_builder (main)                                            : [Structure] Reading command 'add_BT'...
04/15 17:02 [INFO] cshmd.builder (add_BT)                                        : [WARNING] No Bridging Tetra exists
04/15 17:02 [DEBUG] cshmd.analysis (__init__)                                    : [Structure] Now new data setted for get Bonds
04/15 17:02 [DEBUG] cshmd.analysis (__del_bond__)                                : del -> Si_O O_H H_O Ca_O C_O BO NBO
04/15 17:02 [DEBUG] cshmd.analysis (__initialize_mole__)                         : initalize -> H2O SiO4 OH CO3 H3O
04/15 17:02 [DEBUG] cshmd.analysis (__initialize_mole__)                         : initalize -> SiOH CaOH HCO3 H2CO3 H3CO3
04/15 17:02 [DEBUG] cshmd.analysis (find_bond)                                   : find_bond O - H rcut -> 1.2
04/15 17:02 [DEBUG] cshmd.common (time_wrapper)                                  : [RUNTIME] get_distance_table in 0.614 seconds
04/15 17:02 [DEBUG] cshmd.analysis (get_mole)                                    : get_mole O - H -> nbonds: 2
04/15 17:02 [DEBUG] cshmd.analysis (find_bond)                                   : find_bond Si - O rcut -> 2.2
04/15 17:02 [DEBUG] cshmd.common (time_wrapper)                                  : [RUNTIME] get_distance_table in 0.204 seconds
04/15 17:02 [DEBUG] cshmd.analysis (get_mole)                                    : get_mole Si - O -> nbonds: 4
04/15 17:02 [DEBUG] cshmd.analysis (get_mole)                                    : get_mole O - H -> nbonds: 1
04/15 17:02 [DEBUG] cshmd.analysis (find_bond)                                   : find_bond C - O rcut -> 1.6
04/15 17:02 [DEBUG] cshmd.analysis (get_mole)                                    : get_mole C - O -> nbonds: 3
04/15 17:02 [DEBUG] cshmd.analysis (get_mole)                                    : get_mole O - H -> nbonds: 3
04/15 17:02 [DEBUG] cshmd.analysis (find_bond)                                   : find_bond Ca - O rcut -> 3.0
04/15 17:02 [DEBUG] cshmd.common (time_wrapper)                                  : [RUNTIME] get_distance_table in 0.332 seconds
04/15 17:02 [DEBUG] cshmd.analysis (search_basic)                                : Basic search result -> H2O: 704, SiO4: 512, OH: 128, CO3: 0, H3O: 0, Ca_O: 4352
04/15 17:02 [DEBUG] cshmd.analysis (full_search)                                 : Search layer details
04/15 17:02 [DEBUG] cshmd.analysis (find_bond)                                   : find_bond Ca - O rcut -> 3.0
04/15 17:02 [DEBUG] cshmd.analysis (find_bond)                                   : find_bond Si - O rcut -> 2.2
04/15 17:02 [DEBUG] cshmd.analysis (set_layer_boundary)                          : Set layer boundary -> 0.2361377918249991 - 0.7222344292749987
04/15 17:02 [DEBUG] cshmd.analysis (__detail_search_oh_co3)                      : No CO3 in basic search
04/15 17:02 [DEBUG] cshmd.analysis (__detail_search_oh_sioh)                     : Searching 'OH' in 'SiO4
04/15 17:02 [DEBUG] cshmd.analysis (__detail_search_oh_caoh)                     : Searching 'OH' in 'CaOH
04/15 17:02 [INFO] cshmd.analysis (Qn)                                           : [Structure] Q1: 1.000
04/15 17:02 [INFO] cshmd.analysis (CS)                                           : [Structure] C/S: 1.375
04/15 17:02 [INFO] cshmd.analysis (validate_tetra)                               : [Structure] BT: 0, PT: 512
04/15 17:02 [DEBUG] cshmd.analysis (__init__)                                    : <class 'cshmd.analysis.Chain'> loaded
04/15 17:02 [DEBUG] cshmd.analysis (__init__)                                    : <class 'cshmd.analysis.Chain'> loaded
04/15 17:02 [DEBUG] cshmd.analysis (__init__)                                    : <class 'cshmd.analysis.Chain'> loaded
04/15 17:02 [DEBUG] cshmd.analysis (__init__)                                    : <class 'cshmd.analysis.Chain'> loaded
04/15 17:02 [INFO] cshmd.analysis (validate_tetra)                               : [Structure] CL : Length 2: 64
04/15 17:02 [INFO] cshmd.analysis (validate_tetra)                               : [Structure] MCL : 2.0
04/15 17:02 [INFO] cshmd.structure (writeCif)                                    : L020.cif was created
04/15 17:02 [INFO] cshmd.builder (out_model)                                     : Total Charge: 0
04/15 17:02 [INFO] csh_builder (main)                                            : ----------------------------------------------------------------------
04/15 17:02 [INFO] csh_builder (main)                                            : ----------------------------------------------------------------------
04/15 17:02 [INFO] csh_builder (main)                                            : 'L025.yaml' loaded
04/15 17:02 [INFO] cshmd.structure (__init__)                                    : /Users/kimuni/bin/kimuni/cshmd/data/resources/cif/T14_111_term.cif was loaded
04/15 17:02 [DEBUG] cshmd.analysis (__init__)                                    : [Structure] Now new data setted for get Bonds
04/15 17:02 [DEBUG] cshmd.analysis (__del_bond__)                                : del -> Si_O O_H H_O Ca_O C_O BO NBO
04/15 17:02 [DEBUG] cshmd.analysis (__initialize_mole__)                         : initalize -> H2O SiO4 OH CO3 H3O
04/15 17:02 [DEBUG] cshmd.analysis (__initialize_mole__)                         : initalize -> SiOH CaOH HCO3 H2CO3 H3CO3
04/15 17:02 [DEBUG] cshmd.analysis (find_bond)                                   : find_bond O - H rcut -> 1.2
04/15 17:02 [DEBUG] cshmd.common (time_wrapper)                                  : [RUNTIME] get_distance_table in 0.000 seconds
04/15 17:02 [DEBUG] cshmd.analysis (get_mole)                                    : get_mole O - H -> nbonds: 2
04/15 17:02 [DEBUG] cshmd.analysis (find_bond)                                   : find_bond Si - O rcut -> 2.2
04/15 17:02 [DEBUG] cshmd.common (time_wrapper)                                  : [RUNTIME] get_distance_table in 0.000 seconds
04/15 17:02 [DEBUG] cshmd.analysis (get_mole)                                    : get_mole Si - O -> nbonds: 4
04/15 17:02 [DEBUG] cshmd.analysis (get_mole)                                    : get_mole O - H -> nbonds: 1
04/15 17:02 [DEBUG] cshmd.analysis (find_bond)                                   : find_bond C - O rcut -> 1.6
04/15 17:02 [DEBUG] cshmd.analysis (get_mole)                                    : get_mole C - O -> nbonds: 3
04/15 17:02 [DEBUG] cshmd.analysis (get_mole)                                    : get_mole O - H -> nbonds: 3
04/15 17:02 [DEBUG] cshmd.analysis (find_bond)                                   : find_bond Ca - O rcut -> 3.0
04/15 17:02 [DEBUG] cshmd.common (time_wrapper)                                  : [RUNTIME] get_distance_table in 0.000 seconds
04/15 17:02 [DEBUG] cshmd.analysis (search_basic)                                : Basic search result -> H2O: 9, SiO4: 12, OH: 2, CO3: 0, H3O: 0, Ca_O: 60
04/15 17:02 [DEBUG] cshmd.analysis (full_search)                                 : Search layer details
04/15 17:02 [DEBUG] cshmd.analysis (find_bond)                                   : find_bond Ca - O rcut -> 3.0
04/15 17:02 [DEBUG] cshmd.analysis (find_bond)                                   : find_bond Si - O rcut -> 2.2
04/15 17:02 [DEBUG] cshmd.analysis (set_layer_boundary)                          : Set layer boundary -> 0.236137791825 - 0.722234429275
04/15 17:02 [DEBUG] cshmd.analysis (__detail_search_oh_co3)                      : No CO3 in basic search
04/15 17:02 [DEBUG] cshmd.analysis (__detail_search_oh_sioh)                     : Searching 'OH' in 'SiO4
04/15 17:02 [DEBUG] cshmd.analysis (__detail_search_oh_caoh)                     : No CaOH in basic search. RETURN
04/15 17:02 [INFO] cshmd.analysis (Qn)                                           : [Structure] Q2: 1.000
04/15 17:02 [INFO] cshmd.analysis (CS)                                           : [Structure] C/S: 0.750
04/15 17:02 [INFO] cshmd.analysis (validate_tetra)                               : [Structure] BT: 4, PT: 8
04/15 17:02 [DEBUG] cshmd.analysis (__init__)                                    : <class 'cshmd.analysis.Chain'> loaded
04/15 17:02 [DEBUG] cshmd.analysis (__init__)                                    : <class 'cshmd.analysis.Chain'> loaded
04/15 17:02 [DEBUG] cshmd.analysis (__init__)                                    : <class 'cshmd.analysis.Chain'> loaded
04/15 17:02 [DEBUG] cshmd.analysis (__init__)                                    : <class 'cshmd.analysis.Chain'> loaded
04/15 17:02 [INFO] cshmd.analysis (validate_tetra)                               : [Structure] CL : Length 3: 1
04/15 17:02 [INFO] cshmd.analysis (validate_tetra)                               : [Structure] MCL : 3.0
04/15 17:02 [INFO] cshmd.structure (__init__)                                    : /Users/kimuni/bin/kimuni/cshmd/data/resources/cif/T14_111_term.cif was loaded
04/15 17:02 [DEBUG] cshmd.analysis (__init__)                                    : [Structure] Now new data setted for get Bonds
04/15 17:02 [DEBUG] cshmd.analysis (__del_bond__)                                : del -> Si_O O_H H_O Ca_O C_O BO NBO
04/15 17:02 [DEBUG] cshmd.analysis (__initialize_mole__)                         : initalize -> H2O SiO4 OH CO3 H3O
04/15 17:02 [DEBUG] cshmd.analysis (__initialize_mole__)                         : initalize -> SiOH CaOH HCO3 H2CO3 H3CO3
04/15 17:02 [DEBUG] cshmd.analysis (find_bond)                                   : find_bond O - H rcut -> 1.2
04/15 17:02 [DEBUG] cshmd.common (time_wrapper)                                  : [RUNTIME] get_distance_table in 0.000 seconds
04/15 17:02 [DEBUG] cshmd.analysis (get_mole)                                    : get_mole O - H -> nbonds: 2
04/15 17:02 [DEBUG] cshmd.analysis (find_bond)                                   : find_bond Si - O rcut -> 2.2
04/15 17:02 [DEBUG] cshmd.common (time_wrapper)                                  : [RUNTIME] get_distance_table in 0.000 seconds
04/15 17:02 [DEBUG] cshmd.analysis (get_mole)                                    : get_mole Si - O -> nbonds: 4
04/15 17:02 [DEBUG] cshmd.analysis (get_mole)                                    : get_mole O - H -> nbonds: 1
04/15 17:02 [DEBUG] cshmd.analysis (find_bond)                                   : find_bond C - O rcut -> 1.6
04/15 17:02 [DEBUG] cshmd.analysis (get_mole)                                    : get_mole C - O -> nbonds: 3
04/15 17:02 [DEBUG] cshmd.analysis (get_mole)                                    : get_mole O - H -> nbonds: 3
04/15 17:02 [DEBUG] cshmd.analysis (find_bond)                                   : find_bond Ca - O rcut -> 3.0
04/15 17:02 [DEBUG] cshmd.common (time_wrapper)                                  : [RUNTIME] get_distance_table in 0.000 seconds
04/15 17:02 [DEBUG] cshmd.analysis (search_basic)                                : Basic search result -> H2O: 9, SiO4: 12, OH: 2, CO3: 0, H3O: 0, Ca_O: 60
04/15 17:02 [DEBUG] cshmd.analysis (full_search)                                 : Search layer details
04/15 17:02 [DEBUG] cshmd.analysis (find_bond)                                   : find_bond Ca - O rcut -> 3.0
04/15 17:02 [DEBUG] cshmd.analysis (find_bond)                                   : find_bond Si - O rcut -> 2.2
04/15 17:02 [DEBUG] cshmd.analysis (set_layer_boundary)                          : Set layer boundary -> 0.236137791825 - 0.722234429275
04/15 17:02 [DEBUG] cshmd.analysis (__detail_search_oh_co3)                      : No CO3 in basic search
04/15 17:02 [DEBUG] cshmd.analysis (__detail_search_oh_sioh)                     : Searching 'OH' in 'SiO4
04/15 17:02 [DEBUG] cshmd.analysis (__detail_search_oh_caoh)                     : No CaOH in basic search. RETURN
04/15 17:02 [INFO] cshmd.analysis (Qn)                                           : [Structure] Q2: 1.000
04/15 17:02 [INFO] cshmd.analysis (CS)                                           : [Structure] C/S: 0.750
04/15 17:02 [INFO] cshmd.analysis (validate_tetra)                               : [Structure] BT: 4, PT: 8
04/15 17:02 [DEBUG] cshmd.analysis (__init__)                                    : <class 'cshmd.analysis.Chain'> loaded
04/15 17:02 [DEBUG] cshmd.analysis (__init__)                                    : <class 'cshmd.analysis.Chain'> loaded
04/15 17:02 [DEBUG] cshmd.analysis (__init__)                                    : <class 'cshmd.analysis.Chain'> loaded
04/15 17:02 [DEBUG] cshmd.analysis (__init__)                                    : <class 'cshmd.analysis.Chain'> loaded
04/15 17:02 [INFO] cshmd.analysis (validate_tetra)                               : [Structure] CL : Length 3: 1
04/15 17:02 [INFO] cshmd.analysis (validate_tetra)                               : [Structure] MCL : 3.0
04/15 17:02 [INFO] csh_builder (main)                                            : [Structure] Reading command 'supercell'...
04/15 17:02 [INFO] cshmd.structure (makeSupercell)                               : [Structure] Supercell created 8 * 8 * 1
04/15 17:02 [DEBUG] cshmd.analysis (__init__)                                    : [Structure] Now new data setted for get Bonds
04/15 17:02 [DEBUG] cshmd.analysis (__del_bond__)                                : del -> Si_O O_H H_O Ca_O C_O BO NBO
04/15 17:02 [DEBUG] cshmd.analysis (__initialize_mole__)                         : initalize -> H2O SiO4 OH CO3 H3O
04/15 17:02 [DEBUG] cshmd.analysis (__initialize_mole__)                         : initalize -> SiOH CaOH HCO3 H2CO3 H3CO3
04/15 17:02 [DEBUG] cshmd.analysis (find_bond)                                   : find_bond O - H rcut -> 1.2
04/15 17:02 [DEBUG] cshmd.common (time_wrapper)                                  : [RUNTIME] get_distance_table in 0.552 seconds
04/15 17:02 [DEBUG] cshmd.analysis (get_mole)                                    : get_mole O - H -> nbonds: 2
04/15 17:02 [DEBUG] cshmd.analysis (find_bond)                                   : find_bond Si - O rcut -> 2.2
04/15 17:02 [DEBUG] cshmd.common (time_wrapper)                                  : [RUNTIME] get_distance_table in 0.338 seconds
04/15 17:02 [DEBUG] cshmd.analysis (get_mole)                                    : get_mole Si - O -> nbonds: 4
04/15 17:02 [DEBUG] cshmd.analysis (get_mole)                                    : get_mole O - H -> nbonds: 1
04/15 17:02 [DEBUG] cshmd.analysis (find_bond)                                   : find_bond C - O rcut -> 1.6
04/15 17:02 [DEBUG] cshmd.analysis (get_mole)                                    : get_mole C - O -> nbonds: 3
04/15 17:02 [DEBUG] cshmd.analysis (get_mole)                                    : get_mole O - H -> nbonds: 3
04/15 17:02 [DEBUG] cshmd.analysis (find_bond)                                   : find_bond Ca - O rcut -> 3.0
04/15 17:02 [DEBUG] cshmd.common (time_wrapper)                                  : [RUNTIME] get_distance_table in 0.253 seconds
04/15 17:02 [DEBUG] cshmd.analysis (search_basic)                                : Basic search result -> H2O: 576, SiO4: 768, OH: 128, CO3: 0, H3O: 0, Ca_O: 3840
04/15 17:02 [DEBUG] cshmd.analysis (full_search)                                 : Search layer details
04/15 17:02 [DEBUG] cshmd.analysis (find_bond)                                   : find_bond Ca - O rcut -> 3.0
04/15 17:02 [DEBUG] cshmd.analysis (find_bond)                                   : find_bond Si - O rcut -> 2.2
04/15 17:02 [DEBUG] cshmd.analysis (set_layer_boundary)                          : Set layer boundary -> 0.2361377918249991 - 0.7222344292749987
04/15 17:02 [DEBUG] cshmd.analysis (__detail_search_oh_co3)                      : No CO3 in basic search
04/15 17:02 [DEBUG] cshmd.analysis (__detail_search_oh_sioh)                     : Searching 'OH' in 'SiO4
04/15 17:02 [DEBUG] cshmd.analysis (__detail_search_oh_caoh)                     : No CaOH in basic search. RETURN
04/15 17:02 [INFO] cshmd.analysis (Qn)                                           : [Structure] Q2: 1.000
04/15 17:02 [INFO] cshmd.analysis (CS)                                           : [Structure] C/S: 0.750
04/15 17:02 [INFO] cshmd.analysis (validate_tetra)                               : [Structure] BT: 256, PT: 512
04/15 17:02 [DEBUG] cshmd.analysis (__init__)                                    : <class 'cshmd.analysis.Chain'> loaded
04/15 17:02 [DEBUG] cshmd.analysis (__init__)                                    : <class 'cshmd.analysis.Chain'> loaded
04/15 17:02 [DEBUG] cshmd.analysis (__init__)                                    : <class 'cshmd.analysis.Chain'> loaded
04/15 17:02 [DEBUG] cshmd.analysis (__init__)                                    : <class 'cshmd.analysis.Chain'> loaded
04/15 17:02 [INFO] cshmd.analysis (validate_tetra)                               : [Structure] CL : Length 24: 8
04/15 17:02 [INFO] cshmd.analysis (validate_tetra)                               : [Structure] MCL : 24.0
04/15 17:02 [INFO] cshmd.builder (update_manager)                                : [Structure] Number of atoms: 86 -> 5504
04/15 17:02 [INFO] csh_builder (main)                                            : [Structure] Reading command 'defect_BT'...
04/15 17:02 [INFO] cshmd.builder (defect_BT)                                     : [Structure] Termination scope: False
04/15 17:02 [INFO] cshmd.builder (defect_BT)                                     : [Structure] Exists 64 Bridging Tetra in 'up' side
04/15 17:02 [INFO] cshmd.structure (add_Ca)                                      : [Structure] Add Ca
04/15 17:02 [INFO] cshmd.builder (defect_BT)                                     : [Structure] Exists 64 Bridging Tetra in 'down' side
04/15 17:02 [INFO] cshmd.structure (add_Ca)                                      : [Structure] Add Ca
04/15 17:02 [INFO] cshmd.builder (defect_BT)                                     : [Structure] Termination scope: False
04/15 17:02 [INFO] cshmd.builder (defect_BT)                                     : [Structure] Exists 64 Bridging Tetra in 'down' side
04/15 17:02 [INFO] cshmd.structure (add_Ca)                                      : [Structure] Add Ca with 1 OH and with 1 H2O
04/15 17:02 [INFO] cshmd.builder (defect_BT)                                     : [Structure] Exists 64 Bridging Tetra in 'up' side
04/15 17:02 [INFO] cshmd.structure (add_Ca)                                      : [Structure] Add Ca with 1 OH and with 1 H2O
04/15 17:02 [INFO] cshmd.structure (check_rm_list)                               : Delete 770 atoms in rm_list
04/15 17:02 [DEBUG] cshmd.analysis (__init__)                                    : [Structure] Now new data setted for get Bonds
04/15 17:02 [DEBUG] cshmd.analysis (__del_bond__)                                : del -> Si_O O_H H_O Ca_O C_O BO NBO
04/15 17:02 [DEBUG] cshmd.analysis (__initialize_mole__)                         : initalize -> H2O SiO4 OH CO3 H3O
04/15 17:02 [DEBUG] cshmd.analysis (__initialize_mole__)                         : initalize -> SiOH CaOH HCO3 H2CO3 H3CO3
04/15 17:02 [DEBUG] cshmd.analysis (find_bond)                                   : find_bond O - H rcut -> 1.2
04/15 17:02 [DEBUG] cshmd.common (time_wrapper)                                  : [RUNTIME] get_distance_table in 0.622 seconds
04/15 17:02 [DEBUG] cshmd.analysis (get_mole)                                    : get_mole O - H -> nbonds: 2
04/15 17:02 [DEBUG] cshmd.analysis (find_bond)                                   : find_bond Si - O rcut -> 2.2
04/15 17:02 [DEBUG] cshmd.common (time_wrapper)                                  : [RUNTIME] get_distance_table in 0.237 seconds
04/15 17:02 [DEBUG] cshmd.analysis (get_mole)                                    : get_mole Si - O -> nbonds: 4
04/15 17:02 [DEBUG] cshmd.analysis (get_mole)                                    : get_mole O - H -> nbonds: 1
04/15 17:02 [DEBUG] cshmd.analysis (find_bond)                                   : find_bond C - O rcut -> 1.6
04/15 17:02 [DEBUG] cshmd.analysis (get_mole)                                    : get_mole C - O -> nbonds: 3
04/15 17:02 [DEBUG] cshmd.analysis (get_mole)                                    : get_mole O - H -> nbonds: 3
04/15 17:02 [DEBUG] cshmd.analysis (find_bond)                                   : find_bond Ca - O rcut -> 3.0
04/15 17:02 [DEBUG] cshmd.common (time_wrapper)                                  : [RUNTIME] get_distance_table in 0.319 seconds
04/15 17:02 [DEBUG] cshmd.analysis (search_basic)                                : Basic search result -> H2O: 686, SiO4: 548, OH: 128, CO3: 0, H3O: 0, Ca_O: 4280
04/15 17:02 [DEBUG] cshmd.analysis (full_search)                                 : Search layer details
04/15 17:02 [DEBUG] cshmd.analysis (find_bond)                                   : find_bond Ca - O rcut -> 3.0
04/15 17:02 [DEBUG] cshmd.analysis (find_bond)                                   : find_bond Si - O rcut -> 2.2
04/15 17:02 [DEBUG] cshmd.analysis (set_layer_boundary)                          : Set layer boundary -> 0.2361377918249991 - 0.7222344292749987
04/15 17:02 [DEBUG] cshmd.analysis (__detail_search_oh_co3)                      : No CO3 in basic search
04/15 17:02 [DEBUG] cshmd.analysis (__detail_search_oh_sioh)                     : Searching 'OH' in 'SiO4
04/15 17:02 [DEBUG] cshmd.analysis (__detail_search_oh_caoh)                     : Searching 'OH' in 'CaOH
04/15 17:02 [INFO] cshmd.analysis (Qn)                                           : [Structure] Q1: 0.803
04/15 17:02 [INFO] cshmd.analysis (Qn)                                           : [Structure] Q2: 0.197
04/15 17:02 [INFO] cshmd.analysis (CS)                                           : [Structure] C/S: 1.252
04/15 17:02 [INFO] cshmd.analysis (validate_tetra)                               : [Structure] BT: 36, PT: 512
04/15 17:02 [DEBUG] cshmd.analysis (__init__)                                    : <class 'cshmd.analysis.Chain'> loaded
04/15 17:02 [DEBUG] cshmd.analysis (__init__)                                    : <class 'cshmd.analysis.Chain'> loaded
04/15 17:02 [DEBUG] cshmd.analysis (__init__)                                    : <class 'cshmd.analysis.Chain'> loaded
04/15 17:02 [DEBUG] cshmd.analysis (__init__)                                    : <class 'cshmd.analysis.Chain'> loaded
04/15 17:02 [INFO] cshmd.analysis (validate_tetra)                               : [Structure] CL : Length 2: 46 Length 5: 9
04/15 17:02 [INFO] cshmd.analysis (validate_tetra)                               : [Structure] MCL : 2.4909090909090907
04/15 17:02 [INFO] csh_builder (main)                                            : [Structure] Reading command 'terminate_NBO'...
04/15 17:02 [INFO] cshmd.builder (terminate_NBO)                                 : Do not run terminate, ratio == 0
04/15 17:02 [INFO] csh_builder (main)                                            : [Structure] Reading command 'add_BT'...
04/15 17:02 [INFO] cshmd.builder (add_BT)                                        : [Structure] 'Add Ca above all Bridging Tetra'
04/15 17:02 [INFO] cshmd.structure (add_Ca)                                      : [Structure] Add Ca
04/15 17:02 [INFO] cshmd.structure (add_Ca)                                      : [Structure] Add Ca
04/15 17:02 [DEBUG] cshmd.analysis (__init__)                                    : [Structure] Now new data setted for get Bonds
04/15 17:02 [DEBUG] cshmd.analysis (__del_bond__)                                : del -> Si_O O_H H_O Ca_O C_O BO NBO
04/15 17:02 [DEBUG] cshmd.analysis (__initialize_mole__)                         : initalize -> H2O SiO4 OH CO3 H3O
04/15 17:02 [DEBUG] cshmd.analysis (__initialize_mole__)                         : initalize -> SiOH CaOH HCO3 H2CO3 H3CO3
04/15 17:02 [DEBUG] cshmd.analysis (find_bond)                                   : find_bond O - H rcut -> 1.2
04/15 17:02 [DEBUG] cshmd.common (time_wrapper)                                  : [RUNTIME] get_distance_table in 0.620 seconds
04/15 17:02 [DEBUG] cshmd.analysis (get_mole)                                    : get_mole O - H -> nbonds: 2
04/15 17:02 [DEBUG] cshmd.analysis (find_bond)                                   : find_bond Si - O rcut -> 2.2
04/15 17:02 [DEBUG] cshmd.common (time_wrapper)                                  : [RUNTIME] get_distance_table in 0.234 seconds
04/15 17:02 [DEBUG] cshmd.analysis (get_mole)                                    : get_mole Si - O -> nbonds: 4
04/15 17:02 [DEBUG] cshmd.analysis (get_mole)                                    : get_mole O - H -> nbonds: 1
04/15 17:02 [DEBUG] cshmd.analysis (find_bond)                                   : find_bond C - O rcut -> 1.6
04/15 17:02 [DEBUG] cshmd.analysis (get_mole)                                    : get_mole C - O -> nbonds: 3
04/15 17:02 [DEBUG] cshmd.analysis (get_mole)                                    : get_mole O - H -> nbonds: 3
04/15 17:02 [DEBUG] cshmd.analysis (find_bond)                                   : find_bond Ca - O rcut -> 3.0
04/15 17:02 [DEBUG] cshmd.common (time_wrapper)                                  : [RUNTIME] get_distance_table in 0.330 seconds
04/15 17:02 [DEBUG] cshmd.analysis (search_basic)                                : Basic search result -> H2O: 686, SiO4: 548, OH: 128, CO3: 0, H3O: 0, Ca_O: 4307
04/15 17:02 [DEBUG] cshmd.analysis (full_search)                                 : Search layer details
04/15 17:02 [DEBUG] cshmd.analysis (find_bond)                                   : find_bond Ca - O rcut -> 3.0
04/15 17:02 [DEBUG] cshmd.analysis (find_bond)                                   : find_bond Si - O rcut -> 2.2
04/15 17:02 [DEBUG] cshmd.analysis (set_layer_boundary)                          : Set layer boundary -> 0.2361377918249991 - 0.7222344292749987
04/15 17:02 [DEBUG] cshmd.analysis (__detail_search_oh_co3)                      : No CO3 in basic search
04/15 17:02 [DEBUG] cshmd.analysis (__detail_search_oh_sioh)                     : Searching 'OH' in 'SiO4
04/15 17:02 [DEBUG] cshmd.analysis (__detail_search_oh_caoh)                     : Searching 'OH' in 'CaOH
04/15 17:02 [INFO] cshmd.analysis (Qn)                                           : [Structure] Q1: 0.803
04/15 17:02 [INFO] cshmd.analysis (Qn)                                           : [Structure] Q2: 0.197
04/15 17:02 [INFO] cshmd.analysis (CS)                                           : [Structure] C/S: 1.252
04/15 17:02 [INFO] cshmd.analysis (validate_tetra)                               : [Structure] BT: 36, PT: 512
04/15 17:02 [DEBUG] cshmd.analysis (__init__)                                    : <class 'cshmd.analysis.Chain'> loaded
04/15 17:02 [DEBUG] cshmd.analysis (__init__)                                    : <class 'cshmd.analysis.Chain'> loaded
04/15 17:02 [DEBUG] cshmd.analysis (__init__)                                    : <class 'cshmd.analysis.Chain'> loaded
04/15 17:02 [DEBUG] cshmd.analysis (__init__)                                    : <class 'cshmd.analysis.Chain'> loaded
04/15 17:02 [INFO] cshmd.analysis (validate_tetra)                               : [Structure] CL : Length 2: 46 Length 5: 9
04/15 17:02 [INFO] cshmd.analysis (validate_tetra)                               : [Structure] MCL : 2.4909090909090907
04/15 17:02 [INFO] cshmd.builder (update_manager)                                : [Structure] Number of atoms: 5504 -> 5522
04/15 17:02 [INFO] cshmd.structure (writeCif)                                    : L025.cif was created
04/15 17:02 [INFO] cshmd.builder (out_model)                                     : Total Charge: 0
04/15 17:02 [INFO] csh_builder (main)                                            : ----------------------------------------------------------------------
04/15 17:02 [INFO] csh_builder (main)                                            : ----------------------------------------------------------------------
04/15 17:02 [INFO] csh_builder (main)                                            : 'L030.yaml' loaded
04/15 17:02 [INFO] cshmd.structure (__init__)                                    : /Users/kimuni/bin/kimuni/cshmd/data/resources/cif/T14_111_term.cif was loaded
04/15 17:02 [DEBUG] cshmd.analysis (__init__)                                    : [Structure] Now new data setted for get Bonds
04/15 17:02 [DEBUG] cshmd.analysis (__del_bond__)                                : del -> Si_O O_H H_O Ca_O C_O BO NBO
04/15 17:02 [DEBUG] cshmd.analysis (__initialize_mole__)                         : initalize -> H2O SiO4 OH CO3 H3O
04/15 17:02 [DEBUG] cshmd.analysis (__initialize_mole__)                         : initalize -> SiOH CaOH HCO3 H2CO3 H3CO3
04/15 17:02 [DEBUG] cshmd.analysis (find_bond)                                   : find_bond O - H rcut -> 1.2
04/15 17:02 [DEBUG] cshmd.common (time_wrapper)                                  : [RUNTIME] get_distance_table in 0.000 seconds
04/15 17:02 [DEBUG] cshmd.analysis (get_mole)                                    : get_mole O - H -> nbonds: 2
04/15 17:02 [DEBUG] cshmd.analysis (find_bond)                                   : find_bond Si - O rcut -> 2.2
04/15 17:02 [DEBUG] cshmd.common (time_wrapper)                                  : [RUNTIME] get_distance_table in 0.000 seconds
04/15 17:02 [DEBUG] cshmd.analysis (get_mole)                                    : get_mole Si - O -> nbonds: 4
04/15 17:02 [DEBUG] cshmd.analysis (get_mole)                                    : get_mole O - H -> nbonds: 1
04/15 17:02 [DEBUG] cshmd.analysis (find_bond)                                   : find_bond C - O rcut -> 1.6
04/15 17:02 [DEBUG] cshmd.analysis (get_mole)                                    : get_mole C - O -> nbonds: 3
04/15 17:02 [DEBUG] cshmd.analysis (get_mole)                                    : get_mole O - H -> nbonds: 3
04/15 17:02 [DEBUG] cshmd.analysis (find_bond)                                   : find_bond Ca - O rcut -> 3.0
04/15 17:02 [DEBUG] cshmd.common (time_wrapper)                                  : [RUNTIME] get_distance_table in 0.000 seconds
04/15 17:02 [DEBUG] cshmd.analysis (search_basic)                                : Basic search result -> H2O: 9, SiO4: 12, OH: 2, CO3: 0, H3O: 0, Ca_O: 60
04/15 17:02 [DEBUG] cshmd.analysis (full_search)                                 : Search layer details
04/15 17:02 [DEBUG] cshmd.analysis (find_bond)                                   : find_bond Ca - O rcut -> 3.0
04/15 17:02 [DEBUG] cshmd.analysis (find_bond)                                   : find_bond Si - O rcut -> 2.2
04/15 17:02 [DEBUG] cshmd.analysis (set_layer_boundary)                          : Set layer boundary -> 0.236137791825 - 0.722234429275
04/15 17:02 [DEBUG] cshmd.analysis (__detail_search_oh_co3)                      : No CO3 in basic search
04/15 17:02 [DEBUG] cshmd.analysis (__detail_search_oh_sioh)                     : Searching 'OH' in 'SiO4
04/15 17:02 [DEBUG] cshmd.analysis (__detail_search_oh_caoh)                     : No CaOH in basic search. RETURN
04/15 17:02 [INFO] cshmd.analysis (Qn)                                           : [Structure] Q2: 1.000
04/15 17:02 [INFO] cshmd.analysis (CS)                                           : [Structure] C/S: 0.750
04/15 17:02 [INFO] cshmd.analysis (validate_tetra)                               : [Structure] BT: 4, PT: 8
04/15 17:02 [DEBUG] cshmd.analysis (__init__)                                    : <class 'cshmd.analysis.Chain'> loaded
04/15 17:02 [DEBUG] cshmd.analysis (__init__)                                    : <class 'cshmd.analysis.Chain'> loaded
04/15 17:02 [DEBUG] cshmd.analysis (__init__)                                    : <class 'cshmd.analysis.Chain'> loaded
04/15 17:02 [DEBUG] cshmd.analysis (__init__)                                    : <class 'cshmd.analysis.Chain'> loaded
04/15 17:02 [INFO] cshmd.analysis (validate_tetra)                               : [Structure] CL : Length 3: 1
04/15 17:02 [INFO] cshmd.analysis (validate_tetra)                               : [Structure] MCL : 3.0
04/15 17:02 [INFO] cshmd.structure (__init__)                                    : /Users/kimuni/bin/kimuni/cshmd/data/resources/cif/T14_111_term.cif was loaded
04/15 17:02 [DEBUG] cshmd.analysis (__init__)                                    : [Structure] Now new data setted for get Bonds
04/15 17:02 [DEBUG] cshmd.analysis (__del_bond__)                                : del -> Si_O O_H H_O Ca_O C_O BO NBO
04/15 17:02 [DEBUG] cshmd.analysis (__initialize_mole__)                         : initalize -> H2O SiO4 OH CO3 H3O
04/15 17:02 [DEBUG] cshmd.analysis (__initialize_mole__)                         : initalize -> SiOH CaOH HCO3 H2CO3 H3CO3
04/15 17:02 [DEBUG] cshmd.analysis (find_bond)                                   : find_bond O - H rcut -> 1.2
04/15 17:02 [DEBUG] cshmd.common (time_wrapper)                                  : [RUNTIME] get_distance_table in 0.000 seconds
04/15 17:02 [DEBUG] cshmd.analysis (get_mole)                                    : get_mole O - H -> nbonds: 2
04/15 17:02 [DEBUG] cshmd.analysis (find_bond)                                   : find_bond Si - O rcut -> 2.2
04/15 17:02 [DEBUG] cshmd.common (time_wrapper)                                  : [RUNTIME] get_distance_table in 0.000 seconds
04/15 17:02 [DEBUG] cshmd.analysis (get_mole)                                    : get_mole Si - O -> nbonds: 4
04/15 17:02 [DEBUG] cshmd.analysis (get_mole)                                    : get_mole O - H -> nbonds: 1
04/15 17:02 [DEBUG] cshmd.analysis (find_bond)                                   : find_bond C - O rcut -> 1.6
04/15 17:02 [DEBUG] cshmd.analysis (get_mole)                                    : get_mole C - O -> nbonds: 3
04/15 17:02 [DEBUG] cshmd.analysis (get_mole)                                    : get_mole O - H -> nbonds: 3
04/15 17:02 [DEBUG] cshmd.analysis (find_bond)                                   : find_bond Ca - O rcut -> 3.0
04/15 17:02 [DEBUG] cshmd.common (time_wrapper)                                  : [RUNTIME] get_distance_table in 0.000 seconds
04/15 17:02 [DEBUG] cshmd.analysis (search_basic)                                : Basic search result -> H2O: 9, SiO4: 12, OH: 2, CO3: 0, H3O: 0, Ca_O: 60
04/15 17:02 [DEBUG] cshmd.analysis (full_search)                                 : Search layer details
04/15 17:02 [DEBUG] cshmd.analysis (find_bond)                                   : find_bond Ca - O rcut -> 3.0
04/15 17:02 [DEBUG] cshmd.analysis (find_bond)                                   : find_bond Si - O rcut -> 2.2
04/15 17:02 [DEBUG] cshmd.analysis (set_layer_boundary)                          : Set layer boundary -> 0.236137791825 - 0.722234429275
04/15 17:02 [DEBUG] cshmd.analysis (__detail_search_oh_co3)                      : No CO3 in basic search
04/15 17:02 [DEBUG] cshmd.analysis (__detail_search_oh_sioh)                     : Searching 'OH' in 'SiO4
04/15 17:02 [DEBUG] cshmd.analysis (__detail_search_oh_caoh)                     : No CaOH in basic search. RETURN
04/15 17:02 [INFO] cshmd.analysis (Qn)                                           : [Structure] Q2: 1.000
04/15 17:02 [INFO] cshmd.analysis (CS)                                           : [Structure] C/S: 0.750
04/15 17:02 [INFO] cshmd.analysis (validate_tetra)                               : [Structure] BT: 4, PT: 8
04/15 17:02 [DEBUG] cshmd.analysis (__init__)                                    : <class 'cshmd.analysis.Chain'> loaded
04/15 17:02 [DEBUG] cshmd.analysis (__init__)                                    : <class 'cshmd.analysis.Chain'> loaded
04/15 17:02 [DEBUG] cshmd.analysis (__init__)                                    : <class 'cshmd.analysis.Chain'> loaded
04/15 17:02 [DEBUG] cshmd.analysis (__init__)                                    : <class 'cshmd.analysis.Chain'> loaded
04/15 17:02 [INFO] cshmd.analysis (validate_tetra)                               : [Structure] CL : Length 3: 1
04/15 17:02 [INFO] cshmd.analysis (validate_tetra)                               : [Structure] MCL : 3.0
04/15 17:02 [INFO] csh_builder (main)                                            : [Structure] Reading command 'supercell'...
04/15 17:02 [INFO] cshmd.structure (makeSupercell)                               : [Structure] Supercell created 8 * 8 * 1
04/15 17:02 [DEBUG] cshmd.analysis (__init__)                                    : [Structure] Now new data setted for get Bonds
04/15 17:02 [DEBUG] cshmd.analysis (__del_bond__)                                : del -> Si_O O_H H_O Ca_O C_O BO NBO
04/15 17:02 [DEBUG] cshmd.analysis (__initialize_mole__)                         : initalize -> H2O SiO4 OH CO3 H3O
04/15 17:02 [DEBUG] cshmd.analysis (__initialize_mole__)                         : initalize -> SiOH CaOH HCO3 H2CO3 H3CO3
04/15 17:02 [DEBUG] cshmd.analysis (find_bond)                                   : find_bond O - H rcut -> 1.2
04/15 17:02 [DEBUG] cshmd.common (time_wrapper)                                  : [RUNTIME] get_distance_table in 0.551 seconds
04/15 17:02 [DEBUG] cshmd.analysis (get_mole)                                    : get_mole O - H -> nbonds: 2
04/15 17:02 [DEBUG] cshmd.analysis (find_bond)                                   : find_bond Si - O rcut -> 2.2
04/15 17:02 [DEBUG] cshmd.common (time_wrapper)                                  : [RUNTIME] get_distance_table in 0.337 seconds
04/15 17:02 [DEBUG] cshmd.analysis (get_mole)                                    : get_mole Si - O -> nbonds: 4
04/15 17:02 [DEBUG] cshmd.analysis (get_mole)                                    : get_mole O - H -> nbonds: 1
04/15 17:02 [DEBUG] cshmd.analysis (find_bond)                                   : find_bond C - O rcut -> 1.6
04/15 17:02 [DEBUG] cshmd.analysis (get_mole)                                    : get_mole C - O -> nbonds: 3
04/15 17:02 [DEBUG] cshmd.analysis (get_mole)                                    : get_mole O - H -> nbonds: 3
04/15 17:02 [DEBUG] cshmd.analysis (find_bond)                                   : find_bond Ca - O rcut -> 3.0
04/15 17:02 [DEBUG] cshmd.common (time_wrapper)                                  : [RUNTIME] get_distance_table in 0.254 seconds
04/15 17:02 [DEBUG] cshmd.analysis (search_basic)                                : Basic search result -> H2O: 576, SiO4: 768, OH: 128, CO3: 0, H3O: 0, Ca_O: 3840
04/15 17:02 [DEBUG] cshmd.analysis (full_search)                                 : Search layer details
04/15 17:02 [DEBUG] cshmd.analysis (find_bond)                                   : find_bond Ca - O rcut -> 3.0
04/15 17:02 [DEBUG] cshmd.analysis (find_bond)                                   : find_bond Si - O rcut -> 2.2
04/15 17:02 [DEBUG] cshmd.analysis (set_layer_boundary)                          : Set layer boundary -> 0.2361377918249991 - 0.7222344292749987
04/15 17:02 [DEBUG] cshmd.analysis (__detail_search_oh_co3)                      : No CO3 in basic search
04/15 17:02 [DEBUG] cshmd.analysis (__detail_search_oh_sioh)                     : Searching 'OH' in 'SiO4
04/15 17:02 [DEBUG] cshmd.analysis (__detail_search_oh_caoh)                     : No CaOH in basic search. RETURN
04/15 17:02 [INFO] cshmd.analysis (Qn)                                           : [Structure] Q2: 1.000
04/15 17:02 [INFO] cshmd.analysis (CS)                                           : [Structure] C/S: 0.750
04/15 17:02 [INFO] cshmd.analysis (validate_tetra)                               : [Structure] BT: 256, PT: 512
04/15 17:02 [DEBUG] cshmd.analysis (__init__)                                    : <class 'cshmd.analysis.Chain'> loaded
04/15 17:02 [DEBUG] cshmd.analysis (__init__)                                    : <class 'cshmd.analysis.Chain'> loaded
04/15 17:02 [DEBUG] cshmd.analysis (__init__)                                    : <class 'cshmd.analysis.Chain'> loaded
04/15 17:02 [DEBUG] cshmd.analysis (__init__)                                    : <class 'cshmd.analysis.Chain'> loaded
04/15 17:02 [INFO] cshmd.analysis (validate_tetra)                               : [Structure] CL : Length 24: 8
04/15 17:02 [INFO] cshmd.analysis (validate_tetra)                               : [Structure] MCL : 24.0
04/15 17:02 [INFO] cshmd.builder (update_manager)                                : [Structure] Number of atoms: 86 -> 5504
04/15 17:02 [INFO] csh_builder (main)                                            : [Structure] Reading command 'defect_BT'...
04/15 17:02 [INFO] cshmd.builder (defect_BT)                                     : [Structure] Termination scope: False
04/15 17:02 [INFO] cshmd.builder (defect_BT)                                     : [Structure] Exists 64 Bridging Tetra in 'up' side
04/15 17:02 [INFO] cshmd.structure (add_Ca)                                      : [Structure] Add Ca
04/15 17:02 [INFO] cshmd.builder (defect_BT)                                     : [Structure] Exists 64 Bridging Tetra in 'down' side
04/15 17:02 [INFO] cshmd.structure (add_Ca)                                      : [Structure] Add Ca
04/15 17:02 [INFO] cshmd.builder (defect_BT)                                     : [Structure] Termination scope: False
04/15 17:02 [INFO] cshmd.builder (defect_BT)                                     : [Structure] Exists 64 Bridging Tetra in 'down' side
04/15 17:02 [INFO] cshmd.structure (add_Ca)                                      : [Structure] Add Ca with 1 OH and with 1 H2O
04/15 17:02 [INFO] cshmd.builder (defect_BT)                                     : [Structure] Exists 64 Bridging Tetra in 'up' side
04/15 17:02 [INFO] cshmd.structure (add_Ca)                                      : [Structure] Add Ca with 1 OH and with 1 H2O
04/15 17:02 [INFO] cshmd.structure (check_rm_list)                               : Delete 672 atoms in rm_list
04/15 17:02 [DEBUG] cshmd.analysis (__init__)                                    : [Structure] Now new data setted for get Bonds
04/15 17:02 [DEBUG] cshmd.analysis (__del_bond__)                                : del -> Si_O O_H H_O Ca_O C_O BO NBO
04/15 17:02 [DEBUG] cshmd.analysis (__initialize_mole__)                         : initalize -> H2O SiO4 OH CO3 H3O
04/15 17:02 [DEBUG] cshmd.analysis (__initialize_mole__)                         : initalize -> SiOH CaOH HCO3 H2CO3 H3CO3
04/15 17:02 [DEBUG] cshmd.analysis (find_bond)                                   : find_bond O - H rcut -> 1.2
04/15 17:02 [DEBUG] cshmd.common (time_wrapper)                                  : [RUNTIME] get_distance_table in 0.622 seconds
04/15 17:02 [DEBUG] cshmd.analysis (get_mole)                                    : get_mole O - H -> nbonds: 2
04/15 17:02 [DEBUG] cshmd.analysis (find_bond)                                   : find_bond Si - O rcut -> 2.2
04/15 17:02 [DEBUG] cshmd.common (time_wrapper)                                  : [RUNTIME] get_distance_table in 0.235 seconds
04/15 17:02 [DEBUG] cshmd.analysis (get_mole)                                    : get_mole Si - O -> nbonds: 4
04/15 17:02 [DEBUG] cshmd.analysis (get_mole)                                    : get_mole O - H -> nbonds: 1
04/15 17:02 [DEBUG] cshmd.analysis (find_bond)                                   : find_bond C - O rcut -> 1.6
04/15 17:02 [DEBUG] cshmd.analysis (get_mole)                                    : get_mole C - O -> nbonds: 3
04/15 17:02 [DEBUG] cshmd.analysis (get_mole)                                    : get_mole O - H -> nbonds: 3
04/15 17:02 [DEBUG] cshmd.analysis (find_bond)                                   : find_bond Ca - O rcut -> 3.0
04/15 17:02 [DEBUG] cshmd.common (time_wrapper)                                  : [RUNTIME] get_distance_table in 0.315 seconds
04/15 17:02 [DEBUG] cshmd.analysis (search_basic)                                : Basic search result -> H2O: 672, SiO4: 576, OH: 128, CO3: 0, H3O: 0, Ca_O: 4224
04/15 17:02 [DEBUG] cshmd.analysis (full_search)                                 : Search layer details
04/15 17:02 [DEBUG] cshmd.analysis (find_bond)                                   : find_bond Ca - O rcut -> 3.0
04/15 17:02 [DEBUG] cshmd.analysis (find_bond)                                   : find_bond Si - O rcut -> 2.2
04/15 17:02 [DEBUG] cshmd.analysis (set_layer_boundary)                          : Set layer boundary -> 0.2361377918249991 - 0.7222344292749987
04/15 17:02 [DEBUG] cshmd.analysis (__detail_search_oh_co3)                      : No CO3 in basic search
04/15 17:02 [DEBUG] cshmd.analysis (__detail_search_oh_sioh)                     : Searching 'OH' in 'SiO4
04/15 17:02 [DEBUG] cshmd.analysis (__detail_search_oh_caoh)                     : Searching 'OH' in 'CaOH
04/15 17:02 [INFO] cshmd.analysis (Qn)                                           : [Structure] Q1: 0.667
04/15 17:02 [INFO] cshmd.analysis (Qn)                                           : [Structure] Q2: 0.333
04/15 17:02 [INFO] cshmd.analysis (CS)                                           : [Structure] C/S: 1.167
04/15 17:02 [INFO] cshmd.analysis (validate_tetra)                               : [Structure] BT: 64, PT: 512
04/15 17:02 [DEBUG] cshmd.analysis (__init__)                                    : <class 'cshmd.analysis.Chain'> loaded
04/15 17:02 [DEBUG] cshmd.analysis (__init__)                                    : <class 'cshmd.analysis.Chain'> loaded
04/15 17:02 [DEBUG] cshmd.analysis (__init__)                                    : <class 'cshmd.analysis.Chain'> loaded
04/15 17:02 [DEBUG] cshmd.analysis (__init__)                                    : <class 'cshmd.analysis.Chain'> loaded
04/15 17:02 [INFO] cshmd.analysis (validate_tetra)                               : [Structure] CL : Length 2: 32 Length 5: 16
04/15 17:02 [INFO] cshmd.analysis (validate_tetra)                               : [Structure] MCL : 3.0
04/15 17:02 [INFO] csh_builder (main)                                            : [Structure] Reading command 'terminate_NBO'...
04/15 17:02 [INFO] cshmd.builder (terminate_NBO)                                 : Do not run terminate, ratio == 0
04/15 17:02 [INFO] csh_builder (main)                                            : [Structure] Reading command 'add_BT'...
04/15 17:02 [INFO] cshmd.builder (add_BT)                                        : [Structure] 'Add Ca above all Bridging Tetra'
04/15 17:02 [INFO] cshmd.structure (add_Ca)                                      : [Structure] Add Ca
04/15 17:02 [INFO] cshmd.structure (add_Ca)                                      : [Structure] Add Ca
04/15 17:02 [DEBUG] cshmd.analysis (__init__)                                    : [Structure] Now new data setted for get Bonds
04/15 17:02 [DEBUG] cshmd.analysis (__del_bond__)                                : del -> Si_O O_H H_O Ca_O C_O BO NBO
04/15 17:02 [DEBUG] cshmd.analysis (__initialize_mole__)                         : initalize -> H2O SiO4 OH CO3 H3O
04/15 17:02 [DEBUG] cshmd.analysis (__initialize_mole__)                         : initalize -> SiOH CaOH HCO3 H2CO3 H3CO3
04/15 17:02 [DEBUG] cshmd.analysis (find_bond)                                   : find_bond O - H rcut -> 1.2
04/15 17:02 [DEBUG] cshmd.common (time_wrapper)                                  : [RUNTIME] get_distance_table in 0.616 seconds
04/15 17:02 [DEBUG] cshmd.analysis (get_mole)                                    : get_mole O - H -> nbonds: 2
04/15 17:02 [DEBUG] cshmd.analysis (find_bond)                                   : find_bond Si - O rcut -> 2.2
04/15 17:02 [DEBUG] cshmd.common (time_wrapper)                                  : [RUNTIME] get_distance_table in 0.236 seconds
04/15 17:02 [DEBUG] cshmd.analysis (get_mole)                                    : get_mole Si - O -> nbonds: 4
04/15 17:02 [DEBUG] cshmd.analysis (get_mole)                                    : get_mole O - H -> nbonds: 1
04/15 17:02 [DEBUG] cshmd.analysis (find_bond)                                   : find_bond C - O rcut -> 1.6
04/15 17:02 [DEBUG] cshmd.analysis (get_mole)                                    : get_mole C - O -> nbonds: 3
04/15 17:02 [DEBUG] cshmd.analysis (get_mole)                                    : get_mole O - H -> nbonds: 3
04/15 17:02 [DEBUG] cshmd.analysis (find_bond)                                   : find_bond Ca - O rcut -> 3.0
04/15 17:02 [DEBUG] cshmd.common (time_wrapper)                                  : [RUNTIME] get_distance_table in 0.328 seconds
04/15 17:02 [DEBUG] cshmd.analysis (search_basic)                                : Basic search result -> H2O: 672, SiO4: 576, OH: 128, CO3: 0, H3O: 0, Ca_O: 4272
04/15 17:02 [DEBUG] cshmd.analysis (full_search)                                 : Search layer details
04/15 17:02 [DEBUG] cshmd.analysis (find_bond)                                   : find_bond Ca - O rcut -> 3.0
04/15 17:02 [DEBUG] cshmd.analysis (find_bond)                                   : find_bond Si - O rcut -> 2.2
04/15 17:02 [DEBUG] cshmd.analysis (set_layer_boundary)                          : Set layer boundary -> 0.2361377918249991 - 0.7222344292749987
04/15 17:02 [DEBUG] cshmd.analysis (__detail_search_oh_co3)                      : No CO3 in basic search
04/15 17:02 [DEBUG] cshmd.analysis (__detail_search_oh_sioh)                     : Searching 'OH' in 'SiO4
04/15 17:02 [DEBUG] cshmd.analysis (__detail_search_oh_caoh)                     : Searching 'OH' in 'CaOH
04/15 17:02 [INFO] cshmd.analysis (Qn)                                           : [Structure] Q1: 0.667
04/15 17:02 [INFO] cshmd.analysis (Qn)                                           : [Structure] Q2: 0.333
04/15 17:02 [INFO] cshmd.analysis (CS)                                           : [Structure] C/S: 1.167
04/15 17:02 [INFO] cshmd.analysis (validate_tetra)                               : [Structure] BT: 64, PT: 512
04/15 17:02 [DEBUG] cshmd.analysis (__init__)                                    : <class 'cshmd.analysis.Chain'> loaded
04/15 17:02 [DEBUG] cshmd.analysis (__init__)                                    : <class 'cshmd.analysis.Chain'> loaded
04/15 17:02 [DEBUG] cshmd.analysis (__init__)                                    : <class 'cshmd.analysis.Chain'> loaded
04/15 17:02 [DEBUG] cshmd.analysis (__init__)                                    : <class 'cshmd.analysis.Chain'> loaded
04/15 17:02 [INFO] cshmd.analysis (validate_tetra)                               : [Structure] CL : Length 2: 32 Length 5: 16
04/15 17:02 [INFO] cshmd.analysis (validate_tetra)                               : [Structure] MCL : 3.0
04/15 17:02 [INFO] cshmd.builder (update_manager)                                : [Structure] Number of atoms: 5504 -> 5536
04/15 17:02 [INFO] cshmd.structure (writeCif)                                    : L030.cif was created
04/15 17:02 [INFO] cshmd.builder (out_model)                                     : Total Charge: 0
04/15 17:02 [INFO] csh_builder (main)                                            : ----------------------------------------------------------------------
04/15 17:02 [INFO] csh_builder (main)                                            : ----------------------------------------------------------------------
04/15 17:02 [INFO] csh_builder (main)                                            : 'L035.yaml' loaded
04/15 17:02 [INFO] cshmd.structure (__init__)                                    : /Users/kimuni/bin/kimuni/cshmd/data/resources/cif/T14_111_term.cif was loaded
04/15 17:02 [DEBUG] cshmd.analysis (__init__)                                    : [Structure] Now new data setted for get Bonds
04/15 17:02 [DEBUG] cshmd.analysis (__del_bond__)                                : del -> Si_O O_H H_O Ca_O C_O BO NBO
04/15 17:02 [DEBUG] cshmd.analysis (__initialize_mole__)                         : initalize -> H2O SiO4 OH CO3 H3O
04/15 17:02 [DEBUG] cshmd.analysis (__initialize_mole__)                         : initalize -> SiOH CaOH HCO3 H2CO3 H3CO3
04/15 17:02 [DEBUG] cshmd.analysis (find_bond)                                   : find_bond O - H rcut -> 1.2
04/15 17:02 [DEBUG] cshmd.common (time_wrapper)                                  : [RUNTIME] get_distance_table in 0.000 seconds
04/15 17:02 [DEBUG] cshmd.analysis (get_mole)                                    : get_mole O - H -> nbonds: 2
04/15 17:02 [DEBUG] cshmd.analysis (find_bond)                                   : find_bond Si - O rcut -> 2.2
04/15 17:02 [DEBUG] cshmd.common (time_wrapper)                                  : [RUNTIME] get_distance_table in 0.000 seconds
04/15 17:02 [DEBUG] cshmd.analysis (get_mole)                                    : get_mole Si - O -> nbonds: 4
04/15 17:02 [DEBUG] cshmd.analysis (get_mole)                                    : get_mole O - H -> nbonds: 1
04/15 17:02 [DEBUG] cshmd.analysis (find_bond)                                   : find_bond C - O rcut -> 1.6
04/15 17:02 [DEBUG] cshmd.analysis (get_mole)                                    : get_mole C - O -> nbonds: 3
04/15 17:02 [DEBUG] cshmd.analysis (get_mole)                                    : get_mole O - H -> nbonds: 3
04/15 17:02 [DEBUG] cshmd.analysis (find_bond)                                   : find_bond Ca - O rcut -> 3.0
04/15 17:02 [DEBUG] cshmd.common (time_wrapper)                                  : [RUNTIME] get_distance_table in 0.000 seconds
04/15 17:02 [DEBUG] cshmd.analysis (search_basic)                                : Basic search result -> H2O: 9, SiO4: 12, OH: 2, CO3: 0, H3O: 0, Ca_O: 60
04/15 17:02 [DEBUG] cshmd.analysis (full_search)                                 : Search layer details
04/15 17:02 [DEBUG] cshmd.analysis (find_bond)                                   : find_bond Ca - O rcut -> 3.0
04/15 17:02 [DEBUG] cshmd.analysis (find_bond)                                   : find_bond Si - O rcut -> 2.2
04/15 17:02 [DEBUG] cshmd.analysis (set_layer_boundary)                          : Set layer boundary -> 0.236137791825 - 0.722234429275
04/15 17:02 [DEBUG] cshmd.analysis (__detail_search_oh_co3)                      : No CO3 in basic search
04/15 17:02 [DEBUG] cshmd.analysis (__detail_search_oh_sioh)                     : Searching 'OH' in 'SiO4
04/15 17:02 [DEBUG] cshmd.analysis (__detail_search_oh_caoh)                     : No CaOH in basic search. RETURN
04/15 17:02 [INFO] cshmd.analysis (Qn)                                           : [Structure] Q2: 1.000
04/15 17:02 [INFO] cshmd.analysis (CS)                                           : [Structure] C/S: 0.750
04/15 17:02 [INFO] cshmd.analysis (validate_tetra)                               : [Structure] BT: 4, PT: 8
04/15 17:02 [DEBUG] cshmd.analysis (__init__)                                    : <class 'cshmd.analysis.Chain'> loaded
04/15 17:02 [DEBUG] cshmd.analysis (__init__)                                    : <class 'cshmd.analysis.Chain'> loaded
04/15 17:02 [DEBUG] cshmd.analysis (__init__)                                    : <class 'cshmd.analysis.Chain'> loaded
04/15 17:02 [DEBUG] cshmd.analysis (__init__)                                    : <class 'cshmd.analysis.Chain'> loaded
04/15 17:02 [INFO] cshmd.analysis (validate_tetra)                               : [Structure] CL : Length 3: 1
04/15 17:02 [INFO] cshmd.analysis (validate_tetra)                               : [Structure] MCL : 3.0
04/15 17:02 [INFO] cshmd.structure (__init__)                                    : /Users/kimuni/bin/kimuni/cshmd/data/resources/cif/T14_111_term.cif was loaded
04/15 17:02 [DEBUG] cshmd.analysis (__init__)                                    : [Structure] Now new data setted for get Bonds
04/15 17:02 [DEBUG] cshmd.analysis (__del_bond__)                                : del -> Si_O O_H H_O Ca_O C_O BO NBO
04/15 17:02 [DEBUG] cshmd.analysis (__initialize_mole__)                         : initalize -> H2O SiO4 OH CO3 H3O
04/15 17:02 [DEBUG] cshmd.analysis (__initialize_mole__)                         : initalize -> SiOH CaOH HCO3 H2CO3 H3CO3
04/15 17:02 [DEBUG] cshmd.analysis (find_bond)                                   : find_bond O - H rcut -> 1.2
04/15 17:02 [DEBUG] cshmd.common (time_wrapper)                                  : [RUNTIME] get_distance_table in 0.000 seconds
04/15 17:02 [DEBUG] cshmd.analysis (get_mole)                                    : get_mole O - H -> nbonds: 2
04/15 17:02 [DEBUG] cshmd.analysis (find_bond)                                   : find_bond Si - O rcut -> 2.2
04/15 17:02 [DEBUG] cshmd.common (time_wrapper)                                  : [RUNTIME] get_distance_table in 0.000 seconds
04/15 17:02 [DEBUG] cshmd.analysis (get_mole)                                    : get_mole Si - O -> nbonds: 4
04/15 17:02 [DEBUG] cshmd.analysis (get_mole)                                    : get_mole O - H -> nbonds: 1
04/15 17:02 [DEBUG] cshmd.analysis (find_bond)                                   : find_bond C - O rcut -> 1.6
04/15 17:02 [DEBUG] cshmd.analysis (get_mole)                                    : get_mole C - O -> nbonds: 3
04/15 17:02 [DEBUG] cshmd.analysis (get_mole)                                    : get_mole O - H -> nbonds: 3
04/15 17:02 [DEBUG] cshmd.analysis (find_bond)                                   : find_bond Ca - O rcut -> 3.0
04/15 17:02 [DEBUG] cshmd.common (time_wrapper)                                  : [RUNTIME] get_distance_table in 0.000 seconds
04/15 17:02 [DEBUG] cshmd.analysis (search_basic)                                : Basic search result -> H2O: 9, SiO4: 12, OH: 2, CO3: 0, H3O: 0, Ca_O: 60
04/15 17:02 [DEBUG] cshmd.analysis (full_search)                                 : Search layer details
04/15 17:02 [DEBUG] cshmd.analysis (find_bond)                                   : find_bond Ca - O rcut -> 3.0
04/15 17:02 [DEBUG] cshmd.analysis (find_bond)                                   : find_bond Si - O rcut -> 2.2
04/15 17:02 [DEBUG] cshmd.analysis (set_layer_boundary)                          : Set layer boundary -> 0.236137791825 - 0.722234429275
04/15 17:02 [DEBUG] cshmd.analysis (__detail_search_oh_co3)                      : No CO3 in basic search
04/15 17:02 [DEBUG] cshmd.analysis (__detail_search_oh_sioh)                     : Searching 'OH' in 'SiO4
04/15 17:02 [DEBUG] cshmd.analysis (__detail_search_oh_caoh)                     : No CaOH in basic search. RETURN
04/15 17:02 [INFO] cshmd.analysis (Qn)                                           : [Structure] Q2: 1.000
04/15 17:02 [INFO] cshmd.analysis (CS)                                           : [Structure] C/S: 0.750
04/15 17:02 [INFO] cshmd.analysis (validate_tetra)                               : [Structure] BT: 4, PT: 8
04/15 17:02 [DEBUG] cshmd.analysis (__init__)                                    : <class 'cshmd.analysis.Chain'> loaded
04/15 17:02 [DEBUG] cshmd.analysis (__init__)                                    : <class 'cshmd.analysis.Chain'> loaded
04/15 17:02 [DEBUG] cshmd.analysis (__init__)                                    : <class 'cshmd.analysis.Chain'> loaded
04/15 17:02 [DEBUG] cshmd.analysis (__init__)                                    : <class 'cshmd.analysis.Chain'> loaded
04/15 17:02 [INFO] cshmd.analysis (validate_tetra)                               : [Structure] CL : Length 3: 1
04/15 17:02 [INFO] cshmd.analysis (validate_tetra)                               : [Structure] MCL : 3.0
04/15 17:02 [INFO] csh_builder (main)                                            : [Structure] Reading command 'supercell'...
04/15 17:02 [INFO] cshmd.structure (makeSupercell)                               : [Structure] Supercell created 8 * 8 * 1
04/15 17:02 [DEBUG] cshmd.analysis (__init__)                                    : [Structure] Now new data setted for get Bonds
04/15 17:02 [DEBUG] cshmd.analysis (__del_bond__)                                : del -> Si_O O_H H_O Ca_O C_O BO NBO
04/15 17:02 [DEBUG] cshmd.analysis (__initialize_mole__)                         : initalize -> H2O SiO4 OH CO3 H3O
04/15 17:02 [DEBUG] cshmd.analysis (__initialize_mole__)                         : initalize -> SiOH CaOH HCO3 H2CO3 H3CO3
04/15 17:02 [DEBUG] cshmd.analysis (find_bond)                                   : find_bond O - H rcut -> 1.2
04/15 17:02 [DEBUG] cshmd.common (time_wrapper)                                  : [RUNTIME] get_distance_table in 0.551 seconds
04/15 17:02 [DEBUG] cshmd.analysis (get_mole)                                    : get_mole O - H -> nbonds: 2
04/15 17:02 [DEBUG] cshmd.analysis (find_bond)                                   : find_bond Si - O rcut -> 2.2
04/15 17:02 [DEBUG] cshmd.common (time_wrapper)                                  : [RUNTIME] get_distance_table in 0.351 seconds
04/15 17:02 [DEBUG] cshmd.analysis (get_mole)                                    : get_mole Si - O -> nbonds: 4
04/15 17:02 [DEBUG] cshmd.analysis (get_mole)                                    : get_mole O - H -> nbonds: 1
04/15 17:02 [DEBUG] cshmd.analysis (find_bond)                                   : find_bond C - O rcut -> 1.6
04/15 17:02 [DEBUG] cshmd.analysis (get_mole)                                    : get_mole C - O -> nbonds: 3
04/15 17:02 [DEBUG] cshmd.analysis (get_mole)                                    : get_mole O - H -> nbonds: 3
04/15 17:02 [DEBUG] cshmd.analysis (find_bond)                                   : find_bond Ca - O rcut -> 3.0
04/15 17:02 [DEBUG] cshmd.common (time_wrapper)                                  : [RUNTIME] get_distance_table in 0.254 seconds
04/15 17:02 [DEBUG] cshmd.analysis (search_basic)                                : Basic search result -> H2O: 576, SiO4: 768, OH: 128, CO3: 0, H3O: 0, Ca_O: 3840
04/15 17:02 [DEBUG] cshmd.analysis (full_search)                                 : Search layer details
04/15 17:02 [DEBUG] cshmd.analysis (find_bond)                                   : find_bond Ca - O rcut -> 3.0
04/15 17:02 [DEBUG] cshmd.analysis (find_bond)                                   : find_bond Si - O rcut -> 2.2
04/15 17:02 [DEBUG] cshmd.analysis (set_layer_boundary)                          : Set layer boundary -> 0.2361377918249991 - 0.7222344292749987
04/15 17:02 [DEBUG] cshmd.analysis (__detail_search_oh_co3)                      : No CO3 in basic search
04/15 17:02 [DEBUG] cshmd.analysis (__detail_search_oh_sioh)                     : Searching 'OH' in 'SiO4
04/15 17:02 [DEBUG] cshmd.analysis (__detail_search_oh_caoh)                     : No CaOH in basic search. RETURN
04/15 17:02 [INFO] cshmd.analysis (Qn)                                           : [Structure] Q2: 1.000
04/15 17:02 [INFO] cshmd.analysis (CS)                                           : [Structure] C/S: 0.750
04/15 17:02 [INFO] cshmd.analysis (validate_tetra)                               : [Structure] BT: 256, PT: 512
04/15 17:02 [DEBUG] cshmd.analysis (__init__)                                    : <class 'cshmd.analysis.Chain'> loaded
04/15 17:02 [DEBUG] cshmd.analysis (__init__)                                    : <class 'cshmd.analysis.Chain'> loaded
04/15 17:02 [DEBUG] cshmd.analysis (__init__)                                    : <class 'cshmd.analysis.Chain'> loaded
04/15 17:02 [DEBUG] cshmd.analysis (__init__)                                    : <class 'cshmd.analysis.Chain'> loaded
04/15 17:02 [INFO] cshmd.analysis (validate_tetra)                               : [Structure] CL : Length 24: 8
04/15 17:02 [INFO] cshmd.analysis (validate_tetra)                               : [Structure] MCL : 24.0
04/15 17:02 [INFO] cshmd.builder (update_manager)                                : [Structure] Number of atoms: 86 -> 5504
04/15 17:02 [INFO] csh_builder (main)                                            : [Structure] Reading command 'defect_BT'...
04/15 17:02 [INFO] cshmd.builder (defect_BT)                                     : [Structure] Termination scope: False
04/15 17:02 [INFO] cshmd.builder (defect_BT)                                     : [Structure] Exists 64 Bridging Tetra in 'up' side
04/15 17:02 [INFO] cshmd.structure (add_Ca)                                      : [Structure] Add Ca
04/15 17:02 [INFO] cshmd.builder (defect_BT)                                     : [Structure] Exists 64 Bridging Tetra in 'down' side
04/15 17:02 [INFO] cshmd.structure (add_Ca)                                      : [Structure] Add Ca
04/15 17:02 [INFO] cshmd.builder (defect_BT)                                     : [Structure] Termination scope: False
04/15 17:02 [INFO] cshmd.builder (defect_BT)                                     : [Structure] Exists 64 Bridging Tetra in 'down' side
04/15 17:02 [INFO] cshmd.structure (add_Ca)                                      : [Structure] Add Ca with 1 OH and with 1 H2O
04/15 17:02 [INFO] cshmd.builder (defect_BT)                                     : [Structure] Exists 64 Bridging Tetra in 'up' side
04/15 17:02 [INFO] cshmd.structure (add_Ca)                                      : [Structure] Add Ca with 1 OH and with 1 H2O
04/15 17:02 [INFO] cshmd.structure (check_rm_list)                               : Delete 602 atoms in rm_list
04/15 17:02 [DEBUG] cshmd.analysis (__init__)                                    : [Structure] Now new data setted for get Bonds
04/15 17:02 [DEBUG] cshmd.analysis (__del_bond__)                                : del -> Si_O O_H H_O Ca_O C_O BO NBO
04/15 17:02 [DEBUG] cshmd.analysis (__initialize_mole__)                         : initalize -> H2O SiO4 OH CO3 H3O
04/15 17:02 [DEBUG] cshmd.analysis (__initialize_mole__)                         : initalize -> SiOH CaOH HCO3 H2CO3 H3CO3
04/15 17:02 [DEBUG] cshmd.analysis (find_bond)                                   : find_bond O - H rcut -> 1.2
04/15 17:02 [DEBUG] cshmd.common (time_wrapper)                                  : [RUNTIME] get_distance_table in 0.609 seconds
04/15 17:02 [DEBUG] cshmd.analysis (get_mole)                                    : get_mole O - H -> nbonds: 2
04/15 17:02 [DEBUG] cshmd.analysis (find_bond)                                   : find_bond Si - O rcut -> 2.2
04/15 17:02 [DEBUG] cshmd.common (time_wrapper)                                  : [RUNTIME] get_distance_table in 0.247 seconds
04/15 17:02 [DEBUG] cshmd.analysis (get_mole)                                    : get_mole Si - O -> nbonds: 4
04/15 17:02 [DEBUG] cshmd.analysis (get_mole)                                    : get_mole O - H -> nbonds: 1
04/15 17:02 [DEBUG] cshmd.analysis (find_bond)                                   : find_bond C - O rcut -> 1.6
04/15 17:02 [DEBUG] cshmd.analysis (get_mole)                                    : get_mole C - O -> nbonds: 3
04/15 17:02 [DEBUG] cshmd.analysis (get_mole)                                    : get_mole O - H -> nbonds: 3
04/15 17:02 [DEBUG] cshmd.analysis (find_bond)                                   : find_bond Ca - O rcut -> 3.0
04/15 17:02 [DEBUG] cshmd.common (time_wrapper)                                  : [RUNTIME] get_distance_table in 0.309 seconds
04/15 17:02 [DEBUG] cshmd.analysis (search_basic)                                : Basic search result -> H2O: 662, SiO4: 596, OH: 128, CO3: 0, H3O: 0, Ca_O: 4184
04/15 17:02 [DEBUG] cshmd.analysis (full_search)                                 : Search layer details
04/15 17:02 [DEBUG] cshmd.analysis (find_bond)                                   : find_bond Ca - O rcut -> 3.0
04/15 17:02 [DEBUG] cshmd.analysis (find_bond)                                   : find_bond Si - O rcut -> 2.2
04/15 17:02 [DEBUG] cshmd.analysis (set_layer_boundary)                          : Set layer boundary -> 0.2361377918249991 - 0.7222344292749987
04/15 17:02 [DEBUG] cshmd.analysis (__detail_search_oh_co3)                      : No CO3 in basic search
04/15 17:02 [DEBUG] cshmd.analysis (__detail_search_oh_sioh)                     : Searching 'OH' in 'SiO4
04/15 17:02 [DEBUG] cshmd.analysis (__detail_search_oh_caoh)                     : Searching 'OH' in 'CaOH
04/15 17:02 [INFO] cshmd.analysis (Qn)                                           : [Structure] Q1: 0.577
04/15 17:02 [INFO] cshmd.analysis (Qn)                                           : [Structure] Q2: 0.423
04/15 17:02 [INFO] cshmd.analysis (CS)                                           : [Structure] C/S: 1.111
04/15 17:02 [INFO] cshmd.analysis (validate_tetra)                               : [Structure] BT: 84, PT: 512
04/15 17:02 [DEBUG] cshmd.analysis (__init__)                                    : <class 'cshmd.analysis.Chain'> loaded
04/15 17:02 [DEBUG] cshmd.analysis (__init__)                                    : <class 'cshmd.analysis.Chain'> loaded
04/15 17:02 [DEBUG] cshmd.analysis (__init__)                                    : <class 'cshmd.analysis.Chain'> loaded
04/15 17:02 [DEBUG] cshmd.analysis (__init__)                                    : <class 'cshmd.analysis.Chain'> loaded
04/15 17:02 [INFO] cshmd.analysis (validate_tetra)                               : [Structure] CL : Length 2: 22 Length 5: 21
04/15 17:02 [INFO] cshmd.analysis (validate_tetra)                               : [Structure] MCL : 3.4651162790697674
04/15 17:02 [INFO] csh_builder (main)                                            : [Structure] Reading command 'terminate_NBO'...
04/15 17:02 [INFO] cshmd.builder (terminate_NBO)                                 : Do not run terminate, ratio == 0
04/15 17:02 [INFO] csh_builder (main)                                            : [Structure] Reading command 'add_BT'...
04/15 17:02 [INFO] cshmd.builder (add_BT)                                        : [Structure] 'Add Ca above all Bridging Tetra'
04/15 17:02 [INFO] cshmd.structure (add_Ca)                                      : [Structure] Add Ca
04/15 17:02 [INFO] cshmd.structure (add_Ca)                                      : [Structure] Add Ca
04/15 17:02 [DEBUG] cshmd.analysis (__init__)                                    : [Structure] Now new data setted for get Bonds
04/15 17:02 [DEBUG] cshmd.analysis (__del_bond__)                                : del -> Si_O O_H H_O Ca_O C_O BO NBO
04/15 17:02 [DEBUG] cshmd.analysis (__initialize_mole__)                         : initalize -> H2O SiO4 OH CO3 H3O
04/15 17:02 [DEBUG] cshmd.analysis (__initialize_mole__)                         : initalize -> SiOH CaOH HCO3 H2CO3 H3CO3
04/15 17:02 [DEBUG] cshmd.analysis (find_bond)                                   : find_bond O - H rcut -> 1.2
04/15 17:02 [DEBUG] cshmd.common (time_wrapper)                                  : [RUNTIME] get_distance_table in 0.636 seconds
04/15 17:02 [DEBUG] cshmd.analysis (get_mole)                                    : get_mole O - H -> nbonds: 2
04/15 17:02 [DEBUG] cshmd.analysis (find_bond)                                   : find_bond Si - O rcut -> 2.2
04/15 17:02 [DEBUG] cshmd.common (time_wrapper)                                  : [RUNTIME] get_distance_table in 0.261 seconds
04/15 17:02 [DEBUG] cshmd.analysis (get_mole)                                    : get_mole Si - O -> nbonds: 4
04/15 17:02 [DEBUG] cshmd.analysis (get_mole)                                    : get_mole O - H -> nbonds: 1
04/15 17:02 [DEBUG] cshmd.analysis (find_bond)                                   : find_bond C - O rcut -> 1.6
04/15 17:02 [DEBUG] cshmd.analysis (get_mole)                                    : get_mole C - O -> nbonds: 3
04/15 17:02 [DEBUG] cshmd.analysis (get_mole)                                    : get_mole O - H -> nbonds: 3
04/15 17:02 [DEBUG] cshmd.analysis (find_bond)                                   : find_bond Ca - O rcut -> 3.0
04/15 17:02 [DEBUG] cshmd.common (time_wrapper)                                  : [RUNTIME] get_distance_table in 0.326 seconds
04/15 17:02 [DEBUG] cshmd.analysis (search_basic)                                : Basic search result -> H2O: 662, SiO4: 596, OH: 128, CO3: 0, H3O: 0, Ca_O: 4247
04/15 17:02 [DEBUG] cshmd.analysis (full_search)                                 : Search layer details
04/15 17:02 [DEBUG] cshmd.analysis (find_bond)                                   : find_bond Ca - O rcut -> 3.0
04/15 17:02 [DEBUG] cshmd.analysis (find_bond)                                   : find_bond Si - O rcut -> 2.2
04/15 17:02 [DEBUG] cshmd.analysis (set_layer_boundary)                          : Set layer boundary -> 0.2361377918249991 - 0.7222344292749987
04/15 17:02 [DEBUG] cshmd.analysis (__detail_search_oh_co3)                      : No CO3 in basic search
04/15 17:02 [DEBUG] cshmd.analysis (__detail_search_oh_sioh)                     : Searching 'OH' in 'SiO4
04/15 17:02 [DEBUG] cshmd.analysis (__detail_search_oh_caoh)                     : Searching 'OH' in 'CaOH
04/15 17:02 [INFO] cshmd.analysis (Qn)                                           : [Structure] Q1: 0.577
04/15 17:02 [INFO] cshmd.analysis (Qn)                                           : [Structure] Q2: 0.423
04/15 17:02 [INFO] cshmd.analysis (CS)                                           : [Structure] C/S: 1.111
04/15 17:02 [INFO] cshmd.analysis (validate_tetra)                               : [Structure] BT: 84, PT: 512
04/15 17:02 [DEBUG] cshmd.analysis (__init__)                                    : <class 'cshmd.analysis.Chain'> loaded
04/15 17:02 [DEBUG] cshmd.analysis (__init__)                                    : <class 'cshmd.analysis.Chain'> loaded
04/15 17:02 [DEBUG] cshmd.analysis (__init__)                                    : <class 'cshmd.analysis.Chain'> loaded
04/15 17:02 [DEBUG] cshmd.analysis (__init__)                                    : <class 'cshmd.analysis.Chain'> loaded
04/15 17:02 [INFO] cshmd.analysis (validate_tetra)                               : [Structure] CL : Length 2: 22 Length 5: 21
04/15 17:02 [INFO] cshmd.analysis (validate_tetra)                               : [Structure] MCL : 3.4651162790697674
04/15 17:02 [INFO] cshmd.builder (update_manager)                                : [Structure] Number of atoms: 5504 -> 5546
04/15 17:02 [INFO] cshmd.structure (writeCif)                                    : L035.cif was created
04/15 17:02 [INFO] cshmd.builder (out_model)                                     : Total Charge: 0
04/15 17:02 [INFO] csh_builder (main)                                            : ----------------------------------------------------------------------
04/15 17:02 [INFO] csh_builder (main)                                            : ----------------------------------------------------------------------
04/15 17:02 [INFO] csh_builder (main)                                            : 'L040.yaml' loaded
04/15 17:02 [INFO] cshmd.structure (__init__)                                    : /Users/kimuni/bin/kimuni/cshmd/data/resources/cif/T14_111_term.cif was loaded
04/15 17:02 [DEBUG] cshmd.analysis (__init__)                                    : [Structure] Now new data setted for get Bonds
04/15 17:02 [DEBUG] cshmd.analysis (__del_bond__)                                : del -> Si_O O_H H_O Ca_O C_O BO NBO
04/15 17:02 [DEBUG] cshmd.analysis (__initialize_mole__)                         : initalize -> H2O SiO4 OH CO3 H3O
04/15 17:02 [DEBUG] cshmd.analysis (__initialize_mole__)                         : initalize -> SiOH CaOH HCO3 H2CO3 H3CO3
04/15 17:02 [DEBUG] cshmd.analysis (find_bond)                                   : find_bond O - H rcut -> 1.2
04/15 17:02 [DEBUG] cshmd.common (time_wrapper)                                  : [RUNTIME] get_distance_table in 0.000 seconds
04/15 17:02 [DEBUG] cshmd.analysis (get_mole)                                    : get_mole O - H -> nbonds: 2
04/15 17:02 [DEBUG] cshmd.analysis (find_bond)                                   : find_bond Si - O rcut -> 2.2
04/15 17:02 [DEBUG] cshmd.common (time_wrapper)                                  : [RUNTIME] get_distance_table in 0.000 seconds
04/15 17:02 [DEBUG] cshmd.analysis (get_mole)                                    : get_mole Si - O -> nbonds: 4
04/15 17:02 [DEBUG] cshmd.analysis (get_mole)                                    : get_mole O - H -> nbonds: 1
04/15 17:02 [DEBUG] cshmd.analysis (find_bond)                                   : find_bond C - O rcut -> 1.6
04/15 17:02 [DEBUG] cshmd.analysis (get_mole)                                    : get_mole C - O -> nbonds: 3
04/15 17:02 [DEBUG] cshmd.analysis (get_mole)                                    : get_mole O - H -> nbonds: 3
04/15 17:02 [DEBUG] cshmd.analysis (find_bond)                                   : find_bond Ca - O rcut -> 3.0
04/15 17:02 [DEBUG] cshmd.common (time_wrapper)                                  : [RUNTIME] get_distance_table in 0.000 seconds
04/15 17:02 [DEBUG] cshmd.analysis (search_basic)                                : Basic search result -> H2O: 9, SiO4: 12, OH: 2, CO3: 0, H3O: 0, Ca_O: 60
04/15 17:02 [DEBUG] cshmd.analysis (full_search)                                 : Search layer details
04/15 17:02 [DEBUG] cshmd.analysis (find_bond)                                   : find_bond Ca - O rcut -> 3.0
04/15 17:02 [DEBUG] cshmd.analysis (find_bond)                                   : find_bond Si - O rcut -> 2.2
04/15 17:02 [DEBUG] cshmd.analysis (set_layer_boundary)                          : Set layer boundary -> 0.236137791825 - 0.722234429275
04/15 17:02 [DEBUG] cshmd.analysis (__detail_search_oh_co3)                      : No CO3 in basic search
04/15 17:02 [DEBUG] cshmd.analysis (__detail_search_oh_sioh)                     : Searching 'OH' in 'SiO4
04/15 17:02 [DEBUG] cshmd.analysis (__detail_search_oh_caoh)                     : No CaOH in basic search. RETURN
04/15 17:02 [INFO] cshmd.analysis (Qn)                                           : [Structure] Q2: 1.000
04/15 17:02 [INFO] cshmd.analysis (CS)                                           : [Structure] C/S: 0.750
04/15 17:02 [INFO] cshmd.analysis (validate_tetra)                               : [Structure] BT: 4, PT: 8
04/15 17:02 [DEBUG] cshmd.analysis (__init__)                                    : <class 'cshmd.analysis.Chain'> loaded
04/15 17:02 [DEBUG] cshmd.analysis (__init__)                                    : <class 'cshmd.analysis.Chain'> loaded
04/15 17:02 [DEBUG] cshmd.analysis (__init__)                                    : <class 'cshmd.analysis.Chain'> loaded
04/15 17:02 [DEBUG] cshmd.analysis (__init__)                                    : <class 'cshmd.analysis.Chain'> loaded
04/15 17:02 [INFO] cshmd.analysis (validate_tetra)                               : [Structure] CL : Length 3: 1
04/15 17:02 [INFO] cshmd.analysis (validate_tetra)                               : [Structure] MCL : 3.0
04/15 17:02 [INFO] cshmd.structure (__init__)                                    : /Users/kimuni/bin/kimuni/cshmd/data/resources/cif/T14_111_term.cif was loaded
04/15 17:02 [DEBUG] cshmd.analysis (__init__)                                    : [Structure] Now new data setted for get Bonds
04/15 17:02 [DEBUG] cshmd.analysis (__del_bond__)                                : del -> Si_O O_H H_O Ca_O C_O BO NBO
04/15 17:02 [DEBUG] cshmd.analysis (__initialize_mole__)                         : initalize -> H2O SiO4 OH CO3 H3O
04/15 17:02 [DEBUG] cshmd.analysis (__initialize_mole__)                         : initalize -> SiOH CaOH HCO3 H2CO3 H3CO3
04/15 17:02 [DEBUG] cshmd.analysis (find_bond)                                   : find_bond O - H rcut -> 1.2
04/15 17:02 [DEBUG] cshmd.common (time_wrapper)                                  : [RUNTIME] get_distance_table in 0.000 seconds
04/15 17:02 [DEBUG] cshmd.analysis (get_mole)                                    : get_mole O - H -> nbonds: 2
04/15 17:02 [DEBUG] cshmd.analysis (find_bond)                                   : find_bond Si - O rcut -> 2.2
04/15 17:02 [DEBUG] cshmd.common (time_wrapper)                                  : [RUNTIME] get_distance_table in 0.000 seconds
04/15 17:02 [DEBUG] cshmd.analysis (get_mole)                                    : get_mole Si - O -> nbonds: 4
04/15 17:02 [DEBUG] cshmd.analysis (get_mole)                                    : get_mole O - H -> nbonds: 1
04/15 17:02 [DEBUG] cshmd.analysis (find_bond)                                   : find_bond C - O rcut -> 1.6
04/15 17:02 [DEBUG] cshmd.analysis (get_mole)                                    : get_mole C - O -> nbonds: 3
04/15 17:02 [DEBUG] cshmd.analysis (get_mole)                                    : get_mole O - H -> nbonds: 3
04/15 17:02 [DEBUG] cshmd.analysis (find_bond)                                   : find_bond Ca - O rcut -> 3.0
04/15 17:02 [DEBUG] cshmd.common (time_wrapper)                                  : [RUNTIME] get_distance_table in 0.000 seconds
04/15 17:02 [DEBUG] cshmd.analysis (search_basic)                                : Basic search result -> H2O: 9, SiO4: 12, OH: 2, CO3: 0, H3O: 0, Ca_O: 60
04/15 17:02 [DEBUG] cshmd.analysis (full_search)                                 : Search layer details
04/15 17:02 [DEBUG] cshmd.analysis (find_bond)                                   : find_bond Ca - O rcut -> 3.0
04/15 17:02 [DEBUG] cshmd.analysis (find_bond)                                   : find_bond Si - O rcut -> 2.2
04/15 17:02 [DEBUG] cshmd.analysis (set_layer_boundary)                          : Set layer boundary -> 0.236137791825 - 0.722234429275
04/15 17:02 [DEBUG] cshmd.analysis (__detail_search_oh_co3)                      : No CO3 in basic search
04/15 17:02 [DEBUG] cshmd.analysis (__detail_search_oh_sioh)                     : Searching 'OH' in 'SiO4
04/15 17:02 [DEBUG] cshmd.analysis (__detail_search_oh_caoh)                     : No CaOH in basic search. RETURN
04/15 17:02 [INFO] cshmd.analysis (Qn)                                           : [Structure] Q2: 1.000
04/15 17:02 [INFO] cshmd.analysis (CS)                                           : [Structure] C/S: 0.750
04/15 17:02 [INFO] cshmd.analysis (validate_tetra)                               : [Structure] BT: 4, PT: 8
04/15 17:02 [DEBUG] cshmd.analysis (__init__)                                    : <class 'cshmd.analysis.Chain'> loaded
04/15 17:02 [DEBUG] cshmd.analysis (__init__)                                    : <class 'cshmd.analysis.Chain'> loaded
04/15 17:02 [DEBUG] cshmd.analysis (__init__)                                    : <class 'cshmd.analysis.Chain'> loaded
04/15 17:02 [DEBUG] cshmd.analysis (__init__)                                    : <class 'cshmd.analysis.Chain'> loaded
04/15 17:02 [INFO] cshmd.analysis (validate_tetra)                               : [Structure] CL : Length 3: 1
04/15 17:02 [INFO] cshmd.analysis (validate_tetra)                               : [Structure] MCL : 3.0
04/15 17:02 [INFO] csh_builder (main)                                            : [Structure] Reading command 'supercell'...
04/15 17:02 [INFO] cshmd.structure (makeSupercell)                               : [Structure] Supercell created 8 * 8 * 1
04/15 17:02 [DEBUG] cshmd.analysis (__init__)                                    : [Structure] Now new data setted for get Bonds
04/15 17:02 [DEBUG] cshmd.analysis (__del_bond__)                                : del -> Si_O O_H H_O Ca_O C_O BO NBO
04/15 17:02 [DEBUG] cshmd.analysis (__initialize_mole__)                         : initalize -> H2O SiO4 OH CO3 H3O
04/15 17:02 [DEBUG] cshmd.analysis (__initialize_mole__)                         : initalize -> SiOH CaOH HCO3 H2CO3 H3CO3
04/15 17:02 [DEBUG] cshmd.analysis (find_bond)                                   : find_bond O - H rcut -> 1.2
04/15 17:02 [DEBUG] cshmd.common (time_wrapper)                                  : [RUNTIME] get_distance_table in 0.552 seconds
04/15 17:02 [DEBUG] cshmd.analysis (get_mole)                                    : get_mole O - H -> nbonds: 2
04/15 17:02 [DEBUG] cshmd.analysis (find_bond)                                   : find_bond Si - O rcut -> 2.2
04/15 17:02 [DEBUG] cshmd.common (time_wrapper)                                  : [RUNTIME] get_distance_table in 0.336 seconds
04/15 17:02 [DEBUG] cshmd.analysis (get_mole)                                    : get_mole Si - O -> nbonds: 4
04/15 17:02 [DEBUG] cshmd.analysis (get_mole)                                    : get_mole O - H -> nbonds: 1
04/15 17:02 [DEBUG] cshmd.analysis (find_bond)                                   : find_bond C - O rcut -> 1.6
04/15 17:02 [DEBUG] cshmd.analysis (get_mole)                                    : get_mole C - O -> nbonds: 3
04/15 17:02 [DEBUG] cshmd.analysis (get_mole)                                    : get_mole O - H -> nbonds: 3
04/15 17:02 [DEBUG] cshmd.analysis (find_bond)                                   : find_bond Ca - O rcut -> 3.0
04/15 17:02 [DEBUG] cshmd.common (time_wrapper)                                  : [RUNTIME] get_distance_table in 0.280 seconds
04/15 17:02 [DEBUG] cshmd.analysis (search_basic)                                : Basic search result -> H2O: 576, SiO4: 768, OH: 128, CO3: 0, H3O: 0, Ca_O: 3840
04/15 17:02 [DEBUG] cshmd.analysis (full_search)                                 : Search layer details
04/15 17:02 [DEBUG] cshmd.analysis (find_bond)                                   : find_bond Ca - O rcut -> 3.0
04/15 17:02 [DEBUG] cshmd.analysis (find_bond)                                   : find_bond Si - O rcut -> 2.2
04/15 17:02 [DEBUG] cshmd.analysis (set_layer_boundary)                          : Set layer boundary -> 0.2361377918249991 - 0.7222344292749987
04/15 17:02 [DEBUG] cshmd.analysis (__detail_search_oh_co3)                      : No CO3 in basic search
04/15 17:02 [DEBUG] cshmd.analysis (__detail_search_oh_sioh)                     : Searching 'OH' in 'SiO4
04/15 17:02 [DEBUG] cshmd.analysis (__detail_search_oh_caoh)                     : No CaOH in basic search. RETURN
04/15 17:02 [INFO] cshmd.analysis (Qn)                                           : [Structure] Q2: 1.000
04/15 17:02 [INFO] cshmd.analysis (CS)                                           : [Structure] C/S: 0.750
04/15 17:02 [INFO] cshmd.analysis (validate_tetra)                               : [Structure] BT: 256, PT: 512
04/15 17:02 [DEBUG] cshmd.analysis (__init__)                                    : <class 'cshmd.analysis.Chain'> loaded
04/15 17:02 [DEBUG] cshmd.analysis (__init__)                                    : <class 'cshmd.analysis.Chain'> loaded
04/15 17:02 [DEBUG] cshmd.analysis (__init__)                                    : <class 'cshmd.analysis.Chain'> loaded
04/15 17:02 [DEBUG] cshmd.analysis (__init__)                                    : <class 'cshmd.analysis.Chain'> loaded
04/15 17:02 [INFO] cshmd.analysis (validate_tetra)                               : [Structure] CL : Length 24: 8
04/15 17:02 [INFO] cshmd.analysis (validate_tetra)                               : [Structure] MCL : 24.0
04/15 17:02 [INFO] cshmd.builder (update_manager)                                : [Structure] Number of atoms: 86 -> 5504
04/15 17:02 [INFO] csh_builder (main)                                            : [Structure] Reading command 'defect_BT'...
04/15 17:02 [INFO] cshmd.builder (defect_BT)                                     : [Structure] Termination scope: False
04/15 17:02 [INFO] cshmd.builder (defect_BT)                                     : [Structure] Exists 64 Bridging Tetra in 'up' side
04/15 17:02 [INFO] cshmd.structure (add_Ca)                                      : [Structure] Add Ca
04/15 17:02 [INFO] cshmd.builder (defect_BT)                                     : [Structure] Exists 64 Bridging Tetra in 'down' side
04/15 17:02 [INFO] cshmd.structure (add_Ca)                                      : [Structure] Add Ca
04/15 17:02 [INFO] cshmd.builder (defect_BT)                                     : [Structure] Termination scope: False
04/15 17:02 [INFO] cshmd.builder (defect_BT)                                     : [Structure] Exists 64 Bridging Tetra in 'down' side
04/15 17:02 [INFO] cshmd.structure (add_Ca)                                      : [Structure] Add Ca with 1 OH and with 1 H2O
04/15 17:02 [INFO] cshmd.builder (defect_BT)                                     : [Structure] Exists 64 Bridging Tetra in 'up' side
04/15 17:02 [INFO] cshmd.structure (add_Ca)                                      : [Structure] Add Ca with 1 OH and with 1 H2O
04/15 17:02 [INFO] cshmd.structure (check_rm_list)                               : Delete 546 atoms in rm_list
04/15 17:02 [DEBUG] cshmd.analysis (__init__)                                    : [Structure] Now new data setted for get Bonds
04/15 17:02 [DEBUG] cshmd.analysis (__del_bond__)                                : del -> Si_O O_H H_O Ca_O C_O BO NBO
04/15 17:02 [DEBUG] cshmd.analysis (__initialize_mole__)                         : initalize -> H2O SiO4 OH CO3 H3O
04/15 17:02 [DEBUG] cshmd.analysis (__initialize_mole__)                         : initalize -> SiOH CaOH HCO3 H2CO3 H3CO3
04/15 17:02 [DEBUG] cshmd.analysis (find_bond)                                   : find_bond O - H rcut -> 1.2
04/15 17:02 [DEBUG] cshmd.common (time_wrapper)                                  : [RUNTIME] get_distance_table in 0.610 seconds
04/15 17:02 [DEBUG] cshmd.analysis (get_mole)                                    : get_mole O - H -> nbonds: 2
04/15 17:02 [DEBUG] cshmd.analysis (find_bond)                                   : find_bond Si - O rcut -> 2.2
04/15 17:02 [DEBUG] cshmd.common (time_wrapper)                                  : [RUNTIME] get_distance_table in 0.253 seconds
04/15 17:02 [DEBUG] cshmd.analysis (get_mole)                                    : get_mole Si - O -> nbonds: 4
04/15 17:02 [DEBUG] cshmd.analysis (get_mole)                                    : get_mole O - H -> nbonds: 1
04/15 17:02 [DEBUG] cshmd.analysis (find_bond)                                   : find_bond C - O rcut -> 1.6
04/15 17:02 [DEBUG] cshmd.analysis (get_mole)                                    : get_mole C - O -> nbonds: 3
04/15 17:02 [DEBUG] cshmd.analysis (get_mole)                                    : get_mole O - H -> nbonds: 3
04/15 17:02 [DEBUG] cshmd.analysis (find_bond)                                   : find_bond Ca - O rcut -> 3.0
04/15 17:02 [DEBUG] cshmd.common (time_wrapper)                                  : [RUNTIME] get_distance_table in 0.302 seconds
04/15 17:02 [DEBUG] cshmd.analysis (search_basic)                                : Basic search result -> H2O: 654, SiO4: 612, OH: 128, CO3: 0, H3O: 0, Ca_O: 4152
04/15 17:02 [DEBUG] cshmd.analysis (full_search)                                 : Search layer details
04/15 17:02 [DEBUG] cshmd.analysis (find_bond)                                   : find_bond Ca - O rcut -> 3.0
04/15 17:02 [DEBUG] cshmd.analysis (find_bond)                                   : find_bond Si - O rcut -> 2.2
04/15 17:02 [DEBUG] cshmd.analysis (set_layer_boundary)                          : Set layer boundary -> 0.2361377918249991 - 0.7222344292749987
04/15 17:02 [DEBUG] cshmd.analysis (__detail_search_oh_co3)                      : No CO3 in basic search
04/15 17:02 [DEBUG] cshmd.analysis (__detail_search_oh_sioh)                     : Searching 'OH' in 'SiO4
04/15 17:02 [DEBUG] cshmd.analysis (__detail_search_oh_caoh)                     : Searching 'OH' in 'CaOH
04/15 17:02 [INFO] cshmd.analysis (Qn)                                           : [Structure] Q1: 0.510
04/15 17:02 [INFO] cshmd.analysis (Qn)                                           : [Structure] Q2: 0.490
04/15 17:02 [INFO] cshmd.analysis (CS)                                           : [Structure] C/S: 1.069
04/15 17:02 [INFO] cshmd.analysis (validate_tetra)                               : [Structure] BT: 100, PT: 512
04/15 17:02 [DEBUG] cshmd.analysis (__init__)                                    : <class 'cshmd.analysis.Chain'> loaded
04/15 17:02 [DEBUG] cshmd.analysis (__init__)                                    : <class 'cshmd.analysis.Chain'> loaded
04/15 17:02 [DEBUG] cshmd.analysis (__init__)                                    : <class 'cshmd.analysis.Chain'> loaded
04/15 17:02 [DEBUG] cshmd.analysis (__init__)                                    : <class 'cshmd.analysis.Chain'> loaded
04/15 17:02 [INFO] cshmd.analysis (validate_tetra)                               : [Structure] CL : Length 2: 15 Length 5: 23 Length 8: 1
04/15 17:02 [INFO] cshmd.analysis (validate_tetra)                               : [Structure] MCL : 3.923076923076923
04/15 17:02 [INFO] csh_builder (main)                                            : [Structure] Reading command 'terminate_NBO'...
04/15 17:02 [INFO] cshmd.builder (terminate_NBO)                                 : Do not run terminate, ratio == 0
04/15 17:02 [INFO] csh_builder (main)                                            : [Structure] Reading command 'add_BT'...
04/15 17:02 [INFO] cshmd.builder (add_BT)                                        : [Structure] 'Add Ca above all Bridging Tetra'
04/15 17:02 [INFO] cshmd.structure (add_Ca)                                      : [Structure] Add Ca
04/15 17:02 [INFO] cshmd.structure (add_Ca)                                      : [Structure] Add Ca
04/15 17:02 [DEBUG] cshmd.analysis (__init__)                                    : [Structure] Now new data setted for get Bonds
04/15 17:02 [DEBUG] cshmd.analysis (__del_bond__)                                : del -> Si_O O_H H_O Ca_O C_O BO NBO
04/15 17:02 [DEBUG] cshmd.analysis (__initialize_mole__)                         : initalize -> H2O SiO4 OH CO3 H3O
04/15 17:02 [DEBUG] cshmd.analysis (__initialize_mole__)                         : initalize -> SiOH CaOH HCO3 H2CO3 H3CO3
04/15 17:02 [DEBUG] cshmd.analysis (find_bond)                                   : find_bond O - H rcut -> 1.2
04/15 17:02 [DEBUG] cshmd.common (time_wrapper)                                  : [RUNTIME] get_distance_table in 0.608 seconds
04/15 17:02 [DEBUG] cshmd.analysis (get_mole)                                    : get_mole O - H -> nbonds: 2
04/15 17:02 [DEBUG] cshmd.analysis (find_bond)                                   : find_bond Si - O rcut -> 2.2
04/15 17:02 [DEBUG] cshmd.common (time_wrapper)                                  : [RUNTIME] get_distance_table in 0.254 seconds
04/15 17:02 [DEBUG] cshmd.analysis (get_mole)                                    : get_mole Si - O -> nbonds: 4
04/15 17:02 [DEBUG] cshmd.analysis (get_mole)                                    : get_mole O - H -> nbonds: 1
04/15 17:02 [DEBUG] cshmd.analysis (find_bond)                                   : find_bond C - O rcut -> 1.6
04/15 17:02 [DEBUG] cshmd.analysis (get_mole)                                    : get_mole C - O -> nbonds: 3
04/15 17:02 [DEBUG] cshmd.analysis (get_mole)                                    : get_mole O - H -> nbonds: 3
04/15 17:02 [DEBUG] cshmd.analysis (find_bond)                                   : find_bond Ca - O rcut -> 3.0
04/15 17:02 [DEBUG] cshmd.common (time_wrapper)                                  : [RUNTIME] get_distance_table in 0.325 seconds
04/15 17:02 [DEBUG] cshmd.analysis (search_basic)                                : Basic search result -> H2O: 654, SiO4: 612, OH: 128, CO3: 0, H3O: 0, Ca_O: 4227
04/15 17:02 [DEBUG] cshmd.analysis (full_search)                                 : Search layer details
04/15 17:02 [DEBUG] cshmd.analysis (find_bond)                                   : find_bond Ca - O rcut -> 3.0
04/15 17:02 [DEBUG] cshmd.analysis (find_bond)                                   : find_bond Si - O rcut -> 2.2
04/15 17:02 [DEBUG] cshmd.analysis (set_layer_boundary)                          : Set layer boundary -> 0.2361377918249991 - 0.7222344292749987
04/15 17:02 [DEBUG] cshmd.analysis (__detail_search_oh_co3)                      : No CO3 in basic search
04/15 17:02 [DEBUG] cshmd.analysis (__detail_search_oh_sioh)                     : Searching 'OH' in 'SiO4
04/15 17:02 [DEBUG] cshmd.analysis (__detail_search_oh_caoh)                     : Searching 'OH' in 'CaOH
04/15 17:02 [INFO] cshmd.analysis (Qn)                                           : [Structure] Q1: 0.510
04/15 17:02 [INFO] cshmd.analysis (Qn)                                           : [Structure] Q2: 0.490
04/15 17:02 [INFO] cshmd.analysis (CS)                                           : [Structure] C/S: 1.069
04/15 17:02 [INFO] cshmd.analysis (validate_tetra)                               : [Structure] BT: 100, PT: 512
04/15 17:02 [DEBUG] cshmd.analysis (__init__)                                    : <class 'cshmd.analysis.Chain'> loaded
04/15 17:02 [DEBUG] cshmd.analysis (__init__)                                    : <class 'cshmd.analysis.Chain'> loaded
04/15 17:02 [DEBUG] cshmd.analysis (__init__)                                    : <class 'cshmd.analysis.Chain'> loaded
04/15 17:02 [DEBUG] cshmd.analysis (__init__)                                    : <class 'cshmd.analysis.Chain'> loaded
04/15 17:02 [INFO] cshmd.analysis (validate_tetra)                               : [Structure] CL : Length 2: 15 Length 5: 23 Length 8: 1
04/15 17:02 [INFO] cshmd.analysis (validate_tetra)                               : [Structure] MCL : 3.923076923076923
04/15 17:02 [INFO] cshmd.builder (update_manager)                                : [Structure] Number of atoms: 5504 -> 5554
04/15 17:02 [INFO] cshmd.structure (writeCif)                                    : L040.cif was created
04/15 17:02 [INFO] cshmd.builder (out_model)                                     : Total Charge: 0
04/15 17:02 [INFO] csh_builder (main)                                            : ----------------------------------------------------------------------
04/15 17:02 [INFO] csh_builder (main)                                            : ----------------------------------------------------------------------
04/15 17:02 [INFO] csh_builder (main)                                            : 'L060.yaml' loaded
04/15 17:02 [INFO] cshmd.structure (__init__)                                    : /Users/kimuni/bin/kimuni/cshmd/data/resources/cif/T14_111_term.cif was loaded
04/15 17:02 [DEBUG] cshmd.analysis (__init__)                                    : [Structure] Now new data setted for get Bonds
04/15 17:02 [DEBUG] cshmd.analysis (__del_bond__)                                : del -> Si_O O_H H_O Ca_O C_O BO NBO
04/15 17:02 [DEBUG] cshmd.analysis (__initialize_mole__)                         : initalize -> H2O SiO4 OH CO3 H3O
04/15 17:02 [DEBUG] cshmd.analysis (__initialize_mole__)                         : initalize -> SiOH CaOH HCO3 H2CO3 H3CO3
04/15 17:02 [DEBUG] cshmd.analysis (find_bond)                                   : find_bond O - H rcut -> 1.2
04/15 17:02 [DEBUG] cshmd.common (time_wrapper)                                  : [RUNTIME] get_distance_table in 0.000 seconds
04/15 17:02 [DEBUG] cshmd.analysis (get_mole)                                    : get_mole O - H -> nbonds: 2
04/15 17:02 [DEBUG] cshmd.analysis (find_bond)                                   : find_bond Si - O rcut -> 2.2
04/15 17:02 [DEBUG] cshmd.common (time_wrapper)                                  : [RUNTIME] get_distance_table in 0.000 seconds
04/15 17:02 [DEBUG] cshmd.analysis (get_mole)                                    : get_mole Si - O -> nbonds: 4
04/15 17:02 [DEBUG] cshmd.analysis (get_mole)                                    : get_mole O - H -> nbonds: 1
04/15 17:02 [DEBUG] cshmd.analysis (find_bond)                                   : find_bond C - O rcut -> 1.6
04/15 17:02 [DEBUG] cshmd.analysis (get_mole)                                    : get_mole C - O -> nbonds: 3
04/15 17:02 [DEBUG] cshmd.analysis (get_mole)                                    : get_mole O - H -> nbonds: 3
04/15 17:02 [DEBUG] cshmd.analysis (find_bond)                                   : find_bond Ca - O rcut -> 3.0
04/15 17:02 [DEBUG] cshmd.common (time_wrapper)                                  : [RUNTIME] get_distance_table in 0.000 seconds
04/15 17:02 [DEBUG] cshmd.analysis (search_basic)                                : Basic search result -> H2O: 9, SiO4: 12, OH: 2, CO3: 0, H3O: 0, Ca_O: 60
04/15 17:02 [DEBUG] cshmd.analysis (full_search)                                 : Search layer details
04/15 17:02 [DEBUG] cshmd.analysis (find_bond)                                   : find_bond Ca - O rcut -> 3.0
04/15 17:02 [DEBUG] cshmd.analysis (find_bond)                                   : find_bond Si - O rcut -> 2.2
04/15 17:02 [DEBUG] cshmd.analysis (set_layer_boundary)                          : Set layer boundary -> 0.236137791825 - 0.722234429275
04/15 17:02 [DEBUG] cshmd.analysis (__detail_search_oh_co3)                      : No CO3 in basic search
04/15 17:02 [DEBUG] cshmd.analysis (__detail_search_oh_sioh)                     : Searching 'OH' in 'SiO4
04/15 17:02 [DEBUG] cshmd.analysis (__detail_search_oh_caoh)                     : No CaOH in basic search. RETURN
04/15 17:02 [INFO] cshmd.analysis (Qn)                                           : [Structure] Q2: 1.000
04/15 17:02 [INFO] cshmd.analysis (CS)                                           : [Structure] C/S: 0.750
04/15 17:02 [INFO] cshmd.analysis (validate_tetra)                               : [Structure] BT: 4, PT: 8
04/15 17:02 [DEBUG] cshmd.analysis (__init__)                                    : <class 'cshmd.analysis.Chain'> loaded
04/15 17:02 [DEBUG] cshmd.analysis (__init__)                                    : <class 'cshmd.analysis.Chain'> loaded
04/15 17:02 [DEBUG] cshmd.analysis (__init__)                                    : <class 'cshmd.analysis.Chain'> loaded
04/15 17:02 [DEBUG] cshmd.analysis (__init__)                                    : <class 'cshmd.analysis.Chain'> loaded
04/15 17:02 [INFO] cshmd.analysis (validate_tetra)                               : [Structure] CL : Length 3: 1
04/15 17:02 [INFO] cshmd.analysis (validate_tetra)                               : [Structure] MCL : 3.0
04/15 17:02 [INFO] cshmd.structure (__init__)                                    : /Users/kimuni/bin/kimuni/cshmd/data/resources/cif/T14_111_term.cif was loaded
04/15 17:02 [DEBUG] cshmd.analysis (__init__)                                    : [Structure] Now new data setted for get Bonds
04/15 17:02 [DEBUG] cshmd.analysis (__del_bond__)                                : del -> Si_O O_H H_O Ca_O C_O BO NBO
04/15 17:02 [DEBUG] cshmd.analysis (__initialize_mole__)                         : initalize -> H2O SiO4 OH CO3 H3O
04/15 17:02 [DEBUG] cshmd.analysis (__initialize_mole__)                         : initalize -> SiOH CaOH HCO3 H2CO3 H3CO3
04/15 17:02 [DEBUG] cshmd.analysis (find_bond)                                   : find_bond O - H rcut -> 1.2
04/15 17:02 [DEBUG] cshmd.common (time_wrapper)                                  : [RUNTIME] get_distance_table in 0.000 seconds
04/15 17:02 [DEBUG] cshmd.analysis (get_mole)                                    : get_mole O - H -> nbonds: 2
04/15 17:02 [DEBUG] cshmd.analysis (find_bond)                                   : find_bond Si - O rcut -> 2.2
04/15 17:02 [DEBUG] cshmd.common (time_wrapper)                                  : [RUNTIME] get_distance_table in 0.000 seconds
04/15 17:02 [DEBUG] cshmd.analysis (get_mole)                                    : get_mole Si - O -> nbonds: 4
04/15 17:02 [DEBUG] cshmd.analysis (get_mole)                                    : get_mole O - H -> nbonds: 1
04/15 17:02 [DEBUG] cshmd.analysis (find_bond)                                   : find_bond C - O rcut -> 1.6
04/15 17:02 [DEBUG] cshmd.analysis (get_mole)                                    : get_mole C - O -> nbonds: 3
04/15 17:02 [DEBUG] cshmd.analysis (get_mole)                                    : get_mole O - H -> nbonds: 3
04/15 17:02 [DEBUG] cshmd.analysis (find_bond)                                   : find_bond Ca - O rcut -> 3.0
04/15 17:02 [DEBUG] cshmd.common (time_wrapper)                                  : [RUNTIME] get_distance_table in 0.000 seconds
04/15 17:02 [DEBUG] cshmd.analysis (search_basic)                                : Basic search result -> H2O: 9, SiO4: 12, OH: 2, CO3: 0, H3O: 0, Ca_O: 60
04/15 17:02 [DEBUG] cshmd.analysis (full_search)                                 : Search layer details
04/15 17:02 [DEBUG] cshmd.analysis (find_bond)                                   : find_bond Ca - O rcut -> 3.0
04/15 17:02 [DEBUG] cshmd.analysis (find_bond)                                   : find_bond Si - O rcut -> 2.2
04/15 17:02 [DEBUG] cshmd.analysis (set_layer_boundary)                          : Set layer boundary -> 0.236137791825 - 0.722234429275
04/15 17:02 [DEBUG] cshmd.analysis (__detail_search_oh_co3)                      : No CO3 in basic search
04/15 17:02 [DEBUG] cshmd.analysis (__detail_search_oh_sioh)                     : Searching 'OH' in 'SiO4
04/15 17:02 [DEBUG] cshmd.analysis (__detail_search_oh_caoh)                     : No CaOH in basic search. RETURN
04/15 17:02 [INFO] cshmd.analysis (Qn)                                           : [Structure] Q2: 1.000
04/15 17:02 [INFO] cshmd.analysis (CS)                                           : [Structure] C/S: 0.750
04/15 17:02 [INFO] cshmd.analysis (validate_tetra)                               : [Structure] BT: 4, PT: 8
04/15 17:02 [DEBUG] cshmd.analysis (__init__)                                    : <class 'cshmd.analysis.Chain'> loaded
04/15 17:02 [DEBUG] cshmd.analysis (__init__)                                    : <class 'cshmd.analysis.Chain'> loaded
04/15 17:02 [DEBUG] cshmd.analysis (__init__)                                    : <class 'cshmd.analysis.Chain'> loaded
04/15 17:02 [DEBUG] cshmd.analysis (__init__)                                    : <class 'cshmd.analysis.Chain'> loaded
04/15 17:02 [INFO] cshmd.analysis (validate_tetra)                               : [Structure] CL : Length 3: 1
04/15 17:02 [INFO] cshmd.analysis (validate_tetra)                               : [Structure] MCL : 3.0
04/15 17:02 [INFO] csh_builder (main)                                            : [Structure] Reading command 'supercell'...
04/15 17:02 [INFO] cshmd.structure (makeSupercell)                               : [Structure] Supercell created 8 * 8 * 1
04/15 17:02 [DEBUG] cshmd.analysis (__init__)                                    : [Structure] Now new data setted for get Bonds
04/15 17:02 [DEBUG] cshmd.analysis (__del_bond__)                                : del -> Si_O O_H H_O Ca_O C_O BO NBO
04/15 17:02 [DEBUG] cshmd.analysis (__initialize_mole__)                         : initalize -> H2O SiO4 OH CO3 H3O
04/15 17:02 [DEBUG] cshmd.analysis (__initialize_mole__)                         : initalize -> SiOH CaOH HCO3 H2CO3 H3CO3
04/15 17:02 [DEBUG] cshmd.analysis (find_bond)                                   : find_bond O - H rcut -> 1.2
04/15 17:02 [DEBUG] cshmd.common (time_wrapper)                                  : [RUNTIME] get_distance_table in 0.549 seconds
04/15 17:02 [DEBUG] cshmd.analysis (get_mole)                                    : get_mole O - H -> nbonds: 2
04/15 17:02 [DEBUG] cshmd.analysis (find_bond)                                   : find_bond Si - O rcut -> 2.2
04/15 17:02 [DEBUG] cshmd.common (time_wrapper)                                  : [RUNTIME] get_distance_table in 0.336 seconds
04/15 17:02 [DEBUG] cshmd.analysis (get_mole)                                    : get_mole Si - O -> nbonds: 4
04/15 17:02 [DEBUG] cshmd.analysis (get_mole)                                    : get_mole O - H -> nbonds: 1
04/15 17:02 [DEBUG] cshmd.analysis (find_bond)                                   : find_bond C - O rcut -> 1.6
04/15 17:02 [DEBUG] cshmd.analysis (get_mole)                                    : get_mole C - O -> nbonds: 3
04/15 17:02 [DEBUG] cshmd.analysis (get_mole)                                    : get_mole O - H -> nbonds: 3
04/15 17:02 [DEBUG] cshmd.analysis (find_bond)                                   : find_bond Ca - O rcut -> 3.0
04/15 17:02 [DEBUG] cshmd.common (time_wrapper)                                  : [RUNTIME] get_distance_table in 0.253 seconds
04/15 17:02 [DEBUG] cshmd.analysis (search_basic)                                : Basic search result -> H2O: 576, SiO4: 768, OH: 128, CO3: 0, H3O: 0, Ca_O: 3840
04/15 17:02 [DEBUG] cshmd.analysis (full_search)                                 : Search layer details
04/15 17:02 [DEBUG] cshmd.analysis (find_bond)                                   : find_bond Ca - O rcut -> 3.0
04/15 17:02 [DEBUG] cshmd.analysis (find_bond)                                   : find_bond Si - O rcut -> 2.2
04/15 17:02 [DEBUG] cshmd.analysis (set_layer_boundary)                          : Set layer boundary -> 0.2361377918249991 - 0.7222344292749987
04/15 17:02 [DEBUG] cshmd.analysis (__detail_search_oh_co3)                      : No CO3 in basic search
04/15 17:02 [DEBUG] cshmd.analysis (__detail_search_oh_sioh)                     : Searching 'OH' in 'SiO4
04/15 17:02 [DEBUG] cshmd.analysis (__detail_search_oh_caoh)                     : No CaOH in basic search. RETURN
04/15 17:02 [INFO] cshmd.analysis (Qn)                                           : [Structure] Q2: 1.000
04/15 17:02 [INFO] cshmd.analysis (CS)                                           : [Structure] C/S: 0.750
04/15 17:02 [INFO] cshmd.analysis (validate_tetra)                               : [Structure] BT: 256, PT: 512
04/15 17:02 [DEBUG] cshmd.analysis (__init__)                                    : <class 'cshmd.analysis.Chain'> loaded
04/15 17:02 [DEBUG] cshmd.analysis (__init__)                                    : <class 'cshmd.analysis.Chain'> loaded
04/15 17:02 [DEBUG] cshmd.analysis (__init__)                                    : <class 'cshmd.analysis.Chain'> loaded
04/15 17:02 [DEBUG] cshmd.analysis (__init__)                                    : <class 'cshmd.analysis.Chain'> loaded
04/15 17:02 [INFO] cshmd.analysis (validate_tetra)                               : [Structure] CL : Length 24: 8
04/15 17:02 [INFO] cshmd.analysis (validate_tetra)                               : [Structure] MCL : 24.0
04/15 17:02 [INFO] cshmd.builder (update_manager)                                : [Structure] Number of atoms: 86 -> 5504
04/15 17:02 [INFO] csh_builder (main)                                            : [Structure] Reading command 'defect_BT'...
04/15 17:02 [INFO] cshmd.builder (defect_BT)                                     : [Structure] Termination scope: False
04/15 17:02 [INFO] cshmd.builder (defect_BT)                                     : [Structure] Exists 64 Bridging Tetra in 'up' side
04/15 17:02 [INFO] cshmd.structure (add_Ca)                                      : [Structure] Add Ca
04/15 17:02 [INFO] cshmd.builder (defect_BT)                                     : [Structure] Exists 64 Bridging Tetra in 'down' side
04/15 17:02 [INFO] cshmd.structure (add_Ca)                                      : [Structure] Add Ca
04/15 17:02 [INFO] cshmd.builder (defect_BT)                                     : [Structure] Termination scope: False
04/15 17:02 [INFO] cshmd.builder (defect_BT)                                     : [Structure] Exists 64 Bridging Tetra in 'down' side
04/15 17:02 [INFO] cshmd.structure (add_Ca)                                      : [Structure] Add Ca with 1 OH and with 1 H2O
04/15 17:02 [INFO] cshmd.builder (defect_BT)                                     : [Structure] Exists 64 Bridging Tetra in 'up' side
04/15 17:02 [INFO] cshmd.structure (add_Ca)                                      : [Structure] Add Ca with 1 OH and with 1 H2O
04/15 17:02 [INFO] cshmd.structure (check_rm_list)                               : Delete 392 atoms in rm_list
04/15 17:02 [DEBUG] cshmd.analysis (__init__)                                    : [Structure] Now new data setted for get Bonds
04/15 17:02 [DEBUG] cshmd.analysis (__del_bond__)                                : del -> Si_O O_H H_O Ca_O C_O BO NBO
04/15 17:02 [DEBUG] cshmd.analysis (__initialize_mole__)                         : initalize -> H2O SiO4 OH CO3 H3O
04/15 17:02 [DEBUG] cshmd.analysis (__initialize_mole__)                         : initalize -> SiOH CaOH HCO3 H2CO3 H3CO3
04/15 17:02 [DEBUG] cshmd.analysis (find_bond)                                   : find_bond O - H rcut -> 1.2
04/15 17:02 [DEBUG] cshmd.common (time_wrapper)                                  : [RUNTIME] get_distance_table in 0.598 seconds
04/15 17:02 [DEBUG] cshmd.analysis (get_mole)                                    : get_mole O - H -> nbonds: 2
04/15 17:02 [DEBUG] cshmd.analysis (find_bond)                                   : find_bond Si - O rcut -> 2.2
04/15 17:02 [DEBUG] cshmd.common (time_wrapper)                                  : [RUNTIME] get_distance_table in 0.277 seconds
04/15 17:02 [DEBUG] cshmd.analysis (get_mole)                                    : get_mole Si - O -> nbonds: 4
04/15 17:02 [DEBUG] cshmd.analysis (get_mole)                                    : get_mole O - H -> nbonds: 1
04/15 17:02 [DEBUG] cshmd.analysis (find_bond)                                   : find_bond C - O rcut -> 1.6
04/15 17:02 [DEBUG] cshmd.analysis (get_mole)                                    : get_mole C - O -> nbonds: 3
04/15 17:02 [DEBUG] cshmd.analysis (get_mole)                                    : get_mole O - H -> nbonds: 3
04/15 17:02 [DEBUG] cshmd.analysis (find_bond)                                   : find_bond Ca - O rcut -> 3.0
04/15 17:02 [DEBUG] cshmd.common (time_wrapper)                                  : [RUNTIME] get_distance_table in 0.290 seconds
04/15 17:02 [DEBUG] cshmd.analysis (search_basic)                                : Basic search result -> H2O: 632, SiO4: 656, OH: 128, CO3: 0, H3O: 0, Ca_O: 4064
04/15 17:02 [DEBUG] cshmd.analysis (full_search)                                 : Search layer details
04/15 17:02 [DEBUG] cshmd.analysis (find_bond)                                   : find_bond Ca - O rcut -> 3.0
04/15 17:02 [DEBUG] cshmd.analysis (find_bond)                                   : find_bond Si - O rcut -> 2.2
04/15 17:02 [DEBUG] cshmd.analysis (set_layer_boundary)                          : Set layer boundary -> 0.2361377918249991 - 0.7222344292749987
04/15 17:02 [DEBUG] cshmd.analysis (__detail_search_oh_co3)                      : No CO3 in basic search
04/15 17:02 [DEBUG] cshmd.analysis (__detail_search_oh_sioh)                     : Searching 'OH' in 'SiO4
04/15 17:02 [DEBUG] cshmd.analysis (__detail_search_oh_caoh)                     : Searching 'OH' in 'CaOH
04/15 17:02 [INFO] cshmd.analysis (Qn)                                           : [Structure] Q1: 0.341
04/15 17:02 [INFO] cshmd.analysis (Qn)                                           : [Structure] Q2: 0.659
04/15 17:02 [INFO] cshmd.analysis (CS)                                           : [Structure] C/S: 0.963
04/15 17:02 [INFO] cshmd.analysis (validate_tetra)                               : [Structure] BT: 144, PT: 512
04/15 17:02 [DEBUG] cshmd.analysis (__init__)                                    : <class 'cshmd.analysis.Chain'> loaded
04/15 17:02 [DEBUG] cshmd.analysis (__init__)                                    : <class 'cshmd.analysis.Chain'> loaded
04/15 17:02 [DEBUG] cshmd.analysis (__init__)                                    : <class 'cshmd.analysis.Chain'> loaded
04/15 17:02 [DEBUG] cshmd.analysis (__init__)                                    : <class 'cshmd.analysis.Chain'> loaded
04/15 17:02 [INFO] cshmd.analysis (validate_tetra)                               : [Structure] CL : Length 2: 7 Length 5: 10 Length 8: 7 Length 11: 4
04/15 17:02 [INFO] cshmd.analysis (validate_tetra)                               : [Structure] MCL : 5.857142857142857
04/15 17:02 [INFO] csh_builder (main)                                            : [Structure] Reading command 'terminate_NBO'...
04/15 17:02 [INFO] cshmd.builder (terminate_NBO)                                 : Do not run terminate, ratio == 0
04/15 17:02 [INFO] csh_builder (main)                                            : [Structure] Reading command 'add_BT'...
04/15 17:02 [INFO] cshmd.builder (add_BT)                                        : [Structure] 'Add Ca above all Bridging Tetra'
04/15 17:02 [INFO] cshmd.structure (add_Ca)                                      : [Structure] Add Ca
04/15 17:02 [INFO] cshmd.structure (add_Ca)                                      : [Structure] Add Ca
04/15 17:02 [DEBUG] cshmd.analysis (__init__)                                    : [Structure] Now new data setted for get Bonds
04/15 17:02 [DEBUG] cshmd.analysis (__del_bond__)                                : del -> Si_O O_H H_O Ca_O C_O BO NBO
04/15 17:02 [DEBUG] cshmd.analysis (__initialize_mole__)                         : initalize -> H2O SiO4 OH CO3 H3O
04/15 17:02 [DEBUG] cshmd.analysis (__initialize_mole__)                         : initalize -> SiOH CaOH HCO3 H2CO3 H3CO3
04/15 17:02 [DEBUG] cshmd.analysis (find_bond)                                   : find_bond O - H rcut -> 1.2
04/15 17:02 [DEBUG] cshmd.common (time_wrapper)                                  : [RUNTIME] get_distance_table in 0.596 seconds
04/15 17:02 [DEBUG] cshmd.analysis (get_mole)                                    : get_mole O - H -> nbonds: 2
04/15 17:02 [DEBUG] cshmd.analysis (find_bond)                                   : find_bond Si - O rcut -> 2.2
04/15 17:02 [DEBUG] cshmd.common (time_wrapper)                                  : [RUNTIME] get_distance_table in 0.276 seconds
04/15 17:02 [DEBUG] cshmd.analysis (get_mole)                                    : get_mole Si - O -> nbonds: 4
04/15 17:02 [DEBUG] cshmd.analysis (get_mole)                                    : get_mole O - H -> nbonds: 1
04/15 17:02 [DEBUG] cshmd.analysis (find_bond)                                   : find_bond C - O rcut -> 1.6
04/15 17:02 [DEBUG] cshmd.analysis (get_mole)                                    : get_mole C - O -> nbonds: 3
04/15 17:02 [DEBUG] cshmd.analysis (get_mole)                                    : get_mole O - H -> nbonds: 3
04/15 17:02 [DEBUG] cshmd.analysis (find_bond)                                   : find_bond Ca - O rcut -> 3.0
04/15 17:02 [DEBUG] cshmd.common (time_wrapper)                                  : [RUNTIME] get_distance_table in 0.320 seconds
04/15 17:02 [DEBUG] cshmd.analysis (search_basic)                                : Basic search result -> H2O: 632, SiO4: 656, OH: 128, CO3: 0, H3O: 0, Ca_O: 4172
04/15 17:02 [DEBUG] cshmd.analysis (full_search)                                 : Search layer details
04/15 17:02 [DEBUG] cshmd.analysis (find_bond)                                   : find_bond Ca - O rcut -> 3.0
04/15 17:02 [DEBUG] cshmd.analysis (find_bond)                                   : find_bond Si - O rcut -> 2.2
04/15 17:02 [DEBUG] cshmd.analysis (set_layer_boundary)                          : Set layer boundary -> 0.2361377918249991 - 0.7222344292749987
04/15 17:02 [DEBUG] cshmd.analysis (__detail_search_oh_co3)                      : No CO3 in basic search
04/15 17:02 [DEBUG] cshmd.analysis (__detail_search_oh_sioh)                     : Searching 'OH' in 'SiO4
04/15 17:02 [DEBUG] cshmd.analysis (__detail_search_oh_caoh)                     : Searching 'OH' in 'CaOH
04/15 17:02 [INFO] cshmd.analysis (Qn)                                           : [Structure] Q1: 0.341
04/15 17:02 [INFO] cshmd.analysis (Qn)                                           : [Structure] Q2: 0.659
04/15 17:02 [INFO] cshmd.analysis (CS)                                           : [Structure] C/S: 0.963
04/15 17:02 [INFO] cshmd.analysis (validate_tetra)                               : [Structure] BT: 144, PT: 512
04/15 17:02 [DEBUG] cshmd.analysis (__init__)                                    : <class 'cshmd.analysis.Chain'> loaded
04/15 17:02 [DEBUG] cshmd.analysis (__init__)                                    : <class 'cshmd.analysis.Chain'> loaded
04/15 17:02 [DEBUG] cshmd.analysis (__init__)                                    : <class 'cshmd.analysis.Chain'> loaded
04/15 17:02 [DEBUG] cshmd.analysis (__init__)                                    : <class 'cshmd.analysis.Chain'> loaded
04/15 17:02 [INFO] cshmd.analysis (validate_tetra)                               : [Structure] CL : Length 2: 7 Length 5: 10 Length 8: 7 Length 11: 4
04/15 17:02 [INFO] cshmd.analysis (validate_tetra)                               : [Structure] MCL : 5.857142857142857
04/15 17:02 [INFO] cshmd.builder (update_manager)                                : [Structure] Number of atoms: 5504 -> 5576
04/15 17:02 [INFO] cshmd.structure (writeCif)                                    : L060.cif was created
04/15 17:02 [INFO] cshmd.builder (out_model)                                     : Total Charge: 0
04/15 17:02 [INFO] csh_builder (main)                                            : ----------------------------------------------------------------------
04/15 17:02 [INFO] csh_builder (main)                                            : ----------------------------------------------------------------------
04/15 17:02 [INFO] csh_builder (main)                                            : 'L080.yaml' loaded
04/15 17:02 [INFO] cshmd.structure (__init__)                                    : /Users/kimuni/bin/kimuni/cshmd/data/resources/cif/T14_111_term.cif was loaded
04/15 17:02 [DEBUG] cshmd.analysis (__init__)                                    : [Structure] Now new data setted for get Bonds
04/15 17:02 [DEBUG] cshmd.analysis (__del_bond__)                                : del -> Si_O O_H H_O Ca_O C_O BO NBO
04/15 17:02 [DEBUG] cshmd.analysis (__initialize_mole__)                         : initalize -> H2O SiO4 OH CO3 H3O
04/15 17:02 [DEBUG] cshmd.analysis (__initialize_mole__)                         : initalize -> SiOH CaOH HCO3 H2CO3 H3CO3
04/15 17:02 [DEBUG] cshmd.analysis (find_bond)                                   : find_bond O - H rcut -> 1.2
04/15 17:02 [DEBUG] cshmd.common (time_wrapper)                                  : [RUNTIME] get_distance_table in 0.000 seconds
04/15 17:02 [DEBUG] cshmd.analysis (get_mole)                                    : get_mole O - H -> nbonds: 2
04/15 17:02 [DEBUG] cshmd.analysis (find_bond)                                   : find_bond Si - O rcut -> 2.2
04/15 17:02 [DEBUG] cshmd.common (time_wrapper)                                  : [RUNTIME] get_distance_table in 0.000 seconds
04/15 17:02 [DEBUG] cshmd.analysis (get_mole)                                    : get_mole Si - O -> nbonds: 4
04/15 17:02 [DEBUG] cshmd.analysis (get_mole)                                    : get_mole O - H -> nbonds: 1
04/15 17:02 [DEBUG] cshmd.analysis (find_bond)                                   : find_bond C - O rcut -> 1.6
04/15 17:02 [DEBUG] cshmd.analysis (get_mole)                                    : get_mole C - O -> nbonds: 3
04/15 17:02 [DEBUG] cshmd.analysis (get_mole)                                    : get_mole O - H -> nbonds: 3
04/15 17:02 [DEBUG] cshmd.analysis (find_bond)                                   : find_bond Ca - O rcut -> 3.0
04/15 17:02 [DEBUG] cshmd.common (time_wrapper)                                  : [RUNTIME] get_distance_table in 0.000 seconds
04/15 17:02 [DEBUG] cshmd.analysis (search_basic)                                : Basic search result -> H2O: 9, SiO4: 12, OH: 2, CO3: 0, H3O: 0, Ca_O: 60
04/15 17:02 [DEBUG] cshmd.analysis (full_search)                                 : Search layer details
04/15 17:02 [DEBUG] cshmd.analysis (find_bond)                                   : find_bond Ca - O rcut -> 3.0
04/15 17:02 [DEBUG] cshmd.analysis (find_bond)                                   : find_bond Si - O rcut -> 2.2
04/15 17:02 [DEBUG] cshmd.analysis (set_layer_boundary)                          : Set layer boundary -> 0.236137791825 - 0.722234429275
04/15 17:02 [DEBUG] cshmd.analysis (__detail_search_oh_co3)                      : No CO3 in basic search
04/15 17:02 [DEBUG] cshmd.analysis (__detail_search_oh_sioh)                     : Searching 'OH' in 'SiO4
04/15 17:02 [DEBUG] cshmd.analysis (__detail_search_oh_caoh)                     : No CaOH in basic search. RETURN
04/15 17:02 [INFO] cshmd.analysis (Qn)                                           : [Structure] Q2: 1.000
04/15 17:02 [INFO] cshmd.analysis (CS)                                           : [Structure] C/S: 0.750
04/15 17:02 [INFO] cshmd.analysis (validate_tetra)                               : [Structure] BT: 4, PT: 8
04/15 17:02 [DEBUG] cshmd.analysis (__init__)                                    : <class 'cshmd.analysis.Chain'> loaded
04/15 17:02 [DEBUG] cshmd.analysis (__init__)                                    : <class 'cshmd.analysis.Chain'> loaded
04/15 17:02 [DEBUG] cshmd.analysis (__init__)                                    : <class 'cshmd.analysis.Chain'> loaded
04/15 17:02 [DEBUG] cshmd.analysis (__init__)                                    : <class 'cshmd.analysis.Chain'> loaded
04/15 17:02 [INFO] cshmd.analysis (validate_tetra)                               : [Structure] CL : Length 3: 1
04/15 17:02 [INFO] cshmd.analysis (validate_tetra)                               : [Structure] MCL : 3.0
04/15 17:02 [INFO] cshmd.structure (__init__)                                    : /Users/kimuni/bin/kimuni/cshmd/data/resources/cif/T14_111_term.cif was loaded
04/15 17:02 [DEBUG] cshmd.analysis (__init__)                                    : [Structure] Now new data setted for get Bonds
04/15 17:02 [DEBUG] cshmd.analysis (__del_bond__)                                : del -> Si_O O_H H_O Ca_O C_O BO NBO
04/15 17:02 [DEBUG] cshmd.analysis (__initialize_mole__)                         : initalize -> H2O SiO4 OH CO3 H3O
04/15 17:02 [DEBUG] cshmd.analysis (__initialize_mole__)                         : initalize -> SiOH CaOH HCO3 H2CO3 H3CO3
04/15 17:02 [DEBUG] cshmd.analysis (find_bond)                                   : find_bond O - H rcut -> 1.2
04/15 17:02 [DEBUG] cshmd.common (time_wrapper)                                  : [RUNTIME] get_distance_table in 0.000 seconds
04/15 17:02 [DEBUG] cshmd.analysis (get_mole)                                    : get_mole O - H -> nbonds: 2
04/15 17:02 [DEBUG] cshmd.analysis (find_bond)                                   : find_bond Si - O rcut -> 2.2
04/15 17:02 [DEBUG] cshmd.common (time_wrapper)                                  : [RUNTIME] get_distance_table in 0.000 seconds
04/15 17:02 [DEBUG] cshmd.analysis (get_mole)                                    : get_mole Si - O -> nbonds: 4
04/15 17:02 [DEBUG] cshmd.analysis (get_mole)                                    : get_mole O - H -> nbonds: 1
04/15 17:02 [DEBUG] cshmd.analysis (find_bond)                                   : find_bond C - O rcut -> 1.6
04/15 17:02 [DEBUG] cshmd.analysis (get_mole)                                    : get_mole C - O -> nbonds: 3
04/15 17:02 [DEBUG] cshmd.analysis (get_mole)                                    : get_mole O - H -> nbonds: 3
04/15 17:02 [DEBUG] cshmd.analysis (find_bond)                                   : find_bond Ca - O rcut -> 3.0
04/15 17:02 [DEBUG] cshmd.common (time_wrapper)                                  : [RUNTIME] get_distance_table in 0.000 seconds
04/15 17:02 [DEBUG] cshmd.analysis (search_basic)                                : Basic search result -> H2O: 9, SiO4: 12, OH: 2, CO3: 0, H3O: 0, Ca_O: 60
04/15 17:02 [DEBUG] cshmd.analysis (full_search)                                 : Search layer details
04/15 17:02 [DEBUG] cshmd.analysis (find_bond)                                   : find_bond Ca - O rcut -> 3.0
04/15 17:02 [DEBUG] cshmd.analysis (find_bond)                                   : find_bond Si - O rcut -> 2.2
04/15 17:02 [DEBUG] cshmd.analysis (set_layer_boundary)                          : Set layer boundary -> 0.236137791825 - 0.722234429275
04/15 17:02 [DEBUG] cshmd.analysis (__detail_search_oh_co3)                      : No CO3 in basic search
04/15 17:02 [DEBUG] cshmd.analysis (__detail_search_oh_sioh)                     : Searching 'OH' in 'SiO4
04/15 17:02 [DEBUG] cshmd.analysis (__detail_search_oh_caoh)                     : No CaOH in basic search. RETURN
04/15 17:02 [INFO] cshmd.analysis (Qn)                                           : [Structure] Q2: 1.000
04/15 17:02 [INFO] cshmd.analysis (CS)                                           : [Structure] C/S: 0.750
04/15 17:02 [INFO] cshmd.analysis (validate_tetra)                               : [Structure] BT: 4, PT: 8
04/15 17:02 [DEBUG] cshmd.analysis (__init__)                                    : <class 'cshmd.analysis.Chain'> loaded
04/15 17:02 [DEBUG] cshmd.analysis (__init__)                                    : <class 'cshmd.analysis.Chain'> loaded
04/15 17:02 [DEBUG] cshmd.analysis (__init__)                                    : <class 'cshmd.analysis.Chain'> loaded
04/15 17:02 [DEBUG] cshmd.analysis (__init__)                                    : <class 'cshmd.analysis.Chain'> loaded
04/15 17:02 [INFO] cshmd.analysis (validate_tetra)                               : [Structure] CL : Length 3: 1
04/15 17:02 [INFO] cshmd.analysis (validate_tetra)                               : [Structure] MCL : 3.0
04/15 17:02 [INFO] csh_builder (main)                                            : [Structure] Reading command 'supercell'...
04/15 17:02 [INFO] cshmd.structure (makeSupercell)                               : [Structure] Supercell created 8 * 8 * 1
04/15 17:02 [DEBUG] cshmd.analysis (__init__)                                    : [Structure] Now new data setted for get Bonds
04/15 17:02 [DEBUG] cshmd.analysis (__del_bond__)                                : del -> Si_O O_H H_O Ca_O C_O BO NBO
04/15 17:02 [DEBUG] cshmd.analysis (__initialize_mole__)                         : initalize -> H2O SiO4 OH CO3 H3O
04/15 17:02 [DEBUG] cshmd.analysis (__initialize_mole__)                         : initalize -> SiOH CaOH HCO3 H2CO3 H3CO3
04/15 17:02 [DEBUG] cshmd.analysis (find_bond)                                   : find_bond O - H rcut -> 1.2
04/15 17:02 [DEBUG] cshmd.common (time_wrapper)                                  : [RUNTIME] get_distance_table in 0.552 seconds
04/15 17:02 [DEBUG] cshmd.analysis (get_mole)                                    : get_mole O - H -> nbonds: 2
04/15 17:02 [DEBUG] cshmd.analysis (find_bond)                                   : find_bond Si - O rcut -> 2.2
04/15 17:02 [DEBUG] cshmd.common (time_wrapper)                                  : [RUNTIME] get_distance_table in 0.340 seconds
04/15 17:02 [DEBUG] cshmd.analysis (get_mole)                                    : get_mole Si - O -> nbonds: 4
04/15 17:02 [DEBUG] cshmd.analysis (get_mole)                                    : get_mole O - H -> nbonds: 1
04/15 17:02 [DEBUG] cshmd.analysis (find_bond)                                   : find_bond C - O rcut -> 1.6
04/15 17:02 [DEBUG] cshmd.analysis (get_mole)                                    : get_mole C - O -> nbonds: 3
04/15 17:02 [DEBUG] cshmd.analysis (get_mole)                                    : get_mole O - H -> nbonds: 3
04/15 17:02 [DEBUG] cshmd.analysis (find_bond)                                   : find_bond Ca - O rcut -> 3.0
04/15 17:02 [DEBUG] cshmd.common (time_wrapper)                                  : [RUNTIME] get_distance_table in 0.264 seconds
04/15 17:02 [DEBUG] cshmd.analysis (search_basic)                                : Basic search result -> H2O: 576, SiO4: 768, OH: 128, CO3: 0, H3O: 0, Ca_O: 3840
04/15 17:02 [DEBUG] cshmd.analysis (full_search)                                 : Search layer details
04/15 17:02 [DEBUG] cshmd.analysis (find_bond)                                   : find_bond Ca - O rcut -> 3.0
04/15 17:02 [DEBUG] cshmd.analysis (find_bond)                                   : find_bond Si - O rcut -> 2.2
04/15 17:02 [DEBUG] cshmd.analysis (set_layer_boundary)                          : Set layer boundary -> 0.2361377918249991 - 0.7222344292749987
04/15 17:02 [DEBUG] cshmd.analysis (__detail_search_oh_co3)                      : No CO3 in basic search
04/15 17:02 [DEBUG] cshmd.analysis (__detail_search_oh_sioh)                     : Searching 'OH' in 'SiO4
04/15 17:02 [DEBUG] cshmd.analysis (__detail_search_oh_caoh)                     : No CaOH in basic search. RETURN
04/15 17:02 [INFO] cshmd.analysis (Qn)                                           : [Structure] Q2: 1.000
04/15 17:02 [INFO] cshmd.analysis (CS)                                           : [Structure] C/S: 0.750
04/15 17:02 [INFO] cshmd.analysis (validate_tetra)                               : [Structure] BT: 256, PT: 512
04/15 17:02 [DEBUG] cshmd.analysis (__init__)                                    : <class 'cshmd.analysis.Chain'> loaded
04/15 17:02 [DEBUG] cshmd.analysis (__init__)                                    : <class 'cshmd.analysis.Chain'> loaded
04/15 17:02 [DEBUG] cshmd.analysis (__init__)                                    : <class 'cshmd.analysis.Chain'> loaded
04/15 17:02 [DEBUG] cshmd.analysis (__init__)                                    : <class 'cshmd.analysis.Chain'> loaded
04/15 17:02 [INFO] cshmd.analysis (validate_tetra)                               : [Structure] CL : Length 24: 8
04/15 17:02 [INFO] cshmd.analysis (validate_tetra)                               : [Structure] MCL : 24.0
04/15 17:02 [INFO] cshmd.builder (update_manager)                                : [Structure] Number of atoms: 86 -> 5504
04/15 17:02 [INFO] csh_builder (main)                                            : [Structure] Reading command 'defect_BT'...
04/15 17:02 [INFO] cshmd.builder (defect_BT)                                     : [Structure] Termination scope: False
04/15 17:02 [INFO] cshmd.builder (defect_BT)                                     : [Structure] Exists 64 Bridging Tetra in 'up' side
04/15 17:02 [INFO] cshmd.structure (add_Ca)                                      : [Structure] Add Ca
04/15 17:02 [INFO] cshmd.builder (defect_BT)                                     : [Structure] Exists 64 Bridging Tetra in 'down' side
04/15 17:02 [INFO] cshmd.structure (add_Ca)                                      : [Structure] Add Ca
04/15 17:02 [INFO] cshmd.builder (defect_BT)                                     : [Structure] Termination scope: False
04/15 17:02 [INFO] cshmd.builder (defect_BT)                                     : [Structure] Exists 64 Bridging Tetra in 'down' side
04/15 17:02 [INFO] cshmd.structure (add_Ca)                                      : [Structure] Add Ca with 1 OH and with 1 H2O
04/15 17:02 [INFO] cshmd.builder (defect_BT)                                     : [Structure] Exists 64 Bridging Tetra in 'up' side
04/15 17:02 [INFO] cshmd.structure (add_Ca)                                      : [Structure] Add Ca with 1 OH and with 1 H2O
04/15 17:02 [INFO] cshmd.structure (check_rm_list)                               : Delete 308 atoms in rm_list
04/15 17:02 [DEBUG] cshmd.analysis (__init__)                                    : [Structure] Now new data setted for get Bonds
04/15 17:02 [DEBUG] cshmd.analysis (__del_bond__)                                : del -> Si_O O_H H_O Ca_O C_O BO NBO
04/15 17:02 [DEBUG] cshmd.analysis (__initialize_mole__)                         : initalize -> H2O SiO4 OH CO3 H3O
04/15 17:02 [DEBUG] cshmd.analysis (__initialize_mole__)                         : initalize -> SiOH CaOH HCO3 H2CO3 H3CO3
04/15 17:02 [DEBUG] cshmd.analysis (find_bond)                                   : find_bond O - H rcut -> 1.2
04/15 17:02 [DEBUG] cshmd.common (time_wrapper)                                  : [RUNTIME] get_distance_table in 0.599 seconds
04/15 17:02 [DEBUG] cshmd.analysis (get_mole)                                    : get_mole O - H -> nbonds: 2
04/15 17:02 [DEBUG] cshmd.analysis (find_bond)                                   : find_bond Si - O rcut -> 2.2
04/15 17:02 [DEBUG] cshmd.common (time_wrapper)                                  : [RUNTIME] get_distance_table in 0.289 seconds
04/15 17:02 [DEBUG] cshmd.analysis (get_mole)                                    : get_mole Si - O -> nbonds: 4
04/15 17:02 [DEBUG] cshmd.analysis (get_mole)                                    : get_mole O - H -> nbonds: 1
04/15 17:02 [DEBUG] cshmd.analysis (find_bond)                                   : find_bond C - O rcut -> 1.6
04/15 17:02 [DEBUG] cshmd.analysis (get_mole)                                    : get_mole C - O -> nbonds: 3
04/15 17:02 [DEBUG] cshmd.analysis (get_mole)                                    : get_mole O - H -> nbonds: 3
04/15 17:02 [DEBUG] cshmd.analysis (find_bond)                                   : find_bond Ca - O rcut -> 3.0
04/15 17:02 [DEBUG] cshmd.common (time_wrapper)                                  : [RUNTIME] get_distance_table in 0.281 seconds
04/15 17:02 [DEBUG] cshmd.analysis (search_basic)                                : Basic search result -> H2O: 620, SiO4: 680, OH: 128, CO3: 0, H3O: 0, Ca_O: 4016
04/15 17:02 [DEBUG] cshmd.analysis (full_search)                                 : Search layer details
04/15 17:02 [DEBUG] cshmd.analysis (find_bond)                                   : find_bond Ca - O rcut -> 3.0
04/15 17:02 [DEBUG] cshmd.analysis (find_bond)                                   : find_bond Si - O rcut -> 2.2
04/15 17:02 [DEBUG] cshmd.analysis (set_layer_boundary)                          : Set layer boundary -> 0.2361377918249991 - 0.7222344292749987
04/15 17:02 [DEBUG] cshmd.analysis (__detail_search_oh_co3)                      : No CO3 in basic search
04/15 17:02 [DEBUG] cshmd.analysis (__detail_search_oh_sioh)                     : Searching 'OH' in 'SiO4
04/15 17:02 [DEBUG] cshmd.analysis (__detail_search_oh_caoh)                     : Searching 'OH' in 'CaOH
04/15 17:02 [INFO] cshmd.analysis (Qn)                                           : [Structure] Q1: 0.259
04/15 17:02 [INFO] cshmd.analysis (Qn)                                           : [Structure] Q2: 0.741
04/15 17:02 [INFO] cshmd.analysis (CS)                                           : [Structure] C/S: 0.912
04/15 17:02 [INFO] cshmd.analysis (validate_tetra)                               : [Structure] BT: 168, PT: 512
04/15 17:02 [DEBUG] cshmd.analysis (__init__)                                    : <class 'cshmd.analysis.Chain'> loaded
04/15 17:02 [DEBUG] cshmd.analysis (__init__)                                    : <class 'cshmd.analysis.Chain'> loaded
04/15 17:02 [DEBUG] cshmd.analysis (__init__)                                    : <class 'cshmd.analysis.Chain'> loaded
04/15 17:02 [DEBUG] cshmd.analysis (__init__)                                    : <class 'cshmd.analysis.Chain'> loaded
04/15 17:02 [INFO] cshmd.analysis (validate_tetra)                               : [Structure] CL : Length 2: 2 Length 5: 6 Length 8: 6 Length 11: 8
04/15 17:02 [INFO] cshmd.analysis (validate_tetra)                               : [Structure] MCL : 7.7272727272727275
04/15 17:02 [INFO] csh_builder (main)                                            : [Structure] Reading command 'terminate_NBO'...
04/15 17:02 [INFO] cshmd.builder (terminate_NBO)                                 : Do not run terminate, ratio == 0
04/15 17:02 [INFO] csh_builder (main)                                            : [Structure] Reading command 'add_BT'...
04/15 17:02 [INFO] cshmd.builder (add_BT)                                        : [Structure] 'Add Ca above all Bridging Tetra'
04/15 17:02 [INFO] cshmd.structure (add_Ca)                                      : [Structure] Add Ca
04/15 17:02 [INFO] cshmd.structure (add_Ca)                                      : [Structure] Add Ca
04/15 17:02 [DEBUG] cshmd.analysis (__init__)                                    : [Structure] Now new data setted for get Bonds
04/15 17:02 [DEBUG] cshmd.analysis (__del_bond__)                                : del -> Si_O O_H H_O Ca_O C_O BO NBO
04/15 17:02 [DEBUG] cshmd.analysis (__initialize_mole__)                         : initalize -> H2O SiO4 OH CO3 H3O
04/15 17:02 [DEBUG] cshmd.analysis (__initialize_mole__)                         : initalize -> SiOH CaOH HCO3 H2CO3 H3CO3
04/15 17:02 [DEBUG] cshmd.analysis (find_bond)                                   : find_bond O - H rcut -> 1.2
04/15 17:02 [DEBUG] cshmd.common (time_wrapper)                                  : [RUNTIME] get_distance_table in 0.590 seconds
04/15 17:02 [DEBUG] cshmd.analysis (get_mole)                                    : get_mole O - H -> nbonds: 2
04/15 17:02 [DEBUG] cshmd.analysis (find_bond)                                   : find_bond Si - O rcut -> 2.2
04/15 17:02 [DEBUG] cshmd.common (time_wrapper)                                  : [RUNTIME] get_distance_table in 0.290 seconds
04/15 17:02 [DEBUG] cshmd.analysis (get_mole)                                    : get_mole Si - O -> nbonds: 4
04/15 17:02 [DEBUG] cshmd.analysis (get_mole)                                    : get_mole O - H -> nbonds: 1
04/15 17:02 [DEBUG] cshmd.analysis (find_bond)                                   : find_bond C - O rcut -> 1.6
04/15 17:02 [DEBUG] cshmd.analysis (get_mole)                                    : get_mole C - O -> nbonds: 3
04/15 17:02 [DEBUG] cshmd.analysis (get_mole)                                    : get_mole O - H -> nbonds: 3
04/15 17:02 [DEBUG] cshmd.analysis (find_bond)                                   : find_bond Ca - O rcut -> 3.0
04/15 17:02 [DEBUG] cshmd.common (time_wrapper)                                  : [RUNTIME] get_distance_table in 0.318 seconds
04/15 17:02 [DEBUG] cshmd.analysis (search_basic)                                : Basic search result -> H2O: 620, SiO4: 680, OH: 128, CO3: 0, H3O: 0, Ca_O: 4142
04/15 17:02 [DEBUG] cshmd.analysis (full_search)                                 : Search layer details
04/15 17:02 [DEBUG] cshmd.analysis (find_bond)                                   : find_bond Ca - O rcut -> 3.0
04/15 17:02 [DEBUG] cshmd.analysis (find_bond)                                   : find_bond Si - O rcut -> 2.2
04/15 17:02 [DEBUG] cshmd.analysis (set_layer_boundary)                          : Set layer boundary -> 0.2361377918249991 - 0.7222344292749987
04/15 17:02 [DEBUG] cshmd.analysis (__detail_search_oh_co3)                      : No CO3 in basic search
04/15 17:02 [DEBUG] cshmd.analysis (__detail_search_oh_sioh)                     : Searching 'OH' in 'SiO4
04/15 17:02 [DEBUG] cshmd.analysis (__detail_search_oh_caoh)                     : Searching 'OH' in 'CaOH
04/15 17:02 [INFO] cshmd.analysis (Qn)                                           : [Structure] Q1: 0.259
04/15 17:02 [INFO] cshmd.analysis (Qn)                                           : [Structure] Q2: 0.741
04/15 17:02 [INFO] cshmd.analysis (CS)                                           : [Structure] C/S: 0.912
04/15 17:02 [INFO] cshmd.analysis (validate_tetra)                               : [Structure] BT: 168, PT: 512
04/15 17:02 [DEBUG] cshmd.analysis (__init__)                                    : <class 'cshmd.analysis.Chain'> loaded
04/15 17:02 [DEBUG] cshmd.analysis (__init__)                                    : <class 'cshmd.analysis.Chain'> loaded
04/15 17:02 [DEBUG] cshmd.analysis (__init__)                                    : <class 'cshmd.analysis.Chain'> loaded
04/15 17:02 [DEBUG] cshmd.analysis (__init__)                                    : <class 'cshmd.analysis.Chain'> loaded
04/15 17:02 [INFO] cshmd.analysis (validate_tetra)                               : [Structure] CL : Length 2: 2 Length 5: 6 Length 8: 6 Length 11: 8
04/15 17:02 [INFO] cshmd.analysis (validate_tetra)                               : [Structure] MCL : 7.7272727272727275
04/15 17:02 [INFO] cshmd.builder (update_manager)                                : [Structure] Number of atoms: 5504 -> 5588
04/15 17:02 [INFO] cshmd.structure (writeCif)                                    : L080.cif was created
04/15 17:02 [INFO] cshmd.builder (out_model)                                     : Total Charge: 0
04/15 17:02 [INFO] csh_builder (main)                                            : ----------------------------------------------------------------------
04/15 17:02 [INFO] csh_builder (main)                                            : ----------------------------------------------------------------------
04/15 17:02 [INFO] csh_builder (main)                                            : 'L100.yaml' loaded
04/15 17:02 [INFO] cshmd.structure (__init__)                                    : /Users/kimuni/bin/kimuni/cshmd/data/resources/cif/T14_111_term.cif was loaded
04/15 17:02 [DEBUG] cshmd.analysis (__init__)                                    : [Structure] Now new data setted for get Bonds
04/15 17:02 [DEBUG] cshmd.analysis (__del_bond__)                                : del -> Si_O O_H H_O Ca_O C_O BO NBO
04/15 17:02 [DEBUG] cshmd.analysis (__initialize_mole__)                         : initalize -> H2O SiO4 OH CO3 H3O
04/15 17:02 [DEBUG] cshmd.analysis (__initialize_mole__)                         : initalize -> SiOH CaOH HCO3 H2CO3 H3CO3
04/15 17:02 [DEBUG] cshmd.analysis (find_bond)                                   : find_bond O - H rcut -> 1.2
04/15 17:02 [DEBUG] cshmd.common (time_wrapper)                                  : [RUNTIME] get_distance_table in 0.000 seconds
04/15 17:02 [DEBUG] cshmd.analysis (get_mole)                                    : get_mole O - H -> nbonds: 2
04/15 17:02 [DEBUG] cshmd.analysis (find_bond)                                   : find_bond Si - O rcut -> 2.2
04/15 17:02 [DEBUG] cshmd.common (time_wrapper)                                  : [RUNTIME] get_distance_table in 0.000 seconds
04/15 17:02 [DEBUG] cshmd.analysis (get_mole)                                    : get_mole Si - O -> nbonds: 4
04/15 17:02 [DEBUG] cshmd.analysis (get_mole)                                    : get_mole O - H -> nbonds: 1
04/15 17:02 [DEBUG] cshmd.analysis (find_bond)                                   : find_bond C - O rcut -> 1.6
04/15 17:02 [DEBUG] cshmd.analysis (get_mole)                                    : get_mole C - O -> nbonds: 3
04/15 17:02 [DEBUG] cshmd.analysis (get_mole)                                    : get_mole O - H -> nbonds: 3
04/15 17:02 [DEBUG] cshmd.analysis (find_bond)                                   : find_bond Ca - O rcut -> 3.0
04/15 17:02 [DEBUG] cshmd.common (time_wrapper)                                  : [RUNTIME] get_distance_table in 0.000 seconds
04/15 17:02 [DEBUG] cshmd.analysis (search_basic)                                : Basic search result -> H2O: 9, SiO4: 12, OH: 2, CO3: 0, H3O: 0, Ca_O: 60
04/15 17:02 [DEBUG] cshmd.analysis (full_search)                                 : Search layer details
04/15 17:02 [DEBUG] cshmd.analysis (find_bond)                                   : find_bond Ca - O rcut -> 3.0
04/15 17:02 [DEBUG] cshmd.analysis (find_bond)                                   : find_bond Si - O rcut -> 2.2
04/15 17:02 [DEBUG] cshmd.analysis (set_layer_boundary)                          : Set layer boundary -> 0.236137791825 - 0.722234429275
04/15 17:02 [DEBUG] cshmd.analysis (__detail_search_oh_co3)                      : No CO3 in basic search
04/15 17:02 [DEBUG] cshmd.analysis (__detail_search_oh_sioh)                     : Searching 'OH' in 'SiO4
04/15 17:02 [DEBUG] cshmd.analysis (__detail_search_oh_caoh)                     : No CaOH in basic search. RETURN
04/15 17:02 [INFO] cshmd.analysis (Qn)                                           : [Structure] Q2: 1.000
04/15 17:02 [INFO] cshmd.analysis (CS)                                           : [Structure] C/S: 0.750
04/15 17:02 [INFO] cshmd.analysis (validate_tetra)                               : [Structure] BT: 4, PT: 8
04/15 17:02 [DEBUG] cshmd.analysis (__init__)                                    : <class 'cshmd.analysis.Chain'> loaded
04/15 17:02 [DEBUG] cshmd.analysis (__init__)                                    : <class 'cshmd.analysis.Chain'> loaded
04/15 17:02 [DEBUG] cshmd.analysis (__init__)                                    : <class 'cshmd.analysis.Chain'> loaded
04/15 17:02 [DEBUG] cshmd.analysis (__init__)                                    : <class 'cshmd.analysis.Chain'> loaded
04/15 17:02 [INFO] cshmd.analysis (validate_tetra)                               : [Structure] CL : Length 3: 1
04/15 17:02 [INFO] cshmd.analysis (validate_tetra)                               : [Structure] MCL : 3.0
04/15 17:02 [INFO] cshmd.structure (__init__)                                    : /Users/kimuni/bin/kimuni/cshmd/data/resources/cif/T14_111_term.cif was loaded
04/15 17:02 [DEBUG] cshmd.analysis (__init__)                                    : [Structure] Now new data setted for get Bonds
04/15 17:02 [DEBUG] cshmd.analysis (__del_bond__)                                : del -> Si_O O_H H_O Ca_O C_O BO NBO
04/15 17:02 [DEBUG] cshmd.analysis (__initialize_mole__)                         : initalize -> H2O SiO4 OH CO3 H3O
04/15 17:02 [DEBUG] cshmd.analysis (__initialize_mole__)                         : initalize -> SiOH CaOH HCO3 H2CO3 H3CO3
04/15 17:02 [DEBUG] cshmd.analysis (find_bond)                                   : find_bond O - H rcut -> 1.2
04/15 17:02 [DEBUG] cshmd.common (time_wrapper)                                  : [RUNTIME] get_distance_table in 0.000 seconds
04/15 17:02 [DEBUG] cshmd.analysis (get_mole)                                    : get_mole O - H -> nbonds: 2
04/15 17:02 [DEBUG] cshmd.analysis (find_bond)                                   : find_bond Si - O rcut -> 2.2
04/15 17:02 [DEBUG] cshmd.common (time_wrapper)                                  : [RUNTIME] get_distance_table in 0.000 seconds
04/15 17:02 [DEBUG] cshmd.analysis (get_mole)                                    : get_mole Si - O -> nbonds: 4
04/15 17:02 [DEBUG] cshmd.analysis (get_mole)                                    : get_mole O - H -> nbonds: 1
04/15 17:02 [DEBUG] cshmd.analysis (find_bond)                                   : find_bond C - O rcut -> 1.6
04/15 17:02 [DEBUG] cshmd.analysis (get_mole)                                    : get_mole C - O -> nbonds: 3
04/15 17:02 [DEBUG] cshmd.analysis (get_mole)                                    : get_mole O - H -> nbonds: 3
04/15 17:02 [DEBUG] cshmd.analysis (find_bond)                                   : find_bond Ca - O rcut -> 3.0
04/15 17:02 [DEBUG] cshmd.common (time_wrapper)                                  : [RUNTIME] get_distance_table in 0.000 seconds
04/15 17:02 [DEBUG] cshmd.analysis (search_basic)                                : Basic search result -> H2O: 9, SiO4: 12, OH: 2, CO3: 0, H3O: 0, Ca_O: 60
04/15 17:02 [DEBUG] cshmd.analysis (full_search)                                 : Search layer details
04/15 17:02 [DEBUG] cshmd.analysis (find_bond)                                   : find_bond Ca - O rcut -> 3.0
04/15 17:02 [DEBUG] cshmd.analysis (find_bond)                                   : find_bond Si - O rcut -> 2.2
04/15 17:02 [DEBUG] cshmd.analysis (set_layer_boundary)                          : Set layer boundary -> 0.236137791825 - 0.722234429275
04/15 17:02 [DEBUG] cshmd.analysis (__detail_search_oh_co3)                      : No CO3 in basic search
04/15 17:02 [DEBUG] cshmd.analysis (__detail_search_oh_sioh)                     : Searching 'OH' in 'SiO4
04/15 17:02 [DEBUG] cshmd.analysis (__detail_search_oh_caoh)                     : No CaOH in basic search. RETURN
04/15 17:02 [INFO] cshmd.analysis (Qn)                                           : [Structure] Q2: 1.000
04/15 17:02 [INFO] cshmd.analysis (CS)                                           : [Structure] C/S: 0.750
04/15 17:02 [INFO] cshmd.analysis (validate_tetra)                               : [Structure] BT: 4, PT: 8
04/15 17:02 [DEBUG] cshmd.analysis (__init__)                                    : <class 'cshmd.analysis.Chain'> loaded
04/15 17:02 [DEBUG] cshmd.analysis (__init__)                                    : <class 'cshmd.analysis.Chain'> loaded
04/15 17:02 [DEBUG] cshmd.analysis (__init__)                                    : <class 'cshmd.analysis.Chain'> loaded
04/15 17:02 [DEBUG] cshmd.analysis (__init__)                                    : <class 'cshmd.analysis.Chain'> loaded
04/15 17:02 [INFO] cshmd.analysis (validate_tetra)                               : [Structure] CL : Length 3: 1
04/15 17:02 [INFO] cshmd.analysis (validate_tetra)                               : [Structure] MCL : 3.0
04/15 17:02 [INFO] csh_builder (main)                                            : [Structure] Reading command 'supercell'...
04/15 17:02 [INFO] cshmd.structure (makeSupercell)                               : [Structure] Supercell created 8 * 8 * 1
04/15 17:02 [DEBUG] cshmd.analysis (__init__)                                    : [Structure] Now new data setted for get Bonds
04/15 17:02 [DEBUG] cshmd.analysis (__del_bond__)                                : del -> Si_O O_H H_O Ca_O C_O BO NBO
04/15 17:02 [DEBUG] cshmd.analysis (__initialize_mole__)                         : initalize -> H2O SiO4 OH CO3 H3O
04/15 17:02 [DEBUG] cshmd.analysis (__initialize_mole__)                         : initalize -> SiOH CaOH HCO3 H2CO3 H3CO3
04/15 17:02 [DEBUG] cshmd.analysis (find_bond)                                   : find_bond O - H rcut -> 1.2
04/15 17:02 [DEBUG] cshmd.common (time_wrapper)                                  : [RUNTIME] get_distance_table in 0.550 seconds
04/15 17:02 [DEBUG] cshmd.analysis (get_mole)                                    : get_mole O - H -> nbonds: 2
04/15 17:02 [DEBUG] cshmd.analysis (find_bond)                                   : find_bond Si - O rcut -> 2.2
04/15 17:02 [DEBUG] cshmd.common (time_wrapper)                                  : [RUNTIME] get_distance_table in 0.336 seconds
04/15 17:02 [DEBUG] cshmd.analysis (get_mole)                                    : get_mole Si - O -> nbonds: 4
04/15 17:02 [DEBUG] cshmd.analysis (get_mole)                                    : get_mole O - H -> nbonds: 1
04/15 17:02 [DEBUG] cshmd.analysis (find_bond)                                   : find_bond C - O rcut -> 1.6
04/15 17:02 [DEBUG] cshmd.analysis (get_mole)                                    : get_mole C - O -> nbonds: 3
04/15 17:02 [DEBUG] cshmd.analysis (get_mole)                                    : get_mole O - H -> nbonds: 3
04/15 17:02 [DEBUG] cshmd.analysis (find_bond)                                   : find_bond Ca - O rcut -> 3.0
04/15 17:02 [DEBUG] cshmd.common (time_wrapper)                                  : [RUNTIME] get_distance_table in 0.253 seconds
04/15 17:02 [DEBUG] cshmd.analysis (search_basic)                                : Basic search result -> H2O: 576, SiO4: 768, OH: 128, CO3: 0, H3O: 0, Ca_O: 3840
04/15 17:02 [DEBUG] cshmd.analysis (full_search)                                 : Search layer details
04/15 17:02 [DEBUG] cshmd.analysis (find_bond)                                   : find_bond Ca - O rcut -> 3.0
04/15 17:02 [DEBUG] cshmd.analysis (find_bond)                                   : find_bond Si - O rcut -> 2.2
04/15 17:02 [DEBUG] cshmd.analysis (set_layer_boundary)                          : Set layer boundary -> 0.2361377918249991 - 0.7222344292749987
04/15 17:02 [DEBUG] cshmd.analysis (__detail_search_oh_co3)                      : No CO3 in basic search
04/15 17:02 [DEBUG] cshmd.analysis (__detail_search_oh_sioh)                     : Searching 'OH' in 'SiO4
04/15 17:02 [DEBUG] cshmd.analysis (__detail_search_oh_caoh)                     : No CaOH in basic search. RETURN
04/15 17:02 [INFO] cshmd.analysis (Qn)                                           : [Structure] Q2: 1.000
04/15 17:02 [INFO] cshmd.analysis (CS)                                           : [Structure] C/S: 0.750
04/15 17:02 [INFO] cshmd.analysis (validate_tetra)                               : [Structure] BT: 256, PT: 512
04/15 17:02 [DEBUG] cshmd.analysis (__init__)                                    : <class 'cshmd.analysis.Chain'> loaded
04/15 17:02 [DEBUG] cshmd.analysis (__init__)                                    : <class 'cshmd.analysis.Chain'> loaded
04/15 17:02 [DEBUG] cshmd.analysis (__init__)                                    : <class 'cshmd.analysis.Chain'> loaded
04/15 17:02 [DEBUG] cshmd.analysis (__init__)                                    : <class 'cshmd.analysis.Chain'> loaded
04/15 17:02 [INFO] cshmd.analysis (validate_tetra)                               : [Structure] CL : Length 24: 8
04/15 17:02 [INFO] cshmd.analysis (validate_tetra)                               : [Structure] MCL : 24.0
04/15 17:02 [INFO] cshmd.builder (update_manager)                                : [Structure] Number of atoms: 86 -> 5504
04/15 17:02 [INFO] csh_builder (main)                                            : [Structure] Reading command 'defect_BT'...
04/15 17:02 [INFO] cshmd.builder (defect_BT)                                     : [Structure] Termination scope: False
04/15 17:02 [INFO] cshmd.builder (defect_BT)                                     : [Structure] Exists 64 Bridging Tetra in 'up' side
04/15 17:02 [INFO] cshmd.structure (add_Ca)                                      : [Structure] Add Ca
04/15 17:02 [INFO] cshmd.builder (defect_BT)                                     : [Structure] Exists 64 Bridging Tetra in 'down' side
04/15 17:02 [INFO] cshmd.structure (add_Ca)                                      : [Structure] Add Ca
04/15 17:02 [INFO] cshmd.builder (defect_BT)                                     : [Structure] Termination scope: False
04/15 17:02 [INFO] cshmd.builder (defect_BT)                                     : [Structure] Exists 64 Bridging Tetra in 'down' side
04/15 17:02 [INFO] cshmd.structure (add_Ca)                                      : [Structure] Add Ca with 1 OH and with 1 H2O
04/15 17:02 [INFO] cshmd.builder (defect_BT)                                     : [Structure] Exists 64 Bridging Tetra in 'up' side
04/15 17:02 [INFO] cshmd.structure (add_Ca)                                      : [Structure] Add Ca with 1 OH and with 1 H2O
04/15 17:02 [INFO] cshmd.structure (check_rm_list)                               : Delete 252 atoms in rm_list
04/15 17:02 [DEBUG] cshmd.analysis (__init__)                                    : [Structure] Now new data setted for get Bonds
04/15 17:02 [DEBUG] cshmd.analysis (__del_bond__)                                : del -> Si_O O_H H_O Ca_O C_O BO NBO
04/15 17:02 [DEBUG] cshmd.analysis (__initialize_mole__)                         : initalize -> H2O SiO4 OH CO3 H3O
04/15 17:02 [DEBUG] cshmd.analysis (__initialize_mole__)                         : initalize -> SiOH CaOH HCO3 H2CO3 H3CO3
04/15 17:02 [DEBUG] cshmd.analysis (find_bond)                                   : find_bond O - H rcut -> 1.2
04/15 17:02 [DEBUG] cshmd.common (time_wrapper)                                  : [RUNTIME] get_distance_table in 0.582 seconds
04/15 17:02 [DEBUG] cshmd.analysis (get_mole)                                    : get_mole O - H -> nbonds: 2
04/15 17:02 [DEBUG] cshmd.analysis (find_bond)                                   : find_bond Si - O rcut -> 2.2
04/15 17:02 [DEBUG] cshmd.common (time_wrapper)                                  : [RUNTIME] get_distance_table in 0.334 seconds
04/15 17:02 [DEBUG] cshmd.analysis (get_mole)                                    : get_mole Si - O -> nbonds: 4
04/15 17:02 [DEBUG] cshmd.analysis (get_mole)                                    : get_mole O - H -> nbonds: 1
04/15 17:02 [DEBUG] cshmd.analysis (find_bond)                                   : find_bond C - O rcut -> 1.6
04/15 17:02 [DEBUG] cshmd.analysis (get_mole)                                    : get_mole C - O -> nbonds: 3
04/15 17:02 [DEBUG] cshmd.analysis (get_mole)                                    : get_mole O - H -> nbonds: 3
04/15 17:02 [DEBUG] cshmd.analysis (find_bond)                                   : find_bond Ca - O rcut -> 3.0
04/15 17:02 [DEBUG] cshmd.common (time_wrapper)                                  : [RUNTIME] get_distance_table in 0.308 seconds
04/15 17:02 [DEBUG] cshmd.analysis (search_basic)                                : Basic search result -> H2O: 612, SiO4: 696, OH: 128, CO3: 0, H3O: 0, Ca_O: 3984
04/15 17:02 [DEBUG] cshmd.analysis (full_search)                                 : Search layer details
04/15 17:02 [DEBUG] cshmd.analysis (find_bond)                                   : find_bond Ca - O rcut -> 3.0
04/15 17:02 [DEBUG] cshmd.analysis (find_bond)                                   : find_bond Si - O rcut -> 2.2
04/15 17:02 [DEBUG] cshmd.analysis (set_layer_boundary)                          : Set layer boundary -> 0.2361377918249991 - 0.7222344292749987
04/15 17:02 [DEBUG] cshmd.analysis (__detail_search_oh_co3)                      : No CO3 in basic search
04/15 17:02 [DEBUG] cshmd.analysis (__detail_search_oh_sioh)                     : Searching 'OH' in 'SiO4
04/15 17:02 [DEBUG] cshmd.analysis (__detail_search_oh_caoh)                     : Searching 'OH' in 'CaOH
04/15 17:02 [INFO] cshmd.analysis (Qn)                                           : [Structure] Q1: 0.207
04/15 17:02 [INFO] cshmd.analysis (Qn)                                           : [Structure] Q2: 0.793
04/15 17:02 [INFO] cshmd.analysis (CS)                                           : [Structure] C/S: 0.879
04/15 17:02 [INFO] cshmd.analysis (validate_tetra)                               : [Structure] BT: 184, PT: 512
04/15 17:02 [DEBUG] cshmd.analysis (__init__)                                    : <class 'cshmd.analysis.Chain'> loaded
04/15 17:02 [DEBUG] cshmd.analysis (__init__)                                    : <class 'cshmd.analysis.Chain'> loaded
04/15 17:02 [DEBUG] cshmd.analysis (__init__)                                    : <class 'cshmd.analysis.Chain'> loaded
04/15 17:02 [DEBUG] cshmd.analysis (__init__)                                    : <class 'cshmd.analysis.Chain'> loaded
04/15 17:02 [INFO] cshmd.analysis (validate_tetra)                               : [Structure] CL : Length 2: 1 Length 5: 1 Length 8: 5 Length 11: 9 Length 14: 2
04/15 17:02 [INFO] cshmd.analysis (validate_tetra)                               : [Structure] MCL : 9.666666666666666
04/15 17:02 [INFO] csh_builder (main)                                            : [Structure] Reading command 'terminate_NBO'...
04/15 17:02 [INFO] cshmd.builder (terminate_NBO)                                 : Do not run terminate, ratio == 0
04/15 17:02 [INFO] csh_builder (main)                                            : [Structure] Reading command 'add_BT'...
04/15 17:02 [INFO] cshmd.builder (add_BT)                                        : [Structure] 'Add Ca above all Bridging Tetra'
04/15 17:02 [INFO] cshmd.structure (add_Ca)                                      : [Structure] Add Ca
04/15 17:02 [INFO] cshmd.structure (add_Ca)                                      : [Structure] Add Ca
04/15 17:02 [DEBUG] cshmd.analysis (__init__)                                    : [Structure] Now new data setted for get Bonds
04/15 17:02 [DEBUG] cshmd.analysis (__del_bond__)                                : del -> Si_O O_H H_O Ca_O C_O BO NBO
04/15 17:02 [DEBUG] cshmd.analysis (__initialize_mole__)                         : initalize -> H2O SiO4 OH CO3 H3O
04/15 17:02 [DEBUG] cshmd.analysis (__initialize_mole__)                         : initalize -> SiOH CaOH HCO3 H2CO3 H3CO3
04/15 17:02 [DEBUG] cshmd.analysis (find_bond)                                   : find_bond O - H rcut -> 1.2
04/15 17:02 [DEBUG] cshmd.common (time_wrapper)                                  : [RUNTIME] get_distance_table in 0.602 seconds
04/15 17:02 [DEBUG] cshmd.analysis (get_mole)                                    : get_mole O - H -> nbonds: 2
04/15 17:02 [DEBUG] cshmd.analysis (find_bond)                                   : find_bond Si - O rcut -> 2.2
04/15 17:02 [DEBUG] cshmd.common (time_wrapper)                                  : [RUNTIME] get_distance_table in 0.306 seconds
04/15 17:02 [DEBUG] cshmd.analysis (get_mole)                                    : get_mole Si - O -> nbonds: 4
04/15 17:02 [DEBUG] cshmd.analysis (get_mole)                                    : get_mole O - H -> nbonds: 1
04/15 17:02 [DEBUG] cshmd.analysis (find_bond)                                   : find_bond C - O rcut -> 1.6
04/15 17:02 [DEBUG] cshmd.analysis (get_mole)                                    : get_mole C - O -> nbonds: 3
04/15 17:02 [DEBUG] cshmd.analysis (get_mole)                                    : get_mole O - H -> nbonds: 3
04/15 17:02 [DEBUG] cshmd.analysis (find_bond)                                   : find_bond Ca - O rcut -> 3.0
04/15 17:02 [DEBUG] cshmd.common (time_wrapper)                                  : [RUNTIME] get_distance_table in 0.325 seconds
04/15 17:02 [DEBUG] cshmd.analysis (search_basic)                                : Basic search result -> H2O: 612, SiO4: 696, OH: 128, CO3: 0, H3O: 0, Ca_O: 4122
04/15 17:02 [DEBUG] cshmd.analysis (full_search)                                 : Search layer details
04/15 17:02 [DEBUG] cshmd.analysis (find_bond)                                   : find_bond Ca - O rcut -> 3.0
04/15 17:02 [DEBUG] cshmd.analysis (find_bond)                                   : find_bond Si - O rcut -> 2.2
04/15 17:02 [DEBUG] cshmd.analysis (set_layer_boundary)                          : Set layer boundary -> 0.2361377918249991 - 0.7222344292749987
04/15 17:02 [DEBUG] cshmd.analysis (__detail_search_oh_co3)                      : No CO3 in basic search
04/15 17:02 [DEBUG] cshmd.analysis (__detail_search_oh_sioh)                     : Searching 'OH' in 'SiO4
04/15 17:02 [DEBUG] cshmd.analysis (__detail_search_oh_caoh)                     : Searching 'OH' in 'CaOH
04/15 17:02 [INFO] cshmd.analysis (Qn)                                           : [Structure] Q1: 0.207
04/15 17:02 [INFO] cshmd.analysis (Qn)                                           : [Structure] Q2: 0.793
04/15 17:02 [INFO] cshmd.analysis (CS)                                           : [Structure] C/S: 0.879
04/15 17:02 [INFO] cshmd.analysis (validate_tetra)                               : [Structure] BT: 184, PT: 512
04/15 17:02 [DEBUG] cshmd.analysis (__init__)                                    : <class 'cshmd.analysis.Chain'> loaded
04/15 17:02 [DEBUG] cshmd.analysis (__init__)                                    : <class 'cshmd.analysis.Chain'> loaded
04/15 17:02 [DEBUG] cshmd.analysis (__init__)                                    : <class 'cshmd.analysis.Chain'> loaded
04/15 17:02 [DEBUG] cshmd.analysis (__init__)                                    : <class 'cshmd.analysis.Chain'> loaded
04/15 17:02 [INFO] cshmd.analysis (validate_tetra)                               : [Structure] CL : Length 2: 1 Length 5: 1 Length 8: 5 Length 11: 9 Length 14: 2
04/15 17:02 [INFO] cshmd.analysis (validate_tetra)                               : [Structure] MCL : 9.666666666666666
04/15 17:02 [INFO] cshmd.builder (update_manager)                                : [Structure] Number of atoms: 5504 -> 5596
04/15 17:02 [INFO] cshmd.structure (writeCif)                                    : L100.cif was created
04/15 17:02 [INFO] cshmd.builder (out_model)                                     : Total Charge: 0
04/15 17:02 [INFO] csh_builder (main)                                            : ----------------------------------------------------------------------
04/15 17:02 [INFO] csh_builder (main)                                            : ----------------------------------------------------------------------
04/15 17:02 [INFO] csh_builder (main)                                            : 'L120.yaml' loaded
04/15 17:02 [INFO] cshmd.structure (__init__)                                    : /Users/kimuni/bin/kimuni/cshmd/data/resources/cif/T14_111_term.cif was loaded
04/15 17:02 [DEBUG] cshmd.analysis (__init__)                                    : [Structure] Now new data setted for get Bonds
04/15 17:02 [DEBUG] cshmd.analysis (__del_bond__)                                : del -> Si_O O_H H_O Ca_O C_O BO NBO
04/15 17:02 [DEBUG] cshmd.analysis (__initialize_mole__)                         : initalize -> H2O SiO4 OH CO3 H3O
04/15 17:02 [DEBUG] cshmd.analysis (__initialize_mole__)                         : initalize -> SiOH CaOH HCO3 H2CO3 H3CO3
04/15 17:02 [DEBUG] cshmd.analysis (find_bond)                                   : find_bond O - H rcut -> 1.2
04/15 17:02 [DEBUG] cshmd.common (time_wrapper)                                  : [RUNTIME] get_distance_table in 0.000 seconds
04/15 17:02 [DEBUG] cshmd.analysis (get_mole)                                    : get_mole O - H -> nbonds: 2
04/15 17:02 [DEBUG] cshmd.analysis (find_bond)                                   : find_bond Si - O rcut -> 2.2
04/15 17:02 [DEBUG] cshmd.common (time_wrapper)                                  : [RUNTIME] get_distance_table in 0.000 seconds
04/15 17:02 [DEBUG] cshmd.analysis (get_mole)                                    : get_mole Si - O -> nbonds: 4
04/15 17:02 [DEBUG] cshmd.analysis (get_mole)                                    : get_mole O - H -> nbonds: 1
04/15 17:02 [DEBUG] cshmd.analysis (find_bond)                                   : find_bond C - O rcut -> 1.6
04/15 17:02 [DEBUG] cshmd.analysis (get_mole)                                    : get_mole C - O -> nbonds: 3
04/15 17:02 [DEBUG] cshmd.analysis (get_mole)                                    : get_mole O - H -> nbonds: 3
04/15 17:02 [DEBUG] cshmd.analysis (find_bond)                                   : find_bond Ca - O rcut -> 3.0
04/15 17:02 [DEBUG] cshmd.common (time_wrapper)                                  : [RUNTIME] get_distance_table in 0.000 seconds
04/15 17:02 [DEBUG] cshmd.analysis (search_basic)                                : Basic search result -> H2O: 9, SiO4: 12, OH: 2, CO3: 0, H3O: 0, Ca_O: 60
04/15 17:02 [DEBUG] cshmd.analysis (full_search)                                 : Search layer details
04/15 17:02 [DEBUG] cshmd.analysis (find_bond)                                   : find_bond Ca - O rcut -> 3.0
04/15 17:02 [DEBUG] cshmd.analysis (find_bond)                                   : find_bond Si - O rcut -> 2.2
04/15 17:02 [DEBUG] cshmd.analysis (set_layer_boundary)                          : Set layer boundary -> 0.236137791825 - 0.722234429275
04/15 17:02 [DEBUG] cshmd.analysis (__detail_search_oh_co3)                      : No CO3 in basic search
04/15 17:02 [DEBUG] cshmd.analysis (__detail_search_oh_sioh)                     : Searching 'OH' in 'SiO4
04/15 17:02 [DEBUG] cshmd.analysis (__detail_search_oh_caoh)                     : No CaOH in basic search. RETURN
04/15 17:02 [INFO] cshmd.analysis (Qn)                                           : [Structure] Q2: 1.000
04/15 17:02 [INFO] cshmd.analysis (CS)                                           : [Structure] C/S: 0.750
04/15 17:02 [INFO] cshmd.analysis (validate_tetra)                               : [Structure] BT: 4, PT: 8
04/15 17:02 [DEBUG] cshmd.analysis (__init__)                                    : <class 'cshmd.analysis.Chain'> loaded
04/15 17:02 [DEBUG] cshmd.analysis (__init__)                                    : <class 'cshmd.analysis.Chain'> loaded
04/15 17:02 [DEBUG] cshmd.analysis (__init__)                                    : <class 'cshmd.analysis.Chain'> loaded
04/15 17:02 [DEBUG] cshmd.analysis (__init__)                                    : <class 'cshmd.analysis.Chain'> loaded
04/15 17:02 [INFO] cshmd.analysis (validate_tetra)                               : [Structure] CL : Length 3: 1
04/15 17:02 [INFO] cshmd.analysis (validate_tetra)                               : [Structure] MCL : 3.0
04/15 17:02 [INFO] cshmd.structure (__init__)                                    : /Users/kimuni/bin/kimuni/cshmd/data/resources/cif/T14_111_term.cif was loaded
04/15 17:02 [DEBUG] cshmd.analysis (__init__)                                    : [Structure] Now new data setted for get Bonds
04/15 17:02 [DEBUG] cshmd.analysis (__del_bond__)                                : del -> Si_O O_H H_O Ca_O C_O BO NBO
04/15 17:02 [DEBUG] cshmd.analysis (__initialize_mole__)                         : initalize -> H2O SiO4 OH CO3 H3O
04/15 17:02 [DEBUG] cshmd.analysis (__initialize_mole__)                         : initalize -> SiOH CaOH HCO3 H2CO3 H3CO3
04/15 17:02 [DEBUG] cshmd.analysis (find_bond)                                   : find_bond O - H rcut -> 1.2
04/15 17:02 [DEBUG] cshmd.common (time_wrapper)                                  : [RUNTIME] get_distance_table in 0.000 seconds
04/15 17:02 [DEBUG] cshmd.analysis (get_mole)                                    : get_mole O - H -> nbonds: 2
04/15 17:02 [DEBUG] cshmd.analysis (find_bond)                                   : find_bond Si - O rcut -> 2.2
04/15 17:02 [DEBUG] cshmd.common (time_wrapper)                                  : [RUNTIME] get_distance_table in 0.000 seconds
04/15 17:02 [DEBUG] cshmd.analysis (get_mole)                                    : get_mole Si - O -> nbonds: 4
04/15 17:02 [DEBUG] cshmd.analysis (get_mole)                                    : get_mole O - H -> nbonds: 1
04/15 17:02 [DEBUG] cshmd.analysis (find_bond)                                   : find_bond C - O rcut -> 1.6
04/15 17:02 [DEBUG] cshmd.analysis (get_mole)                                    : get_mole C - O -> nbonds: 3
04/15 17:02 [DEBUG] cshmd.analysis (get_mole)                                    : get_mole O - H -> nbonds: 3
04/15 17:02 [DEBUG] cshmd.analysis (find_bond)                                   : find_bond Ca - O rcut -> 3.0
04/15 17:02 [DEBUG] cshmd.common (time_wrapper)                                  : [RUNTIME] get_distance_table in 0.000 seconds
04/15 17:02 [DEBUG] cshmd.analysis (search_basic)                                : Basic search result -> H2O: 9, SiO4: 12, OH: 2, CO3: 0, H3O: 0, Ca_O: 60
04/15 17:02 [DEBUG] cshmd.analysis (full_search)                                 : Search layer details
04/15 17:02 [DEBUG] cshmd.analysis (find_bond)                                   : find_bond Ca - O rcut -> 3.0
04/15 17:02 [DEBUG] cshmd.analysis (find_bond)                                   : find_bond Si - O rcut -> 2.2
04/15 17:02 [DEBUG] cshmd.analysis (set_layer_boundary)                          : Set layer boundary -> 0.236137791825 - 0.722234429275
04/15 17:02 [DEBUG] cshmd.analysis (__detail_search_oh_co3)                      : No CO3 in basic search
04/15 17:02 [DEBUG] cshmd.analysis (__detail_search_oh_sioh)                     : Searching 'OH' in 'SiO4
04/15 17:02 [DEBUG] cshmd.analysis (__detail_search_oh_caoh)                     : No CaOH in basic search. RETURN
04/15 17:02 [INFO] cshmd.analysis (Qn)                                           : [Structure] Q2: 1.000
04/15 17:02 [INFO] cshmd.analysis (CS)                                           : [Structure] C/S: 0.750
04/15 17:02 [INFO] cshmd.analysis (validate_tetra)                               : [Structure] BT: 4, PT: 8
04/15 17:02 [DEBUG] cshmd.analysis (__init__)                                    : <class 'cshmd.analysis.Chain'> loaded
04/15 17:02 [DEBUG] cshmd.analysis (__init__)                                    : <class 'cshmd.analysis.Chain'> loaded
04/15 17:02 [DEBUG] cshmd.analysis (__init__)                                    : <class 'cshmd.analysis.Chain'> loaded
04/15 17:02 [DEBUG] cshmd.analysis (__init__)                                    : <class 'cshmd.analysis.Chain'> loaded
04/15 17:02 [INFO] cshmd.analysis (validate_tetra)                               : [Structure] CL : Length 3: 1
04/15 17:02 [INFO] cshmd.analysis (validate_tetra)                               : [Structure] MCL : 3.0
04/15 17:02 [INFO] csh_builder (main)                                            : [Structure] Reading command 'supercell'...
04/15 17:02 [INFO] cshmd.structure (makeSupercell)                               : [Structure] Supercell created 8 * 8 * 1
04/15 17:02 [DEBUG] cshmd.analysis (__init__)                                    : [Structure] Now new data setted for get Bonds
04/15 17:02 [DEBUG] cshmd.analysis (__del_bond__)                                : del -> Si_O O_H H_O Ca_O C_O BO NBO
04/15 17:02 [DEBUG] cshmd.analysis (__initialize_mole__)                         : initalize -> H2O SiO4 OH CO3 H3O
04/15 17:02 [DEBUG] cshmd.analysis (__initialize_mole__)                         : initalize -> SiOH CaOH HCO3 H2CO3 H3CO3
04/15 17:02 [DEBUG] cshmd.analysis (find_bond)                                   : find_bond O - H rcut -> 1.2
04/15 17:02 [DEBUG] cshmd.common (time_wrapper)                                  : [RUNTIME] get_distance_table in 0.546 seconds
04/15 17:02 [DEBUG] cshmd.analysis (get_mole)                                    : get_mole O - H -> nbonds: 2
04/15 17:02 [DEBUG] cshmd.analysis (find_bond)                                   : find_bond Si - O rcut -> 2.2
04/15 17:02 [DEBUG] cshmd.common (time_wrapper)                                  : [RUNTIME] get_distance_table in 0.334 seconds
04/15 17:02 [DEBUG] cshmd.analysis (get_mole)                                    : get_mole Si - O -> nbonds: 4
04/15 17:02 [DEBUG] cshmd.analysis (get_mole)                                    : get_mole O - H -> nbonds: 1
04/15 17:02 [DEBUG] cshmd.analysis (find_bond)                                   : find_bond C - O rcut -> 1.6
04/15 17:02 [DEBUG] cshmd.analysis (get_mole)                                    : get_mole C - O -> nbonds: 3
04/15 17:02 [DEBUG] cshmd.analysis (get_mole)                                    : get_mole O - H -> nbonds: 3
04/15 17:02 [DEBUG] cshmd.analysis (find_bond)                                   : find_bond Ca - O rcut -> 3.0
04/15 17:02 [DEBUG] cshmd.common (time_wrapper)                                  : [RUNTIME] get_distance_table in 0.281 seconds
04/15 17:02 [DEBUG] cshmd.analysis (search_basic)                                : Basic search result -> H2O: 576, SiO4: 768, OH: 128, CO3: 0, H3O: 0, Ca_O: 3840
04/15 17:02 [DEBUG] cshmd.analysis (full_search)                                 : Search layer details
04/15 17:02 [DEBUG] cshmd.analysis (find_bond)                                   : find_bond Ca - O rcut -> 3.0
04/15 17:02 [DEBUG] cshmd.analysis (find_bond)                                   : find_bond Si - O rcut -> 2.2
04/15 17:02 [DEBUG] cshmd.analysis (set_layer_boundary)                          : Set layer boundary -> 0.2361377918249991 - 0.7222344292749987
04/15 17:02 [DEBUG] cshmd.analysis (__detail_search_oh_co3)                      : No CO3 in basic search
04/15 17:02 [DEBUG] cshmd.analysis (__detail_search_oh_sioh)                     : Searching 'OH' in 'SiO4
04/15 17:02 [DEBUG] cshmd.analysis (__detail_search_oh_caoh)                     : No CaOH in basic search. RETURN
04/15 17:02 [INFO] cshmd.analysis (Qn)                                           : [Structure] Q2: 1.000
04/15 17:02 [INFO] cshmd.analysis (CS)                                           : [Structure] C/S: 0.750
04/15 17:02 [INFO] cshmd.analysis (validate_tetra)                               : [Structure] BT: 256, PT: 512
04/15 17:02 [DEBUG] cshmd.analysis (__init__)                                    : <class 'cshmd.analysis.Chain'> loaded
04/15 17:02 [DEBUG] cshmd.analysis (__init__)                                    : <class 'cshmd.analysis.Chain'> loaded
04/15 17:02 [DEBUG] cshmd.analysis (__init__)                                    : <class 'cshmd.analysis.Chain'> loaded
04/15 17:02 [DEBUG] cshmd.analysis (__init__)                                    : <class 'cshmd.analysis.Chain'> loaded
04/15 17:02 [INFO] cshmd.analysis (validate_tetra)                               : [Structure] CL : Length 24: 8
04/15 17:02 [INFO] cshmd.analysis (validate_tetra)                               : [Structure] MCL : 24.0
04/15 17:02 [INFO] cshmd.builder (update_manager)                                : [Structure] Number of atoms: 86 -> 5504
04/15 17:02 [INFO] csh_builder (main)                                            : [Structure] Reading command 'defect_BT'...
04/15 17:02 [INFO] cshmd.builder (defect_BT)                                     : [Structure] Termination scope: False
04/15 17:02 [INFO] cshmd.builder (defect_BT)                                     : [Structure] Exists 64 Bridging Tetra in 'up' side
04/15 17:02 [INFO] cshmd.structure (add_Ca)                                      : [Structure] Add Ca
04/15 17:02 [INFO] cshmd.builder (defect_BT)                                     : [Structure] Exists 64 Bridging Tetra in 'down' side
04/15 17:02 [INFO] cshmd.structure (add_Ca)                                      : [Structure] Add Ca
04/15 17:02 [INFO] cshmd.builder (defect_BT)                                     : [Structure] Termination scope: False
04/15 17:02 [INFO] cshmd.builder (defect_BT)                                     : [Structure] Exists 64 Bridging Tetra in 'down' side
04/15 17:02 [INFO] cshmd.structure (add_Ca)                                      : [Structure] Add Ca with 1 OH and with 1 H2O
04/15 17:02 [INFO] cshmd.builder (defect_BT)                                     : [Structure] Exists 64 Bridging Tetra in 'up' side
04/15 17:02 [INFO] cshmd.structure (add_Ca)                                      : [Structure] Add Ca with 1 OH and with 1 H2O
04/15 17:02 [INFO] cshmd.structure (check_rm_list)                               : Delete 210 atoms in rm_list
04/15 17:02 [DEBUG] cshmd.analysis (__init__)                                    : [Structure] Now new data setted for get Bonds
04/15 17:02 [DEBUG] cshmd.analysis (__del_bond__)                                : del -> Si_O O_H H_O Ca_O C_O BO NBO
04/15 17:02 [DEBUG] cshmd.analysis (__initialize_mole__)                         : initalize -> H2O SiO4 OH CO3 H3O
04/15 17:02 [DEBUG] cshmd.analysis (__initialize_mole__)                         : initalize -> SiOH CaOH HCO3 H2CO3 H3CO3
04/15 17:02 [DEBUG] cshmd.analysis (find_bond)                                   : find_bond O - H rcut -> 1.2
04/15 17:02 [DEBUG] cshmd.common (time_wrapper)                                  : [RUNTIME] get_distance_table in 0.583 seconds
04/15 17:02 [DEBUG] cshmd.analysis (get_mole)                                    : get_mole O - H -> nbonds: 2
04/15 17:02 [DEBUG] cshmd.analysis (find_bond)                                   : find_bond Si - O rcut -> 2.2
04/15 17:02 [DEBUG] cshmd.common (time_wrapper)                                  : [RUNTIME] get_distance_table in 0.303 seconds
04/15 17:02 [DEBUG] cshmd.analysis (get_mole)                                    : get_mole Si - O -> nbonds: 4
04/15 17:02 [DEBUG] cshmd.analysis (get_mole)                                    : get_mole O - H -> nbonds: 1
04/15 17:02 [DEBUG] cshmd.analysis (find_bond)                                   : find_bond C - O rcut -> 1.6
04/15 17:02 [DEBUG] cshmd.analysis (get_mole)                                    : get_mole C - O -> nbonds: 3
04/15 17:02 [DEBUG] cshmd.analysis (get_mole)                                    : get_mole O - H -> nbonds: 3
04/15 17:02 [DEBUG] cshmd.analysis (find_bond)                                   : find_bond Ca - O rcut -> 3.0
04/15 17:02 [DEBUG] cshmd.common (time_wrapper)                                  : [RUNTIME] get_distance_table in 0.283 seconds
04/15 17:02 [DEBUG] cshmd.analysis (search_basic)                                : Basic search result -> H2O: 606, SiO4: 708, OH: 128, CO3: 0, H3O: 0, Ca_O: 3960
04/15 17:02 [DEBUG] cshmd.analysis (full_search)                                 : Search layer details
04/15 17:02 [DEBUG] cshmd.analysis (find_bond)                                   : find_bond Ca - O rcut -> 3.0
04/15 17:02 [DEBUG] cshmd.analysis (find_bond)                                   : find_bond Si - O rcut -> 2.2
04/15 17:02 [DEBUG] cshmd.analysis (set_layer_boundary)                          : Set layer boundary -> 0.2361377918249991 - 0.7222344292749987
04/15 17:02 [DEBUG] cshmd.analysis (__detail_search_oh_co3)                      : No CO3 in basic search
04/15 17:02 [DEBUG] cshmd.analysis (__detail_search_oh_sioh)                     : Searching 'OH' in 'SiO4
04/15 17:02 [DEBUG] cshmd.analysis (__detail_search_oh_caoh)                     : Searching 'OH' in 'CaOH
04/15 17:02 [INFO] cshmd.analysis (Qn)                                           : [Structure] Q1: 0.169
04/15 17:02 [INFO] cshmd.analysis (Qn)                                           : [Structure] Q2: 0.831
04/15 17:02 [INFO] cshmd.analysis (CS)                                           : [Structure] C/S: 0.856
04/15 17:02 [INFO] cshmd.analysis (validate_tetra)                               : [Structure] BT: 196, PT: 512
04/15 17:02 [DEBUG] cshmd.analysis (__init__)                                    : <class 'cshmd.analysis.Chain'> loaded
04/15 17:02 [DEBUG] cshmd.analysis (__init__)                                    : <class 'cshmd.analysis.Chain'> loaded
04/15 17:02 [DEBUG] cshmd.analysis (__init__)                                    : <class 'cshmd.analysis.Chain'> loaded
04/15 17:02 [DEBUG] cshmd.analysis (__init__)                                    : <class 'cshmd.analysis.Chain'> loaded
04/15 17:02 [INFO] cshmd.analysis (validate_tetra)                               : [Structure] CL : Length 5: 1 Length 11: 12 Length 17: 1 Length 23: 1
04/15 17:02 [INFO] cshmd.analysis (validate_tetra)                               : [Structure] MCL : 11.8
04/15 17:02 [INFO] csh_builder (main)                                            : [Structure] Reading command 'terminate_NBO'...
04/15 17:02 [INFO] cshmd.builder (terminate_NBO)                                 : Do not run terminate, ratio == 0
04/15 17:02 [INFO] csh_builder (main)                                            : [Structure] Reading command 'add_BT'...
04/15 17:02 [INFO] cshmd.builder (add_BT)                                        : [Structure] 'Add Ca above all Bridging Tetra'
04/15 17:02 [INFO] cshmd.structure (add_Ca)                                      : [Structure] Add Ca
04/15 17:02 [INFO] cshmd.structure (add_Ca)                                      : [Structure] Add Ca
04/15 17:02 [DEBUG] cshmd.analysis (__init__)                                    : [Structure] Now new data setted for get Bonds
04/15 17:02 [DEBUG] cshmd.analysis (__del_bond__)                                : del -> Si_O O_H H_O Ca_O C_O BO NBO
04/15 17:02 [DEBUG] cshmd.analysis (__initialize_mole__)                         : initalize -> H2O SiO4 OH CO3 H3O
04/15 17:02 [DEBUG] cshmd.analysis (__initialize_mole__)                         : initalize -> SiOH CaOH HCO3 H2CO3 H3CO3
04/15 17:02 [DEBUG] cshmd.analysis (find_bond)                                   : find_bond O - H rcut -> 1.2
04/15 17:02 [DEBUG] cshmd.common (time_wrapper)                                  : [RUNTIME] get_distance_table in 0.581 seconds
04/15 17:02 [DEBUG] cshmd.analysis (get_mole)                                    : get_mole O - H -> nbonds: 2
04/15 17:02 [DEBUG] cshmd.analysis (find_bond)                                   : find_bond Si - O rcut -> 2.2
04/15 17:02 [DEBUG] cshmd.common (time_wrapper)                                  : [RUNTIME] get_distance_table in 0.318 seconds
04/15 17:02 [DEBUG] cshmd.analysis (get_mole)                                    : get_mole Si - O -> nbonds: 4
04/15 17:02 [DEBUG] cshmd.analysis (get_mole)                                    : get_mole O - H -> nbonds: 1
04/15 17:02 [DEBUG] cshmd.analysis (find_bond)                                   : find_bond C - O rcut -> 1.6
04/15 17:02 [DEBUG] cshmd.analysis (get_mole)                                    : get_mole C - O -> nbonds: 3
04/15 17:02 [DEBUG] cshmd.analysis (get_mole)                                    : get_mole O - H -> nbonds: 3
04/15 17:02 [DEBUG] cshmd.analysis (find_bond)                                   : find_bond Ca - O rcut -> 3.0
04/15 17:02 [DEBUG] cshmd.common (time_wrapper)                                  : [RUNTIME] get_distance_table in 0.315 seconds
04/15 17:02 [DEBUG] cshmd.analysis (search_basic)                                : Basic search result -> H2O: 606, SiO4: 708, OH: 128, CO3: 0, H3O: 0, Ca_O: 4107
04/15 17:02 [DEBUG] cshmd.analysis (full_search)                                 : Search layer details
04/15 17:02 [DEBUG] cshmd.analysis (find_bond)                                   : find_bond Ca - O rcut -> 3.0
04/15 17:02 [DEBUG] cshmd.analysis (find_bond)                                   : find_bond Si - O rcut -> 2.2
04/15 17:02 [DEBUG] cshmd.analysis (set_layer_boundary)                          : Set layer boundary -> 0.2361377918249991 - 0.7222344292749987
04/15 17:02 [DEBUG] cshmd.analysis (__detail_search_oh_co3)                      : No CO3 in basic search
04/15 17:02 [DEBUG] cshmd.analysis (__detail_search_oh_sioh)                     : Searching 'OH' in 'SiO4
04/15 17:02 [DEBUG] cshmd.analysis (__detail_search_oh_caoh)                     : Searching 'OH' in 'CaOH
04/15 17:02 [INFO] cshmd.analysis (Qn)                                           : [Structure] Q1: 0.169
04/15 17:02 [INFO] cshmd.analysis (Qn)                                           : [Structure] Q2: 0.831
04/15 17:02 [INFO] cshmd.analysis (CS)                                           : [Structure] C/S: 0.856
04/15 17:02 [INFO] cshmd.analysis (validate_tetra)                               : [Structure] BT: 196, PT: 512
04/15 17:02 [DEBUG] cshmd.analysis (__init__)                                    : <class 'cshmd.analysis.Chain'> loaded
04/15 17:02 [DEBUG] cshmd.analysis (__init__)                                    : <class 'cshmd.analysis.Chain'> loaded
04/15 17:02 [DEBUG] cshmd.analysis (__init__)                                    : <class 'cshmd.analysis.Chain'> loaded
04/15 17:02 [DEBUG] cshmd.analysis (__init__)                                    : <class 'cshmd.analysis.Chain'> loaded
04/15 17:02 [INFO] cshmd.analysis (validate_tetra)                               : [Structure] CL : Length 5: 1 Length 11: 12 Length 17: 1 Length 23: 1
04/15 17:02 [INFO] cshmd.analysis (validate_tetra)                               : [Structure] MCL : 11.8
04/15 17:02 [INFO] cshmd.builder (update_manager)                                : [Structure] Number of atoms: 5504 -> 5602
04/15 17:02 [INFO] cshmd.structure (writeCif)                                    : L120.cif was created
04/15 17:02 [INFO] cshmd.builder (out_model)                                     : Total Charge: 0
04/15 17:02 [INFO] csh_builder (main)                                            : ----------------------------------------------------------------------
04/15 17:03 [DEBUG] cshmd.common (get_logger)                                    : $$$$$$$$$$$$$$  Logger 'cshmd.common........' initialized  $$$$$$$$$$$$$$
04/15 17:03 [DEBUG] cshmd.functions (get_logger)                                 : $$$$$$$$$$$$$$  Logger 'cshmd.functions.....' initialized  $$$$$$$$$$$$$$
04/15 17:03 [DEBUG] cshmd.load (get_logger)                                      : $$$$$$$$$$$$$$  Logger 'cshmd.load..........' initialized  $$$$$$$$$$$$$$
04/15 17:03 [DEBUG] cshmd.analysis (get_logger)                                  : $$$$$$$$$$$$$$  Logger 'cshmd.analysis......' initialized  $$$$$$$$$$$$$$
04/15 17:03 [DEBUG] cshmd.structure (get_logger)                                 : $$$$$$$$$$$$$$  Logger 'cshmd.structure.....' initialized  $$$$$$$$$$$$$$
04/15 17:03 [DEBUG] cshmd.builder (get_logger)                                   : $$$$$$$$$$$$$$  Logger 'cshmd.builder.......' initialized  $$$$$$$$$$$$$$
04/15 17:03 [DEBUG] cshmd.trj_analysis (get_logger)                              : $$$$$$$$$$$$$$  Logger 'cshmd.trj_analysis..' initialized  $$$$$$$$$$$$$$
04/15 17:03 [DEBUG] cif_modifier (get_logger)                                    : $$$$$$$$$$$$$$  Logger 'cif_modifier........' initialized  $$$$$$$$$$$$$$
04/15 17:03 [INFO] cif_modifier (<module>)                                       : Logger loaded
04/15 17:03 [INFO] cshmd.structure (__init__)                                    : L020.cif was loaded
04/15 17:03 [DEBUG] cshmd.analysis (__init__)                                    : [Structure] Now new data setted for get Bonds
04/15 17:03 [DEBUG] cshmd.analysis (__del_bond__)                                : del -> Si_O O_H H_O Ca_O C_O BO NBO
04/15 17:03 [DEBUG] cshmd.analysis (__initialize_mole__)                         : initalize -> H2O SiO4 OH CO3 H3O
04/15 17:03 [DEBUG] cshmd.analysis (__initialize_mole__)                         : initalize -> SiOH CaOH HCO3 H2CO3 H3CO3
04/15 17:03 [DEBUG] cshmd.analysis (__init__)                                    : C-S-H Model not setted
04/15 17:03 [DEBUG] cshmd.analysis (find_bond)                                   : find_bond O - H rcut -> 1.2
04/15 17:03 [DEBUG] cshmd.common (time_wrapper)                                  : [RUNTIME] get_distance_table in 0.643 seconds
04/15 17:03 [DEBUG] cshmd.analysis (get_mole)                                    : get_mole O - H -> nbonds: 2
04/15 17:03 [DEBUG] cshmd.analysis (find_bond)                                   : find_bond Si - O rcut -> 2.2
04/15 17:03 [DEBUG] cshmd.common (time_wrapper)                                  : [RUNTIME] get_distance_table in 0.230 seconds
04/15 17:03 [DEBUG] cshmd.analysis (get_mole)                                    : get_mole Si - O -> nbonds: 4
04/15 17:03 [DEBUG] cshmd.analysis (get_mole)                                    : get_mole O - H -> nbonds: 1
04/15 17:03 [DEBUG] cshmd.analysis (find_bond)                                   : find_bond C - O rcut -> 1.6
04/15 17:03 [DEBUG] cshmd.analysis (get_mole)                                    : get_mole C - O -> nbonds: 3
04/15 17:03 [DEBUG] cshmd.analysis (get_mole)                                    : get_mole O - H -> nbonds: 3
04/15 17:03 [DEBUG] cshmd.analysis (find_bond)                                   : find_bond Ca - O rcut -> 3.0
04/15 17:03 [DEBUG] cshmd.common (time_wrapper)                                  : [RUNTIME] get_distance_table in 0.350 seconds
04/15 17:03 [DEBUG] cshmd.analysis (search_basic)                                : Basic search result -> H2O: 704, SiO4: 512, OH: 128, CO3: 0, H3O: 0, Ca_O: 4352
04/15 17:03 [DEBUG] cshmd.analysis (full_search)                                 : Search layer details
04/15 17:03 [DEBUG] cshmd.analysis (find_bond)                                   : find_bond Ca - O rcut -> 3.0
04/15 17:03 [DEBUG] cshmd.analysis (find_bond)                                   : find_bond Si - O rcut -> 2.2
04/15 17:03 [DEBUG] cshmd.analysis (set_layer_boundary)                          : Set layer boundary -> 0.2361377918249991 - 0.7222344292749987
04/15 17:03 [DEBUG] cshmd.analysis (__detail_search_oh_co3)                      : No CO3 in basic search
04/15 17:03 [DEBUG] cshmd.analysis (__detail_search_oh_sioh)                     : Searching 'OH' in 'SiO4
04/15 17:03 [DEBUG] cshmd.analysis (__detail_search_oh_caoh)                     : Searching 'OH' in 'CaOH
04/15 17:03 [DEBUG] cshmd.analysis (find_bond)                                   : find_bond O - H rcut -> 1.15
04/15 17:03 [DEBUG] cshmd.analysis (get_mole)                                    : get_mole O - H -> nbonds: 1
04/15 17:03 [DEBUG] cshmd.analysis (get_mole)                                    : get_mole O - H -> nbonds: 2
04/15 17:03 [DEBUG] cshmd.analysis (find_bond)                                   : find_bond C - O rcut -> 1.4
04/15 17:03 [DEBUG] cshmd.analysis (get_mole)                                    : get_mole C - O -> nbonds: 3
04/15 17:03 [DEBUG] cshmd.analysis (find_bond)                                   : find_bond Si - O rcut -> 1.8
04/15 17:03 [DEBUG] cshmd.analysis (get_mole)                                    : get_mole Si - O -> nbonds: 4
04/15 17:03 [INFO] cshmd.functions (cal_uniform_by_space)                        : Number of molecules to add : 2678
04/15 17:03 [INFO] cshmd.functions (cal_uniform_by_space)                        : Number of atoms per surface : 272
04/15 17:03 [INFO] cshmd.functions (cal_uniform_by_space)                        : Number of layer : 10
04/15 17:03 [INFO] cshmd.structure (extendLattice)                               : Extend lattice 53.882 59.402 28.788 -> 53.882 59.402 46.788 
04/15 17:03 [INFO] cif_modifier (exec_make_interface)                            : Number of atoms: 5504 -> 13538
04/15 17:03 [INFO] cshmd.structure (labeling_by_clayff)                          : Now get label according to 'Clayff' style
04/15 17:03 [DEBUG] cshmd.analysis (get_mole)                                    : get_mole O - H -> nbonds: 1
04/15 17:03 [DEBUG] cshmd.analysis (get_mole)                                    : get_mole O - H -> nbonds: 2
04/15 17:03 [DEBUG] cshmd.analysis (get_mole)                                    : get_mole Si - O -> nbonds: 4
04/15 17:03 [DEBUG] cshmd.analysis (get_mole)                                    : get_mole C - O -> nbonds: 3
04/15 17:03 [INFO] cshmd.structure (labeling_by_clayff)                          : All atoms labeled by clayff
04/15 17:03 [INFO] cshmd.structure (labeling_by_clayff)                          : Clayff charge: 0.000
04/15 17:03 [INFO] cshmd.structure (writeCif)                                    : L020_w2750.cif was created
04/15 17:03 [INFO] cif_modifier (__init__)                                       : Total charge: 0 -> 0
04/15 17:03 [DEBUG] cshmd.common (get_logger)                                    : $$$$$$$$$$$$$$  Logger 'cshmd.common........' initialized  $$$$$$$$$$$$$$
04/15 17:03 [DEBUG] cshmd.functions (get_logger)                                 : $$$$$$$$$$$$$$  Logger 'cshmd.functions.....' initialized  $$$$$$$$$$$$$$
04/15 17:03 [DEBUG] cshmd.load (get_logger)                                      : $$$$$$$$$$$$$$  Logger 'cshmd.load..........' initialized  $$$$$$$$$$$$$$
04/15 17:03 [DEBUG] cshmd.analysis (get_logger)                                  : $$$$$$$$$$$$$$  Logger 'cshmd.analysis......' initialized  $$$$$$$$$$$$$$
04/15 17:03 [DEBUG] cshmd.structure (get_logger)                                 : $$$$$$$$$$$$$$  Logger 'cshmd.structure.....' initialized  $$$$$$$$$$$$$$
04/15 17:03 [DEBUG] cshmd.builder (get_logger)                                   : $$$$$$$$$$$$$$  Logger 'cshmd.builder.......' initialized  $$$$$$$$$$$$$$
04/15 17:03 [DEBUG] cshmd.trj_analysis (get_logger)                              : $$$$$$$$$$$$$$  Logger 'cshmd.trj_analysis..' initialized  $$$$$$$$$$$$$$
04/15 17:03 [DEBUG] cif_modifier (get_logger)                                    : $$$$$$$$$$$$$$  Logger 'cif_modifier........' initialized  $$$$$$$$$$$$$$
04/15 17:03 [INFO] cif_modifier (<module>)                                       : Logger loaded
04/15 17:03 [INFO] cshmd.structure (__init__)                                    : L025.cif was loaded
04/15 17:03 [DEBUG] cshmd.analysis (__init__)                                    : [Structure] Now new data setted for get Bonds
04/15 17:03 [DEBUG] cshmd.analysis (__del_bond__)                                : del -> Si_O O_H H_O Ca_O C_O BO NBO
04/15 17:03 [DEBUG] cshmd.analysis (__initialize_mole__)                         : initalize -> H2O SiO4 OH CO3 H3O
04/15 17:03 [DEBUG] cshmd.analysis (__initialize_mole__)                         : initalize -> SiOH CaOH HCO3 H2CO3 H3CO3
04/15 17:03 [DEBUG] cshmd.analysis (__init__)                                    : C-S-H Model not setted
04/15 17:03 [DEBUG] cshmd.analysis (find_bond)                                   : find_bond O - H rcut -> 1.2
04/15 17:03 [DEBUG] cshmd.common (time_wrapper)                                  : [RUNTIME] get_distance_table in 0.672 seconds
04/15 17:03 [DEBUG] cshmd.analysis (get_mole)                                    : get_mole O - H -> nbonds: 2
04/15 17:03 [DEBUG] cshmd.analysis (find_bond)                                   : find_bond Si - O rcut -> 2.2
04/15 17:03 [DEBUG] cshmd.common (time_wrapper)                                  : [RUNTIME] get_distance_table in 0.250 seconds
04/15 17:03 [DEBUG] cshmd.analysis (get_mole)                                    : get_mole Si - O -> nbonds: 4
04/15 17:03 [DEBUG] cshmd.analysis (get_mole)                                    : get_mole O - H -> nbonds: 1
04/15 17:03 [DEBUG] cshmd.analysis (find_bond)                                   : find_bond C - O rcut -> 1.6
04/15 17:03 [DEBUG] cshmd.analysis (get_mole)                                    : get_mole C - O -> nbonds: 3
04/15 17:03 [DEBUG] cshmd.analysis (get_mole)                                    : get_mole O - H -> nbonds: 3
04/15 17:03 [DEBUG] cshmd.analysis (find_bond)                                   : find_bond Ca - O rcut -> 3.0
04/15 17:03 [DEBUG] cshmd.common (time_wrapper)                                  : [RUNTIME] get_distance_table in 0.351 seconds
04/15 17:03 [DEBUG] cshmd.analysis (search_basic)                                : Basic search result -> H2O: 686, SiO4: 548, OH: 128, CO3: 0, H3O: 0, Ca_O: 4307
04/15 17:03 [DEBUG] cshmd.analysis (full_search)                                 : Search layer details
04/15 17:03 [DEBUG] cshmd.analysis (find_bond)                                   : find_bond Ca - O rcut -> 3.0
04/15 17:03 [DEBUG] cshmd.analysis (find_bond)                                   : find_bond Si - O rcut -> 2.2
04/15 17:03 [DEBUG] cshmd.analysis (set_layer_boundary)                          : Set layer boundary -> 0.2361377918249991 - 0.7222344292749987
04/15 17:03 [DEBUG] cshmd.analysis (__detail_search_oh_co3)                      : No CO3 in basic search
04/15 17:03 [DEBUG] cshmd.analysis (__detail_search_oh_sioh)                     : Searching 'OH' in 'SiO4
04/15 17:03 [DEBUG] cshmd.analysis (__detail_search_oh_caoh)                     : Searching 'OH' in 'CaOH
04/15 17:03 [DEBUG] cshmd.analysis (find_bond)                                   : find_bond O - H rcut -> 1.15
04/15 17:03 [DEBUG] cshmd.analysis (get_mole)                                    : get_mole O - H -> nbonds: 1
04/15 17:03 [DEBUG] cshmd.analysis (get_mole)                                    : get_mole O - H -> nbonds: 2
04/15 17:03 [DEBUG] cshmd.analysis (find_bond)                                   : find_bond C - O rcut -> 1.4
04/15 17:03 [DEBUG] cshmd.analysis (get_mole)                                    : get_mole C - O -> nbonds: 3
04/15 17:03 [DEBUG] cshmd.analysis (find_bond)                                   : find_bond Si - O rcut -> 1.8
04/15 17:03 [DEBUG] cshmd.analysis (get_mole)                                    : get_mole Si - O -> nbonds: 4
04/15 17:03 [INFO] cshmd.functions (cal_uniform_by_space)                        : Number of molecules to add : 2678
04/15 17:03 [INFO] cshmd.functions (cal_uniform_by_space)                        : Number of atoms per surface : 272
04/15 17:03 [INFO] cshmd.functions (cal_uniform_by_space)                        : Number of layer : 10
04/15 17:03 [INFO] cshmd.structure (extendLattice)                               : Extend lattice 53.882 59.402 28.788 -> 53.882 59.402 46.788 
04/15 17:03 [INFO] cif_modifier (exec_make_interface)                            : Number of atoms: 5522 -> 13556
04/15 17:03 [INFO] cshmd.structure (labeling_by_clayff)                          : Now get label according to 'Clayff' style
04/15 17:03 [DEBUG] cshmd.analysis (get_mole)                                    : get_mole O - H -> nbonds: 1
04/15 17:03 [DEBUG] cshmd.analysis (get_mole)                                    : get_mole O - H -> nbonds: 2
04/15 17:03 [DEBUG] cshmd.analysis (get_mole)                                    : get_mole Si - O -> nbonds: 4
04/15 17:03 [DEBUG] cshmd.analysis (get_mole)                                    : get_mole C - O -> nbonds: 3
04/15 17:03 [INFO] cshmd.structure (labeling_by_clayff)                          : All atoms labeled by clayff
04/15 17:03 [INFO] cshmd.structure (labeling_by_clayff)                          : Clayff charge: 0.000
04/15 17:03 [INFO] cshmd.structure (writeCif)                                    : L025_w2750.cif was created
04/15 17:03 [INFO] cif_modifier (__init__)                                       : Total charge: 0 -> 0
04/15 17:03 [DEBUG] cshmd.common (get_logger)                                    : $$$$$$$$$$$$$$  Logger 'cshmd.common........' initialized  $$$$$$$$$$$$$$
04/15 17:03 [DEBUG] cshmd.functions (get_logger)                                 : $$$$$$$$$$$$$$  Logger 'cshmd.functions.....' initialized  $$$$$$$$$$$$$$
04/15 17:03 [DEBUG] cshmd.load (get_logger)                                      : $$$$$$$$$$$$$$  Logger 'cshmd.load..........' initialized  $$$$$$$$$$$$$$
04/15 17:03 [DEBUG] cshmd.analysis (get_logger)                                  : $$$$$$$$$$$$$$  Logger 'cshmd.analysis......' initialized  $$$$$$$$$$$$$$
04/15 17:03 [DEBUG] cshmd.structure (get_logger)                                 : $$$$$$$$$$$$$$  Logger 'cshmd.structure.....' initialized  $$$$$$$$$$$$$$
04/15 17:03 [DEBUG] cshmd.builder (get_logger)                                   : $$$$$$$$$$$$$$  Logger 'cshmd.builder.......' initialized  $$$$$$$$$$$$$$
04/15 17:03 [DEBUG] cshmd.trj_analysis (get_logger)                              : $$$$$$$$$$$$$$  Logger 'cshmd.trj_analysis..' initialized  $$$$$$$$$$$$$$
04/15 17:03 [DEBUG] cif_modifier (get_logger)                                    : $$$$$$$$$$$$$$  Logger 'cif_modifier........' initialized  $$$$$$$$$$$$$$
04/15 17:03 [INFO] cif_modifier (<module>)                                       : Logger loaded
04/15 17:03 [INFO] cshmd.structure (__init__)                                    : L030.cif was loaded
04/15 17:03 [DEBUG] cshmd.analysis (__init__)                                    : [Structure] Now new data setted for get Bonds
04/15 17:03 [DEBUG] cshmd.analysis (__del_bond__)                                : del -> Si_O O_H H_O Ca_O C_O BO NBO
04/15 17:03 [DEBUG] cshmd.analysis (__initialize_mole__)                         : initalize -> H2O SiO4 OH CO3 H3O
04/15 17:03 [DEBUG] cshmd.analysis (__initialize_mole__)                         : initalize -> SiOH CaOH HCO3 H2CO3 H3CO3
04/15 17:03 [DEBUG] cshmd.analysis (__init__)                                    : C-S-H Model not setted
04/15 17:03 [DEBUG] cshmd.analysis (find_bond)                                   : find_bond O - H rcut -> 1.2
04/15 17:03 [DEBUG] cshmd.common (time_wrapper)                                  : [RUNTIME] get_distance_table in 0.677 seconds
04/15 17:03 [DEBUG] cshmd.analysis (get_mole)                                    : get_mole O - H -> nbonds: 2
04/15 17:03 [DEBUG] cshmd.analysis (find_bond)                                   : find_bond Si - O rcut -> 2.2
04/15 17:03 [DEBUG] cshmd.common (time_wrapper)                                  : [RUNTIME] get_distance_table in 0.278 seconds
04/15 17:03 [DEBUG] cshmd.analysis (get_mole)                                    : get_mole Si - O -> nbonds: 4
04/15 17:03 [DEBUG] cshmd.analysis (get_mole)                                    : get_mole O - H -> nbonds: 1
04/15 17:03 [DEBUG] cshmd.analysis (find_bond)                                   : find_bond C - O rcut -> 1.6
04/15 17:03 [DEBUG] cshmd.analysis (get_mole)                                    : get_mole C - O -> nbonds: 3
04/15 17:03 [DEBUG] cshmd.analysis (get_mole)                                    : get_mole O - H -> nbonds: 3
04/15 17:03 [DEBUG] cshmd.analysis (find_bond)                                   : find_bond Ca - O rcut -> 3.0
04/15 17:03 [DEBUG] cshmd.common (time_wrapper)                                  : [RUNTIME] get_distance_table in 0.372 seconds
04/15 17:03 [DEBUG] cshmd.analysis (search_basic)                                : Basic search result -> H2O: 672, SiO4: 576, OH: 128, CO3: 0, H3O: 0, Ca_O: 4272
04/15 17:03 [DEBUG] cshmd.analysis (full_search)                                 : Search layer details
04/15 17:03 [DEBUG] cshmd.analysis (find_bond)                                   : find_bond Ca - O rcut -> 3.0
04/15 17:03 [DEBUG] cshmd.analysis (find_bond)                                   : find_bond Si - O rcut -> 2.2
04/15 17:03 [DEBUG] cshmd.analysis (set_layer_boundary)                          : Set layer boundary -> 0.2361377918249991 - 0.7222344292749987
04/15 17:03 [DEBUG] cshmd.analysis (__detail_search_oh_co3)                      : No CO3 in basic search
04/15 17:03 [DEBUG] cshmd.analysis (__detail_search_oh_sioh)                     : Searching 'OH' in 'SiO4
04/15 17:03 [DEBUG] cshmd.analysis (__detail_search_oh_caoh)                     : Searching 'OH' in 'CaOH
04/15 17:03 [DEBUG] cshmd.analysis (find_bond)                                   : find_bond O - H rcut -> 1.15
04/15 17:03 [DEBUG] cshmd.analysis (get_mole)                                    : get_mole O - H -> nbonds: 1
04/15 17:03 [DEBUG] cshmd.analysis (get_mole)                                    : get_mole O - H -> nbonds: 2
04/15 17:03 [DEBUG] cshmd.analysis (find_bond)                                   : find_bond C - O rcut -> 1.4
04/15 17:03 [DEBUG] cshmd.analysis (get_mole)                                    : get_mole C - O -> nbonds: 3
04/15 17:03 [DEBUG] cshmd.analysis (find_bond)                                   : find_bond Si - O rcut -> 1.8
04/15 17:03 [DEBUG] cshmd.analysis (get_mole)                                    : get_mole Si - O -> nbonds: 4
04/15 17:03 [INFO] cshmd.functions (cal_uniform_by_space)                        : Number of molecules to add : 2678
04/15 17:03 [INFO] cshmd.functions (cal_uniform_by_space)                        : Number of atoms per surface : 272
04/15 17:03 [INFO] cshmd.functions (cal_uniform_by_space)                        : Number of layer : 10
04/15 17:03 [INFO] cshmd.structure (extendLattice)                               : Extend lattice 53.882 59.402 28.788 -> 53.882 59.402 46.788 
04/15 17:03 [INFO] cif_modifier (exec_make_interface)                            : Number of atoms: 5536 -> 13570
04/15 17:03 [INFO] cshmd.structure (labeling_by_clayff)                          : Now get label according to 'Clayff' style
04/15 17:03 [DEBUG] cshmd.analysis (get_mole)                                    : get_mole O - H -> nbonds: 1
04/15 17:03 [DEBUG] cshmd.analysis (get_mole)                                    : get_mole O - H -> nbonds: 2
04/15 17:03 [DEBUG] cshmd.analysis (get_mole)                                    : get_mole Si - O -> nbonds: 4
04/15 17:03 [DEBUG] cshmd.analysis (get_mole)                                    : get_mole C - O -> nbonds: 3
04/15 17:03 [INFO] cshmd.structure (labeling_by_clayff)                          : All atoms labeled by clayff
04/15 17:03 [INFO] cshmd.structure (labeling_by_clayff)                          : Clayff charge: 0.000
04/15 17:03 [INFO] cshmd.structure (writeCif)                                    : L030_w2750.cif was created
04/15 17:03 [INFO] cif_modifier (__init__)                                       : Total charge: 0 -> 0
04/15 17:03 [DEBUG] cshmd.common (get_logger)                                    : $$$$$$$$$$$$$$  Logger 'cshmd.common........' initialized  $$$$$$$$$$$$$$
04/15 17:03 [DEBUG] cshmd.functions (get_logger)                                 : $$$$$$$$$$$$$$  Logger 'cshmd.functions.....' initialized  $$$$$$$$$$$$$$
04/15 17:03 [DEBUG] cshmd.load (get_logger)                                      : $$$$$$$$$$$$$$  Logger 'cshmd.load..........' initialized  $$$$$$$$$$$$$$
04/15 17:03 [DEBUG] cshmd.analysis (get_logger)                                  : $$$$$$$$$$$$$$  Logger 'cshmd.analysis......' initialized  $$$$$$$$$$$$$$
04/15 17:03 [DEBUG] cshmd.structure (get_logger)                                 : $$$$$$$$$$$$$$  Logger 'cshmd.structure.....' initialized  $$$$$$$$$$$$$$
04/15 17:03 [DEBUG] cshmd.builder (get_logger)                                   : $$$$$$$$$$$$$$  Logger 'cshmd.builder.......' initialized  $$$$$$$$$$$$$$
04/15 17:03 [DEBUG] cshmd.trj_analysis (get_logger)                              : $$$$$$$$$$$$$$  Logger 'cshmd.trj_analysis..' initialized  $$$$$$$$$$$$$$
04/15 17:03 [DEBUG] cif_modifier (get_logger)                                    : $$$$$$$$$$$$$$  Logger 'cif_modifier........' initialized  $$$$$$$$$$$$$$
04/15 17:03 [INFO] cif_modifier (<module>)                                       : Logger loaded
04/15 17:03 [INFO] cshmd.structure (__init__)                                    : L035.cif was loaded
04/15 17:03 [DEBUG] cshmd.analysis (__init__)                                    : [Structure] Now new data setted for get Bonds
04/15 17:03 [DEBUG] cshmd.analysis (__del_bond__)                                : del -> Si_O O_H H_O Ca_O C_O BO NBO
04/15 17:03 [DEBUG] cshmd.analysis (__initialize_mole__)                         : initalize -> H2O SiO4 OH CO3 H3O
04/15 17:03 [DEBUG] cshmd.analysis (__initialize_mole__)                         : initalize -> SiOH CaOH HCO3 H2CO3 H3CO3
04/15 17:03 [DEBUG] cshmd.analysis (__init__)                                    : C-S-H Model not setted
04/15 17:03 [DEBUG] cshmd.analysis (find_bond)                                   : find_bond O - H rcut -> 1.2
04/15 17:03 [DEBUG] cshmd.common (time_wrapper)                                  : [RUNTIME] get_distance_table in 0.662 seconds
04/15 17:03 [DEBUG] cshmd.analysis (get_mole)                                    : get_mole O - H -> nbonds: 2
04/15 17:03 [DEBUG] cshmd.analysis (find_bond)                                   : find_bond Si - O rcut -> 2.2
04/15 17:03 [DEBUG] cshmd.common (time_wrapper)                                  : [RUNTIME] get_distance_table in 0.275 seconds
04/15 17:03 [DEBUG] cshmd.analysis (get_mole)                                    : get_mole Si - O -> nbonds: 4
04/15 17:03 [DEBUG] cshmd.analysis (get_mole)                                    : get_mole O - H -> nbonds: 1
04/15 17:03 [DEBUG] cshmd.analysis (find_bond)                                   : find_bond C - O rcut -> 1.6
04/15 17:03 [DEBUG] cshmd.analysis (get_mole)                                    : get_mole C - O -> nbonds: 3
04/15 17:03 [DEBUG] cshmd.analysis (get_mole)                                    : get_mole O - H -> nbonds: 3
04/15 17:03 [DEBUG] cshmd.analysis (find_bond)                                   : find_bond Ca - O rcut -> 3.0
04/15 17:03 [DEBUG] cshmd.common (time_wrapper)                                  : [RUNTIME] get_distance_table in 0.339 seconds
04/15 17:03 [DEBUG] cshmd.analysis (search_basic)                                : Basic search result -> H2O: 662, SiO4: 596, OH: 128, CO3: 0, H3O: 0, Ca_O: 4247
04/15 17:03 [DEBUG] cshmd.analysis (full_search)                                 : Search layer details
04/15 17:03 [DEBUG] cshmd.analysis (find_bond)                                   : find_bond Ca - O rcut -> 3.0
04/15 17:03 [DEBUG] cshmd.analysis (find_bond)                                   : find_bond Si - O rcut -> 2.2
04/15 17:03 [DEBUG] cshmd.analysis (set_layer_boundary)                          : Set layer boundary -> 0.2361377918249991 - 0.7222344292749987
04/15 17:03 [DEBUG] cshmd.analysis (__detail_search_oh_co3)                      : No CO3 in basic search
04/15 17:03 [DEBUG] cshmd.analysis (__detail_search_oh_sioh)                     : Searching 'OH' in 'SiO4
04/15 17:03 [DEBUG] cshmd.analysis (__detail_search_oh_caoh)                     : Searching 'OH' in 'CaOH
04/15 17:03 [DEBUG] cshmd.analysis (find_bond)                                   : find_bond O - H rcut -> 1.15
04/15 17:03 [DEBUG] cshmd.analysis (get_mole)                                    : get_mole O - H -> nbonds: 1
04/15 17:03 [DEBUG] cshmd.analysis (get_mole)                                    : get_mole O - H -> nbonds: 2
04/15 17:03 [DEBUG] cshmd.analysis (find_bond)                                   : find_bond C - O rcut -> 1.4
04/15 17:03 [DEBUG] cshmd.analysis (get_mole)                                    : get_mole C - O -> nbonds: 3
04/15 17:03 [DEBUG] cshmd.analysis (find_bond)                                   : find_bond Si - O rcut -> 1.8
04/15 17:03 [DEBUG] cshmd.analysis (get_mole)                                    : get_mole Si - O -> nbonds: 4
04/15 17:03 [INFO] cshmd.functions (cal_uniform_by_space)                        : Number of molecules to add : 2678
04/15 17:03 [INFO] cshmd.functions (cal_uniform_by_space)                        : Number of atoms per surface : 272
04/15 17:03 [INFO] cshmd.functions (cal_uniform_by_space)                        : Number of layer : 10
04/15 17:03 [INFO] cshmd.structure (extendLattice)                               : Extend lattice 53.882 59.402 28.788 -> 53.882 59.402 46.788 
04/15 17:04 [INFO] cif_modifier (exec_make_interface)                            : Number of atoms: 5546 -> 13580
04/15 17:04 [INFO] cshmd.structure (labeling_by_clayff)                          : Now get label according to 'Clayff' style
04/15 17:04 [DEBUG] cshmd.analysis (get_mole)                                    : get_mole O - H -> nbonds: 1
04/15 17:04 [DEBUG] cshmd.analysis (get_mole)                                    : get_mole O - H -> nbonds: 2
04/15 17:04 [DEBUG] cshmd.analysis (get_mole)                                    : get_mole Si - O -> nbonds: 4
04/15 17:04 [DEBUG] cshmd.analysis (get_mole)                                    : get_mole C - O -> nbonds: 3
04/15 17:04 [INFO] cshmd.structure (labeling_by_clayff)                          : All atoms labeled by clayff
04/15 17:04 [INFO] cshmd.structure (labeling_by_clayff)                          : Clayff charge: 0.000
04/15 17:04 [INFO] cshmd.structure (writeCif)                                    : L035_w2750.cif was created
04/15 17:04 [INFO] cif_modifier (__init__)                                       : Total charge: 0 -> 0
04/15 17:04 [DEBUG] cshmd.common (get_logger)                                    : $$$$$$$$$$$$$$  Logger 'cshmd.common........' initialized  $$$$$$$$$$$$$$
04/15 17:04 [DEBUG] cshmd.functions (get_logger)                                 : $$$$$$$$$$$$$$  Logger 'cshmd.functions.....' initialized  $$$$$$$$$$$$$$
04/15 17:04 [DEBUG] cshmd.load (get_logger)                                      : $$$$$$$$$$$$$$  Logger 'cshmd.load..........' initialized  $$$$$$$$$$$$$$
04/15 17:04 [DEBUG] cshmd.analysis (get_logger)                                  : $$$$$$$$$$$$$$  Logger 'cshmd.analysis......' initialized  $$$$$$$$$$$$$$
04/15 17:04 [DEBUG] cshmd.structure (get_logger)                                 : $$$$$$$$$$$$$$  Logger 'cshmd.structure.....' initialized  $$$$$$$$$$$$$$
04/15 17:04 [DEBUG] cshmd.builder (get_logger)                                   : $$$$$$$$$$$$$$  Logger 'cshmd.builder.......' initialized  $$$$$$$$$$$$$$
04/15 17:04 [DEBUG] cshmd.trj_analysis (get_logger)                              : $$$$$$$$$$$$$$  Logger 'cshmd.trj_analysis..' initialized  $$$$$$$$$$$$$$
04/15 17:04 [DEBUG] cif_modifier (get_logger)                                    : $$$$$$$$$$$$$$  Logger 'cif_modifier........' initialized  $$$$$$$$$$$$$$
04/15 17:04 [INFO] cif_modifier (<module>)                                       : Logger loaded
04/15 17:04 [INFO] cshmd.structure (__init__)                                    : L040.cif was loaded
04/15 17:04 [DEBUG] cshmd.analysis (__init__)                                    : [Structure] Now new data setted for get Bonds
04/15 17:04 [DEBUG] cshmd.analysis (__del_bond__)                                : del -> Si_O O_H H_O Ca_O C_O BO NBO
04/15 17:04 [DEBUG] cshmd.analysis (__initialize_mole__)                         : initalize -> H2O SiO4 OH CO3 H3O
04/15 17:04 [DEBUG] cshmd.analysis (__initialize_mole__)                         : initalize -> SiOH CaOH HCO3 H2CO3 H3CO3
04/15 17:04 [DEBUG] cshmd.analysis (__init__)                                    : C-S-H Model not setted
04/15 17:04 [DEBUG] cshmd.analysis (find_bond)                                   : find_bond O - H rcut -> 1.2
04/15 17:04 [DEBUG] cshmd.common (time_wrapper)                                  : [RUNTIME] get_distance_table in 0.663 seconds
04/15 17:04 [DEBUG] cshmd.analysis (get_mole)                                    : get_mole O - H -> nbonds: 2
04/15 17:04 [DEBUG] cshmd.analysis (find_bond)                                   : find_bond Si - O rcut -> 2.2
04/15 17:04 [DEBUG] cshmd.common (time_wrapper)                                  : [RUNTIME] get_distance_table in 0.287 seconds
04/15 17:04 [DEBUG] cshmd.analysis (get_mole)                                    : get_mole Si - O -> nbonds: 4
04/15 17:04 [DEBUG] cshmd.analysis (get_mole)                                    : get_mole O - H -> nbonds: 1
04/15 17:04 [DEBUG] cshmd.analysis (find_bond)                                   : find_bond C - O rcut -> 1.6
04/15 17:04 [DEBUG] cshmd.analysis (get_mole)                                    : get_mole C - O -> nbonds: 3
04/15 17:04 [DEBUG] cshmd.analysis (get_mole)                                    : get_mole O - H -> nbonds: 3
04/15 17:04 [DEBUG] cshmd.analysis (find_bond)                                   : find_bond Ca - O rcut -> 3.0
04/15 17:04 [DEBUG] cshmd.common (time_wrapper)                                  : [RUNTIME] get_distance_table in 0.373 seconds
04/15 17:04 [DEBUG] cshmd.analysis (search_basic)                                : Basic search result -> H2O: 654, SiO4: 612, OH: 128, CO3: 0, H3O: 0, Ca_O: 4227
04/15 17:04 [DEBUG] cshmd.analysis (full_search)                                 : Search layer details
04/15 17:04 [DEBUG] cshmd.analysis (find_bond)                                   : find_bond Ca - O rcut -> 3.0
04/15 17:04 [DEBUG] cshmd.analysis (find_bond)                                   : find_bond Si - O rcut -> 2.2
04/15 17:04 [DEBUG] cshmd.analysis (set_layer_boundary)                          : Set layer boundary -> 0.2361377918249991 - 0.7222344292749987
04/15 17:04 [DEBUG] cshmd.analysis (__detail_search_oh_co3)                      : No CO3 in basic search
04/15 17:04 [DEBUG] cshmd.analysis (__detail_search_oh_sioh)                     : Searching 'OH' in 'SiO4
04/15 17:04 [DEBUG] cshmd.analysis (__detail_search_oh_caoh)                     : Searching 'OH' in 'CaOH
04/15 17:04 [DEBUG] cshmd.analysis (find_bond)                                   : find_bond O - H rcut -> 1.15
04/15 17:04 [DEBUG] cshmd.analysis (get_mole)                                    : get_mole O - H -> nbonds: 1
04/15 17:04 [DEBUG] cshmd.analysis (get_mole)                                    : get_mole O - H -> nbonds: 2
04/15 17:04 [DEBUG] cshmd.analysis (find_bond)                                   : find_bond C - O rcut -> 1.4
04/15 17:04 [DEBUG] cshmd.analysis (get_mole)                                    : get_mole C - O -> nbonds: 3
04/15 17:04 [DEBUG] cshmd.analysis (find_bond)                                   : find_bond Si - O rcut -> 1.8
04/15 17:04 [DEBUG] cshmd.analysis (get_mole)                                    : get_mole Si - O -> nbonds: 4
04/15 17:04 [INFO] cshmd.functions (cal_uniform_by_space)                        : Number of molecules to add : 2678
04/15 17:04 [INFO] cshmd.functions (cal_uniform_by_space)                        : Number of atoms per surface : 272
04/15 17:04 [INFO] cshmd.functions (cal_uniform_by_space)                        : Number of layer : 10
04/15 17:04 [INFO] cshmd.structure (extendLattice)                               : Extend lattice 53.882 59.402 28.788 -> 53.882 59.402 46.788 
04/15 17:04 [INFO] cif_modifier (exec_make_interface)                            : Number of atoms: 5554 -> 13588
04/15 17:04 [INFO] cshmd.structure (labeling_by_clayff)                          : Now get label according to 'Clayff' style
04/15 17:04 [DEBUG] cshmd.analysis (get_mole)                                    : get_mole O - H -> nbonds: 1
04/15 17:04 [DEBUG] cshmd.analysis (get_mole)                                    : get_mole O - H -> nbonds: 2
04/15 17:04 [DEBUG] cshmd.analysis (get_mole)                                    : get_mole Si - O -> nbonds: 4
04/15 17:04 [DEBUG] cshmd.analysis (get_mole)                                    : get_mole C - O -> nbonds: 3
04/15 17:04 [INFO] cshmd.structure (labeling_by_clayff)                          : All atoms labeled by clayff
04/15 17:04 [INFO] cshmd.structure (labeling_by_clayff)                          : Clayff charge: 0.000
04/15 17:04 [INFO] cshmd.structure (writeCif)                                    : L040_w2750.cif was created
04/15 17:04 [INFO] cif_modifier (__init__)                                       : Total charge: 0 -> 0
04/15 17:04 [DEBUG] cshmd.common (get_logger)                                    : $$$$$$$$$$$$$$  Logger 'cshmd.common........' initialized  $$$$$$$$$$$$$$
04/15 17:04 [DEBUG] cshmd.functions (get_logger)                                 : $$$$$$$$$$$$$$  Logger 'cshmd.functions.....' initialized  $$$$$$$$$$$$$$
04/15 17:04 [DEBUG] cshmd.load (get_logger)                                      : $$$$$$$$$$$$$$  Logger 'cshmd.load..........' initialized  $$$$$$$$$$$$$$
04/15 17:04 [DEBUG] cshmd.analysis (get_logger)                                  : $$$$$$$$$$$$$$  Logger 'cshmd.analysis......' initialized  $$$$$$$$$$$$$$
04/15 17:04 [DEBUG] cshmd.structure (get_logger)                                 : $$$$$$$$$$$$$$  Logger 'cshmd.structure.....' initialized  $$$$$$$$$$$$$$
04/15 17:04 [DEBUG] cshmd.builder (get_logger)                                   : $$$$$$$$$$$$$$  Logger 'cshmd.builder.......' initialized  $$$$$$$$$$$$$$
04/15 17:04 [DEBUG] cshmd.trj_analysis (get_logger)                              : $$$$$$$$$$$$$$  Logger 'cshmd.trj_analysis..' initialized  $$$$$$$$$$$$$$
04/15 17:04 [DEBUG] cif_modifier (get_logger)                                    : $$$$$$$$$$$$$$  Logger 'cif_modifier........' initialized  $$$$$$$$$$$$$$
04/15 17:04 [INFO] cif_modifier (<module>)                                       : Logger loaded
04/15 17:04 [INFO] cshmd.structure (__init__)                                    : L060.cif was loaded
04/15 17:04 [DEBUG] cshmd.analysis (__init__)                                    : [Structure] Now new data setted for get Bonds
04/15 17:04 [DEBUG] cshmd.analysis (__del_bond__)                                : del -> Si_O O_H H_O Ca_O C_O BO NBO
04/15 17:04 [DEBUG] cshmd.analysis (__initialize_mole__)                         : initalize -> H2O SiO4 OH CO3 H3O
04/15 17:04 [DEBUG] cshmd.analysis (__initialize_mole__)                         : initalize -> SiOH CaOH HCO3 H2CO3 H3CO3
04/15 17:04 [DEBUG] cshmd.analysis (__init__)                                    : C-S-H Model not setted
04/15 17:04 [DEBUG] cshmd.analysis (find_bond)                                   : find_bond O - H rcut -> 1.2
04/15 17:04 [DEBUG] cshmd.common (time_wrapper)                                  : [RUNTIME] get_distance_table in 0.660 seconds
04/15 17:04 [DEBUG] cshmd.analysis (get_mole)                                    : get_mole O - H -> nbonds: 2
04/15 17:04 [DEBUG] cshmd.analysis (find_bond)                                   : find_bond Si - O rcut -> 2.2
04/15 17:04 [DEBUG] cshmd.common (time_wrapper)                                  : [RUNTIME] get_distance_table in 0.298 seconds
04/15 17:04 [DEBUG] cshmd.analysis (get_mole)                                    : get_mole Si - O -> nbonds: 4
04/15 17:04 [DEBUG] cshmd.analysis (get_mole)                                    : get_mole O - H -> nbonds: 1
04/15 17:04 [DEBUG] cshmd.analysis (find_bond)                                   : find_bond C - O rcut -> 1.6
04/15 17:04 [DEBUG] cshmd.analysis (get_mole)                                    : get_mole C - O -> nbonds: 3
04/15 17:04 [DEBUG] cshmd.analysis (get_mole)                                    : get_mole O - H -> nbonds: 3
04/15 17:04 [DEBUG] cshmd.analysis (find_bond)                                   : find_bond Ca - O rcut -> 3.0
04/15 17:04 [DEBUG] cshmd.common (time_wrapper)                                  : [RUNTIME] get_distance_table in 0.374 seconds
04/15 17:04 [DEBUG] cshmd.analysis (search_basic)                                : Basic search result -> H2O: 632, SiO4: 656, OH: 128, CO3: 0, H3O: 0, Ca_O: 4172
04/15 17:04 [DEBUG] cshmd.analysis (full_search)                                 : Search layer details
04/15 17:04 [DEBUG] cshmd.analysis (find_bond)                                   : find_bond Ca - O rcut -> 3.0
04/15 17:04 [DEBUG] cshmd.analysis (find_bond)                                   : find_bond Si - O rcut -> 2.2
04/15 17:04 [DEBUG] cshmd.analysis (set_layer_boundary)                          : Set layer boundary -> 0.2361377918249991 - 0.7222344292749987
04/15 17:04 [DEBUG] cshmd.analysis (__detail_search_oh_co3)                      : No CO3 in basic search
04/15 17:04 [DEBUG] cshmd.analysis (__detail_search_oh_sioh)                     : Searching 'OH' in 'SiO4
04/15 17:04 [DEBUG] cshmd.analysis (__detail_search_oh_caoh)                     : Searching 'OH' in 'CaOH
04/15 17:04 [DEBUG] cshmd.analysis (find_bond)                                   : find_bond O - H rcut -> 1.15
04/15 17:04 [DEBUG] cshmd.analysis (get_mole)                                    : get_mole O - H -> nbonds: 1
04/15 17:04 [DEBUG] cshmd.analysis (get_mole)                                    : get_mole O - H -> nbonds: 2
04/15 17:04 [DEBUG] cshmd.analysis (find_bond)                                   : find_bond C - O rcut -> 1.4
04/15 17:04 [DEBUG] cshmd.analysis (get_mole)                                    : get_mole C - O -> nbonds: 3
04/15 17:04 [DEBUG] cshmd.analysis (find_bond)                                   : find_bond Si - O rcut -> 1.8
04/15 17:04 [DEBUG] cshmd.analysis (get_mole)                                    : get_mole Si - O -> nbonds: 4
04/15 17:04 [INFO] cshmd.functions (cal_uniform_by_space)                        : Number of molecules to add : 2678
04/15 17:04 [INFO] cshmd.functions (cal_uniform_by_space)                        : Number of atoms per surface : 272
04/15 17:04 [INFO] cshmd.functions (cal_uniform_by_space)                        : Number of layer : 10
04/15 17:04 [INFO] cshmd.structure (extendLattice)                               : Extend lattice 53.882 59.402 28.788 -> 53.882 59.402 46.788 
04/15 17:04 [INFO] cif_modifier (exec_make_interface)                            : Number of atoms: 5576 -> 13610
04/15 17:04 [INFO] cshmd.structure (labeling_by_clayff)                          : Now get label according to 'Clayff' style
04/15 17:04 [DEBUG] cshmd.analysis (get_mole)                                    : get_mole O - H -> nbonds: 1
04/15 17:04 [DEBUG] cshmd.analysis (get_mole)                                    : get_mole O - H -> nbonds: 2
04/15 17:04 [DEBUG] cshmd.analysis (get_mole)                                    : get_mole Si - O -> nbonds: 4
04/15 17:04 [DEBUG] cshmd.analysis (get_mole)                                    : get_mole C - O -> nbonds: 3
04/15 17:04 [INFO] cshmd.structure (labeling_by_clayff)                          : All atoms labeled by clayff
04/15 17:04 [INFO] cshmd.structure (labeling_by_clayff)                          : Clayff charge: 0.000
04/15 17:04 [INFO] cshmd.structure (writeCif)                                    : L060_w2750.cif was created
04/15 17:04 [INFO] cif_modifier (__init__)                                       : Total charge: 0 -> 0
04/15 17:04 [DEBUG] cshmd.common (get_logger)                                    : $$$$$$$$$$$$$$  Logger 'cshmd.common........' initialized  $$$$$$$$$$$$$$
04/15 17:04 [DEBUG] cshmd.functions (get_logger)                                 : $$$$$$$$$$$$$$  Logger 'cshmd.functions.....' initialized  $$$$$$$$$$$$$$
04/15 17:04 [DEBUG] cshmd.load (get_logger)                                      : $$$$$$$$$$$$$$  Logger 'cshmd.load..........' initialized  $$$$$$$$$$$$$$
04/15 17:04 [DEBUG] cshmd.analysis (get_logger)                                  : $$$$$$$$$$$$$$  Logger 'cshmd.analysis......' initialized  $$$$$$$$$$$$$$
04/15 17:04 [DEBUG] cshmd.structure (get_logger)                                 : $$$$$$$$$$$$$$  Logger 'cshmd.structure.....' initialized  $$$$$$$$$$$$$$
04/15 17:04 [DEBUG] cshmd.builder (get_logger)                                   : $$$$$$$$$$$$$$  Logger 'cshmd.builder.......' initialized  $$$$$$$$$$$$$$
04/15 17:04 [DEBUG] cshmd.trj_analysis (get_logger)                              : $$$$$$$$$$$$$$  Logger 'cshmd.trj_analysis..' initialized  $$$$$$$$$$$$$$
04/15 17:04 [DEBUG] cif_modifier (get_logger)                                    : $$$$$$$$$$$$$$  Logger 'cif_modifier........' initialized  $$$$$$$$$$$$$$
04/15 17:04 [INFO] cif_modifier (<module>)                                       : Logger loaded
04/15 17:04 [INFO] cshmd.structure (__init__)                                    : L080.cif was loaded
04/15 17:04 [DEBUG] cshmd.analysis (__init__)                                    : [Structure] Now new data setted for get Bonds
04/15 17:04 [DEBUG] cshmd.analysis (__del_bond__)                                : del -> Si_O O_H H_O Ca_O C_O BO NBO
04/15 17:04 [DEBUG] cshmd.analysis (__initialize_mole__)                         : initalize -> H2O SiO4 OH CO3 H3O
04/15 17:04 [DEBUG] cshmd.analysis (__initialize_mole__)                         : initalize -> SiOH CaOH HCO3 H2CO3 H3CO3
04/15 17:04 [DEBUG] cshmd.analysis (__init__)                                    : C-S-H Model not setted
04/15 17:04 [DEBUG] cshmd.analysis (find_bond)                                   : find_bond O - H rcut -> 1.2
04/15 17:04 [DEBUG] cshmd.common (time_wrapper)                                  : [RUNTIME] get_distance_table in 0.631 seconds
04/15 17:04 [DEBUG] cshmd.analysis (get_mole)                                    : get_mole O - H -> nbonds: 2
04/15 17:04 [DEBUG] cshmd.analysis (find_bond)                                   : find_bond Si - O rcut -> 2.2
04/15 17:04 [DEBUG] cshmd.common (time_wrapper)                                  : [RUNTIME] get_distance_table in 0.318 seconds
04/15 17:04 [DEBUG] cshmd.analysis (get_mole)                                    : get_mole Si - O -> nbonds: 4
04/15 17:04 [DEBUG] cshmd.analysis (get_mole)                                    : get_mole O - H -> nbonds: 1
04/15 17:04 [DEBUG] cshmd.analysis (find_bond)                                   : find_bond C - O rcut -> 1.6
04/15 17:04 [DEBUG] cshmd.analysis (get_mole)                                    : get_mole C - O -> nbonds: 3
04/15 17:04 [DEBUG] cshmd.analysis (get_mole)                                    : get_mole O - H -> nbonds: 3
04/15 17:04 [DEBUG] cshmd.analysis (find_bond)                                   : find_bond Ca - O rcut -> 3.0
04/15 17:04 [DEBUG] cshmd.common (time_wrapper)                                  : [RUNTIME] get_distance_table in 0.352 seconds
04/15 17:04 [DEBUG] cshmd.analysis (search_basic)                                : Basic search result -> H2O: 620, SiO4: 680, OH: 128, CO3: 0, H3O: 0, Ca_O: 4142
04/15 17:04 [DEBUG] cshmd.analysis (full_search)                                 : Search layer details
04/15 17:04 [DEBUG] cshmd.analysis (find_bond)                                   : find_bond Ca - O rcut -> 3.0
04/15 17:04 [DEBUG] cshmd.analysis (find_bond)                                   : find_bond Si - O rcut -> 2.2
04/15 17:04 [DEBUG] cshmd.analysis (set_layer_boundary)                          : Set layer boundary -> 0.2361377918249991 - 0.7222344292749987
04/15 17:04 [DEBUG] cshmd.analysis (__detail_search_oh_co3)                      : No CO3 in basic search
04/15 17:04 [DEBUG] cshmd.analysis (__detail_search_oh_sioh)                     : Searching 'OH' in 'SiO4
04/15 17:04 [DEBUG] cshmd.analysis (__detail_search_oh_caoh)                     : Searching 'OH' in 'CaOH
04/15 17:04 [DEBUG] cshmd.analysis (find_bond)                                   : find_bond O - H rcut -> 1.15
04/15 17:04 [DEBUG] cshmd.analysis (get_mole)                                    : get_mole O - H -> nbonds: 1
04/15 17:04 [DEBUG] cshmd.analysis (get_mole)                                    : get_mole O - H -> nbonds: 2
04/15 17:04 [DEBUG] cshmd.analysis (find_bond)                                   : find_bond C - O rcut -> 1.4
04/15 17:04 [DEBUG] cshmd.analysis (get_mole)                                    : get_mole C - O -> nbonds: 3
04/15 17:04 [DEBUG] cshmd.analysis (find_bond)                                   : find_bond Si - O rcut -> 1.8
04/15 17:04 [DEBUG] cshmd.analysis (get_mole)                                    : get_mole Si - O -> nbonds: 4
04/15 17:04 [INFO] cshmd.functions (cal_uniform_by_space)                        : Number of molecules to add : 2678
04/15 17:04 [INFO] cshmd.functions (cal_uniform_by_space)                        : Number of atoms per surface : 272
04/15 17:04 [INFO] cshmd.functions (cal_uniform_by_space)                        : Number of layer : 10
04/15 17:04 [INFO] cshmd.structure (extendLattice)                               : Extend lattice 53.882 59.402 28.788 -> 53.882 59.402 46.788 
04/15 17:04 [INFO] cif_modifier (exec_make_interface)                            : Number of atoms: 5588 -> 13622
04/15 17:04 [INFO] cshmd.structure (labeling_by_clayff)                          : Now get label according to 'Clayff' style
04/15 17:04 [DEBUG] cshmd.analysis (get_mole)                                    : get_mole O - H -> nbonds: 1
04/15 17:04 [DEBUG] cshmd.analysis (get_mole)                                    : get_mole O - H -> nbonds: 2
04/15 17:04 [DEBUG] cshmd.analysis (get_mole)                                    : get_mole Si - O -> nbonds: 4
04/15 17:04 [DEBUG] cshmd.analysis (get_mole)                                    : get_mole C - O -> nbonds: 3
04/15 17:04 [INFO] cshmd.structure (labeling_by_clayff)                          : All atoms labeled by clayff
04/15 17:04 [INFO] cshmd.structure (labeling_by_clayff)                          : Clayff charge: 0.000
04/15 17:04 [INFO] cshmd.structure (writeCif)                                    : L080_w2750.cif was created
04/15 17:04 [INFO] cif_modifier (__init__)                                       : Total charge: 0 -> 0
04/15 17:04 [DEBUG] cshmd.common (get_logger)                                    : $$$$$$$$$$$$$$  Logger 'cshmd.common........' initialized  $$$$$$$$$$$$$$
04/15 17:04 [DEBUG] cshmd.functions (get_logger)                                 : $$$$$$$$$$$$$$  Logger 'cshmd.functions.....' initialized  $$$$$$$$$$$$$$
04/15 17:04 [DEBUG] cshmd.load (get_logger)                                      : $$$$$$$$$$$$$$  Logger 'cshmd.load..........' initialized  $$$$$$$$$$$$$$
04/15 17:04 [DEBUG] cshmd.analysis (get_logger)                                  : $$$$$$$$$$$$$$  Logger 'cshmd.analysis......' initialized  $$$$$$$$$$$$$$
04/15 17:04 [DEBUG] cshmd.structure (get_logger)                                 : $$$$$$$$$$$$$$  Logger 'cshmd.structure.....' initialized  $$$$$$$$$$$$$$
04/15 17:04 [DEBUG] cshmd.builder (get_logger)                                   : $$$$$$$$$$$$$$  Logger 'cshmd.builder.......' initialized  $$$$$$$$$$$$$$
04/15 17:04 [DEBUG] cshmd.trj_analysis (get_logger)                              : $$$$$$$$$$$$$$  Logger 'cshmd.trj_analysis..' initialized  $$$$$$$$$$$$$$
04/15 17:04 [DEBUG] cif_modifier (get_logger)                                    : $$$$$$$$$$$$$$  Logger 'cif_modifier........' initialized  $$$$$$$$$$$$$$
04/15 17:04 [INFO] cif_modifier (<module>)                                       : Logger loaded
04/15 17:04 [INFO] cshmd.structure (__init__)                                    : L100.cif was loaded
04/15 17:04 [DEBUG] cshmd.analysis (__init__)                                    : [Structure] Now new data setted for get Bonds
04/15 17:04 [DEBUG] cshmd.analysis (__del_bond__)                                : del -> Si_O O_H H_O Ca_O C_O BO NBO
04/15 17:04 [DEBUG] cshmd.analysis (__initialize_mole__)                         : initalize -> H2O SiO4 OH CO3 H3O
04/15 17:04 [DEBUG] cshmd.analysis (__initialize_mole__)                         : initalize -> SiOH CaOH HCO3 H2CO3 H3CO3
04/15 17:04 [DEBUG] cshmd.analysis (__init__)                                    : C-S-H Model not setted
04/15 17:04 [DEBUG] cshmd.analysis (find_bond)                                   : find_bond O - H rcut -> 1.2
04/15 17:04 [DEBUG] cshmd.common (time_wrapper)                                  : [RUNTIME] get_distance_table in 0.621 seconds
04/15 17:04 [DEBUG] cshmd.analysis (get_mole)                                    : get_mole O - H -> nbonds: 2
04/15 17:04 [DEBUG] cshmd.analysis (find_bond)                                   : find_bond Si - O rcut -> 2.2
04/15 17:04 [DEBUG] cshmd.common (time_wrapper)                                  : [RUNTIME] get_distance_table in 0.340 seconds
04/15 17:04 [DEBUG] cshmd.analysis (get_mole)                                    : get_mole Si - O -> nbonds: 4
04/15 17:04 [DEBUG] cshmd.analysis (get_mole)                                    : get_mole O - H -> nbonds: 1
04/15 17:04 [DEBUG] cshmd.analysis (find_bond)                                   : find_bond C - O rcut -> 1.6
04/15 17:04 [DEBUG] cshmd.analysis (get_mole)                                    : get_mole C - O -> nbonds: 3
04/15 17:04 [DEBUG] cshmd.analysis (get_mole)                                    : get_mole O - H -> nbonds: 3
04/15 17:04 [DEBUG] cshmd.analysis (find_bond)                                   : find_bond Ca - O rcut -> 3.0
04/15 17:04 [DEBUG] cshmd.common (time_wrapper)                                  : [RUNTIME] get_distance_table in 0.353 seconds
04/15 17:04 [DEBUG] cshmd.analysis (search_basic)                                : Basic search result -> H2O: 612, SiO4: 696, OH: 128, CO3: 0, H3O: 0, Ca_O: 4122
04/15 17:04 [DEBUG] cshmd.analysis (full_search)                                 : Search layer details
04/15 17:04 [DEBUG] cshmd.analysis (find_bond)                                   : find_bond Ca - O rcut -> 3.0
04/15 17:04 [DEBUG] cshmd.analysis (find_bond)                                   : find_bond Si - O rcut -> 2.2
04/15 17:04 [DEBUG] cshmd.analysis (set_layer_boundary)                          : Set layer boundary -> 0.2361377918249991 - 0.7222344292749987
04/15 17:04 [DEBUG] cshmd.analysis (__detail_search_oh_co3)                      : No CO3 in basic search
04/15 17:04 [DEBUG] cshmd.analysis (__detail_search_oh_sioh)                     : Searching 'OH' in 'SiO4
04/15 17:04 [DEBUG] cshmd.analysis (__detail_search_oh_caoh)                     : Searching 'OH' in 'CaOH
04/15 17:04 [DEBUG] cshmd.analysis (find_bond)                                   : find_bond O - H rcut -> 1.15
04/15 17:04 [DEBUG] cshmd.analysis (get_mole)                                    : get_mole O - H -> nbonds: 1
04/15 17:04 [DEBUG] cshmd.analysis (get_mole)                                    : get_mole O - H -> nbonds: 2
04/15 17:04 [DEBUG] cshmd.analysis (find_bond)                                   : find_bond C - O rcut -> 1.4
04/15 17:04 [DEBUG] cshmd.analysis (get_mole)                                    : get_mole C - O -> nbonds: 3
04/15 17:04 [DEBUG] cshmd.analysis (find_bond)                                   : find_bond Si - O rcut -> 1.8
04/15 17:04 [DEBUG] cshmd.analysis (get_mole)                                    : get_mole Si - O -> nbonds: 4
04/15 17:04 [INFO] cshmd.functions (cal_uniform_by_space)                        : Number of molecules to add : 2678
04/15 17:04 [INFO] cshmd.functions (cal_uniform_by_space)                        : Number of atoms per surface : 272
04/15 17:04 [INFO] cshmd.functions (cal_uniform_by_space)                        : Number of layer : 10
04/15 17:04 [INFO] cshmd.structure (extendLattice)                               : Extend lattice 53.882 59.402 28.788 -> 53.882 59.402 46.788 
04/15 17:04 [INFO] cif_modifier (exec_make_interface)                            : Number of atoms: 5596 -> 13630
04/15 17:04 [INFO] cshmd.structure (labeling_by_clayff)                          : Now get label according to 'Clayff' style
04/15 17:04 [DEBUG] cshmd.analysis (get_mole)                                    : get_mole O - H -> nbonds: 1
04/15 17:04 [DEBUG] cshmd.analysis (get_mole)                                    : get_mole O - H -> nbonds: 2
04/15 17:04 [DEBUG] cshmd.analysis (get_mole)                                    : get_mole Si - O -> nbonds: 4
04/15 17:04 [DEBUG] cshmd.analysis (get_mole)                                    : get_mole C - O -> nbonds: 3
04/15 17:04 [INFO] cshmd.structure (labeling_by_clayff)                          : All atoms labeled by clayff
04/15 17:04 [INFO] cshmd.structure (labeling_by_clayff)                          : Clayff charge: 0.000
04/15 17:04 [INFO] cshmd.structure (writeCif)                                    : L100_w2750.cif was created
04/15 17:04 [INFO] cif_modifier (__init__)                                       : Total charge: 0 -> 0
04/15 17:04 [DEBUG] cshmd.common (get_logger)                                    : $$$$$$$$$$$$$$  Logger 'cshmd.common........' initialized  $$$$$$$$$$$$$$
04/15 17:04 [DEBUG] cshmd.functions (get_logger)                                 : $$$$$$$$$$$$$$  Logger 'cshmd.functions.....' initialized  $$$$$$$$$$$$$$
04/15 17:04 [DEBUG] cshmd.load (get_logger)                                      : $$$$$$$$$$$$$$  Logger 'cshmd.load..........' initialized  $$$$$$$$$$$$$$
04/15 17:04 [DEBUG] cshmd.analysis (get_logger)                                  : $$$$$$$$$$$$$$  Logger 'cshmd.analysis......' initialized  $$$$$$$$$$$$$$
04/15 17:04 [DEBUG] cshmd.structure (get_logger)                                 : $$$$$$$$$$$$$$  Logger 'cshmd.structure.....' initialized  $$$$$$$$$$$$$$
04/15 17:04 [DEBUG] cshmd.builder (get_logger)                                   : $$$$$$$$$$$$$$  Logger 'cshmd.builder.......' initialized  $$$$$$$$$$$$$$
04/15 17:04 [DEBUG] cshmd.trj_analysis (get_logger)                              : $$$$$$$$$$$$$$  Logger 'cshmd.trj_analysis..' initialized  $$$$$$$$$$$$$$
04/15 17:04 [DEBUG] cif_modifier (get_logger)                                    : $$$$$$$$$$$$$$  Logger 'cif_modifier........' initialized  $$$$$$$$$$$$$$
04/15 17:04 [INFO] cif_modifier (<module>)                                       : Logger loaded
04/15 17:04 [INFO] cshmd.structure (__init__)                                    : L120.cif was loaded
04/15 17:04 [DEBUG] cshmd.analysis (__init__)                                    : [Structure] Now new data setted for get Bonds
04/15 17:04 [DEBUG] cshmd.analysis (__del_bond__)                                : del -> Si_O O_H H_O Ca_O C_O BO NBO
04/15 17:04 [DEBUG] cshmd.analysis (__initialize_mole__)                         : initalize -> H2O SiO4 OH CO3 H3O
04/15 17:04 [DEBUG] cshmd.analysis (__initialize_mole__)                         : initalize -> SiOH CaOH HCO3 H2CO3 H3CO3
04/15 17:04 [DEBUG] cshmd.analysis (__init__)                                    : C-S-H Model not setted
04/15 17:04 [DEBUG] cshmd.analysis (find_bond)                                   : find_bond O - H rcut -> 1.2
04/15 17:04 [DEBUG] cshmd.common (time_wrapper)                                  : [RUNTIME] get_distance_table in 0.603 seconds
04/15 17:04 [DEBUG] cshmd.analysis (get_mole)                                    : get_mole O - H -> nbonds: 2
04/15 17:04 [DEBUG] cshmd.analysis (find_bond)                                   : find_bond Si - O rcut -> 2.2
04/15 17:04 [DEBUG] cshmd.common (time_wrapper)                                  : [RUNTIME] get_distance_table in 0.323 seconds
04/15 17:04 [DEBUG] cshmd.analysis (get_mole)                                    : get_mole Si - O -> nbonds: 4
04/15 17:04 [DEBUG] cshmd.analysis (get_mole)                                    : get_mole O - H -> nbonds: 1
04/15 17:04 [DEBUG] cshmd.analysis (find_bond)                                   : find_bond C - O rcut -> 1.6
04/15 17:04 [DEBUG] cshmd.analysis (get_mole)                                    : get_mole C - O -> nbonds: 3
04/15 17:04 [DEBUG] cshmd.analysis (get_mole)                                    : get_mole O - H -> nbonds: 3
04/15 17:04 [DEBUG] cshmd.analysis (find_bond)                                   : find_bond Ca - O rcut -> 3.0
04/15 17:04 [DEBUG] cshmd.common (time_wrapper)                                  : [RUNTIME] get_distance_table in 0.338 seconds
04/15 17:04 [DEBUG] cshmd.analysis (search_basic)                                : Basic search result -> H2O: 606, SiO4: 708, OH: 128, CO3: 0, H3O: 0, Ca_O: 4107
04/15 17:04 [DEBUG] cshmd.analysis (full_search)                                 : Search layer details
04/15 17:04 [DEBUG] cshmd.analysis (find_bond)                                   : find_bond Ca - O rcut -> 3.0
04/15 17:04 [DEBUG] cshmd.analysis (find_bond)                                   : find_bond Si - O rcut -> 2.2
04/15 17:04 [DEBUG] cshmd.analysis (set_layer_boundary)                          : Set layer boundary -> 0.2361377918249991 - 0.7222344292749987
04/15 17:04 [DEBUG] cshmd.analysis (__detail_search_oh_co3)                      : No CO3 in basic search
04/15 17:04 [DEBUG] cshmd.analysis (__detail_search_oh_sioh)                     : Searching 'OH' in 'SiO4
04/15 17:04 [DEBUG] cshmd.analysis (__detail_search_oh_caoh)                     : Searching 'OH' in 'CaOH
04/15 17:04 [DEBUG] cshmd.analysis (find_bond)                                   : find_bond O - H rcut -> 1.15
04/15 17:04 [DEBUG] cshmd.analysis (get_mole)                                    : get_mole O - H -> nbonds: 1
04/15 17:04 [DEBUG] cshmd.analysis (get_mole)                                    : get_mole O - H -> nbonds: 2
04/15 17:04 [DEBUG] cshmd.analysis (find_bond)                                   : find_bond C - O rcut -> 1.4
04/15 17:04 [DEBUG] cshmd.analysis (get_mole)                                    : get_mole C - O -> nbonds: 3
04/15 17:04 [DEBUG] cshmd.analysis (find_bond)                                   : find_bond Si - O rcut -> 1.8
04/15 17:04 [DEBUG] cshmd.analysis (get_mole)                                    : get_mole Si - O -> nbonds: 4
04/15 17:04 [INFO] cshmd.functions (cal_uniform_by_space)                        : Number of molecules to add : 2678
04/15 17:04 [INFO] cshmd.functions (cal_uniform_by_space)                        : Number of atoms per surface : 272
04/15 17:04 [INFO] cshmd.functions (cal_uniform_by_space)                        : Number of layer : 10
04/15 17:04 [INFO] cshmd.structure (extendLattice)                               : Extend lattice 53.882 59.402 28.788 -> 53.882 59.402 46.788 
04/15 17:04 [INFO] cif_modifier (exec_make_interface)                            : Number of atoms: 5602 -> 13636
04/15 17:04 [INFO] cshmd.structure (labeling_by_clayff)                          : Now get label according to 'Clayff' style
04/15 17:04 [DEBUG] cshmd.analysis (get_mole)                                    : get_mole O - H -> nbonds: 1
04/15 17:04 [DEBUG] cshmd.analysis (get_mole)                                    : get_mole O - H -> nbonds: 2
04/15 17:04 [DEBUG] cshmd.analysis (get_mole)                                    : get_mole Si - O -> nbonds: 4
04/15 17:04 [DEBUG] cshmd.analysis (get_mole)                                    : get_mole C - O -> nbonds: 3
04/15 17:04 [INFO] cshmd.structure (labeling_by_clayff)                          : All atoms labeled by clayff
04/15 17:04 [INFO] cshmd.structure (labeling_by_clayff)                          : Clayff charge: 0.000
04/15 17:04 [INFO] cshmd.structure (writeCif)                                    : L120_w2750.cif was created
04/15 17:04 [INFO] cif_modifier (__init__)                                       : Total charge: 0 -> 0
04/17 18:28 [DEBUG] cshmd.common (get_logger)                                    : $$$$$$$$$$$$$$  Logger 'cshmd.common........' initialized  $$$$$$$$$$$$$$
04/17 18:28 [DEBUG] cshmd.functions (get_logger)                                 : $$$$$$$$$$$$$$  Logger 'cshmd.functions.....' initialized  $$$$$$$$$$$$$$
04/17 18:28 [DEBUG] cshmd.load (get_logger)                                      : $$$$$$$$$$$$$$  Logger 'cshmd.load..........' initialized  $$$$$$$$$$$$$$
04/17 18:28 [DEBUG] cshmd.analysis (get_logger)                                  : $$$$$$$$$$$$$$  Logger 'cshmd.analysis......' initialized  $$$$$$$$$$$$$$
04/17 18:28 [DEBUG] cshmd.structure (get_logger)                                 : $$$$$$$$$$$$$$  Logger 'cshmd.structure.....' initialized  $$$$$$$$$$$$$$
04/17 18:28 [DEBUG] cshmd.builder (get_logger)                                   : $$$$$$$$$$$$$$  Logger 'cshmd.builder.......' initialized  $$$$$$$$$$$$$$
04/17 18:28 [DEBUG] cshmd.trj_analysis (get_logger)                              : $$$$$$$$$$$$$$  Logger 'cshmd.trj_analysis..' initialized  $$$$$$$$$$$$$$
04/17 18:28 [DEBUG] cif_modifier (get_logger)                                    : $$$$$$$$$$$$$$  Logger 'cif_modifier........' initialized  $$$$$$$$$$$$$$
04/17 18:28 [INFO] cif_modifier (<module>)                                       : Logger loaded
04/17 18:28 [INFO] cshmd.structure (__init__)                                    : L020.cif was loaded
04/17 18:28 [DEBUG] cshmd.analysis (__init__)                                    : [Structure] Now new data setted for get Bonds
04/17 18:28 [DEBUG] cshmd.analysis (__del_bond__)                                : del -> Si_O O_H H_O Ca_O C_O BO NBO
04/17 18:28 [DEBUG] cshmd.analysis (__initialize_mole__)                         : initalize -> H2O SiO4 OH CO3 H3O
04/17 18:28 [DEBUG] cshmd.analysis (__initialize_mole__)                         : initalize -> SiOH CaOH HCO3 H2CO3 H3CO3
04/17 18:28 [DEBUG] cshmd.analysis (__init__)                                    : C-S-H Model not setted
04/17 18:28 [DEBUG] cshmd.analysis (find_bond)                                   : find_bond O - H rcut -> 1.2
04/17 18:28 [DEBUG] cshmd.common (time_wrapper)                                  : [RUNTIME] get_distance_table in 0.647 seconds
04/17 18:28 [DEBUG] cshmd.analysis (get_mole)                                    : get_mole O - H -> nbonds: 2
04/17 18:28 [DEBUG] cshmd.analysis (find_bond)                                   : find_bond Si - O rcut -> 2.2
04/17 18:28 [DEBUG] cshmd.common (time_wrapper)                                  : [RUNTIME] get_distance_table in 0.233 seconds
04/17 18:28 [DEBUG] cshmd.analysis (get_mole)                                    : get_mole Si - O -> nbonds: 4
04/17 18:28 [DEBUG] cshmd.analysis (get_mole)                                    : get_mole O - H -> nbonds: 1
04/17 18:28 [DEBUG] cshmd.analysis (find_bond)                                   : find_bond C - O rcut -> 1.6
04/17 18:28 [DEBUG] cshmd.analysis (get_mole)                                    : get_mole C - O -> nbonds: 3
04/17 18:28 [DEBUG] cshmd.analysis (get_mole)                                    : get_mole O - H -> nbonds: 3
04/17 18:28 [DEBUG] cshmd.analysis (find_bond)                                   : find_bond Ca - O rcut -> 3.0
04/17 18:28 [DEBUG] cshmd.common (time_wrapper)                                  : [RUNTIME] get_distance_table in 0.353 seconds
04/17 18:28 [DEBUG] cshmd.analysis (search_basic)                                : Basic search result -> H2O: 704, SiO4: 512, OH: 128, CO3: 0, H3O: 0, Ca_O: 4352
04/17 18:28 [DEBUG] cshmd.analysis (full_search)                                 : Search layer details
04/17 18:28 [DEBUG] cshmd.analysis (find_bond)                                   : find_bond Ca - O rcut -> 3.0
04/17 18:28 [DEBUG] cshmd.analysis (find_bond)                                   : find_bond Si - O rcut -> 2.2
04/17 18:28 [DEBUG] cshmd.analysis (set_layer_boundary)                          : Set layer boundary -> 0.2361377918249991 - 0.7222344292749987
04/17 18:28 [DEBUG] cshmd.analysis (__detail_search_oh_co3)                      : No CO3 in basic search
04/17 18:28 [DEBUG] cshmd.analysis (__detail_search_oh_sioh)                     : Searching 'OH' in 'SiO4
04/17 18:28 [DEBUG] cshmd.analysis (__detail_search_oh_caoh)                     : Searching 'OH' in 'CaOH
04/17 18:28 [INFO] cshmd.structure (cut)                                         : Cutting range axis z: 0.70000 to 1.00000
04/17 18:28 [INFO] cshmd.structure (cut)                                         : Number of atoms: 5504 -> 4544
04/17 18:28 [INFO] cshmd.structure (cut)                                         : Cutting range axis z: 0.00000 to 0.26000
04/17 18:28 [INFO] cshmd.structure (cut)                                         : Number of atoms: 4544 -> 3584
04/17 18:28 [INFO] cshmd.structure (writeCif)                                    : L020_modified.cif was created
04/17 18:28 [INFO] cif_modifier (__init__)                                       : Total charge: 0 -> 0
04/17 18:32 [DEBUG] cshmd.common (get_logger)                                    : $$$$$$$$$$$$$$  Logger 'cshmd.common........' initialized  $$$$$$$$$$$$$$
04/17 18:32 [DEBUG] cshmd.functions (get_logger)                                 : $$$$$$$$$$$$$$  Logger 'cshmd.functions.....' initialized  $$$$$$$$$$$$$$
04/17 18:32 [DEBUG] cshmd.load (get_logger)                                      : $$$$$$$$$$$$$$  Logger 'cshmd.load..........' initialized  $$$$$$$$$$$$$$
04/17 18:32 [DEBUG] cshmd.analysis (get_logger)                                  : $$$$$$$$$$$$$$  Logger 'cshmd.analysis......' initialized  $$$$$$$$$$$$$$
04/17 18:32 [DEBUG] cshmd.structure (get_logger)                                 : $$$$$$$$$$$$$$  Logger 'cshmd.structure.....' initialized  $$$$$$$$$$$$$$
04/17 18:32 [DEBUG] cshmd.builder (get_logger)                                   : $$$$$$$$$$$$$$  Logger 'cshmd.builder.......' initialized  $$$$$$$$$$$$$$
04/17 18:32 [DEBUG] cshmd.trj_analysis (get_logger)                              : $$$$$$$$$$$$$$  Logger 'cshmd.trj_analysis..' initialized  $$$$$$$$$$$$$$
04/17 18:32 [DEBUG] cif_modifier (get_logger)                                    : $$$$$$$$$$$$$$  Logger 'cif_modifier........' initialized  $$$$$$$$$$$$$$
04/17 18:32 [INFO] cif_modifier (<module>)                                       : Logger loaded
04/17 18:32 [INFO] cshmd.structure (__init__)                                    : L020.cif was loaded
04/17 18:32 [DEBUG] cshmd.analysis (__init__)                                    : [Structure] Now new data setted for get Bonds
04/17 18:32 [DEBUG] cshmd.analysis (__del_bond__)                                : del -> Si_O O_H H_O Ca_O C_O BO NBO
04/17 18:32 [DEBUG] cshmd.analysis (__initialize_mole__)                         : initalize -> H2O SiO4 OH CO3 H3O
04/17 18:32 [DEBUG] cshmd.analysis (__initialize_mole__)                         : initalize -> SiOH CaOH HCO3 H2CO3 H3CO3
04/17 18:32 [DEBUG] cshmd.analysis (__init__)                                    : C-S-H Model not setted
04/17 18:32 [DEBUG] cshmd.analysis (find_bond)                                   : find_bond O - H rcut -> 1.2
04/17 18:32 [DEBUG] cshmd.common (time_wrapper)                                  : [RUNTIME] get_distance_table in 0.641 seconds
04/17 18:32 [DEBUG] cshmd.analysis (get_mole)                                    : get_mole O - H -> nbonds: 2
04/17 18:32 [DEBUG] cshmd.analysis (find_bond)                                   : find_bond Si - O rcut -> 2.2
04/17 18:32 [DEBUG] cshmd.common (time_wrapper)                                  : [RUNTIME] get_distance_table in 0.238 seconds
04/17 18:32 [DEBUG] cshmd.analysis (get_mole)                                    : get_mole Si - O -> nbonds: 4
04/17 18:32 [DEBUG] cshmd.analysis (get_mole)                                    : get_mole O - H -> nbonds: 1
04/17 18:32 [DEBUG] cshmd.analysis (find_bond)                                   : find_bond C - O rcut -> 1.6
04/17 18:32 [DEBUG] cshmd.analysis (get_mole)                                    : get_mole C - O -> nbonds: 3
04/17 18:32 [DEBUG] cshmd.analysis (get_mole)                                    : get_mole O - H -> nbonds: 3
04/17 18:32 [DEBUG] cshmd.analysis (find_bond)                                   : find_bond Ca - O rcut -> 3.0
04/17 18:32 [DEBUG] cshmd.common (time_wrapper)                                  : [RUNTIME] get_distance_table in 0.345 seconds
04/17 18:32 [DEBUG] cshmd.analysis (search_basic)                                : Basic search result -> H2O: 704, SiO4: 512, OH: 128, CO3: 0, H3O: 0, Ca_O: 4352
04/17 18:32 [DEBUG] cshmd.analysis (full_search)                                 : Search layer details
04/17 18:32 [DEBUG] cshmd.analysis (find_bond)                                   : find_bond Ca - O rcut -> 3.0
04/17 18:32 [DEBUG] cshmd.analysis (find_bond)                                   : find_bond Si - O rcut -> 2.2
04/17 18:32 [DEBUG] cshmd.analysis (set_layer_boundary)                          : Set layer boundary -> 0.2361377918249991 - 0.7222344292749987
04/17 18:32 [DEBUG] cshmd.analysis (__detail_search_oh_co3)                      : No CO3 in basic search
04/17 18:32 [DEBUG] cshmd.analysis (__detail_search_oh_sioh)                     : Searching 'OH' in 'SiO4
04/17 18:32 [DEBUG] cshmd.analysis (__detail_search_oh_caoh)                     : Searching 'OH' in 'CaOH
04/17 18:32 [INFO] cshmd.structure (cut)                                         : Cutting range axis z: 0.00000 to 0.42000
04/17 18:32 [INFO] cshmd.structure (cut)                                         : Number of atoms: 5504 -> 3264
04/17 18:32 [INFO] cshmd.structure (writeCif)                                    : L020_modified.cif was created
04/17 18:32 [INFO] cif_modifier (__init__)                                       : Total charge: 0 -> 64
04/17 18:36 [DEBUG] cshmd.common (get_logger)                                    : $$$$$$$$$$$$$$  Logger 'cshmd.common........' initialized  $$$$$$$$$$$$$$
04/17 18:36 [DEBUG] cshmd.functions (get_logger)                                 : $$$$$$$$$$$$$$  Logger 'cshmd.functions.....' initialized  $$$$$$$$$$$$$$
04/17 18:36 [DEBUG] cshmd.load (get_logger)                                      : $$$$$$$$$$$$$$  Logger 'cshmd.load..........' initialized  $$$$$$$$$$$$$$
04/17 18:36 [DEBUG] cshmd.analysis (get_logger)                                  : $$$$$$$$$$$$$$  Logger 'cshmd.analysis......' initialized  $$$$$$$$$$$$$$
04/17 18:36 [DEBUG] cshmd.structure (get_logger)                                 : $$$$$$$$$$$$$$  Logger 'cshmd.structure.....' initialized  $$$$$$$$$$$$$$
04/17 18:36 [DEBUG] cshmd.builder (get_logger)                                   : $$$$$$$$$$$$$$  Logger 'cshmd.builder.......' initialized  $$$$$$$$$$$$$$
04/17 18:36 [DEBUG] cshmd.trj_analysis (get_logger)                              : $$$$$$$$$$$$$$  Logger 'cshmd.trj_analysis..' initialized  $$$$$$$$$$$$$$
04/17 18:36 [DEBUG] cif_modifier (get_logger)                                    : $$$$$$$$$$$$$$  Logger 'cif_modifier........' initialized  $$$$$$$$$$$$$$
04/17 18:36 [INFO] cif_modifier (<module>)                                       : Logger loaded
04/17 18:36 [INFO] cshmd.structure (__init__)                                    : L020.cif was loaded
04/17 18:36 [DEBUG] cshmd.analysis (__init__)                                    : [Structure] Now new data setted for get Bonds
04/17 18:36 [DEBUG] cshmd.analysis (__del_bond__)                                : del -> Si_O O_H H_O Ca_O C_O BO NBO
04/17 18:36 [DEBUG] cshmd.analysis (__initialize_mole__)                         : initalize -> H2O SiO4 OH CO3 H3O
04/17 18:36 [DEBUG] cshmd.analysis (__initialize_mole__)                         : initalize -> SiOH CaOH HCO3 H2CO3 H3CO3
04/17 18:36 [DEBUG] cshmd.analysis (__init__)                                    : C-S-H Model not setted
04/17 18:36 [DEBUG] cshmd.analysis (find_bond)                                   : find_bond O - H rcut -> 1.2
04/17 18:36 [DEBUG] cshmd.common (time_wrapper)                                  : [RUNTIME] get_distance_table in 0.716 seconds
04/17 18:36 [DEBUG] cshmd.analysis (get_mole)                                    : get_mole O - H -> nbonds: 2
04/17 18:36 [DEBUG] cshmd.analysis (find_bond)                                   : find_bond Si - O rcut -> 2.2
04/17 18:36 [DEBUG] cshmd.common (time_wrapper)                                  : [RUNTIME] get_distance_table in 0.270 seconds
04/17 18:36 [DEBUG] cshmd.analysis (get_mole)                                    : get_mole Si - O -> nbonds: 4
04/17 18:36 [DEBUG] cshmd.analysis (get_mole)                                    : get_mole O - H -> nbonds: 1
04/17 18:36 [DEBUG] cshmd.analysis (find_bond)                                   : find_bond C - O rcut -> 1.6
04/17 18:36 [DEBUG] cshmd.analysis (get_mole)                                    : get_mole C - O -> nbonds: 3
04/17 18:36 [DEBUG] cshmd.analysis (get_mole)                                    : get_mole O - H -> nbonds: 3
04/17 18:36 [DEBUG] cshmd.analysis (find_bond)                                   : find_bond Ca - O rcut -> 3.0
04/17 18:36 [DEBUG] cshmd.common (time_wrapper)                                  : [RUNTIME] get_distance_table in 0.412 seconds
04/17 18:36 [DEBUG] cshmd.analysis (search_basic)                                : Basic search result -> H2O: 704, SiO4: 512, OH: 128, CO3: 0, H3O: 0, Ca_O: 4352
04/17 18:36 [DEBUG] cshmd.analysis (full_search)                                 : Search layer details
04/17 18:36 [DEBUG] cshmd.analysis (find_bond)                                   : find_bond Ca - O rcut -> 3.0
04/17 18:36 [DEBUG] cshmd.analysis (find_bond)                                   : find_bond Si - O rcut -> 2.2
04/17 18:36 [DEBUG] cshmd.analysis (set_layer_boundary)                          : Set layer boundary -> 0.2361377918249991 - 0.7222344292749987
04/17 18:36 [DEBUG] cshmd.analysis (__detail_search_oh_co3)                      : No CO3 in basic search
04/17 18:36 [DEBUG] cshmd.analysis (__detail_search_oh_sioh)                     : Searching 'OH' in 'SiO4
04/17 18:36 [DEBUG] cshmd.analysis (__detail_search_oh_caoh)                     : Searching 'OH' in 'CaOH
04/17 18:36 [INFO] cshmd.structure (cut)                                         : Cutting range axis z: 0.80000 to 1.00000
04/17 18:36 [INFO] cshmd.structure (cut)                                         : Number of atoms: 5504 -> 5056
04/17 18:36 [INFO] cshmd.structure (cut)                                         : Cutting range axis z: 0.00000 to 0.35000
04/17 18:36 [INFO] cshmd.structure (cut)                                         : Number of atoms: 5056 -> 3456
04/17 18:36 [INFO] cshmd.structure (writeCif)                                    : L020_modified.cif was created
04/17 18:36 [INFO] cif_modifier (__init__)                                       : Total charge: 0 -> 64
04/17 18:38 [DEBUG] cshmd.common (get_logger)                                    : $$$$$$$$$$$$$$  Logger 'cshmd.common........' initialized  $$$$$$$$$$$$$$
04/17 18:38 [DEBUG] cshmd.functions (get_logger)                                 : $$$$$$$$$$$$$$  Logger 'cshmd.functions.....' initialized  $$$$$$$$$$$$$$
04/17 18:38 [DEBUG] cshmd.load (get_logger)                                      : $$$$$$$$$$$$$$  Logger 'cshmd.load..........' initialized  $$$$$$$$$$$$$$
04/17 18:38 [DEBUG] cshmd.analysis (get_logger)                                  : $$$$$$$$$$$$$$  Logger 'cshmd.analysis......' initialized  $$$$$$$$$$$$$$
04/17 18:38 [DEBUG] cshmd.structure (get_logger)                                 : $$$$$$$$$$$$$$  Logger 'cshmd.structure.....' initialized  $$$$$$$$$$$$$$
04/17 18:38 [DEBUG] cshmd.builder (get_logger)                                   : $$$$$$$$$$$$$$  Logger 'cshmd.builder.......' initialized  $$$$$$$$$$$$$$
04/17 18:38 [DEBUG] cshmd.trj_analysis (get_logger)                              : $$$$$$$$$$$$$$  Logger 'cshmd.trj_analysis..' initialized  $$$$$$$$$$$$$$
04/17 18:38 [DEBUG] cif_modifier (get_logger)                                    : $$$$$$$$$$$$$$  Logger 'cif_modifier........' initialized  $$$$$$$$$$$$$$
04/17 18:38 [INFO] cif_modifier (<module>)                                       : Logger loaded
04/17 18:38 [INFO] cshmd.structure (__init__)                                    : L020.cif was loaded
04/17 18:38 [DEBUG] cshmd.analysis (__init__)                                    : [Structure] Now new data setted for get Bonds
04/17 18:38 [DEBUG] cshmd.analysis (__del_bond__)                                : del -> Si_O O_H H_O Ca_O C_O BO NBO
04/17 18:38 [DEBUG] cshmd.analysis (__initialize_mole__)                         : initalize -> H2O SiO4 OH CO3 H3O
04/17 18:38 [DEBUG] cshmd.analysis (__initialize_mole__)                         : initalize -> SiOH CaOH HCO3 H2CO3 H3CO3
04/17 18:38 [DEBUG] cshmd.analysis (__init__)                                    : C-S-H Model not setted
04/17 18:38 [DEBUG] cshmd.analysis (find_bond)                                   : find_bond O - H rcut -> 1.2
04/17 18:38 [DEBUG] cshmd.common (time_wrapper)                                  : [RUNTIME] get_distance_table in 0.657 seconds
04/17 18:38 [DEBUG] cshmd.analysis (get_mole)                                    : get_mole O - H -> nbonds: 2
04/17 18:38 [DEBUG] cshmd.analysis (find_bond)                                   : find_bond Si - O rcut -> 2.2
04/17 18:38 [DEBUG] cshmd.common (time_wrapper)                                  : [RUNTIME] get_distance_table in 0.230 seconds
04/17 18:38 [DEBUG] cshmd.analysis (get_mole)                                    : get_mole Si - O -> nbonds: 4
04/17 18:38 [DEBUG] cshmd.analysis (get_mole)                                    : get_mole O - H -> nbonds: 1
04/17 18:38 [DEBUG] cshmd.analysis (find_bond)                                   : find_bond C - O rcut -> 1.6
04/17 18:38 [DEBUG] cshmd.analysis (get_mole)                                    : get_mole C - O -> nbonds: 3
04/17 18:38 [DEBUG] cshmd.analysis (get_mole)                                    : get_mole O - H -> nbonds: 3
04/17 18:38 [DEBUG] cshmd.analysis (find_bond)                                   : find_bond Ca - O rcut -> 3.0
04/17 18:38 [DEBUG] cshmd.common (time_wrapper)                                  : [RUNTIME] get_distance_table in 0.347 seconds
04/17 18:38 [DEBUG] cshmd.analysis (search_basic)                                : Basic search result -> H2O: 704, SiO4: 512, OH: 128, CO3: 0, H3O: 0, Ca_O: 4352
04/17 18:38 [DEBUG] cshmd.analysis (full_search)                                 : Search layer details
04/17 18:38 [DEBUG] cshmd.analysis (find_bond)                                   : find_bond Ca - O rcut -> 3.0
04/17 18:38 [DEBUG] cshmd.analysis (find_bond)                                   : find_bond Si - O rcut -> 2.2
04/17 18:38 [DEBUG] cshmd.analysis (set_layer_boundary)                          : Set layer boundary -> 0.2361377918249991 - 0.7222344292749987
04/17 18:38 [DEBUG] cshmd.analysis (__detail_search_oh_co3)                      : No CO3 in basic search
04/17 18:38 [DEBUG] cshmd.analysis (__detail_search_oh_sioh)                     : Searching 'OH' in 'SiO4
04/17 18:38 [DEBUG] cshmd.analysis (__detail_search_oh_caoh)                     : Searching 'OH' in 'CaOH
04/17 18:38 [INFO] cshmd.structure (cut)                                         : Cutting range axis z: 0.80000 to 1.00000
04/17 18:38 [INFO] cshmd.structure (cut)                                         : Number of atoms: 5504 -> 5056
04/17 18:38 [INFO] cshmd.structure (cut)                                         : Cutting range axis z: 0.00000 to 0.26000
04/17 18:38 [INFO] cshmd.structure (cut)                                         : Number of atoms: 5056 -> 4096
04/17 18:38 [INFO] cshmd.structure (writeCif)                                    : L020_modified.cif was created
04/17 18:38 [INFO] cif_modifier (__init__)                                       : Total charge: 0 -> 256
04/17 22:43 [DEBUG] cshmd.common (get_logger)                                    : $$$$$$$$$$$$$$  Logger 'cshmd.common........' initialized  $$$$$$$$$$$$$$
04/17 22:43 [DEBUG] cshmd.functions (get_logger)                                 : $$$$$$$$$$$$$$  Logger 'cshmd.functions.....' initialized  $$$$$$$$$$$$$$
04/17 22:43 [DEBUG] cshmd.load (get_logger)                                      : $$$$$$$$$$$$$$  Logger 'cshmd.load..........' initialized  $$$$$$$$$$$$$$
04/17 22:43 [DEBUG] cshmd.analysis (get_logger)                                  : $$$$$$$$$$$$$$  Logger 'cshmd.analysis......' initialized  $$$$$$$$$$$$$$
04/17 22:43 [DEBUG] cshmd.structure (get_logger)                                 : $$$$$$$$$$$$$$  Logger 'cshmd.structure.....' initialized  $$$$$$$$$$$$$$
04/17 22:43 [DEBUG] cshmd.builder (get_logger)                                   : $$$$$$$$$$$$$$  Logger 'cshmd.builder.......' initialized  $$$$$$$$$$$$$$
04/17 22:43 [DEBUG] cshmd.trj_analysis (get_logger)                              : $$$$$$$$$$$$$$  Logger 'cshmd.trj_analysis..' initialized  $$$$$$$$$$$$$$
04/17 22:43 [DEBUG] cif_modifier (get_logger)                                    : $$$$$$$$$$$$$$  Logger 'cif_modifier........' initialized  $$$$$$$$$$$$$$
04/17 22:43 [INFO] cif_modifier (<module>)                                       : Logger loaded
04/17 22:43 [INFO] cshmd.structure (__init__)                                    : L020.cif was loaded
04/17 22:43 [DEBUG] cshmd.analysis (__init__)                                    : [Structure] Now new data setted for get Bonds
04/17 22:43 [DEBUG] cshmd.analysis (__del_bond__)                                : del -> Si_O O_H H_O Ca_O C_O BO NBO
04/17 22:43 [DEBUG] cshmd.analysis (__initialize_mole__)                         : initalize -> H2O SiO4 OH CO3 H3O
04/17 22:43 [DEBUG] cshmd.analysis (__initialize_mole__)                         : initalize -> SiOH CaOH HCO3 H2CO3 H3CO3
04/17 22:43 [DEBUG] cshmd.analysis (__init__)                                    : C-S-H Model not setted
04/17 22:43 [DEBUG] cshmd.analysis (find_bond)                                   : find_bond O - H rcut -> 1.2
04/17 22:43 [DEBUG] cshmd.common (time_wrapper)                                  : [RUNTIME] get_distance_table in 0.672 seconds
04/17 22:43 [DEBUG] cshmd.analysis (get_mole)                                    : get_mole O - H -> nbonds: 2
04/17 22:43 [DEBUG] cshmd.analysis (find_bond)                                   : find_bond Si - O rcut -> 2.2
04/17 22:43 [DEBUG] cshmd.common (time_wrapper)                                  : [RUNTIME] get_distance_table in 0.238 seconds
04/17 22:43 [DEBUG] cshmd.analysis (get_mole)                                    : get_mole Si - O -> nbonds: 4
04/17 22:43 [DEBUG] cshmd.analysis (get_mole)                                    : get_mole O - H -> nbonds: 1
04/17 22:43 [DEBUG] cshmd.analysis (find_bond)                                   : find_bond C - O rcut -> 1.6
04/17 22:43 [DEBUG] cshmd.analysis (get_mole)                                    : get_mole C - O -> nbonds: 3
04/17 22:43 [DEBUG] cshmd.analysis (get_mole)                                    : get_mole O - H -> nbonds: 3
04/17 22:43 [DEBUG] cshmd.analysis (find_bond)                                   : find_bond Ca - O rcut -> 3.0
04/17 22:43 [DEBUG] cshmd.common (time_wrapper)                                  : [RUNTIME] get_distance_table in 0.366 seconds
04/17 22:43 [DEBUG] cshmd.analysis (search_basic)                                : Basic search result -> H2O: 704, SiO4: 512, OH: 128, CO3: 0, H3O: 0, Ca_O: 4352
04/17 22:43 [DEBUG] cshmd.analysis (full_search)                                 : Search layer details
04/17 22:43 [DEBUG] cshmd.analysis (find_bond)                                   : find_bond Ca - O rcut -> 3.0
04/17 22:43 [DEBUG] cshmd.analysis (find_bond)                                   : find_bond Si - O rcut -> 2.2
04/17 22:43 [DEBUG] cshmd.analysis (set_layer_boundary)                          : Set layer boundary -> 0.2361377918249991 - 0.7222344292749987
04/17 22:43 [DEBUG] cshmd.analysis (__detail_search_oh_co3)                      : No CO3 in basic search
04/17 22:43 [DEBUG] cshmd.analysis (__detail_search_oh_sioh)                     : Searching 'OH' in 'SiO4
04/17 22:43 [DEBUG] cshmd.analysis (__detail_search_oh_caoh)                     : Searching 'OH' in 'CaOH
04/17 22:43 [INFO] cshmd.structure (cut)                                         : Cutting range axis z: 0.84000 to 1.00000
04/17 22:43 [INFO] cshmd.structure (cut)                                         : Number of atoms: 5504 -> 5248
04/17 22:43 [INFO] cshmd.structure (cut)                                         : Cutting range axis z: 0.00000 to 0.41000
04/17 22:43 [INFO] cshmd.structure (cut)                                         : Number of atoms: 5248 -> 3136
04/17 22:43 [INFO] cshmd.structure (writeCif)                                    : L020_modified.cif was created
04/17 22:43 [INFO] cif_modifier (__init__)                                       : Total charge: 0 -> 128
04/17 22:44 [DEBUG] cshmd.common (get_logger)                                    : $$$$$$$$$$$$$$  Logger 'cshmd.common........' initialized  $$$$$$$$$$$$$$
04/17 22:44 [DEBUG] cshmd.functions (get_logger)                                 : $$$$$$$$$$$$$$  Logger 'cshmd.functions.....' initialized  $$$$$$$$$$$$$$
04/17 22:44 [DEBUG] cshmd.load (get_logger)                                      : $$$$$$$$$$$$$$  Logger 'cshmd.load..........' initialized  $$$$$$$$$$$$$$
04/17 22:44 [DEBUG] cshmd.analysis (get_logger)                                  : $$$$$$$$$$$$$$  Logger 'cshmd.analysis......' initialized  $$$$$$$$$$$$$$
04/17 22:44 [DEBUG] cshmd.structure (get_logger)                                 : $$$$$$$$$$$$$$  Logger 'cshmd.structure.....' initialized  $$$$$$$$$$$$$$
04/17 22:44 [DEBUG] cshmd.builder (get_logger)                                   : $$$$$$$$$$$$$$  Logger 'cshmd.builder.......' initialized  $$$$$$$$$$$$$$
04/17 22:44 [DEBUG] cshmd.trj_analysis (get_logger)                              : $$$$$$$$$$$$$$  Logger 'cshmd.trj_analysis..' initialized  $$$$$$$$$$$$$$
04/17 22:44 [DEBUG] cif_modifier (get_logger)                                    : $$$$$$$$$$$$$$  Logger 'cif_modifier........' initialized  $$$$$$$$$$$$$$
04/17 22:44 [INFO] cif_modifier (<module>)                                       : Logger loaded
04/17 22:44 [INFO] cshmd.structure (__init__)                                    : L020.cif was loaded
04/17 22:44 [DEBUG] cshmd.analysis (__init__)                                    : [Structure] Now new data setted for get Bonds
04/17 22:44 [DEBUG] cshmd.analysis (__del_bond__)                                : del -> Si_O O_H H_O Ca_O C_O BO NBO
04/17 22:44 [DEBUG] cshmd.analysis (__initialize_mole__)                         : initalize -> H2O SiO4 OH CO3 H3O
04/17 22:44 [DEBUG] cshmd.analysis (__initialize_mole__)                         : initalize -> SiOH CaOH HCO3 H2CO3 H3CO3
04/17 22:44 [DEBUG] cshmd.analysis (__init__)                                    : C-S-H Model not setted
04/17 22:44 [DEBUG] cshmd.analysis (find_bond)                                   : find_bond O - H rcut -> 1.2
04/17 22:44 [DEBUG] cshmd.common (time_wrapper)                                  : [RUNTIME] get_distance_table in 0.689 seconds
04/17 22:44 [DEBUG] cshmd.analysis (get_mole)                                    : get_mole O - H -> nbonds: 2
04/17 22:44 [DEBUG] cshmd.analysis (find_bond)                                   : find_bond Si - O rcut -> 2.2
04/17 22:44 [DEBUG] cshmd.common (time_wrapper)                                  : [RUNTIME] get_distance_table in 0.242 seconds
04/17 22:44 [DEBUG] cshmd.analysis (get_mole)                                    : get_mole Si - O -> nbonds: 4
04/17 22:44 [DEBUG] cshmd.analysis (get_mole)                                    : get_mole O - H -> nbonds: 1
04/17 22:44 [DEBUG] cshmd.analysis (find_bond)                                   : find_bond C - O rcut -> 1.6
04/17 22:44 [DEBUG] cshmd.analysis (get_mole)                                    : get_mole C - O -> nbonds: 3
04/17 22:44 [DEBUG] cshmd.analysis (get_mole)                                    : get_mole O - H -> nbonds: 3
04/17 22:44 [DEBUG] cshmd.analysis (find_bond)                                   : find_bond Ca - O rcut -> 3.0
04/17 22:44 [DEBUG] cshmd.common (time_wrapper)                                  : [RUNTIME] get_distance_table in 0.346 seconds
04/17 22:44 [DEBUG] cshmd.analysis (search_basic)                                : Basic search result -> H2O: 704, SiO4: 512, OH: 128, CO3: 0, H3O: 0, Ca_O: 4352
04/17 22:44 [DEBUG] cshmd.analysis (full_search)                                 : Search layer details
04/17 22:44 [DEBUG] cshmd.analysis (find_bond)                                   : find_bond Ca - O rcut -> 3.0
04/17 22:44 [DEBUG] cshmd.analysis (find_bond)                                   : find_bond Si - O rcut -> 2.2
04/17 22:44 [DEBUG] cshmd.analysis (set_layer_boundary)                          : Set layer boundary -> 0.2361377918249991 - 0.7222344292749987
04/17 22:44 [DEBUG] cshmd.analysis (__detail_search_oh_co3)                      : No CO3 in basic search
04/17 22:44 [DEBUG] cshmd.analysis (__detail_search_oh_sioh)                     : Searching 'OH' in 'SiO4
04/17 22:44 [DEBUG] cshmd.analysis (__detail_search_oh_caoh)                     : Searching 'OH' in 'CaOH
04/17 22:44 [INFO] cshmd.structure (cut)                                         : Cutting range axis z: 0.84000 to 1.00000
04/17 22:44 [INFO] cshmd.structure (cut)                                         : Number of atoms: 5504 -> 5248
04/17 22:44 [INFO] cshmd.structure (cut)                                         : Cutting range axis z: 0.00000 to 0.42000
04/17 22:44 [INFO] cshmd.structure (cut)                                         : Number of atoms: 5248 -> 3008
04/17 22:44 [INFO] cshmd.structure (writeCif)                                    : L020_modified.cif was created
04/17 22:44 [INFO] cif_modifier (__init__)                                       : Total charge: 0 -> 128
04/20 12:05 [DEBUG] cshmd.common (get_logger)                                    : $$$$$$$$$$$$$$  Logger 'cshmd.common........' initialized  $$$$$$$$$$$$$$
04/20 12:05 [DEBUG] cshmd.functions (get_logger)                                 : $$$$$$$$$$$$$$  Logger 'cshmd.functions.....' initialized  $$$$$$$$$$$$$$
04/20 12:05 [DEBUG] cshmd.load (get_logger)                                      : $$$$$$$$$$$$$$  Logger 'cshmd.load..........' initialized  $$$$$$$$$$$$$$
04/20 12:05 [DEBUG] cshmd.analysis (get_logger)                                  : $$$$$$$$$$$$$$  Logger 'cshmd.analysis......' initialized  $$$$$$$$$$$$$$
04/20 12:05 [DEBUG] cshmd.structure (get_logger)                                 : $$$$$$$$$$$$$$  Logger 'cshmd.structure.....' initialized  $$$$$$$$$$$$$$
04/20 12:05 [DEBUG] cshmd.builder (get_logger)                                   : $$$$$$$$$$$$$$  Logger 'cshmd.builder.......' initialized  $$$$$$$$$$$$$$
04/20 12:05 [DEBUG] cshmd.trj_analysis (get_logger)                              : $$$$$$$$$$$$$$  Logger 'cshmd.trj_analysis..' initialized  $$$$$$$$$$$$$$
04/20 12:05 [DEBUG] csh_info (get_logger)                                        : $$$$$$$$$$$$$$  Logger 'csh_info............' initialized  $$$$$$$$$$$$$$
04/20 12:05 [INFO] csh_info (main)                                               : Cif: ./L035.cif ./L020.cif ./L030.cif ./L025.cif ./L040.cif ./L120.cif ./L080.cif ./L100.cif ./L060.cif
04/20 12:05 [INFO] cshmd.structure (__init__)                                    : ./L035.cif was loaded
04/20 12:05 [DEBUG] cshmd.analysis (__init__)                                    : [Structure] Now new data setted for get Bonds
04/20 12:05 [DEBUG] cshmd.analysis (__del_bond__)                                : del -> Si_O O_H H_O Ca_O C_O BO NBO
04/20 12:05 [DEBUG] cshmd.analysis (__initialize_mole__)                         : initalize -> H2O SiO4 OH CO3 H3O
04/20 12:05 [DEBUG] cshmd.analysis (__initialize_mole__)                         : initalize -> SiOH CaOH HCO3 H2CO3 H3CO3
04/20 12:05 [DEBUG] cshmd.analysis (__init__)                                    : C-S-H Model not setted
04/20 12:05 [DEBUG] cshmd.analysis (find_bond)                                   : find_bond O - H rcut -> 1.2
04/20 12:05 [DEBUG] cshmd.common (time_wrapper)                                  : [RUNTIME] get_distance_table in 0.658 seconds
04/20 12:05 [DEBUG] cshmd.analysis (get_mole)                                    : get_mole O - H -> nbonds: 2
04/20 12:05 [DEBUG] cshmd.analysis (find_bond)                                   : find_bond Si - O rcut -> 2.2
04/20 12:05 [DEBUG] cshmd.common (time_wrapper)                                  : [RUNTIME] get_distance_table in 0.294 seconds
04/20 12:05 [DEBUG] cshmd.analysis (get_mole)                                    : get_mole Si - O -> nbonds: 4
04/20 12:05 [DEBUG] cshmd.analysis (get_mole)                                    : get_mole O - H -> nbonds: 1
04/20 12:05 [DEBUG] cshmd.analysis (find_bond)                                   : find_bond C - O rcut -> 1.6
04/20 12:05 [DEBUG] cshmd.analysis (get_mole)                                    : get_mole C - O -> nbonds: 3
04/20 12:05 [DEBUG] cshmd.analysis (get_mole)                                    : get_mole O - H -> nbonds: 3
04/20 12:05 [DEBUG] cshmd.analysis (find_bond)                                   : find_bond Ca - O rcut -> 3.0
04/20 12:05 [DEBUG] cshmd.common (time_wrapper)                                  : [RUNTIME] get_distance_table in 0.347 seconds
04/20 12:05 [DEBUG] cshmd.analysis (search_basic)                                : Basic search result -> H2O: 662, SiO4: 596, OH: 128, CO3: 0, H3O: 0, Ca_O: 4247
04/20 12:05 [DEBUG] cshmd.analysis (full_search)                                 : Search layer details
04/20 12:05 [DEBUG] cshmd.analysis (find_bond)                                   : find_bond Ca - O rcut -> 3.0
04/20 12:05 [DEBUG] cshmd.analysis (find_bond)                                   : find_bond Si - O rcut -> 2.2
04/20 12:05 [DEBUG] cshmd.analysis (set_layer_boundary)                          : Set layer boundary -> 0.2361377918249991 - 0.7222344292749987
04/20 12:05 [DEBUG] cshmd.analysis (__detail_search_oh_co3)                      : No CO3 in basic search
04/20 12:05 [DEBUG] cshmd.analysis (__detail_search_oh_sioh)                     : Searching 'OH' in 'SiO4
04/20 12:05 [DEBUG] cshmd.analysis (__detail_search_oh_caoh)                     : Searching 'OH' in 'CaOH
04/20 12:05 [INFO] cshmd.analysis (Qn)                                           : [Structure] Q1: 0.577
04/20 12:05 [INFO] cshmd.analysis (Qn)                                           : [Structure] Q2: 0.423
04/20 12:05 [INFO] cshmd.analysis (CS)                                           : [Structure] C/S: 1.111
04/20 12:05 [INFO] cshmd.analysis (validate_tetra)                               : [Structure] BT: 84, PT: 512
04/20 12:05 [DEBUG] cshmd.analysis (__init__)                                    : <class 'cshmd.analysis.Chain'> loaded
04/20 12:05 [DEBUG] cshmd.analysis (__init__)                                    : <class 'cshmd.analysis.Chain'> loaded
04/20 12:05 [DEBUG] cshmd.analysis (__init__)                                    : <class 'cshmd.analysis.Chain'> loaded
04/20 12:05 [DEBUG] cshmd.analysis (__init__)                                    : <class 'cshmd.analysis.Chain'> loaded
04/20 12:05 [INFO] cshmd.analysis (validate_tetra)                               : [Structure] CL : Length 2: 22 Length 5: 21
04/20 12:05 [INFO] cshmd.analysis (validate_tetra)                               : [Structure] MCL : 3.4651162790697674
04/20 12:05 [INFO] cshmd.structure (__init__)                                    : ./L020.cif was loaded
04/20 12:05 [DEBUG] cshmd.analysis (__init__)                                    : [Structure] Now new data setted for get Bonds
04/20 12:05 [DEBUG] cshmd.analysis (__del_bond__)                                : del -> Si_O O_H H_O Ca_O C_O BO NBO
04/20 12:05 [DEBUG] cshmd.analysis (__initialize_mole__)                         : initalize -> H2O SiO4 OH CO3 H3O
04/20 12:05 [DEBUG] cshmd.analysis (__initialize_mole__)                         : initalize -> SiOH CaOH HCO3 H2CO3 H3CO3
04/20 12:05 [DEBUG] cshmd.analysis (find_bond)                                   : find_bond O - H rcut -> 1.2
04/20 12:05 [DEBUG] cshmd.common (time_wrapper)                                  : [RUNTIME] get_distance_table in 0.845 seconds
04/20 12:05 [DEBUG] cshmd.analysis (get_mole)                                    : get_mole O - H -> nbonds: 2
04/20 12:05 [DEBUG] cshmd.analysis (find_bond)                                   : find_bond Si - O rcut -> 2.2
04/20 12:05 [DEBUG] cshmd.common (time_wrapper)                                  : [RUNTIME] get_distance_table in 0.228 seconds
04/20 12:05 [DEBUG] cshmd.analysis (get_mole)                                    : get_mole Si - O -> nbonds: 4
04/20 12:05 [DEBUG] cshmd.analysis (get_mole)                                    : get_mole O - H -> nbonds: 1
04/20 12:05 [DEBUG] cshmd.analysis (find_bond)                                   : find_bond C - O rcut -> 1.6
04/20 12:05 [DEBUG] cshmd.analysis (get_mole)                                    : get_mole C - O -> nbonds: 3
04/20 12:05 [DEBUG] cshmd.analysis (get_mole)                                    : get_mole O - H -> nbonds: 3
04/20 12:05 [DEBUG] cshmd.analysis (find_bond)                                   : find_bond Ca - O rcut -> 3.0
04/20 12:05 [DEBUG] cshmd.common (time_wrapper)                                  : [RUNTIME] get_distance_table in 0.398 seconds
04/20 12:05 [DEBUG] cshmd.analysis (search_basic)                                : Basic search result -> H2O: 704, SiO4: 512, OH: 128, CO3: 0, H3O: 0, Ca_O: 4352
04/20 12:05 [DEBUG] cshmd.analysis (full_search)                                 : Search layer details
04/20 12:05 [DEBUG] cshmd.analysis (find_bond)                                   : find_bond Ca - O rcut -> 3.0
04/20 12:05 [DEBUG] cshmd.analysis (find_bond)                                   : find_bond Si - O rcut -> 2.2
04/20 12:05 [DEBUG] cshmd.analysis (set_layer_boundary)                          : Set layer boundary -> 0.2361377918249991 - 0.7222344292749987
04/20 12:05 [DEBUG] cshmd.analysis (__detail_search_oh_co3)                      : No CO3 in basic search
04/20 12:05 [DEBUG] cshmd.analysis (__detail_search_oh_sioh)                     : Searching 'OH' in 'SiO4
04/20 12:05 [DEBUG] cshmd.analysis (__detail_search_oh_caoh)                     : Searching 'OH' in 'CaOH
04/20 12:05 [INFO] cshmd.analysis (Qn)                                           : [Structure] Q1: 1.000
04/20 12:05 [INFO] cshmd.analysis (CS)                                           : [Structure] C/S: 1.375
04/20 12:05 [INFO] cshmd.analysis (validate_tetra)                               : [Structure] BT: 0, PT: 512
04/20 12:05 [DEBUG] cshmd.analysis (__init__)                                    : <class 'cshmd.analysis.Chain'> loaded
04/20 12:05 [DEBUG] cshmd.analysis (__init__)                                    : <class 'cshmd.analysis.Chain'> loaded
04/20 12:05 [DEBUG] cshmd.analysis (__init__)                                    : <class 'cshmd.analysis.Chain'> loaded
04/20 12:05 [DEBUG] cshmd.analysis (__init__)                                    : <class 'cshmd.analysis.Chain'> loaded
04/20 12:05 [INFO] cshmd.analysis (validate_tetra)                               : [Structure] CL : Length 2: 64
04/20 12:05 [INFO] cshmd.analysis (validate_tetra)                               : [Structure] MCL : 2.0
04/20 12:05 [INFO] cshmd.structure (__init__)                                    : ./L030.cif was loaded
04/20 12:05 [DEBUG] cshmd.analysis (__init__)                                    : [Structure] Now new data setted for get Bonds
04/20 12:05 [DEBUG] cshmd.analysis (__del_bond__)                                : del -> Si_O O_H H_O Ca_O C_O BO NBO
04/20 12:05 [DEBUG] cshmd.analysis (__initialize_mole__)                         : initalize -> H2O SiO4 OH CO3 H3O
04/20 12:05 [DEBUG] cshmd.analysis (__initialize_mole__)                         : initalize -> SiOH CaOH HCO3 H2CO3 H3CO3
04/20 12:05 [DEBUG] cshmd.analysis (find_bond)                                   : find_bond O - H rcut -> 1.2
04/20 12:05 [DEBUG] cshmd.common (time_wrapper)                                  : [RUNTIME] get_distance_table in 0.671 seconds
04/20 12:05 [DEBUG] cshmd.analysis (get_mole)                                    : get_mole O - H -> nbonds: 2
04/20 12:05 [DEBUG] cshmd.analysis (find_bond)                                   : find_bond Si - O rcut -> 2.2
04/20 12:05 [DEBUG] cshmd.common (time_wrapper)                                  : [RUNTIME] get_distance_table in 0.312 seconds
04/20 12:05 [DEBUG] cshmd.analysis (get_mole)                                    : get_mole Si - O -> nbonds: 4
04/20 12:05 [DEBUG] cshmd.analysis (get_mole)                                    : get_mole O - H -> nbonds: 1
04/20 12:05 [DEBUG] cshmd.analysis (find_bond)                                   : find_bond C - O rcut -> 1.6
04/20 12:05 [DEBUG] cshmd.analysis (get_mole)                                    : get_mole C - O -> nbonds: 3
04/20 12:05 [DEBUG] cshmd.analysis (get_mole)                                    : get_mole O - H -> nbonds: 3
04/20 12:05 [DEBUG] cshmd.analysis (find_bond)                                   : find_bond Ca - O rcut -> 3.0
04/20 12:05 [DEBUG] cshmd.common (time_wrapper)                                  : [RUNTIME] get_distance_table in 0.395 seconds
04/20 12:05 [DEBUG] cshmd.analysis (search_basic)                                : Basic search result -> H2O: 672, SiO4: 576, OH: 128, CO3: 0, H3O: 0, Ca_O: 4272
04/20 12:05 [DEBUG] cshmd.analysis (full_search)                                 : Search layer details
04/20 12:05 [DEBUG] cshmd.analysis (find_bond)                                   : find_bond Ca - O rcut -> 3.0
04/20 12:05 [DEBUG] cshmd.analysis (find_bond)                                   : find_bond Si - O rcut -> 2.2
04/20 12:05 [DEBUG] cshmd.analysis (set_layer_boundary)                          : Set layer boundary -> 0.2361377918249991 - 0.7222344292749987
04/20 12:05 [DEBUG] cshmd.analysis (__detail_search_oh_co3)                      : No CO3 in basic search
04/20 12:05 [DEBUG] cshmd.analysis (__detail_search_oh_sioh)                     : Searching 'OH' in 'SiO4
04/20 12:05 [DEBUG] cshmd.analysis (__detail_search_oh_caoh)                     : Searching 'OH' in 'CaOH
04/20 12:05 [INFO] cshmd.analysis (Qn)                                           : [Structure] Q1: 0.667
04/20 12:05 [INFO] cshmd.analysis (Qn)                                           : [Structure] Q2: 0.333
04/20 12:05 [INFO] cshmd.analysis (CS)                                           : [Structure] C/S: 1.167
04/20 12:05 [INFO] cshmd.analysis (validate_tetra)                               : [Structure] BT: 64, PT: 512
04/20 12:05 [DEBUG] cshmd.analysis (__init__)                                    : <class 'cshmd.analysis.Chain'> loaded
04/20 12:05 [DEBUG] cshmd.analysis (__init__)                                    : <class 'cshmd.analysis.Chain'> loaded
04/20 12:05 [DEBUG] cshmd.analysis (__init__)                                    : <class 'cshmd.analysis.Chain'> loaded
04/20 12:05 [DEBUG] cshmd.analysis (__init__)                                    : <class 'cshmd.analysis.Chain'> loaded
04/20 12:05 [INFO] cshmd.analysis (validate_tetra)                               : [Structure] CL : Length 2: 32 Length 5: 16
04/20 12:05 [INFO] cshmd.analysis (validate_tetra)                               : [Structure] MCL : 3.0
04/20 12:05 [INFO] cshmd.structure (__init__)                                    : ./L025.cif was loaded
04/20 12:05 [DEBUG] cshmd.analysis (__init__)                                    : [Structure] Now new data setted for get Bonds
04/20 12:05 [DEBUG] cshmd.analysis (__del_bond__)                                : del -> Si_O O_H H_O Ca_O C_O BO NBO
04/20 12:05 [DEBUG] cshmd.analysis (__initialize_mole__)                         : initalize -> H2O SiO4 OH CO3 H3O
04/20 12:05 [DEBUG] cshmd.analysis (__initialize_mole__)                         : initalize -> SiOH CaOH HCO3 H2CO3 H3CO3
04/20 12:05 [DEBUG] cshmd.analysis (find_bond)                                   : find_bond O - H rcut -> 1.2
04/20 12:05 [DEBUG] cshmd.common (time_wrapper)                                  : [RUNTIME] get_distance_table in 0.757 seconds
04/20 12:05 [DEBUG] cshmd.analysis (get_mole)                                    : get_mole O - H -> nbonds: 2
04/20 12:05 [DEBUG] cshmd.analysis (find_bond)                                   : find_bond Si - O rcut -> 2.2
04/20 12:05 [DEBUG] cshmd.common (time_wrapper)                                  : [RUNTIME] get_distance_table in 0.339 seconds
04/20 12:05 [DEBUG] cshmd.analysis (get_mole)                                    : get_mole Si - O -> nbonds: 4
04/20 12:05 [DEBUG] cshmd.analysis (get_mole)                                    : get_mole O - H -> nbonds: 1
04/20 12:05 [DEBUG] cshmd.analysis (find_bond)                                   : find_bond C - O rcut -> 1.6
04/20 12:05 [DEBUG] cshmd.analysis (get_mole)                                    : get_mole C - O -> nbonds: 3
04/20 12:05 [DEBUG] cshmd.analysis (get_mole)                                    : get_mole O - H -> nbonds: 3
04/20 12:05 [DEBUG] cshmd.analysis (find_bond)                                   : find_bond Ca - O rcut -> 3.0
04/20 12:05 [DEBUG] cshmd.common (time_wrapper)                                  : [RUNTIME] get_distance_table in 0.433 seconds
04/20 12:05 [DEBUG] cshmd.analysis (search_basic)                                : Basic search result -> H2O: 686, SiO4: 548, OH: 128, CO3: 0, H3O: 0, Ca_O: 4307
04/20 12:05 [DEBUG] cshmd.analysis (full_search)                                 : Search layer details
04/20 12:05 [DEBUG] cshmd.analysis (find_bond)                                   : find_bond Ca - O rcut -> 3.0
04/20 12:05 [DEBUG] cshmd.analysis (find_bond)                                   : find_bond Si - O rcut -> 2.2
04/20 12:05 [DEBUG] cshmd.analysis (set_layer_boundary)                          : Set layer boundary -> 0.2361377918249991 - 0.7222344292749987
04/20 12:05 [DEBUG] cshmd.analysis (__detail_search_oh_co3)                      : No CO3 in basic search
04/20 12:05 [DEBUG] cshmd.analysis (__detail_search_oh_sioh)                     : Searching 'OH' in 'SiO4
04/20 12:05 [DEBUG] cshmd.analysis (__detail_search_oh_caoh)                     : Searching 'OH' in 'CaOH
04/20 12:05 [INFO] cshmd.analysis (Qn)                                           : [Structure] Q1: 0.803
04/20 12:05 [INFO] cshmd.analysis (Qn)                                           : [Structure] Q2: 0.197
04/20 12:05 [INFO] cshmd.analysis (CS)                                           : [Structure] C/S: 1.252
04/20 12:05 [INFO] cshmd.analysis (validate_tetra)                               : [Structure] BT: 36, PT: 512
04/20 12:05 [DEBUG] cshmd.analysis (__init__)                                    : <class 'cshmd.analysis.Chain'> loaded
04/20 12:05 [DEBUG] cshmd.analysis (__init__)                                    : <class 'cshmd.analysis.Chain'> loaded
04/20 12:05 [DEBUG] cshmd.analysis (__init__)                                    : <class 'cshmd.analysis.Chain'> loaded
04/20 12:05 [DEBUG] cshmd.analysis (__init__)                                    : <class 'cshmd.analysis.Chain'> loaded
04/20 12:05 [INFO] cshmd.analysis (validate_tetra)                               : [Structure] CL : Length 2: 46 Length 5: 9
04/20 12:05 [INFO] cshmd.analysis (validate_tetra)                               : [Structure] MCL : 2.4909090909090907
04/20 12:05 [INFO] cshmd.structure (__init__)                                    : ./L040.cif was loaded
04/20 12:05 [DEBUG] cshmd.analysis (__init__)                                    : [Structure] Now new data setted for get Bonds
04/20 12:05 [DEBUG] cshmd.analysis (__del_bond__)                                : del -> Si_O O_H H_O Ca_O C_O BO NBO
04/20 12:05 [DEBUG] cshmd.analysis (__initialize_mole__)                         : initalize -> H2O SiO4 OH CO3 H3O
04/20 12:05 [DEBUG] cshmd.analysis (__initialize_mole__)                         : initalize -> SiOH CaOH HCO3 H2CO3 H3CO3
04/20 12:05 [DEBUG] cshmd.analysis (find_bond)                                   : find_bond O - H rcut -> 1.2
04/20 12:05 [DEBUG] cshmd.common (time_wrapper)                                  : [RUNTIME] get_distance_table in 0.625 seconds
04/20 12:05 [DEBUG] cshmd.analysis (get_mole)                                    : get_mole O - H -> nbonds: 2
04/20 12:05 [DEBUG] cshmd.analysis (find_bond)                                   : find_bond Si - O rcut -> 2.2
04/20 12:05 [DEBUG] cshmd.common (time_wrapper)                                  : [RUNTIME] get_distance_table in 0.287 seconds
04/20 12:05 [DEBUG] cshmd.analysis (get_mole)                                    : get_mole Si - O -> nbonds: 4
04/20 12:05 [DEBUG] cshmd.analysis (get_mole)                                    : get_mole O - H -> nbonds: 1
04/20 12:05 [DEBUG] cshmd.analysis (find_bond)                                   : find_bond C - O rcut -> 1.6
04/20 12:05 [DEBUG] cshmd.analysis (get_mole)                                    : get_mole C - O -> nbonds: 3
04/20 12:05 [DEBUG] cshmd.analysis (get_mole)                                    : get_mole O - H -> nbonds: 3
04/20 12:05 [DEBUG] cshmd.analysis (find_bond)                                   : find_bond Ca - O rcut -> 3.0
04/20 12:05 [DEBUG] cshmd.common (time_wrapper)                                  : [RUNTIME] get_distance_table in 0.385 seconds
04/20 12:05 [DEBUG] cshmd.analysis (search_basic)                                : Basic search result -> H2O: 654, SiO4: 612, OH: 128, CO3: 0, H3O: 0, Ca_O: 4227
04/20 12:05 [DEBUG] cshmd.analysis (full_search)                                 : Search layer details
04/20 12:05 [DEBUG] cshmd.analysis (find_bond)                                   : find_bond Ca - O rcut -> 3.0
04/20 12:05 [DEBUG] cshmd.analysis (find_bond)                                   : find_bond Si - O rcut -> 2.2
04/20 12:05 [DEBUG] cshmd.analysis (set_layer_boundary)                          : Set layer boundary -> 0.2361377918249991 - 0.7222344292749987
04/20 12:05 [DEBUG] cshmd.analysis (__detail_search_oh_co3)                      : No CO3 in basic search
04/20 12:05 [DEBUG] cshmd.analysis (__detail_search_oh_sioh)                     : Searching 'OH' in 'SiO4
04/20 12:05 [DEBUG] cshmd.analysis (__detail_search_oh_caoh)                     : Searching 'OH' in 'CaOH
04/20 12:05 [INFO] cshmd.analysis (Qn)                                           : [Structure] Q1: 0.510
04/20 12:05 [INFO] cshmd.analysis (Qn)                                           : [Structure] Q2: 0.490
04/20 12:05 [INFO] cshmd.analysis (CS)                                           : [Structure] C/S: 1.069
04/20 12:05 [INFO] cshmd.analysis (validate_tetra)                               : [Structure] BT: 100, PT: 512
04/20 12:05 [DEBUG] cshmd.analysis (__init__)                                    : <class 'cshmd.analysis.Chain'> loaded
04/20 12:05 [DEBUG] cshmd.analysis (__init__)                                    : <class 'cshmd.analysis.Chain'> loaded
04/20 12:05 [DEBUG] cshmd.analysis (__init__)                                    : <class 'cshmd.analysis.Chain'> loaded
04/20 12:05 [DEBUG] cshmd.analysis (__init__)                                    : <class 'cshmd.analysis.Chain'> loaded
04/20 12:05 [INFO] cshmd.analysis (validate_tetra)                               : [Structure] CL : Length 2: 15 Length 5: 23 Length 8: 1
04/20 12:05 [INFO] cshmd.analysis (validate_tetra)                               : [Structure] MCL : 3.923076923076923
04/20 12:05 [INFO] cshmd.structure (__init__)                                    : ./L120.cif was loaded
04/20 12:05 [DEBUG] cshmd.analysis (__init__)                                    : [Structure] Now new data setted for get Bonds
04/20 12:05 [DEBUG] cshmd.analysis (__del_bond__)                                : del -> Si_O O_H H_O Ca_O C_O BO NBO
04/20 12:05 [DEBUG] cshmd.analysis (__initialize_mole__)                         : initalize -> H2O SiO4 OH CO3 H3O
04/20 12:05 [DEBUG] cshmd.analysis (__initialize_mole__)                         : initalize -> SiOH CaOH HCO3 H2CO3 H3CO3
04/20 12:05 [DEBUG] cshmd.analysis (find_bond)                                   : find_bond O - H rcut -> 1.2
04/20 12:05 [DEBUG] cshmd.common (time_wrapper)                                  : [RUNTIME] get_distance_table in 0.716 seconds
04/20 12:05 [DEBUG] cshmd.analysis (get_mole)                                    : get_mole O - H -> nbonds: 2
04/20 12:05 [DEBUG] cshmd.analysis (find_bond)                                   : find_bond Si - O rcut -> 2.2
04/20 12:05 [DEBUG] cshmd.common (time_wrapper)                                  : [RUNTIME] get_distance_table in 0.347 seconds
04/20 12:05 [DEBUG] cshmd.analysis (get_mole)                                    : get_mole Si - O -> nbonds: 4
04/20 12:05 [DEBUG] cshmd.analysis (get_mole)                                    : get_mole O - H -> nbonds: 1
04/20 12:05 [DEBUG] cshmd.analysis (find_bond)                                   : find_bond C - O rcut -> 1.6
04/20 12:05 [DEBUG] cshmd.analysis (get_mole)                                    : get_mole C - O -> nbonds: 3
04/20 12:05 [DEBUG] cshmd.analysis (get_mole)                                    : get_mole O - H -> nbonds: 3
04/20 12:05 [DEBUG] cshmd.analysis (find_bond)                                   : find_bond Ca - O rcut -> 3.0
04/20 12:05 [DEBUG] cshmd.common (time_wrapper)                                  : [RUNTIME] get_distance_table in 0.344 seconds
04/20 12:05 [DEBUG] cshmd.analysis (search_basic)                                : Basic search result -> H2O: 606, SiO4: 708, OH: 128, CO3: 0, H3O: 0, Ca_O: 4107
04/20 12:05 [DEBUG] cshmd.analysis (full_search)                                 : Search layer details
04/20 12:05 [DEBUG] cshmd.analysis (find_bond)                                   : find_bond Ca - O rcut -> 3.0
04/20 12:05 [DEBUG] cshmd.analysis (find_bond)                                   : find_bond Si - O rcut -> 2.2
04/20 12:05 [DEBUG] cshmd.analysis (set_layer_boundary)                          : Set layer boundary -> 0.2361377918249991 - 0.7222344292749987
04/20 12:05 [DEBUG] cshmd.analysis (__detail_search_oh_co3)                      : No CO3 in basic search
04/20 12:05 [DEBUG] cshmd.analysis (__detail_search_oh_sioh)                     : Searching 'OH' in 'SiO4
04/20 12:05 [DEBUG] cshmd.analysis (__detail_search_oh_caoh)                     : Searching 'OH' in 'CaOH
04/20 12:05 [INFO] cshmd.analysis (Qn)                                           : [Structure] Q1: 0.169
04/20 12:05 [INFO] cshmd.analysis (Qn)                                           : [Structure] Q2: 0.831
04/20 12:05 [INFO] cshmd.analysis (CS)                                           : [Structure] C/S: 0.856
04/20 12:05 [INFO] cshmd.analysis (validate_tetra)                               : [Structure] BT: 196, PT: 512
04/20 12:05 [DEBUG] cshmd.analysis (__init__)                                    : <class 'cshmd.analysis.Chain'> loaded
04/20 12:05 [DEBUG] cshmd.analysis (__init__)                                    : <class 'cshmd.analysis.Chain'> loaded
04/20 12:05 [DEBUG] cshmd.analysis (__init__)                                    : <class 'cshmd.analysis.Chain'> loaded
04/20 12:05 [DEBUG] cshmd.analysis (__init__)                                    : <class 'cshmd.analysis.Chain'> loaded
04/20 12:05 [INFO] cshmd.analysis (validate_tetra)                               : [Structure] CL : Length 5: 1 Length 11: 12 Length 17: 1 Length 23: 1
04/20 12:05 [INFO] cshmd.analysis (validate_tetra)                               : [Structure] MCL : 11.8
04/20 12:05 [INFO] cshmd.structure (__init__)                                    : ./L080.cif was loaded
04/20 12:05 [DEBUG] cshmd.analysis (__init__)                                    : [Structure] Now new data setted for get Bonds
04/20 12:05 [DEBUG] cshmd.analysis (__del_bond__)                                : del -> Si_O O_H H_O Ca_O C_O BO NBO
04/20 12:05 [DEBUG] cshmd.analysis (__initialize_mole__)                         : initalize -> H2O SiO4 OH CO3 H3O
04/20 12:05 [DEBUG] cshmd.analysis (__initialize_mole__)                         : initalize -> SiOH CaOH HCO3 H2CO3 H3CO3
04/20 12:05 [DEBUG] cshmd.analysis (find_bond)                                   : find_bond O - H rcut -> 1.2
04/20 12:05 [DEBUG] cshmd.common (time_wrapper)                                  : [RUNTIME] get_distance_table in 0.605 seconds
04/20 12:05 [DEBUG] cshmd.analysis (get_mole)                                    : get_mole O - H -> nbonds: 2
04/20 12:05 [DEBUG] cshmd.analysis (find_bond)                                   : find_bond Si - O rcut -> 2.2
04/20 12:05 [DEBUG] cshmd.common (time_wrapper)                                  : [RUNTIME] get_distance_table in 0.339 seconds
04/20 12:05 [DEBUG] cshmd.analysis (get_mole)                                    : get_mole Si - O -> nbonds: 4
04/20 12:05 [DEBUG] cshmd.analysis (get_mole)                                    : get_mole O - H -> nbonds: 1
04/20 12:05 [DEBUG] cshmd.analysis (find_bond)                                   : find_bond C - O rcut -> 1.6
04/20 12:05 [DEBUG] cshmd.analysis (get_mole)                                    : get_mole C - O -> nbonds: 3
04/20 12:05 [DEBUG] cshmd.analysis (get_mole)                                    : get_mole O - H -> nbonds: 3
04/20 12:05 [DEBUG] cshmd.analysis (find_bond)                                   : find_bond Ca - O rcut -> 3.0
04/20 12:05 [DEBUG] cshmd.common (time_wrapper)                                  : [RUNTIME] get_distance_table in 0.335 seconds
04/20 12:05 [DEBUG] cshmd.analysis (search_basic)                                : Basic search result -> H2O: 620, SiO4: 680, OH: 128, CO3: 0, H3O: 0, Ca_O: 4142
04/20 12:05 [DEBUG] cshmd.analysis (full_search)                                 : Search layer details
04/20 12:05 [DEBUG] cshmd.analysis (find_bond)                                   : find_bond Ca - O rcut -> 3.0
04/20 12:05 [DEBUG] cshmd.analysis (find_bond)                                   : find_bond Si - O rcut -> 2.2
04/20 12:05 [DEBUG] cshmd.analysis (set_layer_boundary)                          : Set layer boundary -> 0.2361377918249991 - 0.7222344292749987
04/20 12:05 [DEBUG] cshmd.analysis (__detail_search_oh_co3)                      : No CO3 in basic search
04/20 12:05 [DEBUG] cshmd.analysis (__detail_search_oh_sioh)                     : Searching 'OH' in 'SiO4
04/20 12:05 [DEBUG] cshmd.analysis (__detail_search_oh_caoh)                     : Searching 'OH' in 'CaOH
04/20 12:05 [INFO] cshmd.analysis (Qn)                                           : [Structure] Q1: 0.259
04/20 12:05 [INFO] cshmd.analysis (Qn)                                           : [Structure] Q2: 0.741
04/20 12:05 [INFO] cshmd.analysis (CS)                                           : [Structure] C/S: 0.912
04/20 12:05 [INFO] cshmd.analysis (validate_tetra)                               : [Structure] BT: 168, PT: 512
04/20 12:05 [DEBUG] cshmd.analysis (__init__)                                    : <class 'cshmd.analysis.Chain'> loaded
04/20 12:05 [DEBUG] cshmd.analysis (__init__)                                    : <class 'cshmd.analysis.Chain'> loaded
04/20 12:05 [DEBUG] cshmd.analysis (__init__)                                    : <class 'cshmd.analysis.Chain'> loaded
04/20 12:05 [DEBUG] cshmd.analysis (__init__)                                    : <class 'cshmd.analysis.Chain'> loaded
04/20 12:05 [INFO] cshmd.analysis (validate_tetra)                               : [Structure] CL : Length 2: 2 Length 5: 6 Length 8: 6 Length 11: 8
04/20 12:05 [INFO] cshmd.analysis (validate_tetra)                               : [Structure] MCL : 7.7272727272727275
04/20 12:05 [INFO] cshmd.structure (__init__)                                    : ./L100.cif was loaded
04/20 12:05 [DEBUG] cshmd.analysis (__init__)                                    : [Structure] Now new data setted for get Bonds
04/20 12:05 [DEBUG] cshmd.analysis (__del_bond__)                                : del -> Si_O O_H H_O Ca_O C_O BO NBO
04/20 12:05 [DEBUG] cshmd.analysis (__initialize_mole__)                         : initalize -> H2O SiO4 OH CO3 H3O
04/20 12:05 [DEBUG] cshmd.analysis (__initialize_mole__)                         : initalize -> SiOH CaOH HCO3 H2CO3 H3CO3
04/20 12:05 [DEBUG] cshmd.analysis (find_bond)                                   : find_bond O - H rcut -> 1.2
04/20 12:05 [DEBUG] cshmd.common (time_wrapper)                                  : [RUNTIME] get_distance_table in 0.721 seconds
04/20 12:05 [DEBUG] cshmd.analysis (get_mole)                                    : get_mole O - H -> nbonds: 2
04/20 12:05 [DEBUG] cshmd.analysis (find_bond)                                   : find_bond Si - O rcut -> 2.2
04/20 12:05 [DEBUG] cshmd.common (time_wrapper)                                  : [RUNTIME] get_distance_table in 0.388 seconds
04/20 12:05 [DEBUG] cshmd.analysis (get_mole)                                    : get_mole Si - O -> nbonds: 4
04/20 12:05 [DEBUG] cshmd.analysis (get_mole)                                    : get_mole O - H -> nbonds: 1
04/20 12:05 [DEBUG] cshmd.analysis (find_bond)                                   : find_bond C - O rcut -> 1.6
04/20 12:05 [DEBUG] cshmd.analysis (get_mole)                                    : get_mole C - O -> nbonds: 3
04/20 12:05 [DEBUG] cshmd.analysis (get_mole)                                    : get_mole O - H -> nbonds: 3
04/20 12:05 [DEBUG] cshmd.analysis (find_bond)                                   : find_bond Ca - O rcut -> 3.0
04/20 12:05 [DEBUG] cshmd.common (time_wrapper)                                  : [RUNTIME] get_distance_table in 0.439 seconds
04/20 12:05 [DEBUG] cshmd.analysis (search_basic)                                : Basic search result -> H2O: 612, SiO4: 696, OH: 128, CO3: 0, H3O: 0, Ca_O: 4122
04/20 12:05 [DEBUG] cshmd.analysis (full_search)                                 : Search layer details
04/20 12:05 [DEBUG] cshmd.analysis (find_bond)                                   : find_bond Ca - O rcut -> 3.0
04/20 12:05 [DEBUG] cshmd.analysis (find_bond)                                   : find_bond Si - O rcut -> 2.2
04/20 12:05 [DEBUG] cshmd.analysis (set_layer_boundary)                          : Set layer boundary -> 0.2361377918249991 - 0.7222344292749987
04/20 12:05 [DEBUG] cshmd.analysis (__detail_search_oh_co3)                      : No CO3 in basic search
04/20 12:05 [DEBUG] cshmd.analysis (__detail_search_oh_sioh)                     : Searching 'OH' in 'SiO4
04/20 12:05 [DEBUG] cshmd.analysis (__detail_search_oh_caoh)                     : Searching 'OH' in 'CaOH
04/20 12:05 [INFO] cshmd.analysis (Qn)                                           : [Structure] Q1: 0.207
04/20 12:05 [INFO] cshmd.analysis (Qn)                                           : [Structure] Q2: 0.793
04/20 12:05 [INFO] cshmd.analysis (CS)                                           : [Structure] C/S: 0.879
04/20 12:05 [INFO] cshmd.analysis (validate_tetra)                               : [Structure] BT: 184, PT: 512
04/20 12:05 [DEBUG] cshmd.analysis (__init__)                                    : <class 'cshmd.analysis.Chain'> loaded
04/20 12:05 [DEBUG] cshmd.analysis (__init__)                                    : <class 'cshmd.analysis.Chain'> loaded
04/20 12:05 [DEBUG] cshmd.analysis (__init__)                                    : <class 'cshmd.analysis.Chain'> loaded
04/20 12:05 [DEBUG] cshmd.analysis (__init__)                                    : <class 'cshmd.analysis.Chain'> loaded
04/20 12:05 [INFO] cshmd.analysis (validate_tetra)                               : [Structure] CL : Length 2: 1 Length 5: 1 Length 8: 5 Length 11: 9 Length 14: 2
04/20 12:05 [INFO] cshmd.analysis (validate_tetra)                               : [Structure] MCL : 9.666666666666666
04/20 12:05 [INFO] cshmd.structure (__init__)                                    : ./L060.cif was loaded
04/20 12:05 [DEBUG] cshmd.analysis (__init__)                                    : [Structure] Now new data setted for get Bonds
04/20 12:05 [DEBUG] cshmd.analysis (__del_bond__)                                : del -> Si_O O_H H_O Ca_O C_O BO NBO
04/20 12:05 [DEBUG] cshmd.analysis (__initialize_mole__)                         : initalize -> H2O SiO4 OH CO3 H3O
04/20 12:05 [DEBUG] cshmd.analysis (__initialize_mole__)                         : initalize -> SiOH CaOH HCO3 H2CO3 H3CO3
04/20 12:05 [DEBUG] cshmd.analysis (find_bond)                                   : find_bond O - H rcut -> 1.2
04/20 12:05 [DEBUG] cshmd.common (time_wrapper)                                  : [RUNTIME] get_distance_table in 0.797 seconds
04/20 12:05 [DEBUG] cshmd.analysis (get_mole)                                    : get_mole O - H -> nbonds: 2
04/20 12:05 [DEBUG] cshmd.analysis (find_bond)                                   : find_bond Si - O rcut -> 2.2
04/20 12:05 [DEBUG] cshmd.common (time_wrapper)                                  : [RUNTIME] get_distance_table in 0.353 seconds
04/20 12:05 [DEBUG] cshmd.analysis (get_mole)                                    : get_mole Si - O -> nbonds: 4
04/20 12:05 [DEBUG] cshmd.analysis (get_mole)                                    : get_mole O - H -> nbonds: 1
04/20 12:05 [DEBUG] cshmd.analysis (find_bond)                                   : find_bond C - O rcut -> 1.6
04/20 12:05 [DEBUG] cshmd.analysis (get_mole)                                    : get_mole C - O -> nbonds: 3
04/20 12:05 [DEBUG] cshmd.analysis (get_mole)                                    : get_mole O - H -> nbonds: 3
04/20 12:05 [DEBUG] cshmd.analysis (find_bond)                                   : find_bond Ca - O rcut -> 3.0
04/20 12:05 [DEBUG] cshmd.common (time_wrapper)                                  : [RUNTIME] get_distance_table in 0.390 seconds
04/20 12:05 [DEBUG] cshmd.analysis (search_basic)                                : Basic search result -> H2O: 632, SiO4: 656, OH: 128, CO3: 0, H3O: 0, Ca_O: 4172
04/20 12:05 [DEBUG] cshmd.analysis (full_search)                                 : Search layer details
04/20 12:05 [DEBUG] cshmd.analysis (find_bond)                                   : find_bond Ca - O rcut -> 3.0
04/20 12:05 [DEBUG] cshmd.analysis (find_bond)                                   : find_bond Si - O rcut -> 2.2
04/20 12:05 [DEBUG] cshmd.analysis (set_layer_boundary)                          : Set layer boundary -> 0.2361377918249991 - 0.7222344292749987
04/20 12:05 [DEBUG] cshmd.analysis (__detail_search_oh_co3)                      : No CO3 in basic search
04/20 12:05 [DEBUG] cshmd.analysis (__detail_search_oh_sioh)                     : Searching 'OH' in 'SiO4
04/20 12:05 [DEBUG] cshmd.analysis (__detail_search_oh_caoh)                     : Searching 'OH' in 'CaOH
04/20 12:05 [INFO] cshmd.analysis (Qn)                                           : [Structure] Q1: 0.341
04/20 12:05 [INFO] cshmd.analysis (Qn)                                           : [Structure] Q2: 0.659
04/20 12:05 [INFO] cshmd.analysis (CS)                                           : [Structure] C/S: 0.963
04/20 12:05 [INFO] cshmd.analysis (validate_tetra)                               : [Structure] BT: 144, PT: 512
04/20 12:05 [DEBUG] cshmd.analysis (__init__)                                    : <class 'cshmd.analysis.Chain'> loaded
04/20 12:05 [DEBUG] cshmd.analysis (__init__)                                    : <class 'cshmd.analysis.Chain'> loaded
04/20 12:05 [DEBUG] cshmd.analysis (__init__)                                    : <class 'cshmd.analysis.Chain'> loaded
04/20 12:05 [DEBUG] cshmd.analysis (__init__)                                    : <class 'cshmd.analysis.Chain'> loaded
04/20 12:05 [INFO] cshmd.analysis (validate_tetra)                               : [Structure] CL : Length 2: 7 Length 5: 10 Length 8: 7 Length 11: 4
04/20 12:05 [INFO] cshmd.analysis (validate_tetra)                               : [Structure] MCL : 5.857142857142857
04/20 12:05 [INFO] cshmd.structure (out2info)                                    : './L060.tmp.pkl' was created
04/20 12:11 [DEBUG] cshmd.common (get_logger)                                    : $$$$$$$$$$$$$$  Logger 'cshmd.common........' initialized  $$$$$$$$$$$$$$
04/20 12:11 [DEBUG] cshmd.functions (get_logger)                                 : $$$$$$$$$$$$$$  Logger 'cshmd.functions.....' initialized  $$$$$$$$$$$$$$
04/20 12:11 [DEBUG] cshmd.load (get_logger)                                      : $$$$$$$$$$$$$$  Logger 'cshmd.load..........' initialized  $$$$$$$$$$$$$$
04/20 12:11 [DEBUG] cshmd.analysis (get_logger)                                  : $$$$$$$$$$$$$$  Logger 'cshmd.analysis......' initialized  $$$$$$$$$$$$$$
04/20 12:11 [DEBUG] cshmd.structure (get_logger)                                 : $$$$$$$$$$$$$$  Logger 'cshmd.structure.....' initialized  $$$$$$$$$$$$$$
04/20 12:11 [DEBUG] cshmd.builder (get_logger)                                   : $$$$$$$$$$$$$$  Logger 'cshmd.builder.......' initialized  $$$$$$$$$$$$$$
04/20 12:11 [DEBUG] cshmd.trj_analysis (get_logger)                              : $$$$$$$$$$$$$$  Logger 'cshmd.trj_analysis..' initialized  $$$$$$$$$$$$$$
04/20 12:11 [DEBUG] csh_info (get_logger)                                        : $$$$$$$$$$$$$$  Logger 'csh_info............' initialized  $$$$$$$$$$$$$$
04/20 12:11 [INFO] csh_info (main)                                               : Cif: ./L035.cif ./L020.cif ./L030.cif ./L025.cif ./L040.cif ./L120.cif ./L080.cif ./L100.cif ./L060.cif
04/20 12:11 [INFO] cshmd.structure (__init__)                                    : ./L035.cif was loaded
04/20 12:11 [DEBUG] cshmd.analysis (__init__)                                    : [Structure] Now new data setted for get Bonds
04/20 12:11 [DEBUG] cshmd.analysis (__del_bond__)                                : del -> Si_O O_H H_O Ca_O C_O BO NBO
04/20 12:11 [DEBUG] cshmd.analysis (__initialize_mole__)                         : initalize -> H2O SiO4 OH CO3 H3O
04/20 12:11 [DEBUG] cshmd.analysis (__initialize_mole__)                         : initalize -> SiOH CaOH HCO3 H2CO3 H3CO3
04/20 12:11 [DEBUG] cshmd.analysis (__init__)                                    : C-S-H Model not setted
04/20 12:11 [DEBUG] cshmd.analysis (find_bond)                                   : find_bond O - H rcut -> 1.2
04/20 12:11 [DEBUG] cshmd.common (time_wrapper)                                  : [RUNTIME] get_distance_table in 0.857 seconds
04/20 12:11 [DEBUG] cshmd.analysis (get_mole)                                    : get_mole O - H -> nbonds: 2
04/20 12:11 [DEBUG] cshmd.analysis (find_bond)                                   : find_bond Si - O rcut -> 2.2
04/20 12:11 [DEBUG] cshmd.common (time_wrapper)                                  : [RUNTIME] get_distance_table in 0.295 seconds
04/20 12:11 [DEBUG] cshmd.analysis (get_mole)                                    : get_mole Si - O -> nbonds: 4
04/20 12:11 [DEBUG] cshmd.analysis (get_mole)                                    : get_mole O - H -> nbonds: 1
04/20 12:11 [DEBUG] cshmd.analysis (find_bond)                                   : find_bond C - O rcut -> 1.6
04/20 12:11 [DEBUG] cshmd.analysis (get_mole)                                    : get_mole C - O -> nbonds: 3
04/20 12:11 [DEBUG] cshmd.analysis (get_mole)                                    : get_mole O - H -> nbonds: 3
04/20 12:11 [DEBUG] cshmd.analysis (find_bond)                                   : find_bond Ca - O rcut -> 3.0
04/20 12:11 [DEBUG] cshmd.common (time_wrapper)                                  : [RUNTIME] get_distance_table in 0.359 seconds
04/20 12:11 [DEBUG] cshmd.analysis (search_basic)                                : Basic search result -> H2O: 662, SiO4: 596, OH: 128, CO3: 0, H3O: 0, Ca_O: 4247
04/20 12:11 [DEBUG] cshmd.analysis (full_search)                                 : Search layer details
04/20 12:11 [DEBUG] cshmd.analysis (find_bond)                                   : find_bond Ca - O rcut -> 3.0
04/20 12:11 [DEBUG] cshmd.analysis (find_bond)                                   : find_bond Si - O rcut -> 2.2
04/20 12:11 [DEBUG] cshmd.analysis (set_layer_boundary)                          : Set layer boundary -> 0.2361377918249991 - 0.7222344292749987
04/20 12:11 [DEBUG] cshmd.analysis (__detail_search_oh_co3)                      : No CO3 in basic search
04/20 12:11 [DEBUG] cshmd.analysis (__detail_search_oh_sioh)                     : Searching 'OH' in 'SiO4
04/20 12:11 [DEBUG] cshmd.analysis (__detail_search_oh_caoh)                     : Searching 'OH' in 'CaOH
04/20 12:11 [INFO] cshmd.analysis (Qn)                                           : [Structure] Q1: 0.577
04/20 12:11 [INFO] cshmd.analysis (Qn)                                           : [Structure] Q2: 0.423
04/20 12:11 [INFO] cshmd.analysis (CS)                                           : [Structure] C/S: 1.111
04/20 12:11 [INFO] cshmd.analysis (validate_tetra)                               : [Structure] BT: 84, PT: 512
04/20 12:11 [DEBUG] cshmd.analysis (__init__)                                    : <class 'cshmd.analysis.Chain'> loaded
04/20 12:11 [DEBUG] cshmd.analysis (__init__)                                    : <class 'cshmd.analysis.Chain'> loaded
04/20 12:11 [DEBUG] cshmd.analysis (__init__)                                    : <class 'cshmd.analysis.Chain'> loaded
04/20 12:11 [DEBUG] cshmd.analysis (__init__)                                    : <class 'cshmd.analysis.Chain'> loaded
04/20 12:11 [INFO] cshmd.analysis (validate_tetra)                               : [Structure] CL : Length 2: 22 Length 5: 21
04/20 12:11 [INFO] cshmd.analysis (validate_tetra)                               : [Structure] MCL : 3.4651162790697674
04/20 12:11 [INFO] cshmd.structure (__init__)                                    : ./L020.cif was loaded
04/20 12:11 [DEBUG] cshmd.analysis (__init__)                                    : [Structure] Now new data setted for get Bonds
04/20 12:11 [DEBUG] cshmd.analysis (__del_bond__)                                : del -> Si_O O_H H_O Ca_O C_O BO NBO
04/20 12:11 [DEBUG] cshmd.analysis (__initialize_mole__)                         : initalize -> H2O SiO4 OH CO3 H3O
04/20 12:11 [DEBUG] cshmd.analysis (__initialize_mole__)                         : initalize -> SiOH CaOH HCO3 H2CO3 H3CO3
04/20 12:11 [DEBUG] cshmd.analysis (find_bond)                                   : find_bond O - H rcut -> 1.2
04/20 12:12 [DEBUG] cshmd.common (time_wrapper)                                  : [RUNTIME] get_distance_table in 0.674 seconds
04/20 12:12 [DEBUG] cshmd.analysis (get_mole)                                    : get_mole O - H -> nbonds: 2
04/20 12:12 [DEBUG] cshmd.analysis (find_bond)                                   : find_bond Si - O rcut -> 2.2
04/20 12:12 [DEBUG] cshmd.common (time_wrapper)                                  : [RUNTIME] get_distance_table in 0.230 seconds
04/20 12:12 [DEBUG] cshmd.analysis (get_mole)                                    : get_mole Si - O -> nbonds: 4
04/20 12:12 [DEBUG] cshmd.analysis (get_mole)                                    : get_mole O - H -> nbonds: 1
04/20 12:12 [DEBUG] cshmd.analysis (find_bond)                                   : find_bond C - O rcut -> 1.6
04/20 12:12 [DEBUG] cshmd.analysis (get_mole)                                    : get_mole C - O -> nbonds: 3
04/20 12:12 [DEBUG] cshmd.analysis (get_mole)                                    : get_mole O - H -> nbonds: 3
04/20 12:12 [DEBUG] cshmd.analysis (find_bond)                                   : find_bond Ca - O rcut -> 3.0
04/20 12:12 [DEBUG] cshmd.common (time_wrapper)                                  : [RUNTIME] get_distance_table in 0.337 seconds
04/20 12:12 [DEBUG] cshmd.analysis (search_basic)                                : Basic search result -> H2O: 704, SiO4: 512, OH: 128, CO3: 0, H3O: 0, Ca_O: 4352
04/20 12:12 [DEBUG] cshmd.analysis (full_search)                                 : Search layer details
04/20 12:12 [DEBUG] cshmd.analysis (find_bond)                                   : find_bond Ca - O rcut -> 3.0
04/20 12:12 [DEBUG] cshmd.analysis (find_bond)                                   : find_bond Si - O rcut -> 2.2
04/20 12:12 [DEBUG] cshmd.analysis (set_layer_boundary)                          : Set layer boundary -> 0.2361377918249991 - 0.7222344292749987
04/20 12:12 [DEBUG] cshmd.analysis (__detail_search_oh_co3)                      : No CO3 in basic search
04/20 12:12 [DEBUG] cshmd.analysis (__detail_search_oh_sioh)                     : Searching 'OH' in 'SiO4
04/20 12:12 [DEBUG] cshmd.analysis (__detail_search_oh_caoh)                     : Searching 'OH' in 'CaOH
04/20 12:12 [INFO] cshmd.analysis (Qn)                                           : [Structure] Q1: 1.000
04/20 12:12 [INFO] cshmd.analysis (CS)                                           : [Structure] C/S: 1.375
04/20 12:12 [INFO] cshmd.analysis (validate_tetra)                               : [Structure] BT: 0, PT: 512
04/20 12:12 [DEBUG] cshmd.analysis (__init__)                                    : <class 'cshmd.analysis.Chain'> loaded
04/20 12:12 [DEBUG] cshmd.analysis (__init__)                                    : <class 'cshmd.analysis.Chain'> loaded
04/20 12:12 [DEBUG] cshmd.analysis (__init__)                                    : <class 'cshmd.analysis.Chain'> loaded
04/20 12:12 [DEBUG] cshmd.analysis (__init__)                                    : <class 'cshmd.analysis.Chain'> loaded
04/20 12:12 [INFO] cshmd.analysis (validate_tetra)                               : [Structure] CL : Length 2: 64
04/20 12:12 [INFO] cshmd.analysis (validate_tetra)                               : [Structure] MCL : 2.0
04/20 12:12 [INFO] cshmd.structure (__init__)                                    : ./L030.cif was loaded
04/20 12:12 [DEBUG] cshmd.analysis (__init__)                                    : [Structure] Now new data setted for get Bonds
04/20 12:12 [DEBUG] cshmd.analysis (__del_bond__)                                : del -> Si_O O_H H_O Ca_O C_O BO NBO
04/20 12:12 [DEBUG] cshmd.analysis (__initialize_mole__)                         : initalize -> H2O SiO4 OH CO3 H3O
04/20 12:12 [DEBUG] cshmd.analysis (__initialize_mole__)                         : initalize -> SiOH CaOH HCO3 H2CO3 H3CO3
04/20 12:12 [DEBUG] cshmd.analysis (find_bond)                                   : find_bond O - H rcut -> 1.2
04/20 12:12 [DEBUG] cshmd.common (time_wrapper)                                  : [RUNTIME] get_distance_table in 0.615 seconds
04/20 12:12 [DEBUG] cshmd.analysis (get_mole)                                    : get_mole O - H -> nbonds: 2
04/20 12:12 [DEBUG] cshmd.analysis (find_bond)                                   : find_bond Si - O rcut -> 2.2
04/20 12:12 [DEBUG] cshmd.common (time_wrapper)                                  : [RUNTIME] get_distance_table in 0.236 seconds
04/20 12:12 [DEBUG] cshmd.analysis (get_mole)                                    : get_mole Si - O -> nbonds: 4
04/20 12:12 [DEBUG] cshmd.analysis (get_mole)                                    : get_mole O - H -> nbonds: 1
04/20 12:12 [DEBUG] cshmd.analysis (find_bond)                                   : find_bond C - O rcut -> 1.6
04/20 12:12 [DEBUG] cshmd.analysis (get_mole)                                    : get_mole C - O -> nbonds: 3
04/20 12:12 [DEBUG] cshmd.analysis (get_mole)                                    : get_mole O - H -> nbonds: 3
04/20 12:12 [DEBUG] cshmd.analysis (find_bond)                                   : find_bond Ca - O rcut -> 3.0
04/20 12:12 [DEBUG] cshmd.common (time_wrapper)                                  : [RUNTIME] get_distance_table in 0.328 seconds
04/20 12:12 [DEBUG] cshmd.analysis (search_basic)                                : Basic search result -> H2O: 672, SiO4: 576, OH: 128, CO3: 0, H3O: 0, Ca_O: 4272
04/20 12:12 [DEBUG] cshmd.analysis (full_search)                                 : Search layer details
04/20 12:12 [DEBUG] cshmd.analysis (find_bond)                                   : find_bond Ca - O rcut -> 3.0
04/20 12:12 [DEBUG] cshmd.analysis (find_bond)                                   : find_bond Si - O rcut -> 2.2
04/20 12:12 [DEBUG] cshmd.analysis (set_layer_boundary)                          : Set layer boundary -> 0.2361377918249991 - 0.7222344292749987
04/20 12:12 [DEBUG] cshmd.analysis (__detail_search_oh_co3)                      : No CO3 in basic search
04/20 12:12 [DEBUG] cshmd.analysis (__detail_search_oh_sioh)                     : Searching 'OH' in 'SiO4
04/20 12:12 [DEBUG] cshmd.analysis (__detail_search_oh_caoh)                     : Searching 'OH' in 'CaOH
04/20 12:12 [INFO] cshmd.analysis (Qn)                                           : [Structure] Q1: 0.667
04/20 12:12 [INFO] cshmd.analysis (Qn)                                           : [Structure] Q2: 0.333
04/20 12:12 [INFO] cshmd.analysis (CS)                                           : [Structure] C/S: 1.167
04/20 12:12 [INFO] cshmd.analysis (validate_tetra)                               : [Structure] BT: 64, PT: 512
04/20 12:12 [DEBUG] cshmd.analysis (__init__)                                    : <class 'cshmd.analysis.Chain'> loaded
04/20 12:12 [DEBUG] cshmd.analysis (__init__)                                    : <class 'cshmd.analysis.Chain'> loaded
04/20 12:12 [DEBUG] cshmd.analysis (__init__)                                    : <class 'cshmd.analysis.Chain'> loaded
04/20 12:12 [DEBUG] cshmd.analysis (__init__)                                    : <class 'cshmd.analysis.Chain'> loaded
04/20 12:12 [INFO] cshmd.analysis (validate_tetra)                               : [Structure] CL : Length 2: 32 Length 5: 16
04/20 12:12 [INFO] cshmd.analysis (validate_tetra)                               : [Structure] MCL : 3.0
04/20 12:12 [INFO] cshmd.structure (__init__)                                    : ./L025.cif was loaded
04/20 12:12 [DEBUG] cshmd.analysis (__init__)                                    : [Structure] Now new data setted for get Bonds
04/20 12:12 [DEBUG] cshmd.analysis (__del_bond__)                                : del -> Si_O O_H H_O Ca_O C_O BO NBO
04/20 12:12 [DEBUG] cshmd.analysis (__initialize_mole__)                         : initalize -> H2O SiO4 OH CO3 H3O
04/20 12:12 [DEBUG] cshmd.analysis (__initialize_mole__)                         : initalize -> SiOH CaOH HCO3 H2CO3 H3CO3
04/20 12:12 [DEBUG] cshmd.analysis (find_bond)                                   : find_bond O - H rcut -> 1.2
04/20 12:12 [DEBUG] cshmd.common (time_wrapper)                                  : [RUNTIME] get_distance_table in 0.599 seconds
04/20 12:12 [DEBUG] cshmd.analysis (get_mole)                                    : get_mole O - H -> nbonds: 2
04/20 12:12 [DEBUG] cshmd.analysis (find_bond)                                   : find_bond Si - O rcut -> 2.2
04/20 12:12 [DEBUG] cshmd.common (time_wrapper)                                  : [RUNTIME] get_distance_table in 0.311 seconds
04/20 12:12 [DEBUG] cshmd.analysis (get_mole)                                    : get_mole Si - O -> nbonds: 4
04/20 12:12 [DEBUG] cshmd.analysis (get_mole)                                    : get_mole O - H -> nbonds: 1
04/20 12:12 [DEBUG] cshmd.analysis (find_bond)                                   : find_bond C - O rcut -> 1.6
04/20 12:12 [DEBUG] cshmd.analysis (get_mole)                                    : get_mole C - O -> nbonds: 3
04/20 12:12 [DEBUG] cshmd.analysis (get_mole)                                    : get_mole O - H -> nbonds: 3
04/20 12:12 [DEBUG] cshmd.analysis (find_bond)                                   : find_bond Ca - O rcut -> 3.0
04/20 12:12 [DEBUG] cshmd.common (time_wrapper)                                  : [RUNTIME] get_distance_table in 0.379 seconds
04/20 12:12 [DEBUG] cshmd.analysis (search_basic)                                : Basic search result -> H2O: 686, SiO4: 548, OH: 128, CO3: 0, H3O: 0, Ca_O: 4307
04/20 12:12 [DEBUG] cshmd.analysis (full_search)                                 : Search layer details
04/20 12:12 [DEBUG] cshmd.analysis (find_bond)                                   : find_bond Ca - O rcut -> 3.0
04/20 12:12 [DEBUG] cshmd.analysis (find_bond)                                   : find_bond Si - O rcut -> 2.2
04/20 12:12 [DEBUG] cshmd.analysis (set_layer_boundary)                          : Set layer boundary -> 0.2361377918249991 - 0.7222344292749987
04/20 12:12 [DEBUG] cshmd.analysis (__detail_search_oh_co3)                      : No CO3 in basic search
04/20 12:12 [DEBUG] cshmd.analysis (__detail_search_oh_sioh)                     : Searching 'OH' in 'SiO4
04/20 12:12 [DEBUG] cshmd.analysis (__detail_search_oh_caoh)                     : Searching 'OH' in 'CaOH
04/20 12:12 [INFO] cshmd.analysis (Qn)                                           : [Structure] Q1: 0.803
04/20 12:12 [INFO] cshmd.analysis (Qn)                                           : [Structure] Q2: 0.197
04/20 12:12 [INFO] cshmd.analysis (CS)                                           : [Structure] C/S: 1.252
04/20 12:12 [INFO] cshmd.analysis (validate_tetra)                               : [Structure] BT: 36, PT: 512
04/20 12:12 [DEBUG] cshmd.analysis (__init__)                                    : <class 'cshmd.analysis.Chain'> loaded
04/20 12:12 [DEBUG] cshmd.analysis (__init__)                                    : <class 'cshmd.analysis.Chain'> loaded
04/20 12:12 [DEBUG] cshmd.analysis (__init__)                                    : <class 'cshmd.analysis.Chain'> loaded
04/20 12:12 [DEBUG] cshmd.analysis (__init__)                                    : <class 'cshmd.analysis.Chain'> loaded
04/20 12:12 [INFO] cshmd.analysis (validate_tetra)                               : [Structure] CL : Length 2: 46 Length 5: 9
04/20 12:12 [INFO] cshmd.analysis (validate_tetra)                               : [Structure] MCL : 2.4909090909090907
04/20 12:12 [INFO] cshmd.structure (__init__)                                    : ./L040.cif was loaded
04/20 12:12 [DEBUG] cshmd.analysis (__init__)                                    : [Structure] Now new data setted for get Bonds
04/20 12:12 [DEBUG] cshmd.analysis (__del_bond__)                                : del -> Si_O O_H H_O Ca_O C_O BO NBO
04/20 12:12 [DEBUG] cshmd.analysis (__initialize_mole__)                         : initalize -> H2O SiO4 OH CO3 H3O
04/20 12:12 [DEBUG] cshmd.analysis (__initialize_mole__)                         : initalize -> SiOH CaOH HCO3 H2CO3 H3CO3
04/20 12:12 [DEBUG] cshmd.analysis (find_bond)                                   : find_bond O - H rcut -> 1.2
04/20 12:12 [DEBUG] cshmd.common (time_wrapper)                                  : [RUNTIME] get_distance_table in 0.651 seconds
04/20 12:12 [DEBUG] cshmd.analysis (get_mole)                                    : get_mole O - H -> nbonds: 2
04/20 12:12 [DEBUG] cshmd.analysis (find_bond)                                   : find_bond Si - O rcut -> 2.2
04/20 12:12 [DEBUG] cshmd.common (time_wrapper)                                  : [RUNTIME] get_distance_table in 0.354 seconds
04/20 12:12 [DEBUG] cshmd.analysis (get_mole)                                    : get_mole Si - O -> nbonds: 4
04/20 12:12 [DEBUG] cshmd.analysis (get_mole)                                    : get_mole O - H -> nbonds: 1
04/20 12:12 [DEBUG] cshmd.analysis (find_bond)                                   : find_bond C - O rcut -> 1.6
04/20 12:12 [DEBUG] cshmd.analysis (get_mole)                                    : get_mole C - O -> nbonds: 3
04/20 12:12 [DEBUG] cshmd.analysis (get_mole)                                    : get_mole O - H -> nbonds: 3
04/20 12:12 [DEBUG] cshmd.analysis (find_bond)                                   : find_bond Ca - O rcut -> 3.0
04/20 12:12 [DEBUG] cshmd.common (time_wrapper)                                  : [RUNTIME] get_distance_table in 0.344 seconds
04/20 12:12 [DEBUG] cshmd.analysis (search_basic)                                : Basic search result -> H2O: 654, SiO4: 612, OH: 128, CO3: 0, H3O: 0, Ca_O: 4227
04/20 12:12 [DEBUG] cshmd.analysis (full_search)                                 : Search layer details
04/20 12:12 [DEBUG] cshmd.analysis (find_bond)                                   : find_bond Ca - O rcut -> 3.0
04/20 12:12 [DEBUG] cshmd.analysis (find_bond)                                   : find_bond Si - O rcut -> 2.2
04/20 12:12 [DEBUG] cshmd.analysis (set_layer_boundary)                          : Set layer boundary -> 0.2361377918249991 - 0.7222344292749987
04/20 12:12 [DEBUG] cshmd.analysis (__detail_search_oh_co3)                      : No CO3 in basic search
04/20 12:12 [DEBUG] cshmd.analysis (__detail_search_oh_sioh)                     : Searching 'OH' in 'SiO4
04/20 12:12 [DEBUG] cshmd.analysis (__detail_search_oh_caoh)                     : Searching 'OH' in 'CaOH
04/20 12:12 [INFO] cshmd.analysis (Qn)                                           : [Structure] Q1: 0.510
04/20 12:12 [INFO] cshmd.analysis (Qn)                                           : [Structure] Q2: 0.490
04/20 12:12 [INFO] cshmd.analysis (CS)                                           : [Structure] C/S: 1.069
04/20 12:12 [INFO] cshmd.analysis (validate_tetra)                               : [Structure] BT: 100, PT: 512
04/20 12:12 [DEBUG] cshmd.analysis (__init__)                                    : <class 'cshmd.analysis.Chain'> loaded
04/20 12:12 [DEBUG] cshmd.analysis (__init__)                                    : <class 'cshmd.analysis.Chain'> loaded
04/20 12:12 [DEBUG] cshmd.analysis (__init__)                                    : <class 'cshmd.analysis.Chain'> loaded
04/20 12:12 [DEBUG] cshmd.analysis (__init__)                                    : <class 'cshmd.analysis.Chain'> loaded
04/20 12:12 [INFO] cshmd.analysis (validate_tetra)                               : [Structure] CL : Length 2: 15 Length 5: 23 Length 8: 1
04/20 12:12 [INFO] cshmd.analysis (validate_tetra)                               : [Structure] MCL : 3.923076923076923
04/20 12:12 [INFO] cshmd.structure (__init__)                                    : ./L120.cif was loaded
04/20 12:12 [DEBUG] cshmd.analysis (__init__)                                    : [Structure] Now new data setted for get Bonds
04/20 12:12 [DEBUG] cshmd.analysis (__del_bond__)                                : del -> Si_O O_H H_O Ca_O C_O BO NBO
04/20 12:12 [DEBUG] cshmd.analysis (__initialize_mole__)                         : initalize -> H2O SiO4 OH CO3 H3O
04/20 12:12 [DEBUG] cshmd.analysis (__initialize_mole__)                         : initalize -> SiOH CaOH HCO3 H2CO3 H3CO3
04/20 12:12 [DEBUG] cshmd.analysis (find_bond)                                   : find_bond O - H rcut -> 1.2
04/20 12:12 [DEBUG] cshmd.common (time_wrapper)                                  : [RUNTIME] get_distance_table in 0.569 seconds
04/20 12:12 [DEBUG] cshmd.analysis (get_mole)                                    : get_mole O - H -> nbonds: 2
04/20 12:12 [DEBUG] cshmd.analysis (find_bond)                                   : find_bond Si - O rcut -> 2.2
04/20 12:12 [DEBUG] cshmd.common (time_wrapper)                                  : [RUNTIME] get_distance_table in 0.328 seconds
04/20 12:12 [DEBUG] cshmd.analysis (get_mole)                                    : get_mole Si - O -> nbonds: 4
04/20 12:12 [DEBUG] cshmd.analysis (get_mole)                                    : get_mole O - H -> nbonds: 1
04/20 12:12 [DEBUG] cshmd.analysis (find_bond)                                   : find_bond C - O rcut -> 1.6
04/20 12:12 [DEBUG] cshmd.analysis (get_mole)                                    : get_mole C - O -> nbonds: 3
04/20 12:12 [DEBUG] cshmd.analysis (get_mole)                                    : get_mole O - H -> nbonds: 3
04/20 12:12 [DEBUG] cshmd.analysis (find_bond)                                   : find_bond Ca - O rcut -> 3.0
04/20 12:12 [DEBUG] cshmd.common (time_wrapper)                                  : [RUNTIME] get_distance_table in 0.359 seconds
04/20 12:12 [DEBUG] cshmd.analysis (search_basic)                                : Basic search result -> H2O: 606, SiO4: 708, OH: 128, CO3: 0, H3O: 0, Ca_O: 4107
04/20 12:12 [DEBUG] cshmd.analysis (full_search)                                 : Search layer details
04/20 12:12 [DEBUG] cshmd.analysis (find_bond)                                   : find_bond Ca - O rcut -> 3.0
04/20 12:12 [DEBUG] cshmd.analysis (find_bond)                                   : find_bond Si - O rcut -> 2.2
04/20 12:12 [DEBUG] cshmd.analysis (set_layer_boundary)                          : Set layer boundary -> 0.2361377918249991 - 0.7222344292749987
04/20 12:12 [DEBUG] cshmd.analysis (__detail_search_oh_co3)                      : No CO3 in basic search
04/20 12:12 [DEBUG] cshmd.analysis (__detail_search_oh_sioh)                     : Searching 'OH' in 'SiO4
04/20 12:12 [DEBUG] cshmd.analysis (__detail_search_oh_caoh)                     : Searching 'OH' in 'CaOH
04/20 12:12 [INFO] cshmd.analysis (Qn)                                           : [Structure] Q1: 0.169
04/20 12:12 [INFO] cshmd.analysis (Qn)                                           : [Structure] Q2: 0.831
04/20 12:12 [INFO] cshmd.analysis (CS)                                           : [Structure] C/S: 0.856
04/20 12:12 [INFO] cshmd.analysis (validate_tetra)                               : [Structure] BT: 196, PT: 512
04/20 12:12 [DEBUG] cshmd.analysis (__init__)                                    : <class 'cshmd.analysis.Chain'> loaded
04/20 12:12 [DEBUG] cshmd.analysis (__init__)                                    : <class 'cshmd.analysis.Chain'> loaded
04/20 12:12 [DEBUG] cshmd.analysis (__init__)                                    : <class 'cshmd.analysis.Chain'> loaded
04/20 12:12 [DEBUG] cshmd.analysis (__init__)                                    : <class 'cshmd.analysis.Chain'> loaded
04/20 12:12 [INFO] cshmd.analysis (validate_tetra)                               : [Structure] CL : Length 5: 1 Length 11: 12 Length 17: 1 Length 23: 1
04/20 12:12 [INFO] cshmd.analysis (validate_tetra)                               : [Structure] MCL : 11.8
04/20 12:12 [INFO] cshmd.structure (__init__)                                    : ./L080.cif was loaded
04/20 12:12 [DEBUG] cshmd.analysis (__init__)                                    : [Structure] Now new data setted for get Bonds
04/20 12:12 [DEBUG] cshmd.analysis (__del_bond__)                                : del -> Si_O O_H H_O Ca_O C_O BO NBO
04/20 12:12 [DEBUG] cshmd.analysis (__initialize_mole__)                         : initalize -> H2O SiO4 OH CO3 H3O
04/20 12:12 [DEBUG] cshmd.analysis (__initialize_mole__)                         : initalize -> SiOH CaOH HCO3 H2CO3 H3CO3
04/20 12:12 [DEBUG] cshmd.analysis (find_bond)                                   : find_bond O - H rcut -> 1.2
04/20 12:12 [DEBUG] cshmd.common (time_wrapper)                                  : [RUNTIME] get_distance_table in 0.656 seconds
04/20 12:12 [DEBUG] cshmd.analysis (get_mole)                                    : get_mole O - H -> nbonds: 2
04/20 12:12 [DEBUG] cshmd.analysis (find_bond)                                   : find_bond Si - O rcut -> 2.2
04/20 12:12 [DEBUG] cshmd.common (time_wrapper)                                  : [RUNTIME] get_distance_table in 0.313 seconds
04/20 12:12 [DEBUG] cshmd.analysis (get_mole)                                    : get_mole Si - O -> nbonds: 4
04/20 12:12 [DEBUG] cshmd.analysis (get_mole)                                    : get_mole O - H -> nbonds: 1
04/20 12:12 [DEBUG] cshmd.analysis (find_bond)                                   : find_bond C - O rcut -> 1.6
04/20 12:12 [DEBUG] cshmd.analysis (get_mole)                                    : get_mole C - O -> nbonds: 3
04/20 12:12 [DEBUG] cshmd.analysis (get_mole)                                    : get_mole O - H -> nbonds: 3
04/20 12:12 [DEBUG] cshmd.analysis (find_bond)                                   : find_bond Ca - O rcut -> 3.0
04/20 12:12 [DEBUG] cshmd.common (time_wrapper)                                  : [RUNTIME] get_distance_table in 0.334 seconds
04/20 12:12 [DEBUG] cshmd.analysis (search_basic)                                : Basic search result -> H2O: 620, SiO4: 680, OH: 128, CO3: 0, H3O: 0, Ca_O: 4142
04/20 12:12 [DEBUG] cshmd.analysis (full_search)                                 : Search layer details
04/20 12:12 [DEBUG] cshmd.analysis (find_bond)                                   : find_bond Ca - O rcut -> 3.0
04/20 12:12 [DEBUG] cshmd.analysis (find_bond)                                   : find_bond Si - O rcut -> 2.2
04/20 12:12 [DEBUG] cshmd.analysis (set_layer_boundary)                          : Set layer boundary -> 0.2361377918249991 - 0.7222344292749987
04/20 12:12 [DEBUG] cshmd.analysis (__detail_search_oh_co3)                      : No CO3 in basic search
04/20 12:12 [DEBUG] cshmd.analysis (__detail_search_oh_sioh)                     : Searching 'OH' in 'SiO4
04/20 12:12 [DEBUG] cshmd.analysis (__detail_search_oh_caoh)                     : Searching 'OH' in 'CaOH
04/20 12:12 [INFO] cshmd.analysis (Qn)                                           : [Structure] Q1: 0.259
04/20 12:12 [INFO] cshmd.analysis (Qn)                                           : [Structure] Q2: 0.741
04/20 12:12 [INFO] cshmd.analysis (CS)                                           : [Structure] C/S: 0.912
04/20 12:12 [INFO] cshmd.analysis (validate_tetra)                               : [Structure] BT: 168, PT: 512
04/20 12:12 [DEBUG] cshmd.analysis (__init__)                                    : <class 'cshmd.analysis.Chain'> loaded
04/20 12:12 [DEBUG] cshmd.analysis (__init__)                                    : <class 'cshmd.analysis.Chain'> loaded
04/20 12:12 [DEBUG] cshmd.analysis (__init__)                                    : <class 'cshmd.analysis.Chain'> loaded
04/20 12:12 [DEBUG] cshmd.analysis (__init__)                                    : <class 'cshmd.analysis.Chain'> loaded
04/20 12:12 [INFO] cshmd.analysis (validate_tetra)                               : [Structure] CL : Length 2: 2 Length 5: 6 Length 8: 6 Length 11: 8
04/20 12:12 [INFO] cshmd.analysis (validate_tetra)                               : [Structure] MCL : 7.7272727272727275
04/20 12:12 [INFO] cshmd.structure (__init__)                                    : ./L100.cif was loaded
04/20 12:12 [DEBUG] cshmd.analysis (__init__)                                    : [Structure] Now new data setted for get Bonds
04/20 12:12 [DEBUG] cshmd.analysis (__del_bond__)                                : del -> Si_O O_H H_O Ca_O C_O BO NBO
04/20 12:12 [DEBUG] cshmd.analysis (__initialize_mole__)                         : initalize -> H2O SiO4 OH CO3 H3O
04/20 12:12 [DEBUG] cshmd.analysis (__initialize_mole__)                         : initalize -> SiOH CaOH HCO3 H2CO3 H3CO3
04/20 12:12 [DEBUG] cshmd.analysis (find_bond)                                   : find_bond O - H rcut -> 1.2
04/20 12:12 [DEBUG] cshmd.common (time_wrapper)                                  : [RUNTIME] get_distance_table in 0.654 seconds
04/20 12:12 [DEBUG] cshmd.analysis (get_mole)                                    : get_mole O - H -> nbonds: 2
04/20 12:12 [DEBUG] cshmd.analysis (find_bond)                                   : find_bond Si - O rcut -> 2.2
04/20 12:12 [DEBUG] cshmd.common (time_wrapper)                                  : [RUNTIME] get_distance_table in 0.321 seconds
04/20 12:12 [DEBUG] cshmd.analysis (get_mole)                                    : get_mole Si - O -> nbonds: 4
04/20 12:12 [DEBUG] cshmd.analysis (get_mole)                                    : get_mole O - H -> nbonds: 1
04/20 12:12 [DEBUG] cshmd.analysis (find_bond)                                   : find_bond C - O rcut -> 1.6
04/20 12:12 [DEBUG] cshmd.analysis (get_mole)                                    : get_mole C - O -> nbonds: 3
04/20 12:12 [DEBUG] cshmd.analysis (get_mole)                                    : get_mole O - H -> nbonds: 3
04/20 12:12 [DEBUG] cshmd.analysis (find_bond)                                   : find_bond Ca - O rcut -> 3.0
04/20 12:12 [DEBUG] cshmd.common (time_wrapper)                                  : [RUNTIME] get_distance_table in 0.401 seconds
04/20 12:12 [DEBUG] cshmd.analysis (search_basic)                                : Basic search result -> H2O: 612, SiO4: 696, OH: 128, CO3: 0, H3O: 0, Ca_O: 4122
04/20 12:12 [DEBUG] cshmd.analysis (full_search)                                 : Search layer details
04/20 12:12 [DEBUG] cshmd.analysis (find_bond)                                   : find_bond Ca - O rcut -> 3.0
04/20 12:12 [DEBUG] cshmd.analysis (find_bond)                                   : find_bond Si - O rcut -> 2.2
04/20 12:12 [DEBUG] cshmd.analysis (set_layer_boundary)                          : Set layer boundary -> 0.2361377918249991 - 0.7222344292749987
04/20 12:12 [DEBUG] cshmd.analysis (__detail_search_oh_co3)                      : No CO3 in basic search
04/20 12:12 [DEBUG] cshmd.analysis (__detail_search_oh_sioh)                     : Searching 'OH' in 'SiO4
04/20 12:12 [DEBUG] cshmd.analysis (__detail_search_oh_caoh)                     : Searching 'OH' in 'CaOH
04/20 12:12 [INFO] cshmd.analysis (Qn)                                           : [Structure] Q1: 0.207
04/20 12:12 [INFO] cshmd.analysis (Qn)                                           : [Structure] Q2: 0.793
04/20 12:12 [INFO] cshmd.analysis (CS)                                           : [Structure] C/S: 0.879
04/20 12:12 [INFO] cshmd.analysis (validate_tetra)                               : [Structure] BT: 184, PT: 512
04/20 12:12 [DEBUG] cshmd.analysis (__init__)                                    : <class 'cshmd.analysis.Chain'> loaded
04/20 12:12 [DEBUG] cshmd.analysis (__init__)                                    : <class 'cshmd.analysis.Chain'> loaded
04/20 12:12 [DEBUG] cshmd.analysis (__init__)                                    : <class 'cshmd.analysis.Chain'> loaded
04/20 12:12 [DEBUG] cshmd.analysis (__init__)                                    : <class 'cshmd.analysis.Chain'> loaded
04/20 12:12 [INFO] cshmd.analysis (validate_tetra)                               : [Structure] CL : Length 2: 1 Length 5: 1 Length 8: 5 Length 11: 9 Length 14: 2
04/20 12:12 [INFO] cshmd.analysis (validate_tetra)                               : [Structure] MCL : 9.666666666666666
04/20 12:12 [INFO] cshmd.structure (__init__)                                    : ./L060.cif was loaded
04/20 12:12 [DEBUG] cshmd.analysis (__init__)                                    : [Structure] Now new data setted for get Bonds
04/20 12:12 [DEBUG] cshmd.analysis (__del_bond__)                                : del -> Si_O O_H H_O Ca_O C_O BO NBO
04/20 12:12 [DEBUG] cshmd.analysis (__initialize_mole__)                         : initalize -> H2O SiO4 OH CO3 H3O
04/20 12:12 [DEBUG] cshmd.analysis (__initialize_mole__)                         : initalize -> SiOH CaOH HCO3 H2CO3 H3CO3
04/20 12:12 [DEBUG] cshmd.analysis (find_bond)                                   : find_bond O - H rcut -> 1.2
04/20 12:12 [DEBUG] cshmd.common (time_wrapper)                                  : [RUNTIME] get_distance_table in 0.769 seconds
04/20 12:12 [DEBUG] cshmd.analysis (get_mole)                                    : get_mole O - H -> nbonds: 2
04/20 12:12 [DEBUG] cshmd.analysis (find_bond)                                   : find_bond Si - O rcut -> 2.2
04/20 12:12 [DEBUG] cshmd.common (time_wrapper)                                  : [RUNTIME] get_distance_table in 0.304 seconds
04/20 12:12 [DEBUG] cshmd.analysis (get_mole)                                    : get_mole Si - O -> nbonds: 4
04/20 12:12 [DEBUG] cshmd.analysis (get_mole)                                    : get_mole O - H -> nbonds: 1
04/20 12:12 [DEBUG] cshmd.analysis (find_bond)                                   : find_bond C - O rcut -> 1.6
04/20 12:12 [DEBUG] cshmd.analysis (get_mole)                                    : get_mole C - O -> nbonds: 3
04/20 12:12 [DEBUG] cshmd.analysis (get_mole)                                    : get_mole O - H -> nbonds: 3
04/20 12:12 [DEBUG] cshmd.analysis (find_bond)                                   : find_bond Ca - O rcut -> 3.0
04/20 12:12 [DEBUG] cshmd.common (time_wrapper)                                  : [RUNTIME] get_distance_table in 0.381 seconds
04/20 12:12 [DEBUG] cshmd.analysis (search_basic)                                : Basic search result -> H2O: 632, SiO4: 656, OH: 128, CO3: 0, H3O: 0, Ca_O: 4172
04/20 12:12 [DEBUG] cshmd.analysis (full_search)                                 : Search layer details
04/20 12:12 [DEBUG] cshmd.analysis (find_bond)                                   : find_bond Ca - O rcut -> 3.0
04/20 12:12 [DEBUG] cshmd.analysis (find_bond)                                   : find_bond Si - O rcut -> 2.2
04/20 12:12 [DEBUG] cshmd.analysis (set_layer_boundary)                          : Set layer boundary -> 0.2361377918249991 - 0.7222344292749987
04/20 12:12 [DEBUG] cshmd.analysis (__detail_search_oh_co3)                      : No CO3 in basic search
04/20 12:12 [DEBUG] cshmd.analysis (__detail_search_oh_sioh)                     : Searching 'OH' in 'SiO4
04/20 12:12 [DEBUG] cshmd.analysis (__detail_search_oh_caoh)                     : Searching 'OH' in 'CaOH
04/20 12:12 [INFO] cshmd.analysis (Qn)                                           : [Structure] Q1: 0.341
04/20 12:12 [INFO] cshmd.analysis (Qn)                                           : [Structure] Q2: 0.659
04/20 12:12 [INFO] cshmd.analysis (CS)                                           : [Structure] C/S: 0.963
04/20 12:12 [INFO] cshmd.analysis (validate_tetra)                               : [Structure] BT: 144, PT: 512
04/20 12:12 [DEBUG] cshmd.analysis (__init__)                                    : <class 'cshmd.analysis.Chain'> loaded
04/20 12:12 [DEBUG] cshmd.analysis (__init__)                                    : <class 'cshmd.analysis.Chain'> loaded
04/20 12:12 [DEBUG] cshmd.analysis (__init__)                                    : <class 'cshmd.analysis.Chain'> loaded
04/20 12:12 [DEBUG] cshmd.analysis (__init__)                                    : <class 'cshmd.analysis.Chain'> loaded
04/20 12:12 [INFO] cshmd.analysis (validate_tetra)                               : [Structure] CL : Length 2: 7 Length 5: 10 Length 8: 7 Length 11: 4
04/20 12:12 [INFO] cshmd.analysis (validate_tetra)                               : [Structure] MCL : 5.857142857142857
04/20 12:12 [INFO] cshmd.structure (out2info)                                    : './L060.tmp.pkl' was created
04/20 12:12 [DEBUG] cshmd.common (get_logger)                                    : $$$$$$$$$$$$$$  Logger 'cshmd.common........' initialized  $$$$$$$$$$$$$$
04/20 12:12 [DEBUG] cshmd.functions (get_logger)                                 : $$$$$$$$$$$$$$  Logger 'cshmd.functions.....' initialized  $$$$$$$$$$$$$$
04/20 12:12 [DEBUG] cshmd.load (get_logger)                                      : $$$$$$$$$$$$$$  Logger 'cshmd.load..........' initialized  $$$$$$$$$$$$$$
04/20 12:12 [DEBUG] cshmd.analysis (get_logger)                                  : $$$$$$$$$$$$$$  Logger 'cshmd.analysis......' initialized  $$$$$$$$$$$$$$
04/20 12:12 [DEBUG] cshmd.structure (get_logger)                                 : $$$$$$$$$$$$$$  Logger 'cshmd.structure.....' initialized  $$$$$$$$$$$$$$
04/20 12:12 [DEBUG] cshmd.builder (get_logger)                                   : $$$$$$$$$$$$$$  Logger 'cshmd.builder.......' initialized  $$$$$$$$$$$$$$
04/20 12:12 [DEBUG] cshmd.trj_analysis (get_logger)                              : $$$$$$$$$$$$$$  Logger 'cshmd.trj_analysis..' initialized  $$$$$$$$$$$$$$
04/20 12:12 [DEBUG] csh_info (get_logger)                                        : $$$$$$$$$$$$$$  Logger 'csh_info............' initialized  $$$$$$$$$$$$$$
04/20 12:12 [INFO] csh_info (main)                                               : Cif: ./L035.cif ./L020.cif ./L030.cif ./L025.cif ./L040.cif ./L120.cif ./L080.cif ./L100.cif ./L060.cif
04/20 12:12 [INFO] cshmd.structure (__init__)                                    : ./L035.cif was loaded
04/20 12:12 [DEBUG] cshmd.analysis (__init__)                                    : [Structure] Now new data setted for get Bonds
04/20 12:12 [DEBUG] cshmd.analysis (__del_bond__)                                : del -> Si_O O_H H_O Ca_O C_O BO NBO
04/20 12:12 [DEBUG] cshmd.analysis (__initialize_mole__)                         : initalize -> H2O SiO4 OH CO3 H3O
04/20 12:12 [DEBUG] cshmd.analysis (__initialize_mole__)                         : initalize -> SiOH CaOH HCO3 H2CO3 H3CO3
04/20 12:12 [DEBUG] cshmd.analysis (__init__)                                    : C-S-H Model not setted
04/20 12:12 [DEBUG] cshmd.analysis (find_bond)                                   : find_bond O - H rcut -> 1.2
04/20 12:12 [DEBUG] cshmd.common (time_wrapper)                                  : [RUNTIME] get_distance_table in 0.649 seconds
04/20 12:12 [DEBUG] cshmd.analysis (get_mole)                                    : get_mole O - H -> nbonds: 2
04/20 12:12 [DEBUG] cshmd.analysis (find_bond)                                   : find_bond Si - O rcut -> 2.2
04/20 12:12 [DEBUG] cshmd.common (time_wrapper)                                  : [RUNTIME] get_distance_table in 0.305 seconds
04/20 12:12 [DEBUG] cshmd.analysis (get_mole)                                    : get_mole Si - O -> nbonds: 4
04/20 12:12 [DEBUG] cshmd.analysis (get_mole)                                    : get_mole O - H -> nbonds: 1
04/20 12:12 [DEBUG] cshmd.analysis (find_bond)                                   : find_bond C - O rcut -> 1.6
04/20 12:12 [DEBUG] cshmd.analysis (get_mole)                                    : get_mole C - O -> nbonds: 3
04/20 12:12 [DEBUG] cshmd.analysis (get_mole)                                    : get_mole O - H -> nbonds: 3
04/20 12:12 [DEBUG] cshmd.analysis (find_bond)                                   : find_bond Ca - O rcut -> 3.0
04/20 12:12 [DEBUG] cshmd.common (time_wrapper)                                  : [RUNTIME] get_distance_table in 0.359 seconds
04/20 12:12 [DEBUG] cshmd.analysis (search_basic)                                : Basic search result -> H2O: 662, SiO4: 596, OH: 128, CO3: 0, H3O: 0, Ca_O: 4247
04/20 12:12 [DEBUG] cshmd.analysis (full_search)                                 : Search layer details
04/20 12:12 [DEBUG] cshmd.analysis (find_bond)                                   : find_bond Ca - O rcut -> 3.0
04/20 12:12 [DEBUG] cshmd.analysis (find_bond)                                   : find_bond Si - O rcut -> 2.2
04/20 12:12 [DEBUG] cshmd.analysis (set_layer_boundary)                          : Set layer boundary -> 0.2361377918249991 - 0.7222344292749987
04/20 12:12 [DEBUG] cshmd.analysis (__detail_search_oh_co3)                      : No CO3 in basic search
04/20 12:12 [DEBUG] cshmd.analysis (__detail_search_oh_sioh)                     : Searching 'OH' in 'SiO4
04/20 12:12 [DEBUG] cshmd.analysis (__detail_search_oh_caoh)                     : Searching 'OH' in 'CaOH
04/20 12:12 [INFO] cshmd.analysis (Qn)                                           : [Structure] Q1: 0.577
04/20 12:12 [INFO] cshmd.analysis (Qn)                                           : [Structure] Q2: 0.423
04/20 12:12 [INFO] cshmd.analysis (CS)                                           : [Structure] C/S: 1.111
04/20 12:12 [INFO] cshmd.analysis (validate_tetra)                               : [Structure] BT: 84, PT: 512
04/20 12:12 [DEBUG] cshmd.analysis (__init__)                                    : <class 'cshmd.analysis.Chain'> loaded
04/20 12:12 [DEBUG] cshmd.analysis (__init__)                                    : <class 'cshmd.analysis.Chain'> loaded
04/20 12:12 [DEBUG] cshmd.analysis (__init__)                                    : <class 'cshmd.analysis.Chain'> loaded
04/20 12:12 [DEBUG] cshmd.analysis (__init__)                                    : <class 'cshmd.analysis.Chain'> loaded
04/20 12:12 [INFO] cshmd.analysis (validate_tetra)                               : [Structure] CL : Length 2: 22 Length 5: 21
04/20 12:12 [INFO] cshmd.analysis (validate_tetra)                               : [Structure] MCL : 3.465
04/20 12:12 [INFO] cshmd.structure (out2info)                                    : './L035.tmp.pkl' was created
04/20 12:12 [INFO] cshmd.structure (__init__)                                    : ./L020.cif was loaded
04/20 12:12 [DEBUG] cshmd.analysis (__init__)                                    : [Structure] Now new data setted for get Bonds
04/20 12:12 [DEBUG] cshmd.analysis (__del_bond__)                                : del -> Si_O O_H H_O Ca_O C_O BO NBO
04/20 12:12 [DEBUG] cshmd.analysis (__initialize_mole__)                         : initalize -> H2O SiO4 OH CO3 H3O
04/20 12:12 [DEBUG] cshmd.analysis (__initialize_mole__)                         : initalize -> SiOH CaOH HCO3 H2CO3 H3CO3
04/20 12:12 [DEBUG] cshmd.analysis (find_bond)                                   : find_bond O - H rcut -> 1.2
04/20 12:12 [DEBUG] cshmd.common (time_wrapper)                                  : [RUNTIME] get_distance_table in 0.693 seconds
04/20 12:12 [DEBUG] cshmd.analysis (get_mole)                                    : get_mole O - H -> nbonds: 2
04/20 12:12 [DEBUG] cshmd.analysis (find_bond)                                   : find_bond Si - O rcut -> 2.2
04/20 12:13 [DEBUG] cshmd.common (time_wrapper)                                  : [RUNTIME] get_distance_table in 0.229 seconds
04/20 12:13 [DEBUG] cshmd.analysis (get_mole)                                    : get_mole Si - O -> nbonds: 4
04/20 12:13 [DEBUG] cshmd.analysis (get_mole)                                    : get_mole O - H -> nbonds: 1
04/20 12:13 [DEBUG] cshmd.analysis (find_bond)                                   : find_bond C - O rcut -> 1.6
04/20 12:13 [DEBUG] cshmd.analysis (get_mole)                                    : get_mole C - O -> nbonds: 3
04/20 12:13 [DEBUG] cshmd.analysis (get_mole)                                    : get_mole O - H -> nbonds: 3
04/20 12:13 [DEBUG] cshmd.analysis (find_bond)                                   : find_bond Ca - O rcut -> 3.0
04/20 12:13 [DEBUG] cshmd.common (time_wrapper)                                  : [RUNTIME] get_distance_table in 0.364 seconds
04/20 12:13 [DEBUG] cshmd.analysis (search_basic)                                : Basic search result -> H2O: 704, SiO4: 512, OH: 128, CO3: 0, H3O: 0, Ca_O: 4352
04/20 12:13 [DEBUG] cshmd.analysis (full_search)                                 : Search layer details
04/20 12:13 [DEBUG] cshmd.analysis (find_bond)                                   : find_bond Ca - O rcut -> 3.0
04/20 12:13 [DEBUG] cshmd.analysis (find_bond)                                   : find_bond Si - O rcut -> 2.2
04/20 12:13 [DEBUG] cshmd.analysis (set_layer_boundary)                          : Set layer boundary -> 0.2361377918249991 - 0.7222344292749987
04/20 12:13 [DEBUG] cshmd.analysis (__detail_search_oh_co3)                      : No CO3 in basic search
04/20 12:13 [DEBUG] cshmd.analysis (__detail_search_oh_sioh)                     : Searching 'OH' in 'SiO4
04/20 12:13 [DEBUG] cshmd.analysis (__detail_search_oh_caoh)                     : Searching 'OH' in 'CaOH
04/20 12:13 [INFO] cshmd.analysis (Qn)                                           : [Structure] Q1: 1.000
04/20 12:13 [INFO] cshmd.analysis (CS)                                           : [Structure] C/S: 1.375
04/20 12:13 [INFO] cshmd.analysis (validate_tetra)                               : [Structure] BT: 0, PT: 512
04/20 12:13 [DEBUG] cshmd.analysis (__init__)                                    : <class 'cshmd.analysis.Chain'> loaded
04/20 12:13 [DEBUG] cshmd.analysis (__init__)                                    : <class 'cshmd.analysis.Chain'> loaded
04/20 12:13 [DEBUG] cshmd.analysis (__init__)                                    : <class 'cshmd.analysis.Chain'> loaded
04/20 12:13 [DEBUG] cshmd.analysis (__init__)                                    : <class 'cshmd.analysis.Chain'> loaded
04/20 12:13 [INFO] cshmd.analysis (validate_tetra)                               : [Structure] CL : Length 2: 64
04/20 12:13 [INFO] cshmd.analysis (validate_tetra)                               : [Structure] MCL : 2.000
04/20 12:13 [INFO] cshmd.structure (out2info)                                    : './L020.tmp.pkl' was created
04/20 12:13 [INFO] cshmd.structure (__init__)                                    : ./L030.cif was loaded
04/20 12:13 [DEBUG] cshmd.analysis (__init__)                                    : [Structure] Now new data setted for get Bonds
04/20 12:13 [DEBUG] cshmd.analysis (__del_bond__)                                : del -> Si_O O_H H_O Ca_O C_O BO NBO
04/20 12:13 [DEBUG] cshmd.analysis (__initialize_mole__)                         : initalize -> H2O SiO4 OH CO3 H3O
04/20 12:13 [DEBUG] cshmd.analysis (__initialize_mole__)                         : initalize -> SiOH CaOH HCO3 H2CO3 H3CO3
04/20 12:13 [DEBUG] cshmd.analysis (find_bond)                                   : find_bond O - H rcut -> 1.2
04/20 12:13 [DEBUG] cshmd.common (time_wrapper)                                  : [RUNTIME] get_distance_table in 0.724 seconds
04/20 12:13 [DEBUG] cshmd.analysis (get_mole)                                    : get_mole O - H -> nbonds: 2
04/20 12:13 [DEBUG] cshmd.analysis (find_bond)                                   : find_bond Si - O rcut -> 2.2
04/20 12:13 [DEBUG] cshmd.common (time_wrapper)                                  : [RUNTIME] get_distance_table in 0.265 seconds
04/20 12:13 [DEBUG] cshmd.analysis (get_mole)                                    : get_mole Si - O -> nbonds: 4
04/20 12:13 [DEBUG] cshmd.analysis (get_mole)                                    : get_mole O - H -> nbonds: 1
04/20 12:13 [DEBUG] cshmd.analysis (find_bond)                                   : find_bond C - O rcut -> 1.6
04/20 12:13 [DEBUG] cshmd.analysis (get_mole)                                    : get_mole C - O -> nbonds: 3
04/20 12:13 [DEBUG] cshmd.analysis (get_mole)                                    : get_mole O - H -> nbonds: 3
04/20 12:13 [DEBUG] cshmd.analysis (find_bond)                                   : find_bond Ca - O rcut -> 3.0
04/20 12:13 [DEBUG] cshmd.common (time_wrapper)                                  : [RUNTIME] get_distance_table in 0.558 seconds
04/20 12:13 [DEBUG] cshmd.analysis (search_basic)                                : Basic search result -> H2O: 672, SiO4: 576, OH: 128, CO3: 0, H3O: 0, Ca_O: 4272
04/20 12:13 [DEBUG] cshmd.analysis (full_search)                                 : Search layer details
04/20 12:13 [DEBUG] cshmd.analysis (find_bond)                                   : find_bond Ca - O rcut -> 3.0
04/20 12:13 [DEBUG] cshmd.analysis (find_bond)                                   : find_bond Si - O rcut -> 2.2
04/20 12:13 [DEBUG] cshmd.analysis (set_layer_boundary)                          : Set layer boundary -> 0.2361377918249991 - 0.7222344292749987
04/20 12:13 [DEBUG] cshmd.analysis (__detail_search_oh_co3)                      : No CO3 in basic search
04/20 12:13 [DEBUG] cshmd.analysis (__detail_search_oh_sioh)                     : Searching 'OH' in 'SiO4
04/20 12:13 [DEBUG] cshmd.analysis (__detail_search_oh_caoh)                     : Searching 'OH' in 'CaOH
04/20 12:13 [INFO] cshmd.analysis (Qn)                                           : [Structure] Q1: 0.667
04/20 12:13 [INFO] cshmd.analysis (Qn)                                           : [Structure] Q2: 0.333
04/20 12:13 [INFO] cshmd.analysis (CS)                                           : [Structure] C/S: 1.167
04/20 12:13 [INFO] cshmd.analysis (validate_tetra)                               : [Structure] BT: 64, PT: 512
04/20 12:13 [DEBUG] cshmd.analysis (__init__)                                    : <class 'cshmd.analysis.Chain'> loaded
04/20 12:13 [DEBUG] cshmd.analysis (__init__)                                    : <class 'cshmd.analysis.Chain'> loaded
04/20 12:13 [DEBUG] cshmd.analysis (__init__)                                    : <class 'cshmd.analysis.Chain'> loaded
04/20 12:13 [DEBUG] cshmd.analysis (__init__)                                    : <class 'cshmd.analysis.Chain'> loaded
04/20 12:13 [INFO] cshmd.analysis (validate_tetra)                               : [Structure] CL : Length 2: 32 Length 5: 16
04/20 12:13 [INFO] cshmd.analysis (validate_tetra)                               : [Structure] MCL : 3.000
04/20 12:13 [INFO] cshmd.structure (out2info)                                    : './L030.tmp.pkl' was created
04/20 12:13 [INFO] cshmd.structure (__init__)                                    : ./L025.cif was loaded
04/20 12:13 [DEBUG] cshmd.analysis (__init__)                                    : [Structure] Now new data setted for get Bonds
04/20 12:13 [DEBUG] cshmd.analysis (__del_bond__)                                : del -> Si_O O_H H_O Ca_O C_O BO NBO
04/20 12:13 [DEBUG] cshmd.analysis (__initialize_mole__)                         : initalize -> H2O SiO4 OH CO3 H3O
04/20 12:13 [DEBUG] cshmd.analysis (__initialize_mole__)                         : initalize -> SiOH CaOH HCO3 H2CO3 H3CO3
04/20 12:13 [DEBUG] cshmd.analysis (find_bond)                                   : find_bond O - H rcut -> 1.2
04/20 12:13 [DEBUG] cshmd.common (time_wrapper)                                  : [RUNTIME] get_distance_table in 0.727 seconds
04/20 12:13 [DEBUG] cshmd.analysis (get_mole)                                    : get_mole O - H -> nbonds: 2
04/20 12:13 [DEBUG] cshmd.analysis (find_bond)                                   : find_bond Si - O rcut -> 2.2
04/20 12:13 [DEBUG] cshmd.common (time_wrapper)                                  : [RUNTIME] get_distance_table in 0.265 seconds
04/20 12:13 [DEBUG] cshmd.analysis (get_mole)                                    : get_mole Si - O -> nbonds: 4
04/20 12:13 [DEBUG] cshmd.analysis (get_mole)                                    : get_mole O - H -> nbonds: 1
04/20 12:13 [DEBUG] cshmd.analysis (find_bond)                                   : find_bond C - O rcut -> 1.6
04/20 12:13 [DEBUG] cshmd.analysis (get_mole)                                    : get_mole C - O -> nbonds: 3
04/20 12:13 [DEBUG] cshmd.analysis (get_mole)                                    : get_mole O - H -> nbonds: 3
04/20 12:13 [DEBUG] cshmd.analysis (find_bond)                                   : find_bond Ca - O rcut -> 3.0
04/20 12:13 [DEBUG] cshmd.common (time_wrapper)                                  : [RUNTIME] get_distance_table in 0.367 seconds
04/20 12:13 [DEBUG] cshmd.analysis (search_basic)                                : Basic search result -> H2O: 686, SiO4: 548, OH: 128, CO3: 0, H3O: 0, Ca_O: 4307
04/20 12:13 [DEBUG] cshmd.analysis (full_search)                                 : Search layer details
04/20 12:13 [DEBUG] cshmd.analysis (find_bond)                                   : find_bond Ca - O rcut -> 3.0
04/20 12:13 [DEBUG] cshmd.analysis (find_bond)                                   : find_bond Si - O rcut -> 2.2
04/20 12:13 [DEBUG] cshmd.analysis (set_layer_boundary)                          : Set layer boundary -> 0.2361377918249991 - 0.7222344292749987
04/20 12:13 [DEBUG] cshmd.analysis (__detail_search_oh_co3)                      : No CO3 in basic search
04/20 12:13 [DEBUG] cshmd.analysis (__detail_search_oh_sioh)                     : Searching 'OH' in 'SiO4
04/20 12:13 [DEBUG] cshmd.analysis (__detail_search_oh_caoh)                     : Searching 'OH' in 'CaOH
04/20 12:13 [INFO] cshmd.analysis (Qn)                                           : [Structure] Q1: 0.803
04/20 12:13 [INFO] cshmd.analysis (Qn)                                           : [Structure] Q2: 0.197
04/20 12:13 [INFO] cshmd.analysis (CS)                                           : [Structure] C/S: 1.252
04/20 12:13 [INFO] cshmd.analysis (validate_tetra)                               : [Structure] BT: 36, PT: 512
04/20 12:13 [DEBUG] cshmd.analysis (__init__)                                    : <class 'cshmd.analysis.Chain'> loaded
04/20 12:13 [DEBUG] cshmd.analysis (__init__)                                    : <class 'cshmd.analysis.Chain'> loaded
04/20 12:13 [DEBUG] cshmd.analysis (__init__)                                    : <class 'cshmd.analysis.Chain'> loaded
04/20 12:13 [DEBUG] cshmd.analysis (__init__)                                    : <class 'cshmd.analysis.Chain'> loaded
04/20 12:13 [INFO] cshmd.analysis (validate_tetra)                               : [Structure] CL : Length 2: 46 Length 5: 9
04/20 12:13 [INFO] cshmd.analysis (validate_tetra)                               : [Structure] MCL : 2.491
04/20 12:13 [INFO] cshmd.structure (out2info)                                    : './L025.tmp.pkl' was created
04/20 12:13 [INFO] cshmd.structure (__init__)                                    : ./L040.cif was loaded
04/20 12:13 [DEBUG] cshmd.analysis (__init__)                                    : [Structure] Now new data setted for get Bonds
04/20 12:13 [DEBUG] cshmd.analysis (__del_bond__)                                : del -> Si_O O_H H_O Ca_O C_O BO NBO
04/20 12:13 [DEBUG] cshmd.analysis (__initialize_mole__)                         : initalize -> H2O SiO4 OH CO3 H3O
04/20 12:13 [DEBUG] cshmd.analysis (__initialize_mole__)                         : initalize -> SiOH CaOH HCO3 H2CO3 H3CO3
04/20 12:13 [DEBUG] cshmd.analysis (find_bond)                                   : find_bond O - H rcut -> 1.2
04/20 12:13 [DEBUG] cshmd.common (time_wrapper)                                  : [RUNTIME] get_distance_table in 0.614 seconds
04/20 12:13 [DEBUG] cshmd.analysis (get_mole)                                    : get_mole O - H -> nbonds: 2
04/20 12:13 [DEBUG] cshmd.analysis (find_bond)                                   : find_bond Si - O rcut -> 2.2
04/20 12:13 [DEBUG] cshmd.common (time_wrapper)                                  : [RUNTIME] get_distance_table in 0.303 seconds
04/20 12:13 [DEBUG] cshmd.analysis (get_mole)                                    : get_mole Si - O -> nbonds: 4
04/20 12:13 [DEBUG] cshmd.analysis (get_mole)                                    : get_mole O - H -> nbonds: 1
04/20 12:13 [DEBUG] cshmd.analysis (find_bond)                                   : find_bond C - O rcut -> 1.6
04/20 12:13 [DEBUG] cshmd.analysis (get_mole)                                    : get_mole C - O -> nbonds: 3
04/20 12:13 [DEBUG] cshmd.analysis (get_mole)                                    : get_mole O - H -> nbonds: 3
04/20 12:13 [DEBUG] cshmd.analysis (find_bond)                                   : find_bond Ca - O rcut -> 3.0
04/20 12:13 [DEBUG] cshmd.common (time_wrapper)                                  : [RUNTIME] get_distance_table in 0.339 seconds
04/20 12:13 [DEBUG] cshmd.analysis (search_basic)                                : Basic search result -> H2O: 654, SiO4: 612, OH: 128, CO3: 0, H3O: 0, Ca_O: 4227
04/20 12:13 [DEBUG] cshmd.analysis (full_search)                                 : Search layer details
04/20 12:13 [DEBUG] cshmd.analysis (find_bond)                                   : find_bond Ca - O rcut -> 3.0
04/20 12:13 [DEBUG] cshmd.analysis (find_bond)                                   : find_bond Si - O rcut -> 2.2
04/20 12:13 [DEBUG] cshmd.analysis (set_layer_boundary)                          : Set layer boundary -> 0.2361377918249991 - 0.7222344292749987
04/20 12:13 [DEBUG] cshmd.analysis (__detail_search_oh_co3)                      : No CO3 in basic search
04/20 12:13 [DEBUG] cshmd.analysis (__detail_search_oh_sioh)                     : Searching 'OH' in 'SiO4
04/20 12:13 [DEBUG] cshmd.analysis (__detail_search_oh_caoh)                     : Searching 'OH' in 'CaOH
04/20 12:13 [INFO] cshmd.analysis (Qn)                                           : [Structure] Q1: 0.510
04/20 12:13 [INFO] cshmd.analysis (Qn)                                           : [Structure] Q2: 0.490
04/20 12:13 [INFO] cshmd.analysis (CS)                                           : [Structure] C/S: 1.069
04/20 12:13 [INFO] cshmd.analysis (validate_tetra)                               : [Structure] BT: 100, PT: 512
04/20 12:13 [DEBUG] cshmd.analysis (__init__)                                    : <class 'cshmd.analysis.Chain'> loaded
04/20 12:13 [DEBUG] cshmd.analysis (__init__)                                    : <class 'cshmd.analysis.Chain'> loaded
04/20 12:13 [DEBUG] cshmd.analysis (__init__)                                    : <class 'cshmd.analysis.Chain'> loaded
04/20 12:13 [DEBUG] cshmd.analysis (__init__)                                    : <class 'cshmd.analysis.Chain'> loaded
04/20 12:13 [INFO] cshmd.analysis (validate_tetra)                               : [Structure] CL : Length 2: 15 Length 5: 23 Length 8: 1
04/20 12:13 [INFO] cshmd.analysis (validate_tetra)                               : [Structure] MCL : 3.923
04/20 12:13 [INFO] cshmd.structure (out2info)                                    : './L040.tmp.pkl' was created
04/20 12:13 [INFO] cshmd.structure (__init__)                                    : ./L120.cif was loaded
04/20 12:13 [DEBUG] cshmd.analysis (__init__)                                    : [Structure] Now new data setted for get Bonds
04/20 12:13 [DEBUG] cshmd.analysis (__del_bond__)                                : del -> Si_O O_H H_O Ca_O C_O BO NBO
04/20 12:13 [DEBUG] cshmd.analysis (__initialize_mole__)                         : initalize -> H2O SiO4 OH CO3 H3O
04/20 12:13 [DEBUG] cshmd.analysis (__initialize_mole__)                         : initalize -> SiOH CaOH HCO3 H2CO3 H3CO3
04/20 12:13 [DEBUG] cshmd.analysis (find_bond)                                   : find_bond O - H rcut -> 1.2
04/20 12:13 [DEBUG] cshmd.common (time_wrapper)                                  : [RUNTIME] get_distance_table in 0.585 seconds
04/20 12:13 [DEBUG] cshmd.analysis (get_mole)                                    : get_mole O - H -> nbonds: 2
04/20 12:13 [DEBUG] cshmd.analysis (find_bond)                                   : find_bond Si - O rcut -> 2.2
04/20 12:13 [DEBUG] cshmd.common (time_wrapper)                                  : [RUNTIME] get_distance_table in 0.341 seconds
04/20 12:13 [DEBUG] cshmd.analysis (get_mole)                                    : get_mole Si - O -> nbonds: 4
04/20 12:13 [DEBUG] cshmd.analysis (get_mole)                                    : get_mole O - H -> nbonds: 1
04/20 12:13 [DEBUG] cshmd.analysis (find_bond)                                   : find_bond C - O rcut -> 1.6
04/20 12:13 [DEBUG] cshmd.analysis (get_mole)                                    : get_mole C - O -> nbonds: 3
04/20 12:13 [DEBUG] cshmd.analysis (get_mole)                                    : get_mole O - H -> nbonds: 3
04/20 12:13 [DEBUG] cshmd.analysis (find_bond)                                   : find_bond Ca - O rcut -> 3.0
04/20 12:13 [DEBUG] cshmd.common (time_wrapper)                                  : [RUNTIME] get_distance_table in 0.449 seconds
04/20 12:13 [DEBUG] cshmd.analysis (search_basic)                                : Basic search result -> H2O: 606, SiO4: 708, OH: 128, CO3: 0, H3O: 0, Ca_O: 4107
04/20 12:13 [DEBUG] cshmd.analysis (full_search)                                 : Search layer details
04/20 12:13 [DEBUG] cshmd.analysis (find_bond)                                   : find_bond Ca - O rcut -> 3.0
04/20 12:13 [DEBUG] cshmd.analysis (find_bond)                                   : find_bond Si - O rcut -> 2.2
04/20 12:13 [DEBUG] cshmd.analysis (set_layer_boundary)                          : Set layer boundary -> 0.2361377918249991 - 0.7222344292749987
04/20 12:13 [DEBUG] cshmd.analysis (__detail_search_oh_co3)                      : No CO3 in basic search
04/20 12:13 [DEBUG] cshmd.analysis (__detail_search_oh_sioh)                     : Searching 'OH' in 'SiO4
04/20 12:13 [DEBUG] cshmd.analysis (__detail_search_oh_caoh)                     : Searching 'OH' in 'CaOH
04/20 12:13 [INFO] cshmd.analysis (Qn)                                           : [Structure] Q1: 0.169
04/20 12:13 [INFO] cshmd.analysis (Qn)                                           : [Structure] Q2: 0.831
04/20 12:13 [INFO] cshmd.analysis (CS)                                           : [Structure] C/S: 0.856
04/20 12:13 [INFO] cshmd.analysis (validate_tetra)                               : [Structure] BT: 196, PT: 512
04/20 12:13 [DEBUG] cshmd.analysis (__init__)                                    : <class 'cshmd.analysis.Chain'> loaded
04/20 12:13 [DEBUG] cshmd.analysis (__init__)                                    : <class 'cshmd.analysis.Chain'> loaded
04/20 12:13 [DEBUG] cshmd.analysis (__init__)                                    : <class 'cshmd.analysis.Chain'> loaded
04/20 12:13 [DEBUG] cshmd.analysis (__init__)                                    : <class 'cshmd.analysis.Chain'> loaded
04/20 12:13 [INFO] cshmd.analysis (validate_tetra)                               : [Structure] CL : Length 5: 1 Length 11: 12 Length 17: 1 Length 23: 1
04/20 12:13 [INFO] cshmd.analysis (validate_tetra)                               : [Structure] MCL : 11.800
04/20 12:13 [INFO] cshmd.structure (out2info)                                    : './L120.tmp.pkl' was created
04/20 12:13 [INFO] cshmd.structure (__init__)                                    : ./L080.cif was loaded
04/20 12:13 [DEBUG] cshmd.analysis (__init__)                                    : [Structure] Now new data setted for get Bonds
04/20 12:13 [DEBUG] cshmd.analysis (__del_bond__)                                : del -> Si_O O_H H_O Ca_O C_O BO NBO
04/20 12:13 [DEBUG] cshmd.analysis (__initialize_mole__)                         : initalize -> H2O SiO4 OH CO3 H3O
04/20 12:13 [DEBUG] cshmd.analysis (__initialize_mole__)                         : initalize -> SiOH CaOH HCO3 H2CO3 H3CO3
04/20 12:13 [DEBUG] cshmd.analysis (find_bond)                                   : find_bond O - H rcut -> 1.2
04/20 12:13 [DEBUG] cshmd.common (time_wrapper)                                  : [RUNTIME] get_distance_table in 0.754 seconds
04/20 12:13 [DEBUG] cshmd.analysis (get_mole)                                    : get_mole O - H -> nbonds: 2
04/20 12:13 [DEBUG] cshmd.analysis (find_bond)                                   : find_bond Si - O rcut -> 2.2
04/20 12:13 [DEBUG] cshmd.common (time_wrapper)                                  : [RUNTIME] get_distance_table in 0.444 seconds
04/20 12:13 [DEBUG] cshmd.analysis (get_mole)                                    : get_mole Si - O -> nbonds: 4
04/20 12:13 [DEBUG] cshmd.analysis (get_mole)                                    : get_mole O - H -> nbonds: 1
04/20 12:13 [DEBUG] cshmd.analysis (find_bond)                                   : find_bond C - O rcut -> 1.6
04/20 12:13 [DEBUG] cshmd.analysis (get_mole)                                    : get_mole C - O -> nbonds: 3
04/20 12:13 [DEBUG] cshmd.analysis (get_mole)                                    : get_mole O - H -> nbonds: 3
04/20 12:13 [DEBUG] cshmd.analysis (find_bond)                                   : find_bond Ca - O rcut -> 3.0
04/20 12:13 [DEBUG] cshmd.common (time_wrapper)                                  : [RUNTIME] get_distance_table in 0.404 seconds
04/20 12:13 [DEBUG] cshmd.analysis (search_basic)                                : Basic search result -> H2O: 620, SiO4: 680, OH: 128, CO3: 0, H3O: 0, Ca_O: 4142
04/20 12:13 [DEBUG] cshmd.analysis (full_search)                                 : Search layer details
04/20 12:13 [DEBUG] cshmd.analysis (find_bond)                                   : find_bond Ca - O rcut -> 3.0
04/20 12:13 [DEBUG] cshmd.analysis (find_bond)                                   : find_bond Si - O rcut -> 2.2
04/20 12:13 [DEBUG] cshmd.analysis (set_layer_boundary)                          : Set layer boundary -> 0.2361377918249991 - 0.7222344292749987
04/20 12:13 [DEBUG] cshmd.analysis (__detail_search_oh_co3)                      : No CO3 in basic search
04/20 12:13 [DEBUG] cshmd.analysis (__detail_search_oh_sioh)                     : Searching 'OH' in 'SiO4
04/20 12:13 [DEBUG] cshmd.analysis (__detail_search_oh_caoh)                     : Searching 'OH' in 'CaOH
04/20 12:13 [INFO] cshmd.analysis (Qn)                                           : [Structure] Q1: 0.259
04/20 12:13 [INFO] cshmd.analysis (Qn)                                           : [Structure] Q2: 0.741
04/20 12:13 [INFO] cshmd.analysis (CS)                                           : [Structure] C/S: 0.912
04/20 12:13 [INFO] cshmd.analysis (validate_tetra)                               : [Structure] BT: 168, PT: 512
04/20 12:13 [DEBUG] cshmd.analysis (__init__)                                    : <class 'cshmd.analysis.Chain'> loaded
04/20 12:13 [DEBUG] cshmd.analysis (__init__)                                    : <class 'cshmd.analysis.Chain'> loaded
04/20 12:13 [DEBUG] cshmd.analysis (__init__)                                    : <class 'cshmd.analysis.Chain'> loaded
04/20 12:13 [DEBUG] cshmd.analysis (__init__)                                    : <class 'cshmd.analysis.Chain'> loaded
04/20 12:13 [INFO] cshmd.analysis (validate_tetra)                               : [Structure] CL : Length 2: 2 Length 5: 6 Length 8: 6 Length 11: 8
04/20 12:13 [INFO] cshmd.analysis (validate_tetra)                               : [Structure] MCL : 7.727
04/20 12:13 [INFO] cshmd.structure (out2info)                                    : './L080.tmp.pkl' was created
04/20 12:13 [INFO] cshmd.structure (__init__)                                    : ./L100.cif was loaded
04/20 12:13 [DEBUG] cshmd.analysis (__init__)                                    : [Structure] Now new data setted for get Bonds
04/20 12:13 [DEBUG] cshmd.analysis (__del_bond__)                                : del -> Si_O O_H H_O Ca_O C_O BO NBO
04/20 12:13 [DEBUG] cshmd.analysis (__initialize_mole__)                         : initalize -> H2O SiO4 OH CO3 H3O
04/20 12:13 [DEBUG] cshmd.analysis (__initialize_mole__)                         : initalize -> SiOH CaOH HCO3 H2CO3 H3CO3
04/20 12:13 [DEBUG] cshmd.analysis (find_bond)                                   : find_bond O - H rcut -> 1.2
04/20 12:13 [DEBUG] cshmd.common (time_wrapper)                                  : [RUNTIME] get_distance_table in 0.706 seconds
04/20 12:13 [DEBUG] cshmd.analysis (get_mole)                                    : get_mole O - H -> nbonds: 2
04/20 12:13 [DEBUG] cshmd.analysis (find_bond)                                   : find_bond Si - O rcut -> 2.2
04/20 12:13 [DEBUG] cshmd.common (time_wrapper)                                  : [RUNTIME] get_distance_table in 0.366 seconds
04/20 12:13 [DEBUG] cshmd.analysis (get_mole)                                    : get_mole Si - O -> nbonds: 4
04/20 12:13 [DEBUG] cshmd.analysis (get_mole)                                    : get_mole O - H -> nbonds: 1
04/20 12:13 [DEBUG] cshmd.analysis (find_bond)                                   : find_bond C - O rcut -> 1.6
04/20 12:13 [DEBUG] cshmd.analysis (get_mole)                                    : get_mole C - O -> nbonds: 3
04/20 12:13 [DEBUG] cshmd.analysis (get_mole)                                    : get_mole O - H -> nbonds: 3
04/20 12:13 [DEBUG] cshmd.analysis (find_bond)                                   : find_bond Ca - O rcut -> 3.0
04/20 12:13 [DEBUG] cshmd.common (time_wrapper)                                  : [RUNTIME] get_distance_table in 0.373 seconds
04/20 12:13 [DEBUG] cshmd.analysis (search_basic)                                : Basic search result -> H2O: 612, SiO4: 696, OH: 128, CO3: 0, H3O: 0, Ca_O: 4122
04/20 12:13 [DEBUG] cshmd.analysis (full_search)                                 : Search layer details
04/20 12:13 [DEBUG] cshmd.analysis (find_bond)                                   : find_bond Ca - O rcut -> 3.0
04/20 12:13 [DEBUG] cshmd.analysis (find_bond)                                   : find_bond Si - O rcut -> 2.2
04/20 12:13 [DEBUG] cshmd.analysis (set_layer_boundary)                          : Set layer boundary -> 0.2361377918249991 - 0.7222344292749987
04/20 12:13 [DEBUG] cshmd.analysis (__detail_search_oh_co3)                      : No CO3 in basic search
04/20 12:13 [DEBUG] cshmd.analysis (__detail_search_oh_sioh)                     : Searching 'OH' in 'SiO4
04/20 12:13 [DEBUG] cshmd.analysis (__detail_search_oh_caoh)                     : Searching 'OH' in 'CaOH
04/20 12:13 [INFO] cshmd.analysis (Qn)                                           : [Structure] Q1: 0.207
04/20 12:13 [INFO] cshmd.analysis (Qn)                                           : [Structure] Q2: 0.793
04/20 12:13 [INFO] cshmd.analysis (CS)                                           : [Structure] C/S: 0.879
04/20 12:13 [INFO] cshmd.analysis (validate_tetra)                               : [Structure] BT: 184, PT: 512
04/20 12:13 [DEBUG] cshmd.analysis (__init__)                                    : <class 'cshmd.analysis.Chain'> loaded
04/20 12:13 [DEBUG] cshmd.analysis (__init__)                                    : <class 'cshmd.analysis.Chain'> loaded
04/20 12:13 [DEBUG] cshmd.analysis (__init__)                                    : <class 'cshmd.analysis.Chain'> loaded
04/20 12:13 [DEBUG] cshmd.analysis (__init__)                                    : <class 'cshmd.analysis.Chain'> loaded
04/20 12:13 [INFO] cshmd.analysis (validate_tetra)                               : [Structure] CL : Length 2: 1 Length 5: 1 Length 8: 5 Length 11: 9 Length 14: 2
04/20 12:13 [INFO] cshmd.analysis (validate_tetra)                               : [Structure] MCL : 9.667
04/20 12:13 [INFO] cshmd.structure (out2info)                                    : './L100.tmp.pkl' was created
04/20 12:13 [INFO] cshmd.structure (__init__)                                    : ./L060.cif was loaded
04/20 12:13 [DEBUG] cshmd.analysis (__init__)                                    : [Structure] Now new data setted for get Bonds
04/20 12:13 [DEBUG] cshmd.analysis (__del_bond__)                                : del -> Si_O O_H H_O Ca_O C_O BO NBO
04/20 12:13 [DEBUG] cshmd.analysis (__initialize_mole__)                         : initalize -> H2O SiO4 OH CO3 H3O
04/20 12:13 [DEBUG] cshmd.analysis (__initialize_mole__)                         : initalize -> SiOH CaOH HCO3 H2CO3 H3CO3
04/20 12:13 [DEBUG] cshmd.analysis (find_bond)                                   : find_bond O - H rcut -> 1.2
04/20 12:13 [DEBUG] cshmd.common (time_wrapper)                                  : [RUNTIME] get_distance_table in 0.747 seconds
04/20 12:13 [DEBUG] cshmd.analysis (get_mole)                                    : get_mole O - H -> nbonds: 2
04/20 12:13 [DEBUG] cshmd.analysis (find_bond)                                   : find_bond Si - O rcut -> 2.2
04/20 12:13 [DEBUG] cshmd.common (time_wrapper)                                  : [RUNTIME] get_distance_table in 0.342 seconds
04/20 12:13 [DEBUG] cshmd.analysis (get_mole)                                    : get_mole Si - O -> nbonds: 4
04/20 12:13 [DEBUG] cshmd.analysis (get_mole)                                    : get_mole O - H -> nbonds: 1
04/20 12:13 [DEBUG] cshmd.analysis (find_bond)                                   : find_bond C - O rcut -> 1.6
04/20 12:13 [DEBUG] cshmd.analysis (get_mole)                                    : get_mole C - O -> nbonds: 3
04/20 12:13 [DEBUG] cshmd.analysis (get_mole)                                    : get_mole O - H -> nbonds: 3
04/20 12:13 [DEBUG] cshmd.analysis (find_bond)                                   : find_bond Ca - O rcut -> 3.0
04/20 12:13 [DEBUG] cshmd.common (time_wrapper)                                  : [RUNTIME] get_distance_table in 0.394 seconds
04/20 12:13 [DEBUG] cshmd.analysis (search_basic)                                : Basic search result -> H2O: 632, SiO4: 656, OH: 128, CO3: 0, H3O: 0, Ca_O: 4172
04/20 12:13 [DEBUG] cshmd.analysis (full_search)                                 : Search layer details
04/20 12:13 [DEBUG] cshmd.analysis (find_bond)                                   : find_bond Ca - O rcut -> 3.0
04/20 12:13 [DEBUG] cshmd.analysis (find_bond)                                   : find_bond Si - O rcut -> 2.2
04/20 12:13 [DEBUG] cshmd.analysis (set_layer_boundary)                          : Set layer boundary -> 0.2361377918249991 - 0.7222344292749987
04/20 12:13 [DEBUG] cshmd.analysis (__detail_search_oh_co3)                      : No CO3 in basic search
04/20 12:13 [DEBUG] cshmd.analysis (__detail_search_oh_sioh)                     : Searching 'OH' in 'SiO4
04/20 12:13 [DEBUG] cshmd.analysis (__detail_search_oh_caoh)                     : Searching 'OH' in 'CaOH
04/20 12:13 [INFO] cshmd.analysis (Qn)                                           : [Structure] Q1: 0.341
04/20 12:13 [INFO] cshmd.analysis (Qn)                                           : [Structure] Q2: 0.659
04/20 12:13 [INFO] cshmd.analysis (CS)                                           : [Structure] C/S: 0.963
04/20 12:13 [INFO] cshmd.analysis (validate_tetra)                               : [Structure] BT: 144, PT: 512
04/20 12:13 [DEBUG] cshmd.analysis (__init__)                                    : <class 'cshmd.analysis.Chain'> loaded
04/20 12:13 [DEBUG] cshmd.analysis (__init__)                                    : <class 'cshmd.analysis.Chain'> loaded
04/20 12:13 [DEBUG] cshmd.analysis (__init__)                                    : <class 'cshmd.analysis.Chain'> loaded
04/20 12:13 [DEBUG] cshmd.analysis (__init__)                                    : <class 'cshmd.analysis.Chain'> loaded
04/20 12:13 [INFO] cshmd.analysis (validate_tetra)                               : [Structure] CL : Length 2: 7 Length 5: 10 Length 8: 7 Length 11: 4
04/20 12:13 [INFO] cshmd.analysis (validate_tetra)                               : [Structure] MCL : 5.857
04/20 12:13 [INFO] cshmd.structure (out2info)                                    : './L060.tmp.pkl' was created
04/20 12:17 [DEBUG] cshmd.common (get_logger)                                    : $$$$$$$$$$$$$$  Logger 'cshmd.common........' initialized  $$$$$$$$$$$$$$
04/20 12:17 [DEBUG] cshmd.functions (get_logger)                                 : $$$$$$$$$$$$$$  Logger 'cshmd.functions.....' initialized  $$$$$$$$$$$$$$
04/20 12:17 [DEBUG] cshmd.load (get_logger)                                      : $$$$$$$$$$$$$$  Logger 'cshmd.load..........' initialized  $$$$$$$$$$$$$$
04/20 12:17 [DEBUG] cshmd.analysis (get_logger)                                  : $$$$$$$$$$$$$$  Logger 'cshmd.analysis......' initialized  $$$$$$$$$$$$$$
04/20 12:17 [DEBUG] cshmd.structure (get_logger)                                 : $$$$$$$$$$$$$$  Logger 'cshmd.structure.....' initialized  $$$$$$$$$$$$$$
04/20 12:17 [DEBUG] cshmd.builder (get_logger)                                   : $$$$$$$$$$$$$$  Logger 'cshmd.builder.......' initialized  $$$$$$$$$$$$$$
04/20 12:17 [DEBUG] cshmd.trj_analysis (get_logger)                              : $$$$$$$$$$$$$$  Logger 'cshmd.trj_analysis..' initialized  $$$$$$$$$$$$$$
04/20 12:17 [DEBUG] table_csh_info (get_logger)                                  : $$$$$$$$$$$$$$  Logger 'table_csh_info......' initialized  $$$$$$$$$$$$$$
04/20 12:17 [DEBUG] cshmd.common (get_logger)                                    : $$$$$$$$$$$$$$  Logger 'cshmd.common........' initialized  $$$$$$$$$$$$$$
04/20 12:17 [DEBUG] cshmd.functions (get_logger)                                 : $$$$$$$$$$$$$$  Logger 'cshmd.functions.....' initialized  $$$$$$$$$$$$$$
04/20 12:17 [DEBUG] cshmd.load (get_logger)                                      : $$$$$$$$$$$$$$  Logger 'cshmd.load..........' initialized  $$$$$$$$$$$$$$
04/20 12:17 [DEBUG] cshmd.analysis (get_logger)                                  : $$$$$$$$$$$$$$  Logger 'cshmd.analysis......' initialized  $$$$$$$$$$$$$$
04/20 12:17 [DEBUG] cshmd.structure (get_logger)                                 : $$$$$$$$$$$$$$  Logger 'cshmd.structure.....' initialized  $$$$$$$$$$$$$$
04/20 12:17 [DEBUG] cshmd.builder (get_logger)                                   : $$$$$$$$$$$$$$  Logger 'cshmd.builder.......' initialized  $$$$$$$$$$$$$$
04/20 12:17 [DEBUG] cshmd.trj_analysis (get_logger)                              : $$$$$$$$$$$$$$  Logger 'cshmd.trj_analysis..' initialized  $$$$$$$$$$$$$$
04/20 12:17 [DEBUG] table_csh_info (get_logger)                                  : $$$$$$$$$$$$$$  Logger 'table_csh_info......' initialized  $$$$$$$$$$$$$$
04/20 12:17 [INFO] table_csh_info (<module>)                                     : Found 9 files
04/20 12:17 [INFO] table_csh_info (<module>)                                     : [PosixPath('L060.tmp.pkl'), PosixPath('L100.tmp.pkl'), PosixPath('L025.tmp.pkl'), PosixPath('L035.tmp.pkl'), PosixPath('L120.tmp.pkl'), PosixPath('L040.tmp.pkl'), PosixPath('L080.tmp.pkl'), PosixPath('L030.tmp.pkl'), PosixPath('L020.tmp.pkl')]
04/20 12:18 [DEBUG] cshmd.common (get_logger)                                    : $$$$$$$$$$$$$$  Logger 'cshmd.common........' initialized  $$$$$$$$$$$$$$
04/20 12:18 [DEBUG] cshmd.functions (get_logger)                                 : $$$$$$$$$$$$$$  Logger 'cshmd.functions.....' initialized  $$$$$$$$$$$$$$
04/20 12:18 [DEBUG] cshmd.load (get_logger)                                      : $$$$$$$$$$$$$$  Logger 'cshmd.load..........' initialized  $$$$$$$$$$$$$$
04/20 12:18 [DEBUG] cshmd.analysis (get_logger)                                  : $$$$$$$$$$$$$$  Logger 'cshmd.analysis......' initialized  $$$$$$$$$$$$$$
04/20 12:18 [DEBUG] cshmd.structure (get_logger)                                 : $$$$$$$$$$$$$$  Logger 'cshmd.structure.....' initialized  $$$$$$$$$$$$$$
04/20 12:18 [DEBUG] cshmd.builder (get_logger)                                   : $$$$$$$$$$$$$$  Logger 'cshmd.builder.......' initialized  $$$$$$$$$$$$$$
04/20 12:18 [DEBUG] cshmd.trj_analysis (get_logger)                              : $$$$$$$$$$$$$$  Logger 'cshmd.trj_analysis..' initialized  $$$$$$$$$$$$$$
04/20 12:18 [DEBUG] table_csh_info (get_logger)                                  : $$$$$$$$$$$$$$  Logger 'table_csh_info......' initialized  $$$$$$$$$$$$$$
04/20 12:18 [INFO] table_csh_info (<module>)                                     : Found 9 files
04/20 12:18 [INFO] table_csh_info (<module>)                                     : [PosixPath('L060.tmp.pkl'), PosixPath('L100.tmp.pkl'), PosixPath('L025.tmp.pkl'), PosixPath('L035.tmp.pkl'), PosixPath('L120.tmp.pkl'), PosixPath('L040.tmp.pkl'), PosixPath('L080.tmp.pkl'), PosixPath('L030.tmp.pkl'), PosixPath('L020.tmp.pkl')]
04/20 12:18 [DEBUG] cshmd.common (get_logger)                                    : $$$$$$$$$$$$$$  Logger 'cshmd.common........' initialized  $$$$$$$$$$$$$$
04/20 12:18 [DEBUG] cshmd.functions (get_logger)                                 : $$$$$$$$$$$$$$  Logger 'cshmd.functions.....' initialized  $$$$$$$$$$$$$$
04/20 12:18 [DEBUG] cshmd.load (get_logger)                                      : $$$$$$$$$$$$$$  Logger 'cshmd.load..........' initialized  $$$$$$$$$$$$$$
04/20 12:18 [DEBUG] cshmd.analysis (get_logger)                                  : $$$$$$$$$$$$$$  Logger 'cshmd.analysis......' initialized  $$$$$$$$$$$$$$
04/20 12:18 [DEBUG] cshmd.structure (get_logger)                                 : $$$$$$$$$$$$$$  Logger 'cshmd.structure.....' initialized  $$$$$$$$$$$$$$
04/20 12:18 [DEBUG] cshmd.builder (get_logger)                                   : $$$$$$$$$$$$$$  Logger 'cshmd.builder.......' initialized  $$$$$$$$$$$$$$
04/20 12:18 [DEBUG] cshmd.trj_analysis (get_logger)                              : $$$$$$$$$$$$$$  Logger 'cshmd.trj_analysis..' initialized  $$$$$$$$$$$$$$
04/20 12:18 [DEBUG] table_csh_info (get_logger)                                  : $$$$$$$$$$$$$$  Logger 'table_csh_info......' initialized  $$$$$$$$$$$$$$
04/20 12:18 [INFO] table_csh_info (<module>)                                     : Found 9 files
04/20 12:18 [INFO] table_csh_info (<module>)                                     : [PosixPath('L060.tmp.pkl'), PosixPath('L100.tmp.pkl'), PosixPath('L025.tmp.pkl'), PosixPath('L035.tmp.pkl'), PosixPath('L120.tmp.pkl'), PosixPath('L040.tmp.pkl'), PosixPath('L080.tmp.pkl'), PosixPath('L030.tmp.pkl'), PosixPath('L020.tmp.pkl')]
04/20 12:19 [DEBUG] cshmd.common (get_logger)                                    : $$$$$$$$$$$$$$  Logger 'cshmd.common........' initialized  $$$$$$$$$$$$$$
04/20 12:19 [DEBUG] cshmd.functions (get_logger)                                 : $$$$$$$$$$$$$$  Logger 'cshmd.functions.....' initialized  $$$$$$$$$$$$$$
04/20 12:19 [DEBUG] cshmd.load (get_logger)                                      : $$$$$$$$$$$$$$  Logger 'cshmd.load..........' initialized  $$$$$$$$$$$$$$
04/20 12:19 [DEBUG] cshmd.analysis (get_logger)                                  : $$$$$$$$$$$$$$  Logger 'cshmd.analysis......' initialized  $$$$$$$$$$$$$$
04/20 12:19 [DEBUG] cshmd.structure (get_logger)                                 : $$$$$$$$$$$$$$  Logger 'cshmd.structure.....' initialized  $$$$$$$$$$$$$$
04/20 12:19 [DEBUG] cshmd.builder (get_logger)                                   : $$$$$$$$$$$$$$  Logger 'cshmd.builder.......' initialized  $$$$$$$$$$$$$$
04/20 12:19 [DEBUG] cshmd.trj_analysis (get_logger)                              : $$$$$$$$$$$$$$  Logger 'cshmd.trj_analysis..' initialized  $$$$$$$$$$$$$$
04/20 12:19 [DEBUG] table_csh_info (get_logger)                                  : $$$$$$$$$$$$$$  Logger 'table_csh_info......' initialized  $$$$$$$$$$$$$$
04/20 12:19 [INFO] table_csh_info (<module>)                                     : Found 9 files
04/20 12:19 [INFO] table_csh_info (<module>)                                     : [PosixPath('L060.tmp.pkl'), PosixPath('L100.tmp.pkl'), PosixPath('L025.tmp.pkl'), PosixPath('L035.tmp.pkl'), PosixPath('L120.tmp.pkl'), PosixPath('L040.tmp.pkl'), PosixPath('L080.tmp.pkl'), PosixPath('L030.tmp.pkl'), PosixPath('L020.tmp.pkl')]
04/20 12:22 [DEBUG] cshmd.common (get_logger)                                    : $$$$$$$$$$$$$$  Logger 'cshmd.common........' initialized  $$$$$$$$$$$$$$
04/20 12:22 [DEBUG] cshmd.functions (get_logger)                                 : $$$$$$$$$$$$$$  Logger 'cshmd.functions.....' initialized  $$$$$$$$$$$$$$
04/20 12:22 [DEBUG] cshmd.load (get_logger)                                      : $$$$$$$$$$$$$$  Logger 'cshmd.load..........' initialized  $$$$$$$$$$$$$$
04/20 12:22 [DEBUG] cshmd.analysis (get_logger)                                  : $$$$$$$$$$$$$$  Logger 'cshmd.analysis......' initialized  $$$$$$$$$$$$$$
04/20 12:22 [DEBUG] cshmd.structure (get_logger)                                 : $$$$$$$$$$$$$$  Logger 'cshmd.structure.....' initialized  $$$$$$$$$$$$$$
04/20 12:22 [DEBUG] cshmd.builder (get_logger)                                   : $$$$$$$$$$$$$$  Logger 'cshmd.builder.......' initialized  $$$$$$$$$$$$$$
04/20 12:22 [DEBUG] cshmd.trj_analysis (get_logger)                              : $$$$$$$$$$$$$$  Logger 'cshmd.trj_analysis..' initialized  $$$$$$$$$$$$$$
04/20 12:22 [DEBUG] table_csh_info (get_logger)                                  : $$$$$$$$$$$$$$  Logger 'table_csh_info......' initialized  $$$$$$$$$$$$$$
04/20 12:22 [INFO] table_csh_info (<module>)                                     : Found 9 files
04/20 12:22 [INFO] table_csh_info (<module>)                                     : [PosixPath('L060.tmp.pkl'), PosixPath('L100.tmp.pkl'), PosixPath('L025.tmp.pkl'), PosixPath('L035.tmp.pkl'), PosixPath('L120.tmp.pkl'), PosixPath('L040.tmp.pkl'), PosixPath('L080.tmp.pkl'), PosixPath('L030.tmp.pkl'), PosixPath('L020.tmp.pkl')]
04/20 12:22 [DEBUG] cshmd.common (get_logger)                                    : $$$$$$$$$$$$$$  Logger 'cshmd.common........' initialized  $$$$$$$$$$$$$$
04/20 12:22 [DEBUG] cshmd.functions (get_logger)                                 : $$$$$$$$$$$$$$  Logger 'cshmd.functions.....' initialized  $$$$$$$$$$$$$$
04/20 12:22 [DEBUG] cshmd.load (get_logger)                                      : $$$$$$$$$$$$$$  Logger 'cshmd.load..........' initialized  $$$$$$$$$$$$$$
04/20 12:22 [DEBUG] cshmd.analysis (get_logger)                                  : $$$$$$$$$$$$$$  Logger 'cshmd.analysis......' initialized  $$$$$$$$$$$$$$
04/20 12:22 [DEBUG] cshmd.structure (get_logger)                                 : $$$$$$$$$$$$$$  Logger 'cshmd.structure.....' initialized  $$$$$$$$$$$$$$
04/20 12:22 [DEBUG] cshmd.builder (get_logger)                                   : $$$$$$$$$$$$$$  Logger 'cshmd.builder.......' initialized  $$$$$$$$$$$$$$
04/20 12:22 [DEBUG] cshmd.trj_analysis (get_logger)                              : $$$$$$$$$$$$$$  Logger 'cshmd.trj_analysis..' initialized  $$$$$$$$$$$$$$
04/20 12:22 [DEBUG] table_csh_info (get_logger)                                  : $$$$$$$$$$$$$$  Logger 'table_csh_info......' initialized  $$$$$$$$$$$$$$
04/20 12:22 [INFO] table_csh_info (<module>)                                     : Found 9 files
04/20 12:22 [INFO] table_csh_info (<module>)                                     : [PosixPath('L060.tmp.pkl'), PosixPath('L100.tmp.pkl'), PosixPath('L025.tmp.pkl'), PosixPath('L035.tmp.pkl'), PosixPath('L120.tmp.pkl'), PosixPath('L040.tmp.pkl'), PosixPath('L080.tmp.pkl'), PosixPath('L030.tmp.pkl'), PosixPath('L020.tmp.pkl')]
04/20 12:22 [DEBUG] cshmd.common (get_logger)                                    : $$$$$$$$$$$$$$  Logger 'cshmd.common........' initialized  $$$$$$$$$$$$$$
04/20 12:22 [DEBUG] cshmd.functions (get_logger)                                 : $$$$$$$$$$$$$$  Logger 'cshmd.functions.....' initialized  $$$$$$$$$$$$$$
04/20 12:22 [DEBUG] cshmd.load (get_logger)                                      : $$$$$$$$$$$$$$  Logger 'cshmd.load..........' initialized  $$$$$$$$$$$$$$
04/20 12:22 [DEBUG] cshmd.analysis (get_logger)                                  : $$$$$$$$$$$$$$  Logger 'cshmd.analysis......' initialized  $$$$$$$$$$$$$$
04/20 12:22 [DEBUG] cshmd.structure (get_logger)                                 : $$$$$$$$$$$$$$  Logger 'cshmd.structure.....' initialized  $$$$$$$$$$$$$$
04/20 12:22 [DEBUG] cshmd.builder (get_logger)                                   : $$$$$$$$$$$$$$  Logger 'cshmd.builder.......' initialized  $$$$$$$$$$$$$$
04/20 12:22 [DEBUG] cshmd.trj_analysis (get_logger)                              : $$$$$$$$$$$$$$  Logger 'cshmd.trj_analysis..' initialized  $$$$$$$$$$$$$$
04/20 12:22 [DEBUG] table_csh_info (get_logger)                                  : $$$$$$$$$$$$$$  Logger 'table_csh_info......' initialized  $$$$$$$$$$$$$$
04/20 12:22 [INFO] table_csh_info (<module>)                                     : Found 9 files
04/20 12:22 [INFO] table_csh_info (<module>)                                     : [PosixPath('L060.tmp.pkl'), PosixPath('L100.tmp.pkl'), PosixPath('L025.tmp.pkl'), PosixPath('L035.tmp.pkl'), PosixPath('L120.tmp.pkl'), PosixPath('L040.tmp.pkl'), PosixPath('L080.tmp.pkl'), PosixPath('L030.tmp.pkl'), PosixPath('L020.tmp.pkl')]
04/20 12:22 [DEBUG] cshmd.common (get_logger)                                    : $$$$$$$$$$$$$$  Logger 'cshmd.common........' initialized  $$$$$$$$$$$$$$
04/20 12:22 [DEBUG] cshmd.functions (get_logger)                                 : $$$$$$$$$$$$$$  Logger 'cshmd.functions.....' initialized  $$$$$$$$$$$$$$
04/20 12:22 [DEBUG] cshmd.load (get_logger)                                      : $$$$$$$$$$$$$$  Logger 'cshmd.load..........' initialized  $$$$$$$$$$$$$$
04/20 12:22 [DEBUG] cshmd.analysis (get_logger)                                  : $$$$$$$$$$$$$$  Logger 'cshmd.analysis......' initialized  $$$$$$$$$$$$$$
04/20 12:22 [DEBUG] cshmd.structure (get_logger)                                 : $$$$$$$$$$$$$$  Logger 'cshmd.structure.....' initialized  $$$$$$$$$$$$$$
04/20 12:22 [DEBUG] cshmd.builder (get_logger)                                   : $$$$$$$$$$$$$$  Logger 'cshmd.builder.......' initialized  $$$$$$$$$$$$$$
04/20 12:22 [DEBUG] cshmd.trj_analysis (get_logger)                              : $$$$$$$$$$$$$$  Logger 'cshmd.trj_analysis..' initialized  $$$$$$$$$$$$$$
04/20 12:22 [DEBUG] table_csh_info (get_logger)                                  : $$$$$$$$$$$$$$  Logger 'table_csh_info......' initialized  $$$$$$$$$$$$$$
04/20 12:22 [INFO] table_csh_info (<module>)                                     : Found 9 files
04/20 12:22 [INFO] table_csh_info (<module>)                                     : [PosixPath('L060.tmp.pkl'), PosixPath('L100.tmp.pkl'), PosixPath('L025.tmp.pkl'), PosixPath('L035.tmp.pkl'), PosixPath('L120.tmp.pkl'), PosixPath('L040.tmp.pkl'), PosixPath('L080.tmp.pkl'), PosixPath('L030.tmp.pkl'), PosixPath('L020.tmp.pkl')]
04/20 12:30 [DEBUG] cshmd.common (get_logger)                                    : $$$$$$$$$$$$$$  Logger 'cshmd.common........' initialized  $$$$$$$$$$$$$$
04/20 12:30 [DEBUG] cshmd.functions (get_logger)                                 : $$$$$$$$$$$$$$  Logger 'cshmd.functions.....' initialized  $$$$$$$$$$$$$$
04/20 12:30 [DEBUG] cshmd.load (get_logger)                                      : $$$$$$$$$$$$$$  Logger 'cshmd.load..........' initialized  $$$$$$$$$$$$$$
04/20 12:30 [DEBUG] cshmd.analysis (get_logger)                                  : $$$$$$$$$$$$$$  Logger 'cshmd.analysis......' initialized  $$$$$$$$$$$$$$
04/20 12:50 [DEBUG] cshmd.common (get_logger)                                    : $$$$$$$$$$$$$$  Logger 'cshmd.common........' initialized  $$$$$$$$$$$$$$
04/20 12:50 [DEBUG] cshmd.functions (get_logger)                                 : $$$$$$$$$$$$$$  Logger 'cshmd.functions.....' initialized  $$$$$$$$$$$$$$
04/20 12:50 [DEBUG] cshmd.load (get_logger)                                      : $$$$$$$$$$$$$$  Logger 'cshmd.load..........' initialized  $$$$$$$$$$$$$$
04/20 12:50 [DEBUG] cshmd.analysis (get_logger)                                  : $$$$$$$$$$$$$$  Logger 'cshmd.analysis......' initialized  $$$$$$$$$$$$$$
04/20 12:50 [DEBUG] cshmd.structure (get_logger)                                 : $$$$$$$$$$$$$$  Logger 'cshmd.structure.....' initialized  $$$$$$$$$$$$$$
04/20 12:50 [DEBUG] cshmd.builder (get_logger)                                   : $$$$$$$$$$$$$$  Logger 'cshmd.builder.......' initialized  $$$$$$$$$$$$$$
04/20 12:50 [DEBUG] cshmd.trj_analysis (get_logger)                              : $$$$$$$$$$$$$$  Logger 'cshmd.trj_analysis..' initialized  $$$$$$$$$$$$$$
04/20 12:50 [DEBUG] table_csh_info (get_logger)                                  : $$$$$$$$$$$$$$  Logger 'table_csh_info......' initialized  $$$$$$$$$$$$$$
04/20 12:50 [INFO] table_csh_info (<module>)                                     : Found 9 files
04/20 12:50 [INFO] table_csh_info (<module>)                                     : [PosixPath('L060.tmp.pkl'), PosixPath('L100.tmp.pkl'), PosixPath('L025.tmp.pkl'), PosixPath('L035.tmp.pkl'), PosixPath('L120.tmp.pkl'), PosixPath('L040.tmp.pkl'), PosixPath('L080.tmp.pkl'), PosixPath('L030.tmp.pkl'), PosixPath('L020.tmp.pkl')]
04/20 12:58 [DEBUG] cshmd.common (get_logger)                                    : $$$$$$$$$$$$$$  Logger 'cshmd.common........' initialized  $$$$$$$$$$$$$$
04/20 12:58 [DEBUG] cshmd.functions (get_logger)                                 : $$$$$$$$$$$$$$  Logger 'cshmd.functions.....' initialized  $$$$$$$$$$$$$$
04/20 12:58 [DEBUG] cshmd.load (get_logger)                                      : $$$$$$$$$$$$$$  Logger 'cshmd.load..........' initialized  $$$$$$$$$$$$$$
04/20 12:58 [DEBUG] cshmd.analysis (get_logger)                                  : $$$$$$$$$$$$$$  Logger 'cshmd.analysis......' initialized  $$$$$$$$$$$$$$
04/20 12:58 [DEBUG] cshmd.structure (get_logger)                                 : $$$$$$$$$$$$$$  Logger 'cshmd.structure.....' initialized  $$$$$$$$$$$$$$
04/20 12:58 [DEBUG] cshmd.builder (get_logger)                                   : $$$$$$$$$$$$$$  Logger 'cshmd.builder.......' initialized  $$$$$$$$$$$$$$
04/20 12:58 [DEBUG] cshmd.trj_analysis (get_logger)                              : $$$$$$$$$$$$$$  Logger 'cshmd.trj_analysis..' initialized  $$$$$$$$$$$$$$
04/20 12:58 [DEBUG] table_csh_info (get_logger)                                  : $$$$$$$$$$$$$$  Logger 'table_csh_info......' initialized  $$$$$$$$$$$$$$
04/20 12:58 [INFO] table_csh_info (<module>)                                     : Found 9 files
04/20 12:58 [INFO] table_csh_info (<module>)                                     : [PosixPath('L060.tmp.pkl'), PosixPath('L100.tmp.pkl'), PosixPath('L025.tmp.pkl'), PosixPath('L035.tmp.pkl'), PosixPath('L120.tmp.pkl'), PosixPath('L040.tmp.pkl'), PosixPath('L080.tmp.pkl'), PosixPath('L030.tmp.pkl'), PosixPath('L020.tmp.pkl')]
04/20 12:58 [DEBUG] cshmd.common (get_logger)                                    : $$$$$$$$$$$$$$  Logger 'cshmd.common........' initialized  $$$$$$$$$$$$$$
04/20 12:58 [DEBUG] cshmd.functions (get_logger)                                 : $$$$$$$$$$$$$$  Logger 'cshmd.functions.....' initialized  $$$$$$$$$$$$$$
04/20 12:58 [DEBUG] cshmd.load (get_logger)                                      : $$$$$$$$$$$$$$  Logger 'cshmd.load..........' initialized  $$$$$$$$$$$$$$
04/20 12:58 [DEBUG] cshmd.analysis (get_logger)                                  : $$$$$$$$$$$$$$  Logger 'cshmd.analysis......' initialized  $$$$$$$$$$$$$$
04/20 12:58 [DEBUG] cshmd.structure (get_logger)                                 : $$$$$$$$$$$$$$  Logger 'cshmd.structure.....' initialized  $$$$$$$$$$$$$$
04/20 12:58 [DEBUG] cshmd.builder (get_logger)                                   : $$$$$$$$$$$$$$  Logger 'cshmd.builder.......' initialized  $$$$$$$$$$$$$$
04/20 12:58 [DEBUG] cshmd.trj_analysis (get_logger)                              : $$$$$$$$$$$$$$  Logger 'cshmd.trj_analysis..' initialized  $$$$$$$$$$$$$$
04/20 12:58 [DEBUG] csh_info (get_logger)                                        : $$$$$$$$$$$$$$  Logger 'csh_info............' initialized  $$$$$$$$$$$$$$
04/20 12:58 [INFO] csh_info (main)                                               : Cif: ./L035.cif ./L020.cif ./L030.cif ./L025.cif ./L040.cif ./L120.cif ./L080.cif ./L100.cif ./L060.cif
04/20 12:58 [INFO] cshmd.structure (__init__)                                    : ./L035.cif was loaded
04/20 12:58 [DEBUG] cshmd.analysis (__init__)                                    : [Structure] Now new data setted for get Bonds
04/20 12:58 [DEBUG] cshmd.analysis (__del_bond__)                                : del -> Si_O O_H H_O Ca_O C_O BO NBO
04/20 12:58 [DEBUG] cshmd.analysis (__initialize_mole__)                         : initalize -> H2O SiO4 OH CO3 H3O
04/20 12:58 [DEBUG] cshmd.analysis (__initialize_mole__)                         : initalize -> SiOH CaOH HCO3 H2CO3 H3CO3
04/20 12:58 [DEBUG] cshmd.analysis (__init__)                                    : C-S-H Model not setted
04/20 12:58 [DEBUG] cshmd.analysis (find_bond)                                   : find_bond O - H rcut -> 1.2
04/20 12:58 [DEBUG] cshmd.common (time_wrapper)                                  : [RUNTIME] get_distance_table in 0.741 seconds
04/20 12:58 [DEBUG] cshmd.analysis (get_mole)                                    : get_mole O - H -> nbonds: 2
04/20 12:58 [DEBUG] cshmd.analysis (find_bond)                                   : find_bond Si - O rcut -> 2.2
04/20 12:58 [DEBUG] cshmd.common (time_wrapper)                                  : [RUNTIME] get_distance_table in 0.329 seconds
04/20 12:58 [DEBUG] cshmd.analysis (get_mole)                                    : get_mole Si - O -> nbonds: 4
04/20 12:58 [DEBUG] cshmd.analysis (get_mole)                                    : get_mole O - H -> nbonds: 1
04/20 12:58 [DEBUG] cshmd.analysis (find_bond)                                   : find_bond C - O rcut -> 1.6
04/20 12:58 [DEBUG] cshmd.analysis (get_mole)                                    : get_mole C - O -> nbonds: 3
04/20 12:58 [DEBUG] cshmd.analysis (get_mole)                                    : get_mole O - H -> nbonds: 3
04/20 12:58 [DEBUG] cshmd.analysis (find_bond)                                   : find_bond Ca - O rcut -> 3.0
04/20 12:58 [DEBUG] cshmd.common (time_wrapper)                                  : [RUNTIME] get_distance_table in 0.438 seconds
04/20 12:58 [DEBUG] cshmd.analysis (search_basic)                                : Basic search result -> H2O: 662, SiO4: 596, OH: 128, CO3: 0, H3O: 0, Ca_O: 4247
04/20 12:58 [DEBUG] cshmd.analysis (full_search)                                 : Search layer details
04/20 12:58 [DEBUG] cshmd.analysis (find_bond)                                   : find_bond Ca - O rcut -> 3.0
04/20 12:58 [DEBUG] cshmd.analysis (find_bond)                                   : find_bond Si - O rcut -> 2.2
04/20 12:58 [DEBUG] cshmd.analysis (set_layer_boundary)                          : Set layer boundary -> 0.2361377918249991 - 0.7222344292749987
04/20 12:58 [DEBUG] cshmd.analysis (__detail_search_oh_co3)                      : No CO3 in basic search
04/20 12:58 [DEBUG] cshmd.analysis (__detail_search_oh_sioh)                     : Searching 'OH' in 'SiO4
04/20 12:58 [DEBUG] cshmd.analysis (__detail_search_oh_caoh)                     : Searching 'OH' in 'CaOH
04/20 12:58 [INFO] cshmd.analysis (Qn)                                           : [Structure] Q1: 0.577
04/20 12:58 [INFO] cshmd.analysis (Qn)                                           : [Structure] Q2: 0.423
04/20 12:58 [INFO] cshmd.analysis (CS)                                           : [Structure] C/S: 1.111
04/20 12:58 [INFO] cshmd.analysis (validate_tetra)                               : [Structure] BT: 84, PT: 512
04/20 12:58 [DEBUG] cshmd.analysis (__init__)                                    : <class 'cshmd.analysis.Chain'> loaded
04/20 12:58 [DEBUG] cshmd.analysis (__init__)                                    : <class 'cshmd.analysis.Chain'> loaded
04/20 12:58 [DEBUG] cshmd.analysis (__init__)                                    : <class 'cshmd.analysis.Chain'> loaded
04/20 12:58 [DEBUG] cshmd.analysis (__init__)                                    : <class 'cshmd.analysis.Chain'> loaded
04/20 12:58 [INFO] cshmd.analysis (validate_tetra)                               : [Structure] CL : Length 2: 22 Length 5: 21
04/20 12:58 [INFO] cshmd.analysis (validate_tetra)                               : [Structure] MCL : 3.465
04/20 12:58 [INFO] cshmd.structure (out2info)                                    : './L035.tmp.pkl' was created
04/20 12:58 [INFO] cshmd.structure (__init__)                                    : ./L020.cif was loaded
04/20 12:58 [DEBUG] cshmd.analysis (__init__)                                    : [Structure] Now new data setted for get Bonds
04/20 12:58 [DEBUG] cshmd.analysis (__del_bond__)                                : del -> Si_O O_H H_O Ca_O C_O BO NBO
04/20 12:58 [DEBUG] cshmd.analysis (__initialize_mole__)                         : initalize -> H2O SiO4 OH CO3 H3O
04/20 12:58 [DEBUG] cshmd.analysis (__initialize_mole__)                         : initalize -> SiOH CaOH HCO3 H2CO3 H3CO3
04/20 12:58 [DEBUG] cshmd.analysis (find_bond)                                   : find_bond O - H rcut -> 1.2
04/20 12:58 [DEBUG] cshmd.common (time_wrapper)                                  : [RUNTIME] get_distance_table in 0.650 seconds
04/20 12:58 [DEBUG] cshmd.analysis (get_mole)                                    : get_mole O - H -> nbonds: 2
04/20 12:58 [DEBUG] cshmd.analysis (find_bond)                                   : find_bond Si - O rcut -> 2.2
04/20 12:58 [DEBUG] cshmd.common (time_wrapper)                                  : [RUNTIME] get_distance_table in 0.224 seconds
04/20 12:58 [DEBUG] cshmd.analysis (get_mole)                                    : get_mole Si - O -> nbonds: 4
04/20 12:58 [DEBUG] cshmd.analysis (get_mole)                                    : get_mole O - H -> nbonds: 1
04/20 12:58 [DEBUG] cshmd.analysis (find_bond)                                   : find_bond C - O rcut -> 1.6
04/20 12:58 [DEBUG] cshmd.analysis (get_mole)                                    : get_mole C - O -> nbonds: 3
04/20 12:58 [DEBUG] cshmd.analysis (get_mole)                                    : get_mole O - H -> nbonds: 3
04/20 12:58 [DEBUG] cshmd.analysis (find_bond)                                   : find_bond Ca - O rcut -> 3.0
04/20 12:58 [DEBUG] cshmd.common (time_wrapper)                                  : [RUNTIME] get_distance_table in 0.343 seconds
04/20 12:58 [DEBUG] cshmd.analysis (search_basic)                                : Basic search result -> H2O: 704, SiO4: 512, OH: 128, CO3: 0, H3O: 0, Ca_O: 4352
04/20 12:58 [DEBUG] cshmd.analysis (full_search)                                 : Search layer details
04/20 12:58 [DEBUG] cshmd.analysis (find_bond)                                   : find_bond Ca - O rcut -> 3.0
04/20 12:58 [DEBUG] cshmd.analysis (find_bond)                                   : find_bond Si - O rcut -> 2.2
04/20 12:58 [DEBUG] cshmd.analysis (set_layer_boundary)                          : Set layer boundary -> 0.2361377918249991 - 0.7222344292749987
04/20 12:58 [DEBUG] cshmd.analysis (__detail_search_oh_co3)                      : No CO3 in basic search
04/20 12:58 [DEBUG] cshmd.analysis (__detail_search_oh_sioh)                     : Searching 'OH' in 'SiO4
04/20 12:58 [DEBUG] cshmd.analysis (__detail_search_oh_caoh)                     : Searching 'OH' in 'CaOH
04/20 12:58 [INFO] cshmd.analysis (Qn)                                           : [Structure] Q1: 1.000
04/20 12:58 [INFO] cshmd.analysis (CS)                                           : [Structure] C/S: 1.375
04/20 12:58 [INFO] cshmd.analysis (validate_tetra)                               : [Structure] BT: 0, PT: 512
04/20 12:58 [DEBUG] cshmd.analysis (__init__)                                    : <class 'cshmd.analysis.Chain'> loaded
04/20 12:58 [DEBUG] cshmd.analysis (__init__)                                    : <class 'cshmd.analysis.Chain'> loaded
04/20 12:58 [DEBUG] cshmd.analysis (__init__)                                    : <class 'cshmd.analysis.Chain'> loaded
04/20 12:58 [DEBUG] cshmd.analysis (__init__)                                    : <class 'cshmd.analysis.Chain'> loaded
04/20 12:58 [INFO] cshmd.analysis (validate_tetra)                               : [Structure] CL : Length 2: 64
04/20 12:58 [INFO] cshmd.analysis (validate_tetra)                               : [Structure] MCL : 2.000
04/20 12:58 [INFO] cshmd.structure (out2info)                                    : './L020.tmp.pkl' was created
04/20 12:58 [INFO] cshmd.structure (__init__)                                    : ./L030.cif was loaded
04/20 12:58 [DEBUG] cshmd.analysis (__init__)                                    : [Structure] Now new data setted for get Bonds
04/20 12:58 [DEBUG] cshmd.analysis (__del_bond__)                                : del -> Si_O O_H H_O Ca_O C_O BO NBO
04/20 12:58 [DEBUG] cshmd.analysis (__initialize_mole__)                         : initalize -> H2O SiO4 OH CO3 H3O
04/20 12:58 [DEBUG] cshmd.analysis (__initialize_mole__)                         : initalize -> SiOH CaOH HCO3 H2CO3 H3CO3
04/20 12:58 [DEBUG] cshmd.analysis (find_bond)                                   : find_bond O - H rcut -> 1.2
04/20 12:58 [DEBUG] cshmd.common (time_wrapper)                                  : [RUNTIME] get_distance_table in 0.719 seconds
04/20 12:58 [DEBUG] cshmd.analysis (get_mole)                                    : get_mole O - H -> nbonds: 2
04/20 12:58 [DEBUG] cshmd.analysis (find_bond)                                   : find_bond Si - O rcut -> 2.2
04/20 12:58 [DEBUG] cshmd.common (time_wrapper)                                  : [RUNTIME] get_distance_table in 0.287 seconds
04/20 12:58 [DEBUG] cshmd.analysis (get_mole)                                    : get_mole Si - O -> nbonds: 4
04/20 12:58 [DEBUG] cshmd.analysis (get_mole)                                    : get_mole O - H -> nbonds: 1
04/20 12:58 [DEBUG] cshmd.analysis (find_bond)                                   : find_bond C - O rcut -> 1.6
04/20 12:58 [DEBUG] cshmd.analysis (get_mole)                                    : get_mole C - O -> nbonds: 3
04/20 12:58 [DEBUG] cshmd.analysis (get_mole)                                    : get_mole O - H -> nbonds: 3
04/20 12:58 [DEBUG] cshmd.analysis (find_bond)                                   : find_bond Ca - O rcut -> 3.0
04/20 12:58 [DEBUG] cshmd.common (time_wrapper)                                  : [RUNTIME] get_distance_table in 0.403 seconds
04/20 12:58 [DEBUG] cshmd.analysis (search_basic)                                : Basic search result -> H2O: 672, SiO4: 576, OH: 128, CO3: 0, H3O: 0, Ca_O: 4272
04/20 12:58 [DEBUG] cshmd.analysis (full_search)                                 : Search layer details
04/20 12:58 [DEBUG] cshmd.analysis (find_bond)                                   : find_bond Ca - O rcut -> 3.0
04/20 12:58 [DEBUG] cshmd.analysis (find_bond)                                   : find_bond Si - O rcut -> 2.2
04/20 12:58 [DEBUG] cshmd.analysis (set_layer_boundary)                          : Set layer boundary -> 0.2361377918249991 - 0.7222344292749987
04/20 12:58 [DEBUG] cshmd.analysis (__detail_search_oh_co3)                      : No CO3 in basic search
04/20 12:58 [DEBUG] cshmd.analysis (__detail_search_oh_sioh)                     : Searching 'OH' in 'SiO4
04/20 12:58 [DEBUG] cshmd.analysis (__detail_search_oh_caoh)                     : Searching 'OH' in 'CaOH
04/20 12:58 [INFO] cshmd.analysis (Qn)                                           : [Structure] Q1: 0.667
04/20 12:58 [INFO] cshmd.analysis (Qn)                                           : [Structure] Q2: 0.333
04/20 12:58 [INFO] cshmd.analysis (CS)                                           : [Structure] C/S: 1.167
04/20 12:58 [INFO] cshmd.analysis (validate_tetra)                               : [Structure] BT: 64, PT: 512
04/20 12:58 [DEBUG] cshmd.analysis (__init__)                                    : <class 'cshmd.analysis.Chain'> loaded
04/20 12:58 [DEBUG] cshmd.analysis (__init__)                                    : <class 'cshmd.analysis.Chain'> loaded
04/20 12:58 [DEBUG] cshmd.analysis (__init__)                                    : <class 'cshmd.analysis.Chain'> loaded
04/20 12:58 [DEBUG] cshmd.analysis (__init__)                                    : <class 'cshmd.analysis.Chain'> loaded
04/20 12:58 [INFO] cshmd.analysis (validate_tetra)                               : [Structure] CL : Length 2: 32 Length 5: 16
04/20 12:58 [INFO] cshmd.analysis (validate_tetra)                               : [Structure] MCL : 3.000
04/20 12:58 [INFO] cshmd.structure (out2info)                                    : './L030.tmp.pkl' was created
04/20 12:58 [INFO] cshmd.structure (__init__)                                    : ./L025.cif was loaded
04/20 12:58 [DEBUG] cshmd.analysis (__init__)                                    : [Structure] Now new data setted for get Bonds
04/20 12:58 [DEBUG] cshmd.analysis (__del_bond__)                                : del -> Si_O O_H H_O Ca_O C_O BO NBO
04/20 12:58 [DEBUG] cshmd.analysis (__initialize_mole__)                         : initalize -> H2O SiO4 OH CO3 H3O
04/20 12:58 [DEBUG] cshmd.analysis (__initialize_mole__)                         : initalize -> SiOH CaOH HCO3 H2CO3 H3CO3
04/20 12:58 [DEBUG] cshmd.analysis (find_bond)                                   : find_bond O - H rcut -> 1.2
04/20 12:58 [DEBUG] cshmd.common (time_wrapper)                                  : [RUNTIME] get_distance_table in 0.700 seconds
04/20 12:58 [DEBUG] cshmd.analysis (get_mole)                                    : get_mole O - H -> nbonds: 2
04/20 12:58 [DEBUG] cshmd.analysis (find_bond)                                   : find_bond Si - O rcut -> 2.2
04/20 12:58 [DEBUG] cshmd.common (time_wrapper)                                  : [RUNTIME] get_distance_table in 0.288 seconds
04/20 12:58 [DEBUG] cshmd.analysis (get_mole)                                    : get_mole Si - O -> nbonds: 4
04/20 12:58 [DEBUG] cshmd.analysis (get_mole)                                    : get_mole O - H -> nbonds: 1
04/20 12:58 [DEBUG] cshmd.analysis (find_bond)                                   : find_bond C - O rcut -> 1.6
04/20 12:58 [DEBUG] cshmd.analysis (get_mole)                                    : get_mole C - O -> nbonds: 3
04/20 12:58 [DEBUG] cshmd.analysis (get_mole)                                    : get_mole O - H -> nbonds: 3
04/20 12:58 [DEBUG] cshmd.analysis (find_bond)                                   : find_bond Ca - O rcut -> 3.0
04/20 12:58 [DEBUG] cshmd.common (time_wrapper)                                  : [RUNTIME] get_distance_table in 0.430 seconds
04/20 12:58 [DEBUG] cshmd.analysis (search_basic)                                : Basic search result -> H2O: 686, SiO4: 548, OH: 128, CO3: 0, H3O: 0, Ca_O: 4307
04/20 12:58 [DEBUG] cshmd.analysis (full_search)                                 : Search layer details
04/20 12:58 [DEBUG] cshmd.analysis (find_bond)                                   : find_bond Ca - O rcut -> 3.0
04/20 12:58 [DEBUG] cshmd.analysis (find_bond)                                   : find_bond Si - O rcut -> 2.2
04/20 12:58 [DEBUG] cshmd.analysis (set_layer_boundary)                          : Set layer boundary -> 0.2361377918249991 - 0.7222344292749987
04/20 12:58 [DEBUG] cshmd.analysis (__detail_search_oh_co3)                      : No CO3 in basic search
04/20 12:58 [DEBUG] cshmd.analysis (__detail_search_oh_sioh)                     : Searching 'OH' in 'SiO4
04/20 12:58 [DEBUG] cshmd.analysis (__detail_search_oh_caoh)                     : Searching 'OH' in 'CaOH
04/20 12:58 [INFO] cshmd.analysis (Qn)                                           : [Structure] Q1: 0.803
04/20 12:58 [INFO] cshmd.analysis (Qn)                                           : [Structure] Q2: 0.197
04/20 12:58 [INFO] cshmd.analysis (CS)                                           : [Structure] C/S: 1.252
04/20 12:58 [INFO] cshmd.analysis (validate_tetra)                               : [Structure] BT: 36, PT: 512
04/20 12:58 [DEBUG] cshmd.analysis (__init__)                                    : <class 'cshmd.analysis.Chain'> loaded
04/20 12:58 [DEBUG] cshmd.analysis (__init__)                                    : <class 'cshmd.analysis.Chain'> loaded
04/20 12:58 [DEBUG] cshmd.analysis (__init__)                                    : <class 'cshmd.analysis.Chain'> loaded
04/20 12:58 [DEBUG] cshmd.analysis (__init__)                                    : <class 'cshmd.analysis.Chain'> loaded
04/20 12:58 [INFO] cshmd.analysis (validate_tetra)                               : [Structure] CL : Length 2: 46 Length 5: 9
04/20 12:58 [INFO] cshmd.analysis (validate_tetra)                               : [Structure] MCL : 2.491
04/20 12:58 [INFO] cshmd.structure (out2info)                                    : './L025.tmp.pkl' was created
04/20 12:58 [INFO] cshmd.structure (__init__)                                    : ./L040.cif was loaded
04/20 12:58 [DEBUG] cshmd.analysis (__init__)                                    : [Structure] Now new data setted for get Bonds
04/20 12:58 [DEBUG] cshmd.analysis (__del_bond__)                                : del -> Si_O O_H H_O Ca_O C_O BO NBO
04/20 12:58 [DEBUG] cshmd.analysis (__initialize_mole__)                         : initalize -> H2O SiO4 OH CO3 H3O
04/20 12:58 [DEBUG] cshmd.analysis (__initialize_mole__)                         : initalize -> SiOH CaOH HCO3 H2CO3 H3CO3
04/20 12:58 [DEBUG] cshmd.analysis (find_bond)                                   : find_bond O - H rcut -> 1.2
04/20 12:58 [DEBUG] cshmd.common (time_wrapper)                                  : [RUNTIME] get_distance_table in 0.614 seconds
04/20 12:58 [DEBUG] cshmd.analysis (get_mole)                                    : get_mole O - H -> nbonds: 2
04/20 12:58 [DEBUG] cshmd.analysis (find_bond)                                   : find_bond Si - O rcut -> 2.2
04/20 12:58 [DEBUG] cshmd.common (time_wrapper)                                  : [RUNTIME] get_distance_table in 0.370 seconds
04/20 12:58 [DEBUG] cshmd.analysis (get_mole)                                    : get_mole Si - O -> nbonds: 4
04/20 12:58 [DEBUG] cshmd.analysis (get_mole)                                    : get_mole O - H -> nbonds: 1
04/20 12:58 [DEBUG] cshmd.analysis (find_bond)                                   : find_bond C - O rcut -> 1.6
04/20 12:58 [DEBUG] cshmd.analysis (get_mole)                                    : get_mole C - O -> nbonds: 3
04/20 12:58 [DEBUG] cshmd.analysis (get_mole)                                    : get_mole O - H -> nbonds: 3
04/20 12:58 [DEBUG] cshmd.analysis (find_bond)                                   : find_bond Ca - O rcut -> 3.0
04/20 12:58 [DEBUG] cshmd.common (time_wrapper)                                  : [RUNTIME] get_distance_table in 0.412 seconds
04/20 12:58 [DEBUG] cshmd.analysis (search_basic)                                : Basic search result -> H2O: 654, SiO4: 612, OH: 128, CO3: 0, H3O: 0, Ca_O: 4227
04/20 12:58 [DEBUG] cshmd.analysis (full_search)                                 : Search layer details
04/20 12:58 [DEBUG] cshmd.analysis (find_bond)                                   : find_bond Ca - O rcut -> 3.0
04/20 12:58 [DEBUG] cshmd.analysis (find_bond)                                   : find_bond Si - O rcut -> 2.2
04/20 12:58 [DEBUG] cshmd.analysis (set_layer_boundary)                          : Set layer boundary -> 0.2361377918249991 - 0.7222344292749987
04/20 12:58 [DEBUG] cshmd.analysis (__detail_search_oh_co3)                      : No CO3 in basic search
04/20 12:58 [DEBUG] cshmd.analysis (__detail_search_oh_sioh)                     : Searching 'OH' in 'SiO4
04/20 12:58 [DEBUG] cshmd.analysis (__detail_search_oh_caoh)                     : Searching 'OH' in 'CaOH
04/20 12:58 [INFO] cshmd.analysis (Qn)                                           : [Structure] Q1: 0.510
04/20 12:58 [INFO] cshmd.analysis (Qn)                                           : [Structure] Q2: 0.490
04/20 12:58 [INFO] cshmd.analysis (CS)                                           : [Structure] C/S: 1.069
04/20 12:58 [INFO] cshmd.analysis (validate_tetra)                               : [Structure] BT: 100, PT: 512
04/20 12:58 [DEBUG] cshmd.analysis (__init__)                                    : <class 'cshmd.analysis.Chain'> loaded
04/20 12:58 [DEBUG] cshmd.analysis (__init__)                                    : <class 'cshmd.analysis.Chain'> loaded
04/20 12:58 [DEBUG] cshmd.analysis (__init__)                                    : <class 'cshmd.analysis.Chain'> loaded
04/20 12:58 [DEBUG] cshmd.analysis (__init__)                                    : <class 'cshmd.analysis.Chain'> loaded
04/20 12:58 [INFO] cshmd.analysis (validate_tetra)                               : [Structure] CL : Length 2: 15 Length 5: 23 Length 8: 1
04/20 12:58 [INFO] cshmd.analysis (validate_tetra)                               : [Structure] MCL : 3.923
04/20 12:58 [INFO] cshmd.structure (out2info)                                    : './L040.tmp.pkl' was created
04/20 12:58 [INFO] cshmd.structure (__init__)                                    : ./L120.cif was loaded
04/20 12:58 [DEBUG] cshmd.analysis (__init__)                                    : [Structure] Now new data setted for get Bonds
04/20 12:58 [DEBUG] cshmd.analysis (__del_bond__)                                : del -> Si_O O_H H_O Ca_O C_O BO NBO
04/20 12:58 [DEBUG] cshmd.analysis (__initialize_mole__)                         : initalize -> H2O SiO4 OH CO3 H3O
04/20 12:58 [DEBUG] cshmd.analysis (__initialize_mole__)                         : initalize -> SiOH CaOH HCO3 H2CO3 H3CO3
04/20 12:58 [DEBUG] cshmd.analysis (find_bond)                                   : find_bond O - H rcut -> 1.2
04/20 12:58 [DEBUG] cshmd.common (time_wrapper)                                  : [RUNTIME] get_distance_table in 0.629 seconds
04/20 12:58 [DEBUG] cshmd.analysis (get_mole)                                    : get_mole O - H -> nbonds: 2
04/20 12:58 [DEBUG] cshmd.analysis (find_bond)                                   : find_bond Si - O rcut -> 2.2
04/20 12:58 [DEBUG] cshmd.common (time_wrapper)                                  : [RUNTIME] get_distance_table in 0.379 seconds
04/20 12:58 [DEBUG] cshmd.analysis (get_mole)                                    : get_mole Si - O -> nbonds: 4
04/20 12:58 [DEBUG] cshmd.analysis (get_mole)                                    : get_mole O - H -> nbonds: 1
04/20 12:58 [DEBUG] cshmd.analysis (find_bond)                                   : find_bond C - O rcut -> 1.6
04/20 12:58 [DEBUG] cshmd.analysis (get_mole)                                    : get_mole C - O -> nbonds: 3
04/20 12:58 [DEBUG] cshmd.analysis (get_mole)                                    : get_mole O - H -> nbonds: 3
04/20 12:58 [DEBUG] cshmd.analysis (find_bond)                                   : find_bond Ca - O rcut -> 3.0
04/20 12:58 [DEBUG] cshmd.common (time_wrapper)                                  : [RUNTIME] get_distance_table in 0.330 seconds
04/20 12:58 [DEBUG] cshmd.analysis (search_basic)                                : Basic search result -> H2O: 606, SiO4: 708, OH: 128, CO3: 0, H3O: 0, Ca_O: 4107
04/20 12:58 [DEBUG] cshmd.analysis (full_search)                                 : Search layer details
04/20 12:58 [DEBUG] cshmd.analysis (find_bond)                                   : find_bond Ca - O rcut -> 3.0
04/20 12:58 [DEBUG] cshmd.analysis (find_bond)                                   : find_bond Si - O rcut -> 2.2
04/20 12:58 [DEBUG] cshmd.analysis (set_layer_boundary)                          : Set layer boundary -> 0.2361377918249991 - 0.7222344292749987
04/20 12:58 [DEBUG] cshmd.analysis (__detail_search_oh_co3)                      : No CO3 in basic search
04/20 12:58 [DEBUG] cshmd.analysis (__detail_search_oh_sioh)                     : Searching 'OH' in 'SiO4
04/20 12:58 [DEBUG] cshmd.analysis (__detail_search_oh_caoh)                     : Searching 'OH' in 'CaOH
04/20 12:58 [INFO] cshmd.analysis (Qn)                                           : [Structure] Q1: 0.169
04/20 12:58 [INFO] cshmd.analysis (Qn)                                           : [Structure] Q2: 0.831
04/20 12:58 [INFO] cshmd.analysis (CS)                                           : [Structure] C/S: 0.856
04/20 12:58 [INFO] cshmd.analysis (validate_tetra)                               : [Structure] BT: 196, PT: 512
04/20 12:58 [DEBUG] cshmd.analysis (__init__)                                    : <class 'cshmd.analysis.Chain'> loaded
04/20 12:58 [DEBUG] cshmd.analysis (__init__)                                    : <class 'cshmd.analysis.Chain'> loaded
04/20 12:58 [DEBUG] cshmd.analysis (__init__)                                    : <class 'cshmd.analysis.Chain'> loaded
04/20 12:58 [DEBUG] cshmd.analysis (__init__)                                    : <class 'cshmd.analysis.Chain'> loaded
04/20 12:58 [INFO] cshmd.analysis (validate_tetra)                               : [Structure] CL : Length 5: 1 Length 11: 12 Length 17: 1 Length 23: 1
04/20 12:58 [INFO] cshmd.analysis (validate_tetra)                               : [Structure] MCL : 11.800
04/20 12:58 [INFO] cshmd.structure (out2info)                                    : './L120.tmp.pkl' was created
04/20 12:58 [INFO] cshmd.structure (__init__)                                    : ./L080.cif was loaded
04/20 12:58 [DEBUG] cshmd.analysis (__init__)                                    : [Structure] Now new data setted for get Bonds
04/20 12:58 [DEBUG] cshmd.analysis (__del_bond__)                                : del -> Si_O O_H H_O Ca_O C_O BO NBO
04/20 12:58 [DEBUG] cshmd.analysis (__initialize_mole__)                         : initalize -> H2O SiO4 OH CO3 H3O
04/20 12:58 [DEBUG] cshmd.analysis (__initialize_mole__)                         : initalize -> SiOH CaOH HCO3 H2CO3 H3CO3
04/20 12:58 [DEBUG] cshmd.analysis (find_bond)                                   : find_bond O - H rcut -> 1.2
04/20 12:58 [DEBUG] cshmd.common (time_wrapper)                                  : [RUNTIME] get_distance_table in 0.589 seconds
04/20 12:58 [DEBUG] cshmd.analysis (get_mole)                                    : get_mole O - H -> nbonds: 2
04/20 12:58 [DEBUG] cshmd.analysis (find_bond)                                   : find_bond Si - O rcut -> 2.2
04/20 12:58 [DEBUG] cshmd.common (time_wrapper)                                  : [RUNTIME] get_distance_table in 0.310 seconds
04/20 12:58 [DEBUG] cshmd.analysis (get_mole)                                    : get_mole Si - O -> nbonds: 4
04/20 12:58 [DEBUG] cshmd.analysis (get_mole)                                    : get_mole O - H -> nbonds: 1
04/20 12:58 [DEBUG] cshmd.analysis (find_bond)                                   : find_bond C - O rcut -> 1.6
04/20 12:58 [DEBUG] cshmd.analysis (get_mole)                                    : get_mole C - O -> nbonds: 3
04/20 12:58 [DEBUG] cshmd.analysis (get_mole)                                    : get_mole O - H -> nbonds: 3
04/20 12:58 [DEBUG] cshmd.analysis (find_bond)                                   : find_bond Ca - O rcut -> 3.0
04/20 12:58 [DEBUG] cshmd.common (time_wrapper)                                  : [RUNTIME] get_distance_table in 0.329 seconds
04/20 12:58 [DEBUG] cshmd.analysis (search_basic)                                : Basic search result -> H2O: 620, SiO4: 680, OH: 128, CO3: 0, H3O: 0, Ca_O: 4142
04/20 12:58 [DEBUG] cshmd.analysis (full_search)                                 : Search layer details
04/20 12:58 [DEBUG] cshmd.analysis (find_bond)                                   : find_bond Ca - O rcut -> 3.0
04/20 12:58 [DEBUG] cshmd.analysis (find_bond)                                   : find_bond Si - O rcut -> 2.2
04/20 12:58 [DEBUG] cshmd.analysis (set_layer_boundary)                          : Set layer boundary -> 0.2361377918249991 - 0.7222344292749987
04/20 12:58 [DEBUG] cshmd.analysis (__detail_search_oh_co3)                      : No CO3 in basic search
04/20 12:58 [DEBUG] cshmd.analysis (__detail_search_oh_sioh)                     : Searching 'OH' in 'SiO4
04/20 12:58 [DEBUG] cshmd.analysis (__detail_search_oh_caoh)                     : Searching 'OH' in 'CaOH
04/20 12:58 [INFO] cshmd.analysis (Qn)                                           : [Structure] Q1: 0.259
04/20 12:58 [INFO] cshmd.analysis (Qn)                                           : [Structure] Q2: 0.741
04/20 12:58 [INFO] cshmd.analysis (CS)                                           : [Structure] C/S: 0.912
04/20 12:58 [INFO] cshmd.analysis (validate_tetra)                               : [Structure] BT: 168, PT: 512
04/20 12:58 [DEBUG] cshmd.analysis (__init__)                                    : <class 'cshmd.analysis.Chain'> loaded
04/20 12:58 [DEBUG] cshmd.analysis (__init__)                                    : <class 'cshmd.analysis.Chain'> loaded
04/20 12:58 [DEBUG] cshmd.analysis (__init__)                                    : <class 'cshmd.analysis.Chain'> loaded
04/20 12:58 [DEBUG] cshmd.analysis (__init__)                                    : <class 'cshmd.analysis.Chain'> loaded
04/20 12:58 [INFO] cshmd.analysis (validate_tetra)                               : [Structure] CL : Length 2: 2 Length 5: 6 Length 8: 6 Length 11: 8
04/20 12:58 [INFO] cshmd.analysis (validate_tetra)                               : [Structure] MCL : 7.727
04/20 12:58 [INFO] cshmd.structure (out2info)                                    : './L080.tmp.pkl' was created
04/20 12:58 [INFO] cshmd.structure (__init__)                                    : ./L100.cif was loaded
04/20 12:58 [DEBUG] cshmd.analysis (__init__)                                    : [Structure] Now new data setted for get Bonds
04/20 12:58 [DEBUG] cshmd.analysis (__del_bond__)                                : del -> Si_O O_H H_O Ca_O C_O BO NBO
04/20 12:58 [DEBUG] cshmd.analysis (__initialize_mole__)                         : initalize -> H2O SiO4 OH CO3 H3O
04/20 12:58 [DEBUG] cshmd.analysis (__initialize_mole__)                         : initalize -> SiOH CaOH HCO3 H2CO3 H3CO3
04/20 12:58 [DEBUG] cshmd.analysis (find_bond)                                   : find_bond O - H rcut -> 1.2
04/20 12:58 [DEBUG] cshmd.common (time_wrapper)                                  : [RUNTIME] get_distance_table in 0.588 seconds
04/20 12:58 [DEBUG] cshmd.analysis (get_mole)                                    : get_mole O - H -> nbonds: 2
04/20 12:58 [DEBUG] cshmd.analysis (find_bond)                                   : find_bond Si - O rcut -> 2.2
04/20 12:58 [DEBUG] cshmd.common (time_wrapper)                                  : [RUNTIME] get_distance_table in 0.308 seconds
04/20 12:58 [DEBUG] cshmd.analysis (get_mole)                                    : get_mole Si - O -> nbonds: 4
04/20 12:58 [DEBUG] cshmd.analysis (get_mole)                                    : get_mole O - H -> nbonds: 1
04/20 12:58 [DEBUG] cshmd.analysis (find_bond)                                   : find_bond C - O rcut -> 1.6
04/20 12:58 [DEBUG] cshmd.analysis (get_mole)                                    : get_mole C - O -> nbonds: 3
04/20 12:58 [DEBUG] cshmd.analysis (get_mole)                                    : get_mole O - H -> nbonds: 3
04/20 12:58 [DEBUG] cshmd.analysis (find_bond)                                   : find_bond Ca - O rcut -> 3.0
04/20 12:58 [DEBUG] cshmd.common (time_wrapper)                                  : [RUNTIME] get_distance_table in 0.328 seconds
04/20 12:58 [DEBUG] cshmd.analysis (search_basic)                                : Basic search result -> H2O: 612, SiO4: 696, OH: 128, CO3: 0, H3O: 0, Ca_O: 4122
04/20 12:58 [DEBUG] cshmd.analysis (full_search)                                 : Search layer details
04/20 12:58 [DEBUG] cshmd.analysis (find_bond)                                   : find_bond Ca - O rcut -> 3.0
04/20 12:58 [DEBUG] cshmd.analysis (find_bond)                                   : find_bond Si - O rcut -> 2.2
04/20 12:58 [DEBUG] cshmd.analysis (set_layer_boundary)                          : Set layer boundary -> 0.2361377918249991 - 0.7222344292749987
04/20 12:58 [DEBUG] cshmd.analysis (__detail_search_oh_co3)                      : No CO3 in basic search
04/20 12:58 [DEBUG] cshmd.analysis (__detail_search_oh_sioh)                     : Searching 'OH' in 'SiO4
04/20 12:58 [DEBUG] cshmd.analysis (__detail_search_oh_caoh)                     : Searching 'OH' in 'CaOH
04/20 12:58 [INFO] cshmd.analysis (Qn)                                           : [Structure] Q1: 0.207
04/20 12:58 [INFO] cshmd.analysis (Qn)                                           : [Structure] Q2: 0.793
04/20 12:58 [INFO] cshmd.analysis (CS)                                           : [Structure] C/S: 0.879
04/20 12:58 [INFO] cshmd.analysis (validate_tetra)                               : [Structure] BT: 184, PT: 512
04/20 12:58 [DEBUG] cshmd.analysis (__init__)                                    : <class 'cshmd.analysis.Chain'> loaded
04/20 12:58 [DEBUG] cshmd.analysis (__init__)                                    : <class 'cshmd.analysis.Chain'> loaded
04/20 12:58 [DEBUG] cshmd.analysis (__init__)                                    : <class 'cshmd.analysis.Chain'> loaded
04/20 12:58 [DEBUG] cshmd.analysis (__init__)                                    : <class 'cshmd.analysis.Chain'> loaded
04/20 12:58 [INFO] cshmd.analysis (validate_tetra)                               : [Structure] CL : Length 2: 1 Length 5: 1 Length 8: 5 Length 11: 9 Length 14: 2
04/20 12:58 [INFO] cshmd.analysis (validate_tetra)                               : [Structure] MCL : 9.667
04/20 12:58 [INFO] cshmd.structure (out2info)                                    : './L100.tmp.pkl' was created
04/20 12:58 [INFO] cshmd.structure (__init__)                                    : ./L060.cif was loaded
04/20 12:58 [DEBUG] cshmd.analysis (__init__)                                    : [Structure] Now new data setted for get Bonds
04/20 12:58 [DEBUG] cshmd.analysis (__del_bond__)                                : del -> Si_O O_H H_O Ca_O C_O BO NBO
04/20 12:58 [DEBUG] cshmd.analysis (__initialize_mole__)                         : initalize -> H2O SiO4 OH CO3 H3O
04/20 12:58 [DEBUG] cshmd.analysis (__initialize_mole__)                         : initalize -> SiOH CaOH HCO3 H2CO3 H3CO3
04/20 12:58 [DEBUG] cshmd.analysis (find_bond)                                   : find_bond O - H rcut -> 1.2
04/20 12:58 [DEBUG] cshmd.common (time_wrapper)                                  : [RUNTIME] get_distance_table in 0.598 seconds
04/20 12:58 [DEBUG] cshmd.analysis (get_mole)                                    : get_mole O - H -> nbonds: 2
04/20 12:58 [DEBUG] cshmd.analysis (find_bond)                                   : find_bond Si - O rcut -> 2.2
04/20 12:58 [DEBUG] cshmd.common (time_wrapper)                                  : [RUNTIME] get_distance_table in 0.286 seconds
04/20 12:58 [DEBUG] cshmd.analysis (get_mole)                                    : get_mole Si - O -> nbonds: 4
04/20 12:58 [DEBUG] cshmd.analysis (get_mole)                                    : get_mole O - H -> nbonds: 1
04/20 12:58 [DEBUG] cshmd.analysis (find_bond)                                   : find_bond C - O rcut -> 1.6
04/20 12:58 [DEBUG] cshmd.analysis (get_mole)                                    : get_mole C - O -> nbonds: 3
04/20 12:58 [DEBUG] cshmd.analysis (get_mole)                                    : get_mole O - H -> nbonds: 3
04/20 12:58 [DEBUG] cshmd.analysis (find_bond)                                   : find_bond Ca - O rcut -> 3.0
04/20 12:58 [DEBUG] cshmd.common (time_wrapper)                                  : [RUNTIME] get_distance_table in 0.331 seconds
04/20 12:58 [DEBUG] cshmd.analysis (search_basic)                                : Basic search result -> H2O: 632, SiO4: 656, OH: 128, CO3: 0, H3O: 0, Ca_O: 4172
04/20 12:58 [DEBUG] cshmd.analysis (full_search)                                 : Search layer details
04/20 12:58 [DEBUG] cshmd.analysis (find_bond)                                   : find_bond Ca - O rcut -> 3.0
04/20 12:58 [DEBUG] cshmd.analysis (find_bond)                                   : find_bond Si - O rcut -> 2.2
04/20 12:58 [DEBUG] cshmd.analysis (set_layer_boundary)                          : Set layer boundary -> 0.2361377918249991 - 0.7222344292749987
04/20 12:58 [DEBUG] cshmd.analysis (__detail_search_oh_co3)                      : No CO3 in basic search
04/20 12:58 [DEBUG] cshmd.analysis (__detail_search_oh_sioh)                     : Searching 'OH' in 'SiO4
04/20 12:58 [DEBUG] cshmd.analysis (__detail_search_oh_caoh)                     : Searching 'OH' in 'CaOH
04/20 12:58 [INFO] cshmd.analysis (Qn)                                           : [Structure] Q1: 0.341
04/20 12:58 [INFO] cshmd.analysis (Qn)                                           : [Structure] Q2: 0.659
04/20 12:58 [INFO] cshmd.analysis (CS)                                           : [Structure] C/S: 0.963
04/20 12:58 [INFO] cshmd.analysis (validate_tetra)                               : [Structure] BT: 144, PT: 512
04/20 12:58 [DEBUG] cshmd.analysis (__init__)                                    : <class 'cshmd.analysis.Chain'> loaded
04/20 12:58 [DEBUG] cshmd.analysis (__init__)                                    : <class 'cshmd.analysis.Chain'> loaded
04/20 12:58 [DEBUG] cshmd.analysis (__init__)                                    : <class 'cshmd.analysis.Chain'> loaded
04/20 12:58 [DEBUG] cshmd.analysis (__init__)                                    : <class 'cshmd.analysis.Chain'> loaded
04/20 12:58 [INFO] cshmd.analysis (validate_tetra)                               : [Structure] CL : Length 2: 7 Length 5: 10 Length 8: 7 Length 11: 4
04/20 12:58 [INFO] cshmd.analysis (validate_tetra)                               : [Structure] MCL : 5.857
04/20 12:58 [INFO] cshmd.structure (out2info)                                    : './L060.tmp.pkl' was created
04/20 12:58 [DEBUG] cshmd.common (get_logger)                                    : $$$$$$$$$$$$$$  Logger 'cshmd.common........' initialized  $$$$$$$$$$$$$$
04/20 12:58 [DEBUG] cshmd.functions (get_logger)                                 : $$$$$$$$$$$$$$  Logger 'cshmd.functions.....' initialized  $$$$$$$$$$$$$$
04/20 12:58 [DEBUG] cshmd.load (get_logger)                                      : $$$$$$$$$$$$$$  Logger 'cshmd.load..........' initialized  $$$$$$$$$$$$$$
04/20 12:58 [DEBUG] cshmd.analysis (get_logger)                                  : $$$$$$$$$$$$$$  Logger 'cshmd.analysis......' initialized  $$$$$$$$$$$$$$
04/20 12:58 [DEBUG] cshmd.structure (get_logger)                                 : $$$$$$$$$$$$$$  Logger 'cshmd.structure.....' initialized  $$$$$$$$$$$$$$
04/20 12:58 [DEBUG] cshmd.builder (get_logger)                                   : $$$$$$$$$$$$$$  Logger 'cshmd.builder.......' initialized  $$$$$$$$$$$$$$
04/20 12:58 [DEBUG] cshmd.trj_analysis (get_logger)                              : $$$$$$$$$$$$$$  Logger 'cshmd.trj_analysis..' initialized  $$$$$$$$$$$$$$
04/20 12:58 [DEBUG] table_csh_info (get_logger)                                  : $$$$$$$$$$$$$$  Logger 'table_csh_info......' initialized  $$$$$$$$$$$$$$
04/20 12:58 [INFO] table_csh_info (<module>)                                     : Found 9 files
04/20 12:58 [INFO] table_csh_info (<module>)                                     : [PosixPath('L060.tmp.pkl'), PosixPath('L100.tmp.pkl'), PosixPath('L025.tmp.pkl'), PosixPath('L035.tmp.pkl'), PosixPath('L120.tmp.pkl'), PosixPath('L040.tmp.pkl'), PosixPath('L080.tmp.pkl'), PosixPath('L030.tmp.pkl'), PosixPath('L020.tmp.pkl')]
