03/04 15:49 [INFO] cshmd.structure (__init__)                : L2H0.cif was loaded
03/04 15:49 [DEBUG] cshmd.analysis (__init__)                : [StructureManager] Now new data setted for get Bonds
03/04 15:49 [DEBUG] cshmd.analysis (__del_bond__)            : loaded
03/04 15:49 [DEBUG] cshmd.analysis (__initialize_mole__)     : loaded
03/04 15:49 [INFO] cshmd.structure (__init__)                : Does not setted 'config'
03/04 15:49 [DEBUG] cshmd.analysis (find_bond)               : find_bond O - H 
03/04 15:49 [DEBUG] cshmd.common (time_wrapper)              : [RUNTIME] get_distance_table in 0.186 seconds
03/04 15:49 [DEBUG] cshmd.analysis (get_mole)                : get_mole O - H -> nbonds: 2
03/04 15:49 [DEBUG] cshmd.analysis (find_bond)               : find_bond Si - O 
03/04 15:49 [DEBUG] cshmd.common (time_wrapper)              : [RUNTIME] get_distance_table in 0.081 seconds
03/04 15:49 [DEBUG] cshmd.analysis (get_mole)                : get_mole Si - O -> nbonds: 4
03/04 15:49 [DEBUG] cshmd.analysis (get_mole)                : get_mole O - H -> nbonds: 1
03/04 15:49 [DEBUG] cshmd.analysis (find_bond)               : find_bond C - O 
03/04 15:49 [DEBUG] cshmd.analysis (get_mole)                : get_mole C - O -> nbonds: 3
03/04 15:49 [DEBUG] cshmd.analysis (_check_and_find_co3s)    : [Info]: Searching 'OH' in 'CO3'
03/04 15:49 [DEBUG] cshmd.analysis (_check_and_find_sioh)    : Searching 'OH' in 'SiO4
03/04 15:49 [DEBUG] cshmd.analysis (_check_and_find_sioh)    : point loaded
03/04 15:49 [DEBUG] cshmd.analysis (find_bond)               : find_bond Ca - O 
03/04 15:49 [DEBUG] cshmd.common (time_wrapper)              : [RUNTIME] get_distance_table in 0.099 seconds
03/04 15:49 [DEBUG] cshmd.analysis (find_bond)               : find_bond Si - O 
03/04 15:49 [INFO] cshmd.structure (__init__)                : L2H0.cif was loaded
03/04 15:49 [DEBUG] cshmd.analysis (__init__)                : [StructureManager] Now new data setted for get Bonds
03/04 15:49 [DEBUG] cshmd.analysis (__del_bond__)            : loaded
03/04 15:49 [DEBUG] cshmd.analysis (__initialize_mole__)     : loaded
03/04 15:49 [INFO] cshmd.structure (__init__)                : Does not setted 'config'
03/04 15:49 [DEBUG] cshmd.analysis (find_bond)               : find_bond O - H 
03/04 15:49 [DEBUG] cshmd.common (time_wrapper)              : [RUNTIME] get_distance_table in 0.176 seconds
03/04 15:49 [DEBUG] cshmd.analysis (get_mole)                : get_mole O - H -> nbonds: 2
03/04 15:49 [DEBUG] cshmd.analysis (find_bond)               : find_bond Si - O 
03/04 15:49 [DEBUG] cshmd.common (time_wrapper)              : [RUNTIME] get_distance_table in 0.097 seconds
03/04 15:49 [DEBUG] cshmd.analysis (get_mole)                : get_mole Si - O -> nbonds: 4
03/04 15:49 [DEBUG] cshmd.analysis (get_mole)                : get_mole O - H -> nbonds: 1
03/04 15:49 [DEBUG] cshmd.analysis (find_bond)               : find_bond C - O 
03/04 15:49 [DEBUG] cshmd.analysis (get_mole)                : get_mole C - O -> nbonds: 3
03/04 15:49 [DEBUG] cshmd.analysis (_check_and_find_co3s)    : [Info]: Searching 'OH' in 'CO3'
03/04 15:49 [DEBUG] cshmd.analysis (_check_and_find_sioh)    : Searching 'OH' in 'SiO4
03/04 15:49 [DEBUG] cshmd.analysis (_check_and_find_sioh)    : point loaded
03/04 15:49 [DEBUG] cshmd.analysis (find_bond)               : find_bond Ca - O 
03/04 15:49 [DEBUG] cshmd.common (time_wrapper)              : [RUNTIME] get_distance_table in 0.090 seconds
03/04 15:49 [DEBUG] cshmd.analysis (find_bond)               : find_bond Si - O 
03/04 15:51 [INFO] cshmd.structure (__init__)                : L2H0.cif was loaded
03/04 15:51 [DEBUG] cshmd.analysis (__init__)                : [StructureManager] Now new data setted for get Bonds
03/04 15:51 [DEBUG] cshmd.analysis (__del_bond__)            : loaded
03/04 15:51 [DEBUG] cshmd.analysis (__initialize_mole__)     : loaded
03/04 15:51 [INFO] cshmd.structure (__init__)                : Does not setted 'config'
03/04 15:51 [DEBUG] cshmd.analysis (find_bond)               : find_bond O - H 
03/04 15:51 [DEBUG] cshmd.common (time_wrapper)              : [RUNTIME] get_distance_table in 0.177 seconds
03/04 15:51 [DEBUG] cshmd.analysis (get_mole)                : get_mole O - H -> nbonds: 2
03/04 15:51 [DEBUG] cshmd.analysis (find_bond)               : find_bond Si - O 
03/04 15:51 [DEBUG] cshmd.common (time_wrapper)              : [RUNTIME] get_distance_table in 0.082 seconds
03/04 15:51 [DEBUG] cshmd.analysis (get_mole)                : get_mole Si - O -> nbonds: 4
03/04 15:51 [DEBUG] cshmd.analysis (get_mole)                : get_mole O - H -> nbonds: 1
03/04 15:51 [DEBUG] cshmd.analysis (find_bond)               : find_bond C - O 
03/04 15:51 [DEBUG] cshmd.analysis (get_mole)                : get_mole C - O -> nbonds: 3
03/04 15:51 [DEBUG] cshmd.analysis (_check_and_find_co3s)    : [Info]: Searching 'OH' in 'CO3'
03/04 15:51 [DEBUG] cshmd.analysis (_check_and_find_sioh)    : Searching 'OH' in 'SiO4
03/04 15:51 [DEBUG] cshmd.analysis (_check_and_find_sioh)    : point loaded
03/04 15:51 [DEBUG] cshmd.analysis (find_bond)               : find_bond Ca - O 
03/04 15:51 [DEBUG] cshmd.common (time_wrapper)              : [RUNTIME] get_distance_table in 0.102 seconds
03/04 15:51 [DEBUG] cshmd.analysis (find_bond)               : find_bond Si - O 
03/04 15:51 [INFO] cshmd.structure (__init__)                : L2H0.cif was loaded
03/04 15:51 [DEBUG] cshmd.analysis (__init__)                : [StructureManager] Now new data setted for get Bonds
03/04 15:51 [DEBUG] cshmd.analysis (__del_bond__)            : loaded
03/04 15:51 [DEBUG] cshmd.analysis (__initialize_mole__)     : loaded
03/04 15:51 [INFO] cshmd.structure (__init__)                : Does not setted 'config'
03/04 15:51 [DEBUG] cshmd.analysis (find_bond)               : find_bond O - H 
03/04 15:51 [DEBUG] cshmd.common (time_wrapper)              : [RUNTIME] get_distance_table in 0.188 seconds
03/04 15:51 [DEBUG] cshmd.analysis (get_mole)                : get_mole O - H -> nbonds: 2
03/04 15:51 [DEBUG] cshmd.analysis (find_bond)               : find_bond Si - O 
03/04 15:51 [DEBUG] cshmd.common (time_wrapper)              : [RUNTIME] get_distance_table in 0.098 seconds
03/04 15:51 [DEBUG] cshmd.analysis (get_mole)                : get_mole Si - O -> nbonds: 4
03/04 15:51 [DEBUG] cshmd.analysis (get_mole)                : get_mole O - H -> nbonds: 1
03/04 15:51 [DEBUG] cshmd.analysis (find_bond)               : find_bond C - O 
03/04 15:51 [DEBUG] cshmd.analysis (get_mole)                : get_mole C - O -> nbonds: 3
03/04 15:51 [DEBUG] cshmd.analysis (_check_and_find_co3s)    : [Info]: Searching 'OH' in 'CO3'
03/04 15:51 [DEBUG] cshmd.analysis (_check_and_find_sioh)    : Searching 'OH' in 'SiO4
03/04 15:51 [DEBUG] cshmd.analysis (_check_and_find_sioh)    : point loaded
03/04 15:51 [DEBUG] cshmd.analysis (find_bond)               : find_bond Ca - O 
03/04 15:51 [DEBUG] cshmd.common (time_wrapper)              : [RUNTIME] get_distance_table in 0.089 seconds
03/04 15:51 [DEBUG] cshmd.analysis (find_bond)               : find_bond Si - O 
03/04 15:51 [INFO] cshmd.structure (__init__)                : L2H0.cif was loaded
03/04 15:51 [DEBUG] cshmd.analysis (__init__)                : [StructureManager] Now new data setted for get Bonds
03/04 15:51 [DEBUG] cshmd.analysis (__del_bond__)            : loaded
03/04 15:51 [DEBUG] cshmd.analysis (__initialize_mole__)     : loaded
03/04 15:51 [INFO] cshmd.structure (__init__)                : Does not setted 'config'
03/04 15:51 [DEBUG] cshmd.analysis (find_bond)               : find_bond O - H 
03/04 15:51 [DEBUG] cshmd.common (time_wrapper)              : [RUNTIME] get_distance_table in 0.188 seconds
03/04 15:51 [DEBUG] cshmd.analysis (get_mole)                : get_mole O - H -> nbonds: 2
03/04 15:51 [DEBUG] cshmd.analysis (find_bond)               : find_bond Si - O 
03/04 15:51 [DEBUG] cshmd.common (time_wrapper)              : [RUNTIME] get_distance_table in 0.083 seconds
03/04 15:51 [DEBUG] cshmd.analysis (get_mole)                : get_mole Si - O -> nbonds: 4
03/04 15:51 [DEBUG] cshmd.analysis (get_mole)                : get_mole O - H -> nbonds: 1
03/04 15:51 [DEBUG] cshmd.analysis (find_bond)               : find_bond C - O 
03/04 15:51 [DEBUG] cshmd.analysis (get_mole)                : get_mole C - O -> nbonds: 3
03/04 15:51 [DEBUG] cshmd.analysis (_check_and_find_co3s)    : [Info]: Searching 'OH' in 'CO3'
03/04 15:51 [DEBUG] cshmd.analysis (_check_and_find_sioh)    : Searching 'OH' in 'SiO4
03/04 15:51 [DEBUG] cshmd.analysis (_check_and_find_sioh)    : point loaded
03/04 15:51 [DEBUG] cshmd.analysis (find_bond)               : find_bond Ca - O 
03/04 15:51 [DEBUG] cshmd.common (time_wrapper)              : [RUNTIME] get_distance_table in 0.104 seconds
03/04 15:51 [DEBUG] cshmd.analysis (find_bond)               : find_bond Si - O 
03/04 16:02 [INFO] cshmd.structure (__init__)                : L5H2.cif was loaded
03/04 16:02 [DEBUG] cshmd.analysis (__init__)                : [StructureManager] Now new data setted for get Bonds
03/04 16:02 [DEBUG] cshmd.analysis (__del_bond__)            : loaded
03/04 16:02 [DEBUG] cshmd.analysis (__initialize_mole__)     : loaded
03/04 16:02 [INFO] cshmd.structure (__init__)                : Does not setted 'config'
03/04 16:02 [DEBUG] cshmd.analysis (find_bond)               : find_bond O - H 
03/04 16:02 [DEBUG] cshmd.common (time_wrapper)              : [RUNTIME] get_distance_table in 0.223 seconds
03/04 16:02 [DEBUG] cshmd.analysis (get_mole)                : get_mole O - H -> nbonds: 2
03/04 16:02 [DEBUG] cshmd.analysis (find_bond)               : find_bond Si - O 
03/04 16:02 [DEBUG] cshmd.common (time_wrapper)              : [RUNTIME] get_distance_table in 0.109 seconds
03/04 16:02 [DEBUG] cshmd.analysis (get_mole)                : get_mole Si - O -> nbonds: 4
03/04 16:02 [DEBUG] cshmd.analysis (get_mole)                : get_mole O - H -> nbonds: 1
03/04 16:02 [DEBUG] cshmd.analysis (find_bond)               : find_bond C - O 
03/04 16:02 [DEBUG] cshmd.analysis (get_mole)                : get_mole C - O -> nbonds: 3
03/04 16:02 [DEBUG] cshmd.analysis (_check_and_find_co3s)    : [Info]: Searching 'OH' in 'CO3'
03/04 16:02 [DEBUG] cshmd.analysis (_check_and_find_sioh)    : Searching 'OH' in 'SiO4
03/04 16:02 [DEBUG] cshmd.analysis (_check_and_find_sioh)    : point loaded
03/04 16:02 [DEBUG] cshmd.analysis (find_bond)               : find_bond Ca - O 
03/04 16:02 [DEBUG] cshmd.common (time_wrapper)              : [RUNTIME] get_distance_table in 0.096 seconds
03/04 16:02 [DEBUG] cshmd.analysis (find_bond)               : find_bond Si - O 
03/04 16:02 [INFO] cshmd.structure (__init__)                : L5H2.cif was loaded
03/04 16:02 [DEBUG] cshmd.analysis (__init__)                : [StructureManager] Now new data setted for get Bonds
03/04 16:02 [DEBUG] cshmd.analysis (__del_bond__)            : loaded
03/04 16:02 [DEBUG] cshmd.analysis (__initialize_mole__)     : loaded
03/04 16:02 [INFO] cshmd.structure (__init__)                : Does not setted 'config'
03/04 16:02 [DEBUG] cshmd.analysis (find_bond)               : find_bond O - H 
03/04 16:02 [DEBUG] cshmd.common (time_wrapper)              : [RUNTIME] get_distance_table in 0.210 seconds
03/04 16:02 [DEBUG] cshmd.analysis (get_mole)                : get_mole O - H -> nbonds: 2
03/04 16:02 [DEBUG] cshmd.analysis (find_bond)               : find_bond Si - O 
03/04 16:02 [DEBUG] cshmd.common (time_wrapper)              : [RUNTIME] get_distance_table in 0.098 seconds
03/04 16:02 [DEBUG] cshmd.analysis (get_mole)                : get_mole Si - O -> nbonds: 4
03/04 16:02 [DEBUG] cshmd.analysis (get_mole)                : get_mole O - H -> nbonds: 1
03/04 16:02 [DEBUG] cshmd.analysis (find_bond)               : find_bond C - O 
03/04 16:02 [DEBUG] cshmd.analysis (get_mole)                : get_mole C - O -> nbonds: 3
03/04 16:02 [DEBUG] cshmd.analysis (_check_and_find_co3s)    : [Info]: Searching 'OH' in 'CO3'
03/04 16:02 [DEBUG] cshmd.analysis (_check_and_find_sioh)    : Searching 'OH' in 'SiO4
03/04 16:02 [DEBUG] cshmd.analysis (_check_and_find_sioh)    : point loaded
03/04 16:02 [DEBUG] cshmd.analysis (find_bond)               : find_bond Ca - O 
03/04 16:02 [DEBUG] cshmd.common (time_wrapper)              : [RUNTIME] get_distance_table in 0.107 seconds
03/04 16:02 [DEBUG] cshmd.analysis (find_bond)               : find_bond Si - O 
03/04 16:03 [INFO] cshmd.structure (__init__)                : L5H2.cif was loaded
03/04 16:03 [DEBUG] cshmd.analysis (__init__)                : [StructureManager] Now new data setted for get Bonds
03/04 16:03 [DEBUG] cshmd.analysis (__del_bond__)            : loaded
03/04 16:03 [DEBUG] cshmd.analysis (__initialize_mole__)     : loaded
03/04 16:03 [INFO] cshmd.structure (__init__)                : Does not setted 'config'
03/04 16:03 [DEBUG] cshmd.analysis (find_bond)               : find_bond O - H 
03/04 16:03 [DEBUG] cshmd.common (time_wrapper)              : [RUNTIME] get_distance_table in 0.232 seconds
03/04 16:03 [DEBUG] cshmd.analysis (get_mole)                : get_mole O - H -> nbonds: 2
03/04 16:03 [DEBUG] cshmd.analysis (find_bond)               : find_bond Si - O 
03/04 16:03 [DEBUG] cshmd.common (time_wrapper)              : [RUNTIME] get_distance_table in 0.109 seconds
03/04 16:03 [DEBUG] cshmd.analysis (get_mole)                : get_mole Si - O -> nbonds: 4
03/04 16:03 [DEBUG] cshmd.analysis (get_mole)                : get_mole O - H -> nbonds: 1
03/04 16:03 [DEBUG] cshmd.analysis (find_bond)               : find_bond C - O 
03/04 16:03 [DEBUG] cshmd.analysis (get_mole)                : get_mole C - O -> nbonds: 3
03/04 16:03 [DEBUG] cshmd.analysis (_check_and_find_co3s)    : [Info]: Searching 'OH' in 'CO3'
03/04 16:03 [DEBUG] cshmd.analysis (_check_and_find_sioh)    : Searching 'OH' in 'SiO4
03/04 16:03 [DEBUG] cshmd.analysis (_check_and_find_sioh)    : point loaded
03/04 16:03 [DEBUG] cshmd.analysis (find_bond)               : find_bond Ca - O 
03/04 16:03 [DEBUG] cshmd.common (time_wrapper)              : [RUNTIME] get_distance_table in 0.096 seconds
03/04 16:03 [DEBUG] cshmd.analysis (find_bond)               : find_bond Si - O 
03/04 16:03 [INFO] cshmd.structure (__init__)                : L5H2.cif was loaded
03/04 16:03 [DEBUG] cshmd.analysis (__init__)                : [StructureManager] Now new data setted for get Bonds
03/04 16:03 [DEBUG] cshmd.analysis (__del_bond__)            : loaded
03/04 16:03 [DEBUG] cshmd.analysis (__initialize_mole__)     : loaded
03/04 16:03 [INFO] cshmd.structure (__init__)                : Does not setted 'config'
03/04 16:03 [DEBUG] cshmd.analysis (find_bond)               : find_bond O - H 
03/04 16:03 [DEBUG] cshmd.common (time_wrapper)              : [RUNTIME] get_distance_table in 0.201 seconds
03/04 16:03 [DEBUG] cshmd.analysis (get_mole)                : get_mole O - H -> nbonds: 2
03/04 16:03 [DEBUG] cshmd.analysis (find_bond)               : find_bond Si - O 
03/04 16:03 [DEBUG] cshmd.common (time_wrapper)              : [RUNTIME] get_distance_table in 0.105 seconds
03/04 16:03 [DEBUG] cshmd.analysis (get_mole)                : get_mole Si - O -> nbonds: 4
03/04 16:03 [DEBUG] cshmd.analysis (get_mole)                : get_mole O - H -> nbonds: 1
03/04 16:03 [DEBUG] cshmd.analysis (find_bond)               : find_bond C - O 
03/04 16:03 [DEBUG] cshmd.analysis (get_mole)                : get_mole C - O -> nbonds: 3
03/04 16:03 [DEBUG] cshmd.analysis (_check_and_find_co3s)    : [Info]: Searching 'OH' in 'CO3'
03/04 16:03 [DEBUG] cshmd.analysis (_check_and_find_sioh)    : Searching 'OH' in 'SiO4
03/04 16:03 [DEBUG] cshmd.analysis (_check_and_find_sioh)    : point loaded
03/04 16:03 [DEBUG] cshmd.analysis (find_bond)               : find_bond Ca - O 
03/04 16:03 [DEBUG] cshmd.common (time_wrapper)              : [RUNTIME] get_distance_table in 0.092 seconds
03/04 16:03 [DEBUG] cshmd.analysis (find_bond)               : find_bond Si - O 
03/04 16:17 [INFO] cshmd.structure (__init__)                : L2H0.cif was loaded
03/04 16:17 [DEBUG] cshmd.analysis (__init__)                : [StructureManager] Now new data setted for get Bonds
03/04 16:17 [DEBUG] cshmd.analysis (__del_bond__)            : loaded
03/04 16:17 [DEBUG] cshmd.analysis (__initialize_mole__)     : loaded
03/04 16:17 [INFO] cshmd.structure (__init__)                : Does not setted 'config'
03/04 16:17 [DEBUG] cshmd.analysis (find_bond)               : find_bond O - H 
03/04 16:17 [DEBUG] cshmd.common (time_wrapper)              : [RUNTIME] get_distance_table in 0.175 seconds
03/04 16:17 [DEBUG] cshmd.analysis (get_mole)                : get_mole O - H -> nbonds: 2
03/04 16:17 [DEBUG] cshmd.analysis (find_bond)               : find_bond Si - O 
03/04 16:17 [DEBUG] cshmd.common (time_wrapper)              : [RUNTIME] get_distance_table in 0.083 seconds
03/04 16:17 [DEBUG] cshmd.analysis (get_mole)                : get_mole Si - O -> nbonds: 4
03/04 16:17 [DEBUG] cshmd.analysis (get_mole)                : get_mole O - H -> nbonds: 1
03/04 16:17 [DEBUG] cshmd.analysis (find_bond)               : find_bond C - O 
03/04 16:17 [DEBUG] cshmd.analysis (get_mole)                : get_mole C - O -> nbonds: 3
03/04 16:17 [DEBUG] cshmd.analysis (_check_and_find_co3s)    : [Info]: Searching 'OH' in 'CO3'
03/04 16:17 [DEBUG] cshmd.analysis (_check_and_find_sioh)    : Searching 'OH' in 'SiO4
03/04 16:17 [DEBUG] cshmd.analysis (_check_and_find_sioh)    : point loaded
03/04 16:17 [DEBUG] cshmd.analysis (find_bond)               : find_bond Ca - O 
03/04 16:17 [DEBUG] cshmd.common (time_wrapper)              : [RUNTIME] get_distance_table in 0.103 seconds
03/04 16:17 [DEBUG] cshmd.analysis (find_bond)               : find_bond Si - O 
03/04 16:24 [INFO] cshmd.structure (__init__)                : L2H0.cif was loaded
03/04 16:24 [DEBUG] cshmd.analysis (__init__)                : [StructureManager] Now new data setted for get Bonds
03/04 16:24 [DEBUG] cshmd.analysis (__del_bond__)            : loaded
03/04 16:24 [DEBUG] cshmd.analysis (__initialize_mole__)     : loaded
03/04 16:24 [INFO] cshmd.structure (__init__)                : Does not setted 'config'
03/04 16:24 [DEBUG] cshmd.analysis (find_bond)               : find_bond O - H 
03/04 16:24 [DEBUG] cshmd.common (time_wrapper)              : [RUNTIME] get_distance_table in 0.187 seconds
03/04 16:24 [DEBUG] cshmd.analysis (get_mole)                : get_mole O - H -> nbonds: 2
03/04 16:24 [DEBUG] cshmd.analysis (find_bond)               : find_bond Si - O 
03/04 16:24 [DEBUG] cshmd.common (time_wrapper)              : [RUNTIME] get_distance_table in 0.083 seconds
03/04 16:24 [DEBUG] cshmd.analysis (get_mole)                : get_mole Si - O -> nbonds: 4
03/04 16:24 [DEBUG] cshmd.analysis (get_mole)                : get_mole O - H -> nbonds: 1
03/04 16:24 [DEBUG] cshmd.analysis (find_bond)               : find_bond C - O 
03/04 16:24 [DEBUG] cshmd.analysis (get_mole)                : get_mole C - O -> nbonds: 3
03/04 16:24 [DEBUG] cshmd.analysis (_check_and_find_co3s)    : [Info]: Searching 'OH' in 'CO3'
03/04 16:24 [DEBUG] cshmd.analysis (_check_and_find_sioh)    : Searching 'OH' in 'SiO4
03/04 16:24 [DEBUG] cshmd.analysis (_check_and_find_sioh)    : point loaded
03/04 16:24 [DEBUG] cshmd.analysis (find_bond)               : find_bond Ca - O 
03/04 16:24 [DEBUG] cshmd.common (time_wrapper)              : [RUNTIME] get_distance_table in 0.104 seconds
03/04 16:24 [DEBUG] cshmd.analysis (find_bond)               : find_bond Si - O 
03/04 16:24 [INFO] cshmd.analysis (Qn)                       : [StructureManager] Q1: 0.400
03/04 16:24 [INFO] cshmd.analysis (Qn)                       : [StructureManager] Q2: 0.600
03/04 16:24 [INFO] cshmd.analysis (CS)                       : [StructureManager] C/S: 0.900
03/08 18:07 [INFO] /Users/kimuni/bin/csh_builder (main)      : ----------------------------------------------------------------------
03/08 18:07 [INFO] /Users/kimuni/bin/csh_builder (main)      : ----------------------------------------------------------------------
03/08 18:09 [INFO] /Users/kimuni/bin/csh_builder (main)      : ----------------------------------------------------------------------
03/08 18:11 [INFO] /Users/kimuni/bin/csh_builder (main)      : ----------------------------------------------------------------------
03/08 18:11 [INFO] cshmd.structure (__init__)                : /Users/kimuni/bin/kimuni/cshmd/data/resources/cif/T14_111_base.cif was loaded
03/08 18:14 [INFO] /Users/kimuni/bin/csh_builder (main)      : ----------------------------------------------------------------------
03/08 18:14 [INFO] cshmd.structure (__init__)                : /Users/kimuni/bin/kimuni/cshmd/data/resources/cif/T14_111_base.cif was loaded
03/08 18:14 [DEBUG] cshmd.analysis (__init__)                : [StructureManager] Now new data setted for get Bonds
03/08 18:14 [DEBUG] cshmd.analysis (__del_bond__)            : del -> Si_O O_H H_O Ca_O C_O BO
03/08 18:14 [DEBUG] cshmd.analysis (__initialize_mole__)     : initalize -> H2O SiO4 OH CO3 H3O
03/08 18:14 [DEBUG] cshmd.analysis (__initialize_mole__)     : initalize -> SiOH CaOH HCO3 H2CO3 H3CO3
03/08 18:14 [INFO] cshmd.analysis (__init__)                 : Does not setted 'config'
03/08 18:14 [DEBUG] cshmd.analysis (find_bond)               : find_bond O - H 
03/08 18:14 [DEBUG] cshmd.common (time_wrapper)              : [RUNTIME] get_distance_table in 0.000 seconds
03/08 18:14 [DEBUG] cshmd.analysis (get_mole)                : get_mole O - H -> nbonds: 2
03/08 18:14 [DEBUG] cshmd.analysis (find_bond)               : find_bond Si - O 
03/08 18:14 [DEBUG] cshmd.common (time_wrapper)              : [RUNTIME] get_distance_table in 0.000 seconds
03/08 18:14 [DEBUG] cshmd.analysis (get_mole)                : get_mole Si - O -> nbonds: 4
03/08 18:14 [DEBUG] cshmd.analysis (get_mole)                : get_mole O - H -> nbonds: 1
03/08 18:14 [DEBUG] cshmd.analysis (find_bond)               : find_bond C - O 
03/08 18:14 [DEBUG] cshmd.analysis (get_mole)                : get_mole C - O -> nbonds: 3
03/08 18:14 [DEBUG] cshmd.analysis (get_mole)                : get_mole O - H -> nbonds: 3
03/08 18:14 [DEBUG] cshmd.analysis (find_bond)               : find_bond Ca - O 
03/08 18:14 [DEBUG] cshmd.common (time_wrapper)              : [RUNTIME] get_distance_table in 0.000 seconds
03/08 18:14 [DEBUG] cshmd.analysis (find_bond)               : find_bond Si - O 
03/08 18:14 [INFO] cshmd.analysis (__detail_search_oh_co3)   : No CO3 in basic search
03/08 18:14 [DEBUG] cshmd.analysis (__detail_search_oh_sioh) : Searching 'OH' in 'SiO4
03/08 18:14 [INFO] cshmd.analysis (__detail_search_oh_caoh)  : No CaOH in basic search
03/08 18:14 [INFO] cshmd.analysis (Qn)                       : [StructureManager] Q2: 1.000
03/08 18:14 [INFO] cshmd.analysis (CS)                       : [StructureManager] C/S: 0.750
03/08 18:14 [INFO] /Users/kimuni/bin/csh_builder (main)      : [StructureManager] Reading command 'supercell'...
03/08 18:14 [INFO] /Users/kimuni/bin/csh_builder (main)      : [StructureManager] with arguments 'supercell: [6, 6, 1]'...
03/08 18:14 [INFO] cshmd.structure (makeSupercell)           : [StructureManager] Supercell created 6 * 6 * 1
03/08 18:14 [DEBUG] cshmd.analysis (__init__)                : [StructureManager] Now new data setted for get Bonds
03/08 18:14 [DEBUG] cshmd.analysis (__del_bond__)            : del -> Si_O O_H H_O Ca_O C_O BO
03/08 18:14 [DEBUG] cshmd.analysis (__initialize_mole__)     : initalize -> H2O SiO4 OH CO3 H3O
03/08 18:14 [DEBUG] cshmd.analysis (__initialize_mole__)     : initalize -> SiOH CaOH HCO3 H2CO3 H3CO3
03/08 18:14 [INFO] cshmd.analysis (__init__)                 : Does not setted 'config'
03/08 18:14 [DEBUG] cshmd.analysis (find_bond)               : find_bond O - H 
03/08 18:14 [DEBUG] cshmd.common (time_wrapper)              : [RUNTIME] get_distance_table in 0.290 seconds
03/08 18:14 [DEBUG] cshmd.analysis (get_mole)                : get_mole O - H -> nbonds: 2
03/08 18:14 [DEBUG] cshmd.analysis (find_bond)               : find_bond Si - O 
03/08 18:14 [DEBUG] cshmd.common (time_wrapper)              : [RUNTIME] get_distance_table in 0.141 seconds
03/08 18:14 [DEBUG] cshmd.analysis (get_mole)                : get_mole Si - O -> nbonds: 4
03/08 18:14 [DEBUG] cshmd.analysis (get_mole)                : get_mole O - H -> nbonds: 1
03/08 18:14 [DEBUG] cshmd.analysis (find_bond)               : find_bond C - O 
03/08 18:14 [DEBUG] cshmd.analysis (get_mole)                : get_mole C - O -> nbonds: 3
03/08 18:14 [DEBUG] cshmd.analysis (get_mole)                : get_mole O - H -> nbonds: 3
03/08 18:14 [DEBUG] cshmd.analysis (find_bond)               : find_bond Ca - O 
03/08 18:14 [DEBUG] cshmd.common (time_wrapper)              : [RUNTIME] get_distance_table in 0.099 seconds
03/08 18:14 [DEBUG] cshmd.analysis (find_bond)               : find_bond Si - O 
03/08 18:14 [INFO] cshmd.analysis (__detail_search_oh_co3)   : No CO3 in basic search
03/08 18:14 [DEBUG] cshmd.analysis (__detail_search_oh_sioh) : Searching 'OH' in 'SiO4
03/08 18:14 [INFO] cshmd.analysis (__detail_search_oh_caoh)  : No CaOH in basic search
03/08 18:14 [INFO] cshmd.analysis (Qn)                       : [StructureManager] Q2: 1.000
03/08 18:14 [INFO] cshmd.analysis (CS)                       : [StructureManager] C/S: 0.750
03/08 18:14 [INFO] cshmd.builder (update_manager)            : [StructureManager] Number of atoms: 90 -> 3240
03/08 18:14 [INFO] /Users/kimuni/bin/csh_builder (main)      : [StructureManager] Reading command 'add_ca_BT'...
03/08 18:14 [INFO] /Users/kimuni/bin/csh_builder (main)      : [StructureManager] with arguments 'auto: False'...
03/08 18:14 [DEBUG] cshmd.analysis (__init__)                : [StructureManager] Now new data setted for get Bonds
03/08 18:14 [DEBUG] cshmd.analysis (__del_bond__)            : del -> Si_O O_H H_O Ca_O C_O BO
03/08 18:14 [DEBUG] cshmd.analysis (__initialize_mole__)     : initalize -> H2O SiO4 OH CO3 H3O
03/08 18:14 [DEBUG] cshmd.analysis (__initialize_mole__)     : initalize -> SiOH CaOH HCO3 H2CO3 H3CO3
03/08 18:14 [INFO] cshmd.analysis (__init__)                 : Does not setted 'config'
03/08 18:14 [DEBUG] cshmd.analysis (find_bond)               : find_bond O - H 
03/08 18:14 [DEBUG] cshmd.common (time_wrapper)              : [RUNTIME] get_distance_table in 0.263 seconds
03/08 18:14 [DEBUG] cshmd.analysis (get_mole)                : get_mole O - H -> nbonds: 2
03/08 18:14 [DEBUG] cshmd.analysis (find_bond)               : find_bond Si - O 
03/08 18:14 [DEBUG] cshmd.common (time_wrapper)              : [RUNTIME] get_distance_table in 0.134 seconds
03/08 18:14 [DEBUG] cshmd.analysis (get_mole)                : get_mole Si - O -> nbonds: 4
03/08 18:14 [DEBUG] cshmd.analysis (get_mole)                : get_mole O - H -> nbonds: 1
03/08 18:14 [DEBUG] cshmd.analysis (find_bond)               : find_bond C - O 
03/08 18:14 [DEBUG] cshmd.analysis (get_mole)                : get_mole C - O -> nbonds: 3
03/08 18:14 [DEBUG] cshmd.analysis (get_mole)                : get_mole O - H -> nbonds: 3
03/08 18:14 [DEBUG] cshmd.analysis (find_bond)               : find_bond Ca - O 
03/08 18:14 [DEBUG] cshmd.common (time_wrapper)              : [RUNTIME] get_distance_table in 0.102 seconds
03/08 18:14 [DEBUG] cshmd.analysis (find_bond)               : find_bond Si - O 
03/08 18:14 [INFO] cshmd.analysis (__detail_search_oh_co3)   : No CO3 in basic search
03/08 18:14 [DEBUG] cshmd.analysis (__detail_search_oh_sioh) : Searching 'OH' in 'SiO4
03/08 18:14 [INFO] cshmd.analysis (__detail_search_oh_caoh)  : No CaOH in basic search
03/08 18:14 [INFO] cshmd.analysis (Qn)                       : [StructureManager] Q2: 1.000
03/08 18:14 [INFO] cshmd.analysis (CS)                       : [StructureManager] C/S: 0.750
03/08 18:25 [INFO] /Users/kimuni/bin/csh_builder (main)      : ----------------------------------------------------------------------
03/08 18:25 [INFO] cshmd.structure (__init__)                : /Users/kimuni/bin/kimuni/cshmd/data/resources/cif/T14_111_base.cif was loaded
03/08 18:25 [INFO] /Users/kimuni/bin/csh_builder (main)      : ----------------------------------------------------------------------
03/08 18:25 [INFO] cshmd.structure (__init__)                : /Users/kimuni/bin/kimuni/cshmd/data/resources/cif/T14_111_base.cif was loaded
03/08 18:25 [DEBUG] cshmd.analysis (__init__)                : [StructureManager] Now new data setted for get Bonds
03/08 18:25 [DEBUG] cshmd.analysis (__del_bond__)            : del -> Si_O O_H H_O Ca_O C_O BO
03/08 18:25 [DEBUG] cshmd.analysis (__initialize_mole__)     : initalize -> H2O SiO4 OH CO3 H3O
03/08 18:25 [DEBUG] cshmd.analysis (__initialize_mole__)     : initalize -> SiOH CaOH HCO3 H2CO3 H3CO3
03/08 18:25 [DEBUG] cshmd.analysis (find_bond)               : find_bond O - H 
03/08 18:25 [DEBUG] cshmd.common (time_wrapper)              : [RUNTIME] get_distance_table in 0.000 seconds
03/08 18:25 [DEBUG] cshmd.analysis (get_mole)                : get_mole O - H -> nbonds: 2
03/08 18:25 [DEBUG] cshmd.analysis (find_bond)               : find_bond Si - O 
03/08 18:25 [DEBUG] cshmd.common (time_wrapper)              : [RUNTIME] get_distance_table in 0.000 seconds
03/08 18:25 [DEBUG] cshmd.analysis (get_mole)                : get_mole Si - O -> nbonds: 4
03/08 18:25 [DEBUG] cshmd.analysis (get_mole)                : get_mole O - H -> nbonds: 1
03/08 18:25 [DEBUG] cshmd.analysis (find_bond)               : find_bond C - O 
03/08 18:25 [DEBUG] cshmd.analysis (get_mole)                : get_mole C - O -> nbonds: 3
03/08 18:25 [DEBUG] cshmd.analysis (get_mole)                : get_mole O - H -> nbonds: 3
03/08 18:25 [DEBUG] cshmd.analysis (find_bond)               : find_bond Ca - O 
03/08 18:25 [DEBUG] cshmd.common (time_wrapper)              : [RUNTIME] get_distance_table in 0.000 seconds
03/08 18:25 [DEBUG] cshmd.analysis (find_bond)               : find_bond Si - O 
03/08 18:25 [INFO] cshmd.analysis (__detail_search_oh_co3)   : No CO3 in basic search
03/08 18:25 [DEBUG] cshmd.analysis (__detail_search_oh_sioh) : Searching 'OH' in 'SiO4
03/08 18:25 [INFO] cshmd.analysis (__detail_search_oh_caoh)  : No CaOH in basic search
03/08 18:25 [INFO] cshmd.analysis (Qn)                       : [StructureManager] Q2: 1.000
03/08 18:25 [INFO] cshmd.analysis (CS)                       : [StructureManager] C/S: 0.750
03/08 18:25 [INFO] cshmd.analysis (validate_tetra)           : [StructureManager] BT: 4, PT: 8
03/08 18:25 [INFO] cshmd.analysis (MCL)                      : [StructureManager] MCL: inf
03/08 18:25 [INFO] /Users/kimuni/bin/csh_builder (main)      : [StructureManager] Reading command 'supercell'...
03/08 18:25 [INFO] /Users/kimuni/bin/csh_builder (main)      : [StructureManager] with arguments 'supercell: [6, 6, 1]'...
03/08 18:25 [INFO] cshmd.structure (makeSupercell)           : [StructureManager] Supercell created 6 * 6 * 1
03/08 18:25 [DEBUG] cshmd.analysis (__init__)                : [StructureManager] Now new data setted for get Bonds
03/08 18:25 [DEBUG] cshmd.analysis (__del_bond__)            : del -> Si_O O_H H_O Ca_O C_O BO
03/08 18:25 [DEBUG] cshmd.analysis (__initialize_mole__)     : initalize -> H2O SiO4 OH CO3 H3O
03/08 18:25 [DEBUG] cshmd.analysis (__initialize_mole__)     : initalize -> SiOH CaOH HCO3 H2CO3 H3CO3
03/08 18:25 [DEBUG] cshmd.analysis (find_bond)               : find_bond O - H 
03/08 18:25 [DEBUG] cshmd.common (time_wrapper)              : [RUNTIME] get_distance_table in 0.292 seconds
03/08 18:25 [DEBUG] cshmd.analysis (get_mole)                : get_mole O - H -> nbonds: 2
03/08 18:25 [DEBUG] cshmd.analysis (find_bond)               : find_bond Si - O 
03/08 18:25 [DEBUG] cshmd.common (time_wrapper)              : [RUNTIME] get_distance_table in 0.144 seconds
03/08 18:25 [DEBUG] cshmd.analysis (get_mole)                : get_mole Si - O -> nbonds: 4
03/08 18:25 [DEBUG] cshmd.analysis (get_mole)                : get_mole O - H -> nbonds: 1
03/08 18:25 [DEBUG] cshmd.analysis (find_bond)               : find_bond C - O 
03/08 18:25 [DEBUG] cshmd.analysis (get_mole)                : get_mole C - O -> nbonds: 3
03/08 18:25 [DEBUG] cshmd.analysis (get_mole)                : get_mole O - H -> nbonds: 3
03/08 18:25 [DEBUG] cshmd.analysis (find_bond)               : find_bond Ca - O 
03/08 18:25 [DEBUG] cshmd.common (time_wrapper)              : [RUNTIME] get_distance_table in 0.126 seconds
03/08 18:25 [DEBUG] cshmd.analysis (find_bond)               : find_bond Si - O 
03/08 18:25 [INFO] cshmd.analysis (__detail_search_oh_co3)   : No CO3 in basic search
03/08 18:25 [DEBUG] cshmd.analysis (__detail_search_oh_sioh) : Searching 'OH' in 'SiO4
03/08 18:25 [INFO] cshmd.analysis (__detail_search_oh_caoh)  : No CaOH in basic search
03/08 18:25 [INFO] cshmd.analysis (Qn)                       : [StructureManager] Q2: 1.000
03/08 18:25 [INFO] cshmd.analysis (CS)                       : [StructureManager] C/S: 0.750
03/08 18:25 [INFO] cshmd.analysis (validate_tetra)           : [StructureManager] BT: 144, PT: 288
03/08 18:25 [INFO] cshmd.analysis (MCL)                      : [StructureManager] MCL: inf
03/08 18:25 [INFO] cshmd.builder (update_manager)            : [StructureManager] Number of atoms: 90 -> 3240
03/08 18:25 [INFO] /Users/kimuni/bin/csh_builder (main)      : [StructureManager] Reading command 'add_ca_BT'...
03/08 18:25 [INFO] /Users/kimuni/bin/csh_builder (main)      : [StructureManager] with arguments 'auto: False'...
03/08 18:25 [INFO] cshmd.builder (add_ca_BT)                 : [StructureManager] 'Add Ca above all Bridging Tetra'
03/08 18:25 [DEBUG] cshmd.analysis (__init__)                : [StructureManager] Now new data setted for get Bonds
03/08 18:25 [DEBUG] cshmd.analysis (__del_bond__)            : del -> Si_O O_H H_O Ca_O C_O BO
03/08 18:25 [DEBUG] cshmd.analysis (__initialize_mole__)     : initalize -> H2O SiO4 OH CO3 H3O
03/08 18:25 [DEBUG] cshmd.analysis (__initialize_mole__)     : initalize -> SiOH CaOH HCO3 H2CO3 H3CO3
03/08 18:25 [DEBUG] cshmd.analysis (find_bond)               : find_bond O - H 
03/08 18:25 [DEBUG] cshmd.common (time_wrapper)              : [RUNTIME] get_distance_table in 0.275 seconds
03/08 18:25 [DEBUG] cshmd.analysis (get_mole)                : get_mole O - H -> nbonds: 2
03/08 18:25 [DEBUG] cshmd.analysis (find_bond)               : find_bond Si - O 
03/08 18:25 [DEBUG] cshmd.common (time_wrapper)              : [RUNTIME] get_distance_table in 0.151 seconds
03/08 18:25 [DEBUG] cshmd.analysis (get_mole)                : get_mole Si - O -> nbonds: 4
03/08 18:25 [DEBUG] cshmd.analysis (get_mole)                : get_mole O - H -> nbonds: 1
03/08 18:25 [DEBUG] cshmd.analysis (find_bond)               : find_bond C - O 
03/08 18:25 [DEBUG] cshmd.analysis (get_mole)                : get_mole C - O -> nbonds: 3
03/08 18:25 [DEBUG] cshmd.analysis (get_mole)                : get_mole O - H -> nbonds: 3
03/08 18:25 [DEBUG] cshmd.analysis (find_bond)               : find_bond Ca - O 
03/08 18:25 [DEBUG] cshmd.common (time_wrapper)              : [RUNTIME] get_distance_table in 0.115 seconds
03/08 18:25 [DEBUG] cshmd.analysis (find_bond)               : find_bond Si - O 
03/08 18:25 [INFO] cshmd.analysis (__detail_search_oh_co3)   : No CO3 in basic search
03/08 18:25 [DEBUG] cshmd.analysis (__detail_search_oh_sioh) : Searching 'OH' in 'SiO4
03/08 18:25 [INFO] cshmd.analysis (__detail_search_oh_caoh)  : No CaOH in basic search
03/08 18:25 [INFO] cshmd.analysis (Qn)                       : [StructureManager] Q2: 1.000
03/08 18:25 [INFO] cshmd.analysis (CS)                       : [StructureManager] C/S: 0.750
03/08 18:25 [INFO] cshmd.analysis (validate_tetra)           : [StructureManager] BT: 144, PT: 288
03/08 18:25 [INFO] cshmd.analysis (MCL)                      : [StructureManager] MCL: inf
03/08 18:25 [INFO] cshmd.builder (update_manager)            : [StructureManager] Number of atoms: 3240 -> 3312
03/08 18:25 [INFO] /Users/kimuni/bin/csh_builder (main)      : [StructureManager] Reading command 'dprot_BT'...
03/08 18:25 [INFO] /Users/kimuni/bin/csh_builder (main)      : [StructureManager] with arguments 'scope: all site: all'...
03/08 18:25 [INFO] cshmd.structure (check_rm_list)           : [StructureManager] Delete 144 atoms
03/08 18:25 [DEBUG] cshmd.analysis (__init__)                : [StructureManager] Now new data setted for get Bonds
03/08 18:25 [DEBUG] cshmd.analysis (__del_bond__)            : del -> Si_O O_H H_O Ca_O C_O BO
03/08 18:25 [DEBUG] cshmd.analysis (__initialize_mole__)     : initalize -> H2O SiO4 OH CO3 H3O
03/08 18:25 [DEBUG] cshmd.analysis (__initialize_mole__)     : initalize -> SiOH CaOH HCO3 H2CO3 H3CO3
03/08 18:25 [DEBUG] cshmd.analysis (find_bond)               : find_bond O - H 
03/08 18:25 [DEBUG] cshmd.common (time_wrapper)              : [RUNTIME] get_distance_table in 0.218 seconds
03/08 18:25 [DEBUG] cshmd.analysis (get_mole)                : get_mole O - H -> nbonds: 2
03/08 18:25 [DEBUG] cshmd.analysis (find_bond)               : find_bond Si - O 
03/08 18:25 [DEBUG] cshmd.common (time_wrapper)              : [RUNTIME] get_distance_table in 0.154 seconds
03/08 18:25 [DEBUG] cshmd.analysis (get_mole)                : get_mole Si - O -> nbonds: 4
03/08 18:25 [DEBUG] cshmd.analysis (get_mole)                : get_mole O - H -> nbonds: 1
03/08 18:25 [DEBUG] cshmd.analysis (find_bond)               : find_bond C - O 
03/08 18:25 [DEBUG] cshmd.analysis (get_mole)                : get_mole C - O -> nbonds: 3
03/08 18:25 [DEBUG] cshmd.analysis (get_mole)                : get_mole O - H -> nbonds: 3
03/08 18:25 [DEBUG] cshmd.analysis (find_bond)               : find_bond Ca - O 
03/08 18:25 [DEBUG] cshmd.common (time_wrapper)              : [RUNTIME] get_distance_table in 0.118 seconds
03/08 18:25 [DEBUG] cshmd.analysis (find_bond)               : find_bond Si - O 
03/08 18:25 [INFO] cshmd.analysis (__detail_search_oh_co3)   : No CO3 in basic search
03/08 18:25 [DEBUG] cshmd.analysis (__detail_search_oh_sioh) : Searching 'OH' in 'SiO4
03/08 18:25 [INFO] cshmd.analysis (__detail_search_oh_caoh)  : No CaOH in basic search
03/08 18:25 [INFO] cshmd.analysis (Qn)                       : [StructureManager] Q2: 1.000
03/08 18:25 [INFO] cshmd.analysis (CS)                       : [StructureManager] C/S: 0.750
03/08 18:25 [INFO] cshmd.analysis (validate_tetra)           : [StructureManager] BT: 144, PT: 288
03/08 18:25 [INFO] cshmd.analysis (MCL)                      : [StructureManager] MCL: inf
03/08 18:25 [INFO] cshmd.builder (update_manager)            : [StructureManager] Number of atoms: 3312 -> 3168
03/08 18:25 [INFO] cshmd.structure (writeCif)                : LiH0.cif was created
03/08 18:25 [INFO] cshmd.builder (out_model)                 : Total Charge: 0
03/08 18:25 [INFO] /Users/kimuni/bin/csh_builder (main)      : ----------------------------------------------------------------------
03/08 18:46 [INFO] /Users/kimuni/bin/csh_builder (main)      : ----------------------------------------------------------------------
03/08 18:46 [INFO] cshmd.structure (__init__)                : C-S-H Model setted
03/08 18:46 [INFO] cshmd.structure (__init__)                : /Users/kimuni/bin/kimuni/cshmd/data/resources/cif/T14_111_base.cif was loaded
03/08 18:46 [DEBUG] cshmd.analysis (__init__)                : [StructureManager] Now new data setted for get Bonds
03/08 18:46 [DEBUG] cshmd.analysis (__del_bond__)            : del -> Si_O O_H H_O Ca_O C_O BO
03/08 18:46 [DEBUG] cshmd.analysis (__initialize_mole__)     : initalize -> H2O SiO4 OH CO3 H3O
03/08 18:46 [DEBUG] cshmd.analysis (__initialize_mole__)     : initalize -> SiOH CaOH HCO3 H2CO3 H3CO3
03/08 18:46 [DEBUG] cshmd.analysis (find_bond)               : find_bond O - H 
03/08 18:46 [DEBUG] cshmd.common (time_wrapper)              : [RUNTIME] get_distance_table in 0.000 seconds
03/08 18:46 [DEBUG] cshmd.analysis (get_mole)                : get_mole O - H -> nbonds: 2
03/08 18:46 [DEBUG] cshmd.analysis (find_bond)               : find_bond Si - O 
03/08 18:46 [DEBUG] cshmd.common (time_wrapper)              : [RUNTIME] get_distance_table in 0.000 seconds
03/08 18:46 [DEBUG] cshmd.analysis (get_mole)                : get_mole Si - O -> nbonds: 4
03/08 18:46 [DEBUG] cshmd.analysis (get_mole)                : get_mole O - H -> nbonds: 1
03/08 18:46 [DEBUG] cshmd.analysis (find_bond)               : find_bond C - O 
03/08 18:46 [DEBUG] cshmd.analysis (get_mole)                : get_mole C - O -> nbonds: 3
03/08 18:46 [DEBUG] cshmd.analysis (get_mole)                : get_mole O - H -> nbonds: 3
03/08 18:46 [DEBUG] cshmd.analysis (find_bond)               : find_bond Ca - O 
03/08 18:46 [DEBUG] cshmd.common (time_wrapper)              : [RUNTIME] get_distance_table in 0.000 seconds
03/08 18:46 [DEBUG] cshmd.analysis (find_bond)               : find_bond Si - O 
03/08 18:46 [INFO] cshmd.analysis (__detail_search_oh_co3)   : No CO3 in basic search
03/08 18:46 [DEBUG] cshmd.analysis (__detail_search_oh_sioh) : Searching 'OH' in 'SiO4
03/08 18:46 [INFO] cshmd.analysis (__detail_search_oh_caoh)  : No CaOH in basic search
03/08 18:46 [INFO] cshmd.analysis (Qn)                       : [StructureManager] Q2: 1.000
03/08 18:46 [INFO] cshmd.analysis (CS)                       : [StructureManager] C/S: 0.750
03/08 18:46 [INFO] cshmd.analysis (validate_tetra)           : [StructureManager] BT: 4, PT: 8
03/08 18:46 [INFO] cshmd.analysis (MCL)                      : [StructureManager] MCL: inf
03/08 18:46 [INFO] /Users/kimuni/bin/csh_builder (main)      : [StructureManager] Reading command 'supercell'...
03/08 18:46 [INFO] /Users/kimuni/bin/csh_builder (main)      : [StructureManager] with arguments 'supercell: [6, 6, 1]'...
03/08 18:46 [INFO] cshmd.structure (makeSupercell)           : [StructureManager] Supercell created 6 * 6 * 1
03/08 18:46 [DEBUG] cshmd.analysis (__init__)                : [StructureManager] Now new data setted for get Bonds
03/08 18:46 [DEBUG] cshmd.analysis (__del_bond__)            : del -> Si_O O_H H_O Ca_O C_O BO
03/08 18:46 [DEBUG] cshmd.analysis (__initialize_mole__)     : initalize -> H2O SiO4 OH CO3 H3O
03/08 18:46 [DEBUG] cshmd.analysis (__initialize_mole__)     : initalize -> SiOH CaOH HCO3 H2CO3 H3CO3
03/08 18:46 [DEBUG] cshmd.analysis (find_bond)               : find_bond O - H 
03/08 18:46 [DEBUG] cshmd.common (time_wrapper)              : [RUNTIME] get_distance_table in 0.309 seconds
03/08 18:46 [DEBUG] cshmd.analysis (get_mole)                : get_mole O - H -> nbonds: 2
03/08 18:46 [DEBUG] cshmd.analysis (find_bond)               : find_bond Si - O 
03/08 18:46 [DEBUG] cshmd.common (time_wrapper)              : [RUNTIME] get_distance_table in 0.162 seconds
03/08 18:46 [DEBUG] cshmd.analysis (get_mole)                : get_mole Si - O -> nbonds: 4
03/08 18:46 [DEBUG] cshmd.analysis (get_mole)                : get_mole O - H -> nbonds: 1
03/08 18:46 [DEBUG] cshmd.analysis (find_bond)               : find_bond C - O 
03/08 18:46 [DEBUG] cshmd.analysis (get_mole)                : get_mole C - O -> nbonds: 3
03/08 18:46 [DEBUG] cshmd.analysis (get_mole)                : get_mole O - H -> nbonds: 3
03/08 18:46 [DEBUG] cshmd.analysis (find_bond)               : find_bond Ca - O 
03/08 18:46 [DEBUG] cshmd.common (time_wrapper)              : [RUNTIME] get_distance_table in 0.114 seconds
03/08 18:46 [DEBUG] cshmd.analysis (find_bond)               : find_bond Si - O 
03/08 18:46 [INFO] cshmd.analysis (__detail_search_oh_co3)   : No CO3 in basic search
03/08 18:46 [DEBUG] cshmd.analysis (__detail_search_oh_sioh) : Searching 'OH' in 'SiO4
03/08 18:46 [INFO] cshmd.analysis (__detail_search_oh_caoh)  : No CaOH in basic search
03/08 18:46 [INFO] cshmd.analysis (Qn)                       : [StructureManager] Q2: 1.000
03/08 18:46 [INFO] cshmd.analysis (CS)                       : [StructureManager] C/S: 0.750
03/08 18:46 [INFO] cshmd.analysis (validate_tetra)           : [StructureManager] BT: 144, PT: 288
03/08 18:46 [INFO] cshmd.analysis (MCL)                      : [StructureManager] MCL: inf
03/08 18:46 [INFO] cshmd.builder (update_manager)            : [StructureManager] Number of atoms: 90 -> 3240
03/08 18:46 [INFO] /Users/kimuni/bin/csh_builder (main)      : [StructureManager] Reading command 'add_ca_BT'...
03/08 18:46 [INFO] /Users/kimuni/bin/csh_builder (main)      : [StructureManager] with arguments 'auto: False'...
03/08 18:46 [INFO] cshmd.builder (add_ca_BT)                 : [StructureManager] 'Add Ca above all Bridging Tetra'
03/08 18:46 [DEBUG] cshmd.analysis (__init__)                : [StructureManager] Now new data setted for get Bonds
03/08 18:46 [DEBUG] cshmd.analysis (__del_bond__)            : del -> Si_O O_H H_O Ca_O C_O BO
03/08 18:46 [DEBUG] cshmd.analysis (__initialize_mole__)     : initalize -> H2O SiO4 OH CO3 H3O
03/08 18:46 [DEBUG] cshmd.analysis (__initialize_mole__)     : initalize -> SiOH CaOH HCO3 H2CO3 H3CO3
03/08 18:46 [DEBUG] cshmd.analysis (find_bond)               : find_bond O - H 
03/08 18:46 [DEBUG] cshmd.common (time_wrapper)              : [RUNTIME] get_distance_table in 0.285 seconds
03/08 18:46 [DEBUG] cshmd.analysis (get_mole)                : get_mole O - H -> nbonds: 2
03/08 18:46 [DEBUG] cshmd.analysis (find_bond)               : find_bond Si - O 
03/08 18:46 [DEBUG] cshmd.common (time_wrapper)              : [RUNTIME] get_distance_table in 0.149 seconds
03/08 18:46 [DEBUG] cshmd.analysis (get_mole)                : get_mole Si - O -> nbonds: 4
03/08 18:46 [DEBUG] cshmd.analysis (get_mole)                : get_mole O - H -> nbonds: 1
03/08 18:46 [DEBUG] cshmd.analysis (find_bond)               : find_bond C - O 
03/08 18:46 [DEBUG] cshmd.analysis (get_mole)                : get_mole C - O -> nbonds: 3
03/08 18:46 [DEBUG] cshmd.analysis (get_mole)                : get_mole O - H -> nbonds: 3
03/08 18:46 [DEBUG] cshmd.analysis (find_bond)               : find_bond Ca - O 
03/08 18:46 [DEBUG] cshmd.common (time_wrapper)              : [RUNTIME] get_distance_table in 0.131 seconds
03/08 18:46 [DEBUG] cshmd.analysis (find_bond)               : find_bond Si - O 
03/08 18:46 [INFO] cshmd.analysis (__detail_search_oh_co3)   : No CO3 in basic search
03/08 18:46 [DEBUG] cshmd.analysis (__detail_search_oh_sioh) : Searching 'OH' in 'SiO4
03/08 18:46 [INFO] cshmd.analysis (__detail_search_oh_caoh)  : No CaOH in basic search
03/08 18:46 [INFO] cshmd.analysis (Qn)                       : [StructureManager] Q2: 1.000
03/08 18:46 [INFO] cshmd.analysis (CS)                       : [StructureManager] C/S: 0.750
03/08 18:46 [INFO] cshmd.analysis (validate_tetra)           : [StructureManager] BT: 144, PT: 288
03/08 18:46 [INFO] cshmd.analysis (MCL)                      : [StructureManager] MCL: inf
03/08 18:46 [INFO] cshmd.builder (update_manager)            : [StructureManager] Number of atoms: 3240 -> 3312
03/08 18:46 [INFO] cshmd.structure (writeCif)                : LiH2.cif was created
03/08 18:46 [INFO] cshmd.builder (out_model)                 : Total Charge: 144
03/08 18:46 [INFO] /Users/kimuni/bin/csh_builder (main)      : ----------------------------------------------------------------------
03/10 18:36 [INFO] /Users/kimuni/bin/csh_builder (main)      : ----------------------------------------------------------------------
03/10 18:36 [INFO] cshmd.structure (__init__)                : C-S-H Model setted
03/10 18:36 [INFO] cshmd.structure (__init__)                : /Users/kimuni/bin/kimuni/cshmd/data/resources/cif/T14_111_base.cif was loaded
03/10 18:36 [DEBUG] cshmd.analysis (__init__)                : [StructureManager] Now new data setted for get Bonds
03/10 18:36 [DEBUG] cshmd.analysis (__del_bond__)            : del -> Si_O O_H H_O Ca_O C_O BO
03/10 18:36 [DEBUG] cshmd.analysis (__initialize_mole__)     : initalize -> H2O SiO4 OH CO3 H3O
03/10 18:36 [DEBUG] cshmd.analysis (__initialize_mole__)     : initalize -> SiOH CaOH HCO3 H2CO3 H3CO3
03/10 18:36 [DEBUG] cshmd.analysis (find_bond)               : find_bond O - H 
03/10 18:36 [DEBUG] cshmd.common (time_wrapper)              : [RUNTIME] get_distance_table in 0.000 seconds
03/10 18:36 [DEBUG] cshmd.analysis (get_mole)                : get_mole O - H -> nbonds: 2
03/10 18:36 [DEBUG] cshmd.analysis (find_bond)               : find_bond Si - O 
03/10 18:36 [DEBUG] cshmd.common (time_wrapper)              : [RUNTIME] get_distance_table in 0.000 seconds
03/10 18:36 [DEBUG] cshmd.analysis (get_mole)                : get_mole Si - O -> nbonds: 4
03/10 18:36 [DEBUG] cshmd.analysis (get_mole)                : get_mole O - H -> nbonds: 1
03/10 18:36 [DEBUG] cshmd.analysis (find_bond)               : find_bond C - O 
03/10 18:36 [DEBUG] cshmd.analysis (get_mole)                : get_mole C - O -> nbonds: 3
03/10 18:36 [DEBUG] cshmd.analysis (get_mole)                : get_mole O - H -> nbonds: 3
03/10 18:36 [DEBUG] cshmd.analysis (find_bond)               : find_bond Ca - O 
03/10 18:36 [DEBUG] cshmd.common (time_wrapper)              : [RUNTIME] get_distance_table in 0.000 seconds
03/10 18:36 [INFO] cshmd.analysis (full_search)              : Search layer details
03/10 18:36 [DEBUG] cshmd.analysis (find_bond)               : find_bond Ca - O 
03/10 18:36 [DEBUG] cshmd.analysis (find_bond)               : find_bond Si - O 
03/10 18:36 [INFO] cshmd.analysis (__detail_search_oh_co3)   : No CO3 in basic search
03/10 18:36 [DEBUG] cshmd.analysis (__detail_search_oh_sioh) : Searching 'OH' in 'SiO4
03/10 18:36 [INFO] cshmd.analysis (__detail_search_oh_caoh)  : No CaOH in basic search
03/10 18:36 [INFO] cshmd.analysis (Qn)                       : [StructureManager] Q2: 1.000
03/10 18:36 [INFO] cshmd.analysis (CS)                       : [StructureManager] C/S: 0.750
03/10 18:36 [INFO] cshmd.analysis (validate_tetra)           : [StructureManager] BT: 4, PT: 8
03/10 18:36 [INFO] cshmd.analysis (MCL)                      : [StructureManager] MCL: inf
03/10 18:36 [INFO] /Users/kimuni/bin/csh_builder (main)      : [StructureManager] Reading command 'supercell'...
03/10 18:36 [INFO] /Users/kimuni/bin/csh_builder (main)      : [StructureManager] with arguments 'supercell: [6, 6, 1]'...
03/10 18:36 [INFO] cshmd.structure (makeSupercell)           : [StructureManager] Supercell created 6 * 6 * 1
03/10 18:36 [DEBUG] cshmd.analysis (__init__)                : [StructureManager] Now new data setted for get Bonds
03/10 18:36 [DEBUG] cshmd.analysis (__del_bond__)            : del -> Si_O O_H H_O Ca_O C_O BO
03/10 18:36 [DEBUG] cshmd.analysis (__initialize_mole__)     : initalize -> H2O SiO4 OH CO3 H3O
03/10 18:36 [DEBUG] cshmd.analysis (__initialize_mole__)     : initalize -> SiOH CaOH HCO3 H2CO3 H3CO3
03/10 18:36 [DEBUG] cshmd.analysis (find_bond)               : find_bond O - H 
03/10 18:36 [DEBUG] cshmd.common (time_wrapper)              : [RUNTIME] get_distance_table in 0.325 seconds
03/10 18:36 [DEBUG] cshmd.analysis (get_mole)                : get_mole O - H -> nbonds: 2
03/10 18:36 [DEBUG] cshmd.analysis (find_bond)               : find_bond Si - O 
03/10 18:36 [DEBUG] cshmd.common (time_wrapper)              : [RUNTIME] get_distance_table in 0.154 seconds
03/10 18:36 [DEBUG] cshmd.analysis (get_mole)                : get_mole Si - O -> nbonds: 4
03/10 18:36 [DEBUG] cshmd.analysis (get_mole)                : get_mole O - H -> nbonds: 1
03/10 18:36 [DEBUG] cshmd.analysis (find_bond)               : find_bond C - O 
03/10 18:36 [DEBUG] cshmd.analysis (get_mole)                : get_mole C - O -> nbonds: 3
03/10 18:36 [DEBUG] cshmd.analysis (get_mole)                : get_mole O - H -> nbonds: 3
03/10 18:36 [DEBUG] cshmd.analysis (find_bond)               : find_bond Ca - O 
03/10 18:36 [DEBUG] cshmd.common (time_wrapper)              : [RUNTIME] get_distance_table in 0.109 seconds
03/10 18:36 [INFO] cshmd.analysis (full_search)              : Search layer details
03/10 18:36 [DEBUG] cshmd.analysis (find_bond)               : find_bond Ca - O 
03/10 18:36 [DEBUG] cshmd.analysis (find_bond)               : find_bond Si - O 
03/10 18:36 [INFO] cshmd.analysis (__detail_search_oh_co3)   : No CO3 in basic search
03/10 18:36 [DEBUG] cshmd.analysis (__detail_search_oh_sioh) : Searching 'OH' in 'SiO4
03/10 18:36 [INFO] cshmd.analysis (__detail_search_oh_caoh)  : No CaOH in basic search
03/10 18:36 [INFO] cshmd.analysis (Qn)                       : [StructureManager] Q2: 1.000
03/10 18:36 [INFO] cshmd.analysis (CS)                       : [StructureManager] C/S: 0.750
03/10 18:36 [INFO] cshmd.analysis (validate_tetra)           : [StructureManager] BT: 144, PT: 288
03/10 18:36 [INFO] cshmd.analysis (MCL)                      : [StructureManager] MCL: inf
03/10 18:36 [INFO] cshmd.builder (update_manager)            : [StructureManager] Number of atoms: 90 -> 3240
03/10 18:36 [INFO] /Users/kimuni/bin/csh_builder (main)      : [StructureManager] Reading command 'defect_BT'...
03/10 18:36 [INFO] /Users/kimuni/bin/csh_builder (main)      : [StructureManager] with arguments 'scope: all termination: False add_Ca: True seed: 109 keep_OH: False'...
03/10 18:36 [INFO] cshmd.builder (defect_BT)                 : [StructureManager] Termination scope: False
03/10 18:36 [INFO] cshmd.builder (defect_BT)                 : [StructureManager] Exists 36 Bridging Tetra in 'top' side
03/10 18:36 [INFO] cshmd.builder (defect_BT)                 : [StructureManager] Exists 36 Bridging Tetra in 'bottom' side
03/10 18:36 [INFO] cshmd.structure (check_rm_list)           : [StructureManager] Delete 360 atoms
03/10 18:36 [DEBUG] cshmd.analysis (__init__)                : [StructureManager] Now new data setted for get Bonds
03/10 18:36 [DEBUG] cshmd.analysis (__del_bond__)            : del -> Si_O O_H H_O Ca_O C_O BO
03/10 18:36 [DEBUG] cshmd.analysis (__initialize_mole__)     : initalize -> H2O SiO4 OH CO3 H3O
03/10 18:36 [DEBUG] cshmd.analysis (__initialize_mole__)     : initalize -> SiOH CaOH HCO3 H2CO3 H3CO3
03/10 18:36 [DEBUG] cshmd.analysis (find_bond)               : find_bond O - H 
03/10 18:36 [DEBUG] cshmd.common (time_wrapper)              : [RUNTIME] get_distance_table in 0.222 seconds
03/10 18:36 [DEBUG] cshmd.analysis (get_mole)                : get_mole O - H -> nbonds: 2
03/10 18:36 [DEBUG] cshmd.analysis (find_bond)               : find_bond Si - O 
03/10 18:36 [DEBUG] cshmd.common (time_wrapper)              : [RUNTIME] get_distance_table in 0.122 seconds
03/10 18:36 [DEBUG] cshmd.analysis (get_mole)                : get_mole Si - O -> nbonds: 4
03/10 18:36 [DEBUG] cshmd.analysis (get_mole)                : get_mole O - H -> nbonds: 1
03/10 18:36 [DEBUG] cshmd.analysis (find_bond)               : find_bond C - O 
03/10 18:36 [DEBUG] cshmd.analysis (get_mole)                : get_mole C - O -> nbonds: 3
03/10 18:36 [DEBUG] cshmd.analysis (get_mole)                : get_mole O - H -> nbonds: 3
03/10 18:36 [DEBUG] cshmd.analysis (find_bond)               : find_bond Ca - O 
03/10 18:36 [DEBUG] cshmd.common (time_wrapper)              : [RUNTIME] get_distance_table in 0.130 seconds
03/10 18:36 [INFO] cshmd.analysis (full_search)              : Search layer details
03/10 18:36 [DEBUG] cshmd.analysis (find_bond)               : find_bond Ca - O 
03/10 18:36 [DEBUG] cshmd.analysis (find_bond)               : find_bond Si - O 
03/10 18:36 [INFO] cshmd.analysis (__detail_search_oh_co3)   : No CO3 in basic search
03/10 18:36 [DEBUG] cshmd.analysis (__detail_search_oh_sioh) : Searching 'OH' in 'SiO4
03/10 18:36 [INFO] cshmd.analysis (__detail_search_oh_caoh)  : No CaOH in basic search
03/10 18:36 [INFO] cshmd.analysis (Qn)                       : [StructureManager] Q1: 0.400
03/10 18:36 [INFO] cshmd.analysis (Qn)                       : [StructureManager] Q2: 0.600
03/10 18:36 [INFO] cshmd.analysis (CS)                       : [StructureManager] C/S: 0.900
03/10 18:36 [INFO] cshmd.analysis (validate_tetra)           : [StructureManager] BT: 72, PT: 288
03/10 18:36 [INFO] cshmd.analysis (MCL)                      : [StructureManager] MCL: 2.000
03/10 18:36 [INFO] cshmd.builder (update_manager)            : [StructureManager] Number of atoms: 3240 -> 2952
03/10 18:36 [INFO] cshmd.structure (writeCif)                : L2H0.cif was created
03/10 18:36 [INFO] cshmd.builder (out_model)                 : Total Charge: 0
03/10 18:36 [INFO] /Users/kimuni/bin/csh_builder (main)      : ----------------------------------------------------------------------
03/11 14:41 [INFO] cif_modifier (<module>)                   : Logger loaded
03/11 14:41 [INFO] cshmd.structure (__init__)                : L2H0.cif was loaded
03/11 14:41 [DEBUG] cshmd.analysis (__init__)                : [StructureManager] Now new data setted for get Bonds
03/11 14:41 [DEBUG] cshmd.analysis (__del_bond__)            : del -> Si_O O_H H_O Ca_O C_O BO
03/11 14:41 [DEBUG] cshmd.analysis (__initialize_mole__)     : initalize -> H2O SiO4 OH CO3 H3O
03/11 14:41 [DEBUG] cshmd.analysis (__initialize_mole__)     : initalize -> SiOH CaOH HCO3 H2CO3 H3CO3
03/11 14:41 [DEBUG] cshmd.analysis (find_bond)               : find_bond O - H 
03/11 14:41 [DEBUG] cshmd.common (time_wrapper)              : [RUNTIME] get_distance_table in 0.204 seconds
03/11 14:41 [DEBUG] cshmd.analysis (get_mole)                : get_mole O - H -> nbonds: 2
03/11 14:41 [DEBUG] cshmd.analysis (find_bond)               : find_bond Si - O 
03/11 14:41 [DEBUG] cshmd.common (time_wrapper)              : [RUNTIME] get_distance_table in 0.104 seconds
03/11 14:41 [DEBUG] cshmd.analysis (get_mole)                : get_mole Si - O -> nbonds: 4
03/11 14:41 [DEBUG] cshmd.analysis (get_mole)                : get_mole O - H -> nbonds: 1
03/11 14:41 [DEBUG] cshmd.analysis (find_bond)               : find_bond C - O 
03/11 14:41 [DEBUG] cshmd.analysis (get_mole)                : get_mole C - O -> nbonds: 3
03/11 14:41 [DEBUG] cshmd.analysis (get_mole)                : get_mole O - H -> nbonds: 3
03/11 14:41 [DEBUG] cshmd.analysis (find_bond)               : find_bond Ca - O 
03/11 14:41 [DEBUG] cshmd.common (time_wrapper)              : [RUNTIME] get_distance_table in 0.101 seconds
03/11 14:41 [INFO] cshmd.analysis (full_search)              : Search layer details
03/11 14:41 [DEBUG] cshmd.analysis (find_bond)               : find_bond Ca - O 
03/11 14:41 [DEBUG] cshmd.analysis (find_bond)               : find_bond Si - O 
03/11 14:41 [INFO] cshmd.analysis (__detail_search_oh_co3)   : No CO3 in basic search
03/11 14:41 [DEBUG] cshmd.analysis (__detail_search_oh_sioh) : Searching 'OH' in 'SiO4
03/11 14:41 [INFO] cshmd.analysis (__detail_search_oh_caoh)  : No CaOH in basic search
03/11 14:41 [INFO] cshmd.analysis (Qn)                       : [StructureManager] Q1: 0.400
03/11 14:41 [INFO] cshmd.analysis (Qn)                       : [StructureManager] Q2: 0.600
03/11 14:41 [INFO] cshmd.analysis (CS)                       : [StructureManager] C/S: 0.900
03/11 14:41 [INFO] cshmd.structure (extendLattice)           : Extend lattice 40.411 44.551 27.988 -> 40.411 44.551 29.488 
03/11 14:41 [INFO] cshmd.structure (writeCif)                : L2H0.cif was created
03/11 14:41 [INFO] cif_modifier (__init__)                   : Total charge: 0 -> 0
03/11 14:41 [INFO] cif_modifier (<module>)                   : Logger loaded
03/11 14:41 [INFO] cshmd.structure (__init__)                : L2H0.cif was loaded
03/11 14:41 [DEBUG] cshmd.analysis (__init__)                : [StructureManager] Now new data setted for get Bonds
03/11 14:41 [DEBUG] cshmd.analysis (__del_bond__)            : del -> Si_O O_H H_O Ca_O C_O BO
03/11 14:41 [DEBUG] cshmd.analysis (__initialize_mole__)     : initalize -> H2O SiO4 OH CO3 H3O
03/11 14:41 [DEBUG] cshmd.analysis (__initialize_mole__)     : initalize -> SiOH CaOH HCO3 H2CO3 H3CO3
03/11 14:41 [DEBUG] cshmd.analysis (find_bond)               : find_bond O - H 
03/11 14:41 [DEBUG] cshmd.common (time_wrapper)              : [RUNTIME] get_distance_table in 0.175 seconds
03/11 14:41 [DEBUG] cshmd.analysis (get_mole)                : get_mole O - H -> nbonds: 2
03/11 14:41 [DEBUG] cshmd.analysis (find_bond)               : find_bond Si - O 
03/11 14:41 [DEBUG] cshmd.common (time_wrapper)              : [RUNTIME] get_distance_table in 0.088 seconds
03/11 14:41 [DEBUG] cshmd.analysis (get_mole)                : get_mole Si - O -> nbonds: 4
03/11 14:41 [DEBUG] cshmd.analysis (get_mole)                : get_mole O - H -> nbonds: 1
03/11 14:41 [DEBUG] cshmd.analysis (find_bond)               : find_bond C - O 
03/11 14:41 [DEBUG] cshmd.analysis (get_mole)                : get_mole C - O -> nbonds: 3
03/11 14:41 [DEBUG] cshmd.analysis (get_mole)                : get_mole O - H -> nbonds: 3
03/11 14:41 [DEBUG] cshmd.analysis (find_bond)               : find_bond Ca - O 
03/11 14:41 [DEBUG] cshmd.common (time_wrapper)              : [RUNTIME] get_distance_table in 0.098 seconds
03/11 14:41 [INFO] cshmd.analysis (full_search)              : Search layer details
03/11 14:41 [DEBUG] cshmd.analysis (find_bond)               : find_bond Ca - O 
03/11 14:41 [DEBUG] cshmd.analysis (find_bond)               : find_bond Si - O 
03/11 14:41 [INFO] cshmd.analysis (__detail_search_oh_co3)   : No CO3 in basic search
03/11 14:41 [DEBUG] cshmd.analysis (__detail_search_oh_sioh) : Searching 'OH' in 'SiO4
03/11 14:41 [INFO] cshmd.analysis (__detail_search_oh_caoh)  : No CaOH in basic search
03/11 14:41 [INFO] cshmd.analysis (Qn)                       : [StructureManager] Q1: 0.400
03/11 14:41 [INFO] cshmd.analysis (Qn)                       : [StructureManager] Q2: 0.600
03/11 14:41 [INFO] cshmd.analysis (CS)                       : [StructureManager] C/S: 0.900
03/11 14:41 [DEBUG] cshmd.analysis (find_bond)               : find_bond O - H 
03/11 14:41 [DEBUG] cshmd.analysis (get_mole)                : get_mole O - H -> nbonds: 1
03/11 14:41 [DEBUG] cshmd.analysis (get_mole)                : get_mole O - H -> nbonds: 2
03/11 14:41 [DEBUG] cshmd.analysis (find_bond)               : find_bond C - O 
03/11 14:41 [DEBUG] cshmd.analysis (get_mole)                : get_mole C - O -> nbonds: 3
03/11 14:41 [DEBUG] cshmd.analysis (find_bond)               : find_bond Si - O 
03/11 14:41 [DEBUG] cshmd.analysis (get_mole)                : get_mole Si - O -> nbonds: 4
03/11 14:41 [INFO] cshmd.functions (cal_uniform_by_space)    : Number of molecules to add : 1320
03/11 14:41 [INFO] cshmd.functions (cal_uniform_by_space)    : Number of atoms per surface : 156
03/11 14:41 [INFO] cshmd.functions (cal_uniform_by_space)    : Number of layer : 9
03/11 14:41 [INFO] cshmd.structure (extendLattice)           : Extend lattice 40.411 44.551 29.488 -> 40.411 44.551 47.487 
03/11 14:41 [INFO] cif_modifier (exec_make_interface)        : Number of atoms: 2952 -> 6892
03/11 14:41 [INFO] cshmd.structure (labeling_by_clayff)      : Now get label according to 'Clayff' style
03/11 14:41 [DEBUG] cshmd.analysis (get_mole)                : get_mole O - H -> nbonds: 1
03/11 14:41 [DEBUG] cshmd.analysis (get_mole)                : get_mole O - H -> nbonds: 2
03/11 14:41 [DEBUG] cshmd.analysis (get_mole)                : get_mole Si - O -> nbonds: 4
03/11 14:41 [DEBUG] cshmd.analysis (get_mole)                : get_mole C - O -> nbonds: 3
03/11 14:41 [INFO] cshmd.structure (labeling_by_clayff)      : All atoms labeled by clayff
03/11 14:41 [INFO] cshmd.structure (labeling_by_clayff)      : Clayff charge: 10.500
03/11 14:41 [INFO] cshmd.structure (writeCif)                : Ca10wL2H0.cif was created
03/11 14:41 [INFO] cif_modifier (__init__)                   : Total charge: 0 -> 20
03/11 14:41 [INFO] cif_modifier (<module>)                   : Logger loaded
03/11 14:41 [INFO] cshmd.structure (__init__)                : L2H0H2.cif was loaded
03/11 14:41 [DEBUG] cshmd.analysis (__init__)                : [StructureManager] Now new data setted for get Bonds
03/11 14:41 [DEBUG] cshmd.analysis (__del_bond__)            : del -> Si_O O_H H_O Ca_O C_O BO
03/11 14:41 [DEBUG] cshmd.analysis (__initialize_mole__)     : initalize -> H2O SiO4 OH CO3 H3O
03/11 14:41 [DEBUG] cshmd.analysis (__initialize_mole__)     : initalize -> SiOH CaOH HCO3 H2CO3 H3CO3
03/11 14:41 [DEBUG] cshmd.analysis (find_bond)               : find_bond O - H 
03/11 14:41 [DEBUG] cshmd.common (time_wrapper)              : [RUNTIME] get_distance_table in 0.231 seconds
03/11 14:41 [DEBUG] cshmd.analysis (get_mole)                : get_mole O - H -> nbonds: 2
03/11 14:41 [DEBUG] cshmd.analysis (find_bond)               : find_bond Si - O 
03/11 14:41 [DEBUG] cshmd.common (time_wrapper)              : [RUNTIME] get_distance_table in 0.106 seconds
03/11 14:41 [DEBUG] cshmd.analysis (get_mole)                : get_mole Si - O -> nbonds: 4
03/11 14:41 [DEBUG] cshmd.analysis (get_mole)                : get_mole O - H -> nbonds: 1
03/11 14:41 [DEBUG] cshmd.analysis (find_bond)               : find_bond C - O 
03/11 14:41 [DEBUG] cshmd.analysis (get_mole)                : get_mole C - O -> nbonds: 3
03/11 14:41 [DEBUG] cshmd.analysis (get_mole)                : get_mole O - H -> nbonds: 3
03/11 14:41 [DEBUG] cshmd.analysis (find_bond)               : find_bond Ca - O 
03/11 14:41 [DEBUG] cshmd.common (time_wrapper)              : [RUNTIME] get_distance_table in 0.105 seconds
03/11 14:41 [INFO] cshmd.analysis (full_search)              : Search layer details
03/11 14:41 [DEBUG] cshmd.analysis (find_bond)               : find_bond Ca - O 
03/11 14:41 [DEBUG] cshmd.analysis (find_bond)               : find_bond Si - O 
03/11 14:41 [INFO] cshmd.analysis (__detail_search_oh_co3)   : No CO3 in basic search
03/11 14:41 [DEBUG] cshmd.analysis (__detail_search_oh_sioh) : Searching 'OH' in 'SiO4
03/11 14:41 [INFO] cshmd.analysis (__detail_search_oh_caoh)  : No CaOH in basic search
03/11 14:41 [INFO] cshmd.analysis (Qn)                       : [StructureManager] Q1: 0.400
03/11 14:41 [INFO] cshmd.analysis (Qn)                       : [StructureManager] Q2: 0.600
03/11 14:41 [INFO] cshmd.analysis (CS)                       : [StructureManager] C/S: 0.900
03/11 14:41 [INFO] cshmd.structure (extendLattice)           : Extend lattice 40.411 44.551 29.488 -> 40.411 44.551 30.988 
03/11 14:41 [INFO] cshmd.structure (writeCif)                : L2H0H2.cif was created
03/11 14:41 [INFO] cif_modifier (__init__)                   : Total charge: 72 -> 72
03/11 14:41 [INFO] cif_modifier (<module>)                   : Logger loaded
03/11 14:41 [INFO] cshmd.structure (__init__)                : L2H0H2.cif was loaded
03/11 14:41 [DEBUG] cshmd.analysis (__init__)                : [StructureManager] Now new data setted for get Bonds
03/11 14:41 [DEBUG] cshmd.analysis (__del_bond__)            : del -> Si_O O_H H_O Ca_O C_O BO
03/11 14:41 [DEBUG] cshmd.analysis (__initialize_mole__)     : initalize -> H2O SiO4 OH CO3 H3O
03/11 14:41 [DEBUG] cshmd.analysis (__initialize_mole__)     : initalize -> SiOH CaOH HCO3 H2CO3 H3CO3
03/11 14:41 [DEBUG] cshmd.analysis (find_bond)               : find_bond O - H 
03/11 14:41 [DEBUG] cshmd.common (time_wrapper)              : [RUNTIME] get_distance_table in 0.214 seconds
03/11 14:41 [DEBUG] cshmd.analysis (get_mole)                : get_mole O - H -> nbonds: 2
03/11 14:41 [DEBUG] cshmd.analysis (find_bond)               : find_bond Si - O 
03/11 14:41 [DEBUG] cshmd.common (time_wrapper)              : [RUNTIME] get_distance_table in 0.107 seconds
03/11 14:41 [DEBUG] cshmd.analysis (get_mole)                : get_mole Si - O -> nbonds: 4
03/11 14:41 [DEBUG] cshmd.analysis (get_mole)                : get_mole O - H -> nbonds: 1
03/11 14:41 [DEBUG] cshmd.analysis (find_bond)               : find_bond C - O 
03/11 14:41 [DEBUG] cshmd.analysis (get_mole)                : get_mole C - O -> nbonds: 3
03/11 14:41 [DEBUG] cshmd.analysis (get_mole)                : get_mole O - H -> nbonds: 3
03/11 14:41 [DEBUG] cshmd.analysis (find_bond)               : find_bond Ca - O 
03/11 14:41 [DEBUG] cshmd.common (time_wrapper)              : [RUNTIME] get_distance_table in 0.110 seconds
03/11 14:41 [INFO] cshmd.analysis (full_search)              : Search layer details
03/11 14:41 [DEBUG] cshmd.analysis (find_bond)               : find_bond Ca - O 
03/11 14:41 [DEBUG] cshmd.analysis (find_bond)               : find_bond Si - O 
03/11 14:41 [INFO] cshmd.analysis (__detail_search_oh_co3)   : No CO3 in basic search
03/11 14:41 [DEBUG] cshmd.analysis (__detail_search_oh_sioh) : Searching 'OH' in 'SiO4
03/11 14:41 [INFO] cshmd.analysis (__detail_search_oh_caoh)  : No CaOH in basic search
03/11 14:41 [INFO] cshmd.analysis (Qn)                       : [StructureManager] Q1: 0.400
03/11 14:41 [INFO] cshmd.analysis (Qn)                       : [StructureManager] Q2: 0.600
03/11 14:41 [INFO] cshmd.analysis (CS)                       : [StructureManager] C/S: 0.900
03/11 14:41 [DEBUG] cshmd.analysis (find_bond)               : find_bond O - H 
03/11 14:41 [DEBUG] cshmd.analysis (get_mole)                : get_mole O - H -> nbonds: 1
03/11 14:41 [DEBUG] cshmd.analysis (get_mole)                : get_mole O - H -> nbonds: 2
03/11 14:41 [DEBUG] cshmd.analysis (find_bond)               : find_bond C - O 
03/11 14:41 [DEBUG] cshmd.analysis (get_mole)                : get_mole C - O -> nbonds: 3
03/11 14:41 [DEBUG] cshmd.analysis (find_bond)               : find_bond Si - O 
03/11 14:41 [DEBUG] cshmd.analysis (get_mole)                : get_mole Si - O -> nbonds: 4
03/11 14:41 [INFO] cshmd.functions (cal_uniform_by_space)    : Number of molecules to add : 1320
03/11 14:41 [INFO] cshmd.functions (cal_uniform_by_space)    : Number of atoms per surface : 156
03/11 14:41 [INFO] cshmd.functions (cal_uniform_by_space)    : Number of layer : 9
03/11 14:41 [INFO] cshmd.structure (extendLattice)           : Extend lattice 40.411 44.551 30.988 -> 40.411 44.551 48.987 
03/11 14:41 [INFO] cif_modifier (exec_make_interface)        : Number of atoms: 3024 -> 6964
03/11 14:41 [INFO] cshmd.structure (labeling_by_clayff)      : Now get label according to 'Clayff' style
03/11 14:41 [DEBUG] cshmd.analysis (get_mole)                : get_mole O - H -> nbonds: 1
03/11 14:41 [DEBUG] cshmd.analysis (get_mole)                : get_mole O - H -> nbonds: 2
03/11 14:41 [DEBUG] cshmd.analysis (get_mole)                : get_mole Si - O -> nbonds: 4
03/11 14:41 [DEBUG] cshmd.analysis (get_mole)                : get_mole C - O -> nbonds: 3
03/11 14:41 [INFO] cshmd.structure (labeling_by_clayff)      : All atoms labeled by clayff
03/11 14:41 [INFO] cshmd.structure (labeling_by_clayff)      : Clayff charge: 48.300
03/11 14:41 [INFO] cshmd.structure (writeCif)                : Ca10wL2H0H2.cif was created
03/11 14:41 [INFO] cif_modifier (__init__)                   : Total charge: 72 -> 92
03/11 14:41 [INFO] cif_modifier (<module>)                   : Logger loaded
03/11 14:41 [INFO] cshmd.structure (__init__)                : L2H1.cif was loaded
03/11 14:41 [DEBUG] cshmd.analysis (__init__)                : [StructureManager] Now new data setted for get Bonds
03/11 14:41 [DEBUG] cshmd.analysis (__del_bond__)            : del -> Si_O O_H H_O Ca_O C_O BO
03/11 14:41 [DEBUG] cshmd.analysis (__initialize_mole__)     : initalize -> H2O SiO4 OH CO3 H3O
03/11 14:41 [DEBUG] cshmd.analysis (__initialize_mole__)     : initalize -> SiOH CaOH HCO3 H2CO3 H3CO3
03/11 14:41 [DEBUG] cshmd.analysis (find_bond)               : find_bond O - H 
03/11 14:41 [DEBUG] cshmd.common (time_wrapper)              : [RUNTIME] get_distance_table in 0.214 seconds
03/11 14:41 [DEBUG] cshmd.analysis (get_mole)                : get_mole O - H -> nbonds: 2
03/11 14:41 [DEBUG] cshmd.analysis (find_bond)               : find_bond Si - O 
03/11 14:41 [DEBUG] cshmd.common (time_wrapper)              : [RUNTIME] get_distance_table in 0.098 seconds
03/11 14:41 [DEBUG] cshmd.analysis (get_mole)                : get_mole Si - O -> nbonds: 4
03/11 14:41 [DEBUG] cshmd.analysis (get_mole)                : get_mole O - H -> nbonds: 1
03/11 14:41 [DEBUG] cshmd.analysis (find_bond)               : find_bond C - O 
03/11 14:41 [DEBUG] cshmd.analysis (get_mole)                : get_mole C - O -> nbonds: 3
03/11 14:41 [DEBUG] cshmd.analysis (get_mole)                : get_mole O - H -> nbonds: 3
03/11 14:41 [DEBUG] cshmd.analysis (find_bond)               : find_bond Ca - O 
03/11 14:41 [DEBUG] cshmd.common (time_wrapper)              : [RUNTIME] get_distance_table in 0.119 seconds
03/11 14:41 [INFO] cshmd.analysis (full_search)              : Search layer details
03/11 14:41 [DEBUG] cshmd.analysis (find_bond)               : find_bond Ca - O 
03/11 14:41 [DEBUG] cshmd.analysis (find_bond)               : find_bond Si - O 
03/11 14:41 [INFO] cshmd.analysis (__detail_search_oh_co3)   : No CO3 in basic search
03/11 14:41 [DEBUG] cshmd.analysis (__detail_search_oh_sioh) : Searching 'OH' in 'SiO4
03/11 14:41 [INFO] cshmd.analysis (__detail_search_oh_caoh)  : No CaOH in basic search
03/11 14:41 [INFO] cshmd.analysis (Qn)                       : [StructureManager] Q1: 0.400
03/11 14:41 [INFO] cshmd.analysis (Qn)                       : [StructureManager] Q2: 0.600
03/11 14:41 [INFO] cshmd.analysis (CS)                       : [StructureManager] C/S: 0.900
03/11 14:41 [INFO] cshmd.structure (extendLattice)           : Extend lattice 40.411 44.551 29.488 -> 40.411 44.551 30.988 
03/11 14:41 [INFO] cshmd.structure (writeCif)                : L2H1.cif was created
03/11 14:41 [INFO] cif_modifier (__init__)                   : Total charge: 72 -> 72
03/11 14:41 [INFO] cif_modifier (<module>)                   : Logger loaded
03/11 14:41 [INFO] cshmd.structure (__init__)                : L2H1.cif was loaded
03/11 14:41 [DEBUG] cshmd.analysis (__init__)                : [StructureManager] Now new data setted for get Bonds
03/11 14:41 [DEBUG] cshmd.analysis (__del_bond__)            : del -> Si_O O_H H_O Ca_O C_O BO
03/11 14:41 [DEBUG] cshmd.analysis (__initialize_mole__)     : initalize -> H2O SiO4 OH CO3 H3O
03/11 14:41 [DEBUG] cshmd.analysis (__initialize_mole__)     : initalize -> SiOH CaOH HCO3 H2CO3 H3CO3
03/11 14:41 [DEBUG] cshmd.analysis (find_bond)               : find_bond O - H 
03/11 14:41 [DEBUG] cshmd.common (time_wrapper)              : [RUNTIME] get_distance_table in 0.203 seconds
03/11 14:41 [DEBUG] cshmd.analysis (get_mole)                : get_mole O - H -> nbonds: 2
03/11 14:41 [DEBUG] cshmd.analysis (find_bond)               : find_bond Si - O 
03/11 14:41 [DEBUG] cshmd.common (time_wrapper)              : [RUNTIME] get_distance_table in 0.094 seconds
03/11 14:41 [DEBUG] cshmd.analysis (get_mole)                : get_mole Si - O -> nbonds: 4
03/11 14:41 [DEBUG] cshmd.analysis (get_mole)                : get_mole O - H -> nbonds: 1
03/11 14:41 [DEBUG] cshmd.analysis (find_bond)               : find_bond C - O 
03/11 14:41 [DEBUG] cshmd.analysis (get_mole)                : get_mole C - O -> nbonds: 3
03/11 14:41 [DEBUG] cshmd.analysis (get_mole)                : get_mole O - H -> nbonds: 3
03/11 14:41 [DEBUG] cshmd.analysis (find_bond)               : find_bond Ca - O 
03/11 14:41 [DEBUG] cshmd.common (time_wrapper)              : [RUNTIME] get_distance_table in 0.103 seconds
03/11 14:41 [INFO] cshmd.analysis (full_search)              : Search layer details
03/11 14:41 [DEBUG] cshmd.analysis (find_bond)               : find_bond Ca - O 
03/11 14:41 [DEBUG] cshmd.analysis (find_bond)               : find_bond Si - O 
03/11 14:41 [INFO] cshmd.analysis (__detail_search_oh_co3)   : No CO3 in basic search
03/11 14:41 [DEBUG] cshmd.analysis (__detail_search_oh_sioh) : Searching 'OH' in 'SiO4
03/11 14:41 [INFO] cshmd.analysis (__detail_search_oh_caoh)  : No CaOH in basic search
03/11 14:41 [INFO] cshmd.analysis (Qn)                       : [StructureManager] Q1: 0.400
03/11 14:41 [INFO] cshmd.analysis (Qn)                       : [StructureManager] Q2: 0.600
03/11 14:41 [INFO] cshmd.analysis (CS)                       : [StructureManager] C/S: 0.900
03/11 14:41 [DEBUG] cshmd.analysis (find_bond)               : find_bond O - H 
03/11 14:41 [DEBUG] cshmd.analysis (get_mole)                : get_mole O - H -> nbonds: 1
03/11 14:41 [DEBUG] cshmd.analysis (get_mole)                : get_mole O - H -> nbonds: 2
03/11 14:41 [DEBUG] cshmd.analysis (find_bond)               : find_bond C - O 
03/11 14:41 [DEBUG] cshmd.analysis (get_mole)                : get_mole C - O -> nbonds: 3
03/11 14:41 [DEBUG] cshmd.analysis (find_bond)               : find_bond Si - O 
03/11 14:41 [DEBUG] cshmd.analysis (get_mole)                : get_mole Si - O -> nbonds: 4
03/11 14:41 [INFO] cshmd.functions (cal_uniform_by_space)    : Number of molecules to add : 1320
03/11 14:41 [INFO] cshmd.functions (cal_uniform_by_space)    : Number of atoms per surface : 156
03/11 14:41 [INFO] cshmd.functions (cal_uniform_by_space)    : Number of layer : 9
03/11 14:41 [INFO] cshmd.structure (extendLattice)           : Extend lattice 40.411 44.551 30.988 -> 40.411 44.551 48.987 
03/11 14:41 [INFO] cif_modifier (exec_make_interface)        : Number of atoms: 3024 -> 6964
03/11 14:41 [INFO] cshmd.structure (labeling_by_clayff)      : Now get label according to 'Clayff' style
03/11 14:41 [DEBUG] cshmd.analysis (get_mole)                : get_mole O - H -> nbonds: 1
03/11 14:41 [DEBUG] cshmd.analysis (get_mole)                : get_mole O - H -> nbonds: 2
03/11 14:41 [DEBUG] cshmd.analysis (get_mole)                : get_mole Si - O -> nbonds: 4
03/11 14:41 [DEBUG] cshmd.analysis (get_mole)                : get_mole C - O -> nbonds: 3
03/11 14:41 [INFO] cshmd.structure (labeling_by_clayff)      : All atoms labeled by clayff
03/11 14:41 [INFO] cshmd.structure (labeling_by_clayff)      : Clayff charge: 48.300
03/11 14:41 [INFO] cshmd.structure (writeCif)                : Ca10wL2H1.cif was created
03/11 14:41 [INFO] cif_modifier (__init__)                   : Total charge: 72 -> 92
03/11 14:41 [INFO] cif_modifier (<module>)                   : Logger loaded
03/11 14:41 [INFO] cshmd.structure (__init__)                : L2H2.cif was loaded
03/11 14:41 [DEBUG] cshmd.analysis (__init__)                : [StructureManager] Now new data setted for get Bonds
03/11 14:41 [DEBUG] cshmd.analysis (__del_bond__)            : del -> Si_O O_H H_O Ca_O C_O BO
03/11 14:41 [DEBUG] cshmd.analysis (__initialize_mole__)     : initalize -> H2O SiO4 OH CO3 H3O
03/11 14:41 [DEBUG] cshmd.analysis (__initialize_mole__)     : initalize -> SiOH CaOH HCO3 H2CO3 H3CO3
03/11 14:41 [DEBUG] cshmd.analysis (find_bond)               : find_bond O - H 
03/11 14:41 [DEBUG] cshmd.common (time_wrapper)              : [RUNTIME] get_distance_table in 0.227 seconds
03/11 14:41 [DEBUG] cshmd.analysis (get_mole)                : get_mole O - H -> nbonds: 2
03/11 14:41 [DEBUG] cshmd.analysis (find_bond)               : find_bond Si - O 
03/11 14:41 [DEBUG] cshmd.common (time_wrapper)              : [RUNTIME] get_distance_table in 0.093 seconds
03/11 14:41 [DEBUG] cshmd.analysis (get_mole)                : get_mole Si - O -> nbonds: 4
03/11 14:41 [DEBUG] cshmd.analysis (get_mole)                : get_mole O - H -> nbonds: 1
03/11 14:41 [DEBUG] cshmd.analysis (find_bond)               : find_bond C - O 
03/11 14:41 [DEBUG] cshmd.analysis (get_mole)                : get_mole C - O -> nbonds: 3
03/11 14:41 [DEBUG] cshmd.analysis (get_mole)                : get_mole O - H -> nbonds: 3
03/11 14:41 [DEBUG] cshmd.analysis (find_bond)               : find_bond Ca - O 
03/11 14:41 [DEBUG] cshmd.common (time_wrapper)              : [RUNTIME] get_distance_table in 0.102 seconds
03/11 14:41 [INFO] cshmd.analysis (full_search)              : Search layer details
03/11 14:41 [DEBUG] cshmd.analysis (find_bond)               : find_bond Ca - O 
03/11 14:41 [DEBUG] cshmd.analysis (find_bond)               : find_bond Si - O 
03/11 14:41 [INFO] cshmd.analysis (__detail_search_oh_co3)   : No CO3 in basic search
03/11 14:41 [DEBUG] cshmd.analysis (__detail_search_oh_sioh) : Searching 'OH' in 'SiO4
03/11 14:41 [INFO] cshmd.analysis (__detail_search_oh_caoh)  : No CaOH in basic search
03/11 14:41 [INFO] cshmd.analysis (Qn)                       : [StructureManager] Q1: 0.400
03/11 14:41 [INFO] cshmd.analysis (Qn)                       : [StructureManager] Q2: 0.600
03/11 14:41 [INFO] cshmd.analysis (CS)                       : [StructureManager] C/S: 0.900
03/11 14:41 [INFO] cshmd.structure (extendLattice)           : Extend lattice 40.411 44.551 29.488 -> 40.411 44.551 30.988 
03/11 14:41 [INFO] cshmd.structure (writeCif)                : L2H2.cif was created
03/11 14:41 [INFO] cif_modifier (__init__)                   : Total charge: 144 -> 144
03/11 14:42 [INFO] cif_modifier (<module>)                   : Logger loaded
03/11 14:42 [INFO] cshmd.structure (__init__)                : L2H2.cif was loaded
03/11 14:42 [DEBUG] cshmd.analysis (__init__)                : [StructureManager] Now new data setted for get Bonds
03/11 14:42 [DEBUG] cshmd.analysis (__del_bond__)            : del -> Si_O O_H H_O Ca_O C_O BO
03/11 14:42 [DEBUG] cshmd.analysis (__initialize_mole__)     : initalize -> H2O SiO4 OH CO3 H3O
03/11 14:42 [DEBUG] cshmd.analysis (__initialize_mole__)     : initalize -> SiOH CaOH HCO3 H2CO3 H3CO3
03/11 14:42 [DEBUG] cshmd.analysis (find_bond)               : find_bond O - H 
03/11 14:42 [DEBUG] cshmd.common (time_wrapper)              : [RUNTIME] get_distance_table in 0.233 seconds
03/11 14:42 [DEBUG] cshmd.analysis (get_mole)                : get_mole O - H -> nbonds: 2
03/11 14:42 [DEBUG] cshmd.analysis (find_bond)               : find_bond Si - O 
03/11 14:42 [DEBUG] cshmd.common (time_wrapper)              : [RUNTIME] get_distance_table in 0.109 seconds
03/11 14:42 [DEBUG] cshmd.analysis (get_mole)                : get_mole Si - O -> nbonds: 4
03/11 14:42 [DEBUG] cshmd.analysis (get_mole)                : get_mole O - H -> nbonds: 1
03/11 14:42 [DEBUG] cshmd.analysis (find_bond)               : find_bond C - O 
03/11 14:42 [DEBUG] cshmd.analysis (get_mole)                : get_mole C - O -> nbonds: 3
03/11 14:42 [DEBUG] cshmd.analysis (get_mole)                : get_mole O - H -> nbonds: 3
03/11 14:42 [DEBUG] cshmd.analysis (find_bond)               : find_bond Ca - O 
03/11 14:42 [DEBUG] cshmd.common (time_wrapper)              : [RUNTIME] get_distance_table in 0.099 seconds
03/11 14:42 [INFO] cshmd.analysis (full_search)              : Search layer details
03/11 14:42 [DEBUG] cshmd.analysis (find_bond)               : find_bond Ca - O 
03/11 14:42 [DEBUG] cshmd.analysis (find_bond)               : find_bond Si - O 
03/11 14:42 [INFO] cshmd.analysis (__detail_search_oh_co3)   : No CO3 in basic search
03/11 14:42 [DEBUG] cshmd.analysis (__detail_search_oh_sioh) : Searching 'OH' in 'SiO4
03/11 14:42 [INFO] cshmd.analysis (__detail_search_oh_caoh)  : No CaOH in basic search
03/11 14:42 [INFO] cshmd.analysis (Qn)                       : [StructureManager] Q1: 0.400
03/11 14:42 [INFO] cshmd.analysis (Qn)                       : [StructureManager] Q2: 0.600
03/11 14:42 [INFO] cshmd.analysis (CS)                       : [StructureManager] C/S: 0.900
03/11 14:42 [DEBUG] cshmd.analysis (find_bond)               : find_bond O - H 
03/11 14:42 [DEBUG] cshmd.analysis (get_mole)                : get_mole O - H -> nbonds: 1
03/11 14:42 [DEBUG] cshmd.analysis (get_mole)                : get_mole O - H -> nbonds: 2
03/11 14:42 [DEBUG] cshmd.analysis (find_bond)               : find_bond C - O 
03/11 14:42 [DEBUG] cshmd.analysis (get_mole)                : get_mole C - O -> nbonds: 3
03/11 14:42 [DEBUG] cshmd.analysis (find_bond)               : find_bond Si - O 
03/11 14:42 [DEBUG] cshmd.analysis (get_mole)                : get_mole Si - O -> nbonds: 4
03/11 14:42 [INFO] cshmd.functions (cal_uniform_by_space)    : Number of molecules to add : 1320
03/11 14:42 [INFO] cshmd.functions (cal_uniform_by_space)    : Number of atoms per surface : 156
03/11 14:42 [INFO] cshmd.functions (cal_uniform_by_space)    : Number of layer : 9
03/11 14:42 [INFO] cshmd.structure (extendLattice)           : Extend lattice 40.411 44.551 30.988 -> 40.411 44.551 48.987 
03/11 14:42 [INFO] cif_modifier (exec_make_interface)        : Number of atoms: 3096 -> 7036
03/11 14:42 [INFO] cshmd.structure (labeling_by_clayff)      : Now get label according to 'Clayff' style
03/11 14:42 [DEBUG] cshmd.analysis (get_mole)                : get_mole O - H -> nbonds: 1
03/11 14:42 [DEBUG] cshmd.analysis (get_mole)                : get_mole O - H -> nbonds: 2
03/11 14:42 [DEBUG] cshmd.analysis (get_mole)                : get_mole Si - O -> nbonds: 4
03/11 14:42 [DEBUG] cshmd.analysis (get_mole)                : get_mole C - O -> nbonds: 3
03/11 14:42 [INFO] cshmd.structure (labeling_by_clayff)      : All atoms labeled by clayff
03/11 14:42 [INFO] cshmd.structure (labeling_by_clayff)      : Clayff charge: 86.100
03/11 14:42 [INFO] cshmd.structure (writeCif)                : Ca10wL2H2.cif was created
03/11 14:42 [INFO] cif_modifier (__init__)                   : Total charge: 144 -> 164
03/11 14:42 [INFO] cif_modifier (<module>)                   : Logger loaded
03/11 14:42 [INFO] cshmd.structure (__init__)                : L5H0.cif was loaded
03/11 14:42 [DEBUG] cshmd.analysis (__init__)                : [StructureManager] Now new data setted for get Bonds
03/11 14:42 [DEBUG] cshmd.analysis (__del_bond__)            : del -> Si_O O_H H_O Ca_O C_O BO
03/11 14:42 [DEBUG] cshmd.analysis (__initialize_mole__)     : initalize -> H2O SiO4 OH CO3 H3O
03/11 14:42 [DEBUG] cshmd.analysis (__initialize_mole__)     : initalize -> SiOH CaOH HCO3 H2CO3 H3CO3
03/11 14:42 [DEBUG] cshmd.analysis (find_bond)               : find_bond O - H 
03/11 14:42 [DEBUG] cshmd.common (time_wrapper)              : [RUNTIME] get_distance_table in 0.201 seconds
03/11 14:42 [DEBUG] cshmd.analysis (get_mole)                : get_mole O - H -> nbonds: 2
03/11 14:42 [DEBUG] cshmd.analysis (find_bond)               : find_bond Si - O 
03/11 14:42 [DEBUG] cshmd.common (time_wrapper)              : [RUNTIME] get_distance_table in 0.131 seconds
03/11 14:42 [DEBUG] cshmd.analysis (get_mole)                : get_mole Si - O -> nbonds: 4
03/11 14:42 [DEBUG] cshmd.analysis (get_mole)                : get_mole O - H -> nbonds: 1
03/11 14:42 [DEBUG] cshmd.analysis (find_bond)               : find_bond C - O 
03/11 14:42 [DEBUG] cshmd.analysis (get_mole)                : get_mole C - O -> nbonds: 3
03/11 14:42 [DEBUG] cshmd.analysis (get_mole)                : get_mole O - H -> nbonds: 3
03/11 14:42 [DEBUG] cshmd.analysis (find_bond)               : find_bond Ca - O 
03/11 14:42 [DEBUG] cshmd.common (time_wrapper)              : [RUNTIME] get_distance_table in 0.123 seconds
03/11 14:42 [INFO] cshmd.analysis (full_search)              : Search layer details
03/11 14:42 [DEBUG] cshmd.analysis (find_bond)               : find_bond Ca - O 
03/11 14:42 [DEBUG] cshmd.analysis (find_bond)               : find_bond Si - O 
03/11 14:42 [INFO] cshmd.analysis (__detail_search_oh_co3)   : No CO3 in basic search
03/11 14:42 [DEBUG] cshmd.analysis (__detail_search_oh_sioh) : Searching 'OH' in 'SiO4
03/11 14:42 [INFO] cshmd.analysis (__detail_search_oh_caoh)  : No CaOH in basic search
03/11 14:42 [INFO] cshmd.analysis (Qn)                       : [StructureManager] Q1: 0.182
03/11 14:42 [INFO] cshmd.analysis (Qn)                       : [StructureManager] Q2: 0.818
03/11 14:42 [INFO] cshmd.analysis (CS)                       : [StructureManager] C/S: 0.818
03/11 14:42 [INFO] cshmd.structure (extendLattice)           : Extend lattice 40.411 44.551 29.488 -> 40.411 44.551 30.988 
03/11 14:42 [INFO] cshmd.structure (writeCif)                : L5H0.cif was created
03/11 14:42 [INFO] cif_modifier (__init__)                   : Total charge: 0 -> 0
03/11 14:42 [INFO] cif_modifier (<module>)                   : Logger loaded
03/11 14:42 [INFO] cshmd.structure (__init__)                : L5H0.cif was loaded
03/11 14:42 [DEBUG] cshmd.analysis (__init__)                : [StructureManager] Now new data setted for get Bonds
03/11 14:42 [DEBUG] cshmd.analysis (__del_bond__)            : del -> Si_O O_H H_O Ca_O C_O BO
03/11 14:42 [DEBUG] cshmd.analysis (__initialize_mole__)     : initalize -> H2O SiO4 OH CO3 H3O
03/11 14:42 [DEBUG] cshmd.analysis (__initialize_mole__)     : initalize -> SiOH CaOH HCO3 H2CO3 H3CO3
03/11 14:42 [DEBUG] cshmd.analysis (find_bond)               : find_bond O - H 
03/11 14:42 [DEBUG] cshmd.common (time_wrapper)              : [RUNTIME] get_distance_table in 0.187 seconds
03/11 14:42 [DEBUG] cshmd.analysis (get_mole)                : get_mole O - H -> nbonds: 2
03/11 14:42 [DEBUG] cshmd.analysis (find_bond)               : find_bond Si - O 
03/11 14:42 [DEBUG] cshmd.common (time_wrapper)              : [RUNTIME] get_distance_table in 0.102 seconds
03/11 14:42 [DEBUG] cshmd.analysis (get_mole)                : get_mole Si - O -> nbonds: 4
03/11 14:42 [DEBUG] cshmd.analysis (get_mole)                : get_mole O - H -> nbonds: 1
03/11 14:42 [DEBUG] cshmd.analysis (find_bond)               : find_bond C - O 
03/11 14:42 [DEBUG] cshmd.analysis (get_mole)                : get_mole C - O -> nbonds: 3
03/11 14:42 [DEBUG] cshmd.analysis (get_mole)                : get_mole O - H -> nbonds: 3
03/11 14:42 [DEBUG] cshmd.analysis (find_bond)               : find_bond Ca - O 
03/11 14:42 [DEBUG] cshmd.common (time_wrapper)              : [RUNTIME] get_distance_table in 0.101 seconds
03/11 14:42 [INFO] cshmd.analysis (full_search)              : Search layer details
03/11 14:42 [DEBUG] cshmd.analysis (find_bond)               : find_bond Ca - O 
03/11 14:42 [DEBUG] cshmd.analysis (find_bond)               : find_bond Si - O 
03/11 14:42 [INFO] cshmd.analysis (__detail_search_oh_co3)   : No CO3 in basic search
03/11 14:42 [DEBUG] cshmd.analysis (__detail_search_oh_sioh) : Searching 'OH' in 'SiO4
03/11 14:42 [INFO] cshmd.analysis (__detail_search_oh_caoh)  : No CaOH in basic search
03/11 14:42 [INFO] cshmd.analysis (Qn)                       : [StructureManager] Q1: 0.182
03/11 14:42 [INFO] cshmd.analysis (Qn)                       : [StructureManager] Q2: 0.818
03/11 14:42 [INFO] cshmd.analysis (CS)                       : [StructureManager] C/S: 0.818
03/11 14:42 [DEBUG] cshmd.analysis (find_bond)               : find_bond O - H 
03/11 14:42 [DEBUG] cshmd.analysis (get_mole)                : get_mole O - H -> nbonds: 1
03/11 14:42 [DEBUG] cshmd.analysis (get_mole)                : get_mole O - H -> nbonds: 2
03/11 14:42 [DEBUG] cshmd.analysis (find_bond)               : find_bond C - O 
03/11 14:42 [DEBUG] cshmd.analysis (get_mole)                : get_mole C - O -> nbonds: 3
03/11 14:42 [DEBUG] cshmd.analysis (find_bond)               : find_bond Si - O 
03/11 14:42 [DEBUG] cshmd.analysis (get_mole)                : get_mole Si - O -> nbonds: 4
03/11 14:42 [INFO] cshmd.functions (cal_uniform_by_space)    : Number of molecules to add : 1320
03/11 14:42 [INFO] cshmd.functions (cal_uniform_by_space)    : Number of atoms per surface : 156
03/11 14:42 [INFO] cshmd.functions (cal_uniform_by_space)    : Number of layer : 9
03/11 14:42 [INFO] cshmd.structure (extendLattice)           : Extend lattice 40.411 44.551 30.988 -> 40.411 44.551 48.987 
03/11 14:42 [INFO] cif_modifier (exec_make_interface)        : Number of atoms: 3060 -> 7000
03/11 14:42 [INFO] cshmd.structure (labeling_by_clayff)      : Now get label according to 'Clayff' style
03/11 14:42 [DEBUG] cshmd.analysis (get_mole)                : get_mole O - H -> nbonds: 1
03/11 14:42 [DEBUG] cshmd.analysis (get_mole)                : get_mole O - H -> nbonds: 2
03/11 14:42 [DEBUG] cshmd.analysis (get_mole)                : get_mole Si - O -> nbonds: 4
03/11 14:42 [DEBUG] cshmd.analysis (get_mole)                : get_mole C - O -> nbonds: 3
03/11 14:42 [INFO] cshmd.structure (labeling_by_clayff)      : All atoms labeled by clayff
03/11 14:42 [INFO] cshmd.structure (labeling_by_clayff)      : Clayff charge: 10.500
03/11 14:42 [INFO] cshmd.structure (writeCif)                : Ca10wL5H0.cif was created
03/11 14:42 [INFO] cif_modifier (__init__)                   : Total charge: 0 -> 20
03/11 14:42 [INFO] cif_modifier (<module>)                   : Logger loaded
03/11 14:42 [INFO] cshmd.structure (__init__)                : L5H0H2.cif was loaded
03/11 14:42 [DEBUG] cshmd.analysis (__init__)                : [StructureManager] Now new data setted for get Bonds
03/11 14:42 [DEBUG] cshmd.analysis (__del_bond__)            : del -> Si_O O_H H_O Ca_O C_O BO
03/11 14:42 [DEBUG] cshmd.analysis (__initialize_mole__)     : initalize -> H2O SiO4 OH CO3 H3O
03/11 14:42 [DEBUG] cshmd.analysis (__initialize_mole__)     : initalize -> SiOH CaOH HCO3 H2CO3 H3CO3
03/11 14:42 [DEBUG] cshmd.analysis (find_bond)               : find_bond O - H 
03/11 14:42 [DEBUG] cshmd.common (time_wrapper)              : [RUNTIME] get_distance_table in 0.208 seconds
03/11 14:42 [DEBUG] cshmd.analysis (get_mole)                : get_mole O - H -> nbonds: 2
03/11 14:42 [DEBUG] cshmd.analysis (find_bond)               : find_bond Si - O 
03/11 14:42 [DEBUG] cshmd.common (time_wrapper)              : [RUNTIME] get_distance_table in 0.109 seconds
03/11 14:42 [DEBUG] cshmd.analysis (get_mole)                : get_mole Si - O -> nbonds: 4
03/11 14:42 [DEBUG] cshmd.analysis (get_mole)                : get_mole O - H -> nbonds: 1
03/11 14:42 [DEBUG] cshmd.analysis (find_bond)               : find_bond C - O 
03/11 14:42 [DEBUG] cshmd.analysis (get_mole)                : get_mole C - O -> nbonds: 3
03/11 14:42 [DEBUG] cshmd.analysis (get_mole)                : get_mole O - H -> nbonds: 3
03/11 14:42 [DEBUG] cshmd.analysis (find_bond)               : find_bond Ca - O 
03/11 14:42 [DEBUG] cshmd.common (time_wrapper)              : [RUNTIME] get_distance_table in 0.118 seconds
03/11 14:42 [INFO] cshmd.analysis (full_search)              : Search layer details
03/11 14:42 [DEBUG] cshmd.analysis (find_bond)               : find_bond Ca - O 
03/11 14:42 [DEBUG] cshmd.analysis (find_bond)               : find_bond Si - O 
03/11 14:42 [INFO] cshmd.analysis (__detail_search_oh_co3)   : No CO3 in basic search
03/11 14:42 [DEBUG] cshmd.analysis (__detail_search_oh_sioh) : Searching 'OH' in 'SiO4
03/11 14:42 [INFO] cshmd.analysis (__detail_search_oh_caoh)  : No CaOH in basic search
03/11 14:42 [INFO] cshmd.analysis (Qn)                       : [StructureManager] Q1: 0.182
03/11 14:42 [INFO] cshmd.analysis (Qn)                       : [StructureManager] Q2: 0.818
03/11 14:42 [INFO] cshmd.analysis (CS)                       : [StructureManager] C/S: 0.818
03/11 14:42 [INFO] cshmd.structure (extendLattice)           : Extend lattice 40.411 44.551 29.488 -> 40.411 44.551 30.988 
03/11 14:42 [INFO] cshmd.structure (writeCif)                : L5H0H2.cif was created
03/11 14:42 [INFO] cif_modifier (__init__)                   : Total charge: 72 -> 72
03/11 14:42 [INFO] cif_modifier (<module>)                   : Logger loaded
03/11 14:42 [INFO] cshmd.structure (__init__)                : L5H0H2.cif was loaded
03/11 14:42 [DEBUG] cshmd.analysis (__init__)                : [StructureManager] Now new data setted for get Bonds
03/11 14:42 [DEBUG] cshmd.analysis (__del_bond__)            : del -> Si_O O_H H_O Ca_O C_O BO
03/11 14:42 [DEBUG] cshmd.analysis (__initialize_mole__)     : initalize -> H2O SiO4 OH CO3 H3O
03/11 14:42 [DEBUG] cshmd.analysis (__initialize_mole__)     : initalize -> SiOH CaOH HCO3 H2CO3 H3CO3
03/11 14:42 [DEBUG] cshmd.analysis (find_bond)               : find_bond O - H 
03/11 14:42 [DEBUG] cshmd.common (time_wrapper)              : [RUNTIME] get_distance_table in 0.232 seconds
03/11 14:42 [DEBUG] cshmd.analysis (get_mole)                : get_mole O - H -> nbonds: 2
03/11 14:42 [DEBUG] cshmd.analysis (find_bond)               : find_bond Si - O 
03/11 14:42 [DEBUG] cshmd.common (time_wrapper)              : [RUNTIME] get_distance_table in 0.117 seconds
03/11 14:42 [DEBUG] cshmd.analysis (get_mole)                : get_mole Si - O -> nbonds: 4
03/11 14:42 [DEBUG] cshmd.analysis (get_mole)                : get_mole O - H -> nbonds: 1
03/11 14:42 [DEBUG] cshmd.analysis (find_bond)               : find_bond C - O 
03/11 14:42 [DEBUG] cshmd.analysis (get_mole)                : get_mole C - O -> nbonds: 3
03/11 14:42 [DEBUG] cshmd.analysis (get_mole)                : get_mole O - H -> nbonds: 3
03/11 14:42 [DEBUG] cshmd.analysis (find_bond)               : find_bond Ca - O 
03/11 14:42 [DEBUG] cshmd.common (time_wrapper)              : [RUNTIME] get_distance_table in 0.107 seconds
03/11 14:42 [INFO] cshmd.analysis (full_search)              : Search layer details
03/11 14:42 [DEBUG] cshmd.analysis (find_bond)               : find_bond Ca - O 
03/11 14:42 [DEBUG] cshmd.analysis (find_bond)               : find_bond Si - O 
03/11 14:42 [INFO] cshmd.analysis (__detail_search_oh_co3)   : No CO3 in basic search
03/11 14:42 [DEBUG] cshmd.analysis (__detail_search_oh_sioh) : Searching 'OH' in 'SiO4
03/11 14:42 [INFO] cshmd.analysis (__detail_search_oh_caoh)  : No CaOH in basic search
03/11 14:42 [INFO] cshmd.analysis (Qn)                       : [StructureManager] Q1: 0.182
03/11 14:42 [INFO] cshmd.analysis (Qn)                       : [StructureManager] Q2: 0.818
03/11 14:42 [INFO] cshmd.analysis (CS)                       : [StructureManager] C/S: 0.818
03/11 14:42 [DEBUG] cshmd.analysis (find_bond)               : find_bond O - H 
03/11 14:42 [DEBUG] cshmd.analysis (get_mole)                : get_mole O - H -> nbonds: 1
03/11 14:42 [DEBUG] cshmd.analysis (get_mole)                : get_mole O - H -> nbonds: 2
03/11 14:42 [DEBUG] cshmd.analysis (find_bond)               : find_bond C - O 
03/11 14:42 [DEBUG] cshmd.analysis (get_mole)                : get_mole C - O -> nbonds: 3
03/11 14:42 [DEBUG] cshmd.analysis (find_bond)               : find_bond Si - O 
03/11 14:42 [DEBUG] cshmd.analysis (get_mole)                : get_mole Si - O -> nbonds: 4
03/11 14:42 [INFO] cshmd.functions (cal_uniform_by_space)    : Number of molecules to add : 1320
03/11 14:42 [INFO] cshmd.functions (cal_uniform_by_space)    : Number of atoms per surface : 156
03/11 14:42 [INFO] cshmd.functions (cal_uniform_by_space)    : Number of layer : 9
03/11 14:42 [INFO] cshmd.structure (extendLattice)           : Extend lattice 40.411 44.551 30.988 -> 40.411 44.551 48.987 
03/11 14:42 [INFO] cif_modifier (exec_make_interface)        : Number of atoms: 3132 -> 7072
03/11 14:42 [INFO] cshmd.structure (labeling_by_clayff)      : Now get label according to 'Clayff' style
03/11 14:42 [DEBUG] cshmd.analysis (get_mole)                : get_mole O - H -> nbonds: 1
03/11 14:42 [DEBUG] cshmd.analysis (get_mole)                : get_mole O - H -> nbonds: 2
03/11 14:42 [DEBUG] cshmd.analysis (get_mole)                : get_mole Si - O -> nbonds: 4
03/11 14:42 [DEBUG] cshmd.analysis (get_mole)                : get_mole C - O -> nbonds: 3
03/11 14:42 [INFO] cshmd.structure (labeling_by_clayff)      : All atoms labeled by clayff
03/11 14:42 [INFO] cshmd.structure (labeling_by_clayff)      : Clayff charge: 48.300
03/11 14:42 [INFO] cshmd.structure (writeCif)                : Ca10wL5H0H2.cif was created
03/11 14:42 [INFO] cif_modifier (__init__)                   : Total charge: 72 -> 92
03/11 14:42 [INFO] cif_modifier (<module>)                   : Logger loaded
03/11 14:42 [INFO] cshmd.structure (__init__)                : L5H1.cif was loaded
03/11 14:42 [DEBUG] cshmd.analysis (__init__)                : [StructureManager] Now new data setted for get Bonds
03/11 14:42 [DEBUG] cshmd.analysis (__del_bond__)            : del -> Si_O O_H H_O Ca_O C_O BO
03/11 14:42 [DEBUG] cshmd.analysis (__initialize_mole__)     : initalize -> H2O SiO4 OH CO3 H3O
03/11 14:42 [DEBUG] cshmd.analysis (__initialize_mole__)     : initalize -> SiOH CaOH HCO3 H2CO3 H3CO3
03/11 14:42 [DEBUG] cshmd.analysis (find_bond)               : find_bond O - H 
03/11 14:42 [DEBUG] cshmd.common (time_wrapper)              : [RUNTIME] get_distance_table in 0.234 seconds
03/11 14:42 [DEBUG] cshmd.analysis (get_mole)                : get_mole O - H -> nbonds: 2
03/11 14:42 [DEBUG] cshmd.analysis (find_bond)               : find_bond Si - O 
03/11 14:42 [DEBUG] cshmd.common (time_wrapper)              : [RUNTIME] get_distance_table in 0.111 seconds
03/11 14:42 [DEBUG] cshmd.analysis (get_mole)                : get_mole Si - O -> nbonds: 4
03/11 14:42 [DEBUG] cshmd.analysis (get_mole)                : get_mole O - H -> nbonds: 1
03/11 14:42 [DEBUG] cshmd.analysis (find_bond)               : find_bond C - O 
03/11 14:42 [DEBUG] cshmd.analysis (get_mole)                : get_mole C - O -> nbonds: 3
03/11 14:42 [DEBUG] cshmd.analysis (get_mole)                : get_mole O - H -> nbonds: 3
03/11 14:42 [DEBUG] cshmd.analysis (find_bond)               : find_bond Ca - O 
03/11 14:42 [DEBUG] cshmd.common (time_wrapper)              : [RUNTIME] get_distance_table in 0.118 seconds
03/11 14:42 [INFO] cshmd.analysis (full_search)              : Search layer details
03/11 14:42 [DEBUG] cshmd.analysis (find_bond)               : find_bond Ca - O 
03/11 14:42 [DEBUG] cshmd.analysis (find_bond)               : find_bond Si - O 
03/11 14:42 [INFO] cshmd.analysis (__detail_search_oh_co3)   : No CO3 in basic search
03/11 14:42 [DEBUG] cshmd.analysis (__detail_search_oh_sioh) : Searching 'OH' in 'SiO4
03/11 14:42 [INFO] cshmd.analysis (__detail_search_oh_caoh)  : No CaOH in basic search
03/11 14:42 [INFO] cshmd.analysis (Qn)                       : [StructureManager] Q1: 0.182
03/11 14:42 [INFO] cshmd.analysis (Qn)                       : [StructureManager] Q2: 0.818
03/11 14:42 [INFO] cshmd.analysis (CS)                       : [StructureManager] C/S: 0.818
03/11 14:42 [INFO] cshmd.structure (extendLattice)           : Extend lattice 40.411 44.551 29.488 -> 40.411 44.551 30.988 
03/11 14:42 [INFO] cshmd.structure (writeCif)                : L5H1.cif was created
03/11 14:42 [INFO] cif_modifier (__init__)                   : Total charge: 72 -> 72
03/11 14:42 [INFO] cif_modifier (<module>)                   : Logger loaded
03/11 14:42 [INFO] cshmd.structure (__init__)                : L5H1.cif was loaded
03/11 14:42 [DEBUG] cshmd.analysis (__init__)                : [StructureManager] Now new data setted for get Bonds
03/11 14:42 [DEBUG] cshmd.analysis (__del_bond__)            : del -> Si_O O_H H_O Ca_O C_O BO
03/11 14:42 [DEBUG] cshmd.analysis (__initialize_mole__)     : initalize -> H2O SiO4 OH CO3 H3O
03/11 14:42 [DEBUG] cshmd.analysis (__initialize_mole__)     : initalize -> SiOH CaOH HCO3 H2CO3 H3CO3
03/11 14:42 [DEBUG] cshmd.analysis (find_bond)               : find_bond O - H 
03/11 14:42 [DEBUG] cshmd.common (time_wrapper)              : [RUNTIME] get_distance_table in 0.217 seconds
03/11 14:42 [DEBUG] cshmd.analysis (get_mole)                : get_mole O - H -> nbonds: 2
03/11 14:42 [DEBUG] cshmd.analysis (find_bond)               : find_bond Si - O 
03/11 14:42 [DEBUG] cshmd.common (time_wrapper)              : [RUNTIME] get_distance_table in 0.108 seconds
03/11 14:42 [DEBUG] cshmd.analysis (get_mole)                : get_mole Si - O -> nbonds: 4
03/11 14:42 [DEBUG] cshmd.analysis (get_mole)                : get_mole O - H -> nbonds: 1
03/11 14:42 [DEBUG] cshmd.analysis (find_bond)               : find_bond C - O 
03/11 14:42 [DEBUG] cshmd.analysis (get_mole)                : get_mole C - O -> nbonds: 3
03/11 14:42 [DEBUG] cshmd.analysis (get_mole)                : get_mole O - H -> nbonds: 3
03/11 14:42 [DEBUG] cshmd.analysis (find_bond)               : find_bond Ca - O 
03/11 14:42 [DEBUG] cshmd.common (time_wrapper)              : [RUNTIME] get_distance_table in 0.102 seconds
03/11 14:42 [INFO] cshmd.analysis (full_search)              : Search layer details
03/11 14:42 [DEBUG] cshmd.analysis (find_bond)               : find_bond Ca - O 
03/11 14:42 [DEBUG] cshmd.analysis (find_bond)               : find_bond Si - O 
03/11 14:42 [INFO] cshmd.analysis (__detail_search_oh_co3)   : No CO3 in basic search
03/11 14:42 [DEBUG] cshmd.analysis (__detail_search_oh_sioh) : Searching 'OH' in 'SiO4
03/11 14:42 [INFO] cshmd.analysis (__detail_search_oh_caoh)  : No CaOH in basic search
03/11 14:42 [INFO] cshmd.analysis (Qn)                       : [StructureManager] Q1: 0.182
03/11 14:42 [INFO] cshmd.analysis (Qn)                       : [StructureManager] Q2: 0.818
03/11 14:42 [INFO] cshmd.analysis (CS)                       : [StructureManager] C/S: 0.818
03/11 14:42 [DEBUG] cshmd.analysis (find_bond)               : find_bond O - H 
03/11 14:42 [DEBUG] cshmd.analysis (get_mole)                : get_mole O - H -> nbonds: 1
03/11 14:42 [DEBUG] cshmd.analysis (get_mole)                : get_mole O - H -> nbonds: 2
03/11 14:42 [DEBUG] cshmd.analysis (find_bond)               : find_bond C - O 
03/11 14:42 [DEBUG] cshmd.analysis (get_mole)                : get_mole C - O -> nbonds: 3
03/11 14:42 [DEBUG] cshmd.analysis (find_bond)               : find_bond Si - O 
03/11 14:42 [DEBUG] cshmd.analysis (get_mole)                : get_mole Si - O -> nbonds: 4
03/11 14:42 [INFO] cshmd.functions (cal_uniform_by_space)    : Number of molecules to add : 1320
03/11 14:42 [INFO] cshmd.functions (cal_uniform_by_space)    : Number of atoms per surface : 156
03/11 14:42 [INFO] cshmd.functions (cal_uniform_by_space)    : Number of layer : 9
03/11 14:42 [INFO] cshmd.structure (extendLattice)           : Extend lattice 40.411 44.551 30.988 -> 40.411 44.551 48.987 
03/11 14:42 [INFO] cif_modifier (exec_make_interface)        : Number of atoms: 3132 -> 7072
03/11 14:42 [INFO] cshmd.structure (labeling_by_clayff)      : Now get label according to 'Clayff' style
03/11 14:42 [DEBUG] cshmd.analysis (get_mole)                : get_mole O - H -> nbonds: 1
03/11 14:42 [DEBUG] cshmd.analysis (get_mole)                : get_mole O - H -> nbonds: 2
03/11 14:42 [DEBUG] cshmd.analysis (get_mole)                : get_mole Si - O -> nbonds: 4
03/11 14:42 [DEBUG] cshmd.analysis (get_mole)                : get_mole C - O -> nbonds: 3
03/11 14:42 [INFO] cshmd.structure (labeling_by_clayff)      : All atoms labeled by clayff
03/11 14:42 [INFO] cshmd.structure (labeling_by_clayff)      : Clayff charge: 48.300
03/11 14:42 [INFO] cshmd.structure (writeCif)                : Ca10wL5H1.cif was created
03/11 14:42 [INFO] cif_modifier (__init__)                   : Total charge: 72 -> 92
03/11 14:42 [INFO] cif_modifier (<module>)                   : Logger loaded
03/11 14:42 [INFO] cshmd.structure (__init__)                : L5H2.cif was loaded
03/11 14:42 [DEBUG] cshmd.analysis (__init__)                : [StructureManager] Now new data setted for get Bonds
03/11 14:42 [DEBUG] cshmd.analysis (__del_bond__)            : del -> Si_O O_H H_O Ca_O C_O BO
03/11 14:42 [DEBUG] cshmd.analysis (__initialize_mole__)     : initalize -> H2O SiO4 OH CO3 H3O
03/11 14:42 [DEBUG] cshmd.analysis (__initialize_mole__)     : initalize -> SiOH CaOH HCO3 H2CO3 H3CO3
03/11 14:42 [DEBUG] cshmd.analysis (find_bond)               : find_bond O - H 
03/11 14:42 [DEBUG] cshmd.common (time_wrapper)              : [RUNTIME] get_distance_table in 0.266 seconds
03/11 14:42 [DEBUG] cshmd.analysis (get_mole)                : get_mole O - H -> nbonds: 2
03/11 14:42 [DEBUG] cshmd.analysis (find_bond)               : find_bond Si - O 
03/11 14:42 [DEBUG] cshmd.common (time_wrapper)              : [RUNTIME] get_distance_table in 0.121 seconds
03/11 14:42 [DEBUG] cshmd.analysis (get_mole)                : get_mole Si - O -> nbonds: 4
03/11 14:42 [DEBUG] cshmd.analysis (get_mole)                : get_mole O - H -> nbonds: 1
03/11 14:42 [DEBUG] cshmd.analysis (find_bond)               : find_bond C - O 
03/11 14:42 [DEBUG] cshmd.analysis (get_mole)                : get_mole C - O -> nbonds: 3
03/11 14:42 [DEBUG] cshmd.analysis (get_mole)                : get_mole O - H -> nbonds: 3
03/11 14:42 [DEBUG] cshmd.analysis (find_bond)               : find_bond Ca - O 
03/11 14:42 [DEBUG] cshmd.common (time_wrapper)              : [RUNTIME] get_distance_table in 0.098 seconds
03/11 14:42 [INFO] cshmd.analysis (full_search)              : Search layer details
03/11 14:42 [DEBUG] cshmd.analysis (find_bond)               : find_bond Ca - O 
03/11 14:42 [DEBUG] cshmd.analysis (find_bond)               : find_bond Si - O 
03/11 14:42 [INFO] cshmd.analysis (__detail_search_oh_co3)   : No CO3 in basic search
03/11 14:42 [DEBUG] cshmd.analysis (__detail_search_oh_sioh) : Searching 'OH' in 'SiO4
03/11 14:42 [INFO] cshmd.analysis (__detail_search_oh_caoh)  : No CaOH in basic search
03/11 14:42 [INFO] cshmd.analysis (Qn)                       : [StructureManager] Q1: 0.182
03/11 14:42 [INFO] cshmd.analysis (Qn)                       : [StructureManager] Q2: 0.818
03/11 14:42 [INFO] cshmd.analysis (CS)                       : [StructureManager] C/S: 0.818
03/11 14:42 [INFO] cshmd.structure (extendLattice)           : Extend lattice 40.411 44.551 29.488 -> 40.411 44.551 30.988 
03/11 14:42 [INFO] cshmd.structure (writeCif)                : L5H2.cif was created
03/11 14:42 [INFO] cif_modifier (__init__)                   : Total charge: 144 -> 144
03/11 14:42 [INFO] cif_modifier (<module>)                   : Logger loaded
03/11 14:42 [INFO] cshmd.structure (__init__)                : L5H2.cif was loaded
03/11 14:42 [DEBUG] cshmd.analysis (__init__)                : [StructureManager] Now new data setted for get Bonds
03/11 14:42 [DEBUG] cshmd.analysis (__del_bond__)            : del -> Si_O O_H H_O Ca_O C_O BO
03/11 14:42 [DEBUG] cshmd.analysis (__initialize_mole__)     : initalize -> H2O SiO4 OH CO3 H3O
03/11 14:42 [DEBUG] cshmd.analysis (__initialize_mole__)     : initalize -> SiOH CaOH HCO3 H2CO3 H3CO3
03/11 14:42 [DEBUG] cshmd.analysis (find_bond)               : find_bond O - H 
03/11 14:42 [DEBUG] cshmd.common (time_wrapper)              : [RUNTIME] get_distance_table in 0.226 seconds
03/11 14:42 [DEBUG] cshmd.analysis (get_mole)                : get_mole O - H -> nbonds: 2
03/11 14:42 [DEBUG] cshmd.analysis (find_bond)               : find_bond Si - O 
03/11 14:42 [DEBUG] cshmd.common (time_wrapper)              : [RUNTIME] get_distance_table in 0.113 seconds
03/11 14:42 [DEBUG] cshmd.analysis (get_mole)                : get_mole Si - O -> nbonds: 4
03/11 14:42 [DEBUG] cshmd.analysis (get_mole)                : get_mole O - H -> nbonds: 1
03/11 14:42 [DEBUG] cshmd.analysis (find_bond)               : find_bond C - O 
03/11 14:42 [DEBUG] cshmd.analysis (get_mole)                : get_mole C - O -> nbonds: 3
03/11 14:42 [DEBUG] cshmd.analysis (get_mole)                : get_mole O - H -> nbonds: 3
03/11 14:42 [DEBUG] cshmd.analysis (find_bond)               : find_bond Ca - O 
03/11 14:42 [DEBUG] cshmd.common (time_wrapper)              : [RUNTIME] get_distance_table in 0.123 seconds
03/11 14:42 [INFO] cshmd.analysis (full_search)              : Search layer details
03/11 14:42 [DEBUG] cshmd.analysis (find_bond)               : find_bond Ca - O 
03/11 14:42 [DEBUG] cshmd.analysis (find_bond)               : find_bond Si - O 
03/11 14:42 [INFO] cshmd.analysis (__detail_search_oh_co3)   : No CO3 in basic search
03/11 14:42 [DEBUG] cshmd.analysis (__detail_search_oh_sioh) : Searching 'OH' in 'SiO4
03/11 14:42 [INFO] cshmd.analysis (__detail_search_oh_caoh)  : No CaOH in basic search
03/11 14:42 [INFO] cshmd.analysis (Qn)                       : [StructureManager] Q1: 0.182
03/11 14:42 [INFO] cshmd.analysis (Qn)                       : [StructureManager] Q2: 0.818
03/11 14:42 [INFO] cshmd.analysis (CS)                       : [StructureManager] C/S: 0.818
03/11 14:42 [DEBUG] cshmd.analysis (find_bond)               : find_bond O - H 
03/11 14:42 [DEBUG] cshmd.analysis (get_mole)                : get_mole O - H -> nbonds: 1
03/11 14:42 [DEBUG] cshmd.analysis (get_mole)                : get_mole O - H -> nbonds: 2
03/11 14:42 [DEBUG] cshmd.analysis (find_bond)               : find_bond C - O 
03/11 14:42 [DEBUG] cshmd.analysis (get_mole)                : get_mole C - O -> nbonds: 3
03/11 14:42 [DEBUG] cshmd.analysis (find_bond)               : find_bond Si - O 
03/11 14:42 [DEBUG] cshmd.analysis (get_mole)                : get_mole Si - O -> nbonds: 4
03/11 14:42 [INFO] cshmd.functions (cal_uniform_by_space)    : Number of molecules to add : 1320
03/11 14:42 [INFO] cshmd.functions (cal_uniform_by_space)    : Number of atoms per surface : 156
03/11 14:42 [INFO] cshmd.functions (cal_uniform_by_space)    : Number of layer : 9
03/11 14:42 [INFO] cshmd.structure (extendLattice)           : Extend lattice 40.411 44.551 30.988 -> 40.411 44.551 48.987 
03/11 14:42 [INFO] cif_modifier (exec_make_interface)        : Number of atoms: 3204 -> 7144
03/11 14:42 [INFO] cshmd.structure (labeling_by_clayff)      : Now get label according to 'Clayff' style
03/11 14:42 [DEBUG] cshmd.analysis (get_mole)                : get_mole O - H -> nbonds: 1
03/11 14:42 [DEBUG] cshmd.analysis (get_mole)                : get_mole O - H -> nbonds: 2
03/11 14:42 [DEBUG] cshmd.analysis (get_mole)                : get_mole Si - O -> nbonds: 4
03/11 14:42 [DEBUG] cshmd.analysis (get_mole)                : get_mole C - O -> nbonds: 3
03/11 14:42 [INFO] cshmd.structure (labeling_by_clayff)      : All atoms labeled by clayff
03/11 14:42 [INFO] cshmd.structure (labeling_by_clayff)      : Clayff charge: 86.100
03/11 14:42 [INFO] cshmd.structure (writeCif)                : Ca10wL5H2.cif was created
03/11 14:42 [INFO] cif_modifier (__init__)                   : Total charge: 144 -> 164
03/11 14:42 [INFO] cif_modifier (<module>)                   : Logger loaded
03/11 14:42 [INFO] cshmd.structure (__init__)                : LiH0.cif was loaded
03/11 14:42 [DEBUG] cshmd.analysis (__init__)                : [StructureManager] Now new data setted for get Bonds
03/11 14:42 [DEBUG] cshmd.analysis (__del_bond__)            : del -> Si_O O_H H_O Ca_O C_O BO
03/11 14:42 [DEBUG] cshmd.analysis (__initialize_mole__)     : initalize -> H2O SiO4 OH CO3 H3O
03/11 14:42 [DEBUG] cshmd.analysis (__initialize_mole__)     : initalize -> SiOH CaOH HCO3 H2CO3 H3CO3
03/11 14:42 [DEBUG] cshmd.analysis (find_bond)               : find_bond O - H 
03/11 14:42 [DEBUG] cshmd.common (time_wrapper)              : [RUNTIME] get_distance_table in 0.210 seconds
03/11 14:42 [DEBUG] cshmd.analysis (get_mole)                : get_mole O - H -> nbonds: 2
03/11 14:42 [DEBUG] cshmd.analysis (find_bond)               : find_bond Si - O 
03/11 14:42 [DEBUG] cshmd.common (time_wrapper)              : [RUNTIME] get_distance_table in 0.128 seconds
03/11 14:42 [DEBUG] cshmd.analysis (get_mole)                : get_mole Si - O -> nbonds: 4
03/11 14:42 [DEBUG] cshmd.analysis (get_mole)                : get_mole O - H -> nbonds: 1
03/11 14:42 [DEBUG] cshmd.analysis (find_bond)               : find_bond C - O 
03/11 14:42 [DEBUG] cshmd.analysis (get_mole)                : get_mole C - O -> nbonds: 3
03/11 14:42 [DEBUG] cshmd.analysis (get_mole)                : get_mole O - H -> nbonds: 3
03/11 14:42 [DEBUG] cshmd.analysis (find_bond)               : find_bond Ca - O 
03/11 14:42 [DEBUG] cshmd.common (time_wrapper)              : [RUNTIME] get_distance_table in 0.112 seconds
03/11 14:42 [INFO] cshmd.analysis (full_search)              : Search layer details
03/11 14:42 [DEBUG] cshmd.analysis (find_bond)               : find_bond Ca - O 
03/11 14:42 [DEBUG] cshmd.analysis (find_bond)               : find_bond Si - O 
03/11 14:42 [INFO] cshmd.analysis (__detail_search_oh_co3)   : No CO3 in basic search
03/11 14:42 [DEBUG] cshmd.analysis (__detail_search_oh_sioh) : Searching 'OH' in 'SiO4
03/11 14:42 [INFO] cshmd.analysis (__detail_search_oh_caoh)  : No CaOH in basic search
03/11 14:42 [INFO] cshmd.analysis (Qn)                       : [StructureManager] Q2: 1.000
03/11 14:42 [INFO] cshmd.analysis (CS)                       : [StructureManager] C/S: 0.750
03/11 14:42 [INFO] cshmd.structure (extendLattice)           : Extend lattice 40.411 44.551 27.988 -> 40.411 44.551 29.488 
03/11 14:42 [INFO] cshmd.structure (writeCif)                : LiH0.cif was created
03/11 14:42 [INFO] cif_modifier (__init__)                   : Total charge: 0 -> 0
03/11 14:42 [INFO] cif_modifier (<module>)                   : Logger loaded
03/11 14:42 [INFO] cshmd.structure (__init__)                : LiH0.cif was loaded
03/11 14:42 [DEBUG] cshmd.analysis (__init__)                : [StructureManager] Now new data setted for get Bonds
03/11 14:42 [DEBUG] cshmd.analysis (__del_bond__)            : del -> Si_O O_H H_O Ca_O C_O BO
03/11 14:42 [DEBUG] cshmd.analysis (__initialize_mole__)     : initalize -> H2O SiO4 OH CO3 H3O
03/11 14:42 [DEBUG] cshmd.analysis (__initialize_mole__)     : initalize -> SiOH CaOH HCO3 H2CO3 H3CO3
03/11 14:42 [DEBUG] cshmd.analysis (find_bond)               : find_bond O - H 
03/11 14:42 [DEBUG] cshmd.common (time_wrapper)              : [RUNTIME] get_distance_table in 0.194 seconds
03/11 14:42 [DEBUG] cshmd.analysis (get_mole)                : get_mole O - H -> nbonds: 2
03/11 14:42 [DEBUG] cshmd.analysis (find_bond)               : find_bond Si - O 
03/11 14:42 [DEBUG] cshmd.common (time_wrapper)              : [RUNTIME] get_distance_table in 0.132 seconds
03/11 14:42 [DEBUG] cshmd.analysis (get_mole)                : get_mole Si - O -> nbonds: 4
03/11 14:42 [DEBUG] cshmd.analysis (get_mole)                : get_mole O - H -> nbonds: 1
03/11 14:42 [DEBUG] cshmd.analysis (find_bond)               : find_bond C - O 
03/11 14:42 [DEBUG] cshmd.analysis (get_mole)                : get_mole C - O -> nbonds: 3
03/11 14:42 [DEBUG] cshmd.analysis (get_mole)                : get_mole O - H -> nbonds: 3
03/11 14:42 [DEBUG] cshmd.analysis (find_bond)               : find_bond Ca - O 
03/11 14:42 [DEBUG] cshmd.common (time_wrapper)              : [RUNTIME] get_distance_table in 0.123 seconds
03/11 14:42 [INFO] cshmd.analysis (full_search)              : Search layer details
03/11 14:42 [DEBUG] cshmd.analysis (find_bond)               : find_bond Ca - O 
03/11 14:42 [DEBUG] cshmd.analysis (find_bond)               : find_bond Si - O 
03/11 14:42 [INFO] cshmd.analysis (__detail_search_oh_co3)   : No CO3 in basic search
03/11 14:42 [DEBUG] cshmd.analysis (__detail_search_oh_sioh) : Searching 'OH' in 'SiO4
03/11 14:42 [INFO] cshmd.analysis (__detail_search_oh_caoh)  : No CaOH in basic search
03/11 14:42 [INFO] cshmd.analysis (Qn)                       : [StructureManager] Q2: 1.000
03/11 14:42 [INFO] cshmd.analysis (CS)                       : [StructureManager] C/S: 0.750
03/11 14:42 [DEBUG] cshmd.analysis (find_bond)               : find_bond O - H 
03/11 14:42 [DEBUG] cshmd.analysis (get_mole)                : get_mole O - H -> nbonds: 1
03/11 14:42 [DEBUG] cshmd.analysis (get_mole)                : get_mole O - H -> nbonds: 2
03/11 14:42 [DEBUG] cshmd.analysis (find_bond)               : find_bond C - O 
03/11 14:42 [DEBUG] cshmd.analysis (get_mole)                : get_mole C - O -> nbonds: 3
03/11 14:42 [DEBUG] cshmd.analysis (find_bond)               : find_bond Si - O 
03/11 14:42 [DEBUG] cshmd.analysis (get_mole)                : get_mole Si - O -> nbonds: 4
03/11 14:42 [INFO] cshmd.functions (cal_uniform_by_space)    : Number of molecules to add : 1320
03/11 14:42 [INFO] cshmd.functions (cal_uniform_by_space)    : Number of atoms per surface : 156
03/11 14:42 [INFO] cshmd.functions (cal_uniform_by_space)    : Number of layer : 9
03/11 14:42 [INFO] cshmd.structure (extendLattice)           : Extend lattice 40.411 44.551 29.488 -> 40.411 44.551 47.487 
03/11 14:42 [INFO] cif_modifier (exec_make_interface)        : Number of atoms: 3168 -> 7108
03/11 14:42 [INFO] cshmd.structure (labeling_by_clayff)      : Now get label according to 'Clayff' style
03/11 14:42 [DEBUG] cshmd.analysis (get_mole)                : get_mole O - H -> nbonds: 1
03/11 14:42 [DEBUG] cshmd.analysis (get_mole)                : get_mole O - H -> nbonds: 2
03/11 14:42 [DEBUG] cshmd.analysis (get_mole)                : get_mole Si - O -> nbonds: 4
03/11 14:42 [DEBUG] cshmd.analysis (get_mole)                : get_mole C - O -> nbonds: 3
03/11 14:42 [INFO] cshmd.structure (labeling_by_clayff)      : All atoms labeled by clayff
03/11 14:42 [INFO] cshmd.structure (labeling_by_clayff)      : Clayff charge: 10.500
03/11 14:42 [INFO] cshmd.structure (writeCif)                : Ca10wLiH0.cif was created
03/11 14:42 [INFO] cif_modifier (__init__)                   : Total charge: 0 -> 20
03/11 14:42 [INFO] cif_modifier (<module>)                   : Logger loaded
03/11 14:42 [INFO] cshmd.structure (__init__)                : LiH1.cif was loaded
03/11 14:42 [DEBUG] cshmd.analysis (__init__)                : [StructureManager] Now new data setted for get Bonds
03/11 14:42 [DEBUG] cshmd.analysis (__del_bond__)            : del -> Si_O O_H H_O Ca_O C_O BO
03/11 14:42 [DEBUG] cshmd.analysis (__initialize_mole__)     : initalize -> H2O SiO4 OH CO3 H3O
03/11 14:42 [DEBUG] cshmd.analysis (__initialize_mole__)     : initalize -> SiOH CaOH HCO3 H2CO3 H3CO3
03/11 14:42 [DEBUG] cshmd.analysis (find_bond)               : find_bond O - H 
03/11 14:42 [DEBUG] cshmd.common (time_wrapper)              : [RUNTIME] get_distance_table in 0.214 seconds
03/11 14:42 [DEBUG] cshmd.analysis (get_mole)                : get_mole O - H -> nbonds: 2
03/11 14:42 [DEBUG] cshmd.analysis (find_bond)               : find_bond Si - O 
03/11 14:42 [DEBUG] cshmd.common (time_wrapper)              : [RUNTIME] get_distance_table in 0.131 seconds
03/11 14:42 [DEBUG] cshmd.analysis (get_mole)                : get_mole Si - O -> nbonds: 4
03/11 14:42 [DEBUG] cshmd.analysis (get_mole)                : get_mole O - H -> nbonds: 1
03/11 14:42 [DEBUG] cshmd.analysis (find_bond)               : find_bond C - O 
03/11 14:42 [DEBUG] cshmd.analysis (get_mole)                : get_mole C - O -> nbonds: 3
03/11 14:42 [DEBUG] cshmd.analysis (get_mole)                : get_mole O - H -> nbonds: 3
03/11 14:42 [DEBUG] cshmd.analysis (find_bond)               : find_bond Ca - O 
03/11 14:42 [DEBUG] cshmd.common (time_wrapper)              : [RUNTIME] get_distance_table in 0.105 seconds
03/11 14:42 [INFO] cshmd.analysis (full_search)              : Search layer details
03/11 14:42 [DEBUG] cshmd.analysis (find_bond)               : find_bond Ca - O 
03/11 14:42 [DEBUG] cshmd.analysis (find_bond)               : find_bond Si - O 
03/11 14:42 [INFO] cshmd.analysis (__detail_search_oh_co3)   : No CO3 in basic search
03/11 14:42 [DEBUG] cshmd.analysis (__detail_search_oh_sioh) : Searching 'OH' in 'SiO4
03/11 14:42 [INFO] cshmd.analysis (__detail_search_oh_caoh)  : No CaOH in basic search
03/11 14:42 [INFO] cshmd.analysis (Qn)                       : [StructureManager] Q2: 1.000
03/11 14:42 [INFO] cshmd.analysis (CS)                       : [StructureManager] C/S: 0.750
03/11 14:42 [INFO] cshmd.structure (extendLattice)           : Extend lattice 40.411 44.551 29.488 -> 40.411 44.551 30.988 
03/11 14:42 [INFO] cshmd.structure (writeCif)                : LiH1.cif was created
03/11 14:42 [INFO] cif_modifier (__init__)                   : Total charge: 72 -> 72
03/11 14:42 [INFO] cif_modifier (<module>)                   : Logger loaded
03/11 14:42 [INFO] cshmd.structure (__init__)                : LiH1.cif was loaded
03/11 14:42 [DEBUG] cshmd.analysis (__init__)                : [StructureManager] Now new data setted for get Bonds
03/11 14:42 [DEBUG] cshmd.analysis (__del_bond__)            : del -> Si_O O_H H_O Ca_O C_O BO
03/11 14:42 [DEBUG] cshmd.analysis (__initialize_mole__)     : initalize -> H2O SiO4 OH CO3 H3O
03/11 14:42 [DEBUG] cshmd.analysis (__initialize_mole__)     : initalize -> SiOH CaOH HCO3 H2CO3 H3CO3
03/11 14:42 [DEBUG] cshmd.analysis (find_bond)               : find_bond O - H 
03/11 14:42 [DEBUG] cshmd.common (time_wrapper)              : [RUNTIME] get_distance_table in 0.233 seconds
03/11 14:42 [DEBUG] cshmd.analysis (get_mole)                : get_mole O - H -> nbonds: 2
03/11 14:42 [DEBUG] cshmd.analysis (find_bond)               : find_bond Si - O 
03/11 14:42 [DEBUG] cshmd.common (time_wrapper)              : [RUNTIME] get_distance_table in 0.131 seconds
03/11 14:42 [DEBUG] cshmd.analysis (get_mole)                : get_mole Si - O -> nbonds: 4
03/11 14:42 [DEBUG] cshmd.analysis (get_mole)                : get_mole O - H -> nbonds: 1
03/11 14:42 [DEBUG] cshmd.analysis (find_bond)               : find_bond C - O 
03/11 14:42 [DEBUG] cshmd.analysis (get_mole)                : get_mole C - O -> nbonds: 3
03/11 14:42 [DEBUG] cshmd.analysis (get_mole)                : get_mole O - H -> nbonds: 3
03/11 14:42 [DEBUG] cshmd.analysis (find_bond)               : find_bond Ca - O 
03/11 14:42 [DEBUG] cshmd.common (time_wrapper)              : [RUNTIME] get_distance_table in 0.116 seconds
03/11 14:42 [INFO] cshmd.analysis (full_search)              : Search layer details
03/11 14:42 [DEBUG] cshmd.analysis (find_bond)               : find_bond Ca - O 
03/11 14:42 [DEBUG] cshmd.analysis (find_bond)               : find_bond Si - O 
03/11 14:42 [INFO] cshmd.analysis (__detail_search_oh_co3)   : No CO3 in basic search
03/11 14:42 [DEBUG] cshmd.analysis (__detail_search_oh_sioh) : Searching 'OH' in 'SiO4
03/11 14:42 [INFO] cshmd.analysis (__detail_search_oh_caoh)  : No CaOH in basic search
03/11 14:42 [INFO] cshmd.analysis (Qn)                       : [StructureManager] Q2: 1.000
03/11 14:42 [INFO] cshmd.analysis (CS)                       : [StructureManager] C/S: 0.750
03/11 14:42 [DEBUG] cshmd.analysis (find_bond)               : find_bond O - H 
03/11 14:42 [DEBUG] cshmd.analysis (get_mole)                : get_mole O - H -> nbonds: 1
03/11 14:42 [DEBUG] cshmd.analysis (get_mole)                : get_mole O - H -> nbonds: 2
03/11 14:42 [DEBUG] cshmd.analysis (find_bond)               : find_bond C - O 
03/11 14:42 [DEBUG] cshmd.analysis (get_mole)                : get_mole C - O -> nbonds: 3
03/11 14:42 [DEBUG] cshmd.analysis (find_bond)               : find_bond Si - O 
03/11 14:42 [DEBUG] cshmd.analysis (get_mole)                : get_mole Si - O -> nbonds: 4
03/11 14:42 [INFO] cshmd.functions (cal_uniform_by_space)    : Number of molecules to add : 1320
03/11 14:42 [INFO] cshmd.functions (cal_uniform_by_space)    : Number of atoms per surface : 156
03/11 14:42 [INFO] cshmd.functions (cal_uniform_by_space)    : Number of layer : 9
03/11 14:42 [INFO] cshmd.structure (extendLattice)           : Extend lattice 40.411 44.551 30.988 -> 40.411 44.551 48.987 
03/11 14:42 [INFO] cif_modifier (exec_make_interface)        : Number of atoms: 3240 -> 7180
03/11 14:42 [INFO] cshmd.structure (labeling_by_clayff)      : Now get label according to 'Clayff' style
03/11 14:42 [DEBUG] cshmd.analysis (get_mole)                : get_mole O - H -> nbonds: 1
03/11 14:42 [DEBUG] cshmd.analysis (get_mole)                : get_mole O - H -> nbonds: 2
03/11 14:42 [DEBUG] cshmd.analysis (get_mole)                : get_mole Si - O -> nbonds: 4
03/11 14:42 [DEBUG] cshmd.analysis (get_mole)                : get_mole C - O -> nbonds: 3
03/11 14:42 [INFO] cshmd.structure (labeling_by_clayff)      : All atoms labeled by clayff
03/11 14:42 [INFO] cshmd.structure (labeling_by_clayff)      : Clayff charge: 48.300
03/11 14:42 [INFO] cshmd.structure (writeCif)                : Ca10wLiH1.cif was created
03/11 14:42 [INFO] cif_modifier (__init__)                   : Total charge: 72 -> 92
03/11 14:42 [INFO] cif_modifier (<module>)                   : Logger loaded
03/11 14:42 [INFO] cshmd.structure (__init__)                : LiH2.cif was loaded
03/11 14:42 [DEBUG] cshmd.analysis (__init__)                : [StructureManager] Now new data setted for get Bonds
03/11 14:42 [DEBUG] cshmd.analysis (__del_bond__)            : del -> Si_O O_H H_O Ca_O C_O BO
03/11 14:42 [DEBUG] cshmd.analysis (__initialize_mole__)     : initalize -> H2O SiO4 OH CO3 H3O
03/11 14:42 [DEBUG] cshmd.analysis (__initialize_mole__)     : initalize -> SiOH CaOH HCO3 H2CO3 H3CO3
03/11 14:42 [DEBUG] cshmd.analysis (find_bond)               : find_bond O - H 
03/11 14:42 [DEBUG] cshmd.common (time_wrapper)              : [RUNTIME] get_distance_table in 0.258 seconds
03/11 14:42 [DEBUG] cshmd.analysis (get_mole)                : get_mole O - H -> nbonds: 2
03/11 14:42 [DEBUG] cshmd.analysis (find_bond)               : find_bond Si - O 
03/11 14:42 [DEBUG] cshmd.common (time_wrapper)              : [RUNTIME] get_distance_table in 0.150 seconds
03/11 14:42 [DEBUG] cshmd.analysis (get_mole)                : get_mole Si - O -> nbonds: 4
03/11 14:42 [DEBUG] cshmd.analysis (get_mole)                : get_mole O - H -> nbonds: 1
03/11 14:42 [DEBUG] cshmd.analysis (find_bond)               : find_bond C - O 
03/11 14:42 [DEBUG] cshmd.analysis (get_mole)                : get_mole C - O -> nbonds: 3
03/11 14:42 [DEBUG] cshmd.analysis (get_mole)                : get_mole O - H -> nbonds: 3
03/11 14:42 [DEBUG] cshmd.analysis (find_bond)               : find_bond Ca - O 
03/11 14:42 [DEBUG] cshmd.common (time_wrapper)              : [RUNTIME] get_distance_table in 0.124 seconds
03/11 14:42 [INFO] cshmd.analysis (full_search)              : Search layer details
03/11 14:42 [DEBUG] cshmd.analysis (find_bond)               : find_bond Ca - O 
03/11 14:42 [DEBUG] cshmd.analysis (find_bond)               : find_bond Si - O 
03/11 14:42 [INFO] cshmd.analysis (__detail_search_oh_co3)   : No CO3 in basic search
03/11 14:42 [DEBUG] cshmd.analysis (__detail_search_oh_sioh) : Searching 'OH' in 'SiO4
03/11 14:42 [INFO] cshmd.analysis (__detail_search_oh_caoh)  : No CaOH in basic search
03/11 14:42 [INFO] cshmd.analysis (Qn)                       : [StructureManager] Q2: 1.000
03/11 14:42 [INFO] cshmd.analysis (CS)                       : [StructureManager] C/S: 0.750
03/11 14:42 [INFO] cshmd.structure (extendLattice)           : Extend lattice 40.411 44.551 27.988 -> 40.411 44.551 29.488 
03/11 14:42 [INFO] cshmd.structure (writeCif)                : LiH2.cif was created
03/11 14:42 [INFO] cif_modifier (__init__)                   : Total charge: 144 -> 144
03/11 14:42 [INFO] cif_modifier (<module>)                   : Logger loaded
03/11 14:42 [INFO] cshmd.structure (__init__)                : LiH2.cif was loaded
03/11 14:42 [DEBUG] cshmd.analysis (__init__)                : [StructureManager] Now new data setted for get Bonds
03/11 14:42 [DEBUG] cshmd.analysis (__del_bond__)            : del -> Si_O O_H H_O Ca_O C_O BO
03/11 14:42 [DEBUG] cshmd.analysis (__initialize_mole__)     : initalize -> H2O SiO4 OH CO3 H3O
03/11 14:42 [DEBUG] cshmd.analysis (__initialize_mole__)     : initalize -> SiOH CaOH HCO3 H2CO3 H3CO3
03/11 14:42 [DEBUG] cshmd.analysis (find_bond)               : find_bond O - H 
03/11 14:42 [DEBUG] cshmd.common (time_wrapper)              : [RUNTIME] get_distance_table in 0.271 seconds
03/11 14:42 [DEBUG] cshmd.analysis (get_mole)                : get_mole O - H -> nbonds: 2
03/11 14:42 [DEBUG] cshmd.analysis (find_bond)               : find_bond Si - O 
03/11 14:42 [DEBUG] cshmd.common (time_wrapper)              : [RUNTIME] get_distance_table in 0.131 seconds
03/11 14:42 [DEBUG] cshmd.analysis (get_mole)                : get_mole Si - O -> nbonds: 4
03/11 14:42 [DEBUG] cshmd.analysis (get_mole)                : get_mole O - H -> nbonds: 1
03/11 14:42 [DEBUG] cshmd.analysis (find_bond)               : find_bond C - O 
03/11 14:42 [DEBUG] cshmd.analysis (get_mole)                : get_mole C - O -> nbonds: 3
03/11 14:42 [DEBUG] cshmd.analysis (get_mole)                : get_mole O - H -> nbonds: 3
03/11 14:42 [DEBUG] cshmd.analysis (find_bond)               : find_bond Ca - O 
03/11 14:42 [DEBUG] cshmd.common (time_wrapper)              : [RUNTIME] get_distance_table in 0.116 seconds
03/11 14:42 [INFO] cshmd.analysis (full_search)              : Search layer details
03/11 14:42 [DEBUG] cshmd.analysis (find_bond)               : find_bond Ca - O 
03/11 14:42 [DEBUG] cshmd.analysis (find_bond)               : find_bond Si - O 
03/11 14:42 [INFO] cshmd.analysis (__detail_search_oh_co3)   : No CO3 in basic search
03/11 14:42 [DEBUG] cshmd.analysis (__detail_search_oh_sioh) : Searching 'OH' in 'SiO4
03/11 14:42 [INFO] cshmd.analysis (__detail_search_oh_caoh)  : No CaOH in basic search
03/11 14:42 [INFO] cshmd.analysis (Qn)                       : [StructureManager] Q2: 1.000
03/11 14:42 [INFO] cshmd.analysis (CS)                       : [StructureManager] C/S: 0.750
03/11 14:42 [DEBUG] cshmd.analysis (find_bond)               : find_bond O - H 
03/11 14:42 [DEBUG] cshmd.analysis (get_mole)                : get_mole O - H -> nbonds: 1
03/11 14:42 [DEBUG] cshmd.analysis (get_mole)                : get_mole O - H -> nbonds: 2
03/11 14:42 [DEBUG] cshmd.analysis (find_bond)               : find_bond C - O 
03/11 14:42 [DEBUG] cshmd.analysis (get_mole)                : get_mole C - O -> nbonds: 3
03/11 14:42 [DEBUG] cshmd.analysis (find_bond)               : find_bond Si - O 
03/11 14:42 [DEBUG] cshmd.analysis (get_mole)                : get_mole Si - O -> nbonds: 4
03/11 14:42 [INFO] cshmd.functions (cal_uniform_by_space)    : Number of molecules to add : 1320
03/11 14:42 [INFO] cshmd.functions (cal_uniform_by_space)    : Number of atoms per surface : 156
03/11 14:42 [INFO] cshmd.functions (cal_uniform_by_space)    : Number of layer : 9
03/11 14:42 [INFO] cshmd.structure (extendLattice)           : Extend lattice 40.411 44.551 29.488 -> 40.411 44.551 47.487 
03/11 14:42 [INFO] cif_modifier (exec_make_interface)        : Number of atoms: 3312 -> 7252
03/11 14:42 [INFO] cshmd.structure (labeling_by_clayff)      : Now get label according to 'Clayff' style
03/11 14:42 [DEBUG] cshmd.analysis (get_mole)                : get_mole O - H -> nbonds: 1
03/11 14:42 [DEBUG] cshmd.analysis (get_mole)                : get_mole O - H -> nbonds: 2
03/11 14:42 [DEBUG] cshmd.analysis (get_mole)                : get_mole Si - O -> nbonds: 4
03/11 14:42 [DEBUG] cshmd.analysis (get_mole)                : get_mole C - O -> nbonds: 3
03/11 14:42 [INFO] cshmd.structure (labeling_by_clayff)      : All atoms labeled by clayff
03/11 14:42 [INFO] cshmd.structure (labeling_by_clayff)      : Clayff charge: 86.100
03/11 14:42 [INFO] cshmd.structure (writeCif)                : Ca10wLiH2.cif was created
03/11 14:42 [INFO] cif_modifier (__init__)                   : Total charge: 144 -> 164
03/11 15:43 [INFO] cif_modifier (<module>)                   : Logger loaded
03/11 15:43 [INFO] cshmd.structure (__init__)                : L2H0.cif was loaded
03/11 15:43 [DEBUG] cshmd.analysis (__init__)                : [StructureManager] Now new data setted for get Bonds
03/11 15:43 [DEBUG] cshmd.analysis (__del_bond__)            : del -> Si_O O_H H_O Ca_O C_O BO
03/11 15:43 [DEBUG] cshmd.analysis (__initialize_mole__)     : initalize -> H2O SiO4 OH CO3 H3O
03/11 15:43 [DEBUG] cshmd.analysis (__initialize_mole__)     : initalize -> SiOH CaOH HCO3 H2CO3 H3CO3
03/11 15:43 [DEBUG] cshmd.analysis (find_bond)               : find_bond O - H 
03/11 15:43 [DEBUG] cshmd.common (time_wrapper)              : [RUNTIME] get_distance_table in 0.196 seconds
03/11 15:43 [DEBUG] cshmd.analysis (get_mole)                : get_mole O - H -> nbonds: 2
03/11 15:43 [DEBUG] cshmd.analysis (find_bond)               : find_bond Si - O 
03/11 15:43 [DEBUG] cshmd.common (time_wrapper)              : [RUNTIME] get_distance_table in 0.106 seconds
03/11 15:43 [DEBUG] cshmd.analysis (get_mole)                : get_mole Si - O -> nbonds: 4
03/11 15:43 [DEBUG] cshmd.analysis (get_mole)                : get_mole O - H -> nbonds: 1
03/11 15:43 [DEBUG] cshmd.analysis (find_bond)               : find_bond C - O 
03/11 15:43 [DEBUG] cshmd.analysis (get_mole)                : get_mole C - O -> nbonds: 3
03/11 15:43 [DEBUG] cshmd.analysis (get_mole)                : get_mole O - H -> nbonds: 3
03/11 15:43 [DEBUG] cshmd.analysis (find_bond)               : find_bond Ca - O 
03/11 15:43 [DEBUG] cshmd.common (time_wrapper)              : [RUNTIME] get_distance_table in 0.099 seconds
03/11 15:43 [INFO] cshmd.analysis (full_search)              : Search layer details
03/11 15:43 [DEBUG] cshmd.analysis (find_bond)               : find_bond Ca - O 
03/11 15:43 [DEBUG] cshmd.analysis (find_bond)               : find_bond Si - O 
03/11 15:43 [INFO] cshmd.analysis (__detail_search_oh_co3)   : No CO3 in basic search
03/11 15:43 [DEBUG] cshmd.analysis (__detail_search_oh_sioh) : Searching 'OH' in 'SiO4
03/11 15:43 [INFO] cshmd.analysis (__detail_search_oh_caoh)  : No CaOH in basic search
03/11 15:43 [INFO] cshmd.analysis (Qn)                       : [StructureManager] Q1: 0.400
03/11 15:43 [INFO] cshmd.analysis (Qn)                       : [StructureManager] Q2: 0.600
03/11 15:43 [INFO] cshmd.analysis (CS)                       : [StructureManager] C/S: 0.900
03/11 15:43 [INFO] cshmd.structure (extendLattice)           : Extend lattice 40.411 44.551 29.488 -> 40.411 44.551 30.988 
03/11 15:43 [INFO] cshmd.structure (writeCif)                : L2H0.cif was created
03/11 15:43 [INFO] cif_modifier (__init__)                   : Total charge: 0 -> 0
03/11 15:43 [INFO] cif_modifier (<module>)                   : Logger loaded
03/11 15:43 [INFO] cshmd.structure (__init__)                : L2H0.cif was loaded
03/11 15:43 [DEBUG] cshmd.analysis (__init__)                : [StructureManager] Now new data setted for get Bonds
03/11 15:43 [DEBUG] cshmd.analysis (__del_bond__)            : del -> Si_O O_H H_O Ca_O C_O BO
03/11 15:43 [DEBUG] cshmd.analysis (__initialize_mole__)     : initalize -> H2O SiO4 OH CO3 H3O
03/11 15:43 [DEBUG] cshmd.analysis (__initialize_mole__)     : initalize -> SiOH CaOH HCO3 H2CO3 H3CO3
03/11 15:43 [DEBUG] cshmd.analysis (find_bond)               : find_bond O - H 
03/11 15:43 [DEBUG] cshmd.common (time_wrapper)              : [RUNTIME] get_distance_table in 0.176 seconds
03/11 15:43 [DEBUG] cshmd.analysis (get_mole)                : get_mole O - H -> nbonds: 2
03/11 15:43 [DEBUG] cshmd.analysis (find_bond)               : find_bond Si - O 
03/11 15:43 [DEBUG] cshmd.common (time_wrapper)              : [RUNTIME] get_distance_table in 0.090 seconds
03/11 15:43 [DEBUG] cshmd.analysis (get_mole)                : get_mole Si - O -> nbonds: 4
03/11 15:43 [DEBUG] cshmd.analysis (get_mole)                : get_mole O - H -> nbonds: 1
03/11 15:43 [DEBUG] cshmd.analysis (find_bond)               : find_bond C - O 
03/11 15:43 [DEBUG] cshmd.analysis (get_mole)                : get_mole C - O -> nbonds: 3
03/11 15:43 [DEBUG] cshmd.analysis (get_mole)                : get_mole O - H -> nbonds: 3
03/11 15:43 [DEBUG] cshmd.analysis (find_bond)               : find_bond Ca - O 
03/11 15:43 [DEBUG] cshmd.common (time_wrapper)              : [RUNTIME] get_distance_table in 0.110 seconds
03/11 15:43 [INFO] cshmd.analysis (full_search)              : Search layer details
03/11 15:43 [DEBUG] cshmd.analysis (find_bond)               : find_bond Ca - O 
03/11 15:43 [DEBUG] cshmd.analysis (find_bond)               : find_bond Si - O 
03/11 15:43 [INFO] cshmd.analysis (__detail_search_oh_co3)   : No CO3 in basic search
03/11 15:43 [DEBUG] cshmd.analysis (__detail_search_oh_sioh) : Searching 'OH' in 'SiO4
03/11 15:43 [INFO] cshmd.analysis (__detail_search_oh_caoh)  : No CaOH in basic search
03/11 15:43 [INFO] cshmd.analysis (Qn)                       : [StructureManager] Q1: 0.400
03/11 15:43 [INFO] cshmd.analysis (Qn)                       : [StructureManager] Q2: 0.600
03/11 15:43 [INFO] cshmd.analysis (CS)                       : [StructureManager] C/S: 0.900
03/11 15:43 [DEBUG] cshmd.analysis (find_bond)               : find_bond O - H 
03/11 15:43 [DEBUG] cshmd.analysis (get_mole)                : get_mole O - H -> nbonds: 1
03/11 15:43 [DEBUG] cshmd.analysis (get_mole)                : get_mole O - H -> nbonds: 2
03/11 15:43 [DEBUG] cshmd.analysis (find_bond)               : find_bond C - O 
03/11 15:43 [DEBUG] cshmd.analysis (get_mole)                : get_mole C - O -> nbonds: 3
03/11 15:43 [DEBUG] cshmd.analysis (find_bond)               : find_bond Si - O 
03/11 15:43 [DEBUG] cshmd.analysis (get_mole)                : get_mole Si - O -> nbonds: 4
03/11 15:43 [INFO] cshmd.functions (cal_uniform_by_space)    : Number of molecules to add : 2620
03/11 15:43 [INFO] cshmd.functions (cal_uniform_by_space)    : Number of atoms per surface : 156
03/11 15:43 [INFO] cshmd.functions (cal_uniform_by_space)    : Number of layer : 17
03/11 15:43 [INFO] cshmd.structure (extendLattice)           : Extend lattice 40.411 44.551 30.988 -> 40.411 44.551 64.987 
03/11 15:43 [INFO] cif_modifier (exec_make_interface)        : Number of atoms: 2952 -> 10812
03/11 15:43 [INFO] cshmd.structure (labeling_by_clayff)      : Now get label according to 'Clayff' style
03/11 15:43 [DEBUG] cshmd.analysis (get_mole)                : get_mole O - H -> nbonds: 1
03/11 15:43 [DEBUG] cshmd.analysis (get_mole)                : get_mole O - H -> nbonds: 2
03/11 15:43 [DEBUG] cshmd.analysis (get_mole)                : get_mole Si - O -> nbonds: 4
03/11 15:43 [DEBUG] cshmd.analysis (get_mole)                : get_mole C - O -> nbonds: 3
03/11 15:43 [INFO] cshmd.structure (labeling_by_clayff)      : All atoms labeled by clayff
03/11 15:43 [INFO] cshmd.structure (labeling_by_clayff)      : Clayff charge: 0.000
03/11 15:43 [INFO] cshmd.structure (writeCif)                : w2tL2H0.cif was created
03/11 15:43 [INFO] cif_modifier (__init__)                   : Total charge: 0 -> 0
03/11 15:43 [INFO] cif_modifier (<module>)                   : Logger loaded
03/11 15:43 [INFO] cshmd.structure (__init__)                : L2H0H2.cif was loaded
03/11 15:43 [DEBUG] cshmd.analysis (__init__)                : [StructureManager] Now new data setted for get Bonds
03/11 15:43 [DEBUG] cshmd.analysis (__del_bond__)            : del -> Si_O O_H H_O Ca_O C_O BO
03/11 15:43 [DEBUG] cshmd.analysis (__initialize_mole__)     : initalize -> H2O SiO4 OH CO3 H3O
03/11 15:43 [DEBUG] cshmd.analysis (__initialize_mole__)     : initalize -> SiOH CaOH HCO3 H2CO3 H3CO3
03/11 15:43 [DEBUG] cshmd.analysis (find_bond)               : find_bond O - H 
03/11 15:43 [DEBUG] cshmd.common (time_wrapper)              : [RUNTIME] get_distance_table in 0.211 seconds
03/11 15:43 [DEBUG] cshmd.analysis (get_mole)                : get_mole O - H -> nbonds: 2
03/11 15:43 [DEBUG] cshmd.analysis (find_bond)               : find_bond Si - O 
03/11 15:43 [DEBUG] cshmd.common (time_wrapper)              : [RUNTIME] get_distance_table in 0.117 seconds
03/11 15:43 [DEBUG] cshmd.analysis (get_mole)                : get_mole Si - O -> nbonds: 4
03/11 15:43 [DEBUG] cshmd.analysis (get_mole)                : get_mole O - H -> nbonds: 1
03/11 15:43 [DEBUG] cshmd.analysis (find_bond)               : find_bond C - O 
03/11 15:43 [DEBUG] cshmd.analysis (get_mole)                : get_mole C - O -> nbonds: 3
03/11 15:43 [DEBUG] cshmd.analysis (get_mole)                : get_mole O - H -> nbonds: 3
03/11 15:43 [DEBUG] cshmd.analysis (find_bond)               : find_bond Ca - O 
03/11 15:43 [DEBUG] cshmd.common (time_wrapper)              : [RUNTIME] get_distance_table in 0.100 seconds
03/11 15:43 [INFO] cshmd.analysis (full_search)              : Search layer details
03/11 15:43 [DEBUG] cshmd.analysis (find_bond)               : find_bond Ca - O 
03/11 15:43 [DEBUG] cshmd.analysis (find_bond)               : find_bond Si - O 
03/11 15:43 [INFO] cshmd.analysis (__detail_search_oh_co3)   : No CO3 in basic search
03/11 15:43 [DEBUG] cshmd.analysis (__detail_search_oh_sioh) : Searching 'OH' in 'SiO4
03/11 15:43 [INFO] cshmd.analysis (__detail_search_oh_caoh)  : No CaOH in basic search
03/11 15:43 [INFO] cshmd.analysis (Qn)                       : [StructureManager] Q1: 0.400
03/11 15:43 [INFO] cshmd.analysis (Qn)                       : [StructureManager] Q2: 0.600
03/11 15:43 [INFO] cshmd.analysis (CS)                       : [StructureManager] C/S: 0.900
03/11 15:43 [INFO] cshmd.structure (extendLattice)           : Extend lattice 40.411 44.551 30.988 -> 40.411 44.551 32.487 
03/11 15:43 [INFO] cshmd.structure (writeCif)                : L2H0H2.cif was created
03/11 15:43 [INFO] cif_modifier (__init__)                   : Total charge: 72 -> 72
03/11 15:43 [INFO] cif_modifier (<module>)                   : Logger loaded
03/11 15:43 [INFO] cshmd.structure (__init__)                : L2H0H2.cif was loaded
03/11 15:43 [DEBUG] cshmd.analysis (__init__)                : [StructureManager] Now new data setted for get Bonds
03/11 15:43 [DEBUG] cshmd.analysis (__del_bond__)            : del -> Si_O O_H H_O Ca_O C_O BO
03/11 15:43 [DEBUG] cshmd.analysis (__initialize_mole__)     : initalize -> H2O SiO4 OH CO3 H3O
03/11 15:43 [DEBUG] cshmd.analysis (__initialize_mole__)     : initalize -> SiOH CaOH HCO3 H2CO3 H3CO3
03/11 15:43 [DEBUG] cshmd.analysis (find_bond)               : find_bond O - H 
03/11 15:43 [DEBUG] cshmd.common (time_wrapper)              : [RUNTIME] get_distance_table in 0.210 seconds
03/11 15:43 [DEBUG] cshmd.analysis (get_mole)                : get_mole O - H -> nbonds: 2
03/11 15:43 [DEBUG] cshmd.analysis (find_bond)               : find_bond Si - O 
03/11 15:43 [DEBUG] cshmd.common (time_wrapper)              : [RUNTIME] get_distance_table in 0.096 seconds
03/11 15:43 [DEBUG] cshmd.analysis (get_mole)                : get_mole Si - O -> nbonds: 4
03/11 15:43 [DEBUG] cshmd.analysis (get_mole)                : get_mole O - H -> nbonds: 1
03/11 15:43 [DEBUG] cshmd.analysis (find_bond)               : find_bond C - O 
03/11 15:43 [DEBUG] cshmd.analysis (get_mole)                : get_mole C - O -> nbonds: 3
03/11 15:43 [DEBUG] cshmd.analysis (get_mole)                : get_mole O - H -> nbonds: 3
03/11 15:43 [DEBUG] cshmd.analysis (find_bond)               : find_bond Ca - O 
03/11 15:43 [DEBUG] cshmd.common (time_wrapper)              : [RUNTIME] get_distance_table in 0.103 seconds
03/11 15:43 [INFO] cshmd.analysis (full_search)              : Search layer details
03/11 15:43 [DEBUG] cshmd.analysis (find_bond)               : find_bond Ca - O 
03/11 15:43 [DEBUG] cshmd.analysis (find_bond)               : find_bond Si - O 
03/11 15:43 [INFO] cshmd.analysis (__detail_search_oh_co3)   : No CO3 in basic search
03/11 15:43 [DEBUG] cshmd.analysis (__detail_search_oh_sioh) : Searching 'OH' in 'SiO4
03/11 15:43 [INFO] cshmd.analysis (__detail_search_oh_caoh)  : No CaOH in basic search
03/11 15:43 [INFO] cshmd.analysis (Qn)                       : [StructureManager] Q1: 0.400
03/11 15:43 [INFO] cshmd.analysis (Qn)                       : [StructureManager] Q2: 0.600
03/11 15:43 [INFO] cshmd.analysis (CS)                       : [StructureManager] C/S: 0.900
03/11 15:43 [DEBUG] cshmd.analysis (find_bond)               : find_bond O - H 
03/11 15:43 [DEBUG] cshmd.analysis (get_mole)                : get_mole O - H -> nbonds: 1
03/11 15:43 [DEBUG] cshmd.analysis (get_mole)                : get_mole O - H -> nbonds: 2
03/11 15:43 [DEBUG] cshmd.analysis (find_bond)               : find_bond C - O 
03/11 15:43 [DEBUG] cshmd.analysis (get_mole)                : get_mole C - O -> nbonds: 3
03/11 15:43 [DEBUG] cshmd.analysis (find_bond)               : find_bond Si - O 
03/11 15:43 [DEBUG] cshmd.analysis (get_mole)                : get_mole Si - O -> nbonds: 4
03/11 15:43 [INFO] cshmd.functions (cal_uniform_by_space)    : Number of molecules to add : 2620
03/11 15:43 [INFO] cshmd.functions (cal_uniform_by_space)    : Number of atoms per surface : 156
03/11 15:43 [INFO] cshmd.functions (cal_uniform_by_space)    : Number of layer : 17
03/11 15:43 [INFO] cshmd.structure (extendLattice)           : Extend lattice 40.411 44.551 32.487 -> 40.411 44.551 66.487 
03/11 15:43 [INFO] cif_modifier (exec_make_interface)        : Number of atoms: 3024 -> 10884
03/11 15:43 [INFO] cshmd.structure (labeling_by_clayff)      : Now get label according to 'Clayff' style
03/11 15:43 [DEBUG] cshmd.analysis (get_mole)                : get_mole O - H -> nbonds: 1
03/11 15:43 [DEBUG] cshmd.analysis (get_mole)                : get_mole O - H -> nbonds: 2
03/11 15:43 [DEBUG] cshmd.analysis (get_mole)                : get_mole Si - O -> nbonds: 4
03/11 15:43 [DEBUG] cshmd.analysis (get_mole)                : get_mole C - O -> nbonds: 3
03/11 15:43 [INFO] cshmd.structure (labeling_by_clayff)      : All atoms labeled by clayff
03/11 15:43 [INFO] cshmd.structure (labeling_by_clayff)      : Clayff charge: 37.800
03/11 15:43 [INFO] cshmd.structure (writeCif)                : w2tL2H0H2.cif was created
03/11 15:43 [INFO] cif_modifier (__init__)                   : Total charge: 72 -> 72
03/11 15:43 [INFO] cif_modifier (<module>)                   : Logger loaded
03/11 15:43 [INFO] cshmd.structure (__init__)                : L2H1.cif was loaded
03/11 15:43 [DEBUG] cshmd.analysis (__init__)                : [StructureManager] Now new data setted for get Bonds
03/11 15:43 [DEBUG] cshmd.analysis (__del_bond__)            : del -> Si_O O_H H_O Ca_O C_O BO
03/11 15:43 [DEBUG] cshmd.analysis (__initialize_mole__)     : initalize -> H2O SiO4 OH CO3 H3O
03/11 15:43 [DEBUG] cshmd.analysis (__initialize_mole__)     : initalize -> SiOH CaOH HCO3 H2CO3 H3CO3
03/11 15:43 [DEBUG] cshmd.analysis (find_bond)               : find_bond O - H 
03/11 15:43 [DEBUG] cshmd.common (time_wrapper)              : [RUNTIME] get_distance_table in 0.206 seconds
03/11 15:43 [DEBUG] cshmd.analysis (get_mole)                : get_mole O - H -> nbonds: 2
03/11 15:43 [DEBUG] cshmd.analysis (find_bond)               : find_bond Si - O 
03/11 15:43 [DEBUG] cshmd.common (time_wrapper)              : [RUNTIME] get_distance_table in 0.095 seconds
03/11 15:43 [DEBUG] cshmd.analysis (get_mole)                : get_mole Si - O -> nbonds: 4
03/11 15:43 [DEBUG] cshmd.analysis (get_mole)                : get_mole O - H -> nbonds: 1
03/11 15:43 [DEBUG] cshmd.analysis (find_bond)               : find_bond C - O 
03/11 15:43 [DEBUG] cshmd.analysis (get_mole)                : get_mole C - O -> nbonds: 3
03/11 15:43 [DEBUG] cshmd.analysis (get_mole)                : get_mole O - H -> nbonds: 3
03/11 15:43 [DEBUG] cshmd.analysis (find_bond)               : find_bond Ca - O 
03/11 15:43 [DEBUG] cshmd.common (time_wrapper)              : [RUNTIME] get_distance_table in 0.116 seconds
03/11 15:43 [INFO] cshmd.analysis (full_search)              : Search layer details
03/11 15:43 [DEBUG] cshmd.analysis (find_bond)               : find_bond Ca - O 
03/11 15:43 [DEBUG] cshmd.analysis (find_bond)               : find_bond Si - O 
03/11 15:43 [INFO] cshmd.analysis (__detail_search_oh_co3)   : No CO3 in basic search
03/11 15:43 [DEBUG] cshmd.analysis (__detail_search_oh_sioh) : Searching 'OH' in 'SiO4
03/11 15:43 [INFO] cshmd.analysis (__detail_search_oh_caoh)  : No CaOH in basic search
03/11 15:43 [INFO] cshmd.analysis (Qn)                       : [StructureManager] Q1: 0.400
03/11 15:43 [INFO] cshmd.analysis (Qn)                       : [StructureManager] Q2: 0.600
03/11 15:43 [INFO] cshmd.analysis (CS)                       : [StructureManager] C/S: 0.900
03/11 15:43 [INFO] cshmd.structure (extendLattice)           : Extend lattice 40.411 44.551 30.988 -> 40.411 44.551 32.487 
03/11 15:43 [INFO] cshmd.structure (writeCif)                : L2H1.cif was created
03/11 15:43 [INFO] cif_modifier (__init__)                   : Total charge: 72 -> 72
03/11 15:43 [INFO] cif_modifier (<module>)                   : Logger loaded
03/11 15:43 [INFO] cshmd.structure (__init__)                : L2H1.cif was loaded
03/11 15:43 [DEBUG] cshmd.analysis (__init__)                : [StructureManager] Now new data setted for get Bonds
03/11 15:43 [DEBUG] cshmd.analysis (__del_bond__)            : del -> Si_O O_H H_O Ca_O C_O BO
03/11 15:43 [DEBUG] cshmd.analysis (__initialize_mole__)     : initalize -> H2O SiO4 OH CO3 H3O
03/11 15:43 [DEBUG] cshmd.analysis (__initialize_mole__)     : initalize -> SiOH CaOH HCO3 H2CO3 H3CO3
03/11 15:43 [DEBUG] cshmd.analysis (find_bond)               : find_bond O - H 
03/11 15:43 [DEBUG] cshmd.common (time_wrapper)              : [RUNTIME] get_distance_table in 0.209 seconds
03/11 15:43 [DEBUG] cshmd.analysis (get_mole)                : get_mole O - H -> nbonds: 2
03/11 15:43 [DEBUG] cshmd.analysis (find_bond)               : find_bond Si - O 
03/11 15:43 [DEBUG] cshmd.common (time_wrapper)              : [RUNTIME] get_distance_table in 0.098 seconds
03/11 15:43 [DEBUG] cshmd.analysis (get_mole)                : get_mole Si - O -> nbonds: 4
03/11 15:43 [DEBUG] cshmd.analysis (get_mole)                : get_mole O - H -> nbonds: 1
03/11 15:43 [DEBUG] cshmd.analysis (find_bond)               : find_bond C - O 
03/11 15:43 [DEBUG] cshmd.analysis (get_mole)                : get_mole C - O -> nbonds: 3
03/11 15:43 [DEBUG] cshmd.analysis (get_mole)                : get_mole O - H -> nbonds: 3
03/11 15:43 [DEBUG] cshmd.analysis (find_bond)               : find_bond Ca - O 
03/11 15:43 [DEBUG] cshmd.common (time_wrapper)              : [RUNTIME] get_distance_table in 0.118 seconds
03/11 15:43 [INFO] cshmd.analysis (full_search)              : Search layer details
03/11 15:43 [DEBUG] cshmd.analysis (find_bond)               : find_bond Ca - O 
03/11 15:43 [DEBUG] cshmd.analysis (find_bond)               : find_bond Si - O 
03/11 15:43 [INFO] cshmd.analysis (__detail_search_oh_co3)   : No CO3 in basic search
03/11 15:43 [DEBUG] cshmd.analysis (__detail_search_oh_sioh) : Searching 'OH' in 'SiO4
03/11 15:43 [INFO] cshmd.analysis (__detail_search_oh_caoh)  : No CaOH in basic search
03/11 15:43 [INFO] cshmd.analysis (Qn)                       : [StructureManager] Q1: 0.400
03/11 15:43 [INFO] cshmd.analysis (Qn)                       : [StructureManager] Q2: 0.600
03/11 15:43 [INFO] cshmd.analysis (CS)                       : [StructureManager] C/S: 0.900
03/11 15:43 [DEBUG] cshmd.analysis (find_bond)               : find_bond O - H 
03/11 15:43 [DEBUG] cshmd.analysis (get_mole)                : get_mole O - H -> nbonds: 1
03/11 15:43 [DEBUG] cshmd.analysis (get_mole)                : get_mole O - H -> nbonds: 2
03/11 15:43 [DEBUG] cshmd.analysis (find_bond)               : find_bond C - O 
03/11 15:43 [DEBUG] cshmd.analysis (get_mole)                : get_mole C - O -> nbonds: 3
03/11 15:43 [DEBUG] cshmd.analysis (find_bond)               : find_bond Si - O 
03/11 15:43 [DEBUG] cshmd.analysis (get_mole)                : get_mole Si - O -> nbonds: 4
03/11 15:43 [INFO] cshmd.functions (cal_uniform_by_space)    : Number of molecules to add : 2620
03/11 15:43 [INFO] cshmd.functions (cal_uniform_by_space)    : Number of atoms per surface : 156
03/11 15:43 [INFO] cshmd.functions (cal_uniform_by_space)    : Number of layer : 17
03/11 15:43 [INFO] cshmd.structure (extendLattice)           : Extend lattice 40.411 44.551 32.487 -> 40.411 44.551 66.487 
03/11 15:44 [INFO] cif_modifier (exec_make_interface)        : Number of atoms: 3024 -> 10884
03/11 15:44 [INFO] cshmd.structure (labeling_by_clayff)      : Now get label according to 'Clayff' style
03/11 15:44 [DEBUG] cshmd.analysis (get_mole)                : get_mole O - H -> nbonds: 1
03/11 15:44 [DEBUG] cshmd.analysis (get_mole)                : get_mole O - H -> nbonds: 2
03/11 15:44 [DEBUG] cshmd.analysis (get_mole)                : get_mole Si - O -> nbonds: 4
03/11 15:44 [DEBUG] cshmd.analysis (get_mole)                : get_mole C - O -> nbonds: 3
03/11 15:44 [INFO] cshmd.structure (labeling_by_clayff)      : All atoms labeled by clayff
03/11 15:44 [INFO] cshmd.structure (labeling_by_clayff)      : Clayff charge: 37.800
03/11 15:44 [INFO] cshmd.structure (writeCif)                : w2tL2H1.cif was created
03/11 15:44 [INFO] cif_modifier (__init__)                   : Total charge: 72 -> 72
03/11 15:44 [INFO] cif_modifier (<module>)                   : Logger loaded
03/11 15:44 [INFO] cshmd.structure (__init__)                : L2H2.cif was loaded
03/11 15:44 [DEBUG] cshmd.analysis (__init__)                : [StructureManager] Now new data setted for get Bonds
03/11 15:44 [DEBUG] cshmd.analysis (__del_bond__)            : del -> Si_O O_H H_O Ca_O C_O BO
03/11 15:44 [DEBUG] cshmd.analysis (__initialize_mole__)     : initalize -> H2O SiO4 OH CO3 H3O
03/11 15:44 [DEBUG] cshmd.analysis (__initialize_mole__)     : initalize -> SiOH CaOH HCO3 H2CO3 H3CO3
03/11 15:44 [DEBUG] cshmd.analysis (find_bond)               : find_bond O - H 
03/11 15:44 [DEBUG] cshmd.common (time_wrapper)              : [RUNTIME] get_distance_table in 0.225 seconds
03/11 15:44 [DEBUG] cshmd.analysis (get_mole)                : get_mole O - H -> nbonds: 2
03/11 15:44 [DEBUG] cshmd.analysis (find_bond)               : find_bond Si - O 
03/11 15:44 [DEBUG] cshmd.common (time_wrapper)              : [RUNTIME] get_distance_table in 0.090 seconds
03/11 15:44 [DEBUG] cshmd.analysis (get_mole)                : get_mole Si - O -> nbonds: 4
03/11 15:44 [DEBUG] cshmd.analysis (get_mole)                : get_mole O - H -> nbonds: 1
03/11 15:44 [DEBUG] cshmd.analysis (find_bond)               : find_bond C - O 
03/11 15:44 [DEBUG] cshmd.analysis (get_mole)                : get_mole C - O -> nbonds: 3
03/11 15:44 [DEBUG] cshmd.analysis (get_mole)                : get_mole O - H -> nbonds: 3
03/11 15:44 [DEBUG] cshmd.analysis (find_bond)               : find_bond Ca - O 
03/11 15:44 [DEBUG] cshmd.common (time_wrapper)              : [RUNTIME] get_distance_table in 0.094 seconds
03/11 15:44 [INFO] cshmd.analysis (full_search)              : Search layer details
03/11 15:44 [DEBUG] cshmd.analysis (find_bond)               : find_bond Ca - O 
03/11 15:44 [DEBUG] cshmd.analysis (find_bond)               : find_bond Si - O 
03/11 15:44 [INFO] cshmd.analysis (__detail_search_oh_co3)   : No CO3 in basic search
03/11 15:44 [DEBUG] cshmd.analysis (__detail_search_oh_sioh) : Searching 'OH' in 'SiO4
03/11 15:44 [INFO] cshmd.analysis (__detail_search_oh_caoh)  : No CaOH in basic search
03/11 15:44 [INFO] cshmd.analysis (Qn)                       : [StructureManager] Q1: 0.400
03/11 15:44 [INFO] cshmd.analysis (Qn)                       : [StructureManager] Q2: 0.600
03/11 15:44 [INFO] cshmd.analysis (CS)                       : [StructureManager] C/S: 0.900
03/11 15:44 [INFO] cshmd.structure (extendLattice)           : Extend lattice 40.411 44.551 30.988 -> 40.411 44.551 32.487 
03/11 15:44 [INFO] cshmd.structure (writeCif)                : L2H2.cif was created
03/11 15:44 [INFO] cif_modifier (__init__)                   : Total charge: 144 -> 144
03/11 15:44 [INFO] cif_modifier (<module>)                   : Logger loaded
03/11 15:44 [INFO] cshmd.structure (__init__)                : L2H2.cif was loaded
03/11 15:44 [DEBUG] cshmd.analysis (__init__)                : [StructureManager] Now new data setted for get Bonds
03/11 15:44 [DEBUG] cshmd.analysis (__del_bond__)            : del -> Si_O O_H H_O Ca_O C_O BO
03/11 15:44 [DEBUG] cshmd.analysis (__initialize_mole__)     : initalize -> H2O SiO4 OH CO3 H3O
03/11 15:44 [DEBUG] cshmd.analysis (__initialize_mole__)     : initalize -> SiOH CaOH HCO3 H2CO3 H3CO3
03/11 15:44 [DEBUG] cshmd.analysis (find_bond)               : find_bond O - H 
03/11 15:44 [DEBUG] cshmd.common (time_wrapper)              : [RUNTIME] get_distance_table in 0.225 seconds
03/11 15:44 [DEBUG] cshmd.analysis (get_mole)                : get_mole O - H -> nbonds: 2
03/11 15:44 [DEBUG] cshmd.analysis (find_bond)               : find_bond Si - O 
03/11 15:44 [DEBUG] cshmd.common (time_wrapper)              : [RUNTIME] get_distance_table in 0.092 seconds
03/11 15:44 [DEBUG] cshmd.analysis (get_mole)                : get_mole Si - O -> nbonds: 4
03/11 15:44 [DEBUG] cshmd.analysis (get_mole)                : get_mole O - H -> nbonds: 1
03/11 15:44 [DEBUG] cshmd.analysis (find_bond)               : find_bond C - O 
03/11 15:44 [DEBUG] cshmd.analysis (get_mole)                : get_mole C - O -> nbonds: 3
03/11 15:44 [DEBUG] cshmd.analysis (get_mole)                : get_mole O - H -> nbonds: 3
03/11 15:44 [DEBUG] cshmd.analysis (find_bond)               : find_bond Ca - O 
03/11 15:44 [DEBUG] cshmd.common (time_wrapper)              : [RUNTIME] get_distance_table in 0.110 seconds
03/11 15:44 [INFO] cshmd.analysis (full_search)              : Search layer details
03/11 15:44 [DEBUG] cshmd.analysis (find_bond)               : find_bond Ca - O 
03/11 15:44 [DEBUG] cshmd.analysis (find_bond)               : find_bond Si - O 
03/11 15:44 [INFO] cshmd.analysis (__detail_search_oh_co3)   : No CO3 in basic search
03/11 15:44 [DEBUG] cshmd.analysis (__detail_search_oh_sioh) : Searching 'OH' in 'SiO4
03/11 15:44 [INFO] cshmd.analysis (__detail_search_oh_caoh)  : No CaOH in basic search
03/11 15:44 [INFO] cshmd.analysis (Qn)                       : [StructureManager] Q1: 0.400
03/11 15:44 [INFO] cshmd.analysis (Qn)                       : [StructureManager] Q2: 0.600
03/11 15:44 [INFO] cshmd.analysis (CS)                       : [StructureManager] C/S: 0.900
03/11 15:44 [DEBUG] cshmd.analysis (find_bond)               : find_bond O - H 
03/11 15:44 [DEBUG] cshmd.analysis (get_mole)                : get_mole O - H -> nbonds: 1
03/11 15:44 [DEBUG] cshmd.analysis (get_mole)                : get_mole O - H -> nbonds: 2
03/11 15:44 [DEBUG] cshmd.analysis (find_bond)               : find_bond C - O 
03/11 15:44 [DEBUG] cshmd.analysis (get_mole)                : get_mole C - O -> nbonds: 3
03/11 15:44 [DEBUG] cshmd.analysis (find_bond)               : find_bond Si - O 
03/11 15:44 [DEBUG] cshmd.analysis (get_mole)                : get_mole Si - O -> nbonds: 4
03/11 15:44 [INFO] cshmd.functions (cal_uniform_by_space)    : Number of molecules to add : 2620
03/11 15:44 [INFO] cshmd.functions (cal_uniform_by_space)    : Number of atoms per surface : 156
03/11 15:44 [INFO] cshmd.functions (cal_uniform_by_space)    : Number of layer : 17
03/11 15:44 [INFO] cshmd.structure (extendLattice)           : Extend lattice 40.411 44.551 32.487 -> 40.411 44.551 66.487 
03/11 15:44 [INFO] cif_modifier (exec_make_interface)        : Number of atoms: 3096 -> 10956
03/11 15:44 [INFO] cshmd.structure (labeling_by_clayff)      : Now get label according to 'Clayff' style
03/11 15:44 [DEBUG] cshmd.analysis (get_mole)                : get_mole O - H -> nbonds: 1
03/11 15:44 [DEBUG] cshmd.analysis (get_mole)                : get_mole O - H -> nbonds: 2
03/11 15:44 [DEBUG] cshmd.analysis (get_mole)                : get_mole Si - O -> nbonds: 4
03/11 15:44 [DEBUG] cshmd.analysis (get_mole)                : get_mole C - O -> nbonds: 3
03/11 15:44 [INFO] cshmd.structure (labeling_by_clayff)      : All atoms labeled by clayff
03/11 15:44 [INFO] cshmd.structure (labeling_by_clayff)      : Clayff charge: 75.600
03/11 15:44 [INFO] cshmd.structure (writeCif)                : w2tL2H2.cif was created
03/11 15:44 [INFO] cif_modifier (__init__)                   : Total charge: 144 -> 144
03/11 15:44 [INFO] cif_modifier (<module>)                   : Logger loaded
03/11 15:44 [INFO] cshmd.structure (__init__)                : L5H0.cif was loaded
03/11 15:44 [DEBUG] cshmd.analysis (__init__)                : [StructureManager] Now new data setted for get Bonds
03/11 15:44 [DEBUG] cshmd.analysis (__del_bond__)            : del -> Si_O O_H H_O Ca_O C_O BO
03/11 15:44 [DEBUG] cshmd.analysis (__initialize_mole__)     : initalize -> H2O SiO4 OH CO3 H3O
03/11 15:44 [DEBUG] cshmd.analysis (__initialize_mole__)     : initalize -> SiOH CaOH HCO3 H2CO3 H3CO3
03/11 15:44 [DEBUG] cshmd.analysis (find_bond)               : find_bond O - H 
03/11 15:44 [DEBUG] cshmd.common (time_wrapper)              : [RUNTIME] get_distance_table in 0.197 seconds
03/11 15:44 [DEBUG] cshmd.analysis (get_mole)                : get_mole O - H -> nbonds: 2
03/11 15:44 [DEBUG] cshmd.analysis (find_bond)               : find_bond Si - O 
03/11 15:44 [DEBUG] cshmd.common (time_wrapper)              : [RUNTIME] get_distance_table in 0.122 seconds
03/11 15:44 [DEBUG] cshmd.analysis (get_mole)                : get_mole Si - O -> nbonds: 4
03/11 15:44 [DEBUG] cshmd.analysis (get_mole)                : get_mole O - H -> nbonds: 1
03/11 15:44 [DEBUG] cshmd.analysis (find_bond)               : find_bond C - O 
03/11 15:44 [DEBUG] cshmd.analysis (get_mole)                : get_mole C - O -> nbonds: 3
03/11 15:44 [DEBUG] cshmd.analysis (get_mole)                : get_mole O - H -> nbonds: 3
03/11 15:44 [DEBUG] cshmd.analysis (find_bond)               : find_bond Ca - O 
03/11 15:44 [DEBUG] cshmd.common (time_wrapper)              : [RUNTIME] get_distance_table in 0.117 seconds
03/11 15:44 [INFO] cshmd.analysis (full_search)              : Search layer details
03/11 15:44 [DEBUG] cshmd.analysis (find_bond)               : find_bond Ca - O 
03/11 15:44 [DEBUG] cshmd.analysis (find_bond)               : find_bond Si - O 
03/11 15:44 [INFO] cshmd.analysis (__detail_search_oh_co3)   : No CO3 in basic search
03/11 15:44 [DEBUG] cshmd.analysis (__detail_search_oh_sioh) : Searching 'OH' in 'SiO4
03/11 15:44 [INFO] cshmd.analysis (__detail_search_oh_caoh)  : No CaOH in basic search
03/11 15:44 [INFO] cshmd.analysis (Qn)                       : [StructureManager] Q1: 0.182
03/11 15:44 [INFO] cshmd.analysis (Qn)                       : [StructureManager] Q2: 0.818
03/11 15:44 [INFO] cshmd.analysis (CS)                       : [StructureManager] C/S: 0.818
03/11 15:44 [INFO] cshmd.structure (extendLattice)           : Extend lattice 40.411 44.551 30.988 -> 40.411 44.551 32.487 
03/11 15:44 [INFO] cshmd.structure (writeCif)                : L5H0.cif was created
03/11 15:44 [INFO] cif_modifier (__init__)                   : Total charge: 0 -> 0
03/11 15:44 [INFO] cif_modifier (<module>)                   : Logger loaded
03/11 15:44 [INFO] cshmd.structure (__init__)                : L5H0.cif was loaded
03/11 15:44 [DEBUG] cshmd.analysis (__init__)                : [StructureManager] Now new data setted for get Bonds
03/11 15:44 [DEBUG] cshmd.analysis (__del_bond__)            : del -> Si_O O_H H_O Ca_O C_O BO
03/11 15:44 [DEBUG] cshmd.analysis (__initialize_mole__)     : initalize -> H2O SiO4 OH CO3 H3O
03/11 15:44 [DEBUG] cshmd.analysis (__initialize_mole__)     : initalize -> SiOH CaOH HCO3 H2CO3 H3CO3
03/11 15:44 [DEBUG] cshmd.analysis (find_bond)               : find_bond O - H 
03/11 15:44 [DEBUG] cshmd.common (time_wrapper)              : [RUNTIME] get_distance_table in 0.203 seconds
03/11 15:44 [DEBUG] cshmd.analysis (get_mole)                : get_mole O - H -> nbonds: 2
03/11 15:44 [DEBUG] cshmd.analysis (find_bond)               : find_bond Si - O 
03/11 15:44 [DEBUG] cshmd.common (time_wrapper)              : [RUNTIME] get_distance_table in 0.115 seconds
03/11 15:44 [DEBUG] cshmd.analysis (get_mole)                : get_mole Si - O -> nbonds: 4
03/11 15:44 [DEBUG] cshmd.analysis (get_mole)                : get_mole O - H -> nbonds: 1
03/11 15:44 [DEBUG] cshmd.analysis (find_bond)               : find_bond C - O 
03/11 15:44 [DEBUG] cshmd.analysis (get_mole)                : get_mole C - O -> nbonds: 3
03/11 15:44 [DEBUG] cshmd.analysis (get_mole)                : get_mole O - H -> nbonds: 3
03/11 15:44 [DEBUG] cshmd.analysis (find_bond)               : find_bond Ca - O 
03/11 15:44 [DEBUG] cshmd.common (time_wrapper)              : [RUNTIME] get_distance_table in 0.113 seconds
03/11 15:44 [INFO] cshmd.analysis (full_search)              : Search layer details
03/11 15:44 [DEBUG] cshmd.analysis (find_bond)               : find_bond Ca - O 
03/11 15:44 [DEBUG] cshmd.analysis (find_bond)               : find_bond Si - O 
03/11 15:44 [INFO] cshmd.analysis (__detail_search_oh_co3)   : No CO3 in basic search
03/11 15:44 [DEBUG] cshmd.analysis (__detail_search_oh_sioh) : Searching 'OH' in 'SiO4
03/11 15:44 [INFO] cshmd.analysis (__detail_search_oh_caoh)  : No CaOH in basic search
03/11 15:44 [INFO] cshmd.analysis (Qn)                       : [StructureManager] Q1: 0.182
03/11 15:44 [INFO] cshmd.analysis (Qn)                       : [StructureManager] Q2: 0.818
03/11 15:44 [INFO] cshmd.analysis (CS)                       : [StructureManager] C/S: 0.818
03/11 15:44 [DEBUG] cshmd.analysis (find_bond)               : find_bond O - H 
03/11 15:44 [DEBUG] cshmd.analysis (get_mole)                : get_mole O - H -> nbonds: 1
03/11 15:44 [DEBUG] cshmd.analysis (get_mole)                : get_mole O - H -> nbonds: 2
03/11 15:44 [DEBUG] cshmd.analysis (find_bond)               : find_bond C - O 
03/11 15:44 [DEBUG] cshmd.analysis (get_mole)                : get_mole C - O -> nbonds: 3
03/11 15:44 [DEBUG] cshmd.analysis (find_bond)               : find_bond Si - O 
03/11 15:44 [DEBUG] cshmd.analysis (get_mole)                : get_mole Si - O -> nbonds: 4
03/11 15:44 [INFO] cshmd.functions (cal_uniform_by_space)    : Number of molecules to add : 2620
03/11 15:44 [INFO] cshmd.functions (cal_uniform_by_space)    : Number of atoms per surface : 156
03/11 15:44 [INFO] cshmd.functions (cal_uniform_by_space)    : Number of layer : 17
03/11 15:44 [INFO] cshmd.structure (extendLattice)           : Extend lattice 40.411 44.551 32.487 -> 40.411 44.551 66.487 
03/11 15:44 [INFO] cif_modifier (exec_make_interface)        : Number of atoms: 3060 -> 10920
03/11 15:44 [INFO] cshmd.structure (labeling_by_clayff)      : Now get label according to 'Clayff' style
03/11 15:44 [DEBUG] cshmd.analysis (get_mole)                : get_mole O - H -> nbonds: 1
03/11 15:44 [DEBUG] cshmd.analysis (get_mole)                : get_mole O - H -> nbonds: 2
03/11 15:44 [DEBUG] cshmd.analysis (get_mole)                : get_mole Si - O -> nbonds: 4
03/11 15:44 [DEBUG] cshmd.analysis (get_mole)                : get_mole C - O -> nbonds: 3
03/11 15:44 [INFO] cshmd.structure (labeling_by_clayff)      : All atoms labeled by clayff
03/11 15:44 [INFO] cshmd.structure (labeling_by_clayff)      : Clayff charge: 0.000
03/11 15:44 [INFO] cshmd.structure (writeCif)                : w2tL5H0.cif was created
03/11 15:44 [INFO] cif_modifier (__init__)                   : Total charge: 0 -> 0
03/11 15:44 [INFO] cif_modifier (<module>)                   : Logger loaded
03/11 15:44 [INFO] cshmd.structure (__init__)                : L5H0H2.cif was loaded
03/11 15:44 [DEBUG] cshmd.analysis (__init__)                : [StructureManager] Now new data setted for get Bonds
03/11 15:44 [DEBUG] cshmd.analysis (__del_bond__)            : del -> Si_O O_H H_O Ca_O C_O BO
03/11 15:44 [DEBUG] cshmd.analysis (__initialize_mole__)     : initalize -> H2O SiO4 OH CO3 H3O
03/11 15:44 [DEBUG] cshmd.analysis (__initialize_mole__)     : initalize -> SiOH CaOH HCO3 H2CO3 H3CO3
03/11 15:44 [DEBUG] cshmd.analysis (find_bond)               : find_bond O - H 
03/11 15:44 [DEBUG] cshmd.common (time_wrapper)              : [RUNTIME] get_distance_table in 0.219 seconds
03/11 15:44 [DEBUG] cshmd.analysis (get_mole)                : get_mole O - H -> nbonds: 2
03/11 15:44 [DEBUG] cshmd.analysis (find_bond)               : find_bond Si - O 
03/11 15:44 [DEBUG] cshmd.common (time_wrapper)              : [RUNTIME] get_distance_table in 0.103 seconds
03/11 15:44 [DEBUG] cshmd.analysis (get_mole)                : get_mole Si - O -> nbonds: 4
03/11 15:44 [DEBUG] cshmd.analysis (get_mole)                : get_mole O - H -> nbonds: 1
03/11 15:44 [DEBUG] cshmd.analysis (find_bond)               : find_bond C - O 
03/11 15:44 [DEBUG] cshmd.analysis (get_mole)                : get_mole C - O -> nbonds: 3
03/11 15:44 [DEBUG] cshmd.analysis (get_mole)                : get_mole O - H -> nbonds: 3
03/11 15:44 [DEBUG] cshmd.analysis (find_bond)               : find_bond Ca - O 
03/11 15:44 [DEBUG] cshmd.common (time_wrapper)              : [RUNTIME] get_distance_table in 0.119 seconds
03/11 15:44 [INFO] cshmd.analysis (full_search)              : Search layer details
03/11 15:44 [DEBUG] cshmd.analysis (find_bond)               : find_bond Ca - O 
03/11 15:44 [DEBUG] cshmd.analysis (find_bond)               : find_bond Si - O 
03/11 15:44 [INFO] cshmd.analysis (__detail_search_oh_co3)   : No CO3 in basic search
03/11 15:44 [DEBUG] cshmd.analysis (__detail_search_oh_sioh) : Searching 'OH' in 'SiO4
03/11 15:44 [INFO] cshmd.analysis (__detail_search_oh_caoh)  : No CaOH in basic search
03/11 15:44 [INFO] cshmd.analysis (Qn)                       : [StructureManager] Q1: 0.182
03/11 15:44 [INFO] cshmd.analysis (Qn)                       : [StructureManager] Q2: 0.818
03/11 15:44 [INFO] cshmd.analysis (CS)                       : [StructureManager] C/S: 0.818
03/11 15:44 [INFO] cshmd.structure (extendLattice)           : Extend lattice 40.411 44.551 30.988 -> 40.411 44.551 32.487 
03/11 15:44 [INFO] cshmd.structure (writeCif)                : L5H0H2.cif was created
03/11 15:44 [INFO] cif_modifier (__init__)                   : Total charge: 72 -> 72
03/11 15:44 [INFO] cif_modifier (<module>)                   : Logger loaded
03/11 15:44 [INFO] cshmd.structure (__init__)                : L5H0H2.cif was loaded
03/11 15:44 [DEBUG] cshmd.analysis (__init__)                : [StructureManager] Now new data setted for get Bonds
03/11 15:44 [DEBUG] cshmd.analysis (__del_bond__)            : del -> Si_O O_H H_O Ca_O C_O BO
03/11 15:44 [DEBUG] cshmd.analysis (__initialize_mole__)     : initalize -> H2O SiO4 OH CO3 H3O
03/11 15:44 [DEBUG] cshmd.analysis (__initialize_mole__)     : initalize -> SiOH CaOH HCO3 H2CO3 H3CO3
03/11 15:44 [DEBUG] cshmd.analysis (find_bond)               : find_bond O - H 
03/11 15:44 [DEBUG] cshmd.common (time_wrapper)              : [RUNTIME] get_distance_table in 0.213 seconds
03/11 15:44 [DEBUG] cshmd.analysis (get_mole)                : get_mole O - H -> nbonds: 2
03/11 15:44 [DEBUG] cshmd.analysis (find_bond)               : find_bond Si - O 
03/11 15:44 [DEBUG] cshmd.common (time_wrapper)              : [RUNTIME] get_distance_table in 0.112 seconds
03/11 15:44 [DEBUG] cshmd.analysis (get_mole)                : get_mole Si - O -> nbonds: 4
03/11 15:44 [DEBUG] cshmd.analysis (get_mole)                : get_mole O - H -> nbonds: 1
03/11 15:44 [DEBUG] cshmd.analysis (find_bond)               : find_bond C - O 
03/11 15:44 [DEBUG] cshmd.analysis (get_mole)                : get_mole C - O -> nbonds: 3
03/11 15:44 [DEBUG] cshmd.analysis (get_mole)                : get_mole O - H -> nbonds: 3
03/11 15:44 [DEBUG] cshmd.analysis (find_bond)               : find_bond Ca - O 
03/11 15:44 [DEBUG] cshmd.common (time_wrapper)              : [RUNTIME] get_distance_table in 0.121 seconds
03/11 15:44 [INFO] cshmd.analysis (full_search)              : Search layer details
03/11 15:44 [DEBUG] cshmd.analysis (find_bond)               : find_bond Ca - O 
03/11 15:44 [DEBUG] cshmd.analysis (find_bond)               : find_bond Si - O 
03/11 15:44 [INFO] cshmd.analysis (__detail_search_oh_co3)   : No CO3 in basic search
03/11 15:44 [DEBUG] cshmd.analysis (__detail_search_oh_sioh) : Searching 'OH' in 'SiO4
03/11 15:44 [INFO] cshmd.analysis (__detail_search_oh_caoh)  : No CaOH in basic search
03/11 15:44 [INFO] cshmd.analysis (Qn)                       : [StructureManager] Q1: 0.182
03/11 15:44 [INFO] cshmd.analysis (Qn)                       : [StructureManager] Q2: 0.818
03/11 15:44 [INFO] cshmd.analysis (CS)                       : [StructureManager] C/S: 0.818
03/11 15:44 [DEBUG] cshmd.analysis (find_bond)               : find_bond O - H 
03/11 15:44 [DEBUG] cshmd.analysis (get_mole)                : get_mole O - H -> nbonds: 1
03/11 15:44 [DEBUG] cshmd.analysis (get_mole)                : get_mole O - H -> nbonds: 2
03/11 15:44 [DEBUG] cshmd.analysis (find_bond)               : find_bond C - O 
03/11 15:44 [DEBUG] cshmd.analysis (get_mole)                : get_mole C - O -> nbonds: 3
03/11 15:44 [DEBUG] cshmd.analysis (find_bond)               : find_bond Si - O 
03/11 15:44 [DEBUG] cshmd.analysis (get_mole)                : get_mole Si - O -> nbonds: 4
03/11 15:44 [INFO] cshmd.functions (cal_uniform_by_space)    : Number of molecules to add : 2620
03/11 15:44 [INFO] cshmd.functions (cal_uniform_by_space)    : Number of atoms per surface : 156
03/11 15:44 [INFO] cshmd.functions (cal_uniform_by_space)    : Number of layer : 17
03/11 15:44 [INFO] cshmd.structure (extendLattice)           : Extend lattice 40.411 44.551 32.487 -> 40.411 44.551 66.487 
03/11 15:44 [INFO] cif_modifier (exec_make_interface)        : Number of atoms: 3132 -> 10992
03/11 15:44 [INFO] cshmd.structure (labeling_by_clayff)      : Now get label according to 'Clayff' style
03/11 15:44 [DEBUG] cshmd.analysis (get_mole)                : get_mole O - H -> nbonds: 1
03/11 15:44 [DEBUG] cshmd.analysis (get_mole)                : get_mole O - H -> nbonds: 2
03/11 15:44 [DEBUG] cshmd.analysis (get_mole)                : get_mole Si - O -> nbonds: 4
03/11 15:44 [DEBUG] cshmd.analysis (get_mole)                : get_mole C - O -> nbonds: 3
03/11 15:44 [INFO] cshmd.structure (labeling_by_clayff)      : All atoms labeled by clayff
03/11 15:44 [INFO] cshmd.structure (labeling_by_clayff)      : Clayff charge: 37.800
03/11 15:44 [INFO] cshmd.structure (writeCif)                : w2tL5H0H2.cif was created
03/11 15:44 [INFO] cif_modifier (__init__)                   : Total charge: 72 -> 72
03/11 15:44 [INFO] cif_modifier (<module>)                   : Logger loaded
03/11 15:44 [INFO] cshmd.structure (__init__)                : L5H1.cif was loaded
03/11 15:44 [DEBUG] cshmd.analysis (__init__)                : [StructureManager] Now new data setted for get Bonds
03/11 15:44 [DEBUG] cshmd.analysis (__del_bond__)            : del -> Si_O O_H H_O Ca_O C_O BO
03/11 15:44 [DEBUG] cshmd.analysis (__initialize_mole__)     : initalize -> H2O SiO4 OH CO3 H3O
03/11 15:44 [DEBUG] cshmd.analysis (__initialize_mole__)     : initalize -> SiOH CaOH HCO3 H2CO3 H3CO3
03/11 15:44 [DEBUG] cshmd.analysis (find_bond)               : find_bond O - H 
03/11 15:44 [DEBUG] cshmd.common (time_wrapper)              : [RUNTIME] get_distance_table in 0.232 seconds
03/11 15:44 [DEBUG] cshmd.analysis (get_mole)                : get_mole O - H -> nbonds: 2
03/11 15:44 [DEBUG] cshmd.analysis (find_bond)               : find_bond Si - O 
03/11 15:44 [DEBUG] cshmd.common (time_wrapper)              : [RUNTIME] get_distance_table in 0.124 seconds
03/11 15:44 [DEBUG] cshmd.analysis (get_mole)                : get_mole Si - O -> nbonds: 4
03/11 15:44 [DEBUG] cshmd.analysis (get_mole)                : get_mole O - H -> nbonds: 1
03/11 15:44 [DEBUG] cshmd.analysis (find_bond)               : find_bond C - O 
03/11 15:44 [DEBUG] cshmd.analysis (get_mole)                : get_mole C - O -> nbonds: 3
03/11 15:44 [DEBUG] cshmd.analysis (get_mole)                : get_mole O - H -> nbonds: 3
03/11 15:44 [DEBUG] cshmd.analysis (find_bond)               : find_bond Ca - O 
03/11 15:44 [DEBUG] cshmd.common (time_wrapper)              : [RUNTIME] get_distance_table in 0.105 seconds
03/11 15:44 [INFO] cshmd.analysis (full_search)              : Search layer details
03/11 15:44 [DEBUG] cshmd.analysis (find_bond)               : find_bond Ca - O 
03/11 15:44 [DEBUG] cshmd.analysis (find_bond)               : find_bond Si - O 
03/11 15:44 [INFO] cshmd.analysis (__detail_search_oh_co3)   : No CO3 in basic search
03/11 15:44 [DEBUG] cshmd.analysis (__detail_search_oh_sioh) : Searching 'OH' in 'SiO4
03/11 15:44 [INFO] cshmd.analysis (__detail_search_oh_caoh)  : No CaOH in basic search
03/11 15:44 [INFO] cshmd.analysis (Qn)                       : [StructureManager] Q1: 0.182
03/11 15:44 [INFO] cshmd.analysis (Qn)                       : [StructureManager] Q2: 0.818
03/11 15:44 [INFO] cshmd.analysis (CS)                       : [StructureManager] C/S: 0.818
03/11 15:44 [INFO] cshmd.structure (extendLattice)           : Extend lattice 40.411 44.551 30.988 -> 40.411 44.551 32.487 
03/11 15:44 [INFO] cshmd.structure (writeCif)                : L5H1.cif was created
03/11 15:44 [INFO] cif_modifier (__init__)                   : Total charge: 72 -> 72
03/11 15:44 [INFO] cif_modifier (<module>)                   : Logger loaded
03/11 15:44 [INFO] cshmd.structure (__init__)                : L5H1.cif was loaded
03/11 15:44 [DEBUG] cshmd.analysis (__init__)                : [StructureManager] Now new data setted for get Bonds
03/11 15:44 [DEBUG] cshmd.analysis (__del_bond__)            : del -> Si_O O_H H_O Ca_O C_O BO
03/11 15:44 [DEBUG] cshmd.analysis (__initialize_mole__)     : initalize -> H2O SiO4 OH CO3 H3O
03/11 15:44 [DEBUG] cshmd.analysis (__initialize_mole__)     : initalize -> SiOH CaOH HCO3 H2CO3 H3CO3
03/11 15:44 [DEBUG] cshmd.analysis (find_bond)               : find_bond O - H 
03/11 15:44 [DEBUG] cshmd.common (time_wrapper)              : [RUNTIME] get_distance_table in 0.231 seconds
03/11 15:44 [DEBUG] cshmd.analysis (get_mole)                : get_mole O - H -> nbonds: 2
03/11 15:44 [DEBUG] cshmd.analysis (find_bond)               : find_bond Si - O 
03/11 15:44 [DEBUG] cshmd.common (time_wrapper)              : [RUNTIME] get_distance_table in 0.116 seconds
03/11 15:44 [DEBUG] cshmd.analysis (get_mole)                : get_mole Si - O -> nbonds: 4
03/11 15:44 [DEBUG] cshmd.analysis (get_mole)                : get_mole O - H -> nbonds: 1
03/11 15:44 [DEBUG] cshmd.analysis (find_bond)               : find_bond C - O 
03/11 15:44 [DEBUG] cshmd.analysis (get_mole)                : get_mole C - O -> nbonds: 3
03/11 15:44 [DEBUG] cshmd.analysis (get_mole)                : get_mole O - H -> nbonds: 3
03/11 15:44 [DEBUG] cshmd.analysis (find_bond)               : find_bond Ca - O 
03/11 15:44 [DEBUG] cshmd.common (time_wrapper)              : [RUNTIME] get_distance_table in 0.118 seconds
03/11 15:44 [INFO] cshmd.analysis (full_search)              : Search layer details
03/11 15:44 [DEBUG] cshmd.analysis (find_bond)               : find_bond Ca - O 
03/11 15:44 [DEBUG] cshmd.analysis (find_bond)               : find_bond Si - O 
03/11 15:44 [INFO] cshmd.analysis (__detail_search_oh_co3)   : No CO3 in basic search
03/11 15:44 [DEBUG] cshmd.analysis (__detail_search_oh_sioh) : Searching 'OH' in 'SiO4
03/11 15:44 [INFO] cshmd.analysis (__detail_search_oh_caoh)  : No CaOH in basic search
03/11 15:44 [INFO] cshmd.analysis (Qn)                       : [StructureManager] Q1: 0.182
03/11 15:44 [INFO] cshmd.analysis (Qn)                       : [StructureManager] Q2: 0.818
03/11 15:44 [INFO] cshmd.analysis (CS)                       : [StructureManager] C/S: 0.818
03/11 15:44 [DEBUG] cshmd.analysis (find_bond)               : find_bond O - H 
03/11 15:44 [DEBUG] cshmd.analysis (get_mole)                : get_mole O - H -> nbonds: 1
03/11 15:44 [DEBUG] cshmd.analysis (get_mole)                : get_mole O - H -> nbonds: 2
03/11 15:44 [DEBUG] cshmd.analysis (find_bond)               : find_bond C - O 
03/11 15:44 [DEBUG] cshmd.analysis (get_mole)                : get_mole C - O -> nbonds: 3
03/11 15:44 [DEBUG] cshmd.analysis (find_bond)               : find_bond Si - O 
03/11 15:44 [DEBUG] cshmd.analysis (get_mole)                : get_mole Si - O -> nbonds: 4
03/11 15:44 [INFO] cshmd.functions (cal_uniform_by_space)    : Number of molecules to add : 2620
03/11 15:44 [INFO] cshmd.functions (cal_uniform_by_space)    : Number of atoms per surface : 156
03/11 15:44 [INFO] cshmd.functions (cal_uniform_by_space)    : Number of layer : 17
03/11 15:44 [INFO] cshmd.structure (extendLattice)           : Extend lattice 40.411 44.551 32.487 -> 40.411 44.551 66.487 
03/11 15:44 [INFO] cif_modifier (exec_make_interface)        : Number of atoms: 3132 -> 10992
03/11 15:44 [INFO] cshmd.structure (labeling_by_clayff)      : Now get label according to 'Clayff' style
03/11 15:44 [DEBUG] cshmd.analysis (get_mole)                : get_mole O - H -> nbonds: 1
03/11 15:44 [DEBUG] cshmd.analysis (get_mole)                : get_mole O - H -> nbonds: 2
03/11 15:44 [DEBUG] cshmd.analysis (get_mole)                : get_mole Si - O -> nbonds: 4
03/11 15:44 [DEBUG] cshmd.analysis (get_mole)                : get_mole C - O -> nbonds: 3
03/11 15:44 [INFO] cshmd.structure (labeling_by_clayff)      : All atoms labeled by clayff
03/11 15:44 [INFO] cshmd.structure (labeling_by_clayff)      : Clayff charge: 37.800
03/11 15:44 [INFO] cshmd.structure (writeCif)                : w2tL5H1.cif was created
03/11 15:44 [INFO] cif_modifier (__init__)                   : Total charge: 72 -> 72
03/11 15:44 [INFO] cif_modifier (<module>)                   : Logger loaded
03/11 15:44 [INFO] cshmd.structure (__init__)                : L5H2.cif was loaded
03/11 15:44 [DEBUG] cshmd.analysis (__init__)                : [StructureManager] Now new data setted for get Bonds
03/11 15:44 [DEBUG] cshmd.analysis (__del_bond__)            : del -> Si_O O_H H_O Ca_O C_O BO
03/11 15:44 [DEBUG] cshmd.analysis (__initialize_mole__)     : initalize -> H2O SiO4 OH CO3 H3O
03/11 15:44 [DEBUG] cshmd.analysis (__initialize_mole__)     : initalize -> SiOH CaOH HCO3 H2CO3 H3CO3
03/11 15:44 [DEBUG] cshmd.analysis (find_bond)               : find_bond O - H 
03/11 15:44 [DEBUG] cshmd.common (time_wrapper)              : [RUNTIME] get_distance_table in 0.245 seconds
03/11 15:44 [DEBUG] cshmd.analysis (get_mole)                : get_mole O - H -> nbonds: 2
03/11 15:44 [DEBUG] cshmd.analysis (find_bond)               : find_bond Si - O 
03/11 15:44 [DEBUG] cshmd.common (time_wrapper)              : [RUNTIME] get_distance_table in 0.104 seconds
03/11 15:44 [DEBUG] cshmd.analysis (get_mole)                : get_mole Si - O -> nbonds: 4
03/11 15:44 [DEBUG] cshmd.analysis (get_mole)                : get_mole O - H -> nbonds: 1
03/11 15:44 [DEBUG] cshmd.analysis (find_bond)               : find_bond C - O 
03/11 15:44 [DEBUG] cshmd.analysis (get_mole)                : get_mole C - O -> nbonds: 3
03/11 15:44 [DEBUG] cshmd.analysis (get_mole)                : get_mole O - H -> nbonds: 3
03/11 15:44 [DEBUG] cshmd.analysis (find_bond)               : find_bond Ca - O 
03/11 15:44 [DEBUG] cshmd.common (time_wrapper)              : [RUNTIME] get_distance_table in 0.117 seconds
03/11 15:44 [INFO] cshmd.analysis (full_search)              : Search layer details
03/11 15:44 [DEBUG] cshmd.analysis (find_bond)               : find_bond Ca - O 
03/11 15:44 [DEBUG] cshmd.analysis (find_bond)               : find_bond Si - O 
03/11 15:44 [INFO] cshmd.analysis (__detail_search_oh_co3)   : No CO3 in basic search
03/11 15:44 [DEBUG] cshmd.analysis (__detail_search_oh_sioh) : Searching 'OH' in 'SiO4
03/11 15:44 [INFO] cshmd.analysis (__detail_search_oh_caoh)  : No CaOH in basic search
03/11 15:44 [INFO] cshmd.analysis (Qn)                       : [StructureManager] Q1: 0.182
03/11 15:44 [INFO] cshmd.analysis (Qn)                       : [StructureManager] Q2: 0.818
03/11 15:44 [INFO] cshmd.analysis (CS)                       : [StructureManager] C/S: 0.818
03/11 15:44 [INFO] cshmd.structure (extendLattice)           : Extend lattice 40.411 44.551 30.988 -> 40.411 44.551 32.487 
03/11 15:44 [INFO] cshmd.structure (writeCif)                : L5H2.cif was created
03/11 15:44 [INFO] cif_modifier (__init__)                   : Total charge: 144 -> 144
03/11 15:44 [INFO] cif_modifier (<module>)                   : Logger loaded
03/11 15:44 [INFO] cshmd.structure (__init__)                : L5H2.cif was loaded
03/11 15:44 [DEBUG] cshmd.analysis (__init__)                : [StructureManager] Now new data setted for get Bonds
03/11 15:44 [DEBUG] cshmd.analysis (__del_bond__)            : del -> Si_O O_H H_O Ca_O C_O BO
03/11 15:44 [DEBUG] cshmd.analysis (__initialize_mole__)     : initalize -> H2O SiO4 OH CO3 H3O
03/11 15:44 [DEBUG] cshmd.analysis (__initialize_mole__)     : initalize -> SiOH CaOH HCO3 H2CO3 H3CO3
03/11 15:44 [DEBUG] cshmd.analysis (find_bond)               : find_bond O - H 
03/11 15:44 [DEBUG] cshmd.common (time_wrapper)              : [RUNTIME] get_distance_table in 0.245 seconds
03/11 15:44 [DEBUG] cshmd.analysis (get_mole)                : get_mole O - H -> nbonds: 2
03/11 15:44 [DEBUG] cshmd.analysis (find_bond)               : find_bond Si - O 
03/11 15:44 [DEBUG] cshmd.common (time_wrapper)              : [RUNTIME] get_distance_table in 0.111 seconds
03/11 15:44 [DEBUG] cshmd.analysis (get_mole)                : get_mole Si - O -> nbonds: 4
03/11 15:44 [DEBUG] cshmd.analysis (get_mole)                : get_mole O - H -> nbonds: 1
03/11 15:44 [DEBUG] cshmd.analysis (find_bond)               : find_bond C - O 
03/11 15:44 [DEBUG] cshmd.analysis (get_mole)                : get_mole C - O -> nbonds: 3
03/11 15:44 [DEBUG] cshmd.analysis (get_mole)                : get_mole O - H -> nbonds: 3
03/11 15:44 [DEBUG] cshmd.analysis (find_bond)               : find_bond Ca - O 
03/11 15:44 [DEBUG] cshmd.common (time_wrapper)              : [RUNTIME] get_distance_table in 0.108 seconds
03/11 15:44 [INFO] cshmd.analysis (full_search)              : Search layer details
03/11 15:44 [DEBUG] cshmd.analysis (find_bond)               : find_bond Ca - O 
03/11 15:44 [DEBUG] cshmd.analysis (find_bond)               : find_bond Si - O 
03/11 15:44 [INFO] cshmd.analysis (__detail_search_oh_co3)   : No CO3 in basic search
03/11 15:44 [DEBUG] cshmd.analysis (__detail_search_oh_sioh) : Searching 'OH' in 'SiO4
03/11 15:44 [INFO] cshmd.analysis (__detail_search_oh_caoh)  : No CaOH in basic search
03/11 15:44 [INFO] cshmd.analysis (Qn)                       : [StructureManager] Q1: 0.182
03/11 15:44 [INFO] cshmd.analysis (Qn)                       : [StructureManager] Q2: 0.818
03/11 15:44 [INFO] cshmd.analysis (CS)                       : [StructureManager] C/S: 0.818
03/11 15:44 [DEBUG] cshmd.analysis (find_bond)               : find_bond O - H 
03/11 15:44 [DEBUG] cshmd.analysis (get_mole)                : get_mole O - H -> nbonds: 1
03/11 15:44 [DEBUG] cshmd.analysis (get_mole)                : get_mole O - H -> nbonds: 2
03/11 15:44 [DEBUG] cshmd.analysis (find_bond)               : find_bond C - O 
03/11 15:44 [DEBUG] cshmd.analysis (get_mole)                : get_mole C - O -> nbonds: 3
03/11 15:44 [DEBUG] cshmd.analysis (find_bond)               : find_bond Si - O 
03/11 15:44 [DEBUG] cshmd.analysis (get_mole)                : get_mole Si - O -> nbonds: 4
03/11 15:44 [INFO] cshmd.functions (cal_uniform_by_space)    : Number of molecules to add : 2620
03/11 15:44 [INFO] cshmd.functions (cal_uniform_by_space)    : Number of atoms per surface : 156
03/11 15:44 [INFO] cshmd.functions (cal_uniform_by_space)    : Number of layer : 17
03/11 15:44 [INFO] cshmd.structure (extendLattice)           : Extend lattice 40.411 44.551 32.487 -> 40.411 44.551 66.487 
03/11 15:44 [INFO] cif_modifier (exec_make_interface)        : Number of atoms: 3204 -> 11064
03/11 15:44 [INFO] cshmd.structure (labeling_by_clayff)      : Now get label according to 'Clayff' style
03/11 15:44 [DEBUG] cshmd.analysis (get_mole)                : get_mole O - H -> nbonds: 1
03/11 15:44 [DEBUG] cshmd.analysis (get_mole)                : get_mole O - H -> nbonds: 2
03/11 15:44 [DEBUG] cshmd.analysis (get_mole)                : get_mole Si - O -> nbonds: 4
03/11 15:44 [DEBUG] cshmd.analysis (get_mole)                : get_mole C - O -> nbonds: 3
03/11 15:44 [INFO] cshmd.structure (labeling_by_clayff)      : All atoms labeled by clayff
03/11 15:44 [INFO] cshmd.structure (labeling_by_clayff)      : Clayff charge: 75.600
03/11 15:44 [INFO] cshmd.structure (writeCif)                : w2tL5H2.cif was created
03/11 15:44 [INFO] cif_modifier (__init__)                   : Total charge: 144 -> 144
03/11 15:44 [INFO] cif_modifier (<module>)                   : Logger loaded
03/11 15:44 [INFO] cshmd.structure (__init__)                : LiH0.cif was loaded
03/11 15:44 [DEBUG] cshmd.analysis (__init__)                : [StructureManager] Now new data setted for get Bonds
03/11 15:44 [DEBUG] cshmd.analysis (__del_bond__)            : del -> Si_O O_H H_O Ca_O C_O BO
03/11 15:44 [DEBUG] cshmd.analysis (__initialize_mole__)     : initalize -> H2O SiO4 OH CO3 H3O
03/11 15:44 [DEBUG] cshmd.analysis (__initialize_mole__)     : initalize -> SiOH CaOH HCO3 H2CO3 H3CO3
03/11 15:44 [DEBUG] cshmd.analysis (find_bond)               : find_bond O - H 
03/11 15:44 [DEBUG] cshmd.common (time_wrapper)              : [RUNTIME] get_distance_table in 0.204 seconds
03/11 15:44 [DEBUG] cshmd.analysis (get_mole)                : get_mole O - H -> nbonds: 2
03/11 15:44 [DEBUG] cshmd.analysis (find_bond)               : find_bond Si - O 
03/11 15:44 [DEBUG] cshmd.common (time_wrapper)              : [RUNTIME] get_distance_table in 0.135 seconds
03/11 15:44 [DEBUG] cshmd.analysis (get_mole)                : get_mole Si - O -> nbonds: 4
03/11 15:44 [DEBUG] cshmd.analysis (get_mole)                : get_mole O - H -> nbonds: 1
03/11 15:44 [DEBUG] cshmd.analysis (find_bond)               : find_bond C - O 
03/11 15:44 [DEBUG] cshmd.analysis (get_mole)                : get_mole C - O -> nbonds: 3
03/11 15:44 [DEBUG] cshmd.analysis (get_mole)                : get_mole O - H -> nbonds: 3
03/11 15:44 [DEBUG] cshmd.analysis (find_bond)               : find_bond Ca - O 
03/11 15:44 [DEBUG] cshmd.common (time_wrapper)              : [RUNTIME] get_distance_table in 0.121 seconds
03/11 15:44 [INFO] cshmd.analysis (full_search)              : Search layer details
03/11 15:44 [DEBUG] cshmd.analysis (find_bond)               : find_bond Ca - O 
03/11 15:44 [DEBUG] cshmd.analysis (find_bond)               : find_bond Si - O 
03/11 15:44 [INFO] cshmd.analysis (__detail_search_oh_co3)   : No CO3 in basic search
03/11 15:44 [DEBUG] cshmd.analysis (__detail_search_oh_sioh) : Searching 'OH' in 'SiO4
03/11 15:44 [INFO] cshmd.analysis (__detail_search_oh_caoh)  : No CaOH in basic search
03/11 15:44 [INFO] cshmd.analysis (Qn)                       : [StructureManager] Q2: 1.000
03/11 15:44 [INFO] cshmd.analysis (CS)                       : [StructureManager] C/S: 0.750
03/11 15:44 [INFO] cshmd.structure (extendLattice)           : Extend lattice 40.411 44.551 29.488 -> 40.411 44.551 30.988 
03/11 15:44 [INFO] cshmd.structure (writeCif)                : LiH0.cif was created
03/11 15:44 [INFO] cif_modifier (__init__)                   : Total charge: 0 -> 0
03/11 15:44 [INFO] cif_modifier (<module>)                   : Logger loaded
03/11 15:44 [INFO] cshmd.structure (__init__)                : LiH0.cif was loaded
03/11 15:44 [DEBUG] cshmd.analysis (__init__)                : [StructureManager] Now new data setted for get Bonds
03/11 15:44 [DEBUG] cshmd.analysis (__del_bond__)            : del -> Si_O O_H H_O Ca_O C_O BO
03/11 15:44 [DEBUG] cshmd.analysis (__initialize_mole__)     : initalize -> H2O SiO4 OH CO3 H3O
03/11 15:44 [DEBUG] cshmd.analysis (__initialize_mole__)     : initalize -> SiOH CaOH HCO3 H2CO3 H3CO3
03/11 15:44 [DEBUG] cshmd.analysis (find_bond)               : find_bond O - H 
03/11 15:44 [DEBUG] cshmd.common (time_wrapper)              : [RUNTIME] get_distance_table in 0.196 seconds
03/11 15:44 [DEBUG] cshmd.analysis (get_mole)                : get_mole O - H -> nbonds: 2
03/11 15:44 [DEBUG] cshmd.analysis (find_bond)               : find_bond Si - O 
03/11 15:44 [DEBUG] cshmd.common (time_wrapper)              : [RUNTIME] get_distance_table in 0.117 seconds
03/11 15:44 [DEBUG] cshmd.analysis (get_mole)                : get_mole Si - O -> nbonds: 4
03/11 15:44 [DEBUG] cshmd.analysis (get_mole)                : get_mole O - H -> nbonds: 1
03/11 15:44 [DEBUG] cshmd.analysis (find_bond)               : find_bond C - O 
03/11 15:44 [DEBUG] cshmd.analysis (get_mole)                : get_mole C - O -> nbonds: 3
03/11 15:44 [DEBUG] cshmd.analysis (get_mole)                : get_mole O - H -> nbonds: 3
03/11 15:44 [DEBUG] cshmd.analysis (find_bond)               : find_bond Ca - O 
03/11 15:44 [DEBUG] cshmd.common (time_wrapper)              : [RUNTIME] get_distance_table in 0.112 seconds
03/11 15:44 [INFO] cshmd.analysis (full_search)              : Search layer details
03/11 15:44 [DEBUG] cshmd.analysis (find_bond)               : find_bond Ca - O 
03/11 15:44 [DEBUG] cshmd.analysis (find_bond)               : find_bond Si - O 
03/11 15:44 [INFO] cshmd.analysis (__detail_search_oh_co3)   : No CO3 in basic search
03/11 15:44 [DEBUG] cshmd.analysis (__detail_search_oh_sioh) : Searching 'OH' in 'SiO4
03/11 15:44 [INFO] cshmd.analysis (__detail_search_oh_caoh)  : No CaOH in basic search
03/11 15:44 [INFO] cshmd.analysis (Qn)                       : [StructureManager] Q2: 1.000
03/11 15:44 [INFO] cshmd.analysis (CS)                       : [StructureManager] C/S: 0.750
03/11 15:44 [DEBUG] cshmd.analysis (find_bond)               : find_bond O - H 
03/11 15:44 [DEBUG] cshmd.analysis (get_mole)                : get_mole O - H -> nbonds: 1
03/11 15:44 [DEBUG] cshmd.analysis (get_mole)                : get_mole O - H -> nbonds: 2
03/11 15:44 [DEBUG] cshmd.analysis (find_bond)               : find_bond C - O 
03/11 15:44 [DEBUG] cshmd.analysis (get_mole)                : get_mole C - O -> nbonds: 3
03/11 15:44 [DEBUG] cshmd.analysis (find_bond)               : find_bond Si - O 
03/11 15:44 [DEBUG] cshmd.analysis (get_mole)                : get_mole Si - O -> nbonds: 4
03/11 15:44 [INFO] cshmd.functions (cal_uniform_by_space)    : Number of molecules to add : 2620
03/11 15:44 [INFO] cshmd.functions (cal_uniform_by_space)    : Number of atoms per surface : 156
03/11 15:44 [INFO] cshmd.functions (cal_uniform_by_space)    : Number of layer : 17
03/11 15:44 [INFO] cshmd.structure (extendLattice)           : Extend lattice 40.411 44.551 30.988 -> 40.411 44.551 64.987 
03/11 15:44 [INFO] cif_modifier (exec_make_interface)        : Number of atoms: 3168 -> 11028
03/11 15:44 [INFO] cshmd.structure (labeling_by_clayff)      : Now get label according to 'Clayff' style
03/11 15:44 [DEBUG] cshmd.analysis (get_mole)                : get_mole O - H -> nbonds: 1
03/11 15:44 [DEBUG] cshmd.analysis (get_mole)                : get_mole O - H -> nbonds: 2
03/11 15:44 [DEBUG] cshmd.analysis (get_mole)                : get_mole Si - O -> nbonds: 4
03/11 15:44 [DEBUG] cshmd.analysis (get_mole)                : get_mole C - O -> nbonds: 3
03/11 15:44 [INFO] cshmd.structure (labeling_by_clayff)      : All atoms labeled by clayff
03/11 15:44 [INFO] cshmd.structure (labeling_by_clayff)      : Clayff charge: 0.000
03/11 15:44 [INFO] cshmd.structure (writeCif)                : w2tLiH0.cif was created
03/11 15:44 [INFO] cif_modifier (__init__)                   : Total charge: 0 -> 0
03/11 15:44 [INFO] cif_modifier (<module>)                   : Logger loaded
03/11 15:44 [INFO] cshmd.structure (__init__)                : LiH1.cif was loaded
03/11 15:44 [DEBUG] cshmd.analysis (__init__)                : [StructureManager] Now new data setted for get Bonds
03/11 15:44 [DEBUG] cshmd.analysis (__del_bond__)            : del -> Si_O O_H H_O Ca_O C_O BO
03/11 15:44 [DEBUG] cshmd.analysis (__initialize_mole__)     : initalize -> H2O SiO4 OH CO3 H3O
03/11 15:44 [DEBUG] cshmd.analysis (__initialize_mole__)     : initalize -> SiOH CaOH HCO3 H2CO3 H3CO3
03/11 15:44 [DEBUG] cshmd.analysis (find_bond)               : find_bond O - H 
03/11 15:44 [DEBUG] cshmd.common (time_wrapper)              : [RUNTIME] get_distance_table in 0.227 seconds
03/11 15:44 [DEBUG] cshmd.analysis (get_mole)                : get_mole O - H -> nbonds: 2
03/11 15:44 [DEBUG] cshmd.analysis (find_bond)               : find_bond Si - O 
03/11 15:44 [DEBUG] cshmd.common (time_wrapper)              : [RUNTIME] get_distance_table in 0.135 seconds
03/11 15:44 [DEBUG] cshmd.analysis (get_mole)                : get_mole Si - O -> nbonds: 4
03/11 15:44 [DEBUG] cshmd.analysis (get_mole)                : get_mole O - H -> nbonds: 1
03/11 15:44 [DEBUG] cshmd.analysis (find_bond)               : find_bond C - O 
03/11 15:44 [DEBUG] cshmd.analysis (get_mole)                : get_mole C - O -> nbonds: 3
03/11 15:44 [DEBUG] cshmd.analysis (get_mole)                : get_mole O - H -> nbonds: 3
03/11 15:44 [DEBUG] cshmd.analysis (find_bond)               : find_bond Ca - O 
03/11 15:44 [DEBUG] cshmd.common (time_wrapper)              : [RUNTIME] get_distance_table in 0.106 seconds
03/11 15:44 [INFO] cshmd.analysis (full_search)              : Search layer details
03/11 15:44 [DEBUG] cshmd.analysis (find_bond)               : find_bond Ca - O 
03/11 15:44 [DEBUG] cshmd.analysis (find_bond)               : find_bond Si - O 
03/11 15:44 [INFO] cshmd.analysis (__detail_search_oh_co3)   : No CO3 in basic search
03/11 15:44 [DEBUG] cshmd.analysis (__detail_search_oh_sioh) : Searching 'OH' in 'SiO4
03/11 15:44 [INFO] cshmd.analysis (__detail_search_oh_caoh)  : No CaOH in basic search
03/11 15:44 [INFO] cshmd.analysis (Qn)                       : [StructureManager] Q2: 1.000
03/11 15:44 [INFO] cshmd.analysis (CS)                       : [StructureManager] C/S: 0.750
03/11 15:44 [INFO] cshmd.structure (extendLattice)           : Extend lattice 40.411 44.551 30.988 -> 40.411 44.551 32.487 
03/11 15:44 [INFO] cshmd.structure (writeCif)                : LiH1.cif was created
03/11 15:44 [INFO] cif_modifier (__init__)                   : Total charge: 72 -> 72
03/11 15:44 [INFO] cif_modifier (<module>)                   : Logger loaded
03/11 15:44 [INFO] cshmd.structure (__init__)                : LiH1.cif was loaded
03/11 15:44 [DEBUG] cshmd.analysis (__init__)                : [StructureManager] Now new data setted for get Bonds
03/11 15:44 [DEBUG] cshmd.analysis (__del_bond__)            : del -> Si_O O_H H_O Ca_O C_O BO
03/11 15:44 [DEBUG] cshmd.analysis (__initialize_mole__)     : initalize -> H2O SiO4 OH CO3 H3O
03/11 15:44 [DEBUG] cshmd.analysis (__initialize_mole__)     : initalize -> SiOH CaOH HCO3 H2CO3 H3CO3
03/11 15:44 [DEBUG] cshmd.analysis (find_bond)               : find_bond O - H 
03/11 15:44 [DEBUG] cshmd.common (time_wrapper)              : [RUNTIME] get_distance_table in 0.218 seconds
03/11 15:44 [DEBUG] cshmd.analysis (get_mole)                : get_mole O - H -> nbonds: 2
03/11 15:44 [DEBUG] cshmd.analysis (find_bond)               : find_bond Si - O 
03/11 15:44 [DEBUG] cshmd.common (time_wrapper)              : [RUNTIME] get_distance_table in 0.131 seconds
03/11 15:44 [DEBUG] cshmd.analysis (get_mole)                : get_mole Si - O -> nbonds: 4
03/11 15:44 [DEBUG] cshmd.analysis (get_mole)                : get_mole O - H -> nbonds: 1
03/11 15:44 [DEBUG] cshmd.analysis (find_bond)               : find_bond C - O 
03/11 15:44 [DEBUG] cshmd.analysis (get_mole)                : get_mole C - O -> nbonds: 3
03/11 15:44 [DEBUG] cshmd.analysis (get_mole)                : get_mole O - H -> nbonds: 3
03/11 15:44 [DEBUG] cshmd.analysis (find_bond)               : find_bond Ca - O 
03/11 15:44 [DEBUG] cshmd.common (time_wrapper)              : [RUNTIME] get_distance_table in 0.108 seconds
03/11 15:44 [INFO] cshmd.analysis (full_search)              : Search layer details
03/11 15:44 [DEBUG] cshmd.analysis (find_bond)               : find_bond Ca - O 
03/11 15:44 [DEBUG] cshmd.analysis (find_bond)               : find_bond Si - O 
03/11 15:44 [INFO] cshmd.analysis (__detail_search_oh_co3)   : No CO3 in basic search
03/11 15:44 [DEBUG] cshmd.analysis (__detail_search_oh_sioh) : Searching 'OH' in 'SiO4
03/11 15:44 [INFO] cshmd.analysis (__detail_search_oh_caoh)  : No CaOH in basic search
03/11 15:44 [INFO] cshmd.analysis (Qn)                       : [StructureManager] Q2: 1.000
03/11 15:44 [INFO] cshmd.analysis (CS)                       : [StructureManager] C/S: 0.750
03/11 15:44 [DEBUG] cshmd.analysis (find_bond)               : find_bond O - H 
03/11 15:44 [DEBUG] cshmd.analysis (get_mole)                : get_mole O - H -> nbonds: 1
03/11 15:44 [DEBUG] cshmd.analysis (get_mole)                : get_mole O - H -> nbonds: 2
03/11 15:44 [DEBUG] cshmd.analysis (find_bond)               : find_bond C - O 
03/11 15:44 [DEBUG] cshmd.analysis (get_mole)                : get_mole C - O -> nbonds: 3
03/11 15:44 [DEBUG] cshmd.analysis (find_bond)               : find_bond Si - O 
03/11 15:44 [DEBUG] cshmd.analysis (get_mole)                : get_mole Si - O -> nbonds: 4
03/11 15:44 [INFO] cshmd.functions (cal_uniform_by_space)    : Number of molecules to add : 2620
03/11 15:44 [INFO] cshmd.functions (cal_uniform_by_space)    : Number of atoms per surface : 156
03/11 15:44 [INFO] cshmd.functions (cal_uniform_by_space)    : Number of layer : 17
03/11 15:44 [INFO] cshmd.structure (extendLattice)           : Extend lattice 40.411 44.551 32.487 -> 40.411 44.551 66.487 
03/11 15:44 [INFO] cif_modifier (exec_make_interface)        : Number of atoms: 3240 -> 11100
03/11 15:44 [INFO] cshmd.structure (labeling_by_clayff)      : Now get label according to 'Clayff' style
03/11 15:44 [DEBUG] cshmd.analysis (get_mole)                : get_mole O - H -> nbonds: 1
03/11 15:44 [DEBUG] cshmd.analysis (get_mole)                : get_mole O - H -> nbonds: 2
03/11 15:44 [DEBUG] cshmd.analysis (get_mole)                : get_mole Si - O -> nbonds: 4
03/11 15:44 [DEBUG] cshmd.analysis (get_mole)                : get_mole C - O -> nbonds: 3
03/11 15:44 [INFO] cshmd.structure (labeling_by_clayff)      : All atoms labeled by clayff
03/11 15:44 [INFO] cshmd.structure (labeling_by_clayff)      : Clayff charge: 37.800
03/11 15:44 [INFO] cshmd.structure (writeCif)                : w2tLiH1.cif was created
03/11 15:44 [INFO] cif_modifier (__init__)                   : Total charge: 72 -> 72
03/11 15:44 [INFO] cif_modifier (<module>)                   : Logger loaded
03/11 15:44 [INFO] cshmd.structure (__init__)                : LiH2.cif was loaded
03/11 15:44 [DEBUG] cshmd.analysis (__init__)                : [StructureManager] Now new data setted for get Bonds
03/11 15:44 [DEBUG] cshmd.analysis (__del_bond__)            : del -> Si_O O_H H_O Ca_O C_O BO
03/11 15:44 [DEBUG] cshmd.analysis (__initialize_mole__)     : initalize -> H2O SiO4 OH CO3 H3O
03/11 15:44 [DEBUG] cshmd.analysis (__initialize_mole__)     : initalize -> SiOH CaOH HCO3 H2CO3 H3CO3
03/11 15:44 [DEBUG] cshmd.analysis (find_bond)               : find_bond O - H 
03/11 15:44 [DEBUG] cshmd.common (time_wrapper)              : [RUNTIME] get_distance_table in 0.283 seconds
03/11 15:44 [DEBUG] cshmd.analysis (get_mole)                : get_mole O - H -> nbonds: 2
03/11 15:44 [DEBUG] cshmd.analysis (find_bond)               : find_bond Si - O 
03/11 15:44 [DEBUG] cshmd.common (time_wrapper)              : [RUNTIME] get_distance_table in 0.142 seconds
03/11 15:44 [DEBUG] cshmd.analysis (get_mole)                : get_mole Si - O -> nbonds: 4
03/11 15:44 [DEBUG] cshmd.analysis (get_mole)                : get_mole O - H -> nbonds: 1
03/11 15:44 [DEBUG] cshmd.analysis (find_bond)               : find_bond C - O 
03/11 15:44 [DEBUG] cshmd.analysis (get_mole)                : get_mole C - O -> nbonds: 3
03/11 15:44 [DEBUG] cshmd.analysis (get_mole)                : get_mole O - H -> nbonds: 3
03/11 15:44 [DEBUG] cshmd.analysis (find_bond)               : find_bond Ca - O 
03/11 15:44 [DEBUG] cshmd.common (time_wrapper)              : [RUNTIME] get_distance_table in 0.151 seconds
03/11 15:44 [INFO] cshmd.analysis (full_search)              : Search layer details
03/11 15:44 [DEBUG] cshmd.analysis (find_bond)               : find_bond Ca - O 
03/11 15:44 [DEBUG] cshmd.analysis (find_bond)               : find_bond Si - O 
03/11 15:44 [INFO] cshmd.analysis (__detail_search_oh_co3)   : No CO3 in basic search
03/11 15:44 [DEBUG] cshmd.analysis (__detail_search_oh_sioh) : Searching 'OH' in 'SiO4
03/11 15:44 [INFO] cshmd.analysis (__detail_search_oh_caoh)  : No CaOH in basic search
03/11 15:44 [INFO] cshmd.analysis (Qn)                       : [StructureManager] Q2: 1.000
03/11 15:44 [INFO] cshmd.analysis (CS)                       : [StructureManager] C/S: 0.750
03/11 15:44 [INFO] cshmd.structure (extendLattice)           : Extend lattice 40.411 44.551 29.488 -> 40.411 44.551 30.988 
03/11 15:44 [INFO] cshmd.structure (writeCif)                : LiH2.cif was created
03/11 15:44 [INFO] cif_modifier (__init__)                   : Total charge: 144 -> 144
03/11 15:44 [INFO] cif_modifier (<module>)                   : Logger loaded
03/11 15:44 [INFO] cshmd.structure (__init__)                : LiH2.cif was loaded
03/11 15:44 [DEBUG] cshmd.analysis (__init__)                : [StructureManager] Now new data setted for get Bonds
03/11 15:44 [DEBUG] cshmd.analysis (__del_bond__)            : del -> Si_O O_H H_O Ca_O C_O BO
03/11 15:44 [DEBUG] cshmd.analysis (__initialize_mole__)     : initalize -> H2O SiO4 OH CO3 H3O
03/11 15:44 [DEBUG] cshmd.analysis (__initialize_mole__)     : initalize -> SiOH CaOH HCO3 H2CO3 H3CO3
03/11 15:44 [DEBUG] cshmd.analysis (find_bond)               : find_bond O - H 
03/11 15:44 [DEBUG] cshmd.common (time_wrapper)              : [RUNTIME] get_distance_table in 0.238 seconds
03/11 15:44 [DEBUG] cshmd.analysis (get_mole)                : get_mole O - H -> nbonds: 2
03/11 15:44 [DEBUG] cshmd.analysis (find_bond)               : find_bond Si - O 
03/11 15:44 [DEBUG] cshmd.common (time_wrapper)              : [RUNTIME] get_distance_table in 0.120 seconds
03/11 15:44 [DEBUG] cshmd.analysis (get_mole)                : get_mole Si - O -> nbonds: 4
03/11 15:44 [DEBUG] cshmd.analysis (get_mole)                : get_mole O - H -> nbonds: 1
03/11 15:44 [DEBUG] cshmd.analysis (find_bond)               : find_bond C - O 
03/11 15:44 [DEBUG] cshmd.analysis (get_mole)                : get_mole C - O -> nbonds: 3
03/11 15:44 [DEBUG] cshmd.analysis (get_mole)                : get_mole O - H -> nbonds: 3
03/11 15:44 [DEBUG] cshmd.analysis (find_bond)               : find_bond Ca - O 
03/11 15:44 [DEBUG] cshmd.common (time_wrapper)              : [RUNTIME] get_distance_table in 0.107 seconds
03/11 15:44 [INFO] cshmd.analysis (full_search)              : Search layer details
03/11 15:44 [DEBUG] cshmd.analysis (find_bond)               : find_bond Ca - O 
03/11 15:44 [DEBUG] cshmd.analysis (find_bond)               : find_bond Si - O 
03/11 15:44 [INFO] cshmd.analysis (__detail_search_oh_co3)   : No CO3 in basic search
03/11 15:44 [DEBUG] cshmd.analysis (__detail_search_oh_sioh) : Searching 'OH' in 'SiO4
03/11 15:44 [INFO] cshmd.analysis (__detail_search_oh_caoh)  : No CaOH in basic search
03/11 15:44 [INFO] cshmd.analysis (Qn)                       : [StructureManager] Q2: 1.000
03/11 15:44 [INFO] cshmd.analysis (CS)                       : [StructureManager] C/S: 0.750
03/11 15:44 [DEBUG] cshmd.analysis (find_bond)               : find_bond O - H 
03/11 15:44 [DEBUG] cshmd.analysis (get_mole)                : get_mole O - H -> nbonds: 1
03/11 15:44 [DEBUG] cshmd.analysis (get_mole)                : get_mole O - H -> nbonds: 2
03/11 15:44 [DEBUG] cshmd.analysis (find_bond)               : find_bond C - O 
03/11 15:44 [DEBUG] cshmd.analysis (get_mole)                : get_mole C - O -> nbonds: 3
03/11 15:44 [DEBUG] cshmd.analysis (find_bond)               : find_bond Si - O 
03/11 15:44 [DEBUG] cshmd.analysis (get_mole)                : get_mole Si - O -> nbonds: 4
03/11 15:44 [INFO] cshmd.functions (cal_uniform_by_space)    : Number of molecules to add : 2620
03/11 15:44 [INFO] cshmd.functions (cal_uniform_by_space)    : Number of atoms per surface : 156
03/11 15:44 [INFO] cshmd.functions (cal_uniform_by_space)    : Number of layer : 17
03/11 15:44 [INFO] cshmd.structure (extendLattice)           : Extend lattice 40.411 44.551 30.988 -> 40.411 44.551 64.987 
03/11 15:44 [INFO] cif_modifier (exec_make_interface)        : Number of atoms: 3312 -> 11172
03/11 15:44 [INFO] cshmd.structure (labeling_by_clayff)      : Now get label according to 'Clayff' style
03/11 15:44 [DEBUG] cshmd.analysis (get_mole)                : get_mole O - H -> nbonds: 1
03/11 15:44 [DEBUG] cshmd.analysis (get_mole)                : get_mole O - H -> nbonds: 2
03/11 15:44 [DEBUG] cshmd.analysis (get_mole)                : get_mole Si - O -> nbonds: 4
03/11 15:44 [DEBUG] cshmd.analysis (get_mole)                : get_mole C - O -> nbonds: 3
03/11 15:44 [INFO] cshmd.structure (labeling_by_clayff)      : All atoms labeled by clayff
03/11 15:44 [INFO] cshmd.structure (labeling_by_clayff)      : Clayff charge: 75.600
03/11 15:44 [INFO] cshmd.structure (writeCif)                : w2tLiH2.cif was created
03/11 15:44 [INFO] cif_modifier (__init__)                   : Total charge: 144 -> 144
