05/26 12:03 [DEBUG] cshmd.common (get_logger)                                    : $$$$$$$$$$$$$$  Logger 'cshmd.common........' initialized  $$$$$$$$$$$$$$
05/26 12:03 [DEBUG] cshmd.functions (get_logger)                                 : $$$$$$$$$$$$$$  Logger 'cshmd.functions.....' initialized  $$$$$$$$$$$$$$
05/26 12:03 [DEBUG] cshmd.load (get_logger)                                      : $$$$$$$$$$$$$$  Logger 'cshmd.load..........' initialized  $$$$$$$$$$$$$$
05/26 12:03 [DEBUG] cshmd.analysis (get_logger)                                  : $$$$$$$$$$$$$$  Logger 'cshmd.analysis......' initialized  $$$$$$$$$$$$$$
05/26 12:03 [DEBUG] cshmd.equation (get_logger)                                  : $$$$$$$$$$$$$$  Logger 'cshmd.equation......' initialized  $$$$$$$$$$$$$$
05/26 12:03 [DEBUG] cshmd.structure (get_logger)                                 : $$$$$$$$$$$$$$  Logger 'cshmd.structure.....' initialized  $$$$$$$$$$$$$$
05/26 12:03 [DEBUG] cshmd.builder (get_logger)                                   : $$$$$$$$$$$$$$  Logger 'cshmd.builder.......' initialized  $$$$$$$$$$$$$$
05/26 12:03 [DEBUG] cshmd.trj_analysis (get_logger)                              : $$$$$$$$$$$$$$  Logger 'cshmd.trj_analysis..' initialized  $$$$$$$$$$$$$$
05/26 12:03 [DEBUG] csh_builder (get_logger)                                     : $$$$$$$$$$$$$$  Logger 'csh_builder.........' initialized  $$$$$$$$$$$$$$
05/26 12:03 [INFO] csh_builder (main)                                            : ----------------------------------------------------------------------
05/26 12:03 [INFO] csh_builder (main)                                            : 'L025.yaml' loaded
05/26 12:03 [INFO] cshmd.structure (__init__)                                    : /Users/kimuni/bin/kimuni/cshmd/data/resources/cif/T14_111_short.cif was loaded
05/26 12:03 [DEBUG] cshmd.analysis (__init__)                                    : [Structure] Now new data setted for get Bonds
05/26 12:03 [DEBUG] cshmd.analysis (__del_bond__)                                : del -> Si_O O_H H_O Ca_O C_O BO NBO
05/26 12:03 [DEBUG] cshmd.analysis (__initialize_mole__)                         : initalize -> H2O SiO4 OH CO3 CO2 H3O
05/26 12:03 [DEBUG] cshmd.analysis (__initialize_mole__)                         : initalize -> SiOH CaOH HCO3 H2CO3 H3CO3
05/26 12:03 [DEBUG] cshmd.analysis (find_bond)                                   : find_bond O - H rcut -> 1.2
05/26 12:03 [DEBUG] cshmd.common (time_wrapper)                                  : [RUNTIME] get_distance_table in 0.000 seconds
05/26 12:03 [DEBUG] cshmd.analysis (get_mole)                                    : get_mole O - H -> nbonds: 2
05/26 12:03 [DEBUG] cshmd.analysis (find_bond)                                   : find_bond Si - O rcut -> 2.3
05/26 12:03 [DEBUG] cshmd.common (time_wrapper)                                  : [RUNTIME] get_distance_table in 0.000 seconds
05/26 12:03 [DEBUG] cshmd.analysis (get_mole)                                    : get_mole Si - O -> nbonds: 4
05/26 12:03 [DEBUG] cshmd.analysis (get_mole)                                    : get_mole O - H -> nbonds: 1
05/26 12:03 [DEBUG] cshmd.analysis (find_bond)                                   : find_bond C - O rcut -> 1.6
05/26 12:03 [DEBUG] cshmd.analysis (get_mole)                                    : get_mole C - O -> nbonds: 3
05/26 12:03 [DEBUG] cshmd.analysis (get_mole)                                    : get_mole O - H -> nbonds: 3
05/26 12:03 [DEBUG] cshmd.analysis (find_bond)                                   : find_bond Ca - O rcut -> 3.0
05/26 12:03 [DEBUG] cshmd.common (time_wrapper)                                  : [RUNTIME] get_distance_table in 0.000 seconds
05/26 12:03 [DEBUG] cshmd.analysis (search_basic)                                : Basic search result -> H2O: 9, SiO4: 12, OH: 2, CO3: 0, H3O: 0, Ca_O: 60
05/26 12:03 [DEBUG] cshmd.analysis (full_search)                                 : Search layer details
05/26 12:03 [DEBUG] cshmd.analysis (set_layer_boundary)                          : Set layer boundary -> 0.2434410225 - 0.744571576575
05/26 12:03 [DEBUG] cshmd.analysis (find_bond)                                   : find_bond Ca - O rcut -> 2.6
05/26 12:03 [DEBUG] cshmd.analysis (find_bond)                                   : find_bond Ca - O rcut -> 3.1
05/26 12:03 [DEBUG] cshmd.analysis (find_bond)                                   : find_bond Ca - O rcut -> 5.2
05/26 12:03 [DEBUG] cshmd.analysis (_anal_surface_co3_adsorption)                : No 'C' in system
05/26 12:03 [DEBUG] cshmd.analysis (__detail_search_oh_co3)                      : No CO3 in basic search
05/26 12:03 [DEBUG] cshmd.analysis (__detail_search_oh_sioh)                     : Searching 'OH' in 'SiO4
05/26 12:03 [DEBUG] cshmd.analysis (__detail_search_oh_caoh)                     : Searching 'OH' in 'CaOH
05/26 12:03 [INFO] cshmd.analysis (Qn)                                           : [Structure] Q2: 1.000
05/26 12:03 [INFO] cshmd.analysis (evaluate_csh)                                 : [Structure] BT: 4, PT: 8
05/26 12:03 [DEBUG] cshmd.analysis (__init__)                                    : <class 'cshmd.analysis.Chain'> loaded
05/26 12:03 [DEBUG] cshmd.analysis (__init__)                                    : <class 'cshmd.analysis.Chain'> loaded
05/26 12:03 [DEBUG] cshmd.analysis (__init__)                                    : <class 'cshmd.analysis.Chain'> loaded
05/26 12:03 [DEBUG] cshmd.analysis (__init__)                                    : <class 'cshmd.analysis.Chain'> loaded
05/26 12:03 [INFO] cshmd.analysis (evaluate_csh)                                 : [Structure] CL : Length 3: 1
05/26 12:03 [INFO] cshmd.analysis (evaluate_csh)                                 : [Structure] MCL : 3.000
05/26 12:03 [INFO] cshmd.structure (__init__)                                    : /Users/kimuni/bin/kimuni/cshmd/data/resources/cif/T14_111_short.cif was loaded
05/26 12:03 [DEBUG] cshmd.analysis (__init__)                                    : [Structure] Now new data setted for get Bonds
05/26 12:03 [DEBUG] cshmd.analysis (__del_bond__)                                : del -> Si_O O_H H_O Ca_O C_O BO NBO
05/26 12:03 [DEBUG] cshmd.analysis (__initialize_mole__)                         : initalize -> H2O SiO4 OH CO3 CO2 H3O
05/26 12:03 [DEBUG] cshmd.analysis (__initialize_mole__)                         : initalize -> SiOH CaOH HCO3 H2CO3 H3CO3
05/26 12:03 [DEBUG] cshmd.analysis (find_bond)                                   : find_bond O - H rcut -> 1.2
05/26 12:03 [DEBUG] cshmd.common (time_wrapper)                                  : [RUNTIME] get_distance_table in 0.000 seconds
05/26 12:03 [DEBUG] cshmd.analysis (get_mole)                                    : get_mole O - H -> nbonds: 2
05/26 12:03 [DEBUG] cshmd.analysis (find_bond)                                   : find_bond Si - O rcut -> 2.3
05/26 12:03 [DEBUG] cshmd.common (time_wrapper)                                  : [RUNTIME] get_distance_table in 0.000 seconds
05/26 12:03 [DEBUG] cshmd.analysis (get_mole)                                    : get_mole Si - O -> nbonds: 4
05/26 12:03 [DEBUG] cshmd.analysis (get_mole)                                    : get_mole O - H -> nbonds: 1
05/26 12:03 [DEBUG] cshmd.analysis (find_bond)                                   : find_bond C - O rcut -> 1.6
05/26 12:03 [DEBUG] cshmd.analysis (get_mole)                                    : get_mole C - O -> nbonds: 3
05/26 12:03 [DEBUG] cshmd.analysis (get_mole)                                    : get_mole O - H -> nbonds: 3
05/26 12:03 [DEBUG] cshmd.analysis (find_bond)                                   : find_bond Ca - O rcut -> 3.0
05/26 12:03 [DEBUG] cshmd.common (time_wrapper)                                  : [RUNTIME] get_distance_table in 0.000 seconds
05/26 12:03 [DEBUG] cshmd.analysis (search_basic)                                : Basic search result -> H2O: 9, SiO4: 12, OH: 2, CO3: 0, H3O: 0, Ca_O: 60
05/26 12:03 [DEBUG] cshmd.analysis (full_search)                                 : Search layer details
05/26 12:03 [DEBUG] cshmd.analysis (set_layer_boundary)                          : Set layer boundary -> 0.2434410225 - 0.744571576575
05/26 12:03 [DEBUG] cshmd.analysis (find_bond)                                   : find_bond Ca - O rcut -> 2.6
05/26 12:03 [DEBUG] cshmd.analysis (find_bond)                                   : find_bond Ca - O rcut -> 3.1
05/26 12:03 [DEBUG] cshmd.analysis (find_bond)                                   : find_bond Ca - O rcut -> 5.2
05/26 12:03 [DEBUG] cshmd.analysis (_anal_surface_co3_adsorption)                : No 'C' in system
05/26 12:03 [DEBUG] cshmd.analysis (__detail_search_oh_co3)                      : No CO3 in basic search
05/26 12:03 [DEBUG] cshmd.analysis (__detail_search_oh_sioh)                     : Searching 'OH' in 'SiO4
05/26 12:03 [DEBUG] cshmd.analysis (__detail_search_oh_caoh)                     : Searching 'OH' in 'CaOH
05/26 12:03 [INFO] cshmd.analysis (Qn)                                           : [Structure] Q2: 1.000
05/26 12:03 [INFO] cshmd.analysis (evaluate_csh)                                 : [Structure] BT: 4, PT: 8
05/26 12:03 [DEBUG] cshmd.analysis (__init__)                                    : <class 'cshmd.analysis.Chain'> loaded
05/26 12:03 [DEBUG] cshmd.analysis (__init__)                                    : <class 'cshmd.analysis.Chain'> loaded
05/26 12:03 [DEBUG] cshmd.analysis (__init__)                                    : <class 'cshmd.analysis.Chain'> loaded
05/26 12:03 [DEBUG] cshmd.analysis (__init__)                                    : <class 'cshmd.analysis.Chain'> loaded
05/26 12:03 [INFO] cshmd.analysis (evaluate_csh)                                 : [Structure] CL : Length 3: 1
05/26 12:03 [INFO] cshmd.analysis (evaluate_csh)                                 : [Structure] MCL : 3.000
05/26 12:03 [INFO] csh_builder (main)                                            : [Structure] Reading command 'supercell'...
05/26 12:03 [INFO] cshmd.structure (makeSupercell)                               : [Structure] Supercell created 8 * 8 * 1
05/26 12:03 [DEBUG] cshmd.analysis (__init__)                                    : [Structure] Now new data setted for get Bonds
05/26 12:03 [DEBUG] cshmd.analysis (__del_bond__)                                : del -> Si_O O_H H_O Ca_O C_O BO NBO
05/26 12:03 [DEBUG] cshmd.analysis (__initialize_mole__)                         : initalize -> H2O SiO4 OH CO3 CO2 H3O
05/26 12:03 [DEBUG] cshmd.analysis (__initialize_mole__)                         : initalize -> SiOH CaOH HCO3 H2CO3 H3CO3
05/26 12:03 [DEBUG] cshmd.analysis (find_bond)                                   : find_bond O - H rcut -> 1.2
05/26 12:03 [DEBUG] cshmd.common (time_wrapper)                                  : [RUNTIME] get_distance_table in 0.658 seconds
05/26 12:03 [DEBUG] cshmd.analysis (get_mole)                                    : get_mole O - H -> nbonds: 2
05/26 12:03 [DEBUG] cshmd.analysis (find_bond)                                   : find_bond Si - O rcut -> 2.3
05/26 12:03 [DEBUG] cshmd.common (time_wrapper)                                  : [RUNTIME] get_distance_table in 0.446 seconds
05/26 12:03 [DEBUG] cshmd.analysis (get_mole)                                    : get_mole Si - O -> nbonds: 4
05/26 12:03 [DEBUG] cshmd.analysis (get_mole)                                    : get_mole O - H -> nbonds: 1
05/26 12:03 [DEBUG] cshmd.analysis (find_bond)                                   : find_bond C - O rcut -> 1.6
05/26 12:03 [DEBUG] cshmd.analysis (get_mole)                                    : get_mole C - O -> nbonds: 3
05/26 12:03 [DEBUG] cshmd.analysis (get_mole)                                    : get_mole O - H -> nbonds: 3
05/26 12:03 [DEBUG] cshmd.analysis (find_bond)                                   : find_bond Ca - O rcut -> 3.0
05/26 12:03 [DEBUG] cshmd.common (time_wrapper)                                  : [RUNTIME] get_distance_table in 0.296 seconds
05/26 12:03 [DEBUG] cshmd.analysis (search_basic)                                : Basic search result -> H2O: 576, SiO4: 768, OH: 128, CO3: 0, H3O: 0, Ca_O: 3840
05/26 12:03 [DEBUG] cshmd.analysis (full_search)                                 : Search layer details
05/26 12:03 [DEBUG] cshmd.analysis (set_layer_boundary)                          : Set layer boundary -> 0.24344102250000055 - 0.7445715765749975
05/26 12:03 [DEBUG] cshmd.analysis (find_bond)                                   : find_bond Ca - O rcut -> 2.6
05/26 12:03 [DEBUG] cshmd.analysis (find_bond)                                   : find_bond Ca - O rcut -> 3.1
05/26 12:03 [DEBUG] cshmd.analysis (find_bond)                                   : find_bond Ca - O rcut -> 5.2
05/26 12:03 [DEBUG] cshmd.analysis (_anal_surface_co3_adsorption)                : No 'C' in system
05/26 12:03 [DEBUG] cshmd.analysis (__detail_search_oh_co3)                      : No CO3 in basic search
05/26 12:03 [DEBUG] cshmd.analysis (__detail_search_oh_sioh)                     : Searching 'OH' in 'SiO4
05/26 12:03 [DEBUG] cshmd.analysis (__detail_search_oh_caoh)                     : Searching 'OH' in 'CaOH
05/26 12:03 [INFO] cshmd.analysis (Qn)                                           : [Structure] Q2: 1.000
05/26 12:03 [INFO] cshmd.analysis (evaluate_csh)                                 : [Structure] BT: 256, PT: 512
05/26 12:03 [DEBUG] cshmd.analysis (__init__)                                    : <class 'cshmd.analysis.Chain'> loaded
05/26 12:03 [DEBUG] cshmd.analysis (__init__)                                    : <class 'cshmd.analysis.Chain'> loaded
05/26 12:03 [DEBUG] cshmd.analysis (__init__)                                    : <class 'cshmd.analysis.Chain'> loaded
05/26 12:03 [DEBUG] cshmd.analysis (__init__)                                    : <class 'cshmd.analysis.Chain'> loaded
05/26 12:03 [INFO] cshmd.analysis (evaluate_csh)                                 : [Structure] CL : Length 24: 8
05/26 12:03 [INFO] cshmd.analysis (evaluate_csh)                                 : [Structure] MCL : 24.000
05/26 12:03 [INFO] cshmd.builder (update_manager)                                : [Structure] Number of atoms: 86 -> 5504
05/26 12:03 [INFO] csh_builder (main)                                            : [Structure] Reading command 'defect_BT'...
05/26 12:03 [INFO] cshmd.builder (defect_BT)                                     : [Structure] Termination scope: False
05/26 12:03 [INFO] cshmd.builder (defect_BT)                                     : [Structure] Exists 64 Bridging Tetra in 'up' side
05/26 12:03 [INFO] cshmd.builder (defect_BT)                                     : Target MCL 2.5, Remove 55 BT
05/26 12:03 [INFO] cshmd.builder (defect_BT)                                     : In surface, add Ca when Bridge Tetra removed.
05/26 12:03 [INFO] cshmd.structure (add_Ca)                                      : [Structure] Add Ca
05/26 12:03 [INFO] cshmd.builder (defect_BT)                                     : [Structure] Exists 64 Bridging Tetra in 'down' side
05/26 12:03 [INFO] cshmd.builder (defect_BT)                                     : Target MCL 2.5, Remove 55 BT
05/26 12:03 [INFO] cshmd.builder (defect_BT)                                     : In surface, add Ca when Bridge Tetra removed.
05/26 12:03 [INFO] cshmd.structure (add_Ca)                                      : [Structure] Add Ca
05/26 12:03 [INFO] cshmd.builder (defect_BT)                                     : [Structure] Termination scope: False
05/26 12:03 [INFO] cshmd.builder (defect_BT)                                     : [Structure] Exists 64 Bridging Tetra in 'down' side
05/26 12:03 [INFO] cshmd.builder (defect_BT)                                     : Target MCL 2.5, Remove 55 BT
05/26 12:03 [INFO] cshmd.builder (defect_BT)                                     : In bulk, add CaOH when Bridge Tetra removed.
05/26 12:03 [INFO] cshmd.structure (add_Ca)                                      : [Structure] Add Ca with 1 OH
05/26 12:03 [INFO] cshmd.builder (defect_BT)                                     : [Structure] Exists 64 Bridging Tetra in 'up' side
05/26 12:03 [INFO] cshmd.builder (defect_BT)                                     : Target MCL 2.5, Remove 55 BT
05/26 12:03 [INFO] cshmd.builder (defect_BT)                                     : In bulk, add CaOH when Bridge Tetra removed.
05/26 12:03 [INFO] cshmd.structure (add_Ca)                                      : [Structure] Add Ca with 1 OH
05/26 12:03 [INFO] cshmd.structure (check_rm_list)                               : Delete 770 atoms in rm_list
05/26 12:03 [DEBUG] cshmd.analysis (__init__)                                    : [Structure] Now new data setted for get Bonds
05/26 12:03 [DEBUG] cshmd.analysis (__del_bond__)                                : del -> Si_O O_H H_O Ca_O C_O BO NBO
05/26 12:03 [DEBUG] cshmd.analysis (__initialize_mole__)                         : initalize -> H2O SiO4 OH CO3 CO2 H3O
05/26 12:03 [DEBUG] cshmd.analysis (__initialize_mole__)                         : initalize -> SiOH CaOH HCO3 H2CO3 H3CO3
05/26 12:03 [DEBUG] cshmd.analysis (find_bond)                                   : find_bond O - H rcut -> 1.2
05/26 12:03 [DEBUG] cshmd.common (time_wrapper)                                  : [RUNTIME] get_distance_table in 0.592 seconds
05/26 12:03 [DEBUG] cshmd.analysis (get_mole)                                    : get_mole O - H -> nbonds: 2
05/26 12:03 [DEBUG] cshmd.analysis (find_bond)                                   : find_bond Si - O rcut -> 2.3
05/26 12:03 [DEBUG] cshmd.common (time_wrapper)                                  : [RUNTIME] get_distance_table in 0.262 seconds
05/26 12:03 [DEBUG] cshmd.analysis (get_mole)                                    : get_mole Si - O -> nbonds: 4
05/26 12:03 [DEBUG] cshmd.analysis (get_mole)                                    : get_mole O - H -> nbonds: 1
05/26 12:03 [DEBUG] cshmd.analysis (find_bond)                                   : find_bond C - O rcut -> 1.6
05/26 12:03 [DEBUG] cshmd.analysis (get_mole)                                    : get_mole C - O -> nbonds: 3
05/26 12:03 [DEBUG] cshmd.analysis (get_mole)                                    : get_mole O - H -> nbonds: 3
05/26 12:03 [DEBUG] cshmd.analysis (find_bond)                                   : find_bond Ca - O rcut -> 3.0
05/26 12:03 [DEBUG] cshmd.common (time_wrapper)                                  : [RUNTIME] get_distance_table in 0.373 seconds
05/26 12:03 [DEBUG] cshmd.analysis (search_basic)                                : Basic search result -> H2O: 576, SiO4: 548, OH: 128, CO3: 0, H3O: 0, Ca_O: 4225
05/26 12:03 [DEBUG] cshmd.analysis (full_search)                                 : Search layer details
05/26 12:03 [DEBUG] cshmd.analysis (set_layer_boundary)                          : Set layer boundary -> 0.24344102250000055 - 0.7445715765749975
05/26 12:03 [DEBUG] cshmd.analysis (find_bond)                                   : find_bond Ca - O rcut -> 2.6
05/26 12:03 [DEBUG] cshmd.analysis (find_bond)                                   : find_bond Ca - O rcut -> 3.1
05/26 12:03 [DEBUG] cshmd.analysis (find_bond)                                   : find_bond Ca - O rcut -> 5.2
05/26 12:03 [DEBUG] cshmd.analysis (_anal_surface_co3_adsorption)                : No 'C' in system
05/26 12:03 [DEBUG] cshmd.analysis (__detail_search_oh_co3)                      : No CO3 in basic search
05/26 12:03 [DEBUG] cshmd.analysis (__detail_search_oh_sioh)                     : Searching 'OH' in 'SiO4
05/26 12:03 [DEBUG] cshmd.analysis (__detail_search_oh_caoh)                     : Searching 'OH' in 'CaOH
05/26 12:03 [INFO] cshmd.analysis (Qn)                                           : [Structure] Q1: 0.803
05/26 12:03 [INFO] cshmd.analysis (Qn)                                           : [Structure] Q2: 0.197
05/26 12:03 [INFO] cshmd.analysis (evaluate_csh)                                 : [Structure] BT: 36, PT: 512
05/26 12:03 [DEBUG] cshmd.analysis (__init__)                                    : <class 'cshmd.analysis.Chain'> loaded
05/26 12:03 [DEBUG] cshmd.analysis (__init__)                                    : <class 'cshmd.analysis.Chain'> loaded
05/26 12:03 [DEBUG] cshmd.analysis (__init__)                                    : <class 'cshmd.analysis.Chain'> loaded
05/26 12:03 [DEBUG] cshmd.analysis (__init__)                                    : <class 'cshmd.analysis.Chain'> loaded
05/26 12:03 [INFO] cshmd.analysis (evaluate_csh)                                 : [Structure] CL : Length 2: 46 Length 5: 9
05/26 12:03 [INFO] cshmd.analysis (evaluate_csh)                                 : [Structure] MCL : 2.491
05/26 12:03 [INFO] cshmd.builder (update_manager)                                : [Structure] Number of atoms: 5504 -> 5174
05/26 12:03 [INFO] csh_builder (main)                                            : [Structure] Reading command 'terminate_NBO'...
05/26 12:03 [INFO] cshmd.builder (terminate_NBO)                                 : Terminate <class 'float'> ratio of silanol group -> 18 / 18 in 2sides
05/26 12:03 [INFO] cshmd.structure (writeCif)                                    : L025.cif was created
05/26 12:03 [INFO] cshmd.builder (out_model)                                     : Total Charge: 0
05/26 12:03 [INFO] csh_builder (main)                                            : ----------------------------------------------------------------------
05/26 12:03 [INFO] csh_builder (main)                                            : ----------------------------------------------------------------------
05/26 12:03 [INFO] csh_builder (main)                                            : 'L050.yaml' loaded
05/26 12:03 [INFO] cshmd.structure (__init__)                                    : /Users/kimuni/bin/kimuni/cshmd/data/resources/cif/T14_111_short.cif was loaded
05/26 12:03 [DEBUG] cshmd.analysis (__init__)                                    : [Structure] Now new data setted for get Bonds
05/26 12:03 [DEBUG] cshmd.analysis (__del_bond__)                                : del -> Si_O O_H H_O Ca_O C_O BO NBO
05/26 12:03 [DEBUG] cshmd.analysis (__initialize_mole__)                         : initalize -> H2O SiO4 OH CO3 CO2 H3O
05/26 12:03 [DEBUG] cshmd.analysis (__initialize_mole__)                         : initalize -> SiOH CaOH HCO3 H2CO3 H3CO3
05/26 12:03 [DEBUG] cshmd.analysis (find_bond)                                   : find_bond O - H rcut -> 1.2
05/26 12:03 [DEBUG] cshmd.common (time_wrapper)                                  : [RUNTIME] get_distance_table in 0.000 seconds
05/26 12:03 [DEBUG] cshmd.analysis (get_mole)                                    : get_mole O - H -> nbonds: 2
05/26 12:03 [DEBUG] cshmd.analysis (find_bond)                                   : find_bond Si - O rcut -> 2.3
05/26 12:03 [DEBUG] cshmd.common (time_wrapper)                                  : [RUNTIME] get_distance_table in 0.000 seconds
05/26 12:03 [DEBUG] cshmd.analysis (get_mole)                                    : get_mole Si - O -> nbonds: 4
05/26 12:03 [DEBUG] cshmd.analysis (get_mole)                                    : get_mole O - H -> nbonds: 1
05/26 12:03 [DEBUG] cshmd.analysis (find_bond)                                   : find_bond C - O rcut -> 1.6
05/26 12:03 [DEBUG] cshmd.analysis (get_mole)                                    : get_mole C - O -> nbonds: 3
05/26 12:03 [DEBUG] cshmd.analysis (get_mole)                                    : get_mole O - H -> nbonds: 3
05/26 12:03 [DEBUG] cshmd.analysis (find_bond)                                   : find_bond Ca - O rcut -> 3.0
05/26 12:03 [DEBUG] cshmd.common (time_wrapper)                                  : [RUNTIME] get_distance_table in 0.000 seconds
05/26 12:03 [DEBUG] cshmd.analysis (search_basic)                                : Basic search result -> H2O: 9, SiO4: 12, OH: 2, CO3: 0, H3O: 0, Ca_O: 60
05/26 12:03 [DEBUG] cshmd.analysis (full_search)                                 : Search layer details
05/26 12:03 [DEBUG] cshmd.analysis (set_layer_boundary)                          : Set layer boundary -> 0.2434410225 - 0.744571576575
05/26 12:03 [DEBUG] cshmd.analysis (find_bond)                                   : find_bond Ca - O rcut -> 2.6
05/26 12:03 [DEBUG] cshmd.analysis (find_bond)                                   : find_bond Ca - O rcut -> 3.1
05/26 12:03 [DEBUG] cshmd.analysis (find_bond)                                   : find_bond Ca - O rcut -> 5.2
05/26 12:03 [DEBUG] cshmd.analysis (_anal_surface_co3_adsorption)                : No 'C' in system
05/26 12:03 [DEBUG] cshmd.analysis (__detail_search_oh_co3)                      : No CO3 in basic search
05/26 12:03 [DEBUG] cshmd.analysis (__detail_search_oh_sioh)                     : Searching 'OH' in 'SiO4
05/26 12:03 [DEBUG] cshmd.analysis (__detail_search_oh_caoh)                     : Searching 'OH' in 'CaOH
05/26 12:03 [INFO] cshmd.analysis (Qn)                                           : [Structure] Q2: 1.000
05/26 12:03 [INFO] cshmd.analysis (evaluate_csh)                                 : [Structure] BT: 4, PT: 8
05/26 12:03 [DEBUG] cshmd.analysis (__init__)                                    : <class 'cshmd.analysis.Chain'> loaded
05/26 12:03 [DEBUG] cshmd.analysis (__init__)                                    : <class 'cshmd.analysis.Chain'> loaded
05/26 12:03 [DEBUG] cshmd.analysis (__init__)                                    : <class 'cshmd.analysis.Chain'> loaded
05/26 12:03 [DEBUG] cshmd.analysis (__init__)                                    : <class 'cshmd.analysis.Chain'> loaded
05/26 12:03 [INFO] cshmd.analysis (evaluate_csh)                                 : [Structure] CL : Length 3: 1
05/26 12:03 [INFO] cshmd.analysis (evaluate_csh)                                 : [Structure] MCL : 3.000
05/26 12:03 [INFO] cshmd.structure (__init__)                                    : /Users/kimuni/bin/kimuni/cshmd/data/resources/cif/T14_111_short.cif was loaded
05/26 12:03 [DEBUG] cshmd.analysis (__init__)                                    : [Structure] Now new data setted for get Bonds
05/26 12:03 [DEBUG] cshmd.analysis (__del_bond__)                                : del -> Si_O O_H H_O Ca_O C_O BO NBO
05/26 12:03 [DEBUG] cshmd.analysis (__initialize_mole__)                         : initalize -> H2O SiO4 OH CO3 CO2 H3O
05/26 12:03 [DEBUG] cshmd.analysis (__initialize_mole__)                         : initalize -> SiOH CaOH HCO3 H2CO3 H3CO3
05/26 12:03 [DEBUG] cshmd.analysis (find_bond)                                   : find_bond O - H rcut -> 1.2
05/26 12:03 [DEBUG] cshmd.common (time_wrapper)                                  : [RUNTIME] get_distance_table in 0.000 seconds
05/26 12:03 [DEBUG] cshmd.analysis (get_mole)                                    : get_mole O - H -> nbonds: 2
05/26 12:03 [DEBUG] cshmd.analysis (find_bond)                                   : find_bond Si - O rcut -> 2.3
05/26 12:03 [DEBUG] cshmd.common (time_wrapper)                                  : [RUNTIME] get_distance_table in 0.000 seconds
05/26 12:03 [DEBUG] cshmd.analysis (get_mole)                                    : get_mole Si - O -> nbonds: 4
05/26 12:03 [DEBUG] cshmd.analysis (get_mole)                                    : get_mole O - H -> nbonds: 1
05/26 12:03 [DEBUG] cshmd.analysis (find_bond)                                   : find_bond C - O rcut -> 1.6
05/26 12:03 [DEBUG] cshmd.analysis (get_mole)                                    : get_mole C - O -> nbonds: 3
05/26 12:03 [DEBUG] cshmd.analysis (get_mole)                                    : get_mole O - H -> nbonds: 3
05/26 12:03 [DEBUG] cshmd.analysis (find_bond)                                   : find_bond Ca - O rcut -> 3.0
05/26 12:03 [DEBUG] cshmd.common (time_wrapper)                                  : [RUNTIME] get_distance_table in 0.000 seconds
05/26 12:03 [DEBUG] cshmd.analysis (search_basic)                                : Basic search result -> H2O: 9, SiO4: 12, OH: 2, CO3: 0, H3O: 0, Ca_O: 60
05/26 12:03 [DEBUG] cshmd.analysis (full_search)                                 : Search layer details
05/26 12:03 [DEBUG] cshmd.analysis (set_layer_boundary)                          : Set layer boundary -> 0.2434410225 - 0.744571576575
05/26 12:03 [DEBUG] cshmd.analysis (find_bond)                                   : find_bond Ca - O rcut -> 2.6
05/26 12:03 [DEBUG] cshmd.analysis (find_bond)                                   : find_bond Ca - O rcut -> 3.1
05/26 12:03 [DEBUG] cshmd.analysis (find_bond)                                   : find_bond Ca - O rcut -> 5.2
05/26 12:03 [DEBUG] cshmd.analysis (_anal_surface_co3_adsorption)                : No 'C' in system
05/26 12:03 [DEBUG] cshmd.analysis (__detail_search_oh_co3)                      : No CO3 in basic search
05/26 12:03 [DEBUG] cshmd.analysis (__detail_search_oh_sioh)                     : Searching 'OH' in 'SiO4
05/26 12:03 [DEBUG] cshmd.analysis (__detail_search_oh_caoh)                     : Searching 'OH' in 'CaOH
05/26 12:03 [INFO] cshmd.analysis (Qn)                                           : [Structure] Q2: 1.000
05/26 12:03 [INFO] cshmd.analysis (evaluate_csh)                                 : [Structure] BT: 4, PT: 8
05/26 12:03 [DEBUG] cshmd.analysis (__init__)                                    : <class 'cshmd.analysis.Chain'> loaded
05/26 12:03 [DEBUG] cshmd.analysis (__init__)                                    : <class 'cshmd.analysis.Chain'> loaded
05/26 12:03 [DEBUG] cshmd.analysis (__init__)                                    : <class 'cshmd.analysis.Chain'> loaded
05/26 12:03 [DEBUG] cshmd.analysis (__init__)                                    : <class 'cshmd.analysis.Chain'> loaded
05/26 12:03 [INFO] cshmd.analysis (evaluate_csh)                                 : [Structure] CL : Length 3: 1
05/26 12:03 [INFO] cshmd.analysis (evaluate_csh)                                 : [Structure] MCL : 3.000
05/26 12:03 [INFO] csh_builder (main)                                            : [Structure] Reading command 'supercell'...
05/26 12:03 [INFO] cshmd.structure (makeSupercell)                               : [Structure] Supercell created 8 * 8 * 1
05/26 12:03 [DEBUG] cshmd.analysis (__init__)                                    : [Structure] Now new data setted for get Bonds
05/26 12:03 [DEBUG] cshmd.analysis (__del_bond__)                                : del -> Si_O O_H H_O Ca_O C_O BO NBO
05/26 12:03 [DEBUG] cshmd.analysis (__initialize_mole__)                         : initalize -> H2O SiO4 OH CO3 CO2 H3O
05/26 12:03 [DEBUG] cshmd.analysis (__initialize_mole__)                         : initalize -> SiOH CaOH HCO3 H2CO3 H3CO3
05/26 12:03 [DEBUG] cshmd.analysis (find_bond)                                   : find_bond O - H rcut -> 1.2
05/26 12:03 [DEBUG] cshmd.common (time_wrapper)                                  : [RUNTIME] get_distance_table in 0.655 seconds
05/26 12:03 [DEBUG] cshmd.analysis (get_mole)                                    : get_mole O - H -> nbonds: 2
05/26 12:03 [DEBUG] cshmd.analysis (find_bond)                                   : find_bond Si - O rcut -> 2.3
05/26 12:03 [DEBUG] cshmd.common (time_wrapper)                                  : [RUNTIME] get_distance_table in 0.405 seconds
05/26 12:03 [DEBUG] cshmd.analysis (get_mole)                                    : get_mole Si - O -> nbonds: 4
05/26 12:03 [DEBUG] cshmd.analysis (get_mole)                                    : get_mole O - H -> nbonds: 1
05/26 12:03 [DEBUG] cshmd.analysis (find_bond)                                   : find_bond C - O rcut -> 1.6
05/26 12:03 [DEBUG] cshmd.analysis (get_mole)                                    : get_mole C - O -> nbonds: 3
05/26 12:03 [DEBUG] cshmd.analysis (get_mole)                                    : get_mole O - H -> nbonds: 3
05/26 12:03 [DEBUG] cshmd.analysis (find_bond)                                   : find_bond Ca - O rcut -> 3.0
05/26 12:03 [DEBUG] cshmd.common (time_wrapper)                                  : [RUNTIME] get_distance_table in 0.295 seconds
05/26 12:03 [DEBUG] cshmd.analysis (search_basic)                                : Basic search result -> H2O: 576, SiO4: 768, OH: 128, CO3: 0, H3O: 0, Ca_O: 3840
05/26 12:03 [DEBUG] cshmd.analysis (full_search)                                 : Search layer details
05/26 12:03 [DEBUG] cshmd.analysis (set_layer_boundary)                          : Set layer boundary -> 0.24344102250000055 - 0.7445715765749975
05/26 12:03 [DEBUG] cshmd.analysis (find_bond)                                   : find_bond Ca - O rcut -> 2.6
05/26 12:03 [DEBUG] cshmd.analysis (find_bond)                                   : find_bond Ca - O rcut -> 3.1
05/26 12:03 [DEBUG] cshmd.analysis (find_bond)                                   : find_bond Ca - O rcut -> 5.2
05/26 12:03 [DEBUG] cshmd.analysis (_anal_surface_co3_adsorption)                : No 'C' in system
05/26 12:03 [DEBUG] cshmd.analysis (__detail_search_oh_co3)                      : No CO3 in basic search
05/26 12:03 [DEBUG] cshmd.analysis (__detail_search_oh_sioh)                     : Searching 'OH' in 'SiO4
05/26 12:03 [DEBUG] cshmd.analysis (__detail_search_oh_caoh)                     : Searching 'OH' in 'CaOH
05/26 12:03 [INFO] cshmd.analysis (Qn)                                           : [Structure] Q2: 1.000
05/26 12:03 [INFO] cshmd.analysis (evaluate_csh)                                 : [Structure] BT: 256, PT: 512
05/26 12:03 [DEBUG] cshmd.analysis (__init__)                                    : <class 'cshmd.analysis.Chain'> loaded
05/26 12:03 [DEBUG] cshmd.analysis (__init__)                                    : <class 'cshmd.analysis.Chain'> loaded
05/26 12:03 [DEBUG] cshmd.analysis (__init__)                                    : <class 'cshmd.analysis.Chain'> loaded
05/26 12:03 [DEBUG] cshmd.analysis (__init__)                                    : <class 'cshmd.analysis.Chain'> loaded
05/26 12:03 [INFO] cshmd.analysis (evaluate_csh)                                 : [Structure] CL : Length 24: 8
05/26 12:03 [INFO] cshmd.analysis (evaluate_csh)                                 : [Structure] MCL : 24.000
05/26 12:03 [INFO] cshmd.builder (update_manager)                                : [Structure] Number of atoms: 86 -> 5504
05/26 12:03 [INFO] csh_builder (main)                                            : [Structure] Reading command 'defect_BT'...
05/26 12:03 [INFO] cshmd.builder (defect_BT)                                     : [Structure] Termination scope: False
05/26 12:03 [INFO] cshmd.builder (defect_BT)                                     : [Structure] Exists 64 Bridging Tetra in 'up' side
05/26 12:03 [INFO] cshmd.builder (defect_BT)                                     : Target MCL 5, Remove 32 BT
05/26 12:03 [INFO] cshmd.builder (defect_BT)                                     : In surface, add Ca when Bridge Tetra removed.
05/26 12:03 [INFO] cshmd.structure (add_Ca)                                      : [Structure] Add Ca
05/26 12:03 [INFO] cshmd.builder (defect_BT)                                     : [Structure] Exists 64 Bridging Tetra in 'down' side
05/26 12:03 [INFO] cshmd.builder (defect_BT)                                     : Target MCL 5, Remove 32 BT
05/26 12:03 [INFO] cshmd.builder (defect_BT)                                     : In surface, add Ca when Bridge Tetra removed.
05/26 12:03 [INFO] cshmd.structure (add_Ca)                                      : [Structure] Add Ca
05/26 12:03 [INFO] cshmd.builder (defect_BT)                                     : [Structure] Termination scope: False
05/26 12:03 [INFO] cshmd.builder (defect_BT)                                     : [Structure] Exists 64 Bridging Tetra in 'down' side
05/26 12:03 [INFO] cshmd.builder (defect_BT)                                     : Target MCL 5, Remove 32 BT
05/26 12:03 [INFO] cshmd.builder (defect_BT)                                     : In bulk, add CaOH when Bridge Tetra removed.
05/26 12:03 [INFO] cshmd.structure (add_Ca)                                      : [Structure] Add Ca with 1 OH
05/26 12:03 [INFO] cshmd.builder (defect_BT)                                     : [Structure] Exists 64 Bridging Tetra in 'up' side
05/26 12:03 [INFO] cshmd.builder (defect_BT)                                     : Target MCL 5, Remove 32 BT
05/26 12:03 [INFO] cshmd.builder (defect_BT)                                     : In bulk, add CaOH when Bridge Tetra removed.
05/26 12:03 [INFO] cshmd.structure (add_Ca)                                      : [Structure] Add Ca with 1 OH
05/26 12:03 [INFO] cshmd.structure (check_rm_list)                               : Delete 448 atoms in rm_list
05/26 12:03 [DEBUG] cshmd.analysis (__init__)                                    : [Structure] Now new data setted for get Bonds
05/26 12:03 [DEBUG] cshmd.analysis (__del_bond__)                                : del -> Si_O O_H H_O Ca_O C_O BO NBO
05/26 12:03 [DEBUG] cshmd.analysis (__initialize_mole__)                         : initalize -> H2O SiO4 OH CO3 CO2 H3O
05/26 12:03 [DEBUG] cshmd.analysis (__initialize_mole__)                         : initalize -> SiOH CaOH HCO3 H2CO3 H3CO3
05/26 12:03 [DEBUG] cshmd.analysis (find_bond)                                   : find_bond O - H rcut -> 1.2
05/26 12:03 [DEBUG] cshmd.common (time_wrapper)                                  : [RUNTIME] get_distance_table in 0.636 seconds
05/26 12:03 [DEBUG] cshmd.analysis (get_mole)                                    : get_mole O - H -> nbonds: 2
05/26 12:03 [DEBUG] cshmd.analysis (find_bond)                                   : find_bond Si - O rcut -> 2.3
05/26 12:03 [DEBUG] cshmd.common (time_wrapper)                                  : [RUNTIME] get_distance_table in 0.305 seconds
05/26 12:03 [DEBUG] cshmd.analysis (get_mole)                                    : get_mole Si - O -> nbonds: 4
05/26 12:03 [DEBUG] cshmd.analysis (get_mole)                                    : get_mole O - H -> nbonds: 1
05/26 12:03 [DEBUG] cshmd.analysis (find_bond)                                   : find_bond C - O rcut -> 1.6
05/26 12:03 [DEBUG] cshmd.analysis (get_mole)                                    : get_mole C - O -> nbonds: 3
05/26 12:03 [DEBUG] cshmd.analysis (get_mole)                                    : get_mole O - H -> nbonds: 3
05/26 12:03 [DEBUG] cshmd.analysis (find_bond)                                   : find_bond Ca - O rcut -> 3.0
05/26 12:03 [DEBUG] cshmd.common (time_wrapper)                                  : [RUNTIME] get_distance_table in 0.336 seconds
05/26 12:03 [DEBUG] cshmd.analysis (search_basic)                                : Basic search result -> H2O: 576, SiO4: 640, OH: 128, CO3: 0, H3O: 0, Ca_O: 4064
05/26 12:03 [DEBUG] cshmd.analysis (full_search)                                 : Search layer details
05/26 12:03 [DEBUG] cshmd.analysis (set_layer_boundary)                          : Set layer boundary -> 0.24344102250000055 - 0.7445715765749975
05/26 12:03 [DEBUG] cshmd.analysis (find_bond)                                   : find_bond Ca - O rcut -> 2.6
05/26 12:03 [DEBUG] cshmd.analysis (find_bond)                                   : find_bond Ca - O rcut -> 3.1
05/26 12:03 [DEBUG] cshmd.analysis (find_bond)                                   : find_bond Ca - O rcut -> 5.2
05/26 12:03 [DEBUG] cshmd.analysis (_anal_surface_co3_adsorption)                : No 'C' in system
05/26 12:03 [DEBUG] cshmd.analysis (__detail_search_oh_co3)                      : No CO3 in basic search
05/26 12:03 [DEBUG] cshmd.analysis (__detail_search_oh_sioh)                     : Searching 'OH' in 'SiO4
05/26 12:03 [DEBUG] cshmd.analysis (__detail_search_oh_caoh)                     : Searching 'OH' in 'CaOH
05/26 12:03 [INFO] cshmd.analysis (Qn)                                           : [Structure] Q1: 0.400
05/26 12:03 [INFO] cshmd.analysis (Qn)                                           : [Structure] Q2: 0.600
05/26 12:03 [INFO] cshmd.analysis (evaluate_csh)                                 : [Structure] BT: 128, PT: 512
05/26 12:03 [DEBUG] cshmd.analysis (__init__)                                    : <class 'cshmd.analysis.Chain'> loaded
05/26 12:03 [DEBUG] cshmd.analysis (__init__)                                    : <class 'cshmd.analysis.Chain'> loaded
05/26 12:03 [DEBUG] cshmd.analysis (__init__)                                    : <class 'cshmd.analysis.Chain'> loaded
05/26 12:03 [DEBUG] cshmd.analysis (__init__)                                    : <class 'cshmd.analysis.Chain'> loaded
05/26 12:03 [INFO] cshmd.analysis (evaluate_csh)                                 : [Structure] CL : Length 2: 8 Length 5: 16 Length 8: 8
05/26 12:03 [INFO] cshmd.analysis (evaluate_csh)                                 : [Structure] MCL : 5.000
05/26 12:03 [INFO] cshmd.builder (update_manager)                                : [Structure] Number of atoms: 5504 -> 5312
05/26 12:03 [INFO] csh_builder (main)                                            : [Structure] Reading command 'terminate_NBO'...
05/26 12:03 [INFO] cshmd.builder (terminate_NBO)                                 : Terminate <class 'float'> ratio of silanol group -> 64 / 64 in 2sides
05/26 12:03 [INFO] cshmd.structure (writeCif)                                    : L050.cif was created
05/26 12:03 [INFO] cshmd.builder (out_model)                                     : Total Charge: 0
05/26 12:03 [INFO] csh_builder (main)                                            : ----------------------------------------------------------------------
05/26 12:03 [INFO] csh_builder (main)                                            : ----------------------------------------------------------------------
05/26 12:03 [INFO] csh_builder (main)                                            : 'L080.yaml' loaded
05/26 12:03 [INFO] cshmd.structure (__init__)                                    : /Users/kimuni/bin/kimuni/cshmd/data/resources/cif/T14_111_short.cif was loaded
05/26 12:03 [DEBUG] cshmd.analysis (__init__)                                    : [Structure] Now new data setted for get Bonds
05/26 12:03 [DEBUG] cshmd.analysis (__del_bond__)                                : del -> Si_O O_H H_O Ca_O C_O BO NBO
05/26 12:03 [DEBUG] cshmd.analysis (__initialize_mole__)                         : initalize -> H2O SiO4 OH CO3 CO2 H3O
05/26 12:03 [DEBUG] cshmd.analysis (__initialize_mole__)                         : initalize -> SiOH CaOH HCO3 H2CO3 H3CO3
05/26 12:03 [DEBUG] cshmd.analysis (find_bond)                                   : find_bond O - H rcut -> 1.2
05/26 12:03 [DEBUG] cshmd.common (time_wrapper)                                  : [RUNTIME] get_distance_table in 0.000 seconds
05/26 12:03 [DEBUG] cshmd.analysis (get_mole)                                    : get_mole O - H -> nbonds: 2
05/26 12:03 [DEBUG] cshmd.analysis (find_bond)                                   : find_bond Si - O rcut -> 2.3
05/26 12:03 [DEBUG] cshmd.common (time_wrapper)                                  : [RUNTIME] get_distance_table in 0.000 seconds
05/26 12:03 [DEBUG] cshmd.analysis (get_mole)                                    : get_mole Si - O -> nbonds: 4
05/26 12:03 [DEBUG] cshmd.analysis (get_mole)                                    : get_mole O - H -> nbonds: 1
05/26 12:03 [DEBUG] cshmd.analysis (find_bond)                                   : find_bond C - O rcut -> 1.6
05/26 12:03 [DEBUG] cshmd.analysis (get_mole)                                    : get_mole C - O -> nbonds: 3
05/26 12:03 [DEBUG] cshmd.analysis (get_mole)                                    : get_mole O - H -> nbonds: 3
05/26 12:03 [DEBUG] cshmd.analysis (find_bond)                                   : find_bond Ca - O rcut -> 3.0
05/26 12:03 [DEBUG] cshmd.common (time_wrapper)                                  : [RUNTIME] get_distance_table in 0.000 seconds
05/26 12:03 [DEBUG] cshmd.analysis (search_basic)                                : Basic search result -> H2O: 9, SiO4: 12, OH: 2, CO3: 0, H3O: 0, Ca_O: 60
05/26 12:03 [DEBUG] cshmd.analysis (full_search)                                 : Search layer details
05/26 12:03 [DEBUG] cshmd.analysis (set_layer_boundary)                          : Set layer boundary -> 0.2434410225 - 0.744571576575
05/26 12:03 [DEBUG] cshmd.analysis (find_bond)                                   : find_bond Ca - O rcut -> 2.6
05/26 12:03 [DEBUG] cshmd.analysis (find_bond)                                   : find_bond Ca - O rcut -> 3.1
05/26 12:03 [DEBUG] cshmd.analysis (find_bond)                                   : find_bond Ca - O rcut -> 5.2
05/26 12:03 [DEBUG] cshmd.analysis (_anal_surface_co3_adsorption)                : No 'C' in system
05/26 12:03 [DEBUG] cshmd.analysis (__detail_search_oh_co3)                      : No CO3 in basic search
05/26 12:03 [DEBUG] cshmd.analysis (__detail_search_oh_sioh)                     : Searching 'OH' in 'SiO4
05/26 12:03 [DEBUG] cshmd.analysis (__detail_search_oh_caoh)                     : Searching 'OH' in 'CaOH
05/26 12:03 [INFO] cshmd.analysis (Qn)                                           : [Structure] Q2: 1.000
05/26 12:03 [INFO] cshmd.analysis (evaluate_csh)                                 : [Structure] BT: 4, PT: 8
05/26 12:03 [DEBUG] cshmd.analysis (__init__)                                    : <class 'cshmd.analysis.Chain'> loaded
05/26 12:03 [DEBUG] cshmd.analysis (__init__)                                    : <class 'cshmd.analysis.Chain'> loaded
05/26 12:03 [DEBUG] cshmd.analysis (__init__)                                    : <class 'cshmd.analysis.Chain'> loaded
05/26 12:03 [DEBUG] cshmd.analysis (__init__)                                    : <class 'cshmd.analysis.Chain'> loaded
05/26 12:03 [INFO] cshmd.analysis (evaluate_csh)                                 : [Structure] CL : Length 3: 1
05/26 12:03 [INFO] cshmd.analysis (evaluate_csh)                                 : [Structure] MCL : 3.000
05/26 12:03 [INFO] cshmd.structure (__init__)                                    : /Users/kimuni/bin/kimuni/cshmd/data/resources/cif/T14_111_short.cif was loaded
05/26 12:03 [DEBUG] cshmd.analysis (__init__)                                    : [Structure] Now new data setted for get Bonds
05/26 12:03 [DEBUG] cshmd.analysis (__del_bond__)                                : del -> Si_O O_H H_O Ca_O C_O BO NBO
05/26 12:03 [DEBUG] cshmd.analysis (__initialize_mole__)                         : initalize -> H2O SiO4 OH CO3 CO2 H3O
05/26 12:03 [DEBUG] cshmd.analysis (__initialize_mole__)                         : initalize -> SiOH CaOH HCO3 H2CO3 H3CO3
05/26 12:03 [DEBUG] cshmd.analysis (find_bond)                                   : find_bond O - H rcut -> 1.2
05/26 12:03 [DEBUG] cshmd.common (time_wrapper)                                  : [RUNTIME] get_distance_table in 0.000 seconds
05/26 12:03 [DEBUG] cshmd.analysis (get_mole)                                    : get_mole O - H -> nbonds: 2
05/26 12:03 [DEBUG] cshmd.analysis (find_bond)                                   : find_bond Si - O rcut -> 2.3
05/26 12:03 [DEBUG] cshmd.common (time_wrapper)                                  : [RUNTIME] get_distance_table in 0.000 seconds
05/26 12:03 [DEBUG] cshmd.analysis (get_mole)                                    : get_mole Si - O -> nbonds: 4
05/26 12:03 [DEBUG] cshmd.analysis (get_mole)                                    : get_mole O - H -> nbonds: 1
05/26 12:03 [DEBUG] cshmd.analysis (find_bond)                                   : find_bond C - O rcut -> 1.6
05/26 12:03 [DEBUG] cshmd.analysis (get_mole)                                    : get_mole C - O -> nbonds: 3
05/26 12:03 [DEBUG] cshmd.analysis (get_mole)                                    : get_mole O - H -> nbonds: 3
05/26 12:03 [DEBUG] cshmd.analysis (find_bond)                                   : find_bond Ca - O rcut -> 3.0
05/26 12:03 [DEBUG] cshmd.common (time_wrapper)                                  : [RUNTIME] get_distance_table in 0.000 seconds
05/26 12:03 [DEBUG] cshmd.analysis (search_basic)                                : Basic search result -> H2O: 9, SiO4: 12, OH: 2, CO3: 0, H3O: 0, Ca_O: 60
05/26 12:03 [DEBUG] cshmd.analysis (full_search)                                 : Search layer details
05/26 12:03 [DEBUG] cshmd.analysis (set_layer_boundary)                          : Set layer boundary -> 0.2434410225 - 0.744571576575
05/26 12:03 [DEBUG] cshmd.analysis (find_bond)                                   : find_bond Ca - O rcut -> 2.6
05/26 12:03 [DEBUG] cshmd.analysis (find_bond)                                   : find_bond Ca - O rcut -> 3.1
05/26 12:03 [DEBUG] cshmd.analysis (find_bond)                                   : find_bond Ca - O rcut -> 5.2
05/26 12:03 [DEBUG] cshmd.analysis (_anal_surface_co3_adsorption)                : No 'C' in system
05/26 12:03 [DEBUG] cshmd.analysis (__detail_search_oh_co3)                      : No CO3 in basic search
05/26 12:03 [DEBUG] cshmd.analysis (__detail_search_oh_sioh)                     : Searching 'OH' in 'SiO4
05/26 12:03 [DEBUG] cshmd.analysis (__detail_search_oh_caoh)                     : Searching 'OH' in 'CaOH
05/26 12:03 [INFO] cshmd.analysis (Qn)                                           : [Structure] Q2: 1.000
05/26 12:03 [INFO] cshmd.analysis (evaluate_csh)                                 : [Structure] BT: 4, PT: 8
05/26 12:03 [DEBUG] cshmd.analysis (__init__)                                    : <class 'cshmd.analysis.Chain'> loaded
05/26 12:03 [DEBUG] cshmd.analysis (__init__)                                    : <class 'cshmd.analysis.Chain'> loaded
05/26 12:03 [DEBUG] cshmd.analysis (__init__)                                    : <class 'cshmd.analysis.Chain'> loaded
05/26 12:03 [DEBUG] cshmd.analysis (__init__)                                    : <class 'cshmd.analysis.Chain'> loaded
05/26 12:03 [INFO] cshmd.analysis (evaluate_csh)                                 : [Structure] CL : Length 3: 1
05/26 12:03 [INFO] cshmd.analysis (evaluate_csh)                                 : [Structure] MCL : 3.000
05/26 12:03 [INFO] csh_builder (main)                                            : [Structure] Reading command 'supercell'...
05/26 12:03 [INFO] cshmd.structure (makeSupercell)                               : [Structure] Supercell created 8 * 8 * 1
05/26 12:03 [DEBUG] cshmd.analysis (__init__)                                    : [Structure] Now new data setted for get Bonds
05/26 12:03 [DEBUG] cshmd.analysis (__del_bond__)                                : del -> Si_O O_H H_O Ca_O C_O BO NBO
05/26 12:03 [DEBUG] cshmd.analysis (__initialize_mole__)                         : initalize -> H2O SiO4 OH CO3 CO2 H3O
05/26 12:03 [DEBUG] cshmd.analysis (__initialize_mole__)                         : initalize -> SiOH CaOH HCO3 H2CO3 H3CO3
05/26 12:03 [DEBUG] cshmd.analysis (find_bond)                                   : find_bond O - H rcut -> 1.2
05/26 12:03 [DEBUG] cshmd.common (time_wrapper)                                  : [RUNTIME] get_distance_table in 0.671 seconds
05/26 12:03 [DEBUG] cshmd.analysis (get_mole)                                    : get_mole O - H -> nbonds: 2
05/26 12:03 [DEBUG] cshmd.analysis (find_bond)                                   : find_bond Si - O rcut -> 2.3
05/26 12:03 [DEBUG] cshmd.common (time_wrapper)                                  : [RUNTIME] get_distance_table in 0.405 seconds
05/26 12:03 [DEBUG] cshmd.analysis (get_mole)                                    : get_mole Si - O -> nbonds: 4
05/26 12:03 [DEBUG] cshmd.analysis (get_mole)                                    : get_mole O - H -> nbonds: 1
05/26 12:03 [DEBUG] cshmd.analysis (find_bond)                                   : find_bond C - O rcut -> 1.6
05/26 12:03 [DEBUG] cshmd.analysis (get_mole)                                    : get_mole C - O -> nbonds: 3
05/26 12:03 [DEBUG] cshmd.analysis (get_mole)                                    : get_mole O - H -> nbonds: 3
05/26 12:03 [DEBUG] cshmd.analysis (find_bond)                                   : find_bond Ca - O rcut -> 3.0
05/26 12:03 [DEBUG] cshmd.common (time_wrapper)                                  : [RUNTIME] get_distance_table in 0.295 seconds
05/26 12:03 [DEBUG] cshmd.analysis (search_basic)                                : Basic search result -> H2O: 576, SiO4: 768, OH: 128, CO3: 0, H3O: 0, Ca_O: 3840
05/26 12:03 [DEBUG] cshmd.analysis (full_search)                                 : Search layer details
05/26 12:03 [DEBUG] cshmd.analysis (set_layer_boundary)                          : Set layer boundary -> 0.24344102250000055 - 0.7445715765749975
05/26 12:03 [DEBUG] cshmd.analysis (find_bond)                                   : find_bond Ca - O rcut -> 2.6
05/26 12:03 [DEBUG] cshmd.analysis (find_bond)                                   : find_bond Ca - O rcut -> 3.1
05/26 12:03 [DEBUG] cshmd.analysis (find_bond)                                   : find_bond Ca - O rcut -> 5.2
05/26 12:03 [DEBUG] cshmd.analysis (_anal_surface_co3_adsorption)                : No 'C' in system
05/26 12:03 [DEBUG] cshmd.analysis (__detail_search_oh_co3)                      : No CO3 in basic search
05/26 12:03 [DEBUG] cshmd.analysis (__detail_search_oh_sioh)                     : Searching 'OH' in 'SiO4
05/26 12:03 [DEBUG] cshmd.analysis (__detail_search_oh_caoh)                     : Searching 'OH' in 'CaOH
05/26 12:03 [INFO] cshmd.analysis (Qn)                                           : [Structure] Q2: 1.000
05/26 12:03 [INFO] cshmd.analysis (evaluate_csh)                                 : [Structure] BT: 256, PT: 512
05/26 12:03 [DEBUG] cshmd.analysis (__init__)                                    : <class 'cshmd.analysis.Chain'> loaded
05/26 12:03 [DEBUG] cshmd.analysis (__init__)                                    : <class 'cshmd.analysis.Chain'> loaded
05/26 12:03 [DEBUG] cshmd.analysis (__init__)                                    : <class 'cshmd.analysis.Chain'> loaded
05/26 12:03 [DEBUG] cshmd.analysis (__init__)                                    : <class 'cshmd.analysis.Chain'> loaded
05/26 12:03 [INFO] cshmd.analysis (evaluate_csh)                                 : [Structure] CL : Length 24: 8
05/26 12:03 [INFO] cshmd.analysis (evaluate_csh)                                 : [Structure] MCL : 24.000
05/26 12:03 [INFO] cshmd.builder (update_manager)                                : [Structure] Number of atoms: 86 -> 5504
05/26 12:03 [INFO] csh_builder (main)                                            : [Structure] Reading command 'defect_BT'...
05/26 12:03 [INFO] cshmd.builder (defect_BT)                                     : [Structure] Termination scope: False
05/26 12:03 [INFO] cshmd.builder (defect_BT)                                     : [Structure] Exists 64 Bridging Tetra in 'up' side
05/26 12:03 [INFO] cshmd.builder (defect_BT)                                     : Target MCL 8, Remove 22 BT
05/26 12:03 [INFO] cshmd.builder (defect_BT)                                     : In surface, add Ca when Bridge Tetra removed.
05/26 12:03 [INFO] cshmd.structure (add_Ca)                                      : [Structure] Add Ca
05/26 12:03 [INFO] cshmd.builder (defect_BT)                                     : [Structure] Exists 64 Bridging Tetra in 'down' side
05/26 12:03 [INFO] cshmd.builder (defect_BT)                                     : Target MCL 8, Remove 22 BT
05/26 12:03 [INFO] cshmd.builder (defect_BT)                                     : In surface, add Ca when Bridge Tetra removed.
05/26 12:03 [INFO] cshmd.structure (add_Ca)                                      : [Structure] Add Ca
05/26 12:03 [INFO] cshmd.builder (defect_BT)                                     : [Structure] Termination scope: False
05/26 12:03 [INFO] cshmd.builder (defect_BT)                                     : [Structure] Exists 64 Bridging Tetra in 'down' side
05/26 12:03 [INFO] cshmd.builder (defect_BT)                                     : Target MCL 8, Remove 22 BT
05/26 12:03 [INFO] cshmd.builder (defect_BT)                                     : In bulk, add CaOH when Bridge Tetra removed.
05/26 12:03 [INFO] cshmd.structure (add_Ca)                                      : [Structure] Add Ca with 1 OH
05/26 12:03 [INFO] cshmd.builder (defect_BT)                                     : [Structure] Exists 64 Bridging Tetra in 'up' side
05/26 12:03 [INFO] cshmd.builder (defect_BT)                                     : Target MCL 8, Remove 22 BT
05/26 12:03 [INFO] cshmd.builder (defect_BT)                                     : In bulk, add CaOH when Bridge Tetra removed.
05/26 12:03 [INFO] cshmd.structure (add_Ca)                                      : [Structure] Add Ca with 1 OH
05/26 12:03 [INFO] cshmd.structure (check_rm_list)                               : Delete 308 atoms in rm_list
05/26 12:03 [DEBUG] cshmd.analysis (__init__)                                    : [Structure] Now new data setted for get Bonds
05/26 12:03 [DEBUG] cshmd.analysis (__del_bond__)                                : del -> Si_O O_H H_O Ca_O C_O BO NBO
05/26 12:03 [DEBUG] cshmd.analysis (__initialize_mole__)                         : initalize -> H2O SiO4 OH CO3 CO2 H3O
05/26 12:03 [DEBUG] cshmd.analysis (__initialize_mole__)                         : initalize -> SiOH CaOH HCO3 H2CO3 H3CO3
05/26 12:03 [DEBUG] cshmd.analysis (find_bond)                                   : find_bond O - H rcut -> 1.2
05/26 12:03 [DEBUG] cshmd.common (time_wrapper)                                  : [RUNTIME] get_distance_table in 0.636 seconds
05/26 12:03 [DEBUG] cshmd.analysis (get_mole)                                    : get_mole O - H -> nbonds: 2
05/26 12:03 [DEBUG] cshmd.analysis (find_bond)                                   : find_bond Si - O rcut -> 2.3
05/26 12:03 [DEBUG] cshmd.common (time_wrapper)                                  : [RUNTIME] get_distance_table in 0.345 seconds
05/26 12:03 [DEBUG] cshmd.analysis (get_mole)                                    : get_mole Si - O -> nbonds: 4
05/26 12:03 [DEBUG] cshmd.analysis (get_mole)                                    : get_mole O - H -> nbonds: 1
05/26 12:03 [DEBUG] cshmd.analysis (find_bond)                                   : find_bond C - O rcut -> 1.6
05/26 12:03 [DEBUG] cshmd.analysis (get_mole)                                    : get_mole C - O -> nbonds: 3
05/26 12:03 [DEBUG] cshmd.analysis (get_mole)                                    : get_mole O - H -> nbonds: 3
05/26 12:03 [DEBUG] cshmd.analysis (find_bond)                                   : find_bond Ca - O rcut -> 3.0
05/26 12:03 [DEBUG] cshmd.common (time_wrapper)                                  : [RUNTIME] get_distance_table in 0.326 seconds
05/26 12:03 [DEBUG] cshmd.analysis (search_basic)                                : Basic search result -> H2O: 576, SiO4: 680, OH: 128, CO3: 0, H3O: 0, Ca_O: 3994
05/26 12:03 [DEBUG] cshmd.analysis (full_search)                                 : Search layer details
05/26 12:03 [DEBUG] cshmd.analysis (set_layer_boundary)                          : Set layer boundary -> 0.24344102250000055 - 0.7445715765749975
05/26 12:03 [DEBUG] cshmd.analysis (find_bond)                                   : find_bond Ca - O rcut -> 2.6
05/26 12:03 [DEBUG] cshmd.analysis (find_bond)                                   : find_bond Ca - O rcut -> 3.1
05/26 12:03 [DEBUG] cshmd.analysis (find_bond)                                   : find_bond Ca - O rcut -> 5.2
05/26 12:03 [DEBUG] cshmd.analysis (_anal_surface_co3_adsorption)                : No 'C' in system
05/26 12:03 [DEBUG] cshmd.analysis (__detail_search_oh_co3)                      : No CO3 in basic search
05/26 12:03 [DEBUG] cshmd.analysis (__detail_search_oh_sioh)                     : Searching 'OH' in 'SiO4
05/26 12:03 [DEBUG] cshmd.analysis (__detail_search_oh_caoh)                     : Searching 'OH' in 'CaOH
05/26 12:03 [INFO] cshmd.analysis (Qn)                                           : [Structure] Q1: 0.259
05/26 12:03 [INFO] cshmd.analysis (Qn)                                           : [Structure] Q2: 0.741
05/26 12:03 [INFO] cshmd.analysis (evaluate_csh)                                 : [Structure] BT: 168, PT: 512
05/26 12:03 [DEBUG] cshmd.analysis (__init__)                                    : <class 'cshmd.analysis.Chain'> loaded
05/26 12:03 [DEBUG] cshmd.analysis (__init__)                                    : <class 'cshmd.analysis.Chain'> loaded
05/26 12:03 [DEBUG] cshmd.analysis (__init__)                                    : <class 'cshmd.analysis.Chain'> loaded
05/26 12:03 [DEBUG] cshmd.analysis (__init__)                                    : <class 'cshmd.analysis.Chain'> loaded
05/26 12:03 [INFO] cshmd.analysis (evaluate_csh)                                 : [Structure] CL : Length 2: 4 Length 5: 3 Length 8: 6 Length 11: 9
05/26 12:03 [INFO] cshmd.analysis (evaluate_csh)                                 : [Structure] MCL : 7.727
05/26 12:03 [INFO] cshmd.builder (update_manager)                                : [Structure] Number of atoms: 5504 -> 5372
05/26 12:03 [INFO] csh_builder (main)                                            : [Structure] Reading command 'terminate_NBO'...
05/26 12:03 [INFO] cshmd.builder (terminate_NBO)                                 : Terminate <class 'float'> ratio of silanol group -> 84 / 84 in 2sides
05/26 12:03 [INFO] cshmd.structure (writeCif)                                    : L080.cif was created
05/26 12:03 [INFO] cshmd.builder (out_model)                                     : Total Charge: 0
05/26 12:03 [INFO] csh_builder (main)                                            : ----------------------------------------------------------------------
05/26 12:10 [DEBUG] cshmd.common (get_logger)                                    : $$$$$$$$$$$$$$  Logger 'cshmd.common........' initialized  $$$$$$$$$$$$$$
05/26 12:10 [DEBUG] cshmd.functions (get_logger)                                 : $$$$$$$$$$$$$$  Logger 'cshmd.functions.....' initialized  $$$$$$$$$$$$$$
05/26 12:10 [DEBUG] cshmd.load (get_logger)                                      : $$$$$$$$$$$$$$  Logger 'cshmd.load..........' initialized  $$$$$$$$$$$$$$
05/26 12:10 [DEBUG] cshmd.analysis (get_logger)                                  : $$$$$$$$$$$$$$  Logger 'cshmd.analysis......' initialized  $$$$$$$$$$$$$$
05/26 12:10 [DEBUG] cshmd.equation (get_logger)                                  : $$$$$$$$$$$$$$  Logger 'cshmd.equation......' initialized  $$$$$$$$$$$$$$
05/26 12:10 [DEBUG] cshmd.structure (get_logger)                                 : $$$$$$$$$$$$$$  Logger 'cshmd.structure.....' initialized  $$$$$$$$$$$$$$
05/26 12:10 [DEBUG] cshmd.builder (get_logger)                                   : $$$$$$$$$$$$$$  Logger 'cshmd.builder.......' initialized  $$$$$$$$$$$$$$
05/26 12:10 [DEBUG] cshmd.trj_analysis (get_logger)                              : $$$$$$$$$$$$$$  Logger 'cshmd.trj_analysis..' initialized  $$$$$$$$$$$$$$
05/26 12:10 [DEBUG] cif_modifier (get_logger)                                    : $$$$$$$$$$$$$$  Logger 'cif_modifier........' initialized  $$$$$$$$$$$$$$
05/26 12:10 [INFO] cif_modifier (<module>)                                       : Logger loaded
05/26 12:10 [INFO] cshmd.structure (__init__)                                    : L025.cif was loaded
05/26 12:10 [DEBUG] cshmd.analysis (__init__)                                    : [Structure] Now new data setted for get Bonds
05/26 12:10 [DEBUG] cshmd.analysis (__del_bond__)                                : del -> Si_O O_H H_O Ca_O C_O BO NBO
05/26 12:10 [DEBUG] cshmd.analysis (__initialize_mole__)                         : initalize -> H2O SiO4 OH CO3 CO2 H3O
05/26 12:10 [DEBUG] cshmd.analysis (__initialize_mole__)                         : initalize -> SiOH CaOH HCO3 H2CO3 H3CO3
05/26 12:10 [DEBUG] cshmd.analysis (find_bond)                                   : find_bond O - H rcut -> 1.2
05/26 12:10 [DEBUG] cshmd.common (time_wrapper)                                  : [RUNTIME] get_distance_table in 0.574 seconds
05/26 12:10 [DEBUG] cshmd.analysis (get_mole)                                    : get_mole O - H -> nbonds: 2
05/26 12:10 [DEBUG] cshmd.analysis (find_bond)                                   : find_bond Si - O rcut -> 2.3
05/26 12:10 [DEBUG] cshmd.common (time_wrapper)                                  : [RUNTIME] get_distance_table in 0.256 seconds
05/26 12:10 [DEBUG] cshmd.analysis (get_mole)                                    : get_mole Si - O -> nbonds: 4
05/26 12:10 [DEBUG] cshmd.analysis (get_mole)                                    : get_mole O - H -> nbonds: 1
05/26 12:10 [DEBUG] cshmd.analysis (find_bond)                                   : find_bond C - O rcut -> 1.6
05/26 12:10 [DEBUG] cshmd.analysis (get_mole)                                    : get_mole C - O -> nbonds: 3
05/26 12:10 [DEBUG] cshmd.analysis (get_mole)                                    : get_mole O - H -> nbonds: 3
05/26 12:10 [DEBUG] cshmd.analysis (find_bond)                                   : find_bond Ca - O rcut -> 3.0
05/26 12:10 [DEBUG] cshmd.common (time_wrapper)                                  : [RUNTIME] get_distance_table in 0.339 seconds
05/26 12:10 [DEBUG] cshmd.analysis (search_basic)                                : Basic search result -> H2O: 576, SiO4: 548, OH: 164, CO3: 0, H3O: 0, Ca_O: 4225
05/26 12:10 [DEBUG] cshmd.analysis (full_search)                                 : Search layer details
05/26 12:10 [DEBUG] cshmd.analysis (set_layer_boundary)                          : Set layer boundary -> 0.24344102250000055 - 0.7445715765749975
05/26 12:10 [DEBUG] cshmd.analysis (find_bond)                                   : find_bond Ca - O rcut -> 2.6
05/26 12:10 [DEBUG] cshmd.analysis (find_bond)                                   : find_bond Ca - O rcut -> 3.1
05/26 12:10 [DEBUG] cshmd.analysis (find_bond)                                   : find_bond Ca - O rcut -> 5.2
05/26 12:10 [DEBUG] cshmd.analysis (_anal_surface_co3_adsorption)                : No 'C' in system
05/26 12:10 [DEBUG] cshmd.analysis (__detail_search_oh_co3)                      : No CO3 in basic search
05/26 12:10 [DEBUG] cshmd.analysis (__detail_search_oh_sioh)                     : Searching 'OH' in 'SiO4
05/26 12:10 [DEBUG] cshmd.analysis (__detail_search_oh_caoh)                     : Searching 'OH' in 'CaOH
05/26 12:10 [DEBUG] cshmd.analysis (find_bond)                                   : find_bond O - H rcut -> 1.15
05/26 12:10 [DEBUG] cshmd.analysis (get_mole)                                    : get_mole O - H -> nbonds: 1
05/26 12:10 [DEBUG] cshmd.analysis (get_mole)                                    : get_mole O - H -> nbonds: 2
05/26 12:10 [DEBUG] cshmd.analysis (find_bond)                                   : find_bond C - O rcut -> 1.4
05/26 12:10 [DEBUG] cshmd.analysis (get_mole)                                    : get_mole C - O -> nbonds: 3
05/26 12:10 [DEBUG] cshmd.analysis (find_bond)                                   : find_bond Si - O rcut -> 1.8
05/26 12:10 [DEBUG] cshmd.analysis (get_mole)                                    : get_mole Si - O -> nbonds: 4
05/26 12:10 [INFO] cshmd.functions (cal_uniform_by_space)                        : Number of molecules to add : 2681
05/26 12:10 [INFO] cshmd.functions (cal_uniform_by_space)                        : Number of atoms per surface : 272
05/26 12:10 [INFO] cshmd.functions (cal_uniform_by_space)                        : Number of layer : 10
05/26 12:10 [INFO] cshmd.structure (extendLattice)                               : Extend lattice 53.882 59.402 27.924 -> 53.882 59.402 45.924 
05/26 12:10 [INFO] cif_modifier (exec_make_interface)                            : MODE -> distribution
05/26 12:10 [INFO] cif_modifier (exec_make_interface)                            : Number of atoms: 5210 -> 13248
05/26 12:10 [INFO] cshmd.structure (labeling_by_clayff)                          : Now get label according to 'Clayff' style
05/26 12:10 [DEBUG] cshmd.analysis (get_mole)                                    : get_mole O - H -> nbonds: 1
05/26 12:10 [DEBUG] cshmd.analysis (get_mole)                                    : get_mole O - H -> nbonds: 2
05/26 12:10 [DEBUG] cshmd.analysis (get_mole)                                    : get_mole Si - O -> nbonds: 4
05/26 12:10 [DEBUG] cshmd.analysis (get_mole)                                    : get_mole C - O -> nbonds: 3
05/26 12:10 [INFO] cshmd.structure (labeling_by_clayff)                          : All atoms labeled by clayff
05/26 12:10 [INFO] cshmd.structure (labeling_by_clayff)                          : Clayff charge: 0.000
05/26 12:10 [INFO] cshmd.structure (writeCif)                                    : L025_w2750_c.cif was created
05/26 12:10 [INFO] cif_modifier (__init__)                                       : Total charge: 0 -> -2
05/26 12:10 [DEBUG] cshmd.common (get_logger)                                    : $$$$$$$$$$$$$$  Logger 'cshmd.common........' initialized  $$$$$$$$$$$$$$
05/26 12:10 [DEBUG] cshmd.functions (get_logger)                                 : $$$$$$$$$$$$$$  Logger 'cshmd.functions.....' initialized  $$$$$$$$$$$$$$
05/26 12:10 [DEBUG] cshmd.load (get_logger)                                      : $$$$$$$$$$$$$$  Logger 'cshmd.load..........' initialized  $$$$$$$$$$$$$$
05/26 12:10 [DEBUG] cshmd.analysis (get_logger)                                  : $$$$$$$$$$$$$$  Logger 'cshmd.analysis......' initialized  $$$$$$$$$$$$$$
05/26 12:10 [DEBUG] cshmd.equation (get_logger)                                  : $$$$$$$$$$$$$$  Logger 'cshmd.equation......' initialized  $$$$$$$$$$$$$$
05/26 12:10 [DEBUG] cshmd.structure (get_logger)                                 : $$$$$$$$$$$$$$  Logger 'cshmd.structure.....' initialized  $$$$$$$$$$$$$$
05/26 12:10 [DEBUG] cshmd.builder (get_logger)                                   : $$$$$$$$$$$$$$  Logger 'cshmd.builder.......' initialized  $$$$$$$$$$$$$$
05/26 12:10 [DEBUG] cshmd.trj_analysis (get_logger)                              : $$$$$$$$$$$$$$  Logger 'cshmd.trj_analysis..' initialized  $$$$$$$$$$$$$$
05/26 12:10 [DEBUG] cif_modifier (get_logger)                                    : $$$$$$$$$$$$$$  Logger 'cif_modifier........' initialized  $$$$$$$$$$$$$$
05/26 12:10 [INFO] cif_modifier (<module>)                                       : Logger loaded
05/26 12:10 [INFO] cshmd.structure (__init__)                                    : L050.cif was loaded
05/26 12:10 [DEBUG] cshmd.analysis (__init__)                                    : [Structure] Now new data setted for get Bonds
05/26 12:10 [DEBUG] cshmd.analysis (__del_bond__)                                : del -> Si_O O_H H_O Ca_O C_O BO NBO
05/26 12:10 [DEBUG] cshmd.analysis (__initialize_mole__)                         : initalize -> H2O SiO4 OH CO3 CO2 H3O
05/26 12:10 [DEBUG] cshmd.analysis (__initialize_mole__)                         : initalize -> SiOH CaOH HCO3 H2CO3 H3CO3
05/26 12:10 [DEBUG] cshmd.analysis (find_bond)                                   : find_bond O - H rcut -> 1.2
05/26 12:10 [DEBUG] cshmd.common (time_wrapper)                                  : [RUNTIME] get_distance_table in 0.640 seconds
05/26 12:10 [DEBUG] cshmd.analysis (get_mole)                                    : get_mole O - H -> nbonds: 2
05/26 12:10 [DEBUG] cshmd.analysis (find_bond)                                   : find_bond Si - O rcut -> 2.3
05/26 12:10 [DEBUG] cshmd.common (time_wrapper)                                  : [RUNTIME] get_distance_table in 0.306 seconds
05/26 12:10 [DEBUG] cshmd.analysis (get_mole)                                    : get_mole Si - O -> nbonds: 4
05/26 12:10 [DEBUG] cshmd.analysis (get_mole)                                    : get_mole O - H -> nbonds: 1
05/26 12:10 [DEBUG] cshmd.analysis (find_bond)                                   : find_bond C - O rcut -> 1.6
05/26 12:10 [DEBUG] cshmd.analysis (get_mole)                                    : get_mole C - O -> nbonds: 3
05/26 12:10 [DEBUG] cshmd.analysis (get_mole)                                    : get_mole O - H -> nbonds: 3
05/26 12:10 [DEBUG] cshmd.analysis (find_bond)                                   : find_bond Ca - O rcut -> 3.0
05/26 12:10 [DEBUG] cshmd.common (time_wrapper)                                  : [RUNTIME] get_distance_table in 0.308 seconds
05/26 12:10 [DEBUG] cshmd.analysis (search_basic)                                : Basic search result -> H2O: 576, SiO4: 640, OH: 256, CO3: 0, H3O: 0, Ca_O: 4064
05/26 12:10 [DEBUG] cshmd.analysis (full_search)                                 : Search layer details
05/26 12:10 [DEBUG] cshmd.analysis (set_layer_boundary)                          : Set layer boundary -> 0.24344102250000055 - 0.7445715765749975
05/26 12:10 [DEBUG] cshmd.analysis (find_bond)                                   : find_bond Ca - O rcut -> 2.6
05/26 12:10 [DEBUG] cshmd.analysis (find_bond)                                   : find_bond Ca - O rcut -> 3.1
05/26 12:10 [DEBUG] cshmd.analysis (find_bond)                                   : find_bond Ca - O rcut -> 5.2
05/26 12:10 [DEBUG] cshmd.analysis (_anal_surface_co3_adsorption)                : No 'C' in system
05/26 12:10 [DEBUG] cshmd.analysis (__detail_search_oh_co3)                      : No CO3 in basic search
05/26 12:10 [DEBUG] cshmd.analysis (__detail_search_oh_sioh)                     : Searching 'OH' in 'SiO4
05/26 12:10 [DEBUG] cshmd.analysis (__detail_search_oh_caoh)                     : Searching 'OH' in 'CaOH
05/26 12:10 [DEBUG] cshmd.analysis (find_bond)                                   : find_bond O - H rcut -> 1.15
05/26 12:10 [DEBUG] cshmd.analysis (get_mole)                                    : get_mole O - H -> nbonds: 1
05/26 12:10 [DEBUG] cshmd.analysis (get_mole)                                    : get_mole O - H -> nbonds: 2
05/26 12:10 [DEBUG] cshmd.analysis (find_bond)                                   : find_bond C - O rcut -> 1.4
05/26 12:10 [DEBUG] cshmd.analysis (get_mole)                                    : get_mole C - O -> nbonds: 3
05/26 12:10 [DEBUG] cshmd.analysis (find_bond)                                   : find_bond Si - O rcut -> 1.8
05/26 12:10 [DEBUG] cshmd.analysis (get_mole)                                    : get_mole Si - O -> nbonds: 4
05/26 12:10 [INFO] cshmd.functions (cal_uniform_by_space)                        : Number of molecules to add : 2681
05/26 12:10 [INFO] cshmd.functions (cal_uniform_by_space)                        : Number of atoms per surface : 272
05/26 12:10 [INFO] cshmd.functions (cal_uniform_by_space)                        : Number of layer : 10
05/26 12:10 [INFO] cshmd.structure (extendLattice)                               : Extend lattice 53.882 59.402 27.924 -> 53.882 59.402 45.924 
05/26 12:10 [INFO] cif_modifier (exec_make_interface)                            : MODE -> distribution
05/26 12:10 [INFO] cif_modifier (exec_make_interface)                            : Number of atoms: 5440 -> 13478
05/26 12:10 [INFO] cshmd.structure (labeling_by_clayff)                          : Now get label according to 'Clayff' style
05/26 12:10 [DEBUG] cshmd.analysis (get_mole)                                    : get_mole O - H -> nbonds: 1
05/26 12:10 [DEBUG] cshmd.analysis (get_mole)                                    : get_mole O - H -> nbonds: 2
05/26 12:10 [DEBUG] cshmd.analysis (get_mole)                                    : get_mole Si - O -> nbonds: 4
05/26 12:10 [DEBUG] cshmd.analysis (get_mole)                                    : get_mole C - O -> nbonds: 3
05/26 12:10 [INFO] cshmd.structure (labeling_by_clayff)                          : All atoms labeled by clayff
05/26 12:10 [INFO] cshmd.structure (labeling_by_clayff)                          : Clayff charge: -0.000
05/26 12:10 [INFO] cshmd.structure (writeCif)                                    : L050_w2750_c.cif was created
05/26 12:10 [INFO] cif_modifier (__init__)                                       : Total charge: 0 -> -2
05/26 12:10 [DEBUG] cshmd.common (get_logger)                                    : $$$$$$$$$$$$$$  Logger 'cshmd.common........' initialized  $$$$$$$$$$$$$$
05/26 12:10 [DEBUG] cshmd.functions (get_logger)                                 : $$$$$$$$$$$$$$  Logger 'cshmd.functions.....' initialized  $$$$$$$$$$$$$$
05/26 12:10 [DEBUG] cshmd.load (get_logger)                                      : $$$$$$$$$$$$$$  Logger 'cshmd.load..........' initialized  $$$$$$$$$$$$$$
05/26 12:10 [DEBUG] cshmd.analysis (get_logger)                                  : $$$$$$$$$$$$$$  Logger 'cshmd.analysis......' initialized  $$$$$$$$$$$$$$
05/26 12:10 [DEBUG] cshmd.equation (get_logger)                                  : $$$$$$$$$$$$$$  Logger 'cshmd.equation......' initialized  $$$$$$$$$$$$$$
05/26 12:10 [DEBUG] cshmd.structure (get_logger)                                 : $$$$$$$$$$$$$$  Logger 'cshmd.structure.....' initialized  $$$$$$$$$$$$$$
05/26 12:10 [DEBUG] cshmd.builder (get_logger)                                   : $$$$$$$$$$$$$$  Logger 'cshmd.builder.......' initialized  $$$$$$$$$$$$$$
05/26 12:10 [DEBUG] cshmd.trj_analysis (get_logger)                              : $$$$$$$$$$$$$$  Logger 'cshmd.trj_analysis..' initialized  $$$$$$$$$$$$$$
05/26 12:10 [DEBUG] cif_modifier (get_logger)                                    : $$$$$$$$$$$$$$  Logger 'cif_modifier........' initialized  $$$$$$$$$$$$$$
05/26 12:10 [INFO] cif_modifier (<module>)                                       : Logger loaded
05/26 12:10 [INFO] cshmd.structure (__init__)                                    : L080.cif was loaded
05/26 12:10 [DEBUG] cshmd.analysis (__init__)                                    : [Structure] Now new data setted for get Bonds
05/26 12:10 [DEBUG] cshmd.analysis (__del_bond__)                                : del -> Si_O O_H H_O Ca_O C_O BO NBO
05/26 12:10 [DEBUG] cshmd.analysis (__initialize_mole__)                         : initalize -> H2O SiO4 OH CO3 CO2 H3O
05/26 12:10 [DEBUG] cshmd.analysis (__initialize_mole__)                         : initalize -> SiOH CaOH HCO3 H2CO3 H3CO3
05/26 12:10 [DEBUG] cshmd.analysis (find_bond)                                   : find_bond O - H rcut -> 1.2
05/26 12:10 [DEBUG] cshmd.common (time_wrapper)                                  : [RUNTIME] get_distance_table in 0.639 seconds
05/26 12:10 [DEBUG] cshmd.analysis (get_mole)                                    : get_mole O - H -> nbonds: 2
05/26 12:10 [DEBUG] cshmd.analysis (find_bond)                                   : find_bond Si - O rcut -> 2.3
05/26 12:10 [DEBUG] cshmd.common (time_wrapper)                                  : [RUNTIME] get_distance_table in 0.329 seconds
05/26 12:10 [DEBUG] cshmd.analysis (get_mole)                                    : get_mole Si - O -> nbonds: 4
05/26 12:10 [DEBUG] cshmd.analysis (get_mole)                                    : get_mole O - H -> nbonds: 1
05/26 12:10 [DEBUG] cshmd.analysis (find_bond)                                   : find_bond C - O rcut -> 1.6
05/26 12:10 [DEBUG] cshmd.analysis (get_mole)                                    : get_mole C - O -> nbonds: 3
05/26 12:10 [DEBUG] cshmd.analysis (get_mole)                                    : get_mole O - H -> nbonds: 3
05/26 12:10 [DEBUG] cshmd.analysis (find_bond)                                   : find_bond Ca - O rcut -> 3.0
05/26 12:10 [DEBUG] cshmd.common (time_wrapper)                                  : [RUNTIME] get_distance_table in 0.462 seconds
05/26 12:10 [DEBUG] cshmd.analysis (search_basic)                                : Basic search result -> H2O: 576, SiO4: 680, OH: 296, CO3: 0, H3O: 0, Ca_O: 3994
05/26 12:10 [DEBUG] cshmd.analysis (full_search)                                 : Search layer details
05/26 12:10 [DEBUG] cshmd.analysis (set_layer_boundary)                          : Set layer boundary -> 0.24344102250000055 - 0.7445715765749975
05/26 12:10 [DEBUG] cshmd.analysis (find_bond)                                   : find_bond Ca - O rcut -> 2.6
05/26 12:10 [DEBUG] cshmd.analysis (find_bond)                                   : find_bond Ca - O rcut -> 3.1
05/26 12:10 [DEBUG] cshmd.analysis (find_bond)                                   : find_bond Ca - O rcut -> 5.2
05/26 12:10 [DEBUG] cshmd.analysis (_anal_surface_co3_adsorption)                : No 'C' in system
05/26 12:10 [DEBUG] cshmd.analysis (__detail_search_oh_co3)                      : No CO3 in basic search
05/26 12:10 [DEBUG] cshmd.analysis (__detail_search_oh_sioh)                     : Searching 'OH' in 'SiO4
05/26 12:10 [DEBUG] cshmd.analysis (__detail_search_oh_caoh)                     : Searching 'OH' in 'CaOH
05/26 12:10 [DEBUG] cshmd.analysis (find_bond)                                   : find_bond O - H rcut -> 1.15
05/26 12:10 [DEBUG] cshmd.analysis (get_mole)                                    : get_mole O - H -> nbonds: 1
05/26 12:10 [DEBUG] cshmd.analysis (get_mole)                                    : get_mole O - H -> nbonds: 2
05/26 12:10 [DEBUG] cshmd.analysis (find_bond)                                   : find_bond C - O rcut -> 1.4
05/26 12:10 [DEBUG] cshmd.analysis (get_mole)                                    : get_mole C - O -> nbonds: 3
05/26 12:10 [DEBUG] cshmd.analysis (find_bond)                                   : find_bond Si - O rcut -> 1.8
05/26 12:10 [DEBUG] cshmd.analysis (get_mole)                                    : get_mole Si - O -> nbonds: 4
05/26 12:10 [INFO] cshmd.functions (cal_uniform_by_space)                        : Number of molecules to add : 2681
05/26 12:10 [INFO] cshmd.functions (cal_uniform_by_space)                        : Number of atoms per surface : 272
05/26 12:10 [INFO] cshmd.functions (cal_uniform_by_space)                        : Number of layer : 10
05/26 12:10 [INFO] cshmd.structure (extendLattice)                               : Extend lattice 53.882 59.402 27.924 -> 53.882 59.402 45.924 
05/26 12:10 [INFO] cif_modifier (exec_make_interface)                            : MODE -> distribution
05/26 12:10 [INFO] cif_modifier (exec_make_interface)                            : Number of atoms: 5540 -> 13578
05/26 12:10 [INFO] cshmd.structure (labeling_by_clayff)                          : Now get label according to 'Clayff' style
05/26 12:10 [DEBUG] cshmd.analysis (get_mole)                                    : get_mole O - H -> nbonds: 1
05/26 12:10 [DEBUG] cshmd.analysis (get_mole)                                    : get_mole O - H -> nbonds: 2
05/26 12:10 [DEBUG] cshmd.analysis (get_mole)                                    : get_mole Si - O -> nbonds: 4
05/26 12:10 [DEBUG] cshmd.analysis (get_mole)                                    : get_mole C - O -> nbonds: 3
05/26 12:10 [INFO] cshmd.structure (labeling_by_clayff)                          : All atoms labeled by clayff
05/26 12:10 [INFO] cshmd.structure (labeling_by_clayff)                          : Clayff charge: -0.000
05/26 12:10 [INFO] cshmd.structure (writeCif)                                    : L080_w2750_c.cif was created
05/26 12:10 [INFO] cif_modifier (__init__)                                       : Total charge: 0 -> -2
05/26 12:11 [DEBUG] cshmd.common (get_logger)                                    : $$$$$$$$$$$$$$  Logger 'cshmd.common........' initialized  $$$$$$$$$$$$$$
05/26 12:11 [DEBUG] cshmd.functions (get_logger)                                 : $$$$$$$$$$$$$$  Logger 'cshmd.functions.....' initialized  $$$$$$$$$$$$$$
05/26 12:11 [DEBUG] cshmd.load (get_logger)                                      : $$$$$$$$$$$$$$  Logger 'cshmd.load..........' initialized  $$$$$$$$$$$$$$
05/26 12:11 [DEBUG] cshmd.analysis (get_logger)                                  : $$$$$$$$$$$$$$  Logger 'cshmd.analysis......' initialized  $$$$$$$$$$$$$$
05/26 12:11 [DEBUG] cshmd.equation (get_logger)                                  : $$$$$$$$$$$$$$  Logger 'cshmd.equation......' initialized  $$$$$$$$$$$$$$
05/26 12:11 [DEBUG] cshmd.structure (get_logger)                                 : $$$$$$$$$$$$$$  Logger 'cshmd.structure.....' initialized  $$$$$$$$$$$$$$
05/26 12:11 [DEBUG] cshmd.builder (get_logger)                                   : $$$$$$$$$$$$$$  Logger 'cshmd.builder.......' initialized  $$$$$$$$$$$$$$
05/26 12:11 [DEBUG] cshmd.trj_analysis (get_logger)                              : $$$$$$$$$$$$$$  Logger 'cshmd.trj_analysis..' initialized  $$$$$$$$$$$$$$
05/26 12:11 [DEBUG] cif_modifier (get_logger)                                    : $$$$$$$$$$$$$$  Logger 'cif_modifier........' initialized  $$$$$$$$$$$$$$
05/26 12:11 [INFO] cif_modifier (<module>)                                       : Logger loaded
05/26 12:11 [INFO] cshmd.structure (__init__)                                    : L025.cif was loaded
05/26 12:11 [DEBUG] cshmd.analysis (__init__)                                    : [Structure] Now new data setted for get Bonds
05/26 12:11 [DEBUG] cshmd.analysis (__del_bond__)                                : del -> Si_O O_H H_O Ca_O C_O BO NBO
05/26 12:11 [DEBUG] cshmd.analysis (__initialize_mole__)                         : initalize -> H2O SiO4 OH CO3 CO2 H3O
05/26 12:11 [DEBUG] cshmd.analysis (__initialize_mole__)                         : initalize -> SiOH CaOH HCO3 H2CO3 H3CO3
05/26 12:11 [DEBUG] cshmd.analysis (find_bond)                                   : find_bond O - H rcut -> 1.2
05/26 12:11 [DEBUG] cshmd.common (time_wrapper)                                  : [RUNTIME] get_distance_table in 0.568 seconds
05/26 12:11 [DEBUG] cshmd.analysis (get_mole)                                    : get_mole O - H -> nbonds: 2
05/26 12:11 [DEBUG] cshmd.analysis (find_bond)                                   : find_bond Si - O rcut -> 2.3
05/26 12:11 [DEBUG] cshmd.common (time_wrapper)                                  : [RUNTIME] get_distance_table in 0.261 seconds
05/26 12:11 [DEBUG] cshmd.analysis (get_mole)                                    : get_mole Si - O -> nbonds: 4
05/26 12:11 [DEBUG] cshmd.analysis (get_mole)                                    : get_mole O - H -> nbonds: 1
05/26 12:11 [DEBUG] cshmd.analysis (find_bond)                                   : find_bond C - O rcut -> 1.6
05/26 12:11 [DEBUG] cshmd.analysis (get_mole)                                    : get_mole C - O -> nbonds: 3
05/26 12:11 [DEBUG] cshmd.analysis (get_mole)                                    : get_mole O - H -> nbonds: 3
05/26 12:11 [DEBUG] cshmd.analysis (find_bond)                                   : find_bond Ca - O rcut -> 3.0
05/26 12:11 [DEBUG] cshmd.common (time_wrapper)                                  : [RUNTIME] get_distance_table in 0.328 seconds
05/26 12:11 [DEBUG] cshmd.analysis (search_basic)                                : Basic search result -> H2O: 576, SiO4: 548, OH: 164, CO3: 0, H3O: 0, Ca_O: 4225
05/26 12:11 [DEBUG] cshmd.analysis (full_search)                                 : Search layer details
05/26 12:11 [DEBUG] cshmd.analysis (set_layer_boundary)                          : Set layer boundary -> 0.24344102250000055 - 0.7445715765749975
05/26 12:11 [DEBUG] cshmd.analysis (find_bond)                                   : find_bond Ca - O rcut -> 2.6
05/26 12:11 [DEBUG] cshmd.analysis (find_bond)                                   : find_bond Ca - O rcut -> 3.1
05/26 12:11 [DEBUG] cshmd.analysis (find_bond)                                   : find_bond Ca - O rcut -> 5.2
05/26 12:11 [DEBUG] cshmd.analysis (_anal_surface_co3_adsorption)                : No 'C' in system
05/26 12:11 [DEBUG] cshmd.analysis (__detail_search_oh_co3)                      : No CO3 in basic search
05/26 12:11 [DEBUG] cshmd.analysis (__detail_search_oh_sioh)                     : Searching 'OH' in 'SiO4
05/26 12:11 [DEBUG] cshmd.analysis (__detail_search_oh_caoh)                     : Searching 'OH' in 'CaOH
05/26 12:11 [DEBUG] cshmd.analysis (find_bond)                                   : find_bond O - H rcut -> 1.15
05/26 12:11 [DEBUG] cshmd.analysis (get_mole)                                    : get_mole O - H -> nbonds: 1
05/26 12:11 [DEBUG] cshmd.analysis (get_mole)                                    : get_mole O - H -> nbonds: 2
05/26 12:11 [DEBUG] cshmd.analysis (find_bond)                                   : find_bond C - O rcut -> 1.4
05/26 12:11 [DEBUG] cshmd.analysis (get_mole)                                    : get_mole C - O -> nbonds: 3
05/26 12:11 [DEBUG] cshmd.analysis (find_bond)                                   : find_bond Si - O rcut -> 1.8
05/26 12:11 [DEBUG] cshmd.analysis (get_mole)                                    : get_mole Si - O -> nbonds: 4
05/26 12:11 [INFO] cshmd.functions (cal_uniform_by_space)                        : Number of molecules to add : 2678
05/26 12:11 [INFO] cshmd.functions (cal_uniform_by_space)                        : Number of atoms per surface : 272
05/26 12:11 [INFO] cshmd.functions (cal_uniform_by_space)                        : Number of layer : 10
05/26 12:11 [INFO] cshmd.structure (extendLattice)                               : Extend lattice 53.882 59.402 27.924 -> 53.882 59.402 45.924 
05/26 12:11 [INFO] cif_modifier (exec_make_interface)                            : MODE -> distribution
05/26 12:11 [INFO] cif_modifier (exec_make_interface)                            : Number of atoms: 5210 -> 13244
05/26 12:11 [INFO] cshmd.structure (labeling_by_clayff)                          : Now get label according to 'Clayff' style
05/26 12:11 [DEBUG] cshmd.analysis (get_mole)                                    : get_mole O - H -> nbonds: 1
05/26 12:11 [DEBUG] cshmd.analysis (get_mole)                                    : get_mole O - H -> nbonds: 2
05/26 12:11 [DEBUG] cshmd.analysis (get_mole)                                    : get_mole Si - O -> nbonds: 4
05/26 12:11 [DEBUG] cshmd.analysis (get_mole)                                    : get_mole C - O -> nbonds: 3
05/26 12:11 [INFO] cshmd.structure (labeling_by_clayff)                          : All atoms labeled by clayff
05/26 12:11 [INFO] cshmd.structure (labeling_by_clayff)                          : Clayff charge: 0.000
05/26 12:11 [INFO] cshmd.structure (writeCif)                                    : L025_w2750.cif was created
05/26 12:11 [INFO] cif_modifier (__init__)                                       : Total charge: 0 -> 0
05/26 12:11 [DEBUG] cshmd.common (get_logger)                                    : $$$$$$$$$$$$$$  Logger 'cshmd.common........' initialized  $$$$$$$$$$$$$$
05/26 12:11 [DEBUG] cshmd.functions (get_logger)                                 : $$$$$$$$$$$$$$  Logger 'cshmd.functions.....' initialized  $$$$$$$$$$$$$$
05/26 12:11 [DEBUG] cshmd.load (get_logger)                                      : $$$$$$$$$$$$$$  Logger 'cshmd.load..........' initialized  $$$$$$$$$$$$$$
05/26 12:11 [DEBUG] cshmd.analysis (get_logger)                                  : $$$$$$$$$$$$$$  Logger 'cshmd.analysis......' initialized  $$$$$$$$$$$$$$
05/26 12:11 [DEBUG] cshmd.equation (get_logger)                                  : $$$$$$$$$$$$$$  Logger 'cshmd.equation......' initialized  $$$$$$$$$$$$$$
05/26 12:11 [DEBUG] cshmd.structure (get_logger)                                 : $$$$$$$$$$$$$$  Logger 'cshmd.structure.....' initialized  $$$$$$$$$$$$$$
05/26 12:11 [DEBUG] cshmd.builder (get_logger)                                   : $$$$$$$$$$$$$$  Logger 'cshmd.builder.......' initialized  $$$$$$$$$$$$$$
05/26 12:11 [DEBUG] cshmd.trj_analysis (get_logger)                              : $$$$$$$$$$$$$$  Logger 'cshmd.trj_analysis..' initialized  $$$$$$$$$$$$$$
05/26 12:11 [DEBUG] cif_modifier (get_logger)                                    : $$$$$$$$$$$$$$  Logger 'cif_modifier........' initialized  $$$$$$$$$$$$$$
05/26 12:11 [INFO] cif_modifier (<module>)                                       : Logger loaded
05/26 12:11 [INFO] cshmd.structure (__init__)                                    : L050.cif was loaded
05/26 12:11 [DEBUG] cshmd.analysis (__init__)                                    : [Structure] Now new data setted for get Bonds
05/26 12:11 [DEBUG] cshmd.analysis (__del_bond__)                                : del -> Si_O O_H H_O Ca_O C_O BO NBO
05/26 12:11 [DEBUG] cshmd.analysis (__initialize_mole__)                         : initalize -> H2O SiO4 OH CO3 CO2 H3O
05/26 12:11 [DEBUG] cshmd.analysis (__initialize_mole__)                         : initalize -> SiOH CaOH HCO3 H2CO3 H3CO3
05/26 12:11 [DEBUG] cshmd.analysis (find_bond)                                   : find_bond O - H rcut -> 1.2
05/26 12:11 [DEBUG] cshmd.common (time_wrapper)                                  : [RUNTIME] get_distance_table in 0.603 seconds
05/26 12:11 [DEBUG] cshmd.analysis (get_mole)                                    : get_mole O - H -> nbonds: 2
05/26 12:11 [DEBUG] cshmd.analysis (find_bond)                                   : find_bond Si - O rcut -> 2.3
05/26 12:11 [DEBUG] cshmd.common (time_wrapper)                                  : [RUNTIME] get_distance_table in 0.298 seconds
05/26 12:11 [DEBUG] cshmd.analysis (get_mole)                                    : get_mole Si - O -> nbonds: 4
05/26 12:11 [DEBUG] cshmd.analysis (get_mole)                                    : get_mole O - H -> nbonds: 1
05/26 12:11 [DEBUG] cshmd.analysis (find_bond)                                   : find_bond C - O rcut -> 1.6
05/26 12:11 [DEBUG] cshmd.analysis (get_mole)                                    : get_mole C - O -> nbonds: 3
05/26 12:11 [DEBUG] cshmd.analysis (get_mole)                                    : get_mole O - H -> nbonds: 3
05/26 12:11 [DEBUG] cshmd.analysis (find_bond)                                   : find_bond Ca - O rcut -> 3.0
05/26 12:11 [DEBUG] cshmd.common (time_wrapper)                                  : [RUNTIME] get_distance_table in 0.323 seconds
05/26 12:11 [DEBUG] cshmd.analysis (search_basic)                                : Basic search result -> H2O: 576, SiO4: 640, OH: 256, CO3: 0, H3O: 0, Ca_O: 4064
05/26 12:11 [DEBUG] cshmd.analysis (full_search)                                 : Search layer details
05/26 12:11 [DEBUG] cshmd.analysis (set_layer_boundary)                          : Set layer boundary -> 0.24344102250000055 - 0.7445715765749975
05/26 12:11 [DEBUG] cshmd.analysis (find_bond)                                   : find_bond Ca - O rcut -> 2.6
05/26 12:11 [DEBUG] cshmd.analysis (find_bond)                                   : find_bond Ca - O rcut -> 3.1
05/26 12:11 [DEBUG] cshmd.analysis (find_bond)                                   : find_bond Ca - O rcut -> 5.2
05/26 12:11 [DEBUG] cshmd.analysis (_anal_surface_co3_adsorption)                : No 'C' in system
05/26 12:11 [DEBUG] cshmd.analysis (__detail_search_oh_co3)                      : No CO3 in basic search
05/26 12:11 [DEBUG] cshmd.analysis (__detail_search_oh_sioh)                     : Searching 'OH' in 'SiO4
05/26 12:11 [DEBUG] cshmd.analysis (__detail_search_oh_caoh)                     : Searching 'OH' in 'CaOH
05/26 12:11 [DEBUG] cshmd.analysis (find_bond)                                   : find_bond O - H rcut -> 1.15
05/26 12:11 [DEBUG] cshmd.analysis (get_mole)                                    : get_mole O - H -> nbonds: 1
05/26 12:11 [DEBUG] cshmd.analysis (get_mole)                                    : get_mole O - H -> nbonds: 2
05/26 12:11 [DEBUG] cshmd.analysis (find_bond)                                   : find_bond C - O rcut -> 1.4
05/26 12:11 [DEBUG] cshmd.analysis (get_mole)                                    : get_mole C - O -> nbonds: 3
05/26 12:11 [DEBUG] cshmd.analysis (find_bond)                                   : find_bond Si - O rcut -> 1.8
05/26 12:11 [DEBUG] cshmd.analysis (get_mole)                                    : get_mole Si - O -> nbonds: 4
05/26 12:11 [INFO] cshmd.functions (cal_uniform_by_space)                        : Number of molecules to add : 2678
05/26 12:11 [INFO] cshmd.functions (cal_uniform_by_space)                        : Number of atoms per surface : 272
05/26 12:11 [INFO] cshmd.functions (cal_uniform_by_space)                        : Number of layer : 10
05/26 12:11 [INFO] cshmd.structure (extendLattice)                               : Extend lattice 53.882 59.402 27.924 -> 53.882 59.402 45.924 
05/26 12:11 [INFO] cif_modifier (exec_make_interface)                            : MODE -> distribution
05/26 12:11 [INFO] cif_modifier (exec_make_interface)                            : Number of atoms: 5440 -> 13474
05/26 12:11 [INFO] cshmd.structure (labeling_by_clayff)                          : Now get label according to 'Clayff' style
05/26 12:11 [DEBUG] cshmd.analysis (get_mole)                                    : get_mole O - H -> nbonds: 1
05/26 12:11 [DEBUG] cshmd.analysis (get_mole)                                    : get_mole O - H -> nbonds: 2
05/26 12:11 [DEBUG] cshmd.analysis (get_mole)                                    : get_mole Si - O -> nbonds: 4
05/26 12:11 [DEBUG] cshmd.analysis (get_mole)                                    : get_mole C - O -> nbonds: 3
05/26 12:11 [INFO] cshmd.structure (labeling_by_clayff)                          : All atoms labeled by clayff
05/26 12:11 [INFO] cshmd.structure (labeling_by_clayff)                          : Clayff charge: -0.000
05/26 12:11 [INFO] cshmd.structure (writeCif)                                    : L050_w2750.cif was created
05/26 12:11 [INFO] cif_modifier (__init__)                                       : Total charge: 0 -> 0
05/26 12:11 [DEBUG] cshmd.common (get_logger)                                    : $$$$$$$$$$$$$$  Logger 'cshmd.common........' initialized  $$$$$$$$$$$$$$
05/26 12:11 [DEBUG] cshmd.functions (get_logger)                                 : $$$$$$$$$$$$$$  Logger 'cshmd.functions.....' initialized  $$$$$$$$$$$$$$
05/26 12:11 [DEBUG] cshmd.load (get_logger)                                      : $$$$$$$$$$$$$$  Logger 'cshmd.load..........' initialized  $$$$$$$$$$$$$$
05/26 12:11 [DEBUG] cshmd.analysis (get_logger)                                  : $$$$$$$$$$$$$$  Logger 'cshmd.analysis......' initialized  $$$$$$$$$$$$$$
05/26 12:11 [DEBUG] cshmd.equation (get_logger)                                  : $$$$$$$$$$$$$$  Logger 'cshmd.equation......' initialized  $$$$$$$$$$$$$$
05/26 12:11 [DEBUG] cshmd.structure (get_logger)                                 : $$$$$$$$$$$$$$  Logger 'cshmd.structure.....' initialized  $$$$$$$$$$$$$$
05/26 12:11 [DEBUG] cshmd.builder (get_logger)                                   : $$$$$$$$$$$$$$  Logger 'cshmd.builder.......' initialized  $$$$$$$$$$$$$$
05/26 12:11 [DEBUG] cshmd.trj_analysis (get_logger)                              : $$$$$$$$$$$$$$  Logger 'cshmd.trj_analysis..' initialized  $$$$$$$$$$$$$$
05/26 12:11 [DEBUG] cif_modifier (get_logger)                                    : $$$$$$$$$$$$$$  Logger 'cif_modifier........' initialized  $$$$$$$$$$$$$$
05/26 12:11 [INFO] cif_modifier (<module>)                                       : Logger loaded
05/26 12:11 [INFO] cshmd.structure (__init__)                                    : L080.cif was loaded
05/26 12:11 [DEBUG] cshmd.analysis (__init__)                                    : [Structure] Now new data setted for get Bonds
05/26 12:11 [DEBUG] cshmd.analysis (__del_bond__)                                : del -> Si_O O_H H_O Ca_O C_O BO NBO
05/26 12:11 [DEBUG] cshmd.analysis (__initialize_mole__)                         : initalize -> H2O SiO4 OH CO3 CO2 H3O
05/26 12:11 [DEBUG] cshmd.analysis (__initialize_mole__)                         : initalize -> SiOH CaOH HCO3 H2CO3 H3CO3
05/26 12:11 [DEBUG] cshmd.analysis (find_bond)                                   : find_bond O - H rcut -> 1.2
05/26 12:11 [DEBUG] cshmd.common (time_wrapper)                                  : [RUNTIME] get_distance_table in 0.625 seconds
05/26 12:11 [DEBUG] cshmd.analysis (get_mole)                                    : get_mole O - H -> nbonds: 2
05/26 12:11 [DEBUG] cshmd.analysis (find_bond)                                   : find_bond Si - O rcut -> 2.3
05/26 12:11 [DEBUG] cshmd.common (time_wrapper)                                  : [RUNTIME] get_distance_table in 0.333 seconds
05/26 12:11 [DEBUG] cshmd.analysis (get_mole)                                    : get_mole Si - O -> nbonds: 4
05/26 12:11 [DEBUG] cshmd.analysis (get_mole)                                    : get_mole O - H -> nbonds: 1
05/26 12:11 [DEBUG] cshmd.analysis (find_bond)                                   : find_bond C - O rcut -> 1.6
05/26 12:11 [DEBUG] cshmd.analysis (get_mole)                                    : get_mole C - O -> nbonds: 3
05/26 12:11 [DEBUG] cshmd.analysis (get_mole)                                    : get_mole O - H -> nbonds: 3
05/26 12:11 [DEBUG] cshmd.analysis (find_bond)                                   : find_bond Ca - O rcut -> 3.0
05/26 12:11 [DEBUG] cshmd.common (time_wrapper)                                  : [RUNTIME] get_distance_table in 0.285 seconds
05/26 12:11 [DEBUG] cshmd.analysis (search_basic)                                : Basic search result -> H2O: 576, SiO4: 680, OH: 296, CO3: 0, H3O: 0, Ca_O: 3994
05/26 12:11 [DEBUG] cshmd.analysis (full_search)                                 : Search layer details
05/26 12:11 [DEBUG] cshmd.analysis (set_layer_boundary)                          : Set layer boundary -> 0.24344102250000055 - 0.7445715765749975
05/26 12:11 [DEBUG] cshmd.analysis (find_bond)                                   : find_bond Ca - O rcut -> 2.6
05/26 12:11 [DEBUG] cshmd.analysis (find_bond)                                   : find_bond Ca - O rcut -> 3.1
05/26 12:11 [DEBUG] cshmd.analysis (find_bond)                                   : find_bond Ca - O rcut -> 5.2
05/26 12:11 [DEBUG] cshmd.analysis (_anal_surface_co3_adsorption)                : No 'C' in system
05/26 12:11 [DEBUG] cshmd.analysis (__detail_search_oh_co3)                      : No CO3 in basic search
05/26 12:11 [DEBUG] cshmd.analysis (__detail_search_oh_sioh)                     : Searching 'OH' in 'SiO4
05/26 12:11 [DEBUG] cshmd.analysis (__detail_search_oh_caoh)                     : Searching 'OH' in 'CaOH
05/26 12:11 [DEBUG] cshmd.analysis (find_bond)                                   : find_bond O - H rcut -> 1.15
05/26 12:11 [DEBUG] cshmd.analysis (get_mole)                                    : get_mole O - H -> nbonds: 1
05/26 12:11 [DEBUG] cshmd.analysis (get_mole)                                    : get_mole O - H -> nbonds: 2
05/26 12:11 [DEBUG] cshmd.analysis (find_bond)                                   : find_bond C - O rcut -> 1.4
05/26 12:11 [DEBUG] cshmd.analysis (get_mole)                                    : get_mole C - O -> nbonds: 3
05/26 12:11 [DEBUG] cshmd.analysis (find_bond)                                   : find_bond Si - O rcut -> 1.8
05/26 12:11 [DEBUG] cshmd.analysis (get_mole)                                    : get_mole Si - O -> nbonds: 4
05/26 12:11 [INFO] cshmd.functions (cal_uniform_by_space)                        : Number of molecules to add : 2678
05/26 12:11 [INFO] cshmd.functions (cal_uniform_by_space)                        : Number of atoms per surface : 272
05/26 12:11 [INFO] cshmd.functions (cal_uniform_by_space)                        : Number of layer : 10
05/26 12:11 [INFO] cshmd.structure (extendLattice)                               : Extend lattice 53.882 59.402 27.924 -> 53.882 59.402 45.924 
05/26 12:11 [INFO] cif_modifier (exec_make_interface)                            : MODE -> distribution
05/26 12:11 [INFO] cif_modifier (exec_make_interface)                            : Number of atoms: 5540 -> 13574
05/26 12:11 [INFO] cshmd.structure (labeling_by_clayff)                          : Now get label according to 'Clayff' style
05/26 12:11 [DEBUG] cshmd.analysis (get_mole)                                    : get_mole O - H -> nbonds: 1
05/26 12:11 [DEBUG] cshmd.analysis (get_mole)                                    : get_mole O - H -> nbonds: 2
05/26 12:11 [DEBUG] cshmd.analysis (get_mole)                                    : get_mole Si - O -> nbonds: 4
05/26 12:11 [DEBUG] cshmd.analysis (get_mole)                                    : get_mole C - O -> nbonds: 3
05/26 12:11 [INFO] cshmd.structure (labeling_by_clayff)                          : All atoms labeled by clayff
05/26 12:11 [INFO] cshmd.structure (labeling_by_clayff)                          : Clayff charge: -0.000
05/26 12:11 [INFO] cshmd.structure (writeCif)                                    : L080_w2750.cif was created
05/26 12:11 [INFO] cif_modifier (__init__)                                       : Total charge: 0 -> 0
05/26 12:12 [DEBUG] cshmd.common (get_logger)                                    : $$$$$$$$$$$$$$  Logger 'cshmd.common........' initialized  $$$$$$$$$$$$$$
05/26 12:12 [DEBUG] cshmd.functions (get_logger)                                 : $$$$$$$$$$$$$$  Logger 'cshmd.functions.....' initialized  $$$$$$$$$$$$$$
05/26 12:12 [DEBUG] cshmd.load (get_logger)                                      : $$$$$$$$$$$$$$  Logger 'cshmd.load..........' initialized  $$$$$$$$$$$$$$
05/26 12:12 [DEBUG] cshmd.analysis (get_logger)                                  : $$$$$$$$$$$$$$  Logger 'cshmd.analysis......' initialized  $$$$$$$$$$$$$$
05/26 12:12 [DEBUG] cshmd.equation (get_logger)                                  : $$$$$$$$$$$$$$  Logger 'cshmd.equation......' initialized  $$$$$$$$$$$$$$
05/26 12:12 [DEBUG] cshmd.structure (get_logger)                                 : $$$$$$$$$$$$$$  Logger 'cshmd.structure.....' initialized  $$$$$$$$$$$$$$
05/26 12:12 [DEBUG] cshmd.builder (get_logger)                                   : $$$$$$$$$$$$$$  Logger 'cshmd.builder.......' initialized  $$$$$$$$$$$$$$
05/26 12:12 [DEBUG] cshmd.trj_analysis (get_logger)                              : $$$$$$$$$$$$$$  Logger 'cshmd.trj_analysis..' initialized  $$$$$$$$$$$$$$
05/26 12:12 [DEBUG] cif_modifier (get_logger)                                    : $$$$$$$$$$$$$$  Logger 'cif_modifier........' initialized  $$$$$$$$$$$$$$
05/26 12:12 [INFO] cif_modifier (<module>)                                       : Logger loaded
05/26 12:12 [INFO] cshmd.structure (__init__)                                    : L080_w2750_c.cif was loaded
05/26 12:12 [DEBUG] cshmd.analysis (__init__)                                    : [Structure] Now new data setted for get Bonds
05/26 12:12 [DEBUG] cshmd.analysis (__del_bond__)                                : del -> Si_O O_H H_O Ca_O C_O BO NBO
05/26 12:12 [DEBUG] cshmd.analysis (__initialize_mole__)                         : initalize -> H2O SiO4 OH CO3 CO2 H3O
05/26 12:12 [DEBUG] cshmd.analysis (__initialize_mole__)                         : initalize -> SiOH CaOH HCO3 H2CO3 H3CO3
05/26 12:12 [DEBUG] cshmd.analysis (find_bond)                                   : find_bond O - H rcut -> 1.2
05/26 12:12 [DEBUG] cshmd.common (time_wrapper)                                  : [RUNTIME] get_distance_table in 6.223 seconds
05/26 12:12 [DEBUG] cshmd.analysis (get_mole)                                    : get_mole O - H -> nbonds: 2
05/26 12:12 [DEBUG] cshmd.analysis (find_bond)                                   : find_bond Si - O rcut -> 2.3
05/26 12:12 [DEBUG] cshmd.common (time_wrapper)                                  : [RUNTIME] get_distance_table in 0.614 seconds
05/26 12:12 [DEBUG] cshmd.analysis (get_mole)                                    : get_mole Si - O -> nbonds: 4
05/26 12:12 [DEBUG] cshmd.analysis (get_mole)                                    : get_mole O - H -> nbonds: 1
05/26 12:12 [DEBUG] cshmd.analysis (find_bond)                                   : find_bond C - O rcut -> 1.6
05/26 12:12 [DEBUG] cshmd.common (time_wrapper)                                  : [RUNTIME] get_distance_table in 0.001 seconds
05/26 12:12 [DEBUG] cshmd.analysis (get_mole)                                    : get_mole C - O -> nbonds: 3
05/26 12:12 [DEBUG] cshmd.analysis (get_mole)                                    : get_mole O - H -> nbonds: 3
05/26 12:12 [DEBUG] cshmd.analysis (find_bond)                                   : find_bond Ca - O rcut -> 3.0
05/26 12:12 [DEBUG] cshmd.common (time_wrapper)                                  : [RUNTIME] get_distance_table in 0.620 seconds
05/26 12:12 [DEBUG] cshmd.analysis (search_basic)                                : Basic search result -> H2O: 3231, SiO4: 680, OH: 296, CO3: 1, H3O: 23, Ca_O: 4042
05/26 12:12 [DEBUG] cshmd.analysis (full_search)                                 : Search layer details
05/26 12:12 [DEBUG] cshmd.analysis (set_layer_boundary)                          : Set layer boundary -> 0.14802459417500036 - 0.4527376048249997
05/26 12:12 [DEBUG] cshmd.analysis (find_bond)                                   : find_bond Ca - O rcut -> 2.6
05/26 12:12 [DEBUG] cshmd.analysis (find_bond)                                   : find_bond Ca - O rcut -> 3.1
05/26 12:12 [DEBUG] cshmd.analysis (find_bond)                                   : find_bond Ca - O rcut -> 5.2
05/26 12:12 [DEBUG] cshmd.analysis (find_bond)                                   : find_bond Si - C rcut -> 5.3
05/26 12:12 [DEBUG] cshmd.common (time_wrapper)                                  : [RUNTIME] get_distance_table in 0.001 seconds
05/26 12:12 [DEBUG] cshmd.analysis (__detail_search_oh_co3)                      : Searching 'OH' in 'CO3'
05/26 12:12 [DEBUG] cshmd.analysis (__detail_search_oh_sioh)                     : Searching 'OH' in 'SiO4
05/26 12:12 [DEBUG] cshmd.analysis (__detail_search_oh_caoh)                     : Searching 'OH' in 'CaOH
05/26 12:12 [INFO] cshmd.structure (add_rm_list_water)                           : Now eliminate all H2O but OH or H3O
05/26 12:12 [DEBUG] cshmd.analysis (get_mole)                                    : get_mole O - H -> nbonds: 2
05/26 12:12 [INFO] cshmd.structure (check_rm_list)                               : Delete 9693 atoms in rm_list
05/26 12:12 [INFO] cshmd.structure (writeCif)                                    : L080_w2750_c_modified.cif was created
05/26 12:12 [INFO] cif_modifier (__init__)                                       : Total charge: -2 -> -2
05/26 13:44 [DEBUG] cshmd.common (get_logger)                                    : $$$$$$$$$$$$$$  Logger 'cshmd.common........' initialized  $$$$$$$$$$$$$$
05/26 13:44 [DEBUG] cshmd.functions (get_logger)                                 : $$$$$$$$$$$$$$  Logger 'cshmd.functions.....' initialized  $$$$$$$$$$$$$$
05/26 13:44 [DEBUG] cshmd.load (get_logger)                                      : $$$$$$$$$$$$$$  Logger 'cshmd.load..........' initialized  $$$$$$$$$$$$$$
05/26 13:44 [DEBUG] cshmd.analysis (get_logger)                                  : $$$$$$$$$$$$$$  Logger 'cshmd.analysis......' initialized  $$$$$$$$$$$$$$
05/26 13:44 [DEBUG] cshmd.equation (get_logger)                                  : $$$$$$$$$$$$$$  Logger 'cshmd.equation......' initialized  $$$$$$$$$$$$$$
05/26 13:44 [DEBUG] cshmd.structure (get_logger)                                 : $$$$$$$$$$$$$$  Logger 'cshmd.structure.....' initialized  $$$$$$$$$$$$$$
05/26 13:44 [DEBUG] cshmd.builder (get_logger)                                   : $$$$$$$$$$$$$$  Logger 'cshmd.builder.......' initialized  $$$$$$$$$$$$$$
05/26 13:44 [DEBUG] cshmd.trj_analysis (get_logger)                              : $$$$$$$$$$$$$$  Logger 'cshmd.trj_analysis..' initialized  $$$$$$$$$$$$$$
05/26 13:44 [DEBUG] cif_modifier (get_logger)                                    : $$$$$$$$$$$$$$  Logger 'cif_modifier........' initialized  $$$$$$$$$$$$$$
05/26 13:44 [INFO] cif_modifier (<module>)                                       : Logger loaded
05/26 13:44 [INFO] cshmd.structure (__init__)                                    : L025.cif was loaded
05/26 13:44 [DEBUG] cshmd.analysis (__init__)                                    : [Structure] Now new data setted for get Bonds
05/26 13:44 [DEBUG] cshmd.analysis (__del_bond__)                                : del -> Si_O O_H H_O Ca_O C_O BO NBO
05/26 13:44 [DEBUG] cshmd.analysis (__initialize_mole__)                         : initalize -> H2O SiO4 OH CO3 CO2 H3O
05/26 13:44 [DEBUG] cshmd.analysis (__initialize_mole__)                         : initalize -> SiOH CaOH HCO3 H2CO3 H3CO3
05/26 13:44 [DEBUG] cshmd.analysis (find_bond)                                   : find_bond O - H rcut -> 1.2
05/26 13:44 [DEBUG] cshmd.common (time_wrapper)                                  : [RUNTIME] get_distance_table in 0.560 seconds
05/26 13:44 [DEBUG] cshmd.analysis (get_mole)                                    : get_mole O - H -> nbonds: 2
05/26 13:44 [DEBUG] cshmd.analysis (find_bond)                                   : find_bond Si - O rcut -> 2.3
05/26 13:44 [DEBUG] cshmd.common (time_wrapper)                                  : [RUNTIME] get_distance_table in 0.246 seconds
05/26 13:44 [DEBUG] cshmd.analysis (get_mole)                                    : get_mole Si - O -> nbonds: 4
05/26 13:44 [DEBUG] cshmd.analysis (get_mole)                                    : get_mole O - H -> nbonds: 1
05/26 13:44 [DEBUG] cshmd.analysis (find_bond)                                   : find_bond C - O rcut -> 1.6
05/26 13:44 [DEBUG] cshmd.analysis (get_mole)                                    : get_mole C - O -> nbonds: 3
05/26 13:44 [DEBUG] cshmd.analysis (get_mole)                                    : get_mole O - H -> nbonds: 3
05/26 13:44 [DEBUG] cshmd.analysis (find_bond)                                   : find_bond Ca - O rcut -> 3.0
05/26 13:44 [DEBUG] cshmd.common (time_wrapper)                                  : [RUNTIME] get_distance_table in 0.339 seconds
05/26 13:44 [DEBUG] cshmd.analysis (search_basic)                                : Basic search result -> H2O: 576, SiO4: 548, OH: 164, CO3: 0, H3O: 0, Ca_O: 4225
05/26 13:44 [DEBUG] cshmd.analysis (full_search)                                 : Search layer details
05/26 13:44 [DEBUG] cshmd.analysis (set_layer_boundary)                          : Set layer boundary -> 0.24344102250000055 - 0.7445715765749975
05/26 13:44 [DEBUG] cshmd.analysis (find_bond)                                   : find_bond Ca - O rcut -> 2.6
05/26 13:44 [DEBUG] cshmd.analysis (find_bond)                                   : find_bond Ca - O rcut -> 3.1
05/26 13:44 [DEBUG] cshmd.analysis (find_bond)                                   : find_bond Ca - O rcut -> 5.2
05/26 13:44 [DEBUG] cshmd.analysis (_anal_surface_co3_adsorption)                : No 'C' in system
05/26 13:44 [DEBUG] cshmd.analysis (__detail_search_oh_co3)                      : No CO3 in basic search
05/26 13:44 [DEBUG] cshmd.analysis (__detail_search_oh_sioh)                     : Searching 'OH' in 'SiO4
05/26 13:44 [DEBUG] cshmd.analysis (__detail_search_oh_caoh)                     : Searching 'OH' in 'CaOH
05/26 13:44 [DEBUG] cshmd.analysis (find_bond)                                   : find_bond O - H rcut -> 1.15
05/26 13:44 [DEBUG] cshmd.analysis (get_mole)                                    : get_mole O - H -> nbonds: 1
05/26 13:44 [DEBUG] cshmd.analysis (get_mole)                                    : get_mole O - H -> nbonds: 2
05/26 13:44 [DEBUG] cshmd.analysis (find_bond)                                   : find_bond C - O rcut -> 1.4
05/26 13:44 [DEBUG] cshmd.analysis (get_mole)                                    : get_mole C - O -> nbonds: 3
05/26 13:44 [DEBUG] cshmd.analysis (find_bond)                                   : find_bond Si - O rcut -> 1.8
05/26 13:44 [DEBUG] cshmd.analysis (get_mole)                                    : get_mole Si - O -> nbonds: 4
05/26 13:44 [INFO] cshmd.functions (cal_uniform_by_space)                        : Number of molecules to add : 2681
05/26 13:44 [INFO] cshmd.functions (cal_uniform_by_space)                        : Number of atoms per surface : 272
05/26 13:44 [INFO] cshmd.functions (cal_uniform_by_space)                        : Number of layer : 10
05/26 13:44 [INFO] cshmd.structure (extendLattice)                               : Extend lattice 53.882 59.402 27.924 -> 53.882 59.402 45.924 
05/26 13:44 [INFO] cif_modifier (exec_make_interface)                            : MODE -> distribution
05/26 13:44 [INFO] cif_modifier (exec_make_interface)                            : Number of atoms: 5210 -> 13248
05/26 13:44 [INFO] cshmd.structure (labeling_by_clayff)                          : Now get label according to 'Clayff' style
05/26 13:44 [DEBUG] cshmd.analysis (get_mole)                                    : get_mole O - H -> nbonds: 1
05/26 13:44 [DEBUG] cshmd.analysis (get_mole)                                    : get_mole O - H -> nbonds: 2
05/26 13:44 [DEBUG] cshmd.analysis (get_mole)                                    : get_mole Si - O -> nbonds: 4
05/26 13:44 [DEBUG] cshmd.analysis (get_mole)                                    : get_mole C - O -> nbonds: 3
05/26 13:44 [INFO] cshmd.structure (labeling_by_clayff)                          : All atoms labeled by clayff
05/26 13:44 [INFO] cshmd.structure (labeling_by_clayff)                          : Clayff charge: 0.000
05/26 13:44 [INFO] cshmd.structure (writeCif)                                    : L025_w2750_c.cif was created
05/26 13:44 [INFO] cif_modifier (__init__)                                       : Total charge: 0 -> -2
05/26 13:45 [DEBUG] cshmd.common (get_logger)                                    : $$$$$$$$$$$$$$  Logger 'cshmd.common........' initialized  $$$$$$$$$$$$$$
05/26 13:45 [DEBUG] cshmd.functions (get_logger)                                 : $$$$$$$$$$$$$$  Logger 'cshmd.functions.....' initialized  $$$$$$$$$$$$$$
05/26 13:45 [DEBUG] cshmd.load (get_logger)                                      : $$$$$$$$$$$$$$  Logger 'cshmd.load..........' initialized  $$$$$$$$$$$$$$
05/26 13:45 [DEBUG] cshmd.analysis (get_logger)                                  : $$$$$$$$$$$$$$  Logger 'cshmd.analysis......' initialized  $$$$$$$$$$$$$$
05/26 13:45 [DEBUG] cshmd.equation (get_logger)                                  : $$$$$$$$$$$$$$  Logger 'cshmd.equation......' initialized  $$$$$$$$$$$$$$
05/26 13:45 [DEBUG] cshmd.structure (get_logger)                                 : $$$$$$$$$$$$$$  Logger 'cshmd.structure.....' initialized  $$$$$$$$$$$$$$
05/26 13:45 [DEBUG] cshmd.builder (get_logger)                                   : $$$$$$$$$$$$$$  Logger 'cshmd.builder.......' initialized  $$$$$$$$$$$$$$
05/26 13:45 [DEBUG] cshmd.trj_analysis (get_logger)                              : $$$$$$$$$$$$$$  Logger 'cshmd.trj_analysis..' initialized  $$$$$$$$$$$$$$
05/26 13:45 [DEBUG] cif_modifier (get_logger)                                    : $$$$$$$$$$$$$$  Logger 'cif_modifier........' initialized  $$$$$$$$$$$$$$
05/26 13:45 [INFO] cif_modifier (<module>)                                       : Logger loaded
05/26 13:45 [INFO] cshmd.structure (__init__)                                    : L050.cif was loaded
05/26 13:45 [DEBUG] cshmd.analysis (__init__)                                    : [Structure] Now new data setted for get Bonds
05/26 13:45 [DEBUG] cshmd.analysis (__del_bond__)                                : del -> Si_O O_H H_O Ca_O C_O BO NBO
05/26 13:45 [DEBUG] cshmd.analysis (__initialize_mole__)                         : initalize -> H2O SiO4 OH CO3 CO2 H3O
05/26 13:45 [DEBUG] cshmd.analysis (__initialize_mole__)                         : initalize -> SiOH CaOH HCO3 H2CO3 H3CO3
05/26 13:45 [DEBUG] cshmd.analysis (find_bond)                                   : find_bond O - H rcut -> 1.2
05/26 13:45 [DEBUG] cshmd.common (time_wrapper)                                  : [RUNTIME] get_distance_table in 0.625 seconds
05/26 13:45 [DEBUG] cshmd.analysis (get_mole)                                    : get_mole O - H -> nbonds: 2
05/26 13:45 [DEBUG] cshmd.analysis (find_bond)                                   : find_bond Si - O rcut -> 2.3
05/26 13:45 [DEBUG] cshmd.common (time_wrapper)                                  : [RUNTIME] get_distance_table in 0.296 seconds
05/26 13:45 [DEBUG] cshmd.analysis (get_mole)                                    : get_mole Si - O -> nbonds: 4
05/26 13:45 [DEBUG] cshmd.analysis (get_mole)                                    : get_mole O - H -> nbonds: 1
05/26 13:45 [DEBUG] cshmd.analysis (find_bond)                                   : find_bond C - O rcut -> 1.6
05/26 13:45 [DEBUG] cshmd.analysis (get_mole)                                    : get_mole C - O -> nbonds: 3
05/26 13:45 [DEBUG] cshmd.analysis (get_mole)                                    : get_mole O - H -> nbonds: 3
05/26 13:45 [DEBUG] cshmd.analysis (find_bond)                                   : find_bond Ca - O rcut -> 3.0
05/26 13:45 [DEBUG] cshmd.common (time_wrapper)                                  : [RUNTIME] get_distance_table in 0.317 seconds
05/26 13:45 [DEBUG] cshmd.analysis (search_basic)                                : Basic search result -> H2O: 576, SiO4: 640, OH: 256, CO3: 0, H3O: 0, Ca_O: 4064
05/26 13:45 [DEBUG] cshmd.analysis (full_search)                                 : Search layer details
05/26 13:45 [DEBUG] cshmd.analysis (set_layer_boundary)                          : Set layer boundary -> 0.24344102250000055 - 0.7445715765749975
05/26 13:45 [DEBUG] cshmd.analysis (find_bond)                                   : find_bond Ca - O rcut -> 2.6
05/26 13:45 [DEBUG] cshmd.analysis (find_bond)                                   : find_bond Ca - O rcut -> 3.1
05/26 13:45 [DEBUG] cshmd.analysis (find_bond)                                   : find_bond Ca - O rcut -> 5.2
05/26 13:45 [DEBUG] cshmd.analysis (_anal_surface_co3_adsorption)                : No 'C' in system
05/26 13:45 [DEBUG] cshmd.analysis (__detail_search_oh_co3)                      : No CO3 in basic search
05/26 13:45 [DEBUG] cshmd.analysis (__detail_search_oh_sioh)                     : Searching 'OH' in 'SiO4
05/26 13:45 [DEBUG] cshmd.analysis (__detail_search_oh_caoh)                     : Searching 'OH' in 'CaOH
05/26 13:45 [DEBUG] cshmd.analysis (find_bond)                                   : find_bond O - H rcut -> 1.15
05/26 13:45 [DEBUG] cshmd.analysis (get_mole)                                    : get_mole O - H -> nbonds: 1
05/26 13:45 [DEBUG] cshmd.analysis (get_mole)                                    : get_mole O - H -> nbonds: 2
05/26 13:45 [DEBUG] cshmd.analysis (find_bond)                                   : find_bond C - O rcut -> 1.4
05/26 13:45 [DEBUG] cshmd.analysis (get_mole)                                    : get_mole C - O -> nbonds: 3
05/26 13:45 [DEBUG] cshmd.analysis (find_bond)                                   : find_bond Si - O rcut -> 1.8
05/26 13:45 [DEBUG] cshmd.analysis (get_mole)                                    : get_mole Si - O -> nbonds: 4
05/26 13:46 [DEBUG] cshmd.common (get_logger)                                    : $$$$$$$$$$$$$$  Logger 'cshmd.common........' initialized  $$$$$$$$$$$$$$
05/26 13:46 [DEBUG] cshmd.functions (get_logger)                                 : $$$$$$$$$$$$$$  Logger 'cshmd.functions.....' initialized  $$$$$$$$$$$$$$
05/26 13:46 [DEBUG] cshmd.load (get_logger)                                      : $$$$$$$$$$$$$$  Logger 'cshmd.load..........' initialized  $$$$$$$$$$$$$$
05/26 13:46 [DEBUG] cshmd.analysis (get_logger)                                  : $$$$$$$$$$$$$$  Logger 'cshmd.analysis......' initialized  $$$$$$$$$$$$$$
05/26 13:46 [DEBUG] cshmd.equation (get_logger)                                  : $$$$$$$$$$$$$$  Logger 'cshmd.equation......' initialized  $$$$$$$$$$$$$$
05/26 13:46 [DEBUG] cshmd.structure (get_logger)                                 : $$$$$$$$$$$$$$  Logger 'cshmd.structure.....' initialized  $$$$$$$$$$$$$$
05/26 13:46 [DEBUG] cshmd.builder (get_logger)                                   : $$$$$$$$$$$$$$  Logger 'cshmd.builder.......' initialized  $$$$$$$$$$$$$$
05/26 13:46 [DEBUG] cshmd.trj_analysis (get_logger)                              : $$$$$$$$$$$$$$  Logger 'cshmd.trj_analysis..' initialized  $$$$$$$$$$$$$$
05/26 13:46 [DEBUG] cif_modifier (get_logger)                                    : $$$$$$$$$$$$$$  Logger 'cif_modifier........' initialized  $$$$$$$$$$$$$$
05/26 13:46 [INFO] cif_modifier (<module>)                                       : Logger loaded
05/26 13:46 [INFO] cshmd.structure (__init__)                                    : L025.cif was loaded
05/26 13:46 [DEBUG] cshmd.analysis (__init__)                                    : [Structure] Now new data setted for get Bonds
05/26 13:46 [DEBUG] cshmd.analysis (__del_bond__)                                : del -> Si_O O_H H_O Ca_O C_O BO NBO
05/26 13:46 [DEBUG] cshmd.analysis (__initialize_mole__)                         : initalize -> H2O SiO4 OH CO3 CO2 H3O
05/26 13:46 [DEBUG] cshmd.analysis (__initialize_mole__)                         : initalize -> SiOH CaOH HCO3 H2CO3 H3CO3
05/26 13:46 [DEBUG] cshmd.analysis (find_bond)                                   : find_bond O - H rcut -> 1.2
05/26 13:46 [DEBUG] cshmd.common (time_wrapper)                                  : [RUNTIME] get_distance_table in 0.580 seconds
05/26 13:46 [DEBUG] cshmd.analysis (get_mole)                                    : get_mole O - H -> nbonds: 2
05/26 13:46 [DEBUG] cshmd.analysis (find_bond)                                   : find_bond Si - O rcut -> 2.3
05/26 13:46 [DEBUG] cshmd.common (time_wrapper)                                  : [RUNTIME] get_distance_table in 0.262 seconds
05/26 13:46 [DEBUG] cshmd.analysis (get_mole)                                    : get_mole Si - O -> nbonds: 4
05/26 13:46 [DEBUG] cshmd.analysis (get_mole)                                    : get_mole O - H -> nbonds: 1
05/26 13:46 [DEBUG] cshmd.analysis (find_bond)                                   : find_bond C - O rcut -> 1.6
05/26 13:46 [DEBUG] cshmd.analysis (get_mole)                                    : get_mole C - O -> nbonds: 3
05/26 13:46 [DEBUG] cshmd.analysis (get_mole)                                    : get_mole O - H -> nbonds: 3
05/26 13:46 [DEBUG] cshmd.analysis (find_bond)                                   : find_bond Ca - O rcut -> 3.0
05/26 13:46 [DEBUG] cshmd.common (time_wrapper)                                  : [RUNTIME] get_distance_table in 0.348 seconds
05/26 13:46 [DEBUG] cshmd.analysis (search_basic)                                : Basic search result -> H2O: 576, SiO4: 548, OH: 164, CO3: 0, H3O: 0, Ca_O: 4225
05/26 13:46 [DEBUG] cshmd.analysis (full_search)                                 : Search layer details
05/26 13:46 [DEBUG] cshmd.analysis (set_layer_boundary)                          : Set layer boundary -> 0.24344102250000055 - 0.7445715765749975
05/26 13:46 [DEBUG] cshmd.analysis (find_bond)                                   : find_bond Ca - O rcut -> 2.6
05/26 13:46 [DEBUG] cshmd.analysis (find_bond)                                   : find_bond Ca - O rcut -> 3.1
05/26 13:46 [DEBUG] cshmd.analysis (find_bond)                                   : find_bond Ca - O rcut -> 5.2
05/26 13:46 [DEBUG] cshmd.analysis (_anal_surface_co3_adsorption)                : No 'C' in system
05/26 13:46 [DEBUG] cshmd.analysis (__detail_search_oh_co3)                      : No CO3 in basic search
05/26 13:46 [DEBUG] cshmd.analysis (__detail_search_oh_sioh)                     : Searching 'OH' in 'SiO4
05/26 13:46 [DEBUG] cshmd.analysis (__detail_search_oh_caoh)                     : Searching 'OH' in 'CaOH
05/26 13:46 [DEBUG] cshmd.analysis (find_bond)                                   : find_bond O - H rcut -> 1.15
05/26 13:46 [DEBUG] cshmd.analysis (get_mole)                                    : get_mole O - H -> nbonds: 1
05/26 13:46 [DEBUG] cshmd.analysis (get_mole)                                    : get_mole O - H -> nbonds: 2
05/26 13:46 [DEBUG] cshmd.analysis (find_bond)                                   : find_bond C - O rcut -> 1.4
05/26 13:46 [DEBUG] cshmd.analysis (get_mole)                                    : get_mole C - O -> nbonds: 3
05/26 13:46 [DEBUG] cshmd.analysis (find_bond)                                   : find_bond Si - O rcut -> 1.8
05/26 13:46 [DEBUG] cshmd.analysis (get_mole)                                    : get_mole Si - O -> nbonds: 4
05/26 13:46 [INFO] cshmd.functions (cal_uniform_by_space)                        : Number of molecules to add : 2681
05/26 13:46 [INFO] cshmd.functions (cal_uniform_by_space)                        : Number of atoms per surface : 272
05/26 13:46 [INFO] cshmd.functions (cal_uniform_by_space)                        : Number of layer : 10
05/26 13:46 [INFO] cshmd.structure (extendLattice)                               : Extend lattice 53.882 59.402 27.924 -> 53.882 59.402 45.924 
05/26 13:46 [INFO] cif_modifier (exec_make_interface)                            : MODE -> distribution
05/26 13:46 [INFO] cif_modifier (exec_make_interface)                            : Number of atoms: 5210 -> 13256
05/26 13:46 [INFO] cshmd.structure (labeling_by_clayff)                          : Now get label according to 'Clayff' style
05/26 13:46 [DEBUG] cshmd.analysis (get_mole)                                    : get_mole O - H -> nbonds: 1
05/26 13:46 [DEBUG] cshmd.analysis (get_mole)                                    : get_mole O - H -> nbonds: 2
05/26 13:46 [DEBUG] cshmd.analysis (get_mole)                                    : get_mole Si - O -> nbonds: 4
05/26 13:46 [DEBUG] cshmd.analysis (get_mole)                                    : get_mole C - O -> nbonds: 3
05/26 13:46 [INFO] cshmd.structure (labeling_by_clayff)                          : All atoms labeled by clayff
05/26 13:46 [INFO] cshmd.structure (labeling_by_clayff)                          : Clayff charge: 0.820
05/26 13:46 [INFO] cshmd.structure (writeCif)                                    : L025_w2750_c.cif was created
05/26 13:46 [INFO] cif_modifier (__init__)                                       : Total charge: 0 -> 0
05/26 13:46 [DEBUG] cshmd.common (get_logger)                                    : $$$$$$$$$$$$$$  Logger 'cshmd.common........' initialized  $$$$$$$$$$$$$$
05/26 13:46 [DEBUG] cshmd.functions (get_logger)                                 : $$$$$$$$$$$$$$  Logger 'cshmd.functions.....' initialized  $$$$$$$$$$$$$$
05/26 13:46 [DEBUG] cshmd.load (get_logger)                                      : $$$$$$$$$$$$$$  Logger 'cshmd.load..........' initialized  $$$$$$$$$$$$$$
05/26 13:46 [DEBUG] cshmd.analysis (get_logger)                                  : $$$$$$$$$$$$$$  Logger 'cshmd.analysis......' initialized  $$$$$$$$$$$$$$
05/26 13:46 [DEBUG] cshmd.equation (get_logger)                                  : $$$$$$$$$$$$$$  Logger 'cshmd.equation......' initialized  $$$$$$$$$$$$$$
05/26 13:46 [DEBUG] cshmd.structure (get_logger)                                 : $$$$$$$$$$$$$$  Logger 'cshmd.structure.....' initialized  $$$$$$$$$$$$$$
05/26 13:46 [DEBUG] cshmd.builder (get_logger)                                   : $$$$$$$$$$$$$$  Logger 'cshmd.builder.......' initialized  $$$$$$$$$$$$$$
05/26 13:46 [DEBUG] cshmd.trj_analysis (get_logger)                              : $$$$$$$$$$$$$$  Logger 'cshmd.trj_analysis..' initialized  $$$$$$$$$$$$$$
05/26 13:46 [DEBUG] cif_modifier (get_logger)                                    : $$$$$$$$$$$$$$  Logger 'cif_modifier........' initialized  $$$$$$$$$$$$$$
05/26 13:46 [INFO] cif_modifier (<module>)                                       : Logger loaded
05/26 13:46 [INFO] cshmd.structure (__init__)                                    : L050.cif was loaded
05/26 13:46 [DEBUG] cshmd.analysis (__init__)                                    : [Structure] Now new data setted for get Bonds
05/26 13:46 [DEBUG] cshmd.analysis (__del_bond__)                                : del -> Si_O O_H H_O Ca_O C_O BO NBO
05/26 13:46 [DEBUG] cshmd.analysis (__initialize_mole__)                         : initalize -> H2O SiO4 OH CO3 CO2 H3O
05/26 13:46 [DEBUG] cshmd.analysis (__initialize_mole__)                         : initalize -> SiOH CaOH HCO3 H2CO3 H3CO3
05/26 13:46 [DEBUG] cshmd.analysis (find_bond)                                   : find_bond O - H rcut -> 1.2
05/26 13:46 [DEBUG] cshmd.common (time_wrapper)                                  : [RUNTIME] get_distance_table in 0.640 seconds
05/26 13:46 [DEBUG] cshmd.analysis (get_mole)                                    : get_mole O - H -> nbonds: 2
05/26 13:46 [DEBUG] cshmd.analysis (find_bond)                                   : find_bond Si - O rcut -> 2.3
05/26 13:46 [DEBUG] cshmd.common (time_wrapper)                                  : [RUNTIME] get_distance_table in 0.314 seconds
05/26 13:46 [DEBUG] cshmd.analysis (get_mole)                                    : get_mole Si - O -> nbonds: 4
05/26 13:46 [DEBUG] cshmd.analysis (get_mole)                                    : get_mole O - H -> nbonds: 1
05/26 13:46 [DEBUG] cshmd.analysis (find_bond)                                   : find_bond C - O rcut -> 1.6
05/26 13:46 [DEBUG] cshmd.analysis (get_mole)                                    : get_mole C - O -> nbonds: 3
05/26 13:46 [DEBUG] cshmd.analysis (get_mole)                                    : get_mole O - H -> nbonds: 3
05/26 13:46 [DEBUG] cshmd.analysis (find_bond)                                   : find_bond Ca - O rcut -> 3.0
05/26 13:46 [DEBUG] cshmd.common (time_wrapper)                                  : [RUNTIME] get_distance_table in 0.336 seconds
05/26 13:46 [DEBUG] cshmd.analysis (search_basic)                                : Basic search result -> H2O: 576, SiO4: 640, OH: 256, CO3: 0, H3O: 0, Ca_O: 4064
05/26 13:46 [DEBUG] cshmd.analysis (full_search)                                 : Search layer details
05/26 13:46 [DEBUG] cshmd.analysis (set_layer_boundary)                          : Set layer boundary -> 0.24344102250000055 - 0.7445715765749975
05/26 13:46 [DEBUG] cshmd.analysis (find_bond)                                   : find_bond Ca - O rcut -> 2.6
05/26 13:46 [DEBUG] cshmd.analysis (find_bond)                                   : find_bond Ca - O rcut -> 3.1
05/26 13:46 [DEBUG] cshmd.analysis (find_bond)                                   : find_bond Ca - O rcut -> 5.2
05/26 13:46 [DEBUG] cshmd.analysis (_anal_surface_co3_adsorption)                : No 'C' in system
05/26 13:46 [DEBUG] cshmd.analysis (__detail_search_oh_co3)                      : No CO3 in basic search
05/26 13:46 [DEBUG] cshmd.analysis (__detail_search_oh_sioh)                     : Searching 'OH' in 'SiO4
05/26 13:46 [DEBUG] cshmd.analysis (__detail_search_oh_caoh)                     : Searching 'OH' in 'CaOH
05/26 13:46 [DEBUG] cshmd.analysis (find_bond)                                   : find_bond O - H rcut -> 1.15
05/26 13:46 [DEBUG] cshmd.analysis (get_mole)                                    : get_mole O - H -> nbonds: 1
05/26 13:46 [DEBUG] cshmd.analysis (get_mole)                                    : get_mole O - H -> nbonds: 2
05/26 13:46 [DEBUG] cshmd.analysis (find_bond)                                   : find_bond C - O rcut -> 1.4
05/26 13:46 [DEBUG] cshmd.analysis (get_mole)                                    : get_mole C - O -> nbonds: 3
05/26 13:46 [DEBUG] cshmd.analysis (find_bond)                                   : find_bond Si - O rcut -> 1.8
05/26 13:46 [DEBUG] cshmd.analysis (get_mole)                                    : get_mole Si - O -> nbonds: 4
05/26 13:46 [INFO] cshmd.functions (cal_uniform_by_space)                        : Number of molecules to add : 2681
05/26 13:46 [INFO] cshmd.functions (cal_uniform_by_space)                        : Number of atoms per surface : 272
05/26 13:46 [INFO] cshmd.functions (cal_uniform_by_space)                        : Number of layer : 10
05/26 13:46 [INFO] cshmd.structure (extendLattice)                               : Extend lattice 53.882 59.402 27.924 -> 53.882 59.402 45.924 
05/26 13:46 [INFO] cif_modifier (exec_make_interface)                            : MODE -> distribution
05/26 13:46 [INFO] cif_modifier (exec_make_interface)                            : Number of atoms: 5440 -> 13486
05/26 13:46 [INFO] cshmd.structure (labeling_by_clayff)                          : Now get label according to 'Clayff' style
05/26 13:46 [DEBUG] cshmd.analysis (get_mole)                                    : get_mole O - H -> nbonds: 1
05/26 13:46 [DEBUG] cshmd.analysis (get_mole)                                    : get_mole O - H -> nbonds: 2
05/26 13:46 [DEBUG] cshmd.analysis (get_mole)                                    : get_mole Si - O -> nbonds: 4
05/26 13:46 [DEBUG] cshmd.analysis (get_mole)                                    : get_mole C - O -> nbonds: 3
05/26 13:46 [INFO] cshmd.structure (labeling_by_clayff)                          : All atoms labeled by clayff
05/26 13:46 [INFO] cshmd.structure (labeling_by_clayff)                          : Clayff charge: 0.820
05/26 13:46 [INFO] cshmd.structure (writeCif)                                    : L050_w2750_c.cif was created
05/26 13:46 [INFO] cif_modifier (__init__)                                       : Total charge: 0 -> 0
05/26 13:46 [DEBUG] cshmd.common (get_logger)                                    : $$$$$$$$$$$$$$  Logger 'cshmd.common........' initialized  $$$$$$$$$$$$$$
05/26 13:46 [DEBUG] cshmd.functions (get_logger)                                 : $$$$$$$$$$$$$$  Logger 'cshmd.functions.....' initialized  $$$$$$$$$$$$$$
05/26 13:46 [DEBUG] cshmd.load (get_logger)                                      : $$$$$$$$$$$$$$  Logger 'cshmd.load..........' initialized  $$$$$$$$$$$$$$
05/26 13:46 [DEBUG] cshmd.analysis (get_logger)                                  : $$$$$$$$$$$$$$  Logger 'cshmd.analysis......' initialized  $$$$$$$$$$$$$$
05/26 13:46 [DEBUG] cshmd.equation (get_logger)                                  : $$$$$$$$$$$$$$  Logger 'cshmd.equation......' initialized  $$$$$$$$$$$$$$
05/26 13:46 [DEBUG] cshmd.structure (get_logger)                                 : $$$$$$$$$$$$$$  Logger 'cshmd.structure.....' initialized  $$$$$$$$$$$$$$
05/26 13:46 [DEBUG] cshmd.builder (get_logger)                                   : $$$$$$$$$$$$$$  Logger 'cshmd.builder.......' initialized  $$$$$$$$$$$$$$
05/26 13:46 [DEBUG] cshmd.trj_analysis (get_logger)                              : $$$$$$$$$$$$$$  Logger 'cshmd.trj_analysis..' initialized  $$$$$$$$$$$$$$
05/26 13:46 [DEBUG] cif_modifier (get_logger)                                    : $$$$$$$$$$$$$$  Logger 'cif_modifier........' initialized  $$$$$$$$$$$$$$
05/26 13:46 [INFO] cif_modifier (<module>)                                       : Logger loaded
05/26 13:46 [INFO] cshmd.structure (__init__)                                    : L080.cif was loaded
05/26 13:46 [DEBUG] cshmd.analysis (__init__)                                    : [Structure] Now new data setted for get Bonds
05/26 13:46 [DEBUG] cshmd.analysis (__del_bond__)                                : del -> Si_O O_H H_O Ca_O C_O BO NBO
05/26 13:46 [DEBUG] cshmd.analysis (__initialize_mole__)                         : initalize -> H2O SiO4 OH CO3 CO2 H3O
05/26 13:46 [DEBUG] cshmd.analysis (__initialize_mole__)                         : initalize -> SiOH CaOH HCO3 H2CO3 H3CO3
05/26 13:46 [DEBUG] cshmd.analysis (find_bond)                                   : find_bond O - H rcut -> 1.2
05/26 13:46 [DEBUG] cshmd.common (time_wrapper)                                  : [RUNTIME] get_distance_table in 0.619 seconds
05/26 13:46 [DEBUG] cshmd.analysis (get_mole)                                    : get_mole O - H -> nbonds: 2
05/26 13:46 [DEBUG] cshmd.analysis (find_bond)                                   : find_bond Si - O rcut -> 2.3
05/26 13:46 [DEBUG] cshmd.common (time_wrapper)                                  : [RUNTIME] get_distance_table in 0.300 seconds
05/26 13:46 [DEBUG] cshmd.analysis (get_mole)                                    : get_mole Si - O -> nbonds: 4
05/26 13:46 [DEBUG] cshmd.analysis (get_mole)                                    : get_mole O - H -> nbonds: 1
05/26 13:46 [DEBUG] cshmd.analysis (find_bond)                                   : find_bond C - O rcut -> 1.6
05/26 13:46 [DEBUG] cshmd.analysis (get_mole)                                    : get_mole C - O -> nbonds: 3
05/26 13:46 [DEBUG] cshmd.analysis (get_mole)                                    : get_mole O - H -> nbonds: 3
05/26 13:46 [DEBUG] cshmd.analysis (find_bond)                                   : find_bond Ca - O rcut -> 3.0
05/26 13:46 [DEBUG] cshmd.common (time_wrapper)                                  : [RUNTIME] get_distance_table in 0.298 seconds
05/26 13:46 [DEBUG] cshmd.analysis (search_basic)                                : Basic search result -> H2O: 576, SiO4: 680, OH: 296, CO3: 0, H3O: 0, Ca_O: 3994
05/26 13:46 [DEBUG] cshmd.analysis (full_search)                                 : Search layer details
05/26 13:46 [DEBUG] cshmd.analysis (set_layer_boundary)                          : Set layer boundary -> 0.24344102250000055 - 0.7445715765749975
05/26 13:46 [DEBUG] cshmd.analysis (find_bond)                                   : find_bond Ca - O rcut -> 2.6
05/26 13:46 [DEBUG] cshmd.analysis (find_bond)                                   : find_bond Ca - O rcut -> 3.1
05/26 13:46 [DEBUG] cshmd.analysis (find_bond)                                   : find_bond Ca - O rcut -> 5.2
05/26 13:46 [DEBUG] cshmd.analysis (_anal_surface_co3_adsorption)                : No 'C' in system
05/26 13:46 [DEBUG] cshmd.analysis (__detail_search_oh_co3)                      : No CO3 in basic search
05/26 13:46 [DEBUG] cshmd.analysis (__detail_search_oh_sioh)                     : Searching 'OH' in 'SiO4
05/26 13:46 [DEBUG] cshmd.analysis (__detail_search_oh_caoh)                     : Searching 'OH' in 'CaOH
05/26 13:46 [DEBUG] cshmd.analysis (find_bond)                                   : find_bond O - H rcut -> 1.15
05/26 13:46 [DEBUG] cshmd.analysis (get_mole)                                    : get_mole O - H -> nbonds: 1
05/26 13:46 [DEBUG] cshmd.analysis (get_mole)                                    : get_mole O - H -> nbonds: 2
05/26 13:46 [DEBUG] cshmd.analysis (find_bond)                                   : find_bond C - O rcut -> 1.4
05/26 13:46 [DEBUG] cshmd.analysis (get_mole)                                    : get_mole C - O -> nbonds: 3
05/26 13:46 [DEBUG] cshmd.analysis (find_bond)                                   : find_bond Si - O rcut -> 1.8
05/26 13:46 [DEBUG] cshmd.analysis (get_mole)                                    : get_mole Si - O -> nbonds: 4
05/26 13:46 [INFO] cshmd.functions (cal_uniform_by_space)                        : Number of molecules to add : 2681
05/26 13:46 [INFO] cshmd.functions (cal_uniform_by_space)                        : Number of atoms per surface : 272
05/26 13:46 [INFO] cshmd.functions (cal_uniform_by_space)                        : Number of layer : 10
05/26 13:46 [INFO] cshmd.structure (extendLattice)                               : Extend lattice 53.882 59.402 27.924 -> 53.882 59.402 45.924 
05/26 13:46 [INFO] cif_modifier (exec_make_interface)                            : MODE -> distribution
05/26 13:46 [INFO] cif_modifier (exec_make_interface)                            : Number of atoms: 5540 -> 13586
05/26 13:46 [INFO] cshmd.structure (labeling_by_clayff)                          : Now get label according to 'Clayff' style
05/26 13:46 [DEBUG] cshmd.analysis (get_mole)                                    : get_mole O - H -> nbonds: 1
05/26 13:46 [DEBUG] cshmd.analysis (get_mole)                                    : get_mole O - H -> nbonds: 2
05/26 13:46 [DEBUG] cshmd.analysis (get_mole)                                    : get_mole Si - O -> nbonds: 4
05/26 13:46 [DEBUG] cshmd.analysis (get_mole)                                    : get_mole C - O -> nbonds: 3
05/26 13:46 [INFO] cshmd.structure (labeling_by_clayff)                          : All atoms labeled by clayff
05/26 13:46 [INFO] cshmd.structure (labeling_by_clayff)                          : Clayff charge: 0.820
05/26 13:46 [INFO] cshmd.structure (writeCif)                                    : L080_w2750_c.cif was created
05/26 13:46 [INFO] cif_modifier (__init__)                                       : Total charge: 0 -> 0
05/26 13:46 [DEBUG] cshmd.common (get_logger)                                    : $$$$$$$$$$$$$$  Logger 'cshmd.common........' initialized  $$$$$$$$$$$$$$
05/26 13:46 [DEBUG] cshmd.functions (get_logger)                                 : $$$$$$$$$$$$$$  Logger 'cshmd.functions.....' initialized  $$$$$$$$$$$$$$
05/26 13:46 [DEBUG] cshmd.load (get_logger)                                      : $$$$$$$$$$$$$$  Logger 'cshmd.load..........' initialized  $$$$$$$$$$$$$$
05/26 13:46 [DEBUG] cshmd.analysis (get_logger)                                  : $$$$$$$$$$$$$$  Logger 'cshmd.analysis......' initialized  $$$$$$$$$$$$$$
05/26 13:46 [DEBUG] cshmd.equation (get_logger)                                  : $$$$$$$$$$$$$$  Logger 'cshmd.equation......' initialized  $$$$$$$$$$$$$$
05/26 13:46 [DEBUG] cshmd.structure (get_logger)                                 : $$$$$$$$$$$$$$  Logger 'cshmd.structure.....' initialized  $$$$$$$$$$$$$$
05/26 13:46 [DEBUG] cshmd.builder (get_logger)                                   : $$$$$$$$$$$$$$  Logger 'cshmd.builder.......' initialized  $$$$$$$$$$$$$$
05/26 13:46 [DEBUG] cshmd.trj_analysis (get_logger)                              : $$$$$$$$$$$$$$  Logger 'cshmd.trj_analysis..' initialized  $$$$$$$$$$$$$$
05/26 13:46 [DEBUG] cif_modifier (get_logger)                                    : $$$$$$$$$$$$$$  Logger 'cif_modifier........' initialized  $$$$$$$$$$$$$$
05/26 13:46 [INFO] cif_modifier (<module>)                                       : Logger loaded
05/26 13:46 [INFO] cshmd.structure (__init__)                                    : L080_w2750_c.cif was loaded
05/26 13:46 [DEBUG] cshmd.analysis (__init__)                                    : [Structure] Now new data setted for get Bonds
05/26 13:46 [DEBUG] cshmd.analysis (__del_bond__)                                : del -> Si_O O_H H_O Ca_O C_O BO NBO
05/26 13:46 [DEBUG] cshmd.analysis (__initialize_mole__)                         : initalize -> H2O SiO4 OH CO3 CO2 H3O
05/26 13:46 [DEBUG] cshmd.analysis (__initialize_mole__)                         : initalize -> SiOH CaOH HCO3 H2CO3 H3CO3
05/26 13:46 [DEBUG] cshmd.analysis (find_bond)                                   : find_bond O - H rcut -> 1.2
05/26 13:46 [DEBUG] cshmd.common (time_wrapper)                                  : [RUNTIME] get_distance_table in 6.179 seconds
05/26 13:46 [DEBUG] cshmd.analysis (get_mole)                                    : get_mole O - H -> nbonds: 2
05/26 13:46 [DEBUG] cshmd.analysis (find_bond)                                   : find_bond Si - O rcut -> 2.3
05/26 13:46 [DEBUG] cshmd.common (time_wrapper)                                  : [RUNTIME] get_distance_table in 0.596 seconds
05/26 13:46 [DEBUG] cshmd.analysis (get_mole)                                    : get_mole Si - O -> nbonds: 4
05/26 13:46 [DEBUG] cshmd.analysis (get_mole)                                    : get_mole O - H -> nbonds: 1
05/26 13:46 [DEBUG] cshmd.analysis (find_bond)                                   : find_bond C - O rcut -> 1.6
05/26 13:46 [DEBUG] cshmd.common (time_wrapper)                                  : [RUNTIME] get_distance_table in 0.001 seconds
05/26 13:46 [DEBUG] cshmd.analysis (get_mole)                                    : get_mole C - O -> nbonds: 3
05/26 13:46 [DEBUG] cshmd.analysis (get_mole)                                    : get_mole O - H -> nbonds: 3
05/26 13:46 [DEBUG] cshmd.analysis (find_bond)                                   : find_bond Ca - O rcut -> 3.0
05/26 13:46 [DEBUG] cshmd.common (time_wrapper)                                  : [RUNTIME] get_distance_table in 0.595 seconds
05/26 13:46 [DEBUG] cshmd.analysis (search_basic)                                : Basic search result -> H2O: 3232, SiO4: 680, OH: 296, CO3: 1, H3O: 24, Ca_O: 4042
05/26 13:46 [DEBUG] cshmd.analysis (full_search)                                 : Search layer details
05/26 13:46 [DEBUG] cshmd.analysis (set_layer_boundary)                          : Set layer boundary -> 0.14802459417500036 - 0.4527376048249997
05/26 13:46 [DEBUG] cshmd.analysis (find_bond)                                   : find_bond Ca - O rcut -> 2.6
05/26 13:46 [DEBUG] cshmd.analysis (find_bond)                                   : find_bond Ca - O rcut -> 3.1
05/26 13:46 [DEBUG] cshmd.analysis (find_bond)                                   : find_bond Ca - O rcut -> 5.2
05/26 13:46 [DEBUG] cshmd.analysis (find_bond)                                   : find_bond Si - C rcut -> 5.3
05/26 13:46 [DEBUG] cshmd.common (time_wrapper)                                  : [RUNTIME] get_distance_table in 0.001 seconds
05/26 13:46 [DEBUG] cshmd.analysis (__detail_search_oh_co3)                      : Searching 'OH' in 'CO3'
05/26 13:46 [DEBUG] cshmd.analysis (__detail_search_oh_sioh)                     : Searching 'OH' in 'SiO4
05/26 13:46 [DEBUG] cshmd.analysis (__detail_search_oh_caoh)                     : Searching 'OH' in 'CaOH
05/26 13:46 [INFO] cshmd.structure (add_rm_list_water)                           : Now eliminate all H2O but OH or H3O
05/26 13:46 [DEBUG] cshmd.analysis (get_mole)                                    : get_mole O - H -> nbonds: 2
05/26 13:46 [INFO] cshmd.structure (check_rm_list)                               : Delete 9696 atoms in rm_list
05/26 13:46 [INFO] cshmd.structure (writeCif)                                    : L080_w2750_c_modified.cif was created
05/26 13:46 [INFO] cif_modifier (__init__)                                       : Total charge: 0 -> 0
05/26 13:57 [DEBUG] cshmd.common (get_logger)                                    : $$$$$$$$$$$$$$  Logger 'cshmd.common........' initialized  $$$$$$$$$$$$$$
05/26 13:57 [DEBUG] cshmd.functions (get_logger)                                 : $$$$$$$$$$$$$$  Logger 'cshmd.functions.....' initialized  $$$$$$$$$$$$$$
05/26 13:57 [DEBUG] cshmd.load (get_logger)                                      : $$$$$$$$$$$$$$  Logger 'cshmd.load..........' initialized  $$$$$$$$$$$$$$
05/26 13:57 [DEBUG] cshmd.analysis (get_logger)                                  : $$$$$$$$$$$$$$  Logger 'cshmd.analysis......' initialized  $$$$$$$$$$$$$$
05/26 13:57 [DEBUG] cshmd.equation (get_logger)                                  : $$$$$$$$$$$$$$  Logger 'cshmd.equation......' initialized  $$$$$$$$$$$$$$
05/26 13:57 [DEBUG] cshmd.structure (get_logger)                                 : $$$$$$$$$$$$$$  Logger 'cshmd.structure.....' initialized  $$$$$$$$$$$$$$
05/26 13:57 [DEBUG] cshmd.builder (get_logger)                                   : $$$$$$$$$$$$$$  Logger 'cshmd.builder.......' initialized  $$$$$$$$$$$$$$
05/26 13:57 [DEBUG] cshmd.trj_analysis (get_logger)                              : $$$$$$$$$$$$$$  Logger 'cshmd.trj_analysis..' initialized  $$$$$$$$$$$$$$
05/26 13:57 [DEBUG] csh_builder (get_logger)                                     : $$$$$$$$$$$$$$  Logger 'csh_builder.........' initialized  $$$$$$$$$$$$$$
05/26 13:57 [INFO] csh_builder (main)                                            : ----------------------------------------------------------------------
05/26 13:57 [INFO] csh_builder (main)                                            : 'L025.yaml' loaded
05/26 13:57 [INFO] cshmd.structure (__init__)                                    : /Users/kimuni/bin/kimuni/cshmd/data/resources/cif/T14_111_short2.cif was loaded
05/26 13:57 [DEBUG] cshmd.analysis (__init__)                                    : [Structure] Now new data setted for get Bonds
05/26 13:57 [DEBUG] cshmd.analysis (__del_bond__)                                : del -> Si_O O_H H_O Ca_O C_O BO NBO
05/26 13:57 [DEBUG] cshmd.analysis (__initialize_mole__)                         : initalize -> H2O SiO4 OH CO3 CO2 H3O
05/26 13:57 [DEBUG] cshmd.analysis (__initialize_mole__)                         : initalize -> SiOH CaOH HCO3 H2CO3 H3CO3
05/26 13:57 [DEBUG] cshmd.analysis (find_bond)                                   : find_bond O - H rcut -> 1.2
05/26 13:57 [DEBUG] cshmd.common (time_wrapper)                                  : [RUNTIME] get_distance_table in 0.000 seconds
05/26 13:57 [DEBUG] cshmd.analysis (get_mole)                                    : get_mole O - H -> nbonds: 2
05/26 13:57 [DEBUG] cshmd.analysis (find_bond)                                   : find_bond Si - O rcut -> 2.3
05/26 13:57 [DEBUG] cshmd.common (time_wrapper)                                  : [RUNTIME] get_distance_table in 0.000 seconds
05/26 13:57 [DEBUG] cshmd.analysis (get_mole)                                    : get_mole Si - O -> nbonds: 4
05/26 13:57 [DEBUG] cshmd.analysis (get_mole)                                    : get_mole O - H -> nbonds: 1
05/26 13:57 [DEBUG] cshmd.analysis (find_bond)                                   : find_bond C - O rcut -> 1.6
05/26 13:57 [DEBUG] cshmd.analysis (get_mole)                                    : get_mole C - O -> nbonds: 3
05/26 13:57 [DEBUG] cshmd.analysis (get_mole)                                    : get_mole O - H -> nbonds: 3
05/26 13:57 [DEBUG] cshmd.analysis (find_bond)                                   : find_bond Ca - O rcut -> 3.0
05/26 13:57 [DEBUG] cshmd.common (time_wrapper)                                  : [RUNTIME] get_distance_table in 0.000 seconds
05/26 13:57 [DEBUG] cshmd.analysis (search_basic)                                : Basic search result -> H2O: 9, SiO4: 12, OH: 2, CO3: 0, H3O: 0, Ca_O: 60
05/26 13:57 [DEBUG] cshmd.analysis (full_search)                                 : Search layer details
05/26 13:57 [DEBUG] cshmd.analysis (set_layer_boundary)                          : Set layer boundary -> 0.2391587621 - 0.731474156325
05/26 13:57 [DEBUG] cshmd.analysis (find_bond)                                   : find_bond Ca - O rcut -> 2.6
05/26 13:57 [DEBUG] cshmd.analysis (find_bond)                                   : find_bond Ca - O rcut -> 3.1
05/26 13:57 [DEBUG] cshmd.analysis (find_bond)                                   : find_bond Ca - O rcut -> 5.2
05/26 13:57 [DEBUG] cshmd.analysis (_anal_surface_co3_adsorption)                : No 'C' in system
05/26 13:57 [DEBUG] cshmd.analysis (__detail_search_oh_co3)                      : No CO3 in basic search
05/26 13:57 [DEBUG] cshmd.analysis (__detail_search_oh_sioh)                     : Searching 'OH' in 'SiO4
05/26 13:57 [DEBUG] cshmd.analysis (__detail_search_oh_caoh)                     : Searching 'OH' in 'CaOH
05/26 13:57 [INFO] cshmd.analysis (Qn)                                           : [Structure] Q2: 1.000
05/26 13:57 [INFO] cshmd.analysis (evaluate_csh)                                 : [Structure] BT: 4, PT: 8
05/26 13:57 [DEBUG] cshmd.analysis (__init__)                                    : <class 'cshmd.analysis.Chain'> loaded
05/26 13:57 [DEBUG] cshmd.analysis (__init__)                                    : <class 'cshmd.analysis.Chain'> loaded
05/26 13:57 [DEBUG] cshmd.analysis (__init__)                                    : <class 'cshmd.analysis.Chain'> loaded
05/26 13:57 [DEBUG] cshmd.analysis (__init__)                                    : <class 'cshmd.analysis.Chain'> loaded
05/26 13:57 [INFO] cshmd.analysis (evaluate_csh)                                 : [Structure] CL : Length 3: 1
05/26 13:57 [INFO] cshmd.analysis (evaluate_csh)                                 : [Structure] MCL : 3.000
05/26 13:57 [INFO] cshmd.structure (__init__)                                    : /Users/kimuni/bin/kimuni/cshmd/data/resources/cif/T14_111_short2.cif was loaded
05/26 13:57 [DEBUG] cshmd.analysis (__init__)                                    : [Structure] Now new data setted for get Bonds
05/26 13:57 [DEBUG] cshmd.analysis (__del_bond__)                                : del -> Si_O O_H H_O Ca_O C_O BO NBO
05/26 13:57 [DEBUG] cshmd.analysis (__initialize_mole__)                         : initalize -> H2O SiO4 OH CO3 CO2 H3O
05/26 13:57 [DEBUG] cshmd.analysis (__initialize_mole__)                         : initalize -> SiOH CaOH HCO3 H2CO3 H3CO3
05/26 13:57 [DEBUG] cshmd.analysis (find_bond)                                   : find_bond O - H rcut -> 1.2
05/26 13:57 [DEBUG] cshmd.common (time_wrapper)                                  : [RUNTIME] get_distance_table in 0.000 seconds
05/26 13:57 [DEBUG] cshmd.analysis (get_mole)                                    : get_mole O - H -> nbonds: 2
05/26 13:57 [DEBUG] cshmd.analysis (find_bond)                                   : find_bond Si - O rcut -> 2.3
05/26 13:57 [DEBUG] cshmd.common (time_wrapper)                                  : [RUNTIME] get_distance_table in 0.000 seconds
05/26 13:57 [DEBUG] cshmd.analysis (get_mole)                                    : get_mole Si - O -> nbonds: 4
05/26 13:57 [DEBUG] cshmd.analysis (get_mole)                                    : get_mole O - H -> nbonds: 1
05/26 13:57 [DEBUG] cshmd.analysis (find_bond)                                   : find_bond C - O rcut -> 1.6
05/26 13:57 [DEBUG] cshmd.analysis (get_mole)                                    : get_mole C - O -> nbonds: 3
05/26 13:57 [DEBUG] cshmd.analysis (get_mole)                                    : get_mole O - H -> nbonds: 3
05/26 13:57 [DEBUG] cshmd.analysis (find_bond)                                   : find_bond Ca - O rcut -> 3.0
05/26 13:57 [DEBUG] cshmd.common (time_wrapper)                                  : [RUNTIME] get_distance_table in 0.000 seconds
05/26 13:57 [DEBUG] cshmd.analysis (search_basic)                                : Basic search result -> H2O: 9, SiO4: 12, OH: 2, CO3: 0, H3O: 0, Ca_O: 60
05/26 13:57 [DEBUG] cshmd.analysis (full_search)                                 : Search layer details
05/26 13:57 [DEBUG] cshmd.analysis (set_layer_boundary)                          : Set layer boundary -> 0.2391587621 - 0.731474156325
05/26 13:57 [DEBUG] cshmd.analysis (find_bond)                                   : find_bond Ca - O rcut -> 2.6
05/26 13:57 [DEBUG] cshmd.analysis (find_bond)                                   : find_bond Ca - O rcut -> 3.1
05/26 13:57 [DEBUG] cshmd.analysis (find_bond)                                   : find_bond Ca - O rcut -> 5.2
05/26 13:57 [DEBUG] cshmd.analysis (_anal_surface_co3_adsorption)                : No 'C' in system
05/26 13:57 [DEBUG] cshmd.analysis (__detail_search_oh_co3)                      : No CO3 in basic search
05/26 13:57 [DEBUG] cshmd.analysis (__detail_search_oh_sioh)                     : Searching 'OH' in 'SiO4
05/26 13:57 [DEBUG] cshmd.analysis (__detail_search_oh_caoh)                     : Searching 'OH' in 'CaOH
05/26 13:57 [INFO] cshmd.analysis (Qn)                                           : [Structure] Q2: 1.000
05/26 13:57 [INFO] cshmd.analysis (evaluate_csh)                                 : [Structure] BT: 4, PT: 8
05/26 13:57 [DEBUG] cshmd.analysis (__init__)                                    : <class 'cshmd.analysis.Chain'> loaded
05/26 13:57 [DEBUG] cshmd.analysis (__init__)                                    : <class 'cshmd.analysis.Chain'> loaded
05/26 13:57 [DEBUG] cshmd.analysis (__init__)                                    : <class 'cshmd.analysis.Chain'> loaded
05/26 13:57 [DEBUG] cshmd.analysis (__init__)                                    : <class 'cshmd.analysis.Chain'> loaded
05/26 13:57 [INFO] cshmd.analysis (evaluate_csh)                                 : [Structure] CL : Length 3: 1
05/26 13:57 [INFO] cshmd.analysis (evaluate_csh)                                 : [Structure] MCL : 3.000
05/26 13:57 [INFO] csh_builder (main)                                            : [Structure] Reading command 'supercell'...
05/26 13:57 [INFO] cshmd.structure (makeSupercell)                               : [Structure] Supercell created 8 * 8 * 1
05/26 13:57 [DEBUG] cshmd.analysis (__init__)                                    : [Structure] Now new data setted for get Bonds
05/26 13:57 [DEBUG] cshmd.analysis (__del_bond__)                                : del -> Si_O O_H H_O Ca_O C_O BO NBO
05/26 13:57 [DEBUG] cshmd.analysis (__initialize_mole__)                         : initalize -> H2O SiO4 OH CO3 CO2 H3O
05/26 13:57 [DEBUG] cshmd.analysis (__initialize_mole__)                         : initalize -> SiOH CaOH HCO3 H2CO3 H3CO3
05/26 13:57 [DEBUG] cshmd.analysis (find_bond)                                   : find_bond O - H rcut -> 1.2
05/26 13:57 [DEBUG] cshmd.common (time_wrapper)                                  : [RUNTIME] get_distance_table in 0.687 seconds
05/26 13:57 [DEBUG] cshmd.analysis (get_mole)                                    : get_mole O - H -> nbonds: 2
05/26 13:57 [DEBUG] cshmd.analysis (find_bond)                                   : find_bond Si - O rcut -> 2.3
05/26 13:57 [DEBUG] cshmd.common (time_wrapper)                                  : [RUNTIME] get_distance_table in 0.434 seconds
05/26 13:57 [DEBUG] cshmd.analysis (get_mole)                                    : get_mole Si - O -> nbonds: 4
05/26 13:57 [DEBUG] cshmd.analysis (get_mole)                                    : get_mole O - H -> nbonds: 1
05/26 13:57 [DEBUG] cshmd.analysis (find_bond)                                   : find_bond C - O rcut -> 1.6
05/26 13:57 [DEBUG] cshmd.analysis (get_mole)                                    : get_mole C - O -> nbonds: 3
05/26 13:57 [DEBUG] cshmd.analysis (get_mole)                                    : get_mole O - H -> nbonds: 3
05/26 13:57 [DEBUG] cshmd.analysis (find_bond)                                   : find_bond Ca - O rcut -> 3.0
05/26 13:57 [DEBUG] cshmd.common (time_wrapper)                                  : [RUNTIME] get_distance_table in 0.315 seconds
05/26 13:57 [DEBUG] cshmd.analysis (search_basic)                                : Basic search result -> H2O: 576, SiO4: 768, OH: 128, CO3: 0, H3O: 0, Ca_O: 3840
05/26 13:57 [DEBUG] cshmd.analysis (full_search)                                 : Search layer details
05/26 13:57 [DEBUG] cshmd.analysis (set_layer_boundary)                          : Set layer boundary -> 0.23915876209999942 - 0.7314741563249987
05/26 13:57 [DEBUG] cshmd.analysis (find_bond)                                   : find_bond Ca - O rcut -> 2.6
05/26 13:57 [DEBUG] cshmd.analysis (find_bond)                                   : find_bond Ca - O rcut -> 3.1
05/26 13:57 [DEBUG] cshmd.analysis (find_bond)                                   : find_bond Ca - O rcut -> 5.2
05/26 13:57 [DEBUG] cshmd.analysis (_anal_surface_co3_adsorption)                : No 'C' in system
05/26 13:57 [DEBUG] cshmd.analysis (__detail_search_oh_co3)                      : No CO3 in basic search
05/26 13:57 [DEBUG] cshmd.analysis (__detail_search_oh_sioh)                     : Searching 'OH' in 'SiO4
05/26 13:57 [DEBUG] cshmd.analysis (__detail_search_oh_caoh)                     : Searching 'OH' in 'CaOH
05/26 13:57 [INFO] cshmd.analysis (Qn)                                           : [Structure] Q2: 1.000
05/26 13:57 [INFO] cshmd.analysis (evaluate_csh)                                 : [Structure] BT: 256, PT: 512
05/26 13:57 [DEBUG] cshmd.analysis (__init__)                                    : <class 'cshmd.analysis.Chain'> loaded
05/26 13:57 [DEBUG] cshmd.analysis (__init__)                                    : <class 'cshmd.analysis.Chain'> loaded
05/26 13:57 [DEBUG] cshmd.analysis (__init__)                                    : <class 'cshmd.analysis.Chain'> loaded
05/26 13:57 [DEBUG] cshmd.analysis (__init__)                                    : <class 'cshmd.analysis.Chain'> loaded
05/26 13:57 [INFO] cshmd.analysis (evaluate_csh)                                 : [Structure] CL : Length 24: 8
05/26 13:57 [INFO] cshmd.analysis (evaluate_csh)                                 : [Structure] MCL : 24.000
05/26 13:57 [INFO] cshmd.builder (update_manager)                                : [Structure] Number of atoms: 86 -> 5504
05/26 13:57 [INFO] csh_builder (main)                                            : [Structure] Reading command 'defect_BT'...
05/26 13:57 [INFO] cshmd.builder (defect_BT)                                     : [Structure] Termination scope: False
05/26 13:57 [INFO] cshmd.builder (defect_BT)                                     : [Structure] Exists 64 Bridging Tetra in 'up' side
05/26 13:57 [INFO] cshmd.builder (defect_BT)                                     : Target MCL 2.5, Remove 55 BT
05/26 13:57 [INFO] cshmd.builder (defect_BT)                                     : In surface, add Ca when Bridge Tetra removed.
05/26 13:57 [INFO] cshmd.structure (add_Ca)                                      : [Structure] Add Ca
05/26 13:57 [INFO] cshmd.builder (defect_BT)                                     : [Structure] Exists 64 Bridging Tetra in 'down' side
05/26 13:57 [INFO] cshmd.builder (defect_BT)                                     : Target MCL 2.5, Remove 55 BT
05/26 13:57 [INFO] cshmd.builder (defect_BT)                                     : In surface, add Ca when Bridge Tetra removed.
05/26 13:57 [INFO] cshmd.structure (add_Ca)                                      : [Structure] Add Ca
05/26 13:57 [INFO] cshmd.builder (defect_BT)                                     : [Structure] Termination scope: False
05/26 13:57 [INFO] cshmd.builder (defect_BT)                                     : [Structure] Exists 64 Bridging Tetra in 'down' side
05/26 13:57 [INFO] cshmd.builder (defect_BT)                                     : Target MCL 2.5, Remove 55 BT
05/26 13:57 [INFO] cshmd.builder (defect_BT)                                     : In bulk, add CaOH when Bridge Tetra removed.
05/26 13:57 [INFO] cshmd.structure (add_Ca)                                      : [Structure] Add Ca with 1 OH
05/26 13:57 [INFO] cshmd.builder (defect_BT)                                     : [Structure] Exists 64 Bridging Tetra in 'up' side
05/26 13:57 [INFO] cshmd.builder (defect_BT)                                     : Target MCL 2.5, Remove 55 BT
05/26 13:57 [INFO] cshmd.builder (defect_BT)                                     : In bulk, add CaOH when Bridge Tetra removed.
05/26 13:57 [INFO] cshmd.structure (add_Ca)                                      : [Structure] Add Ca with 1 OH
05/26 13:57 [INFO] cshmd.structure (check_rm_list)                               : Delete 770 atoms in rm_list
05/26 13:57 [DEBUG] cshmd.analysis (__init__)                                    : [Structure] Now new data setted for get Bonds
05/26 13:57 [DEBUG] cshmd.analysis (__del_bond__)                                : del -> Si_O O_H H_O Ca_O C_O BO NBO
05/26 13:57 [DEBUG] cshmd.analysis (__initialize_mole__)                         : initalize -> H2O SiO4 OH CO3 CO2 H3O
05/26 13:57 [DEBUG] cshmd.analysis (__initialize_mole__)                         : initalize -> SiOH CaOH HCO3 H2CO3 H3CO3
05/26 13:57 [DEBUG] cshmd.analysis (find_bond)                                   : find_bond O - H rcut -> 1.2
05/26 13:57 [DEBUG] cshmd.common (time_wrapper)                                  : [RUNTIME] get_distance_table in 0.611 seconds
05/26 13:57 [DEBUG] cshmd.analysis (get_mole)                                    : get_mole O - H -> nbonds: 2
05/26 13:57 [DEBUG] cshmd.analysis (find_bond)                                   : find_bond Si - O rcut -> 2.3
05/26 13:57 [DEBUG] cshmd.common (time_wrapper)                                  : [RUNTIME] get_distance_table in 0.253 seconds
05/26 13:57 [DEBUG] cshmd.analysis (get_mole)                                    : get_mole Si - O -> nbonds: 4
05/26 13:57 [DEBUG] cshmd.analysis (get_mole)                                    : get_mole O - H -> nbonds: 1
05/26 13:57 [DEBUG] cshmd.analysis (find_bond)                                   : find_bond C - O rcut -> 1.6
05/26 13:57 [DEBUG] cshmd.analysis (get_mole)                                    : get_mole C - O -> nbonds: 3
05/26 13:57 [DEBUG] cshmd.analysis (get_mole)                                    : get_mole O - H -> nbonds: 3
05/26 13:57 [DEBUG] cshmd.analysis (find_bond)                                   : find_bond Ca - O rcut -> 3.0
05/26 13:57 [DEBUG] cshmd.common (time_wrapper)                                  : [RUNTIME] get_distance_table in 0.382 seconds
05/26 13:57 [DEBUG] cshmd.analysis (search_basic)                                : Basic search result -> H2O: 576, SiO4: 548, OH: 128, CO3: 0, H3O: 0, Ca_O: 4225
05/26 13:57 [DEBUG] cshmd.analysis (full_search)                                 : Search layer details
05/26 13:57 [DEBUG] cshmd.analysis (set_layer_boundary)                          : Set layer boundary -> 0.23915876209999942 - 0.7314741563249987
05/26 13:57 [DEBUG] cshmd.analysis (find_bond)                                   : find_bond Ca - O rcut -> 2.6
05/26 13:57 [DEBUG] cshmd.analysis (find_bond)                                   : find_bond Ca - O rcut -> 3.1
05/26 13:57 [DEBUG] cshmd.analysis (find_bond)                                   : find_bond Ca - O rcut -> 5.2
05/26 13:57 [DEBUG] cshmd.analysis (_anal_surface_co3_adsorption)                : No 'C' in system
05/26 13:57 [DEBUG] cshmd.analysis (__detail_search_oh_co3)                      : No CO3 in basic search
05/26 13:57 [DEBUG] cshmd.analysis (__detail_search_oh_sioh)                     : Searching 'OH' in 'SiO4
05/26 13:57 [DEBUG] cshmd.analysis (__detail_search_oh_caoh)                     : Searching 'OH' in 'CaOH
05/26 13:57 [INFO] cshmd.analysis (Qn)                                           : [Structure] Q1: 0.803
05/26 13:57 [INFO] cshmd.analysis (Qn)                                           : [Structure] Q2: 0.197
05/26 13:57 [INFO] cshmd.analysis (evaluate_csh)                                 : [Structure] BT: 36, PT: 512
05/26 13:57 [DEBUG] cshmd.analysis (__init__)                                    : <class 'cshmd.analysis.Chain'> loaded
05/26 13:57 [DEBUG] cshmd.analysis (__init__)                                    : <class 'cshmd.analysis.Chain'> loaded
05/26 13:57 [DEBUG] cshmd.analysis (__init__)                                    : <class 'cshmd.analysis.Chain'> loaded
05/26 13:57 [DEBUG] cshmd.analysis (__init__)                                    : <class 'cshmd.analysis.Chain'> loaded
05/26 13:57 [INFO] cshmd.analysis (evaluate_csh)                                 : [Structure] CL : Length 2: 46 Length 5: 9
05/26 13:57 [INFO] cshmd.analysis (evaluate_csh)                                 : [Structure] MCL : 2.491
05/26 13:57 [INFO] cshmd.builder (update_manager)                                : [Structure] Number of atoms: 5504 -> 5174
05/26 13:57 [INFO] csh_builder (main)                                            : [Structure] Reading command 'terminate_NBO'...
05/26 13:57 [INFO] cshmd.builder (terminate_NBO)                                 : Terminate <class 'float'> ratio of silanol group -> 18 / 18 in 2sides
05/26 13:57 [INFO] cshmd.structure (writeCif)                                    : L025.cif was created
05/26 13:57 [INFO] cshmd.builder (out_model)                                     : Total Charge: 0
05/26 13:57 [INFO] csh_builder (main)                                            : ----------------------------------------------------------------------
05/26 13:57 [INFO] csh_builder (main)                                            : ----------------------------------------------------------------------
05/26 13:57 [INFO] csh_builder (main)                                            : 'L050.yaml' loaded
05/26 13:57 [INFO] cshmd.structure (__init__)                                    : /Users/kimuni/bin/kimuni/cshmd/data/resources/cif/T14_111_short2.cif was loaded
05/26 13:57 [DEBUG] cshmd.analysis (__init__)                                    : [Structure] Now new data setted for get Bonds
05/26 13:57 [DEBUG] cshmd.analysis (__del_bond__)                                : del -> Si_O O_H H_O Ca_O C_O BO NBO
05/26 13:57 [DEBUG] cshmd.analysis (__initialize_mole__)                         : initalize -> H2O SiO4 OH CO3 CO2 H3O
05/26 13:57 [DEBUG] cshmd.analysis (__initialize_mole__)                         : initalize -> SiOH CaOH HCO3 H2CO3 H3CO3
05/26 13:57 [DEBUG] cshmd.analysis (find_bond)                                   : find_bond O - H rcut -> 1.2
05/26 13:57 [DEBUG] cshmd.common (time_wrapper)                                  : [RUNTIME] get_distance_table in 0.000 seconds
05/26 13:57 [DEBUG] cshmd.analysis (get_mole)                                    : get_mole O - H -> nbonds: 2
05/26 13:57 [DEBUG] cshmd.analysis (find_bond)                                   : find_bond Si - O rcut -> 2.3
05/26 13:57 [DEBUG] cshmd.common (time_wrapper)                                  : [RUNTIME] get_distance_table in 0.000 seconds
05/26 13:57 [DEBUG] cshmd.analysis (get_mole)                                    : get_mole Si - O -> nbonds: 4
05/26 13:57 [DEBUG] cshmd.analysis (get_mole)                                    : get_mole O - H -> nbonds: 1
05/26 13:57 [DEBUG] cshmd.analysis (find_bond)                                   : find_bond C - O rcut -> 1.6
05/26 13:57 [DEBUG] cshmd.analysis (get_mole)                                    : get_mole C - O -> nbonds: 3
05/26 13:57 [DEBUG] cshmd.analysis (get_mole)                                    : get_mole O - H -> nbonds: 3
05/26 13:57 [DEBUG] cshmd.analysis (find_bond)                                   : find_bond Ca - O rcut -> 3.0
05/26 13:57 [DEBUG] cshmd.common (time_wrapper)                                  : [RUNTIME] get_distance_table in 0.000 seconds
05/26 13:57 [DEBUG] cshmd.analysis (search_basic)                                : Basic search result -> H2O: 9, SiO4: 12, OH: 2, CO3: 0, H3O: 0, Ca_O: 60
05/26 13:57 [DEBUG] cshmd.analysis (full_search)                                 : Search layer details
05/26 13:57 [DEBUG] cshmd.analysis (set_layer_boundary)                          : Set layer boundary -> 0.2391587621 - 0.731474156325
05/26 13:57 [DEBUG] cshmd.analysis (find_bond)                                   : find_bond Ca - O rcut -> 2.6
05/26 13:57 [DEBUG] cshmd.analysis (find_bond)                                   : find_bond Ca - O rcut -> 3.1
05/26 13:57 [DEBUG] cshmd.analysis (find_bond)                                   : find_bond Ca - O rcut -> 5.2
05/26 13:57 [DEBUG] cshmd.analysis (_anal_surface_co3_adsorption)                : No 'C' in system
05/26 13:57 [DEBUG] cshmd.analysis (__detail_search_oh_co3)                      : No CO3 in basic search
05/26 13:57 [DEBUG] cshmd.analysis (__detail_search_oh_sioh)                     : Searching 'OH' in 'SiO4
05/26 13:57 [DEBUG] cshmd.analysis (__detail_search_oh_caoh)                     : Searching 'OH' in 'CaOH
05/26 13:57 [INFO] cshmd.analysis (Qn)                                           : [Structure] Q2: 1.000
05/26 13:57 [INFO] cshmd.analysis (evaluate_csh)                                 : [Structure] BT: 4, PT: 8
05/26 13:57 [DEBUG] cshmd.analysis (__init__)                                    : <class 'cshmd.analysis.Chain'> loaded
05/26 13:57 [DEBUG] cshmd.analysis (__init__)                                    : <class 'cshmd.analysis.Chain'> loaded
05/26 13:57 [DEBUG] cshmd.analysis (__init__)                                    : <class 'cshmd.analysis.Chain'> loaded
05/26 13:57 [DEBUG] cshmd.analysis (__init__)                                    : <class 'cshmd.analysis.Chain'> loaded
05/26 13:57 [INFO] cshmd.analysis (evaluate_csh)                                 : [Structure] CL : Length 3: 1
05/26 13:57 [INFO] cshmd.analysis (evaluate_csh)                                 : [Structure] MCL : 3.000
05/26 13:57 [INFO] cshmd.structure (__init__)                                    : /Users/kimuni/bin/kimuni/cshmd/data/resources/cif/T14_111_short2.cif was loaded
05/26 13:57 [DEBUG] cshmd.analysis (__init__)                                    : [Structure] Now new data setted for get Bonds
05/26 13:57 [DEBUG] cshmd.analysis (__del_bond__)                                : del -> Si_O O_H H_O Ca_O C_O BO NBO
05/26 13:57 [DEBUG] cshmd.analysis (__initialize_mole__)                         : initalize -> H2O SiO4 OH CO3 CO2 H3O
05/26 13:57 [DEBUG] cshmd.analysis (__initialize_mole__)                         : initalize -> SiOH CaOH HCO3 H2CO3 H3CO3
05/26 13:57 [DEBUG] cshmd.analysis (find_bond)                                   : find_bond O - H rcut -> 1.2
05/26 13:57 [DEBUG] cshmd.common (time_wrapper)                                  : [RUNTIME] get_distance_table in 0.000 seconds
05/26 13:57 [DEBUG] cshmd.analysis (get_mole)                                    : get_mole O - H -> nbonds: 2
05/26 13:57 [DEBUG] cshmd.analysis (find_bond)                                   : find_bond Si - O rcut -> 2.3
05/26 13:57 [DEBUG] cshmd.common (time_wrapper)                                  : [RUNTIME] get_distance_table in 0.000 seconds
05/26 13:57 [DEBUG] cshmd.analysis (get_mole)                                    : get_mole Si - O -> nbonds: 4
05/26 13:57 [DEBUG] cshmd.analysis (get_mole)                                    : get_mole O - H -> nbonds: 1
05/26 13:57 [DEBUG] cshmd.analysis (find_bond)                                   : find_bond C - O rcut -> 1.6
05/26 13:57 [DEBUG] cshmd.analysis (get_mole)                                    : get_mole C - O -> nbonds: 3
05/26 13:57 [DEBUG] cshmd.analysis (get_mole)                                    : get_mole O - H -> nbonds: 3
05/26 13:57 [DEBUG] cshmd.analysis (find_bond)                                   : find_bond Ca - O rcut -> 3.0
05/26 13:57 [DEBUG] cshmd.common (time_wrapper)                                  : [RUNTIME] get_distance_table in 0.000 seconds
05/26 13:57 [DEBUG] cshmd.analysis (search_basic)                                : Basic search result -> H2O: 9, SiO4: 12, OH: 2, CO3: 0, H3O: 0, Ca_O: 60
05/26 13:57 [DEBUG] cshmd.analysis (full_search)                                 : Search layer details
05/26 13:57 [DEBUG] cshmd.analysis (set_layer_boundary)                          : Set layer boundary -> 0.2391587621 - 0.731474156325
05/26 13:57 [DEBUG] cshmd.analysis (find_bond)                                   : find_bond Ca - O rcut -> 2.6
05/26 13:57 [DEBUG] cshmd.analysis (find_bond)                                   : find_bond Ca - O rcut -> 3.1
05/26 13:57 [DEBUG] cshmd.analysis (find_bond)                                   : find_bond Ca - O rcut -> 5.2
05/26 13:57 [DEBUG] cshmd.analysis (_anal_surface_co3_adsorption)                : No 'C' in system
05/26 13:57 [DEBUG] cshmd.analysis (__detail_search_oh_co3)                      : No CO3 in basic search
05/26 13:57 [DEBUG] cshmd.analysis (__detail_search_oh_sioh)                     : Searching 'OH' in 'SiO4
05/26 13:57 [DEBUG] cshmd.analysis (__detail_search_oh_caoh)                     : Searching 'OH' in 'CaOH
05/26 13:57 [INFO] cshmd.analysis (Qn)                                           : [Structure] Q2: 1.000
05/26 13:57 [INFO] cshmd.analysis (evaluate_csh)                                 : [Structure] BT: 4, PT: 8
05/26 13:57 [DEBUG] cshmd.analysis (__init__)                                    : <class 'cshmd.analysis.Chain'> loaded
05/26 13:57 [DEBUG] cshmd.analysis (__init__)                                    : <class 'cshmd.analysis.Chain'> loaded
05/26 13:57 [DEBUG] cshmd.analysis (__init__)                                    : <class 'cshmd.analysis.Chain'> loaded
05/26 13:57 [DEBUG] cshmd.analysis (__init__)                                    : <class 'cshmd.analysis.Chain'> loaded
05/26 13:57 [INFO] cshmd.analysis (evaluate_csh)                                 : [Structure] CL : Length 3: 1
05/26 13:57 [INFO] cshmd.analysis (evaluate_csh)                                 : [Structure] MCL : 3.000
05/26 13:57 [INFO] csh_builder (main)                                            : [Structure] Reading command 'supercell'...
05/26 13:57 [INFO] cshmd.structure (makeSupercell)                               : [Structure] Supercell created 8 * 8 * 1
05/26 13:57 [DEBUG] cshmd.analysis (__init__)                                    : [Structure] Now new data setted for get Bonds
05/26 13:57 [DEBUG] cshmd.analysis (__del_bond__)                                : del -> Si_O O_H H_O Ca_O C_O BO NBO
05/26 13:57 [DEBUG] cshmd.analysis (__initialize_mole__)                         : initalize -> H2O SiO4 OH CO3 CO2 H3O
05/26 13:57 [DEBUG] cshmd.analysis (__initialize_mole__)                         : initalize -> SiOH CaOH HCO3 H2CO3 H3CO3
05/26 13:57 [DEBUG] cshmd.analysis (find_bond)                                   : find_bond O - H rcut -> 1.2
05/26 13:57 [DEBUG] cshmd.common (time_wrapper)                                  : [RUNTIME] get_distance_table in 0.668 seconds
05/26 13:57 [DEBUG] cshmd.analysis (get_mole)                                    : get_mole O - H -> nbonds: 2
05/26 13:57 [DEBUG] cshmd.analysis (find_bond)                                   : find_bond Si - O rcut -> 2.3
05/26 13:57 [DEBUG] cshmd.common (time_wrapper)                                  : [RUNTIME] get_distance_table in 0.413 seconds
05/26 13:57 [DEBUG] cshmd.analysis (get_mole)                                    : get_mole Si - O -> nbonds: 4
05/26 13:57 [DEBUG] cshmd.analysis (get_mole)                                    : get_mole O - H -> nbonds: 1
05/26 13:57 [DEBUG] cshmd.analysis (find_bond)                                   : find_bond C - O rcut -> 1.6
05/26 13:57 [DEBUG] cshmd.analysis (get_mole)                                    : get_mole C - O -> nbonds: 3
05/26 13:57 [DEBUG] cshmd.analysis (get_mole)                                    : get_mole O - H -> nbonds: 3
05/26 13:57 [DEBUG] cshmd.analysis (find_bond)                                   : find_bond Ca - O rcut -> 3.0
05/26 13:57 [DEBUG] cshmd.common (time_wrapper)                                  : [RUNTIME] get_distance_table in 0.296 seconds
05/26 13:57 [DEBUG] cshmd.analysis (search_basic)                                : Basic search result -> H2O: 576, SiO4: 768, OH: 128, CO3: 0, H3O: 0, Ca_O: 3840
05/26 13:57 [DEBUG] cshmd.analysis (full_search)                                 : Search layer details
05/26 13:57 [DEBUG] cshmd.analysis (set_layer_boundary)                          : Set layer boundary -> 0.23915876209999942 - 0.7314741563249987
05/26 13:57 [DEBUG] cshmd.analysis (find_bond)                                   : find_bond Ca - O rcut -> 2.6
05/26 13:57 [DEBUG] cshmd.analysis (find_bond)                                   : find_bond Ca - O rcut -> 3.1
05/26 13:57 [DEBUG] cshmd.analysis (find_bond)                                   : find_bond Ca - O rcut -> 5.2
05/26 13:57 [DEBUG] cshmd.analysis (_anal_surface_co3_adsorption)                : No 'C' in system
05/26 13:57 [DEBUG] cshmd.analysis (__detail_search_oh_co3)                      : No CO3 in basic search
05/26 13:57 [DEBUG] cshmd.analysis (__detail_search_oh_sioh)                     : Searching 'OH' in 'SiO4
05/26 13:57 [DEBUG] cshmd.analysis (__detail_search_oh_caoh)                     : Searching 'OH' in 'CaOH
05/26 13:57 [INFO] cshmd.analysis (Qn)                                           : [Structure] Q2: 1.000
05/26 13:57 [INFO] cshmd.analysis (evaluate_csh)                                 : [Structure] BT: 256, PT: 512
05/26 13:57 [DEBUG] cshmd.analysis (__init__)                                    : <class 'cshmd.analysis.Chain'> loaded
05/26 13:57 [DEBUG] cshmd.analysis (__init__)                                    : <class 'cshmd.analysis.Chain'> loaded
05/26 13:57 [DEBUG] cshmd.analysis (__init__)                                    : <class 'cshmd.analysis.Chain'> loaded
05/26 13:57 [DEBUG] cshmd.analysis (__init__)                                    : <class 'cshmd.analysis.Chain'> loaded
05/26 13:57 [INFO] cshmd.analysis (evaluate_csh)                                 : [Structure] CL : Length 24: 8
05/26 13:57 [INFO] cshmd.analysis (evaluate_csh)                                 : [Structure] MCL : 24.000
05/26 13:57 [INFO] cshmd.builder (update_manager)                                : [Structure] Number of atoms: 86 -> 5504
05/26 13:57 [INFO] csh_builder (main)                                            : [Structure] Reading command 'defect_BT'...
05/26 13:57 [INFO] cshmd.builder (defect_BT)                                     : [Structure] Termination scope: False
05/26 13:57 [INFO] cshmd.builder (defect_BT)                                     : [Structure] Exists 64 Bridging Tetra in 'up' side
05/26 13:57 [INFO] cshmd.builder (defect_BT)                                     : Target MCL 5, Remove 32 BT
05/26 13:57 [INFO] cshmd.builder (defect_BT)                                     : In surface, add Ca when Bridge Tetra removed.
05/26 13:57 [INFO] cshmd.structure (add_Ca)                                      : [Structure] Add Ca
05/26 13:57 [INFO] cshmd.builder (defect_BT)                                     : [Structure] Exists 64 Bridging Tetra in 'down' side
05/26 13:57 [INFO] cshmd.builder (defect_BT)                                     : Target MCL 5, Remove 32 BT
05/26 13:57 [INFO] cshmd.builder (defect_BT)                                     : In surface, add Ca when Bridge Tetra removed.
05/26 13:57 [INFO] cshmd.structure (add_Ca)                                      : [Structure] Add Ca
05/26 13:57 [INFO] cshmd.builder (defect_BT)                                     : [Structure] Termination scope: False
05/26 13:57 [INFO] cshmd.builder (defect_BT)                                     : [Structure] Exists 64 Bridging Tetra in 'down' side
05/26 13:57 [INFO] cshmd.builder (defect_BT)                                     : Target MCL 5, Remove 32 BT
05/26 13:57 [INFO] cshmd.builder (defect_BT)                                     : In bulk, add CaOH when Bridge Tetra removed.
05/26 13:57 [INFO] cshmd.structure (add_Ca)                                      : [Structure] Add Ca with 1 OH
05/26 13:57 [INFO] cshmd.builder (defect_BT)                                     : [Structure] Exists 64 Bridging Tetra in 'up' side
05/26 13:57 [INFO] cshmd.builder (defect_BT)                                     : Target MCL 5, Remove 32 BT
05/26 13:57 [INFO] cshmd.builder (defect_BT)                                     : In bulk, add CaOH when Bridge Tetra removed.
05/26 13:57 [INFO] cshmd.structure (add_Ca)                                      : [Structure] Add Ca with 1 OH
05/26 13:57 [INFO] cshmd.structure (check_rm_list)                               : Delete 448 atoms in rm_list
05/26 13:57 [DEBUG] cshmd.analysis (__init__)                                    : [Structure] Now new data setted for get Bonds
05/26 13:57 [DEBUG] cshmd.analysis (__del_bond__)                                : del -> Si_O O_H H_O Ca_O C_O BO NBO
05/26 13:57 [DEBUG] cshmd.analysis (__initialize_mole__)                         : initalize -> H2O SiO4 OH CO3 CO2 H3O
05/26 13:57 [DEBUG] cshmd.analysis (__initialize_mole__)                         : initalize -> SiOH CaOH HCO3 H2CO3 H3CO3
05/26 13:57 [DEBUG] cshmd.analysis (find_bond)                                   : find_bond O - H rcut -> 1.2
05/26 13:57 [DEBUG] cshmd.common (time_wrapper)                                  : [RUNTIME] get_distance_table in 0.628 seconds
05/26 13:57 [DEBUG] cshmd.analysis (get_mole)                                    : get_mole O - H -> nbonds: 2
05/26 13:57 [DEBUG] cshmd.analysis (find_bond)                                   : find_bond Si - O rcut -> 2.3
05/26 13:57 [DEBUG] cshmd.common (time_wrapper)                                  : [RUNTIME] get_distance_table in 0.321 seconds
05/26 13:57 [DEBUG] cshmd.analysis (get_mole)                                    : get_mole Si - O -> nbonds: 4
05/26 13:57 [DEBUG] cshmd.analysis (get_mole)                                    : get_mole O - H -> nbonds: 1
05/26 13:57 [DEBUG] cshmd.analysis (find_bond)                                   : find_bond C - O rcut -> 1.6
05/26 13:57 [DEBUG] cshmd.analysis (get_mole)                                    : get_mole C - O -> nbonds: 3
05/26 13:57 [DEBUG] cshmd.analysis (get_mole)                                    : get_mole O - H -> nbonds: 3
05/26 13:57 [DEBUG] cshmd.analysis (find_bond)                                   : find_bond Ca - O rcut -> 3.0
05/26 13:57 [DEBUG] cshmd.common (time_wrapper)                                  : [RUNTIME] get_distance_table in 0.339 seconds
05/26 13:57 [DEBUG] cshmd.analysis (search_basic)                                : Basic search result -> H2O: 576, SiO4: 640, OH: 128, CO3: 0, H3O: 0, Ca_O: 4064
05/26 13:57 [DEBUG] cshmd.analysis (full_search)                                 : Search layer details
05/26 13:57 [DEBUG] cshmd.analysis (set_layer_boundary)                          : Set layer boundary -> 0.23915876209999942 - 0.7314741563249987
05/26 13:57 [DEBUG] cshmd.analysis (find_bond)                                   : find_bond Ca - O rcut -> 2.6
05/26 13:57 [DEBUG] cshmd.analysis (find_bond)                                   : find_bond Ca - O rcut -> 3.1
05/26 13:57 [DEBUG] cshmd.analysis (find_bond)                                   : find_bond Ca - O rcut -> 5.2
05/26 13:57 [DEBUG] cshmd.analysis (_anal_surface_co3_adsorption)                : No 'C' in system
05/26 13:57 [DEBUG] cshmd.analysis (__detail_search_oh_co3)                      : No CO3 in basic search
05/26 13:57 [DEBUG] cshmd.analysis (__detail_search_oh_sioh)                     : Searching 'OH' in 'SiO4
05/26 13:57 [DEBUG] cshmd.analysis (__detail_search_oh_caoh)                     : Searching 'OH' in 'CaOH
05/26 13:57 [INFO] cshmd.analysis (Qn)                                           : [Structure] Q1: 0.400
05/26 13:57 [INFO] cshmd.analysis (Qn)                                           : [Structure] Q2: 0.600
05/26 13:57 [INFO] cshmd.analysis (evaluate_csh)                                 : [Structure] BT: 128, PT: 512
05/26 13:57 [DEBUG] cshmd.analysis (__init__)                                    : <class 'cshmd.analysis.Chain'> loaded
05/26 13:57 [DEBUG] cshmd.analysis (__init__)                                    : <class 'cshmd.analysis.Chain'> loaded
05/26 13:57 [DEBUG] cshmd.analysis (__init__)                                    : <class 'cshmd.analysis.Chain'> loaded
05/26 13:57 [DEBUG] cshmd.analysis (__init__)                                    : <class 'cshmd.analysis.Chain'> loaded
05/26 13:57 [INFO] cshmd.analysis (evaluate_csh)                                 : [Structure] CL : Length 2: 7 Length 5: 18 Length 8: 7
05/26 13:57 [INFO] cshmd.analysis (evaluate_csh)                                 : [Structure] MCL : 5.000
05/26 13:57 [INFO] cshmd.builder (update_manager)                                : [Structure] Number of atoms: 5504 -> 5312
05/26 13:57 [INFO] csh_builder (main)                                            : [Structure] Reading command 'terminate_NBO'...
05/26 13:57 [INFO] cshmd.builder (terminate_NBO)                                 : Terminate <class 'float'> ratio of silanol group -> 64 / 64 in 2sides
05/26 13:57 [INFO] cshmd.structure (writeCif)                                    : L050.cif was created
05/26 13:57 [INFO] cshmd.builder (out_model)                                     : Total Charge: 0
05/26 13:57 [INFO] csh_builder (main)                                            : ----------------------------------------------------------------------
05/26 13:57 [INFO] csh_builder (main)                                            : ----------------------------------------------------------------------
05/26 13:57 [INFO] csh_builder (main)                                            : 'L080.yaml' loaded
05/26 13:57 [INFO] cshmd.structure (__init__)                                    : /Users/kimuni/bin/kimuni/cshmd/data/resources/cif/T14_111_short2.cif was loaded
05/26 13:57 [DEBUG] cshmd.analysis (__init__)                                    : [Structure] Now new data setted for get Bonds
05/26 13:57 [DEBUG] cshmd.analysis (__del_bond__)                                : del -> Si_O O_H H_O Ca_O C_O BO NBO
05/26 13:57 [DEBUG] cshmd.analysis (__initialize_mole__)                         : initalize -> H2O SiO4 OH CO3 CO2 H3O
05/26 13:57 [DEBUG] cshmd.analysis (__initialize_mole__)                         : initalize -> SiOH CaOH HCO3 H2CO3 H3CO3
05/26 13:57 [DEBUG] cshmd.analysis (find_bond)                                   : find_bond O - H rcut -> 1.2
05/26 13:57 [DEBUG] cshmd.common (time_wrapper)                                  : [RUNTIME] get_distance_table in 0.000 seconds
05/26 13:57 [DEBUG] cshmd.analysis (get_mole)                                    : get_mole O - H -> nbonds: 2
05/26 13:57 [DEBUG] cshmd.analysis (find_bond)                                   : find_bond Si - O rcut -> 2.3
05/26 13:57 [DEBUG] cshmd.common (time_wrapper)                                  : [RUNTIME] get_distance_table in 0.000 seconds
05/26 13:57 [DEBUG] cshmd.analysis (get_mole)                                    : get_mole Si - O -> nbonds: 4
05/26 13:57 [DEBUG] cshmd.analysis (get_mole)                                    : get_mole O - H -> nbonds: 1
05/26 13:57 [DEBUG] cshmd.analysis (find_bond)                                   : find_bond C - O rcut -> 1.6
05/26 13:57 [DEBUG] cshmd.analysis (get_mole)                                    : get_mole C - O -> nbonds: 3
05/26 13:57 [DEBUG] cshmd.analysis (get_mole)                                    : get_mole O - H -> nbonds: 3
05/26 13:57 [DEBUG] cshmd.analysis (find_bond)                                   : find_bond Ca - O rcut -> 3.0
05/26 13:57 [DEBUG] cshmd.common (time_wrapper)                                  : [RUNTIME] get_distance_table in 0.000 seconds
05/26 13:57 [DEBUG] cshmd.analysis (search_basic)                                : Basic search result -> H2O: 9, SiO4: 12, OH: 2, CO3: 0, H3O: 0, Ca_O: 60
05/26 13:57 [DEBUG] cshmd.analysis (full_search)                                 : Search layer details
05/26 13:57 [DEBUG] cshmd.analysis (set_layer_boundary)                          : Set layer boundary -> 0.2391587621 - 0.731474156325
05/26 13:57 [DEBUG] cshmd.analysis (find_bond)                                   : find_bond Ca - O rcut -> 2.6
05/26 13:57 [DEBUG] cshmd.analysis (find_bond)                                   : find_bond Ca - O rcut -> 3.1
05/26 13:57 [DEBUG] cshmd.analysis (find_bond)                                   : find_bond Ca - O rcut -> 5.2
05/26 13:57 [DEBUG] cshmd.analysis (_anal_surface_co3_adsorption)                : No 'C' in system
05/26 13:57 [DEBUG] cshmd.analysis (__detail_search_oh_co3)                      : No CO3 in basic search
05/26 13:57 [DEBUG] cshmd.analysis (__detail_search_oh_sioh)                     : Searching 'OH' in 'SiO4
05/26 13:57 [DEBUG] cshmd.analysis (__detail_search_oh_caoh)                     : Searching 'OH' in 'CaOH
05/26 13:57 [INFO] cshmd.analysis (Qn)                                           : [Structure] Q2: 1.000
05/26 13:57 [INFO] cshmd.analysis (evaluate_csh)                                 : [Structure] BT: 4, PT: 8
05/26 13:57 [DEBUG] cshmd.analysis (__init__)                                    : <class 'cshmd.analysis.Chain'> loaded
05/26 13:57 [DEBUG] cshmd.analysis (__init__)                                    : <class 'cshmd.analysis.Chain'> loaded
05/26 13:57 [DEBUG] cshmd.analysis (__init__)                                    : <class 'cshmd.analysis.Chain'> loaded
05/26 13:57 [DEBUG] cshmd.analysis (__init__)                                    : <class 'cshmd.analysis.Chain'> loaded
05/26 13:57 [INFO] cshmd.analysis (evaluate_csh)                                 : [Structure] CL : Length 3: 1
05/26 13:57 [INFO] cshmd.analysis (evaluate_csh)                                 : [Structure] MCL : 3.000
05/26 13:57 [INFO] cshmd.structure (__init__)                                    : /Users/kimuni/bin/kimuni/cshmd/data/resources/cif/T14_111_short2.cif was loaded
05/26 13:57 [DEBUG] cshmd.analysis (__init__)                                    : [Structure] Now new data setted for get Bonds
05/26 13:57 [DEBUG] cshmd.analysis (__del_bond__)                                : del -> Si_O O_H H_O Ca_O C_O BO NBO
05/26 13:57 [DEBUG] cshmd.analysis (__initialize_mole__)                         : initalize -> H2O SiO4 OH CO3 CO2 H3O
05/26 13:57 [DEBUG] cshmd.analysis (__initialize_mole__)                         : initalize -> SiOH CaOH HCO3 H2CO3 H3CO3
05/26 13:57 [DEBUG] cshmd.analysis (find_bond)                                   : find_bond O - H rcut -> 1.2
05/26 13:57 [DEBUG] cshmd.common (time_wrapper)                                  : [RUNTIME] get_distance_table in 0.000 seconds
05/26 13:57 [DEBUG] cshmd.analysis (get_mole)                                    : get_mole O - H -> nbonds: 2
05/26 13:57 [DEBUG] cshmd.analysis (find_bond)                                   : find_bond Si - O rcut -> 2.3
05/26 13:57 [DEBUG] cshmd.common (time_wrapper)                                  : [RUNTIME] get_distance_table in 0.000 seconds
05/26 13:57 [DEBUG] cshmd.analysis (get_mole)                                    : get_mole Si - O -> nbonds: 4
05/26 13:57 [DEBUG] cshmd.analysis (get_mole)                                    : get_mole O - H -> nbonds: 1
05/26 13:57 [DEBUG] cshmd.analysis (find_bond)                                   : find_bond C - O rcut -> 1.6
05/26 13:57 [DEBUG] cshmd.analysis (get_mole)                                    : get_mole C - O -> nbonds: 3
05/26 13:57 [DEBUG] cshmd.analysis (get_mole)                                    : get_mole O - H -> nbonds: 3
05/26 13:57 [DEBUG] cshmd.analysis (find_bond)                                   : find_bond Ca - O rcut -> 3.0
05/26 13:57 [DEBUG] cshmd.common (time_wrapper)                                  : [RUNTIME] get_distance_table in 0.000 seconds
05/26 13:57 [DEBUG] cshmd.analysis (search_basic)                                : Basic search result -> H2O: 9, SiO4: 12, OH: 2, CO3: 0, H3O: 0, Ca_O: 60
05/26 13:57 [DEBUG] cshmd.analysis (full_search)                                 : Search layer details
05/26 13:57 [DEBUG] cshmd.analysis (set_layer_boundary)                          : Set layer boundary -> 0.2391587621 - 0.731474156325
05/26 13:57 [DEBUG] cshmd.analysis (find_bond)                                   : find_bond Ca - O rcut -> 2.6
05/26 13:57 [DEBUG] cshmd.analysis (find_bond)                                   : find_bond Ca - O rcut -> 3.1
05/26 13:57 [DEBUG] cshmd.analysis (find_bond)                                   : find_bond Ca - O rcut -> 5.2
05/26 13:57 [DEBUG] cshmd.analysis (_anal_surface_co3_adsorption)                : No 'C' in system
05/26 13:57 [DEBUG] cshmd.analysis (__detail_search_oh_co3)                      : No CO3 in basic search
05/26 13:57 [DEBUG] cshmd.analysis (__detail_search_oh_sioh)                     : Searching 'OH' in 'SiO4
05/26 13:57 [DEBUG] cshmd.analysis (__detail_search_oh_caoh)                     : Searching 'OH' in 'CaOH
05/26 13:57 [INFO] cshmd.analysis (Qn)                                           : [Structure] Q2: 1.000
05/26 13:57 [INFO] cshmd.analysis (evaluate_csh)                                 : [Structure] BT: 4, PT: 8
05/26 13:57 [DEBUG] cshmd.analysis (__init__)                                    : <class 'cshmd.analysis.Chain'> loaded
05/26 13:57 [DEBUG] cshmd.analysis (__init__)                                    : <class 'cshmd.analysis.Chain'> loaded
05/26 13:57 [DEBUG] cshmd.analysis (__init__)                                    : <class 'cshmd.analysis.Chain'> loaded
05/26 13:57 [DEBUG] cshmd.analysis (__init__)                                    : <class 'cshmd.analysis.Chain'> loaded
05/26 13:57 [INFO] cshmd.analysis (evaluate_csh)                                 : [Structure] CL : Length 3: 1
05/26 13:57 [INFO] cshmd.analysis (evaluate_csh)                                 : [Structure] MCL : 3.000
05/26 13:57 [INFO] csh_builder (main)                                            : [Structure] Reading command 'supercell'...
05/26 13:57 [INFO] cshmd.structure (makeSupercell)                               : [Structure] Supercell created 8 * 8 * 1
05/26 13:57 [DEBUG] cshmd.analysis (__init__)                                    : [Structure] Now new data setted for get Bonds
05/26 13:57 [DEBUG] cshmd.analysis (__del_bond__)                                : del -> Si_O O_H H_O Ca_O C_O BO NBO
05/26 13:57 [DEBUG] cshmd.analysis (__initialize_mole__)                         : initalize -> H2O SiO4 OH CO3 CO2 H3O
05/26 13:57 [DEBUG] cshmd.analysis (__initialize_mole__)                         : initalize -> SiOH CaOH HCO3 H2CO3 H3CO3
05/26 13:57 [DEBUG] cshmd.analysis (find_bond)                                   : find_bond O - H rcut -> 1.2
05/26 13:57 [DEBUG] cshmd.common (time_wrapper)                                  : [RUNTIME] get_distance_table in 0.656 seconds
05/26 13:57 [DEBUG] cshmd.analysis (get_mole)                                    : get_mole O - H -> nbonds: 2
05/26 13:57 [DEBUG] cshmd.analysis (find_bond)                                   : find_bond Si - O rcut -> 2.3
05/26 13:57 [DEBUG] cshmd.common (time_wrapper)                                  : [RUNTIME] get_distance_table in 0.396 seconds
05/26 13:57 [DEBUG] cshmd.analysis (get_mole)                                    : get_mole Si - O -> nbonds: 4
05/26 13:57 [DEBUG] cshmd.analysis (get_mole)                                    : get_mole O - H -> nbonds: 1
05/26 13:57 [DEBUG] cshmd.analysis (find_bond)                                   : find_bond C - O rcut -> 1.6
05/26 13:57 [DEBUG] cshmd.analysis (get_mole)                                    : get_mole C - O -> nbonds: 3
05/26 13:57 [DEBUG] cshmd.analysis (get_mole)                                    : get_mole O - H -> nbonds: 3
05/26 13:57 [DEBUG] cshmd.analysis (find_bond)                                   : find_bond Ca - O rcut -> 3.0
05/26 13:57 [DEBUG] cshmd.common (time_wrapper)                                  : [RUNTIME] get_distance_table in 0.296 seconds
05/26 13:57 [DEBUG] cshmd.analysis (search_basic)                                : Basic search result -> H2O: 576, SiO4: 768, OH: 128, CO3: 0, H3O: 0, Ca_O: 3840
05/26 13:57 [DEBUG] cshmd.analysis (full_search)                                 : Search layer details
05/26 13:57 [DEBUG] cshmd.analysis (set_layer_boundary)                          : Set layer boundary -> 0.23915876209999942 - 0.7314741563249987
05/26 13:57 [DEBUG] cshmd.analysis (find_bond)                                   : find_bond Ca - O rcut -> 2.6
05/26 13:57 [DEBUG] cshmd.analysis (find_bond)                                   : find_bond Ca - O rcut -> 3.1
05/26 13:57 [DEBUG] cshmd.analysis (find_bond)                                   : find_bond Ca - O rcut -> 5.2
05/26 13:57 [DEBUG] cshmd.analysis (_anal_surface_co3_adsorption)                : No 'C' in system
05/26 13:57 [DEBUG] cshmd.analysis (__detail_search_oh_co3)                      : No CO3 in basic search
05/26 13:57 [DEBUG] cshmd.analysis (__detail_search_oh_sioh)                     : Searching 'OH' in 'SiO4
05/26 13:57 [DEBUG] cshmd.analysis (__detail_search_oh_caoh)                     : Searching 'OH' in 'CaOH
05/26 13:57 [INFO] cshmd.analysis (Qn)                                           : [Structure] Q2: 1.000
05/26 13:57 [INFO] cshmd.analysis (evaluate_csh)                                 : [Structure] BT: 256, PT: 512
05/26 13:57 [DEBUG] cshmd.analysis (__init__)                                    : <class 'cshmd.analysis.Chain'> loaded
05/26 13:57 [DEBUG] cshmd.analysis (__init__)                                    : <class 'cshmd.analysis.Chain'> loaded
05/26 13:57 [DEBUG] cshmd.analysis (__init__)                                    : <class 'cshmd.analysis.Chain'> loaded
05/26 13:57 [DEBUG] cshmd.analysis (__init__)                                    : <class 'cshmd.analysis.Chain'> loaded
05/26 13:57 [INFO] cshmd.analysis (evaluate_csh)                                 : [Structure] CL : Length 24: 8
05/26 13:57 [INFO] cshmd.analysis (evaluate_csh)                                 : [Structure] MCL : 24.000
05/26 13:57 [INFO] cshmd.builder (update_manager)                                : [Structure] Number of atoms: 86 -> 5504
05/26 13:57 [INFO] csh_builder (main)                                            : [Structure] Reading command 'defect_BT'...
05/26 13:57 [INFO] cshmd.builder (defect_BT)                                     : [Structure] Termination scope: False
05/26 13:57 [INFO] cshmd.builder (defect_BT)                                     : [Structure] Exists 64 Bridging Tetra in 'up' side
05/26 13:57 [INFO] cshmd.builder (defect_BT)                                     : Target MCL 8, Remove 22 BT
05/26 13:57 [INFO] cshmd.builder (defect_BT)                                     : In surface, add Ca when Bridge Tetra removed.
05/26 13:57 [INFO] cshmd.structure (add_Ca)                                      : [Structure] Add Ca
05/26 13:57 [INFO] cshmd.builder (defect_BT)                                     : [Structure] Exists 64 Bridging Tetra in 'down' side
05/26 13:57 [INFO] cshmd.builder (defect_BT)                                     : Target MCL 8, Remove 22 BT
05/26 13:57 [INFO] cshmd.builder (defect_BT)                                     : In surface, add Ca when Bridge Tetra removed.
05/26 13:57 [INFO] cshmd.structure (add_Ca)                                      : [Structure] Add Ca
05/26 13:57 [INFO] cshmd.builder (defect_BT)                                     : [Structure] Termination scope: False
05/26 13:57 [INFO] cshmd.builder (defect_BT)                                     : [Structure] Exists 64 Bridging Tetra in 'down' side
05/26 13:57 [INFO] cshmd.builder (defect_BT)                                     : Target MCL 8, Remove 22 BT
05/26 13:57 [INFO] cshmd.builder (defect_BT)                                     : In bulk, add CaOH when Bridge Tetra removed.
05/26 13:57 [INFO] cshmd.structure (add_Ca)                                      : [Structure] Add Ca with 1 OH
05/26 13:57 [INFO] cshmd.builder (defect_BT)                                     : [Structure] Exists 64 Bridging Tetra in 'up' side
05/26 13:57 [INFO] cshmd.builder (defect_BT)                                     : Target MCL 8, Remove 22 BT
05/26 13:57 [INFO] cshmd.builder (defect_BT)                                     : In bulk, add CaOH when Bridge Tetra removed.
05/26 13:57 [INFO] cshmd.structure (add_Ca)                                      : [Structure] Add Ca with 1 OH
05/26 13:57 [INFO] cshmd.structure (check_rm_list)                               : Delete 308 atoms in rm_list
05/26 13:57 [DEBUG] cshmd.analysis (__init__)                                    : [Structure] Now new data setted for get Bonds
05/26 13:57 [DEBUG] cshmd.analysis (__del_bond__)                                : del -> Si_O O_H H_O Ca_O C_O BO NBO
05/26 13:57 [DEBUG] cshmd.analysis (__initialize_mole__)                         : initalize -> H2O SiO4 OH CO3 CO2 H3O
05/26 13:57 [DEBUG] cshmd.analysis (__initialize_mole__)                         : initalize -> SiOH CaOH HCO3 H2CO3 H3CO3
05/26 13:57 [DEBUG] cshmd.analysis (find_bond)                                   : find_bond O - H rcut -> 1.2
05/26 13:57 [DEBUG] cshmd.common (time_wrapper)                                  : [RUNTIME] get_distance_table in 0.649 seconds
05/26 13:57 [DEBUG] cshmd.analysis (get_mole)                                    : get_mole O - H -> nbonds: 2
05/26 13:57 [DEBUG] cshmd.analysis (find_bond)                                   : find_bond Si - O rcut -> 2.3
05/26 13:57 [DEBUG] cshmd.common (time_wrapper)                                  : [RUNTIME] get_distance_table in 0.341 seconds
05/26 13:57 [DEBUG] cshmd.analysis (get_mole)                                    : get_mole Si - O -> nbonds: 4
05/26 13:57 [DEBUG] cshmd.analysis (get_mole)                                    : get_mole O - H -> nbonds: 1
05/26 13:57 [DEBUG] cshmd.analysis (find_bond)                                   : find_bond C - O rcut -> 1.6
05/26 13:57 [DEBUG] cshmd.analysis (get_mole)                                    : get_mole C - O -> nbonds: 3
05/26 13:57 [DEBUG] cshmd.analysis (get_mole)                                    : get_mole O - H -> nbonds: 3
05/26 13:57 [DEBUG] cshmd.analysis (find_bond)                                   : find_bond Ca - O rcut -> 3.0
05/26 13:57 [DEBUG] cshmd.common (time_wrapper)                                  : [RUNTIME] get_distance_table in 0.330 seconds
05/26 13:57 [DEBUG] cshmd.analysis (search_basic)                                : Basic search result -> H2O: 576, SiO4: 680, OH: 128, CO3: 0, H3O: 0, Ca_O: 3994
05/26 13:57 [DEBUG] cshmd.analysis (full_search)                                 : Search layer details
05/26 13:57 [DEBUG] cshmd.analysis (set_layer_boundary)                          : Set layer boundary -> 0.23915876209999942 - 0.7314741563249987
05/26 13:57 [DEBUG] cshmd.analysis (find_bond)                                   : find_bond Ca - O rcut -> 2.6
05/26 13:57 [DEBUG] cshmd.analysis (find_bond)                                   : find_bond Ca - O rcut -> 3.1
05/26 13:57 [DEBUG] cshmd.analysis (find_bond)                                   : find_bond Ca - O rcut -> 5.2
05/26 13:57 [DEBUG] cshmd.analysis (_anal_surface_co3_adsorption)                : No 'C' in system
05/26 13:57 [DEBUG] cshmd.analysis (__detail_search_oh_co3)                      : No CO3 in basic search
05/26 13:57 [DEBUG] cshmd.analysis (__detail_search_oh_sioh)                     : Searching 'OH' in 'SiO4
05/26 13:57 [DEBUG] cshmd.analysis (__detail_search_oh_caoh)                     : Searching 'OH' in 'CaOH
05/26 13:57 [INFO] cshmd.analysis (Qn)                                           : [Structure] Q1: 0.259
05/26 13:57 [INFO] cshmd.analysis (Qn)                                           : [Structure] Q2: 0.741
05/26 13:57 [INFO] cshmd.analysis (evaluate_csh)                                 : [Structure] BT: 168, PT: 512
05/26 13:57 [DEBUG] cshmd.analysis (__init__)                                    : <class 'cshmd.analysis.Chain'> loaded
05/26 13:57 [DEBUG] cshmd.analysis (__init__)                                    : <class 'cshmd.analysis.Chain'> loaded
05/26 13:57 [DEBUG] cshmd.analysis (__init__)                                    : <class 'cshmd.analysis.Chain'> loaded
05/26 13:57 [DEBUG] cshmd.analysis (__init__)                                    : <class 'cshmd.analysis.Chain'> loaded
05/26 13:57 [INFO] cshmd.analysis (evaluate_csh)                                 : [Structure] CL : Length 2: 2 Length 5: 4 Length 8: 10 Length 11: 6
05/26 13:57 [INFO] cshmd.analysis (evaluate_csh)                                 : [Structure] MCL : 7.727
05/26 13:57 [INFO] cshmd.builder (update_manager)                                : [Structure] Number of atoms: 5504 -> 5372
05/26 13:57 [INFO] csh_builder (main)                                            : [Structure] Reading command 'terminate_NBO'...
05/26 13:57 [INFO] cshmd.builder (terminate_NBO)                                 : Terminate <class 'float'> ratio of silanol group -> 84 / 84 in 2sides
05/26 13:57 [INFO] cshmd.structure (writeCif)                                    : L080.cif was created
05/26 13:57 [INFO] cshmd.builder (out_model)                                     : Total Charge: 0
05/26 13:57 [INFO] csh_builder (main)                                            : ----------------------------------------------------------------------
05/26 13:57 [DEBUG] cshmd.common (get_logger)                                    : $$$$$$$$$$$$$$  Logger 'cshmd.common........' initialized  $$$$$$$$$$$$$$
05/26 13:57 [DEBUG] cshmd.functions (get_logger)                                 : $$$$$$$$$$$$$$  Logger 'cshmd.functions.....' initialized  $$$$$$$$$$$$$$
05/26 13:57 [DEBUG] cshmd.load (get_logger)                                      : $$$$$$$$$$$$$$  Logger 'cshmd.load..........' initialized  $$$$$$$$$$$$$$
05/26 13:57 [DEBUG] cshmd.analysis (get_logger)                                  : $$$$$$$$$$$$$$  Logger 'cshmd.analysis......' initialized  $$$$$$$$$$$$$$
05/26 13:57 [DEBUG] cshmd.equation (get_logger)                                  : $$$$$$$$$$$$$$  Logger 'cshmd.equation......' initialized  $$$$$$$$$$$$$$
05/26 13:57 [DEBUG] cshmd.structure (get_logger)                                 : $$$$$$$$$$$$$$  Logger 'cshmd.structure.....' initialized  $$$$$$$$$$$$$$
05/26 13:57 [DEBUG] cshmd.builder (get_logger)                                   : $$$$$$$$$$$$$$  Logger 'cshmd.builder.......' initialized  $$$$$$$$$$$$$$
05/26 13:57 [DEBUG] cshmd.trj_analysis (get_logger)                              : $$$$$$$$$$$$$$  Logger 'cshmd.trj_analysis..' initialized  $$$$$$$$$$$$$$
05/26 13:57 [DEBUG] cif_modifier (get_logger)                                    : $$$$$$$$$$$$$$  Logger 'cif_modifier........' initialized  $$$$$$$$$$$$$$
05/26 13:57 [INFO] cif_modifier (<module>)                                       : Logger loaded
05/26 13:57 [INFO] cshmd.structure (__init__)                                    : L025.cif was loaded
05/26 13:57 [DEBUG] cshmd.analysis (__init__)                                    : [Structure] Now new data setted for get Bonds
05/26 13:57 [DEBUG] cshmd.analysis (__del_bond__)                                : del -> Si_O O_H H_O Ca_O C_O BO NBO
05/26 13:57 [DEBUG] cshmd.analysis (__initialize_mole__)                         : initalize -> H2O SiO4 OH CO3 CO2 H3O
05/26 13:57 [DEBUG] cshmd.analysis (__initialize_mole__)                         : initalize -> SiOH CaOH HCO3 H2CO3 H3CO3
05/26 13:57 [DEBUG] cshmd.analysis (find_bond)                                   : find_bond O - H rcut -> 1.2
05/26 13:57 [DEBUG] cshmd.common (time_wrapper)                                  : [RUNTIME] get_distance_table in 0.563 seconds
05/26 13:57 [DEBUG] cshmd.analysis (get_mole)                                    : get_mole O - H -> nbonds: 2
05/26 13:57 [DEBUG] cshmd.analysis (find_bond)                                   : find_bond Si - O rcut -> 2.3
05/26 13:57 [DEBUG] cshmd.common (time_wrapper)                                  : [RUNTIME] get_distance_table in 0.243 seconds
05/26 13:57 [DEBUG] cshmd.analysis (get_mole)                                    : get_mole Si - O -> nbonds: 4
05/26 13:57 [DEBUG] cshmd.analysis (get_mole)                                    : get_mole O - H -> nbonds: 1
05/26 13:57 [DEBUG] cshmd.analysis (find_bond)                                   : find_bond C - O rcut -> 1.6
05/26 13:57 [DEBUG] cshmd.analysis (get_mole)                                    : get_mole C - O -> nbonds: 3
05/26 13:57 [DEBUG] cshmd.analysis (get_mole)                                    : get_mole O - H -> nbonds: 3
05/26 13:57 [DEBUG] cshmd.analysis (find_bond)                                   : find_bond Ca - O rcut -> 3.0
05/26 13:57 [DEBUG] cshmd.common (time_wrapper)                                  : [RUNTIME] get_distance_table in 0.355 seconds
05/26 13:57 [DEBUG] cshmd.analysis (search_basic)                                : Basic search result -> H2O: 576, SiO4: 548, OH: 164, CO3: 0, H3O: 0, Ca_O: 4225
05/26 13:57 [DEBUG] cshmd.analysis (full_search)                                 : Search layer details
05/26 13:57 [DEBUG] cshmd.analysis (set_layer_boundary)                          : Set layer boundary -> 0.23915876209999942 - 0.7314741563249987
05/26 13:57 [DEBUG] cshmd.analysis (find_bond)                                   : find_bond Ca - O rcut -> 2.6
05/26 13:57 [DEBUG] cshmd.analysis (find_bond)                                   : find_bond Ca - O rcut -> 3.1
05/26 13:57 [DEBUG] cshmd.analysis (find_bond)                                   : find_bond Ca - O rcut -> 5.2
05/26 13:57 [DEBUG] cshmd.analysis (_anal_surface_co3_adsorption)                : No 'C' in system
05/26 13:57 [DEBUG] cshmd.analysis (__detail_search_oh_co3)                      : No CO3 in basic search
05/26 13:57 [DEBUG] cshmd.analysis (__detail_search_oh_sioh)                     : Searching 'OH' in 'SiO4
05/26 13:57 [DEBUG] cshmd.analysis (__detail_search_oh_caoh)                     : Searching 'OH' in 'CaOH
05/26 13:57 [DEBUG] cshmd.analysis (find_bond)                                   : find_bond O - H rcut -> 1.15
05/26 13:57 [DEBUG] cshmd.analysis (get_mole)                                    : get_mole O - H -> nbonds: 1
05/26 13:57 [DEBUG] cshmd.analysis (get_mole)                                    : get_mole O - H -> nbonds: 2
05/26 13:57 [DEBUG] cshmd.analysis (find_bond)                                   : find_bond C - O rcut -> 1.4
05/26 13:57 [DEBUG] cshmd.analysis (get_mole)                                    : get_mole C - O -> nbonds: 3
05/26 13:57 [DEBUG] cshmd.analysis (find_bond)                                   : find_bond Si - O rcut -> 1.8
05/26 13:57 [DEBUG] cshmd.analysis (get_mole)                                    : get_mole Si - O -> nbonds: 4
05/26 13:57 [INFO] cshmd.functions (cal_uniform_by_space)                        : Number of molecules to add : 2681
05/26 13:57 [INFO] cshmd.functions (cal_uniform_by_space)                        : Number of atoms per surface : 272
05/26 13:57 [INFO] cshmd.functions (cal_uniform_by_space)                        : Number of layer : 10
05/26 13:57 [INFO] cshmd.structure (extendLattice)                               : Extend lattice 53.882 59.402 28.424 -> 53.882 59.402 46.424 
05/26 13:57 [INFO] cif_modifier (exec_make_interface)                            : MODE -> distribution
05/26 13:57 [INFO] cif_modifier (exec_make_interface)                            : Number of atoms: 5210 -> 13256
05/26 13:57 [INFO] cshmd.structure (labeling_by_clayff)                          : Now get label according to 'Clayff' style
05/26 13:57 [DEBUG] cshmd.analysis (get_mole)                                    : get_mole O - H -> nbonds: 1
05/26 13:57 [DEBUG] cshmd.analysis (get_mole)                                    : get_mole O - H -> nbonds: 2
05/26 13:57 [DEBUG] cshmd.analysis (get_mole)                                    : get_mole Si - O -> nbonds: 4
05/26 13:57 [DEBUG] cshmd.analysis (get_mole)                                    : get_mole C - O -> nbonds: 3
05/26 13:57 [INFO] cshmd.structure (labeling_by_clayff)                          : All atoms labeled by clayff
05/26 13:57 [INFO] cshmd.structure (labeling_by_clayff)                          : Clayff charge: 0.820
05/26 13:57 [INFO] cshmd.structure (writeCif)                                    : L025_w2750_c.cif was created
05/26 13:57 [INFO] cif_modifier (__init__)                                       : Total charge: 0 -> 0
05/26 13:57 [DEBUG] cshmd.common (get_logger)                                    : $$$$$$$$$$$$$$  Logger 'cshmd.common........' initialized  $$$$$$$$$$$$$$
05/26 13:57 [DEBUG] cshmd.functions (get_logger)                                 : $$$$$$$$$$$$$$  Logger 'cshmd.functions.....' initialized  $$$$$$$$$$$$$$
05/26 13:57 [DEBUG] cshmd.load (get_logger)                                      : $$$$$$$$$$$$$$  Logger 'cshmd.load..........' initialized  $$$$$$$$$$$$$$
05/26 13:57 [DEBUG] cshmd.analysis (get_logger)                                  : $$$$$$$$$$$$$$  Logger 'cshmd.analysis......' initialized  $$$$$$$$$$$$$$
05/26 13:57 [DEBUG] cshmd.equation (get_logger)                                  : $$$$$$$$$$$$$$  Logger 'cshmd.equation......' initialized  $$$$$$$$$$$$$$
05/26 13:57 [DEBUG] cshmd.structure (get_logger)                                 : $$$$$$$$$$$$$$  Logger 'cshmd.structure.....' initialized  $$$$$$$$$$$$$$
05/26 13:57 [DEBUG] cshmd.builder (get_logger)                                   : $$$$$$$$$$$$$$  Logger 'cshmd.builder.......' initialized  $$$$$$$$$$$$$$
05/26 13:57 [DEBUG] cshmd.trj_analysis (get_logger)                              : $$$$$$$$$$$$$$  Logger 'cshmd.trj_analysis..' initialized  $$$$$$$$$$$$$$
05/26 13:57 [DEBUG] cif_modifier (get_logger)                                    : $$$$$$$$$$$$$$  Logger 'cif_modifier........' initialized  $$$$$$$$$$$$$$
05/26 13:57 [INFO] cif_modifier (<module>)                                       : Logger loaded
05/26 13:57 [INFO] cshmd.structure (__init__)                                    : L050.cif was loaded
05/26 13:57 [DEBUG] cshmd.analysis (__init__)                                    : [Structure] Now new data setted for get Bonds
05/26 13:57 [DEBUG] cshmd.analysis (__del_bond__)                                : del -> Si_O O_H H_O Ca_O C_O BO NBO
05/26 13:57 [DEBUG] cshmd.analysis (__initialize_mole__)                         : initalize -> H2O SiO4 OH CO3 CO2 H3O
05/26 13:57 [DEBUG] cshmd.analysis (__initialize_mole__)                         : initalize -> SiOH CaOH HCO3 H2CO3 H3CO3
05/26 13:57 [DEBUG] cshmd.analysis (find_bond)                                   : find_bond O - H rcut -> 1.2
05/26 13:57 [DEBUG] cshmd.common (time_wrapper)                                  : [RUNTIME] get_distance_table in 0.670 seconds
05/26 13:57 [DEBUG] cshmd.analysis (get_mole)                                    : get_mole O - H -> nbonds: 2
05/26 13:57 [DEBUG] cshmd.analysis (find_bond)                                   : find_bond Si - O rcut -> 2.3
05/26 13:57 [DEBUG] cshmd.common (time_wrapper)                                  : [RUNTIME] get_distance_table in 0.313 seconds
05/26 13:57 [DEBUG] cshmd.analysis (get_mole)                                    : get_mole Si - O -> nbonds: 4
05/26 13:57 [DEBUG] cshmd.analysis (get_mole)                                    : get_mole O - H -> nbonds: 1
05/26 13:57 [DEBUG] cshmd.analysis (find_bond)                                   : find_bond C - O rcut -> 1.6
05/26 13:57 [DEBUG] cshmd.analysis (get_mole)                                    : get_mole C - O -> nbonds: 3
05/26 13:57 [DEBUG] cshmd.analysis (get_mole)                                    : get_mole O - H -> nbonds: 3
05/26 13:57 [DEBUG] cshmd.analysis (find_bond)                                   : find_bond Ca - O rcut -> 3.0
05/26 13:57 [DEBUG] cshmd.common (time_wrapper)                                  : [RUNTIME] get_distance_table in 0.344 seconds
05/26 13:57 [DEBUG] cshmd.analysis (search_basic)                                : Basic search result -> H2O: 576, SiO4: 640, OH: 256, CO3: 0, H3O: 0, Ca_O: 4064
05/26 13:57 [DEBUG] cshmd.analysis (full_search)                                 : Search layer details
05/26 13:57 [DEBUG] cshmd.analysis (set_layer_boundary)                          : Set layer boundary -> 0.23915876209999942 - 0.7314741563249987
05/26 13:57 [DEBUG] cshmd.analysis (find_bond)                                   : find_bond Ca - O rcut -> 2.6
05/26 13:57 [DEBUG] cshmd.analysis (find_bond)                                   : find_bond Ca - O rcut -> 3.1
05/26 13:57 [DEBUG] cshmd.analysis (find_bond)                                   : find_bond Ca - O rcut -> 5.2
05/26 13:57 [DEBUG] cshmd.analysis (_anal_surface_co3_adsorption)                : No 'C' in system
05/26 13:57 [DEBUG] cshmd.analysis (__detail_search_oh_co3)                      : No CO3 in basic search
05/26 13:57 [DEBUG] cshmd.analysis (__detail_search_oh_sioh)                     : Searching 'OH' in 'SiO4
05/26 13:57 [DEBUG] cshmd.analysis (__detail_search_oh_caoh)                     : Searching 'OH' in 'CaOH
05/26 13:57 [DEBUG] cshmd.analysis (find_bond)                                   : find_bond O - H rcut -> 1.15
05/26 13:57 [DEBUG] cshmd.analysis (get_mole)                                    : get_mole O - H -> nbonds: 1
05/26 13:57 [DEBUG] cshmd.analysis (get_mole)                                    : get_mole O - H -> nbonds: 2
05/26 13:57 [DEBUG] cshmd.analysis (find_bond)                                   : find_bond C - O rcut -> 1.4
05/26 13:57 [DEBUG] cshmd.analysis (get_mole)                                    : get_mole C - O -> nbonds: 3
05/26 13:57 [DEBUG] cshmd.analysis (find_bond)                                   : find_bond Si - O rcut -> 1.8
05/26 13:57 [DEBUG] cshmd.analysis (get_mole)                                    : get_mole Si - O -> nbonds: 4
05/26 13:57 [INFO] cshmd.functions (cal_uniform_by_space)                        : Number of molecules to add : 2681
05/26 13:57 [INFO] cshmd.functions (cal_uniform_by_space)                        : Number of atoms per surface : 272
05/26 13:57 [INFO] cshmd.functions (cal_uniform_by_space)                        : Number of layer : 10
05/26 13:57 [INFO] cshmd.structure (extendLattice)                               : Extend lattice 53.882 59.402 28.424 -> 53.882 59.402 46.424 
05/26 13:57 [INFO] cif_modifier (exec_make_interface)                            : MODE -> distribution
05/26 13:57 [INFO] cif_modifier (exec_make_interface)                            : Number of atoms: 5440 -> 13486
05/26 13:57 [INFO] cshmd.structure (labeling_by_clayff)                          : Now get label according to 'Clayff' style
05/26 13:57 [DEBUG] cshmd.analysis (get_mole)                                    : get_mole O - H -> nbonds: 1
05/26 13:57 [DEBUG] cshmd.analysis (get_mole)                                    : get_mole O - H -> nbonds: 2
05/26 13:57 [DEBUG] cshmd.analysis (get_mole)                                    : get_mole Si - O -> nbonds: 4
05/26 13:57 [DEBUG] cshmd.analysis (get_mole)                                    : get_mole C - O -> nbonds: 3
05/26 13:57 [INFO] cshmd.structure (labeling_by_clayff)                          : All atoms labeled by clayff
05/26 13:57 [INFO] cshmd.structure (labeling_by_clayff)                          : Clayff charge: 0.820
05/26 13:57 [INFO] cshmd.structure (writeCif)                                    : L050_w2750_c.cif was created
05/26 13:57 [INFO] cif_modifier (__init__)                                       : Total charge: 0 -> 0
05/26 13:57 [DEBUG] cshmd.common (get_logger)                                    : $$$$$$$$$$$$$$  Logger 'cshmd.common........' initialized  $$$$$$$$$$$$$$
05/26 13:57 [DEBUG] cshmd.functions (get_logger)                                 : $$$$$$$$$$$$$$  Logger 'cshmd.functions.....' initialized  $$$$$$$$$$$$$$
05/26 13:57 [DEBUG] cshmd.load (get_logger)                                      : $$$$$$$$$$$$$$  Logger 'cshmd.load..........' initialized  $$$$$$$$$$$$$$
05/26 13:57 [DEBUG] cshmd.analysis (get_logger)                                  : $$$$$$$$$$$$$$  Logger 'cshmd.analysis......' initialized  $$$$$$$$$$$$$$
05/26 13:57 [DEBUG] cshmd.equation (get_logger)                                  : $$$$$$$$$$$$$$  Logger 'cshmd.equation......' initialized  $$$$$$$$$$$$$$
05/26 13:57 [DEBUG] cshmd.structure (get_logger)                                 : $$$$$$$$$$$$$$  Logger 'cshmd.structure.....' initialized  $$$$$$$$$$$$$$
05/26 13:57 [DEBUG] cshmd.builder (get_logger)                                   : $$$$$$$$$$$$$$  Logger 'cshmd.builder.......' initialized  $$$$$$$$$$$$$$
05/26 13:57 [DEBUG] cshmd.trj_analysis (get_logger)                              : $$$$$$$$$$$$$$  Logger 'cshmd.trj_analysis..' initialized  $$$$$$$$$$$$$$
05/26 13:57 [DEBUG] cif_modifier (get_logger)                                    : $$$$$$$$$$$$$$  Logger 'cif_modifier........' initialized  $$$$$$$$$$$$$$
05/26 13:57 [INFO] cif_modifier (<module>)                                       : Logger loaded
05/26 13:57 [INFO] cshmd.structure (__init__)                                    : L080.cif was loaded
05/26 13:57 [DEBUG] cshmd.analysis (__init__)                                    : [Structure] Now new data setted for get Bonds
05/26 13:57 [DEBUG] cshmd.analysis (__del_bond__)                                : del -> Si_O O_H H_O Ca_O C_O BO NBO
05/26 13:57 [DEBUG] cshmd.analysis (__initialize_mole__)                         : initalize -> H2O SiO4 OH CO3 CO2 H3O
05/26 13:57 [DEBUG] cshmd.analysis (__initialize_mole__)                         : initalize -> SiOH CaOH HCO3 H2CO3 H3CO3
05/26 13:57 [DEBUG] cshmd.analysis (find_bond)                                   : find_bond O - H rcut -> 1.2
05/26 13:57 [DEBUG] cshmd.common (time_wrapper)                                  : [RUNTIME] get_distance_table in 0.625 seconds
05/26 13:57 [DEBUG] cshmd.analysis (get_mole)                                    : get_mole O - H -> nbonds: 2
05/26 13:57 [DEBUG] cshmd.analysis (find_bond)                                   : find_bond Si - O rcut -> 2.3
05/26 13:57 [DEBUG] cshmd.common (time_wrapper)                                  : [RUNTIME] get_distance_table in 0.314 seconds
05/26 13:57 [DEBUG] cshmd.analysis (get_mole)                                    : get_mole Si - O -> nbonds: 4
05/26 13:57 [DEBUG] cshmd.analysis (get_mole)                                    : get_mole O - H -> nbonds: 1
05/26 13:57 [DEBUG] cshmd.analysis (find_bond)                                   : find_bond C - O rcut -> 1.6
05/26 13:57 [DEBUG] cshmd.analysis (get_mole)                                    : get_mole C - O -> nbonds: 3
05/26 13:57 [DEBUG] cshmd.analysis (get_mole)                                    : get_mole O - H -> nbonds: 3
05/26 13:57 [DEBUG] cshmd.analysis (find_bond)                                   : find_bond Ca - O rcut -> 3.0
05/26 13:57 [DEBUG] cshmd.common (time_wrapper)                                  : [RUNTIME] get_distance_table in 0.301 seconds
05/26 13:57 [DEBUG] cshmd.analysis (search_basic)                                : Basic search result -> H2O: 576, SiO4: 680, OH: 296, CO3: 0, H3O: 0, Ca_O: 3994
05/26 13:57 [DEBUG] cshmd.analysis (full_search)                                 : Search layer details
05/26 13:57 [DEBUG] cshmd.analysis (set_layer_boundary)                          : Set layer boundary -> 0.23915876209999942 - 0.7314741563249987
05/26 13:57 [DEBUG] cshmd.analysis (find_bond)                                   : find_bond Ca - O rcut -> 2.6
05/26 13:57 [DEBUG] cshmd.analysis (find_bond)                                   : find_bond Ca - O rcut -> 3.1
05/26 13:57 [DEBUG] cshmd.analysis (find_bond)                                   : find_bond Ca - O rcut -> 5.2
05/26 13:57 [DEBUG] cshmd.analysis (_anal_surface_co3_adsorption)                : No 'C' in system
05/26 13:57 [DEBUG] cshmd.analysis (__detail_search_oh_co3)                      : No CO3 in basic search
05/26 13:57 [DEBUG] cshmd.analysis (__detail_search_oh_sioh)                     : Searching 'OH' in 'SiO4
05/26 13:57 [DEBUG] cshmd.analysis (__detail_search_oh_caoh)                     : Searching 'OH' in 'CaOH
05/26 13:57 [DEBUG] cshmd.analysis (find_bond)                                   : find_bond O - H rcut -> 1.15
05/26 13:57 [DEBUG] cshmd.analysis (get_mole)                                    : get_mole O - H -> nbonds: 1
05/26 13:57 [DEBUG] cshmd.analysis (get_mole)                                    : get_mole O - H -> nbonds: 2
05/26 13:57 [DEBUG] cshmd.analysis (find_bond)                                   : find_bond C - O rcut -> 1.4
05/26 13:57 [DEBUG] cshmd.analysis (get_mole)                                    : get_mole C - O -> nbonds: 3
05/26 13:57 [DEBUG] cshmd.analysis (find_bond)                                   : find_bond Si - O rcut -> 1.8
05/26 13:57 [DEBUG] cshmd.analysis (get_mole)                                    : get_mole Si - O -> nbonds: 4
05/26 13:57 [INFO] cshmd.functions (cal_uniform_by_space)                        : Number of molecules to add : 2681
05/26 13:57 [INFO] cshmd.functions (cal_uniform_by_space)                        : Number of atoms per surface : 272
05/26 13:57 [INFO] cshmd.functions (cal_uniform_by_space)                        : Number of layer : 10
05/26 13:57 [INFO] cshmd.structure (extendLattice)                               : Extend lattice 53.882 59.402 28.424 -> 53.882 59.402 46.424 
05/26 13:57 [INFO] cif_modifier (exec_make_interface)                            : MODE -> distribution
05/26 13:57 [INFO] cif_modifier (exec_make_interface)                            : Number of atoms: 5540 -> 13586
05/26 13:57 [INFO] cshmd.structure (labeling_by_clayff)                          : Now get label according to 'Clayff' style
05/26 13:57 [DEBUG] cshmd.analysis (get_mole)                                    : get_mole O - H -> nbonds: 1
05/26 13:57 [DEBUG] cshmd.analysis (get_mole)                                    : get_mole O - H -> nbonds: 2
05/26 13:57 [DEBUG] cshmd.analysis (get_mole)                                    : get_mole Si - O -> nbonds: 4
05/26 13:57 [DEBUG] cshmd.analysis (get_mole)                                    : get_mole C - O -> nbonds: 3
05/26 13:57 [INFO] cshmd.structure (labeling_by_clayff)                          : All atoms labeled by clayff
05/26 13:57 [INFO] cshmd.structure (labeling_by_clayff)                          : Clayff charge: 0.820
05/26 13:57 [INFO] cshmd.structure (writeCif)                                    : L080_w2750_c.cif was created
05/26 13:57 [INFO] cif_modifier (__init__)                                       : Total charge: 0 -> 0
05/26 14:04 [DEBUG] cshmd.common (get_logger)                                    : $$$$$$$$$$$$$$  Logger 'cshmd.common........' initialized  $$$$$$$$$$$$$$
05/26 14:04 [DEBUG] cshmd.functions (get_logger)                                 : $$$$$$$$$$$$$$  Logger 'cshmd.functions.....' initialized  $$$$$$$$$$$$$$
05/26 14:04 [DEBUG] cshmd.load (get_logger)                                      : $$$$$$$$$$$$$$  Logger 'cshmd.load..........' initialized  $$$$$$$$$$$$$$
05/26 14:04 [DEBUG] cshmd.analysis (get_logger)                                  : $$$$$$$$$$$$$$  Logger 'cshmd.analysis......' initialized  $$$$$$$$$$$$$$
05/26 14:04 [DEBUG] cshmd.equation (get_logger)                                  : $$$$$$$$$$$$$$  Logger 'cshmd.equation......' initialized  $$$$$$$$$$$$$$
05/26 14:04 [DEBUG] cshmd.structure (get_logger)                                 : $$$$$$$$$$$$$$  Logger 'cshmd.structure.....' initialized  $$$$$$$$$$$$$$
05/26 14:04 [DEBUG] cshmd.builder (get_logger)                                   : $$$$$$$$$$$$$$  Logger 'cshmd.builder.......' initialized  $$$$$$$$$$$$$$
05/26 14:04 [DEBUG] cshmd.trj_analysis (get_logger)                              : $$$$$$$$$$$$$$  Logger 'cshmd.trj_analysis..' initialized  $$$$$$$$$$$$$$
05/26 14:04 [DEBUG] cif_modifier (get_logger)                                    : $$$$$$$$$$$$$$  Logger 'cif_modifier........' initialized  $$$$$$$$$$$$$$
05/26 14:04 [INFO] cif_modifier (<module>)                                       : Logger loaded
05/26 14:04 [INFO] cshmd.structure (__init__)                                    : L025.cif was loaded
05/26 14:04 [DEBUG] cshmd.analysis (__init__)                                    : [Structure] Now new data setted for get Bonds
05/26 14:04 [DEBUG] cshmd.analysis (__del_bond__)                                : del -> Si_O O_H H_O Ca_O C_O BO NBO
05/26 14:04 [DEBUG] cshmd.analysis (__initialize_mole__)                         : initalize -> H2O SiO4 OH CO3 CO2 H3O
05/26 14:04 [DEBUG] cshmd.analysis (__initialize_mole__)                         : initalize -> SiOH CaOH HCO3 H2CO3 H3CO3
05/26 14:04 [DEBUG] cshmd.analysis (find_bond)                                   : find_bond O - H rcut -> 1.2
05/26 14:04 [DEBUG] cshmd.common (time_wrapper)                                  : [RUNTIME] get_distance_table in 0.552 seconds
05/26 14:04 [DEBUG] cshmd.analysis (get_mole)                                    : get_mole O - H -> nbonds: 2
05/26 14:04 [DEBUG] cshmd.analysis (find_bond)                                   : find_bond Si - O rcut -> 2.3
05/26 14:04 [DEBUG] cshmd.common (time_wrapper)                                  : [RUNTIME] get_distance_table in 0.256 seconds
05/26 14:04 [DEBUG] cshmd.analysis (get_mole)                                    : get_mole Si - O -> nbonds: 4
05/26 14:04 [DEBUG] cshmd.analysis (get_mole)                                    : get_mole O - H -> nbonds: 1
05/26 14:04 [DEBUG] cshmd.analysis (find_bond)                                   : find_bond C - O rcut -> 1.6
05/26 14:04 [DEBUG] cshmd.analysis (get_mole)                                    : get_mole C - O -> nbonds: 3
05/26 14:04 [DEBUG] cshmd.analysis (get_mole)                                    : get_mole O - H -> nbonds: 3
05/26 14:04 [DEBUG] cshmd.analysis (find_bond)                                   : find_bond Ca - O rcut -> 3.0
05/26 14:04 [DEBUG] cshmd.common (time_wrapper)                                  : [RUNTIME] get_distance_table in 0.320 seconds
05/26 14:04 [DEBUG] cshmd.analysis (search_basic)                                : Basic search result -> H2O: 576, SiO4: 548, OH: 164, CO3: 0, H3O: 0, Ca_O: 4225
05/26 14:04 [DEBUG] cshmd.analysis (full_search)                                 : Search layer details
05/26 14:04 [DEBUG] cshmd.analysis (set_layer_boundary)                          : Set layer boundary -> 0.23915876209999942 - 0.7314741563249987
05/26 14:04 [DEBUG] cshmd.analysis (find_bond)                                   : find_bond Ca - O rcut -> 2.6
05/26 14:04 [DEBUG] cshmd.analysis (find_bond)                                   : find_bond Ca - O rcut -> 3.1
05/26 14:04 [DEBUG] cshmd.analysis (find_bond)                                   : find_bond Ca - O rcut -> 5.2
05/26 14:04 [DEBUG] cshmd.analysis (_anal_surface_co3_adsorption)                : No 'C' in system
05/26 14:04 [DEBUG] cshmd.analysis (__detail_search_oh_co3)                      : No CO3 in basic search
05/26 14:04 [DEBUG] cshmd.analysis (__detail_search_oh_sioh)                     : Searching 'OH' in 'SiO4
05/26 14:04 [DEBUG] cshmd.analysis (__detail_search_oh_caoh)                     : Searching 'OH' in 'CaOH
05/26 14:04 [DEBUG] cshmd.analysis (find_bond)                                   : find_bond O - H rcut -> 1.15
05/26 14:04 [DEBUG] cshmd.analysis (get_mole)                                    : get_mole O - H -> nbonds: 1
05/26 14:04 [DEBUG] cshmd.analysis (get_mole)                                    : get_mole O - H -> nbonds: 2
05/26 14:04 [DEBUG] cshmd.analysis (find_bond)                                   : find_bond C - O rcut -> 1.4
05/26 14:04 [DEBUG] cshmd.analysis (get_mole)                                    : get_mole C - O -> nbonds: 3
05/26 14:04 [DEBUG] cshmd.analysis (find_bond)                                   : find_bond Si - O rcut -> 1.8
05/26 14:04 [DEBUG] cshmd.analysis (get_mole)                                    : get_mole Si - O -> nbonds: 4
05/26 14:04 [INFO] cshmd.functions (cal_uniform_by_space)                        : Number of molecules to add : 2678
05/26 14:04 [INFO] cshmd.functions (cal_uniform_by_space)                        : Number of atoms per surface : 272
05/26 14:04 [INFO] cshmd.functions (cal_uniform_by_space)                        : Number of layer : 10
05/26 14:04 [INFO] cshmd.structure (extendLattice)                               : Extend lattice 53.882 59.402 28.424 -> 53.882 59.402 46.424 
05/26 14:04 [INFO] cif_modifier (exec_make_interface)                            : MODE -> distribution
05/26 14:04 [INFO] cif_modifier (exec_make_interface)                            : Number of atoms: 5210 -> 13244
05/26 14:04 [INFO] cshmd.structure (labeling_by_clayff)                          : Now get label according to 'Clayff' style
05/26 14:04 [DEBUG] cshmd.analysis (get_mole)                                    : get_mole O - H -> nbonds: 1
05/26 14:04 [DEBUG] cshmd.analysis (get_mole)                                    : get_mole O - H -> nbonds: 2
05/26 14:04 [DEBUG] cshmd.analysis (get_mole)                                    : get_mole Si - O -> nbonds: 4
05/26 14:04 [DEBUG] cshmd.analysis (get_mole)                                    : get_mole C - O -> nbonds: 3
05/26 14:04 [INFO] cshmd.structure (labeling_by_clayff)                          : All atoms labeled by clayff
05/26 14:04 [INFO] cshmd.structure (labeling_by_clayff)                          : Clayff charge: 0.000
05/26 14:04 [INFO] cshmd.structure (writeCif)                                    : L025_w2750.cif was created
05/26 14:04 [INFO] cif_modifier (__init__)                                       : Total charge: 0 -> 0
05/26 14:04 [DEBUG] cshmd.common (get_logger)                                    : $$$$$$$$$$$$$$  Logger 'cshmd.common........' initialized  $$$$$$$$$$$$$$
05/26 14:04 [DEBUG] cshmd.functions (get_logger)                                 : $$$$$$$$$$$$$$  Logger 'cshmd.functions.....' initialized  $$$$$$$$$$$$$$
05/26 14:04 [DEBUG] cshmd.load (get_logger)                                      : $$$$$$$$$$$$$$  Logger 'cshmd.load..........' initialized  $$$$$$$$$$$$$$
05/26 14:04 [DEBUG] cshmd.analysis (get_logger)                                  : $$$$$$$$$$$$$$  Logger 'cshmd.analysis......' initialized  $$$$$$$$$$$$$$
05/26 14:04 [DEBUG] cshmd.equation (get_logger)                                  : $$$$$$$$$$$$$$  Logger 'cshmd.equation......' initialized  $$$$$$$$$$$$$$
05/26 14:04 [DEBUG] cshmd.structure (get_logger)                                 : $$$$$$$$$$$$$$  Logger 'cshmd.structure.....' initialized  $$$$$$$$$$$$$$
05/26 14:04 [DEBUG] cshmd.builder (get_logger)                                   : $$$$$$$$$$$$$$  Logger 'cshmd.builder.......' initialized  $$$$$$$$$$$$$$
05/26 14:04 [DEBUG] cshmd.trj_analysis (get_logger)                              : $$$$$$$$$$$$$$  Logger 'cshmd.trj_analysis..' initialized  $$$$$$$$$$$$$$
05/26 14:04 [DEBUG] cif_modifier (get_logger)                                    : $$$$$$$$$$$$$$  Logger 'cif_modifier........' initialized  $$$$$$$$$$$$$$
05/26 14:04 [INFO] cif_modifier (<module>)                                       : Logger loaded
05/26 14:04 [INFO] cshmd.structure (__init__)                                    : L050.cif was loaded
05/26 14:04 [DEBUG] cshmd.analysis (__init__)                                    : [Structure] Now new data setted for get Bonds
05/26 14:04 [DEBUG] cshmd.analysis (__del_bond__)                                : del -> Si_O O_H H_O Ca_O C_O BO NBO
05/26 14:04 [DEBUG] cshmd.analysis (__initialize_mole__)                         : initalize -> H2O SiO4 OH CO3 CO2 H3O
05/26 14:04 [DEBUG] cshmd.analysis (__initialize_mole__)                         : initalize -> SiOH CaOH HCO3 H2CO3 H3CO3
05/26 14:04 [DEBUG] cshmd.analysis (find_bond)                                   : find_bond O - H rcut -> 1.2
05/26 14:04 [DEBUG] cshmd.common (time_wrapper)                                  : [RUNTIME] get_distance_table in 0.648 seconds
05/26 14:04 [DEBUG] cshmd.analysis (get_mole)                                    : get_mole O - H -> nbonds: 2
05/26 14:04 [DEBUG] cshmd.analysis (find_bond)                                   : find_bond Si - O rcut -> 2.3
05/26 14:04 [DEBUG] cshmd.common (time_wrapper)                                  : [RUNTIME] get_distance_table in 0.322 seconds
05/26 14:04 [DEBUG] cshmd.analysis (get_mole)                                    : get_mole Si - O -> nbonds: 4
05/26 14:04 [DEBUG] cshmd.analysis (get_mole)                                    : get_mole O - H -> nbonds: 1
05/26 14:04 [DEBUG] cshmd.analysis (find_bond)                                   : find_bond C - O rcut -> 1.6
05/26 14:04 [DEBUG] cshmd.analysis (get_mole)                                    : get_mole C - O -> nbonds: 3
05/26 14:04 [DEBUG] cshmd.analysis (get_mole)                                    : get_mole O - H -> nbonds: 3
05/26 14:04 [DEBUG] cshmd.analysis (find_bond)                                   : find_bond Ca - O rcut -> 3.0
05/26 14:04 [DEBUG] cshmd.common (time_wrapper)                                  : [RUNTIME] get_distance_table in 0.318 seconds
05/26 14:04 [DEBUG] cshmd.analysis (search_basic)                                : Basic search result -> H2O: 576, SiO4: 640, OH: 256, CO3: 0, H3O: 0, Ca_O: 4064
05/26 14:04 [DEBUG] cshmd.analysis (full_search)                                 : Search layer details
05/26 14:04 [DEBUG] cshmd.analysis (set_layer_boundary)                          : Set layer boundary -> 0.23915876209999942 - 0.7314741563249987
05/26 14:04 [DEBUG] cshmd.analysis (find_bond)                                   : find_bond Ca - O rcut -> 2.6
05/26 14:04 [DEBUG] cshmd.analysis (find_bond)                                   : find_bond Ca - O rcut -> 3.1
05/26 14:04 [DEBUG] cshmd.analysis (find_bond)                                   : find_bond Ca - O rcut -> 5.2
05/26 14:04 [DEBUG] cshmd.analysis (_anal_surface_co3_adsorption)                : No 'C' in system
05/26 14:04 [DEBUG] cshmd.analysis (__detail_search_oh_co3)                      : No CO3 in basic search
05/26 14:04 [DEBUG] cshmd.analysis (__detail_search_oh_sioh)                     : Searching 'OH' in 'SiO4
05/26 14:04 [DEBUG] cshmd.analysis (__detail_search_oh_caoh)                     : Searching 'OH' in 'CaOH
05/26 14:04 [DEBUG] cshmd.analysis (find_bond)                                   : find_bond O - H rcut -> 1.15
05/26 14:04 [DEBUG] cshmd.analysis (get_mole)                                    : get_mole O - H -> nbonds: 1
05/26 14:04 [DEBUG] cshmd.analysis (get_mole)                                    : get_mole O - H -> nbonds: 2
05/26 14:04 [DEBUG] cshmd.analysis (find_bond)                                   : find_bond C - O rcut -> 1.4
05/26 14:04 [DEBUG] cshmd.analysis (get_mole)                                    : get_mole C - O -> nbonds: 3
05/26 14:04 [DEBUG] cshmd.analysis (find_bond)                                   : find_bond Si - O rcut -> 1.8
05/26 14:04 [DEBUG] cshmd.analysis (get_mole)                                    : get_mole Si - O -> nbonds: 4
05/26 14:04 [INFO] cshmd.functions (cal_uniform_by_space)                        : Number of molecules to add : 2678
05/26 14:04 [INFO] cshmd.functions (cal_uniform_by_space)                        : Number of atoms per surface : 272
05/26 14:04 [INFO] cshmd.functions (cal_uniform_by_space)                        : Number of layer : 10
05/26 14:04 [INFO] cshmd.structure (extendLattice)                               : Extend lattice 53.882 59.402 28.424 -> 53.882 59.402 46.424 
05/26 14:04 [INFO] cif_modifier (exec_make_interface)                            : MODE -> distribution
05/26 14:04 [INFO] cif_modifier (exec_make_interface)                            : Number of atoms: 5440 -> 13474
05/26 14:04 [INFO] cshmd.structure (labeling_by_clayff)                          : Now get label according to 'Clayff' style
05/26 14:04 [DEBUG] cshmd.analysis (get_mole)                                    : get_mole O - H -> nbonds: 1
05/26 14:04 [DEBUG] cshmd.analysis (get_mole)                                    : get_mole O - H -> nbonds: 2
05/26 14:04 [DEBUG] cshmd.analysis (get_mole)                                    : get_mole Si - O -> nbonds: 4
05/26 14:04 [DEBUG] cshmd.analysis (get_mole)                                    : get_mole C - O -> nbonds: 3
05/26 14:04 [INFO] cshmd.structure (labeling_by_clayff)                          : All atoms labeled by clayff
05/26 14:04 [INFO] cshmd.structure (labeling_by_clayff)                          : Clayff charge: -0.000
05/26 14:04 [INFO] cshmd.structure (writeCif)                                    : L050_w2750.cif was created
05/26 14:04 [INFO] cif_modifier (__init__)                                       : Total charge: 0 -> 0
05/26 14:04 [DEBUG] cshmd.common (get_logger)                                    : $$$$$$$$$$$$$$  Logger 'cshmd.common........' initialized  $$$$$$$$$$$$$$
05/26 14:04 [DEBUG] cshmd.functions (get_logger)                                 : $$$$$$$$$$$$$$  Logger 'cshmd.functions.....' initialized  $$$$$$$$$$$$$$
05/26 14:04 [DEBUG] cshmd.load (get_logger)                                      : $$$$$$$$$$$$$$  Logger 'cshmd.load..........' initialized  $$$$$$$$$$$$$$
05/26 14:04 [DEBUG] cshmd.analysis (get_logger)                                  : $$$$$$$$$$$$$$  Logger 'cshmd.analysis......' initialized  $$$$$$$$$$$$$$
05/26 14:04 [DEBUG] cshmd.equation (get_logger)                                  : $$$$$$$$$$$$$$  Logger 'cshmd.equation......' initialized  $$$$$$$$$$$$$$
05/26 14:04 [DEBUG] cshmd.structure (get_logger)                                 : $$$$$$$$$$$$$$  Logger 'cshmd.structure.....' initialized  $$$$$$$$$$$$$$
05/26 14:04 [DEBUG] cshmd.builder (get_logger)                                   : $$$$$$$$$$$$$$  Logger 'cshmd.builder.......' initialized  $$$$$$$$$$$$$$
05/26 14:04 [DEBUG] cshmd.trj_analysis (get_logger)                              : $$$$$$$$$$$$$$  Logger 'cshmd.trj_analysis..' initialized  $$$$$$$$$$$$$$
05/26 14:04 [DEBUG] cif_modifier (get_logger)                                    : $$$$$$$$$$$$$$  Logger 'cif_modifier........' initialized  $$$$$$$$$$$$$$
05/26 14:04 [INFO] cif_modifier (<module>)                                       : Logger loaded
05/26 14:04 [INFO] cshmd.structure (__init__)                                    : L080.cif was loaded
05/26 14:04 [DEBUG] cshmd.analysis (__init__)                                    : [Structure] Now new data setted for get Bonds
05/26 14:04 [DEBUG] cshmd.analysis (__del_bond__)                                : del -> Si_O O_H H_O Ca_O C_O BO NBO
05/26 14:04 [DEBUG] cshmd.analysis (__initialize_mole__)                         : initalize -> H2O SiO4 OH CO3 CO2 H3O
05/26 14:04 [DEBUG] cshmd.analysis (__initialize_mole__)                         : initalize -> SiOH CaOH HCO3 H2CO3 H3CO3
05/26 14:04 [DEBUG] cshmd.analysis (find_bond)                                   : find_bond O - H rcut -> 1.2
05/26 14:04 [DEBUG] cshmd.common (time_wrapper)                                  : [RUNTIME] get_distance_table in 0.627 seconds
05/26 14:04 [DEBUG] cshmd.analysis (get_mole)                                    : get_mole O - H -> nbonds: 2
05/26 14:04 [DEBUG] cshmd.analysis (find_bond)                                   : find_bond Si - O rcut -> 2.3
05/26 14:04 [DEBUG] cshmd.common (time_wrapper)                                  : [RUNTIME] get_distance_table in 0.304 seconds
05/26 14:04 [DEBUG] cshmd.analysis (get_mole)                                    : get_mole Si - O -> nbonds: 4
05/26 14:04 [DEBUG] cshmd.analysis (get_mole)                                    : get_mole O - H -> nbonds: 1
05/26 14:04 [DEBUG] cshmd.analysis (find_bond)                                   : find_bond C - O rcut -> 1.6
05/26 14:04 [DEBUG] cshmd.analysis (get_mole)                                    : get_mole C - O -> nbonds: 3
05/26 14:04 [DEBUG] cshmd.analysis (get_mole)                                    : get_mole O - H -> nbonds: 3
05/26 14:04 [DEBUG] cshmd.analysis (find_bond)                                   : find_bond Ca - O rcut -> 3.0
05/26 14:04 [DEBUG] cshmd.common (time_wrapper)                                  : [RUNTIME] get_distance_table in 0.302 seconds
05/26 14:04 [DEBUG] cshmd.analysis (search_basic)                                : Basic search result -> H2O: 576, SiO4: 680, OH: 296, CO3: 0, H3O: 0, Ca_O: 3994
05/26 14:04 [DEBUG] cshmd.analysis (full_search)                                 : Search layer details
05/26 14:04 [DEBUG] cshmd.analysis (set_layer_boundary)                          : Set layer boundary -> 0.23915876209999942 - 0.7314741563249987
05/26 14:04 [DEBUG] cshmd.analysis (find_bond)                                   : find_bond Ca - O rcut -> 2.6
05/26 14:04 [DEBUG] cshmd.analysis (find_bond)                                   : find_bond Ca - O rcut -> 3.1
05/26 14:04 [DEBUG] cshmd.analysis (find_bond)                                   : find_bond Ca - O rcut -> 5.2
05/26 14:04 [DEBUG] cshmd.analysis (_anal_surface_co3_adsorption)                : No 'C' in system
05/26 14:04 [DEBUG] cshmd.analysis (__detail_search_oh_co3)                      : No CO3 in basic search
05/26 14:04 [DEBUG] cshmd.analysis (__detail_search_oh_sioh)                     : Searching 'OH' in 'SiO4
05/26 14:04 [DEBUG] cshmd.analysis (__detail_search_oh_caoh)                     : Searching 'OH' in 'CaOH
05/26 14:04 [DEBUG] cshmd.analysis (find_bond)                                   : find_bond O - H rcut -> 1.15
05/26 14:04 [DEBUG] cshmd.analysis (get_mole)                                    : get_mole O - H -> nbonds: 1
05/26 14:04 [DEBUG] cshmd.analysis (get_mole)                                    : get_mole O - H -> nbonds: 2
05/26 14:04 [DEBUG] cshmd.analysis (find_bond)                                   : find_bond C - O rcut -> 1.4
05/26 14:04 [DEBUG] cshmd.analysis (get_mole)                                    : get_mole C - O -> nbonds: 3
05/26 14:04 [DEBUG] cshmd.analysis (find_bond)                                   : find_bond Si - O rcut -> 1.8
05/26 14:04 [DEBUG] cshmd.analysis (get_mole)                                    : get_mole Si - O -> nbonds: 4
05/26 14:04 [INFO] cshmd.functions (cal_uniform_by_space)                        : Number of molecules to add : 2678
05/26 14:04 [INFO] cshmd.functions (cal_uniform_by_space)                        : Number of atoms per surface : 272
05/26 14:04 [INFO] cshmd.functions (cal_uniform_by_space)                        : Number of layer : 10
05/26 14:04 [INFO] cshmd.structure (extendLattice)                               : Extend lattice 53.882 59.402 28.424 -> 53.882 59.402 46.424 
05/26 14:04 [INFO] cif_modifier (exec_make_interface)                            : MODE -> distribution
05/26 14:04 [INFO] cif_modifier (exec_make_interface)                            : Number of atoms: 5540 -> 13574
05/26 14:04 [INFO] cshmd.structure (labeling_by_clayff)                          : Now get label according to 'Clayff' style
05/26 14:04 [DEBUG] cshmd.analysis (get_mole)                                    : get_mole O - H -> nbonds: 1
05/26 14:04 [DEBUG] cshmd.analysis (get_mole)                                    : get_mole O - H -> nbonds: 2
05/26 14:04 [DEBUG] cshmd.analysis (get_mole)                                    : get_mole Si - O -> nbonds: 4
05/26 14:04 [DEBUG] cshmd.analysis (get_mole)                                    : get_mole C - O -> nbonds: 3
05/26 14:04 [INFO] cshmd.structure (labeling_by_clayff)                          : All atoms labeled by clayff
05/26 14:04 [INFO] cshmd.structure (labeling_by_clayff)                          : Clayff charge: -0.000
05/26 14:04 [INFO] cshmd.structure (writeCif)                                    : L080_w2750.cif was created
05/26 14:04 [INFO] cif_modifier (__init__)                                       : Total charge: 0 -> 0
06/03 16:30 [DEBUG] cshmd.common (get_logger)                                    : $$$$$$$$$$$$$$  Logger 'cshmd.common........' initialized  $$$$$$$$$$$$$$
06/03 16:30 [DEBUG] cshmd.functions (get_logger)                                 : $$$$$$$$$$$$$$  Logger 'cshmd.functions.....' initialized  $$$$$$$$$$$$$$
06/03 16:30 [DEBUG] cshmd.load (get_logger)                                      : $$$$$$$$$$$$$$  Logger 'cshmd.load..........' initialized  $$$$$$$$$$$$$$
06/03 16:30 [DEBUG] cshmd.analysis (get_logger)                                  : $$$$$$$$$$$$$$  Logger 'cshmd.analysis......' initialized  $$$$$$$$$$$$$$
06/03 16:30 [DEBUG] cshmd.equation (get_logger)                                  : $$$$$$$$$$$$$$  Logger 'cshmd.equation......' initialized  $$$$$$$$$$$$$$
06/03 16:30 [DEBUG] cshmd.structure (get_logger)                                 : $$$$$$$$$$$$$$  Logger 'cshmd.structure.....' initialized  $$$$$$$$$$$$$$
06/03 16:30 [DEBUG] cshmd.builder (get_logger)                                   : $$$$$$$$$$$$$$  Logger 'cshmd.builder.......' initialized  $$$$$$$$$$$$$$
06/03 16:30 [DEBUG] cshmd.trj_analysis (get_logger)                              : $$$$$$$$$$$$$$  Logger 'cshmd.trj_analysis..' initialized  $$$$$$$$$$$$$$
06/03 16:30 [DEBUG] csh_builder (get_logger)                                     : $$$$$$$$$$$$$$  Logger 'csh_builder.........' initialized  $$$$$$$$$$$$$$
06/03 16:30 [INFO] csh_builder (main)                                            : ----------------------------------------------------------------------
06/03 16:30 [INFO] csh_builder (main)                                            : 'L085.yaml' loaded
06/03 16:30 [INFO] cshmd.structure (_load_file)                                  : /Users/kimuni/bin/kimuni/cshmd/data/resources/cif/T14_111_short2.cif was loaded
06/03 16:30 [DEBUG] cshmd.analysis (__init__)                                    : [StructureManager] Now new data setted for get Bonds
06/03 16:30 [DEBUG] cshmd.analysis (__del_bond__)                                : del -> Si_O O_H H_O Ca_O C_O BO NBO
06/03 16:30 [DEBUG] cshmd.analysis (__initialize_mole__)                         : initalize -> H2O SiO4 OH CO3 CO2 H3O
06/03 16:30 [DEBUG] cshmd.analysis (__initialize_mole__)                         : initalize -> SiOH CaOH HCO3 H2CO3 H3CO3
06/03 16:30 [DEBUG] cshmd.analysis (find_bond)                                   : find_bond O - H rcut -> 1.2
06/03 16:30 [DEBUG] cshmd.common (time_wrapper)                                  : [RUNTIME] get_distance_table in 0.000 seconds
06/03 16:30 [DEBUG] cshmd.analysis (get_mole)                                    : get_mole O - H -> nbonds: 2
06/03 16:30 [DEBUG] cshmd.analysis (find_bond)                                   : find_bond Si - O rcut -> 2.3
06/03 16:30 [DEBUG] cshmd.common (time_wrapper)                                  : [RUNTIME] get_distance_table in 0.000 seconds
06/03 16:30 [DEBUG] cshmd.analysis (get_mole)                                    : get_mole Si - O -> nbonds: 4
06/03 16:30 [DEBUG] cshmd.analysis (get_mole)                                    : get_mole O - H -> nbonds: 1
06/03 16:30 [DEBUG] cshmd.analysis (find_bond)                                   : find_bond C - O rcut -> 1.6
06/03 16:30 [DEBUG] cshmd.analysis (get_mole)                                    : get_mole C - O -> nbonds: 3
06/03 16:30 [DEBUG] cshmd.analysis (get_mole)                                    : get_mole O - H -> nbonds: 3
06/03 16:30 [DEBUG] cshmd.analysis (find_bond)                                   : find_bond Ca - O rcut -> 3.0
06/03 16:30 [DEBUG] cshmd.common (time_wrapper)                                  : [RUNTIME] get_distance_table in 0.000 seconds
06/03 16:30 [DEBUG] cshmd.analysis (search_basic)                                : Basic search result -> H2O: 9, SiO4: 12, OH: 2, CO3: 0, H3O: 0, Ca_O: 60
06/03 16:30 [DEBUG] cshmd.analysis (_detail_search_chain)                        : Search layer details
06/03 16:30 [DEBUG] cshmd.analysis (set_layer_boundary)                          : Set layer boundary -> 0.2391587621 - 0.731474156325
06/03 16:30 [DEBUG] cshmd.analysis (find_bond)                                   : find_bond Ca - O rcut -> 2.6
06/03 16:30 [DEBUG] cshmd.analysis (_detail_search_adsorption)                   : Start basic analysis
06/03 16:30 [DEBUG] cshmd.analysis (find_bond)                                   : find_bond Ca - O rcut -> 3.1
06/03 16:30 [DEBUG] cshmd.analysis (find_bond)                                   : find_bond Ca - O rcut -> 5.2
06/03 16:30 [DEBUG] cshmd.analysis (__detail_surface_co3_adsorption)             : No 'C' in system
06/03 16:30 [DEBUG] cshmd.analysis (__detail_search_oh_co3)                      : No CO3 in basic search
06/03 16:30 [DEBUG] cshmd.analysis (__detail_search_oh_sioh)                     : Searching 'OH' in 'SiO4
06/03 16:30 [DEBUG] cshmd.analysis (__detail_search_oh_caoh)                     : Searching 'OH' in 'CaOH
06/03 16:30 [INFO] cshmd.analysis (Qn)                                           : [Silicate Chain] Q2: 1.000
06/03 16:30 [INFO] cshmd.analysis (evaluate_chain)                               : [Silicate Chain] BT: 4, PT: 8
06/03 16:30 [DEBUG] cshmd.analysis (__init__)                                    : <class 'cshmd.analysis.Chain'> loaded
06/03 16:30 [DEBUG] cshmd.analysis (__init__)                                    : <class 'cshmd.analysis.Chain'> loaded
06/03 16:30 [DEBUG] cshmd.analysis (__init__)                                    : <class 'cshmd.analysis.Chain'> loaded
06/03 16:30 [DEBUG] cshmd.analysis (__init__)                                    : <class 'cshmd.analysis.Chain'> loaded
06/03 16:30 [INFO] cshmd.analysis (evaluate_chain)                               : [Silicate Chain] CL : Length 3: 1
06/03 16:30 [INFO] cshmd.analysis (evaluate_chain)                               : [Silicate Chain] MCL : 3.000
06/03 16:30 [INFO] cshmd.structure (_load_file)                                  : /Users/kimuni/bin/kimuni/cshmd/data/resources/cif/T14_111_short2.cif was loaded
06/03 16:30 [DEBUG] cshmd.analysis (__init__)                                    : [StructureManager] Now new data setted for get Bonds
06/03 16:30 [DEBUG] cshmd.analysis (__del_bond__)                                : del -> Si_O O_H H_O Ca_O C_O BO NBO
06/03 16:30 [DEBUG] cshmd.analysis (__initialize_mole__)                         : initalize -> H2O SiO4 OH CO3 CO2 H3O
06/03 16:30 [DEBUG] cshmd.analysis (__initialize_mole__)                         : initalize -> SiOH CaOH HCO3 H2CO3 H3CO3
06/03 16:30 [DEBUG] cshmd.analysis (find_bond)                                   : find_bond O - H rcut -> 1.2
06/03 16:30 [DEBUG] cshmd.common (time_wrapper)                                  : [RUNTIME] get_distance_table in 0.000 seconds
06/03 16:30 [DEBUG] cshmd.analysis (get_mole)                                    : get_mole O - H -> nbonds: 2
06/03 16:30 [DEBUG] cshmd.analysis (find_bond)                                   : find_bond Si - O rcut -> 2.3
06/03 16:30 [DEBUG] cshmd.common (time_wrapper)                                  : [RUNTIME] get_distance_table in 0.000 seconds
06/03 16:30 [DEBUG] cshmd.analysis (get_mole)                                    : get_mole Si - O -> nbonds: 4
06/03 16:30 [DEBUG] cshmd.analysis (get_mole)                                    : get_mole O - H -> nbonds: 1
06/03 16:30 [DEBUG] cshmd.analysis (find_bond)                                   : find_bond C - O rcut -> 1.6
06/03 16:30 [DEBUG] cshmd.analysis (get_mole)                                    : get_mole C - O -> nbonds: 3
06/03 16:30 [DEBUG] cshmd.analysis (get_mole)                                    : get_mole O - H -> nbonds: 3
06/03 16:30 [DEBUG] cshmd.analysis (find_bond)                                   : find_bond Ca - O rcut -> 3.0
06/03 16:30 [DEBUG] cshmd.common (time_wrapper)                                  : [RUNTIME] get_distance_table in 0.000 seconds
06/03 16:30 [DEBUG] cshmd.analysis (search_basic)                                : Basic search result -> H2O: 9, SiO4: 12, OH: 2, CO3: 0, H3O: 0, Ca_O: 60
06/03 16:30 [DEBUG] cshmd.analysis (_detail_search_chain)                        : Search layer details
06/03 16:30 [DEBUG] cshmd.analysis (set_layer_boundary)                          : Set layer boundary -> 0.2391587621 - 0.731474156325
06/03 16:30 [DEBUG] cshmd.analysis (find_bond)                                   : find_bond Ca - O rcut -> 2.6
06/03 16:30 [DEBUG] cshmd.analysis (_detail_search_adsorption)                   : Start basic analysis
06/03 16:30 [DEBUG] cshmd.analysis (find_bond)                                   : find_bond Ca - O rcut -> 3.1
06/03 16:30 [DEBUG] cshmd.analysis (find_bond)                                   : find_bond Ca - O rcut -> 5.2
06/03 16:30 [DEBUG] cshmd.analysis (__detail_surface_co3_adsorption)             : No 'C' in system
06/03 16:30 [DEBUG] cshmd.analysis (__detail_search_oh_co3)                      : No CO3 in basic search
06/03 16:30 [DEBUG] cshmd.analysis (__detail_search_oh_sioh)                     : Searching 'OH' in 'SiO4
06/03 16:30 [DEBUG] cshmd.analysis (__detail_search_oh_caoh)                     : Searching 'OH' in 'CaOH
06/03 16:30 [INFO] cshmd.analysis (Qn)                                           : [Silicate Chain] Q2: 1.000
06/03 16:30 [INFO] cshmd.analysis (evaluate_chain)                               : [Silicate Chain] BT: 4, PT: 8
06/03 16:30 [DEBUG] cshmd.analysis (__init__)                                    : <class 'cshmd.analysis.Chain'> loaded
06/03 16:30 [DEBUG] cshmd.analysis (__init__)                                    : <class 'cshmd.analysis.Chain'> loaded
06/03 16:30 [DEBUG] cshmd.analysis (__init__)                                    : <class 'cshmd.analysis.Chain'> loaded
06/03 16:30 [DEBUG] cshmd.analysis (__init__)                                    : <class 'cshmd.analysis.Chain'> loaded
06/03 16:30 [INFO] cshmd.analysis (evaluate_chain)                               : [Silicate Chain] CL : Length 3: 1
06/03 16:30 [INFO] cshmd.analysis (evaluate_chain)                               : [Silicate Chain] MCL : 3.000
06/03 16:30 [INFO] csh_builder (main)                                            : [Structure] Reading command 'supercell'...
06/03 16:30 [INFO] cshmd.structure (makeSupercell)                               : [StructureManager] Supercell created 8 * 8 * 1
06/03 16:30 [DEBUG] cshmd.analysis (__init__)                                    : [StructureManager] Now new data setted for get Bonds
06/03 16:30 [DEBUG] cshmd.analysis (__del_bond__)                                : del -> Si_O O_H H_O Ca_O C_O BO NBO
06/03 16:30 [DEBUG] cshmd.analysis (__initialize_mole__)                         : initalize -> H2O SiO4 OH CO3 CO2 H3O
06/03 16:30 [DEBUG] cshmd.analysis (__initialize_mole__)                         : initalize -> SiOH CaOH HCO3 H2CO3 H3CO3
06/03 16:30 [DEBUG] cshmd.analysis (find_bond)                                   : find_bond O - H rcut -> 1.2
06/03 16:30 [DEBUG] cshmd.common (time_wrapper)                                  : [RUNTIME] get_distance_table in 0.743 seconds
06/03 16:30 [DEBUG] cshmd.analysis (get_mole)                                    : get_mole O - H -> nbonds: 2
06/03 16:30 [DEBUG] cshmd.analysis (find_bond)                                   : find_bond Si - O rcut -> 2.3
06/03 16:30 [DEBUG] cshmd.common (time_wrapper)                                  : [RUNTIME] get_distance_table in 0.472 seconds
06/03 16:30 [DEBUG] cshmd.analysis (get_mole)                                    : get_mole Si - O -> nbonds: 4
06/03 16:30 [DEBUG] cshmd.analysis (get_mole)                                    : get_mole O - H -> nbonds: 1
06/03 16:30 [DEBUG] cshmd.analysis (find_bond)                                   : find_bond C - O rcut -> 1.6
06/03 16:30 [DEBUG] cshmd.analysis (get_mole)                                    : get_mole C - O -> nbonds: 3
06/03 16:30 [DEBUG] cshmd.analysis (get_mole)                                    : get_mole O - H -> nbonds: 3
06/03 16:30 [DEBUG] cshmd.analysis (find_bond)                                   : find_bond Ca - O rcut -> 3.0
06/03 16:30 [DEBUG] cshmd.common (time_wrapper)                                  : [RUNTIME] get_distance_table in 0.327 seconds
06/03 16:30 [DEBUG] cshmd.analysis (search_basic)                                : Basic search result -> H2O: 576, SiO4: 768, OH: 128, CO3: 0, H3O: 0, Ca_O: 3840
06/03 16:30 [DEBUG] cshmd.analysis (_detail_search_chain)                        : Search layer details
06/03 16:30 [DEBUG] cshmd.analysis (set_layer_boundary)                          : Set layer boundary -> 0.23915876209999942 - 0.7314741563249987
06/03 16:30 [DEBUG] cshmd.analysis (find_bond)                                   : find_bond Ca - O rcut -> 2.6
06/03 16:30 [DEBUG] cshmd.analysis (_detail_search_adsorption)                   : Start basic analysis
06/03 16:30 [DEBUG] cshmd.analysis (find_bond)                                   : find_bond Ca - O rcut -> 3.1
06/03 16:30 [DEBUG] cshmd.analysis (find_bond)                                   : find_bond Ca - O rcut -> 5.2
06/03 16:30 [DEBUG] cshmd.analysis (__detail_surface_co3_adsorption)             : No 'C' in system
06/03 16:30 [DEBUG] cshmd.analysis (__detail_search_oh_co3)                      : No CO3 in basic search
06/03 16:30 [DEBUG] cshmd.analysis (__detail_search_oh_sioh)                     : Searching 'OH' in 'SiO4
06/03 16:30 [DEBUG] cshmd.analysis (__detail_search_oh_caoh)                     : Searching 'OH' in 'CaOH
06/03 16:30 [INFO] cshmd.analysis (Qn)                                           : [Silicate Chain] Q2: 1.000
06/03 16:30 [INFO] cshmd.analysis (evaluate_chain)                               : [Silicate Chain] BT: 256, PT: 512
06/03 16:30 [DEBUG] cshmd.analysis (__init__)                                    : <class 'cshmd.analysis.Chain'> loaded
06/03 16:30 [DEBUG] cshmd.analysis (__init__)                                    : <class 'cshmd.analysis.Chain'> loaded
06/03 16:30 [DEBUG] cshmd.analysis (__init__)                                    : <class 'cshmd.analysis.Chain'> loaded
06/03 16:30 [DEBUG] cshmd.analysis (__init__)                                    : <class 'cshmd.analysis.Chain'> loaded
06/03 16:30 [INFO] cshmd.analysis (evaluate_chain)                               : [Silicate Chain] CL : Length 24: 8
06/03 16:30 [INFO] cshmd.analysis (evaluate_chain)                               : [Silicate Chain] MCL : 24.000
06/03 16:30 [INFO] cshmd.builder (update_manager)                                : [Structure] Number of atoms: 86 -> 5504
06/03 16:30 [INFO] csh_builder (main)                                            : [Structure] Reading command 'defect_BT'...
06/03 16:30 [INFO] cshmd.builder (defect_BT)                                     : [Structure] Termination scope: False
06/03 16:30 [INFO] cshmd.builder (defect_BT)                                     : [Structure] Exists 64 Bridging Tetra in 'up' side
06/03 16:30 [DEBUG] cshmd.analysis (__init__)                                    : [StructureManager] Now new data setted for get Bonds
06/03 16:30 [DEBUG] cshmd.analysis (__del_bond__)                                : del -> Si_O O_H H_O Ca_O C_O BO NBO
06/03 16:30 [DEBUG] cshmd.analysis (__initialize_mole__)                         : initalize -> H2O SiO4 OH CO3 CO2 H3O
06/03 16:30 [DEBUG] cshmd.analysis (__initialize_mole__)                         : initalize -> SiOH CaOH HCO3 H2CO3 H3CO3
06/03 16:30 [DEBUG] cshmd.analysis (find_bond)                                   : find_bond O - H rcut -> 1.2
06/03 16:30 [DEBUG] cshmd.common (time_wrapper)                                  : [RUNTIME] get_distance_table in 0.649 seconds
06/03 16:30 [DEBUG] cshmd.analysis (get_mole)                                    : get_mole O - H -> nbonds: 2
06/03 16:30 [DEBUG] cshmd.analysis (find_bond)                                   : find_bond Si - O rcut -> 2.3
06/03 16:30 [DEBUG] cshmd.common (time_wrapper)                                  : [RUNTIME] get_distance_table in 0.391 seconds
06/03 16:30 [DEBUG] cshmd.analysis (get_mole)                                    : get_mole Si - O -> nbonds: 4
06/03 16:30 [DEBUG] cshmd.analysis (get_mole)                                    : get_mole O - H -> nbonds: 1
06/03 16:30 [DEBUG] cshmd.analysis (find_bond)                                   : find_bond C - O rcut -> 1.6
06/03 16:30 [DEBUG] cshmd.analysis (get_mole)                                    : get_mole C - O -> nbonds: 3
06/03 16:30 [DEBUG] cshmd.analysis (get_mole)                                    : get_mole O - H -> nbonds: 3
06/03 16:30 [DEBUG] cshmd.analysis (find_bond)                                   : find_bond Ca - O rcut -> 3.0
06/03 16:30 [DEBUG] cshmd.common (time_wrapper)                                  : [RUNTIME] get_distance_table in 0.286 seconds
06/03 16:30 [DEBUG] cshmd.analysis (search_basic)                                : Basic search result -> H2O: 576, SiO4: 768, OH: 128, CO3: 0, H3O: 0, Ca_O: 3840
06/03 16:30 [DEBUG] cshmd.analysis (_detail_search_chain)                        : Search layer details
06/03 16:30 [DEBUG] cshmd.analysis (set_layer_boundary)                          : Set layer boundary -> 0.23915876209999942 - 0.7314741563249987
06/03 16:30 [DEBUG] cshmd.analysis (find_bond)                                   : find_bond Ca - O rcut -> 2.6
06/03 16:30 [DEBUG] cshmd.analysis (_detail_search_adsorption)                   : Start basic analysis
06/03 16:30 [DEBUG] cshmd.analysis (find_bond)                                   : find_bond Ca - O rcut -> 3.1
06/03 16:30 [DEBUG] cshmd.analysis (find_bond)                                   : find_bond Ca - O rcut -> 5.2
06/03 16:30 [DEBUG] cshmd.analysis (__detail_surface_co3_adsorption)             : No 'C' in system
06/03 16:30 [DEBUG] cshmd.analysis (__detail_search_oh_co3)                      : No CO3 in basic search
06/03 16:30 [DEBUG] cshmd.analysis (__detail_search_oh_sioh)                     : Searching 'OH' in 'SiO4
06/03 16:30 [DEBUG] cshmd.analysis (__detail_search_oh_caoh)                     : Searching 'OH' in 'CaOH
06/03 16:30 [INFO] cshmd.analysis (Qn)                                           : [Silicate Chain] Q2: 1.000
06/03 16:30 [INFO] cshmd.analysis (evaluate_chain)                               : [Silicate Chain] BT: 256, PT: 512
06/03 16:30 [DEBUG] cshmd.analysis (__init__)                                    : <class 'cshmd.analysis.Chain'> loaded
06/03 16:30 [DEBUG] cshmd.analysis (__init__)                                    : <class 'cshmd.analysis.Chain'> loaded
06/03 16:30 [DEBUG] cshmd.analysis (__init__)                                    : <class 'cshmd.analysis.Chain'> loaded
06/03 16:30 [DEBUG] cshmd.analysis (__init__)                                    : <class 'cshmd.analysis.Chain'> loaded
06/03 16:30 [INFO] cshmd.analysis (evaluate_chain)                               : [Silicate Chain] CL : Length 24: 8
06/03 16:30 [INFO] cshmd.analysis (evaluate_chain)                               : [Silicate Chain] MCL : 24.000
06/03 16:30 [DEBUG] cshmd.common (get_logger)                                    : $$$$$$$$$$$$$$  Logger 'cshmd.common........' initialized  $$$$$$$$$$$$$$
06/03 16:30 [DEBUG] cshmd.functions (get_logger)                                 : $$$$$$$$$$$$$$  Logger 'cshmd.functions.....' initialized  $$$$$$$$$$$$$$
06/03 16:30 [DEBUG] cshmd.load (get_logger)                                      : $$$$$$$$$$$$$$  Logger 'cshmd.load..........' initialized  $$$$$$$$$$$$$$
06/03 16:30 [DEBUG] cshmd.analysis (get_logger)                                  : $$$$$$$$$$$$$$  Logger 'cshmd.analysis......' initialized  $$$$$$$$$$$$$$
06/03 16:30 [DEBUG] cshmd.equation (get_logger)                                  : $$$$$$$$$$$$$$  Logger 'cshmd.equation......' initialized  $$$$$$$$$$$$$$
06/03 16:30 [DEBUG] cshmd.structure (get_logger)                                 : $$$$$$$$$$$$$$  Logger 'cshmd.structure.....' initialized  $$$$$$$$$$$$$$
06/03 16:30 [DEBUG] cshmd.builder (get_logger)                                   : $$$$$$$$$$$$$$  Logger 'cshmd.builder.......' initialized  $$$$$$$$$$$$$$
06/03 16:30 [DEBUG] cshmd.trj_analysis (get_logger)                              : $$$$$$$$$$$$$$  Logger 'cshmd.trj_analysis..' initialized  $$$$$$$$$$$$$$
06/03 16:30 [DEBUG] csh_builder (get_logger)                                     : $$$$$$$$$$$$$$  Logger 'csh_builder.........' initialized  $$$$$$$$$$$$$$
06/03 16:30 [INFO] csh_builder (main)                                            : ----------------------------------------------------------------------
06/03 16:30 [INFO] csh_builder (main)                                            : 'L085.yaml' loaded
06/03 16:30 [INFO] cshmd.structure (_load_file)                                  : /Users/kimuni/bin/kimuni/cshmd/data/resources/cif/T14_111_short2.cif was loaded
06/03 16:30 [DEBUG] cshmd.analysis (__init__)                                    : [StructureManager] Now new data setted for get Bonds
06/03 16:30 [DEBUG] cshmd.analysis (__del_bond__)                                : del -> Si_O O_H H_O Ca_O C_O BO NBO
06/03 16:30 [DEBUG] cshmd.analysis (__initialize_mole__)                         : initalize -> H2O SiO4 OH CO3 CO2 H3O
06/03 16:30 [DEBUG] cshmd.analysis (__initialize_mole__)                         : initalize -> SiOH CaOH HCO3 H2CO3 H3CO3
06/03 16:30 [DEBUG] cshmd.analysis (find_bond)                                   : find_bond O - H rcut -> 1.2
06/03 16:30 [DEBUG] cshmd.common (time_wrapper)                                  : [RUNTIME] get_distance_table in 0.000 seconds
06/03 16:30 [DEBUG] cshmd.analysis (get_mole)                                    : get_mole O - H -> nbonds: 2
06/03 16:30 [DEBUG] cshmd.analysis (find_bond)                                   : find_bond Si - O rcut -> 2.3
06/03 16:30 [DEBUG] cshmd.common (time_wrapper)                                  : [RUNTIME] get_distance_table in 0.000 seconds
06/03 16:30 [DEBUG] cshmd.analysis (get_mole)                                    : get_mole Si - O -> nbonds: 4
06/03 16:30 [DEBUG] cshmd.analysis (get_mole)                                    : get_mole O - H -> nbonds: 1
06/03 16:30 [DEBUG] cshmd.analysis (find_bond)                                   : find_bond C - O rcut -> 1.6
06/03 16:30 [DEBUG] cshmd.analysis (get_mole)                                    : get_mole C - O -> nbonds: 3
06/03 16:30 [DEBUG] cshmd.analysis (get_mole)                                    : get_mole O - H -> nbonds: 3
06/03 16:30 [DEBUG] cshmd.analysis (find_bond)                                   : find_bond Ca - O rcut -> 3.0
06/03 16:30 [DEBUG] cshmd.common (time_wrapper)                                  : [RUNTIME] get_distance_table in 0.000 seconds
06/03 16:30 [DEBUG] cshmd.analysis (search_basic)                                : Basic search result -> H2O: 9, SiO4: 12, OH: 2, CO3: 0, H3O: 0, Ca_O: 60
06/03 16:30 [DEBUG] cshmd.analysis (_detail_search_chain)                        : Search layer details
06/03 16:30 [DEBUG] cshmd.analysis (set_layer_boundary)                          : Set layer boundary -> 0.2391587621 - 0.731474156325
06/03 16:30 [DEBUG] cshmd.analysis (find_bond)                                   : find_bond Ca - O rcut -> 2.6
06/03 16:30 [DEBUG] cshmd.analysis (_detail_search_adsorption)                   : Start basic analysis
06/03 16:30 [DEBUG] cshmd.analysis (find_bond)                                   : find_bond Ca - O rcut -> 3.1
06/03 16:30 [DEBUG] cshmd.analysis (find_bond)                                   : find_bond Ca - O rcut -> 5.2
06/03 16:30 [DEBUG] cshmd.analysis (__detail_surface_co3_adsorption)             : No 'C' in system
06/03 16:30 [DEBUG] cshmd.analysis (__detail_search_oh_co3)                      : No CO3 in basic search
06/03 16:30 [DEBUG] cshmd.analysis (__detail_search_oh_sioh)                     : Searching 'OH' in 'SiO4
06/03 16:30 [DEBUG] cshmd.analysis (__detail_search_oh_caoh)                     : Searching 'OH' in 'CaOH
06/03 16:30 [INFO] cshmd.analysis (Qn)                                           : [Silicate Chain] Q2: 1.000
06/03 16:30 [INFO] cshmd.analysis (evaluate_chain)                               : [Silicate Chain] BT: 4, PT: 8
06/03 16:30 [DEBUG] cshmd.analysis (__init__)                                    : <class 'cshmd.analysis.Chain'> loaded
06/03 16:30 [DEBUG] cshmd.analysis (__init__)                                    : <class 'cshmd.analysis.Chain'> loaded
06/03 16:30 [DEBUG] cshmd.analysis (__init__)                                    : <class 'cshmd.analysis.Chain'> loaded
06/03 16:30 [DEBUG] cshmd.analysis (__init__)                                    : <class 'cshmd.analysis.Chain'> loaded
06/03 16:30 [INFO] cshmd.analysis (evaluate_chain)                               : [Silicate Chain] CL : Length 3: 1
06/03 16:30 [INFO] cshmd.analysis (evaluate_chain)                               : [Silicate Chain] MCL : 3.000
06/03 16:30 [INFO] cshmd.structure (_load_file)                                  : /Users/kimuni/bin/kimuni/cshmd/data/resources/cif/T14_111_short2.cif was loaded
06/03 16:30 [DEBUG] cshmd.analysis (__init__)                                    : [StructureManager] Now new data setted for get Bonds
06/03 16:30 [DEBUG] cshmd.analysis (__del_bond__)                                : del -> Si_O O_H H_O Ca_O C_O BO NBO
06/03 16:30 [DEBUG] cshmd.analysis (__initialize_mole__)                         : initalize -> H2O SiO4 OH CO3 CO2 H3O
06/03 16:30 [DEBUG] cshmd.analysis (__initialize_mole__)                         : initalize -> SiOH CaOH HCO3 H2CO3 H3CO3
06/03 16:30 [DEBUG] cshmd.analysis (find_bond)                                   : find_bond O - H rcut -> 1.2
06/03 16:30 [DEBUG] cshmd.common (time_wrapper)                                  : [RUNTIME] get_distance_table in 0.000 seconds
06/03 16:30 [DEBUG] cshmd.analysis (get_mole)                                    : get_mole O - H -> nbonds: 2
06/03 16:30 [DEBUG] cshmd.analysis (find_bond)                                   : find_bond Si - O rcut -> 2.3
06/03 16:30 [DEBUG] cshmd.common (time_wrapper)                                  : [RUNTIME] get_distance_table in 0.000 seconds
06/03 16:30 [DEBUG] cshmd.analysis (get_mole)                                    : get_mole Si - O -> nbonds: 4
06/03 16:30 [DEBUG] cshmd.analysis (get_mole)                                    : get_mole O - H -> nbonds: 1
06/03 16:30 [DEBUG] cshmd.analysis (find_bond)                                   : find_bond C - O rcut -> 1.6
06/03 16:30 [DEBUG] cshmd.analysis (get_mole)                                    : get_mole C - O -> nbonds: 3
06/03 16:30 [DEBUG] cshmd.analysis (get_mole)                                    : get_mole O - H -> nbonds: 3
06/03 16:30 [DEBUG] cshmd.analysis (find_bond)                                   : find_bond Ca - O rcut -> 3.0
06/03 16:30 [DEBUG] cshmd.common (time_wrapper)                                  : [RUNTIME] get_distance_table in 0.000 seconds
06/03 16:30 [DEBUG] cshmd.analysis (search_basic)                                : Basic search result -> H2O: 9, SiO4: 12, OH: 2, CO3: 0, H3O: 0, Ca_O: 60
06/03 16:30 [DEBUG] cshmd.analysis (_detail_search_chain)                        : Search layer details
06/03 16:30 [DEBUG] cshmd.analysis (set_layer_boundary)                          : Set layer boundary -> 0.2391587621 - 0.731474156325
06/03 16:30 [DEBUG] cshmd.analysis (find_bond)                                   : find_bond Ca - O rcut -> 2.6
06/03 16:30 [DEBUG] cshmd.analysis (_detail_search_adsorption)                   : Start basic analysis
06/03 16:30 [DEBUG] cshmd.analysis (find_bond)                                   : find_bond Ca - O rcut -> 3.1
06/03 16:30 [DEBUG] cshmd.analysis (find_bond)                                   : find_bond Ca - O rcut -> 5.2
06/03 16:30 [DEBUG] cshmd.analysis (__detail_surface_co3_adsorption)             : No 'C' in system
06/03 16:30 [DEBUG] cshmd.analysis (__detail_search_oh_co3)                      : No CO3 in basic search
06/03 16:30 [DEBUG] cshmd.analysis (__detail_search_oh_sioh)                     : Searching 'OH' in 'SiO4
06/03 16:30 [DEBUG] cshmd.analysis (__detail_search_oh_caoh)                     : Searching 'OH' in 'CaOH
06/03 16:30 [INFO] cshmd.analysis (Qn)                                           : [Silicate Chain] Q2: 1.000
06/03 16:30 [INFO] cshmd.analysis (evaluate_chain)                               : [Silicate Chain] BT: 4, PT: 8
06/03 16:30 [DEBUG] cshmd.analysis (__init__)                                    : <class 'cshmd.analysis.Chain'> loaded
06/03 16:30 [DEBUG] cshmd.analysis (__init__)                                    : <class 'cshmd.analysis.Chain'> loaded
06/03 16:30 [DEBUG] cshmd.analysis (__init__)                                    : <class 'cshmd.analysis.Chain'> loaded
06/03 16:30 [DEBUG] cshmd.analysis (__init__)                                    : <class 'cshmd.analysis.Chain'> loaded
06/03 16:30 [INFO] cshmd.analysis (evaluate_chain)                               : [Silicate Chain] CL : Length 3: 1
06/03 16:30 [INFO] cshmd.analysis (evaluate_chain)                               : [Silicate Chain] MCL : 3.000
06/03 16:30 [INFO] csh_builder (main)                                            : [Structure] Reading command 'supercell'...
06/03 16:30 [INFO] cshmd.structure (makeSupercell)                               : [StructureManager] Supercell created 8 * 8 * 1
06/03 16:30 [DEBUG] cshmd.analysis (__init__)                                    : [StructureManager] Now new data setted for get Bonds
06/03 16:30 [DEBUG] cshmd.analysis (__del_bond__)                                : del -> Si_O O_H H_O Ca_O C_O BO NBO
06/03 16:30 [DEBUG] cshmd.analysis (__initialize_mole__)                         : initalize -> H2O SiO4 OH CO3 CO2 H3O
06/03 16:30 [DEBUG] cshmd.analysis (__initialize_mole__)                         : initalize -> SiOH CaOH HCO3 H2CO3 H3CO3
06/03 16:30 [DEBUG] cshmd.analysis (find_bond)                                   : find_bond O - H rcut -> 1.2
06/03 16:30 [DEBUG] cshmd.common (time_wrapper)                                  : [RUNTIME] get_distance_table in 0.688 seconds
06/03 16:30 [DEBUG] cshmd.analysis (get_mole)                                    : get_mole O - H -> nbonds: 2
06/03 16:30 [DEBUG] cshmd.analysis (find_bond)                                   : find_bond Si - O rcut -> 2.3
06/03 16:30 [DEBUG] cshmd.common (time_wrapper)                                  : [RUNTIME] get_distance_table in 0.424 seconds
06/03 16:30 [DEBUG] cshmd.analysis (get_mole)                                    : get_mole Si - O -> nbonds: 4
06/03 16:30 [DEBUG] cshmd.analysis (get_mole)                                    : get_mole O - H -> nbonds: 1
06/03 16:30 [DEBUG] cshmd.analysis (find_bond)                                   : find_bond C - O rcut -> 1.6
06/03 16:30 [DEBUG] cshmd.analysis (get_mole)                                    : get_mole C - O -> nbonds: 3
06/03 16:30 [DEBUG] cshmd.analysis (get_mole)                                    : get_mole O - H -> nbonds: 3
06/03 16:30 [DEBUG] cshmd.analysis (find_bond)                                   : find_bond Ca - O rcut -> 3.0
06/03 16:31 [DEBUG] cshmd.common (time_wrapper)                                  : [RUNTIME] get_distance_table in 0.292 seconds
06/03 16:31 [DEBUG] cshmd.analysis (search_basic)                                : Basic search result -> H2O: 576, SiO4: 768, OH: 128, CO3: 0, H3O: 0, Ca_O: 3840
06/03 16:31 [DEBUG] cshmd.analysis (_detail_search_chain)                        : Search layer details
06/03 16:31 [DEBUG] cshmd.analysis (set_layer_boundary)                          : Set layer boundary -> 0.23915876209999942 - 0.7314741563249987
06/03 16:31 [DEBUG] cshmd.analysis (find_bond)                                   : find_bond Ca - O rcut -> 2.6
06/03 16:31 [DEBUG] cshmd.analysis (_detail_search_adsorption)                   : Start basic analysis
06/03 16:31 [DEBUG] cshmd.analysis (find_bond)                                   : find_bond Ca - O rcut -> 3.1
06/03 16:31 [DEBUG] cshmd.analysis (find_bond)                                   : find_bond Ca - O rcut -> 5.2
06/03 16:31 [DEBUG] cshmd.analysis (__detail_surface_co3_adsorption)             : No 'C' in system
06/03 16:31 [DEBUG] cshmd.analysis (__detail_search_oh_co3)                      : No CO3 in basic search
06/03 16:31 [DEBUG] cshmd.analysis (__detail_search_oh_sioh)                     : Searching 'OH' in 'SiO4
06/03 16:31 [DEBUG] cshmd.analysis (__detail_search_oh_caoh)                     : Searching 'OH' in 'CaOH
06/03 16:31 [INFO] cshmd.analysis (Qn)                                           : [Silicate Chain] Q2: 1.000
06/03 16:31 [INFO] cshmd.analysis (evaluate_chain)                               : [Silicate Chain] BT: 256, PT: 512
06/03 16:31 [DEBUG] cshmd.analysis (__init__)                                    : <class 'cshmd.analysis.Chain'> loaded
06/03 16:31 [DEBUG] cshmd.analysis (__init__)                                    : <class 'cshmd.analysis.Chain'> loaded
06/03 16:31 [DEBUG] cshmd.analysis (__init__)                                    : <class 'cshmd.analysis.Chain'> loaded
06/03 16:31 [DEBUG] cshmd.analysis (__init__)                                    : <class 'cshmd.analysis.Chain'> loaded
06/03 16:31 [INFO] cshmd.analysis (evaluate_chain)                               : [Silicate Chain] CL : Length 24: 8
06/03 16:31 [INFO] cshmd.analysis (evaluate_chain)                               : [Silicate Chain] MCL : 24.000
06/03 16:31 [INFO] cshmd.builder (update_manager)                                : [Structure] Number of atoms: 86 -> 5504
06/03 16:31 [INFO] csh_builder (main)                                            : [Structure] Reading command 'defect_BT'...
06/03 16:31 [INFO] cshmd.builder (defect_BT)                                     : [Structure] Termination scope: False
06/03 16:31 [INFO] cshmd.builder (defect_BT)                                     : [Structure] Exists 64 Bridging Tetra in 'up' side
06/03 16:31 [INFO] cshmd.builder (defect_BT)                                     : Target MCL 8.5, Remove 21 BT
06/03 16:31 [INFO] cshmd.builder (defect_BT)                                     : In surface, add Ca when Bridge Tetra removed.
06/03 16:31 [INFO] cshmd.structure (add_Ca)                                      : [StructureManager] Add Ca
06/03 16:31 [INFO] cshmd.builder (defect_BT)                                     : [Structure] Exists 64 Bridging Tetra in 'down' side
06/03 16:31 [INFO] cshmd.builder (defect_BT)                                     : Target MCL 8.5, Remove 21 BT
06/03 16:31 [INFO] cshmd.builder (defect_BT)                                     : In surface, add Ca when Bridge Tetra removed.
06/03 16:31 [INFO] cshmd.structure (add_Ca)                                      : [StructureManager] Add Ca
06/03 16:31 [INFO] cshmd.builder (defect_BT)                                     : [Structure] Termination scope: False
06/03 16:31 [INFO] cshmd.builder (defect_BT)                                     : [Structure] Exists 64 Bridging Tetra in 'down' side
06/03 16:31 [INFO] cshmd.builder (defect_BT)                                     : Target MCL 8.5, Remove 21 BT
06/03 16:31 [INFO] cshmd.builder (defect_BT)                                     : In bulk, add CaOH when Bridge Tetra removed.
06/03 16:31 [INFO] cshmd.structure (add_Ca)                                      : [StructureManager] Add Ca with 1 OH
06/03 16:31 [INFO] cshmd.builder (defect_BT)                                     : [Structure] Exists 64 Bridging Tetra in 'up' side
06/03 16:31 [INFO] cshmd.builder (defect_BT)                                     : Target MCL 8.5, Remove 21 BT
06/03 16:31 [INFO] cshmd.builder (defect_BT)                                     : In bulk, add CaOH when Bridge Tetra removed.
06/03 16:31 [INFO] cshmd.structure (add_Ca)                                      : [StructureManager] Add Ca with 1 OH
06/03 16:31 [INFO] cshmd.structure (check_rm_list)                               : Delete 294 atoms in rm_list
06/03 16:31 [DEBUG] cshmd.analysis (__init__)                                    : [StructureManager] Now new data setted for get Bonds
06/03 16:31 [DEBUG] cshmd.analysis (__del_bond__)                                : del -> Si_O O_H H_O Ca_O C_O BO NBO
06/03 16:31 [DEBUG] cshmd.analysis (__initialize_mole__)                         : initalize -> H2O SiO4 OH CO3 CO2 H3O
06/03 16:31 [DEBUG] cshmd.analysis (__initialize_mole__)                         : initalize -> SiOH CaOH HCO3 H2CO3 H3CO3
06/03 16:31 [DEBUG] cshmd.analysis (find_bond)                                   : find_bond O - H rcut -> 1.2
06/03 16:31 [DEBUG] cshmd.common (time_wrapper)                                  : [RUNTIME] get_distance_table in 0.611 seconds
06/03 16:31 [DEBUG] cshmd.analysis (get_mole)                                    : get_mole O - H -> nbonds: 2
06/03 16:31 [DEBUG] cshmd.analysis (find_bond)                                   : find_bond Si - O rcut -> 2.3
06/03 16:31 [DEBUG] cshmd.common (time_wrapper)                                  : [RUNTIME] get_distance_table in 0.324 seconds
06/03 16:31 [DEBUG] cshmd.analysis (get_mole)                                    : get_mole Si - O -> nbonds: 4
06/03 16:31 [DEBUG] cshmd.analysis (get_mole)                                    : get_mole O - H -> nbonds: 1
06/03 16:31 [DEBUG] cshmd.analysis (find_bond)                                   : find_bond C - O rcut -> 1.6
06/03 16:31 [DEBUG] cshmd.analysis (get_mole)                                    : get_mole C - O -> nbonds: 3
06/03 16:31 [DEBUG] cshmd.analysis (get_mole)                                    : get_mole O - H -> nbonds: 3
06/03 16:31 [DEBUG] cshmd.analysis (find_bond)                                   : find_bond Ca - O rcut -> 3.0
06/03 16:31 [DEBUG] cshmd.common (time_wrapper)                                  : [RUNTIME] get_distance_table in 0.314 seconds
06/03 16:31 [DEBUG] cshmd.analysis (search_basic)                                : Basic search result -> H2O: 576, SiO4: 684, OH: 128, CO3: 0, H3O: 0, Ca_O: 3987
06/03 16:31 [DEBUG] cshmd.analysis (_detail_search_chain)                        : Search layer details
06/03 16:31 [DEBUG] cshmd.analysis (set_layer_boundary)                          : Set layer boundary -> 0.23915876209999942 - 0.7314741563249987
06/03 16:31 [DEBUG] cshmd.analysis (find_bond)                                   : find_bond Ca - O rcut -> 2.6
06/03 16:31 [DEBUG] cshmd.analysis (_detail_search_adsorption)                   : Start basic analysis
06/03 16:31 [DEBUG] cshmd.analysis (find_bond)                                   : find_bond Ca - O rcut -> 3.1
06/03 16:31 [DEBUG] cshmd.analysis (find_bond)                                   : find_bond Ca - O rcut -> 5.2
06/03 16:31 [DEBUG] cshmd.analysis (__detail_surface_co3_adsorption)             : No 'C' in system
06/03 16:31 [DEBUG] cshmd.analysis (__detail_search_oh_co3)                      : No CO3 in basic search
06/03 16:31 [DEBUG] cshmd.analysis (__detail_search_oh_sioh)                     : Searching 'OH' in 'SiO4
06/03 16:31 [DEBUG] cshmd.analysis (__detail_search_oh_caoh)                     : Searching 'OH' in 'CaOH
06/03 16:31 [INFO] cshmd.analysis (Qn)                                           : [Silicate Chain] Q1: 0.246
06/03 16:31 [INFO] cshmd.analysis (Qn)                                           : [Silicate Chain] Q2: 0.754
06/03 16:31 [INFO] cshmd.analysis (evaluate_chain)                               : [Silicate Chain] BT: 172, PT: 512
06/03 16:31 [DEBUG] cshmd.analysis (__init__)                                    : <class 'cshmd.analysis.Chain'> loaded
06/03 16:31 [DEBUG] cshmd.analysis (__init__)                                    : <class 'cshmd.analysis.Chain'> loaded
06/03 16:31 [DEBUG] cshmd.analysis (__init__)                                    : <class 'cshmd.analysis.Chain'> loaded
06/03 16:31 [DEBUG] cshmd.analysis (__init__)                                    : <class 'cshmd.analysis.Chain'> loaded
06/03 16:31 [INFO] cshmd.analysis (evaluate_chain)                               : [Silicate Chain] CL : Length 2: 1 Length 5: 5 Length 8: 7 Length 11: 8
06/03 16:31 [INFO] cshmd.analysis (evaluate_chain)                               : [Silicate Chain] MCL : 8.143
06/03 16:31 [INFO] cshmd.builder (update_manager)                                : [Structure] Number of atoms: 5504 -> 5378
06/03 16:31 [INFO] csh_builder (main)                                            : [Structure] Reading command 'terminate_NBO'...
06/03 16:31 [INFO] cshmd.builder (terminate_NBO)                                 : Terminate <class 'float'> ratio of silanol group -> 86 / 86 in 2sides
06/03 16:31 [INFO] cshmd.structure (writeCif)                                    : L085.cif was created
06/03 16:31 [INFO] cshmd.builder (out_model)                                     : Total Charge: 0
06/03 16:31 [INFO] csh_builder (main)                                            : ----------------------------------------------------------------------
06/03 16:33 [DEBUG] cshmd.common (get_logger)                                    : $$$$$$$$$$$$$$  Logger 'cshmd.common........' initialized  $$$$$$$$$$$$$$
06/03 16:33 [DEBUG] cshmd.functions (get_logger)                                 : $$$$$$$$$$$$$$  Logger 'cshmd.functions.....' initialized  $$$$$$$$$$$$$$
06/03 16:33 [DEBUG] cshmd.load (get_logger)                                      : $$$$$$$$$$$$$$  Logger 'cshmd.load..........' initialized  $$$$$$$$$$$$$$
06/03 16:33 [DEBUG] cshmd.analysis (get_logger)                                  : $$$$$$$$$$$$$$  Logger 'cshmd.analysis......' initialized  $$$$$$$$$$$$$$
06/03 16:33 [DEBUG] cshmd.equation (get_logger)                                  : $$$$$$$$$$$$$$  Logger 'cshmd.equation......' initialized  $$$$$$$$$$$$$$
06/03 16:33 [DEBUG] cshmd.structure (get_logger)                                 : $$$$$$$$$$$$$$  Logger 'cshmd.structure.....' initialized  $$$$$$$$$$$$$$
06/03 16:33 [DEBUG] cshmd.builder (get_logger)                                   : $$$$$$$$$$$$$$  Logger 'cshmd.builder.......' initialized  $$$$$$$$$$$$$$
06/03 16:33 [DEBUG] cshmd.trj_analysis (get_logger)                              : $$$$$$$$$$$$$$  Logger 'cshmd.trj_analysis..' initialized  $$$$$$$$$$$$$$
06/03 16:33 [DEBUG] csh_builder (get_logger)                                     : $$$$$$$$$$$$$$  Logger 'csh_builder.........' initialized  $$$$$$$$$$$$$$
06/03 16:33 [INFO] csh_builder (main)                                            : ----------------------------------------------------------------------
06/03 16:33 [INFO] csh_builder (main)                                            : 'L09.yaml' loaded
06/03 16:33 [INFO] cshmd.structure (_load_file)                                  : /Users/kimuni/bin/kimuni/cshmd/data/resources/cif/T14_111_short2.cif was loaded
06/03 16:33 [DEBUG] cshmd.analysis (__init__)                                    : [StructureManager] Now new data setted for get Bonds
06/03 16:33 [DEBUG] cshmd.analysis (__del_bond__)                                : del -> Si_O O_H H_O Ca_O C_O BO NBO
06/03 16:33 [DEBUG] cshmd.analysis (__initialize_mole__)                         : initalize -> H2O SiO4 OH CO3 CO2 H3O
06/03 16:33 [DEBUG] cshmd.analysis (__initialize_mole__)                         : initalize -> SiOH CaOH HCO3 H2CO3 H3CO3
06/03 16:33 [DEBUG] cshmd.analysis (find_bond)                                   : find_bond O - H rcut -> 1.2
06/03 16:33 [DEBUG] cshmd.common (time_wrapper)                                  : [RUNTIME] get_distance_table in 0.000 seconds
06/03 16:33 [DEBUG] cshmd.analysis (get_mole)                                    : get_mole O - H -> nbonds: 2
06/03 16:33 [DEBUG] cshmd.analysis (find_bond)                                   : find_bond Si - O rcut -> 2.3
06/03 16:33 [DEBUG] cshmd.common (time_wrapper)                                  : [RUNTIME] get_distance_table in 0.000 seconds
06/03 16:33 [DEBUG] cshmd.analysis (get_mole)                                    : get_mole Si - O -> nbonds: 4
06/03 16:33 [DEBUG] cshmd.analysis (get_mole)                                    : get_mole O - H -> nbonds: 1
06/03 16:33 [DEBUG] cshmd.analysis (find_bond)                                   : find_bond C - O rcut -> 1.6
06/03 16:33 [DEBUG] cshmd.analysis (get_mole)                                    : get_mole C - O -> nbonds: 3
06/03 16:33 [DEBUG] cshmd.analysis (get_mole)                                    : get_mole O - H -> nbonds: 3
06/03 16:33 [DEBUG] cshmd.analysis (find_bond)                                   : find_bond Ca - O rcut -> 3.0
06/03 16:33 [DEBUG] cshmd.common (time_wrapper)                                  : [RUNTIME] get_distance_table in 0.000 seconds
06/03 16:33 [DEBUG] cshmd.analysis (search_basic)                                : Basic search result -> H2O: 9, SiO4: 12, OH: 2, CO3: 0, H3O: 0, Ca_O: 60
06/03 16:33 [DEBUG] cshmd.analysis (_detail_search_chain)                        : Search layer details
06/03 16:33 [DEBUG] cshmd.analysis (set_layer_boundary)                          : Set layer boundary -> 0.2391587621 - 0.731474156325
06/03 16:33 [DEBUG] cshmd.analysis (find_bond)                                   : find_bond Ca - O rcut -> 2.6
06/03 16:33 [DEBUG] cshmd.analysis (_detail_search_adsorption)                   : Start basic analysis
06/03 16:33 [DEBUG] cshmd.analysis (find_bond)                                   : find_bond Ca - O rcut -> 3.1
06/03 16:33 [DEBUG] cshmd.analysis (find_bond)                                   : find_bond Ca - O rcut -> 5.2
06/03 16:33 [DEBUG] cshmd.analysis (__detail_surface_co3_adsorption)             : No 'C' in system
06/03 16:33 [DEBUG] cshmd.analysis (__detail_search_oh_co3)                      : No CO3 in basic search
06/03 16:33 [DEBUG] cshmd.analysis (__detail_search_oh_sioh)                     : Searching 'OH' in 'SiO4
06/03 16:33 [DEBUG] cshmd.analysis (__detail_search_oh_caoh)                     : Searching 'OH' in 'CaOH
06/03 16:33 [INFO] cshmd.analysis (Qn)                                           : [Silicate Chain] Q2: 1.000
06/03 16:33 [INFO] cshmd.analysis (evaluate_chain)                               : [Silicate Chain] BT: 4, PT: 8
06/03 16:33 [DEBUG] cshmd.analysis (__init__)                                    : <class 'cshmd.analysis.Chain'> loaded
06/03 16:33 [DEBUG] cshmd.analysis (__init__)                                    : <class 'cshmd.analysis.Chain'> loaded
06/03 16:33 [DEBUG] cshmd.analysis (__init__)                                    : <class 'cshmd.analysis.Chain'> loaded
06/03 16:33 [DEBUG] cshmd.analysis (__init__)                                    : <class 'cshmd.analysis.Chain'> loaded
06/03 16:33 [INFO] cshmd.analysis (evaluate_chain)                               : [Silicate Chain] CL : Length 3: 1
06/03 16:33 [INFO] cshmd.analysis (evaluate_chain)                               : [Silicate Chain] MCL : 3.000
06/03 16:33 [INFO] cshmd.structure (_load_file)                                  : /Users/kimuni/bin/kimuni/cshmd/data/resources/cif/T14_111_short2.cif was loaded
06/03 16:33 [DEBUG] cshmd.analysis (__init__)                                    : [StructureManager] Now new data setted for get Bonds
06/03 16:33 [DEBUG] cshmd.analysis (__del_bond__)                                : del -> Si_O O_H H_O Ca_O C_O BO NBO
06/03 16:33 [DEBUG] cshmd.analysis (__initialize_mole__)                         : initalize -> H2O SiO4 OH CO3 CO2 H3O
06/03 16:33 [DEBUG] cshmd.analysis (__initialize_mole__)                         : initalize -> SiOH CaOH HCO3 H2CO3 H3CO3
06/03 16:33 [DEBUG] cshmd.analysis (find_bond)                                   : find_bond O - H rcut -> 1.2
06/03 16:33 [DEBUG] cshmd.common (time_wrapper)                                  : [RUNTIME] get_distance_table in 0.000 seconds
06/03 16:33 [DEBUG] cshmd.analysis (get_mole)                                    : get_mole O - H -> nbonds: 2
06/03 16:33 [DEBUG] cshmd.analysis (find_bond)                                   : find_bond Si - O rcut -> 2.3
06/03 16:33 [DEBUG] cshmd.common (time_wrapper)                                  : [RUNTIME] get_distance_table in 0.000 seconds
06/03 16:33 [DEBUG] cshmd.analysis (get_mole)                                    : get_mole Si - O -> nbonds: 4
06/03 16:33 [DEBUG] cshmd.analysis (get_mole)                                    : get_mole O - H -> nbonds: 1
06/03 16:33 [DEBUG] cshmd.analysis (find_bond)                                   : find_bond C - O rcut -> 1.6
06/03 16:33 [DEBUG] cshmd.analysis (get_mole)                                    : get_mole C - O -> nbonds: 3
06/03 16:33 [DEBUG] cshmd.analysis (get_mole)                                    : get_mole O - H -> nbonds: 3
06/03 16:33 [DEBUG] cshmd.analysis (find_bond)                                   : find_bond Ca - O rcut -> 3.0
06/03 16:33 [DEBUG] cshmd.common (time_wrapper)                                  : [RUNTIME] get_distance_table in 0.000 seconds
06/03 16:33 [DEBUG] cshmd.analysis (search_basic)                                : Basic search result -> H2O: 9, SiO4: 12, OH: 2, CO3: 0, H3O: 0, Ca_O: 60
06/03 16:33 [DEBUG] cshmd.analysis (_detail_search_chain)                        : Search layer details
06/03 16:33 [DEBUG] cshmd.analysis (set_layer_boundary)                          : Set layer boundary -> 0.2391587621 - 0.731474156325
06/03 16:33 [DEBUG] cshmd.analysis (find_bond)                                   : find_bond Ca - O rcut -> 2.6
06/03 16:33 [DEBUG] cshmd.analysis (_detail_search_adsorption)                   : Start basic analysis
06/03 16:33 [DEBUG] cshmd.analysis (find_bond)                                   : find_bond Ca - O rcut -> 3.1
06/03 16:33 [DEBUG] cshmd.analysis (find_bond)                                   : find_bond Ca - O rcut -> 5.2
06/03 16:33 [DEBUG] cshmd.analysis (__detail_surface_co3_adsorption)             : No 'C' in system
06/03 16:33 [DEBUG] cshmd.analysis (__detail_search_oh_co3)                      : No CO3 in basic search
06/03 16:33 [DEBUG] cshmd.analysis (__detail_search_oh_sioh)                     : Searching 'OH' in 'SiO4
06/03 16:33 [DEBUG] cshmd.analysis (__detail_search_oh_caoh)                     : Searching 'OH' in 'CaOH
06/03 16:33 [INFO] cshmd.analysis (Qn)                                           : [Silicate Chain] Q2: 1.000
06/03 16:33 [INFO] cshmd.analysis (evaluate_chain)                               : [Silicate Chain] BT: 4, PT: 8
06/03 16:33 [DEBUG] cshmd.analysis (__init__)                                    : <class 'cshmd.analysis.Chain'> loaded
06/03 16:33 [DEBUG] cshmd.analysis (__init__)                                    : <class 'cshmd.analysis.Chain'> loaded
06/03 16:33 [DEBUG] cshmd.analysis (__init__)                                    : <class 'cshmd.analysis.Chain'> loaded
06/03 16:33 [DEBUG] cshmd.analysis (__init__)                                    : <class 'cshmd.analysis.Chain'> loaded
06/03 16:33 [INFO] cshmd.analysis (evaluate_chain)                               : [Silicate Chain] CL : Length 3: 1
06/03 16:33 [INFO] cshmd.analysis (evaluate_chain)                               : [Silicate Chain] MCL : 3.000
06/03 16:33 [INFO] csh_builder (main)                                            : [Structure] Reading command 'supercell'...
06/03 16:33 [INFO] cshmd.structure (makeSupercell)                               : [StructureManager] Supercell created 8 * 8 * 1
06/03 16:33 [DEBUG] cshmd.analysis (__init__)                                    : [StructureManager] Now new data setted for get Bonds
06/03 16:33 [DEBUG] cshmd.analysis (__del_bond__)                                : del -> Si_O O_H H_O Ca_O C_O BO NBO
06/03 16:33 [DEBUG] cshmd.analysis (__initialize_mole__)                         : initalize -> H2O SiO4 OH CO3 CO2 H3O
06/03 16:33 [DEBUG] cshmd.analysis (__initialize_mole__)                         : initalize -> SiOH CaOH HCO3 H2CO3 H3CO3
06/03 16:33 [DEBUG] cshmd.analysis (find_bond)                                   : find_bond O - H rcut -> 1.2
06/03 16:33 [DEBUG] cshmd.common (time_wrapper)                                  : [RUNTIME] get_distance_table in 0.745 seconds
06/03 16:33 [DEBUG] cshmd.analysis (get_mole)                                    : get_mole O - H -> nbonds: 2
06/03 16:33 [DEBUG] cshmd.analysis (find_bond)                                   : find_bond Si - O rcut -> 2.3
06/03 16:33 [DEBUG] cshmd.common (time_wrapper)                                  : [RUNTIME] get_distance_table in 0.451 seconds
06/03 16:33 [DEBUG] cshmd.analysis (get_mole)                                    : get_mole Si - O -> nbonds: 4
06/03 16:33 [DEBUG] cshmd.analysis (get_mole)                                    : get_mole O - H -> nbonds: 1
06/03 16:33 [DEBUG] cshmd.analysis (find_bond)                                   : find_bond C - O rcut -> 1.6
06/03 16:33 [DEBUG] cshmd.analysis (get_mole)                                    : get_mole C - O -> nbonds: 3
06/03 16:33 [DEBUG] cshmd.analysis (get_mole)                                    : get_mole O - H -> nbonds: 3
06/03 16:33 [DEBUG] cshmd.analysis (find_bond)                                   : find_bond Ca - O rcut -> 3.0
06/03 16:33 [DEBUG] cshmd.common (time_wrapper)                                  : [RUNTIME] get_distance_table in 0.341 seconds
06/03 16:33 [DEBUG] cshmd.analysis (search_basic)                                : Basic search result -> H2O: 576, SiO4: 768, OH: 128, CO3: 0, H3O: 0, Ca_O: 3840
06/03 16:33 [DEBUG] cshmd.analysis (_detail_search_chain)                        : Search layer details
06/03 16:33 [DEBUG] cshmd.analysis (set_layer_boundary)                          : Set layer boundary -> 0.23915876209999942 - 0.7314741563249987
06/03 16:33 [DEBUG] cshmd.analysis (find_bond)                                   : find_bond Ca - O rcut -> 2.6
06/03 16:33 [DEBUG] cshmd.analysis (_detail_search_adsorption)                   : Start basic analysis
06/03 16:33 [DEBUG] cshmd.analysis (find_bond)                                   : find_bond Ca - O rcut -> 3.1
06/03 16:33 [DEBUG] cshmd.analysis (find_bond)                                   : find_bond Ca - O rcut -> 5.2
06/03 16:33 [DEBUG] cshmd.analysis (__detail_surface_co3_adsorption)             : No 'C' in system
06/03 16:33 [DEBUG] cshmd.analysis (__detail_search_oh_co3)                      : No CO3 in basic search
06/03 16:33 [DEBUG] cshmd.analysis (__detail_search_oh_sioh)                     : Searching 'OH' in 'SiO4
06/03 16:33 [DEBUG] cshmd.analysis (__detail_search_oh_caoh)                     : Searching 'OH' in 'CaOH
06/03 16:33 [INFO] cshmd.analysis (Qn)                                           : [Silicate Chain] Q2: 1.000
06/03 16:33 [INFO] cshmd.analysis (evaluate_chain)                               : [Silicate Chain] BT: 256, PT: 512
06/03 16:33 [DEBUG] cshmd.analysis (__init__)                                    : <class 'cshmd.analysis.Chain'> loaded
06/03 16:33 [DEBUG] cshmd.analysis (__init__)                                    : <class 'cshmd.analysis.Chain'> loaded
06/03 16:33 [DEBUG] cshmd.analysis (__init__)                                    : <class 'cshmd.analysis.Chain'> loaded
06/03 16:33 [DEBUG] cshmd.analysis (__init__)                                    : <class 'cshmd.analysis.Chain'> loaded
06/03 16:33 [INFO] cshmd.analysis (evaluate_chain)                               : [Silicate Chain] CL : Length 24: 8
06/03 16:33 [INFO] cshmd.analysis (evaluate_chain)                               : [Silicate Chain] MCL : 24.000
06/03 16:33 [INFO] cshmd.builder (update_manager)                                : [Structure] Number of atoms: 86 -> 5504
06/03 16:33 [INFO] csh_builder (main)                                            : [Structure] Reading command 'defect_BT'...
06/03 16:33 [INFO] cshmd.builder (defect_BT)                                     : [Structure] Termination scope: False
06/03 16:33 [INFO] cshmd.builder (defect_BT)                                     : [Structure] Exists 64 Bridging Tetra in 'up' side
06/03 16:33 [INFO] cshmd.builder (defect_BT)                                     : Target MCL 9, Remove 20 BT
06/03 16:33 [INFO] cshmd.builder (defect_BT)                                     : In surface, add Ca when Bridge Tetra removed.
06/03 16:33 [INFO] cshmd.structure (add_Ca)                                      : [StructureManager] Add Ca
06/03 16:33 [INFO] cshmd.builder (defect_BT)                                     : [Structure] Exists 64 Bridging Tetra in 'down' side
06/03 16:33 [INFO] cshmd.builder (defect_BT)                                     : Target MCL 9, Remove 20 BT
06/03 16:33 [INFO] cshmd.builder (defect_BT)                                     : In surface, add Ca when Bridge Tetra removed.
06/03 16:33 [INFO] cshmd.structure (add_Ca)                                      : [StructureManager] Add Ca
06/03 16:33 [INFO] cshmd.builder (defect_BT)                                     : [Structure] Termination scope: False
06/03 16:33 [INFO] cshmd.builder (defect_BT)                                     : [Structure] Exists 64 Bridging Tetra in 'down' side
06/03 16:33 [INFO] cshmd.builder (defect_BT)                                     : Target MCL 9, Remove 20 BT
06/03 16:33 [INFO] cshmd.builder (defect_BT)                                     : In bulk, add CaOH when Bridge Tetra removed.
06/03 16:33 [INFO] cshmd.structure (add_Ca)                                      : [StructureManager] Add Ca with 1 OH
06/03 16:33 [INFO] cshmd.builder (defect_BT)                                     : [Structure] Exists 64 Bridging Tetra in 'up' side
06/03 16:33 [INFO] cshmd.builder (defect_BT)                                     : Target MCL 9, Remove 20 BT
06/03 16:33 [INFO] cshmd.builder (defect_BT)                                     : In bulk, add CaOH when Bridge Tetra removed.
06/03 16:33 [INFO] cshmd.structure (add_Ca)                                      : [StructureManager] Add Ca with 1 OH
06/03 16:33 [INFO] cshmd.structure (check_rm_list)                               : Delete 280 atoms in rm_list
06/03 16:33 [DEBUG] cshmd.analysis (__init__)                                    : [StructureManager] Now new data setted for get Bonds
06/03 16:33 [DEBUG] cshmd.analysis (__del_bond__)                                : del -> Si_O O_H H_O Ca_O C_O BO NBO
06/03 16:33 [DEBUG] cshmd.analysis (__initialize_mole__)                         : initalize -> H2O SiO4 OH CO3 CO2 H3O
06/03 16:33 [DEBUG] cshmd.analysis (__initialize_mole__)                         : initalize -> SiOH CaOH HCO3 H2CO3 H3CO3
06/03 16:33 [DEBUG] cshmd.analysis (find_bond)                                   : find_bond O - H rcut -> 1.2
06/03 16:33 [DEBUG] cshmd.common (time_wrapper)                                  : [RUNTIME] get_distance_table in 0.660 seconds
06/03 16:33 [DEBUG] cshmd.analysis (get_mole)                                    : get_mole O - H -> nbonds: 2
06/03 16:33 [DEBUG] cshmd.analysis (find_bond)                                   : find_bond Si - O rcut -> 2.3
06/03 16:33 [DEBUG] cshmd.common (time_wrapper)                                  : [RUNTIME] get_distance_table in 0.375 seconds
06/03 16:33 [DEBUG] cshmd.analysis (get_mole)                                    : get_mole Si - O -> nbonds: 4
06/03 16:33 [DEBUG] cshmd.analysis (get_mole)                                    : get_mole O - H -> nbonds: 1
06/03 16:33 [DEBUG] cshmd.analysis (find_bond)                                   : find_bond C - O rcut -> 1.6
06/03 16:33 [DEBUG] cshmd.analysis (get_mole)                                    : get_mole C - O -> nbonds: 3
06/03 16:33 [DEBUG] cshmd.analysis (get_mole)                                    : get_mole O - H -> nbonds: 3
06/03 16:33 [DEBUG] cshmd.analysis (find_bond)                                   : find_bond Ca - O rcut -> 3.0
06/03 16:33 [DEBUG] cshmd.common (time_wrapper)                                  : [RUNTIME] get_distance_table in 0.340 seconds
06/03 16:33 [DEBUG] cshmd.analysis (search_basic)                                : Basic search result -> H2O: 576, SiO4: 688, OH: 128, CO3: 0, H3O: 0, Ca_O: 3980
06/03 16:33 [DEBUG] cshmd.analysis (_detail_search_chain)                        : Search layer details
06/03 16:33 [DEBUG] cshmd.analysis (set_layer_boundary)                          : Set layer boundary -> 0.23915876209999942 - 0.7314741563249987
06/03 16:33 [DEBUG] cshmd.analysis (find_bond)                                   : find_bond Ca - O rcut -> 2.6
06/03 16:33 [DEBUG] cshmd.analysis (_detail_search_adsorption)                   : Start basic analysis
06/03 16:33 [DEBUG] cshmd.analysis (find_bond)                                   : find_bond Ca - O rcut -> 3.1
06/03 16:33 [DEBUG] cshmd.analysis (find_bond)                                   : find_bond Ca - O rcut -> 5.2
06/03 16:33 [DEBUG] cshmd.analysis (__detail_surface_co3_adsorption)             : No 'C' in system
06/03 16:33 [DEBUG] cshmd.analysis (__detail_search_oh_co3)                      : No CO3 in basic search
06/03 16:33 [DEBUG] cshmd.analysis (__detail_search_oh_sioh)                     : Searching 'OH' in 'SiO4
06/03 16:33 [DEBUG] cshmd.analysis (__detail_search_oh_caoh)                     : Searching 'OH' in 'CaOH
06/03 16:33 [INFO] cshmd.analysis (Qn)                                           : [Silicate Chain] Q1: 0.233
06/03 16:33 [INFO] cshmd.analysis (Qn)                                           : [Silicate Chain] Q2: 0.767
06/03 16:33 [INFO] cshmd.analysis (evaluate_chain)                               : [Silicate Chain] BT: 176, PT: 512
06/03 16:33 [DEBUG] cshmd.analysis (__init__)                                    : <class 'cshmd.analysis.Chain'> loaded
06/03 16:33 [DEBUG] cshmd.analysis (__init__)                                    : <class 'cshmd.analysis.Chain'> loaded
06/03 16:33 [DEBUG] cshmd.analysis (__init__)                                    : <class 'cshmd.analysis.Chain'> loaded
06/03 16:33 [DEBUG] cshmd.analysis (__init__)                                    : <class 'cshmd.analysis.Chain'> loaded
06/03 16:33 [INFO] cshmd.analysis (evaluate_chain)                               : [Silicate Chain] CL : Length 5: 4 Length 8: 8 Length 11: 8
06/03 16:33 [INFO] cshmd.analysis (evaluate_chain)                               : [Silicate Chain] MCL : 8.600
06/03 16:33 [INFO] cshmd.builder (update_manager)                                : [Structure] Number of atoms: 5504 -> 5384
06/03 16:33 [INFO] csh_builder (main)                                            : [Structure] Reading command 'terminate_NBO'...
06/03 16:33 [INFO] cshmd.builder (terminate_NBO)                                 : Terminate <class 'float'> ratio of silanol group -> 88 / 88 in 2sides
06/03 16:33 [INFO] cshmd.structure (writeCif)                                    : L09.cif was created
06/03 16:33 [INFO] cshmd.builder (out_model)                                     : Total Charge: 0
06/03 16:33 [INFO] csh_builder (main)                                            : ----------------------------------------------------------------------
06/03 16:34 [DEBUG] cshmd.common (get_logger)                                    : $$$$$$$$$$$$$$  Logger 'cshmd.common........' initialized  $$$$$$$$$$$$$$
06/03 16:34 [DEBUG] cshmd.functions (get_logger)                                 : $$$$$$$$$$$$$$  Logger 'cshmd.functions.....' initialized  $$$$$$$$$$$$$$
06/03 16:34 [DEBUG] cshmd.load (get_logger)                                      : $$$$$$$$$$$$$$  Logger 'cshmd.load..........' initialized  $$$$$$$$$$$$$$
06/03 16:34 [DEBUG] cshmd.analysis (get_logger)                                  : $$$$$$$$$$$$$$  Logger 'cshmd.analysis......' initialized  $$$$$$$$$$$$$$
06/03 16:34 [DEBUG] cshmd.equation (get_logger)                                  : $$$$$$$$$$$$$$  Logger 'cshmd.equation......' initialized  $$$$$$$$$$$$$$
06/03 16:34 [DEBUG] cshmd.structure (get_logger)                                 : $$$$$$$$$$$$$$  Logger 'cshmd.structure.....' initialized  $$$$$$$$$$$$$$
06/03 16:34 [DEBUG] cshmd.builder (get_logger)                                   : $$$$$$$$$$$$$$  Logger 'cshmd.builder.......' initialized  $$$$$$$$$$$$$$
06/03 16:34 [DEBUG] cshmd.trj_analysis (get_logger)                              : $$$$$$$$$$$$$$  Logger 'cshmd.trj_analysis..' initialized  $$$$$$$$$$$$$$
06/03 16:34 [DEBUG] cif_modifier (get_logger)                                    : $$$$$$$$$$$$$$  Logger 'cif_modifier........' initialized  $$$$$$$$$$$$$$
06/03 16:34 [INFO] cif_modifier (<module>)                                       : Logger loaded
06/03 16:34 [INFO] cshmd.structure (_load_file)                                  : L085.cif was loaded
06/03 16:34 [DEBUG] cshmd.analysis (__init__)                                    : [StructureManager] Now new data setted for get Bonds
06/03 16:34 [DEBUG] cshmd.analysis (__del_bond__)                                : del -> Si_O O_H H_O Ca_O C_O BO NBO
06/03 16:34 [DEBUG] cshmd.analysis (__initialize_mole__)                         : initalize -> H2O SiO4 OH CO3 CO2 H3O
06/03 16:34 [DEBUG] cshmd.analysis (__initialize_mole__)                         : initalize -> SiOH CaOH HCO3 H2CO3 H3CO3
06/03 16:34 [DEBUG] cshmd.analysis (find_bond)                                   : find_bond O - H rcut -> 1.2
06/03 16:34 [DEBUG] cshmd.common (time_wrapper)                                  : [RUNTIME] get_distance_table in 0.746 seconds
06/03 16:34 [DEBUG] cshmd.analysis (get_mole)                                    : get_mole O - H -> nbonds: 2
06/03 16:34 [DEBUG] cshmd.analysis (find_bond)                                   : find_bond Si - O rcut -> 2.3
06/03 16:34 [DEBUG] cshmd.common (time_wrapper)                                  : [RUNTIME] get_distance_table in 0.360 seconds
06/03 16:34 [DEBUG] cshmd.analysis (get_mole)                                    : get_mole Si - O -> nbonds: 4
06/03 16:34 [DEBUG] cshmd.analysis (get_mole)                                    : get_mole O - H -> nbonds: 1
06/03 16:34 [DEBUG] cshmd.analysis (find_bond)                                   : find_bond C - O rcut -> 1.6
06/03 16:34 [DEBUG] cshmd.analysis (get_mole)                                    : get_mole C - O -> nbonds: 3
06/03 16:34 [DEBUG] cshmd.analysis (get_mole)                                    : get_mole O - H -> nbonds: 3
06/03 16:34 [DEBUG] cshmd.analysis (find_bond)                                   : find_bond Ca - O rcut -> 3.0
06/03 16:34 [DEBUG] cshmd.common (time_wrapper)                                  : [RUNTIME] get_distance_table in 0.312 seconds
06/03 16:34 [DEBUG] cshmd.analysis (search_basic)                                : Basic search result -> H2O: 576, SiO4: 684, OH: 300, CO3: 0, H3O: 0, Ca_O: 3987
06/03 16:34 [INFO] cshmd.analysis (Qn)                                           : [Silicate Chain] Q1: 0.246
06/03 16:34 [INFO] cshmd.analysis (Qn)                                           : [Silicate Chain] Q2: 0.754
06/03 16:34 [DEBUG] cshmd.common (get_logger)                                    : $$$$$$$$$$$$$$  Logger 'cshmd.common........' initialized  $$$$$$$$$$$$$$
06/03 16:34 [DEBUG] cshmd.functions (get_logger)                                 : $$$$$$$$$$$$$$  Logger 'cshmd.functions.....' initialized  $$$$$$$$$$$$$$
06/03 16:34 [DEBUG] cshmd.load (get_logger)                                      : $$$$$$$$$$$$$$  Logger 'cshmd.load..........' initialized  $$$$$$$$$$$$$$
06/03 16:34 [DEBUG] cshmd.analysis (get_logger)                                  : $$$$$$$$$$$$$$  Logger 'cshmd.analysis......' initialized  $$$$$$$$$$$$$$
06/03 16:34 [DEBUG] cshmd.equation (get_logger)                                  : $$$$$$$$$$$$$$  Logger 'cshmd.equation......' initialized  $$$$$$$$$$$$$$
06/03 16:34 [DEBUG] cshmd.structure (get_logger)                                 : $$$$$$$$$$$$$$  Logger 'cshmd.structure.....' initialized  $$$$$$$$$$$$$$
06/03 16:34 [DEBUG] cshmd.builder (get_logger)                                   : $$$$$$$$$$$$$$  Logger 'cshmd.builder.......' initialized  $$$$$$$$$$$$$$
06/03 16:34 [DEBUG] cshmd.trj_analysis (get_logger)                              : $$$$$$$$$$$$$$  Logger 'cshmd.trj_analysis..' initialized  $$$$$$$$$$$$$$
06/03 16:34 [DEBUG] cif_modifier (get_logger)                                    : $$$$$$$$$$$$$$  Logger 'cif_modifier........' initialized  $$$$$$$$$$$$$$
06/03 16:34 [INFO] cif_modifier (<module>)                                       : Logger loaded
06/03 16:34 [INFO] cshmd.structure (_load_file)                                  : L085.cif was loaded
06/03 16:34 [DEBUG] cshmd.analysis (__init__)                                    : [StructureManager] Now new data setted for get Bonds
06/03 16:34 [DEBUG] cshmd.analysis (__del_bond__)                                : del -> Si_O O_H H_O Ca_O C_O BO NBO
06/03 16:34 [DEBUG] cshmd.analysis (__initialize_mole__)                         : initalize -> H2O SiO4 OH CO3 CO2 H3O
06/03 16:34 [DEBUG] cshmd.analysis (__initialize_mole__)                         : initalize -> SiOH CaOH HCO3 H2CO3 H3CO3
06/03 16:34 [DEBUG] cshmd.analysis (find_bond)                                   : find_bond O - H rcut -> 1.2
06/03 16:34 [DEBUG] cshmd.common (time_wrapper)                                  : [RUNTIME] get_distance_table in 0.647 seconds
06/03 16:34 [DEBUG] cshmd.analysis (get_mole)                                    : get_mole O - H -> nbonds: 2
06/03 16:34 [DEBUG] cshmd.analysis (find_bond)                                   : find_bond Si - O rcut -> 2.3
06/03 16:34 [DEBUG] cshmd.common (time_wrapper)                                  : [RUNTIME] get_distance_table in 0.318 seconds
06/03 16:34 [DEBUG] cshmd.analysis (get_mole)                                    : get_mole Si - O -> nbonds: 4
06/03 16:34 [DEBUG] cshmd.analysis (get_mole)                                    : get_mole O - H -> nbonds: 1
06/03 16:34 [DEBUG] cshmd.analysis (find_bond)                                   : find_bond C - O rcut -> 1.6
06/03 16:34 [DEBUG] cshmd.analysis (get_mole)                                    : get_mole C - O -> nbonds: 3
06/03 16:34 [DEBUG] cshmd.analysis (get_mole)                                    : get_mole O - H -> nbonds: 3
06/03 16:34 [DEBUG] cshmd.analysis (find_bond)                                   : find_bond Ca - O rcut -> 3.0
06/03 16:34 [DEBUG] cshmd.common (time_wrapper)                                  : [RUNTIME] get_distance_table in 0.293 seconds
06/03 16:34 [DEBUG] cshmd.analysis (search_basic)                                : Basic search result -> H2O: 576, SiO4: 684, OH: 300, CO3: 0, H3O: 0, Ca_O: 3987
06/03 16:34 [INFO] cshmd.analysis (Qn)                                           : [Silicate Chain] Q1: 0.246
06/03 16:34 [INFO] cshmd.analysis (Qn)                                           : [Silicate Chain] Q2: 0.754
06/03 16:34 [DEBUG] cshmd.common (get_logger)                                    : $$$$$$$$$$$$$$  Logger 'cshmd.common........' initialized  $$$$$$$$$$$$$$
06/03 16:34 [DEBUG] cshmd.functions (get_logger)                                 : $$$$$$$$$$$$$$  Logger 'cshmd.functions.....' initialized  $$$$$$$$$$$$$$
06/03 16:34 [DEBUG] cshmd.load (get_logger)                                      : $$$$$$$$$$$$$$  Logger 'cshmd.load..........' initialized  $$$$$$$$$$$$$$
06/03 16:34 [DEBUG] cshmd.analysis (get_logger)                                  : $$$$$$$$$$$$$$  Logger 'cshmd.analysis......' initialized  $$$$$$$$$$$$$$
06/03 16:34 [DEBUG] cshmd.equation (get_logger)                                  : $$$$$$$$$$$$$$  Logger 'cshmd.equation......' initialized  $$$$$$$$$$$$$$
06/03 16:34 [DEBUG] cshmd.structure (get_logger)                                 : $$$$$$$$$$$$$$  Logger 'cshmd.structure.....' initialized  $$$$$$$$$$$$$$
06/03 16:34 [DEBUG] cshmd.builder (get_logger)                                   : $$$$$$$$$$$$$$  Logger 'cshmd.builder.......' initialized  $$$$$$$$$$$$$$
06/03 16:34 [DEBUG] cshmd.trj_analysis (get_logger)                              : $$$$$$$$$$$$$$  Logger 'cshmd.trj_analysis..' initialized  $$$$$$$$$$$$$$
06/03 16:34 [DEBUG] cif_modifier (get_logger)                                    : $$$$$$$$$$$$$$  Logger 'cif_modifier........' initialized  $$$$$$$$$$$$$$
06/03 16:34 [INFO] cif_modifier (<module>)                                       : Logger loaded
06/03 16:34 [INFO] cshmd.structure (_load_file)                                  : L090.cif was loaded
06/03 16:34 [DEBUG] cshmd.analysis (__init__)                                    : [StructureManager] Now new data setted for get Bonds
06/03 16:34 [DEBUG] cshmd.analysis (__del_bond__)                                : del -> Si_O O_H H_O Ca_O C_O BO NBO
06/03 16:34 [DEBUG] cshmd.analysis (__initialize_mole__)                         : initalize -> H2O SiO4 OH CO3 CO2 H3O
06/03 16:34 [DEBUG] cshmd.analysis (__initialize_mole__)                         : initalize -> SiOH CaOH HCO3 H2CO3 H3CO3
06/03 16:34 [DEBUG] cshmd.analysis (find_bond)                                   : find_bond O - H rcut -> 1.2
06/03 16:34 [DEBUG] cshmd.common (time_wrapper)                                  : [RUNTIME] get_distance_table in 0.644 seconds
06/03 16:34 [DEBUG] cshmd.analysis (get_mole)                                    : get_mole O - H -> nbonds: 2
06/03 16:34 [DEBUG] cshmd.analysis (find_bond)                                   : find_bond Si - O rcut -> 2.3
06/03 16:34 [DEBUG] cshmd.common (time_wrapper)                                  : [RUNTIME] get_distance_table in 0.330 seconds
06/03 16:34 [DEBUG] cshmd.analysis (get_mole)                                    : get_mole Si - O -> nbonds: 4
06/03 16:34 [DEBUG] cshmd.analysis (get_mole)                                    : get_mole O - H -> nbonds: 1
06/03 16:34 [DEBUG] cshmd.analysis (find_bond)                                   : find_bond C - O rcut -> 1.6
06/03 16:34 [DEBUG] cshmd.analysis (get_mole)                                    : get_mole C - O -> nbonds: 3
06/03 16:34 [DEBUG] cshmd.analysis (get_mole)                                    : get_mole O - H -> nbonds: 3
06/03 16:34 [DEBUG] cshmd.analysis (find_bond)                                   : find_bond Ca - O rcut -> 3.0
06/03 16:34 [DEBUG] cshmd.common (time_wrapper)                                  : [RUNTIME] get_distance_table in 0.298 seconds
06/03 16:34 [DEBUG] cshmd.analysis (search_basic)                                : Basic search result -> H2O: 576, SiO4: 688, OH: 304, CO3: 0, H3O: 0, Ca_O: 3980
06/03 16:34 [INFO] cshmd.analysis (Qn)                                           : [Silicate Chain] Q1: 0.233
06/03 16:34 [INFO] cshmd.analysis (Qn)                                           : [Silicate Chain] Q2: 0.767
06/03 16:34 [DEBUG] cshmd.common (get_logger)                                    : $$$$$$$$$$$$$$  Logger 'cshmd.common........' initialized  $$$$$$$$$$$$$$
06/03 16:34 [DEBUG] cshmd.functions (get_logger)                                 : $$$$$$$$$$$$$$  Logger 'cshmd.functions.....' initialized  $$$$$$$$$$$$$$
06/03 16:34 [DEBUG] cshmd.load (get_logger)                                      : $$$$$$$$$$$$$$  Logger 'cshmd.load..........' initialized  $$$$$$$$$$$$$$
06/03 16:34 [DEBUG] cshmd.analysis (get_logger)                                  : $$$$$$$$$$$$$$  Logger 'cshmd.analysis......' initialized  $$$$$$$$$$$$$$
06/03 16:35 [DEBUG] cshmd.common (get_logger)                                    : $$$$$$$$$$$$$$  Logger 'cshmd.common........' initialized  $$$$$$$$$$$$$$
06/03 16:35 [DEBUG] cshmd.functions (get_logger)                                 : $$$$$$$$$$$$$$  Logger 'cshmd.functions.....' initialized  $$$$$$$$$$$$$$
06/03 16:35 [DEBUG] cshmd.load (get_logger)                                      : $$$$$$$$$$$$$$  Logger 'cshmd.load..........' initialized  $$$$$$$$$$$$$$
06/03 16:35 [DEBUG] cshmd.analysis (get_logger)                                  : $$$$$$$$$$$$$$  Logger 'cshmd.analysis......' initialized  $$$$$$$$$$$$$$
06/03 16:35 [DEBUG] cshmd.equation (get_logger)                                  : $$$$$$$$$$$$$$  Logger 'cshmd.equation......' initialized  $$$$$$$$$$$$$$
06/03 16:35 [DEBUG] cshmd.structure (get_logger)                                 : $$$$$$$$$$$$$$  Logger 'cshmd.structure.....' initialized  $$$$$$$$$$$$$$
06/03 16:35 [DEBUG] cshmd.builder (get_logger)                                   : $$$$$$$$$$$$$$  Logger 'cshmd.builder.......' initialized  $$$$$$$$$$$$$$
06/03 16:35 [DEBUG] cshmd.trj_analysis (get_logger)                              : $$$$$$$$$$$$$$  Logger 'cshmd.trj_analysis..' initialized  $$$$$$$$$$$$$$
06/03 16:35 [DEBUG] cif_modifier (get_logger)                                    : $$$$$$$$$$$$$$  Logger 'cif_modifier........' initialized  $$$$$$$$$$$$$$
06/03 16:35 [INFO] cif_modifier (<module>)                                       : Logger loaded
06/03 16:35 [INFO] cshmd.structure (_load_file)                                  : L085.cif was loaded
06/03 16:35 [DEBUG] cshmd.analysis (__init__)                                    : [StructureManager] Now new data setted for get Bonds
06/03 16:35 [DEBUG] cshmd.analysis (__del_bond__)                                : del -> Si_O O_H H_O Ca_O C_O BO NBO
06/03 16:35 [DEBUG] cshmd.analysis (__initialize_mole__)                         : initalize -> H2O SiO4 OH CO3 CO2 H3O
06/03 16:35 [DEBUG] cshmd.analysis (__initialize_mole__)                         : initalize -> SiOH CaOH HCO3 H2CO3 H3CO3
06/03 16:35 [DEBUG] cshmd.analysis (find_bond)                                   : find_bond O - H rcut -> 1.2
06/03 16:35 [DEBUG] cshmd.common (time_wrapper)                                  : [RUNTIME] get_distance_table in 0.675 seconds
06/03 16:35 [DEBUG] cshmd.analysis (get_mole)                                    : get_mole O - H -> nbonds: 2
06/03 16:35 [DEBUG] cshmd.analysis (find_bond)                                   : find_bond Si - O rcut -> 2.3
06/03 16:35 [DEBUG] cshmd.common (time_wrapper)                                  : [RUNTIME] get_distance_table in 0.332 seconds
06/03 16:35 [DEBUG] cshmd.analysis (get_mole)                                    : get_mole Si - O -> nbonds: 4
06/03 16:35 [DEBUG] cshmd.analysis (get_mole)                                    : get_mole O - H -> nbonds: 1
06/03 16:35 [DEBUG] cshmd.analysis (find_bond)                                   : find_bond C - O rcut -> 1.6
06/03 16:35 [DEBUG] cshmd.analysis (get_mole)                                    : get_mole C - O -> nbonds: 3
06/03 16:35 [DEBUG] cshmd.analysis (get_mole)                                    : get_mole O - H -> nbonds: 3
06/03 16:35 [DEBUG] cshmd.analysis (find_bond)                                   : find_bond Ca - O rcut -> 3.0
06/03 16:35 [DEBUG] cshmd.common (time_wrapper)                                  : [RUNTIME] get_distance_table in 0.322 seconds
06/03 16:35 [DEBUG] cshmd.analysis (search_basic)                                : Basic search result -> H2O: 576, SiO4: 684, OH: 300, CO3: 0, H3O: 0, Ca_O: 3987
06/03 16:35 [INFO] cshmd.analysis (Qn)                                           : [Silicate Chain] Q1: 0.246
06/03 16:35 [INFO] cshmd.analysis (Qn)                                           : [Silicate Chain] Q2: 0.754
06/03 16:35 [DEBUG] cshmd.common (get_logger)                                    : $$$$$$$$$$$$$$  Logger 'cshmd.common........' initialized  $$$$$$$$$$$$$$
06/03 16:35 [DEBUG] cshmd.functions (get_logger)                                 : $$$$$$$$$$$$$$  Logger 'cshmd.functions.....' initialized  $$$$$$$$$$$$$$
06/03 16:35 [DEBUG] cshmd.load (get_logger)                                      : $$$$$$$$$$$$$$  Logger 'cshmd.load..........' initialized  $$$$$$$$$$$$$$
06/03 16:35 [DEBUG] cshmd.analysis (get_logger)                                  : $$$$$$$$$$$$$$  Logger 'cshmd.analysis......' initialized  $$$$$$$$$$$$$$
06/03 16:35 [DEBUG] cshmd.equation (get_logger)                                  : $$$$$$$$$$$$$$  Logger 'cshmd.equation......' initialized  $$$$$$$$$$$$$$
06/03 16:35 [DEBUG] cshmd.structure (get_logger)                                 : $$$$$$$$$$$$$$  Logger 'cshmd.structure.....' initialized  $$$$$$$$$$$$$$
06/03 16:35 [DEBUG] cshmd.builder (get_logger)                                   : $$$$$$$$$$$$$$  Logger 'cshmd.builder.......' initialized  $$$$$$$$$$$$$$
06/03 16:35 [DEBUG] cshmd.trj_analysis (get_logger)                              : $$$$$$$$$$$$$$  Logger 'cshmd.trj_analysis..' initialized  $$$$$$$$$$$$$$
06/03 16:35 [DEBUG] cif_modifier (get_logger)                                    : $$$$$$$$$$$$$$  Logger 'cif_modifier........' initialized  $$$$$$$$$$$$$$
06/03 16:35 [INFO] cif_modifier (<module>)                                       : Logger loaded
06/03 16:35 [INFO] cshmd.structure (_load_file)                                  : L085.cif was loaded
06/03 16:35 [DEBUG] cshmd.analysis (__init__)                                    : [StructureManager] Now new data setted for get Bonds
06/03 16:35 [DEBUG] cshmd.analysis (__del_bond__)                                : del -> Si_O O_H H_O Ca_O C_O BO NBO
06/03 16:35 [DEBUG] cshmd.analysis (__initialize_mole__)                         : initalize -> H2O SiO4 OH CO3 CO2 H3O
06/03 16:35 [DEBUG] cshmd.analysis (__initialize_mole__)                         : initalize -> SiOH CaOH HCO3 H2CO3 H3CO3
06/03 16:35 [DEBUG] cshmd.analysis (find_bond)                                   : find_bond O - H rcut -> 1.2
06/03 16:35 [DEBUG] cshmd.common (time_wrapper)                                  : [RUNTIME] get_distance_table in 0.640 seconds
06/03 16:35 [DEBUG] cshmd.analysis (get_mole)                                    : get_mole O - H -> nbonds: 2
06/03 16:35 [DEBUG] cshmd.analysis (find_bond)                                   : find_bond Si - O rcut -> 2.3
06/03 16:35 [DEBUG] cshmd.common (time_wrapper)                                  : [RUNTIME] get_distance_table in 0.337 seconds
06/03 16:35 [DEBUG] cshmd.analysis (get_mole)                                    : get_mole Si - O -> nbonds: 4
06/03 16:35 [DEBUG] cshmd.analysis (get_mole)                                    : get_mole O - H -> nbonds: 1
06/03 16:35 [DEBUG] cshmd.analysis (find_bond)                                   : find_bond C - O rcut -> 1.6
06/03 16:35 [DEBUG] cshmd.analysis (get_mole)                                    : get_mole C - O -> nbonds: 3
06/03 16:35 [DEBUG] cshmd.analysis (get_mole)                                    : get_mole O - H -> nbonds: 3
06/03 16:35 [DEBUG] cshmd.analysis (find_bond)                                   : find_bond Ca - O rcut -> 3.0
06/03 16:35 [DEBUG] cshmd.common (time_wrapper)                                  : [RUNTIME] get_distance_table in 0.297 seconds
06/03 16:35 [DEBUG] cshmd.analysis (search_basic)                                : Basic search result -> H2O: 576, SiO4: 684, OH: 300, CO3: 0, H3O: 0, Ca_O: 3987
06/03 16:35 [INFO] cshmd.analysis (Qn)                                           : [Silicate Chain] Q1: 0.246
06/03 16:35 [INFO] cshmd.analysis (Qn)                                           : [Silicate Chain] Q2: 0.754
06/03 16:35 [DEBUG] cshmd.common (get_logger)                                    : $$$$$$$$$$$$$$  Logger 'cshmd.common........' initialized  $$$$$$$$$$$$$$
06/03 16:35 [DEBUG] cshmd.functions (get_logger)                                 : $$$$$$$$$$$$$$  Logger 'cshmd.functions.....' initialized  $$$$$$$$$$$$$$
06/03 16:35 [DEBUG] cshmd.load (get_logger)                                      : $$$$$$$$$$$$$$  Logger 'cshmd.load..........' initialized  $$$$$$$$$$$$$$
06/03 16:40 [DEBUG] cshmd.common (get_logger)                                    : $$$$$$$$$$$$$$  Logger 'cshmd.common........' initialized  $$$$$$$$$$$$$$
06/03 16:40 [DEBUG] cshmd.functions (get_logger)                                 : $$$$$$$$$$$$$$  Logger 'cshmd.functions.....' initialized  $$$$$$$$$$$$$$
06/03 16:40 [DEBUG] cshmd.load (get_logger)                                      : $$$$$$$$$$$$$$  Logger 'cshmd.load..........' initialized  $$$$$$$$$$$$$$
06/03 16:40 [DEBUG] cshmd.analysis (get_logger)                                  : $$$$$$$$$$$$$$  Logger 'cshmd.analysis......' initialized  $$$$$$$$$$$$$$
06/03 16:40 [DEBUG] cshmd.equation (get_logger)                                  : $$$$$$$$$$$$$$  Logger 'cshmd.equation......' initialized  $$$$$$$$$$$$$$
06/03 16:40 [DEBUG] cshmd.structure (get_logger)                                 : $$$$$$$$$$$$$$  Logger 'cshmd.structure.....' initialized  $$$$$$$$$$$$$$
06/03 16:40 [DEBUG] cshmd.builder (get_logger)                                   : $$$$$$$$$$$$$$  Logger 'cshmd.builder.......' initialized  $$$$$$$$$$$$$$
06/03 16:40 [DEBUG] cshmd.trj_analysis (get_logger)                              : $$$$$$$$$$$$$$  Logger 'cshmd.trj_analysis..' initialized  $$$$$$$$$$$$$$
06/03 16:40 [DEBUG] cif_modifier (get_logger)                                    : $$$$$$$$$$$$$$  Logger 'cif_modifier........' initialized  $$$$$$$$$$$$$$
06/03 16:40 [INFO] cif_modifier (<module>)                                       : Logger loaded
06/03 16:40 [INFO] cshmd.structure (_load_file)                                  : L085.cif was loaded
06/03 16:40 [DEBUG] cshmd.analysis (__init__)                                    : [StructureManager] Now new data setted for get Bonds
06/03 16:40 [DEBUG] cshmd.analysis (__del_bond__)                                : del -> Si_O O_H H_O Ca_O C_O BO NBO
06/03 16:40 [DEBUG] cshmd.analysis (__initialize_mole__)                         : initalize -> H2O SiO4 OH CO3 CO2 H3O
06/03 16:40 [DEBUG] cshmd.analysis (__initialize_mole__)                         : initalize -> SiOH CaOH HCO3 H2CO3 H3CO3
06/03 16:40 [DEBUG] cshmd.analysis (find_bond)                                   : find_bond O - H rcut -> 1.2
06/03 16:40 [DEBUG] cshmd.common (time_wrapper)                                  : [RUNTIME] get_distance_table in 0.660 seconds
06/03 16:40 [DEBUG] cshmd.analysis (get_mole)                                    : get_mole O - H -> nbonds: 2
06/03 16:40 [DEBUG] cshmd.analysis (find_bond)                                   : find_bond Si - O rcut -> 2.3
06/03 16:40 [DEBUG] cshmd.common (time_wrapper)                                  : [RUNTIME] get_distance_table in 0.334 seconds
06/03 16:40 [DEBUG] cshmd.analysis (get_mole)                                    : get_mole Si - O -> nbonds: 4
06/03 16:40 [DEBUG] cshmd.analysis (get_mole)                                    : get_mole O - H -> nbonds: 1
06/03 16:40 [DEBUG] cshmd.analysis (find_bond)                                   : find_bond C - O rcut -> 1.6
06/03 16:40 [DEBUG] cshmd.analysis (get_mole)                                    : get_mole C - O -> nbonds: 3
06/03 16:40 [DEBUG] cshmd.analysis (get_mole)                                    : get_mole O - H -> nbonds: 3
06/03 16:40 [DEBUG] cshmd.analysis (find_bond)                                   : find_bond Ca - O rcut -> 3.0
06/03 16:40 [DEBUG] cshmd.common (time_wrapper)                                  : [RUNTIME] get_distance_table in 0.297 seconds
06/03 16:40 [DEBUG] cshmd.analysis (search_basic)                                : Basic search result -> H2O: 576, SiO4: 684, OH: 300, CO3: 0, H3O: 0, Ca_O: 3987
06/03 16:40 [DEBUG] cshmd.analysis (find_bond)                                   : find_bond O - H rcut -> 1.15
06/03 16:40 [DEBUG] cshmd.analysis (get_mole)                                    : get_mole O - H -> nbonds: 1
06/03 16:40 [DEBUG] cshmd.analysis (get_mole)                                    : get_mole O - H -> nbonds: 2
06/03 16:40 [DEBUG] cshmd.analysis (find_bond)                                   : find_bond C - O rcut -> 1.4
06/03 16:40 [DEBUG] cshmd.analysis (get_mole)                                    : get_mole C - O -> nbonds: 3
06/03 16:40 [DEBUG] cshmd.analysis (find_bond)                                   : find_bond Si - O rcut -> 1.8
06/03 16:40 [DEBUG] cshmd.analysis (get_mole)                                    : get_mole Si - O -> nbonds: 4
06/03 16:40 [INFO] cshmd.functions (cal_uniform_by_space)                        : Number of molecules to add : 2681
06/03 16:40 [INFO] cshmd.functions (cal_uniform_by_space)                        : Number of atoms per surface : 272
06/03 16:40 [INFO] cshmd.functions (cal_uniform_by_space)                        : Number of layer : 10
06/03 16:40 [INFO] cshmd.structure (extendLattice)                               : Extend lattice 53.882 59.402 28.424 -> 53.882 59.402 46.424 
06/03 16:40 [INFO] cif_modifier (exec_make_interface)                            : MODE -> distribution
06/03 16:40 [INFO] cif_modifier (exec_make_interface)                            : Number of atoms: 5550 -> 13596
06/03 16:40 [INFO] cshmd.structure (labeling_by_clayff)                          : Now get label according to 'Clayff' style
06/03 16:40 [DEBUG] cshmd.analysis (get_mole)                                    : get_mole O - H -> nbonds: 1
06/03 16:40 [DEBUG] cshmd.analysis (get_mole)                                    : get_mole O - H -> nbonds: 2
06/03 16:40 [DEBUG] cshmd.analysis (get_mole)                                    : get_mole Si - O -> nbonds: 4
06/03 16:40 [DEBUG] cshmd.analysis (get_mole)                                    : get_mole C - O -> nbonds: 3
06/03 16:40 [INFO] cshmd.structure (labeling_by_clayff)                          : All atoms labeled by clayff
06/03 16:40 [INFO] cshmd.structure (labeling_by_clayff)                          : Clayff charge: 0.820
06/03 16:40 [INFO] cshmd.structure (writeCif)                                    : L085_w2750_c.cif was created
06/03 16:40 [INFO] cif_modifier (__init__)                                       : Total charge: 0 -> 0
06/03 16:40 [DEBUG] cshmd.common (get_logger)                                    : $$$$$$$$$$$$$$  Logger 'cshmd.common........' initialized  $$$$$$$$$$$$$$
06/03 16:40 [DEBUG] cshmd.functions (get_logger)                                 : $$$$$$$$$$$$$$  Logger 'cshmd.functions.....' initialized  $$$$$$$$$$$$$$
06/03 16:40 [DEBUG] cshmd.load (get_logger)                                      : $$$$$$$$$$$$$$  Logger 'cshmd.load..........' initialized  $$$$$$$$$$$$$$
06/03 16:40 [DEBUG] cshmd.analysis (get_logger)                                  : $$$$$$$$$$$$$$  Logger 'cshmd.analysis......' initialized  $$$$$$$$$$$$$$
06/03 16:40 [DEBUG] cshmd.equation (get_logger)                                  : $$$$$$$$$$$$$$  Logger 'cshmd.equation......' initialized  $$$$$$$$$$$$$$
06/03 16:40 [DEBUG] cshmd.structure (get_logger)                                 : $$$$$$$$$$$$$$  Logger 'cshmd.structure.....' initialized  $$$$$$$$$$$$$$
06/03 16:40 [DEBUG] cshmd.builder (get_logger)                                   : $$$$$$$$$$$$$$  Logger 'cshmd.builder.......' initialized  $$$$$$$$$$$$$$
06/03 16:40 [DEBUG] cshmd.trj_analysis (get_logger)                              : $$$$$$$$$$$$$$  Logger 'cshmd.trj_analysis..' initialized  $$$$$$$$$$$$$$
06/03 16:40 [DEBUG] cif_modifier (get_logger)                                    : $$$$$$$$$$$$$$  Logger 'cif_modifier........' initialized  $$$$$$$$$$$$$$
06/03 16:40 [INFO] cif_modifier (<module>)                                       : Logger loaded
06/03 16:40 [INFO] cshmd.structure (_load_file)                                  : L085.cif was loaded
06/03 16:40 [DEBUG] cshmd.analysis (__init__)                                    : [StructureManager] Now new data setted for get Bonds
06/03 16:40 [DEBUG] cshmd.analysis (__del_bond__)                                : del -> Si_O O_H H_O Ca_O C_O BO NBO
06/03 16:40 [DEBUG] cshmd.analysis (__initialize_mole__)                         : initalize -> H2O SiO4 OH CO3 CO2 H3O
06/03 16:40 [DEBUG] cshmd.analysis (__initialize_mole__)                         : initalize -> SiOH CaOH HCO3 H2CO3 H3CO3
06/03 16:40 [DEBUG] cshmd.analysis (find_bond)                                   : find_bond O - H rcut -> 1.2
06/03 16:40 [DEBUG] cshmd.common (time_wrapper)                                  : [RUNTIME] get_distance_table in 0.616 seconds
06/03 16:40 [DEBUG] cshmd.analysis (get_mole)                                    : get_mole O - H -> nbonds: 2
06/03 16:40 [DEBUG] cshmd.analysis (find_bond)                                   : find_bond Si - O rcut -> 2.3
06/03 16:40 [DEBUG] cshmd.common (time_wrapper)                                  : [RUNTIME] get_distance_table in 0.299 seconds
06/03 16:40 [DEBUG] cshmd.analysis (get_mole)                                    : get_mole Si - O -> nbonds: 4
06/03 16:40 [DEBUG] cshmd.analysis (get_mole)                                    : get_mole O - H -> nbonds: 1
06/03 16:40 [DEBUG] cshmd.analysis (find_bond)                                   : find_bond C - O rcut -> 1.6
06/03 16:40 [DEBUG] cshmd.analysis (get_mole)                                    : get_mole C - O -> nbonds: 3
06/03 16:40 [DEBUG] cshmd.analysis (get_mole)                                    : get_mole O - H -> nbonds: 3
06/03 16:40 [DEBUG] cshmd.analysis (find_bond)                                   : find_bond Ca - O rcut -> 3.0
06/03 16:40 [DEBUG] cshmd.common (time_wrapper)                                  : [RUNTIME] get_distance_table in 0.297 seconds
06/03 16:40 [DEBUG] cshmd.analysis (search_basic)                                : Basic search result -> H2O: 576, SiO4: 684, OH: 300, CO3: 0, H3O: 0, Ca_O: 3987
06/03 16:40 [DEBUG] cshmd.analysis (find_bond)                                   : find_bond O - H rcut -> 1.15
06/03 16:40 [DEBUG] cshmd.analysis (get_mole)                                    : get_mole O - H -> nbonds: 1
06/03 16:40 [DEBUG] cshmd.analysis (get_mole)                                    : get_mole O - H -> nbonds: 2
06/03 16:40 [DEBUG] cshmd.analysis (find_bond)                                   : find_bond C - O rcut -> 1.4
06/03 16:40 [DEBUG] cshmd.analysis (get_mole)                                    : get_mole C - O -> nbonds: 3
06/03 16:40 [DEBUG] cshmd.analysis (find_bond)                                   : find_bond Si - O rcut -> 1.8
06/03 16:40 [DEBUG] cshmd.analysis (get_mole)                                    : get_mole Si - O -> nbonds: 4
06/03 16:41 [INFO] cshmd.functions (cal_uniform_by_space)                        : Number of molecules to add : 2678
06/03 16:41 [INFO] cshmd.functions (cal_uniform_by_space)                        : Number of atoms per surface : 272
06/03 16:41 [INFO] cshmd.functions (cal_uniform_by_space)                        : Number of layer : 10
06/03 16:41 [INFO] cshmd.structure (extendLattice)                               : Extend lattice 53.882 59.402 28.424 -> 53.882 59.402 46.424 
06/03 16:41 [INFO] cif_modifier (exec_make_interface)                            : MODE -> distribution
06/03 16:41 [INFO] cif_modifier (exec_make_interface)                            : Number of atoms: 5550 -> 13584
06/03 16:41 [INFO] cshmd.structure (labeling_by_clayff)                          : Now get label according to 'Clayff' style
06/03 16:41 [DEBUG] cshmd.analysis (get_mole)                                    : get_mole O - H -> nbonds: 1
06/03 16:41 [DEBUG] cshmd.analysis (get_mole)                                    : get_mole O - H -> nbonds: 2
06/03 16:41 [DEBUG] cshmd.analysis (get_mole)                                    : get_mole Si - O -> nbonds: 4
06/03 16:41 [DEBUG] cshmd.analysis (get_mole)                                    : get_mole C - O -> nbonds: 3
06/03 16:41 [INFO] cshmd.structure (labeling_by_clayff)                          : All atoms labeled by clayff
06/03 16:41 [INFO] cshmd.structure (labeling_by_clayff)                          : Clayff charge: 0.000
06/03 16:41 [INFO] cshmd.structure (writeCif)                                    : L085_w2750.cif was created
06/03 16:41 [INFO] cif_modifier (__init__)                                       : Total charge: 0 -> 0
06/03 16:41 [DEBUG] cshmd.common (get_logger)                                    : $$$$$$$$$$$$$$  Logger 'cshmd.common........' initialized  $$$$$$$$$$$$$$
06/03 16:41 [DEBUG] cshmd.functions (get_logger)                                 : $$$$$$$$$$$$$$  Logger 'cshmd.functions.....' initialized  $$$$$$$$$$$$$$
06/03 16:41 [DEBUG] cshmd.load (get_logger)                                      : $$$$$$$$$$$$$$  Logger 'cshmd.load..........' initialized  $$$$$$$$$$$$$$
06/03 16:41 [DEBUG] cshmd.analysis (get_logger)                                  : $$$$$$$$$$$$$$  Logger 'cshmd.analysis......' initialized  $$$$$$$$$$$$$$
06/03 16:41 [DEBUG] cshmd.equation (get_logger)                                  : $$$$$$$$$$$$$$  Logger 'cshmd.equation......' initialized  $$$$$$$$$$$$$$
06/03 16:41 [DEBUG] cshmd.structure (get_logger)                                 : $$$$$$$$$$$$$$  Logger 'cshmd.structure.....' initialized  $$$$$$$$$$$$$$
06/03 16:41 [DEBUG] cshmd.builder (get_logger)                                   : $$$$$$$$$$$$$$  Logger 'cshmd.builder.......' initialized  $$$$$$$$$$$$$$
06/03 16:41 [DEBUG] cshmd.trj_analysis (get_logger)                              : $$$$$$$$$$$$$$  Logger 'cshmd.trj_analysis..' initialized  $$$$$$$$$$$$$$
06/03 16:41 [DEBUG] cif_modifier (get_logger)                                    : $$$$$$$$$$$$$$  Logger 'cif_modifier........' initialized  $$$$$$$$$$$$$$
06/03 16:41 [INFO] cif_modifier (<module>)                                       : Logger loaded
06/03 16:41 [INFO] cshmd.structure (_load_file)                                  : L090.cif was loaded
06/03 16:41 [DEBUG] cshmd.analysis (__init__)                                    : [StructureManager] Now new data setted for get Bonds
06/03 16:41 [DEBUG] cshmd.analysis (__del_bond__)                                : del -> Si_O O_H H_O Ca_O C_O BO NBO
06/03 16:41 [DEBUG] cshmd.analysis (__initialize_mole__)                         : initalize -> H2O SiO4 OH CO3 CO2 H3O
06/03 16:41 [DEBUG] cshmd.analysis (__initialize_mole__)                         : initalize -> SiOH CaOH HCO3 H2CO3 H3CO3
06/03 16:41 [DEBUG] cshmd.analysis (find_bond)                                   : find_bond O - H rcut -> 1.2
06/03 16:41 [DEBUG] cshmd.common (time_wrapper)                                  : [RUNTIME] get_distance_table in 0.620 seconds
06/03 16:41 [DEBUG] cshmd.analysis (get_mole)                                    : get_mole O - H -> nbonds: 2
06/03 16:41 [DEBUG] cshmd.analysis (find_bond)                                   : find_bond Si - O rcut -> 2.3
06/03 16:41 [DEBUG] cshmd.common (time_wrapper)                                  : [RUNTIME] get_distance_table in 0.322 seconds
06/03 16:41 [DEBUG] cshmd.analysis (get_mole)                                    : get_mole Si - O -> nbonds: 4
06/03 16:41 [DEBUG] cshmd.analysis (get_mole)                                    : get_mole O - H -> nbonds: 1
06/03 16:41 [DEBUG] cshmd.analysis (find_bond)                                   : find_bond C - O rcut -> 1.6
06/03 16:41 [DEBUG] cshmd.analysis (get_mole)                                    : get_mole C - O -> nbonds: 3
06/03 16:41 [DEBUG] cshmd.analysis (get_mole)                                    : get_mole O - H -> nbonds: 3
06/03 16:41 [DEBUG] cshmd.analysis (find_bond)                                   : find_bond Ca - O rcut -> 3.0
06/03 16:41 [DEBUG] cshmd.common (time_wrapper)                                  : [RUNTIME] get_distance_table in 0.279 seconds
06/03 16:41 [DEBUG] cshmd.analysis (search_basic)                                : Basic search result -> H2O: 576, SiO4: 688, OH: 304, CO3: 0, H3O: 0, Ca_O: 3980
06/03 16:41 [DEBUG] cshmd.analysis (find_bond)                                   : find_bond O - H rcut -> 1.15
06/03 16:41 [DEBUG] cshmd.analysis (get_mole)                                    : get_mole O - H -> nbonds: 1
06/03 16:41 [DEBUG] cshmd.analysis (get_mole)                                    : get_mole O - H -> nbonds: 2
06/03 16:41 [DEBUG] cshmd.analysis (find_bond)                                   : find_bond C - O rcut -> 1.4
06/03 16:41 [DEBUG] cshmd.analysis (get_mole)                                    : get_mole C - O -> nbonds: 3
06/03 16:41 [DEBUG] cshmd.analysis (find_bond)                                   : find_bond Si - O rcut -> 1.8
06/03 16:41 [DEBUG] cshmd.analysis (get_mole)                                    : get_mole Si - O -> nbonds: 4
06/03 16:41 [INFO] cshmd.functions (cal_uniform_by_space)                        : Number of molecules to add : 2681
06/03 16:41 [INFO] cshmd.functions (cal_uniform_by_space)                        : Number of atoms per surface : 272
06/03 16:41 [INFO] cshmd.functions (cal_uniform_by_space)                        : Number of layer : 10
06/03 16:41 [INFO] cshmd.structure (extendLattice)                               : Extend lattice 53.882 59.402 28.424 -> 53.882 59.402 46.424 
06/03 16:41 [INFO] cif_modifier (exec_make_interface)                            : MODE -> distribution
06/03 16:41 [INFO] cif_modifier (exec_make_interface)                            : Number of atoms: 5560 -> 13606
06/03 16:41 [INFO] cshmd.structure (labeling_by_clayff)                          : Now get label according to 'Clayff' style
06/03 16:41 [DEBUG] cshmd.analysis (get_mole)                                    : get_mole O - H -> nbonds: 1
06/03 16:41 [DEBUG] cshmd.analysis (get_mole)                                    : get_mole O - H -> nbonds: 2
06/03 16:41 [DEBUG] cshmd.analysis (get_mole)                                    : get_mole Si - O -> nbonds: 4
06/03 16:41 [DEBUG] cshmd.analysis (get_mole)                                    : get_mole C - O -> nbonds: 3
06/03 16:41 [INFO] cshmd.structure (labeling_by_clayff)                          : All atoms labeled by clayff
06/03 16:41 [INFO] cshmd.structure (labeling_by_clayff)                          : Clayff charge: 0.820
06/03 16:41 [INFO] cshmd.structure (writeCif)                                    : L090_w2750_c.cif was created
06/03 16:41 [INFO] cif_modifier (__init__)                                       : Total charge: 0 -> 0
06/03 16:41 [DEBUG] cshmd.common (get_logger)                                    : $$$$$$$$$$$$$$  Logger 'cshmd.common........' initialized  $$$$$$$$$$$$$$
06/03 16:41 [DEBUG] cshmd.functions (get_logger)                                 : $$$$$$$$$$$$$$  Logger 'cshmd.functions.....' initialized  $$$$$$$$$$$$$$
06/03 16:41 [DEBUG] cshmd.load (get_logger)                                      : $$$$$$$$$$$$$$  Logger 'cshmd.load..........' initialized  $$$$$$$$$$$$$$
06/03 16:41 [DEBUG] cshmd.analysis (get_logger)                                  : $$$$$$$$$$$$$$  Logger 'cshmd.analysis......' initialized  $$$$$$$$$$$$$$
06/03 16:41 [DEBUG] cshmd.equation (get_logger)                                  : $$$$$$$$$$$$$$  Logger 'cshmd.equation......' initialized  $$$$$$$$$$$$$$
06/03 16:41 [DEBUG] cshmd.structure (get_logger)                                 : $$$$$$$$$$$$$$  Logger 'cshmd.structure.....' initialized  $$$$$$$$$$$$$$
06/03 16:41 [DEBUG] cshmd.builder (get_logger)                                   : $$$$$$$$$$$$$$  Logger 'cshmd.builder.......' initialized  $$$$$$$$$$$$$$
06/03 16:41 [DEBUG] cshmd.trj_analysis (get_logger)                              : $$$$$$$$$$$$$$  Logger 'cshmd.trj_analysis..' initialized  $$$$$$$$$$$$$$
06/03 16:41 [DEBUG] cif_modifier (get_logger)                                    : $$$$$$$$$$$$$$  Logger 'cif_modifier........' initialized  $$$$$$$$$$$$$$
06/03 16:41 [INFO] cif_modifier (<module>)                                       : Logger loaded
06/03 16:41 [INFO] cshmd.structure (_load_file)                                  : L090.cif was loaded
06/03 16:41 [DEBUG] cshmd.analysis (__init__)                                    : [StructureManager] Now new data setted for get Bonds
06/03 16:41 [DEBUG] cshmd.analysis (__del_bond__)                                : del -> Si_O O_H H_O Ca_O C_O BO NBO
06/03 16:41 [DEBUG] cshmd.analysis (__initialize_mole__)                         : initalize -> H2O SiO4 OH CO3 CO2 H3O
06/03 16:41 [DEBUG] cshmd.analysis (__initialize_mole__)                         : initalize -> SiOH CaOH HCO3 H2CO3 H3CO3
06/03 16:41 [DEBUG] cshmd.analysis (find_bond)                                   : find_bond O - H rcut -> 1.2
06/03 16:41 [DEBUG] cshmd.common (time_wrapper)                                  : [RUNTIME] get_distance_table in 0.617 seconds
06/03 16:41 [DEBUG] cshmd.analysis (get_mole)                                    : get_mole O - H -> nbonds: 2
06/03 16:41 [DEBUG] cshmd.analysis (find_bond)                                   : find_bond Si - O rcut -> 2.3
06/03 16:41 [DEBUG] cshmd.common (time_wrapper)                                  : [RUNTIME] get_distance_table in 0.331 seconds
06/03 16:41 [DEBUG] cshmd.analysis (get_mole)                                    : get_mole Si - O -> nbonds: 4
06/03 16:41 [DEBUG] cshmd.analysis (get_mole)                                    : get_mole O - H -> nbonds: 1
06/03 16:41 [DEBUG] cshmd.analysis (find_bond)                                   : find_bond C - O rcut -> 1.6
06/03 16:41 [DEBUG] cshmd.analysis (get_mole)                                    : get_mole C - O -> nbonds: 3
06/03 16:41 [DEBUG] cshmd.analysis (get_mole)                                    : get_mole O - H -> nbonds: 3
06/03 16:41 [DEBUG] cshmd.analysis (find_bond)                                   : find_bond Ca - O rcut -> 3.0
06/03 16:41 [DEBUG] cshmd.common (time_wrapper)                                  : [RUNTIME] get_distance_table in 0.278 seconds
06/03 16:41 [DEBUG] cshmd.analysis (search_basic)                                : Basic search result -> H2O: 576, SiO4: 688, OH: 304, CO3: 0, H3O: 0, Ca_O: 3980
06/03 16:41 [DEBUG] cshmd.analysis (find_bond)                                   : find_bond O - H rcut -> 1.15
06/03 16:41 [DEBUG] cshmd.analysis (get_mole)                                    : get_mole O - H -> nbonds: 1
06/03 16:41 [DEBUG] cshmd.analysis (get_mole)                                    : get_mole O - H -> nbonds: 2
06/03 16:41 [DEBUG] cshmd.analysis (find_bond)                                   : find_bond C - O rcut -> 1.4
06/03 16:41 [DEBUG] cshmd.analysis (get_mole)                                    : get_mole C - O -> nbonds: 3
06/03 16:41 [DEBUG] cshmd.analysis (find_bond)                                   : find_bond Si - O rcut -> 1.8
06/03 16:41 [DEBUG] cshmd.analysis (get_mole)                                    : get_mole Si - O -> nbonds: 4
06/03 16:41 [INFO] cshmd.functions (cal_uniform_by_space)                        : Number of molecules to add : 2678
06/03 16:41 [INFO] cshmd.functions (cal_uniform_by_space)                        : Number of atoms per surface : 272
06/03 16:41 [INFO] cshmd.functions (cal_uniform_by_space)                        : Number of layer : 10
06/03 16:41 [INFO] cshmd.structure (extendLattice)                               : Extend lattice 53.882 59.402 28.424 -> 53.882 59.402 46.424 
06/03 16:41 [INFO] cif_modifier (exec_make_interface)                            : MODE -> distribution
06/03 16:41 [INFO] cif_modifier (exec_make_interface)                            : Number of atoms: 5560 -> 13594
06/03 16:41 [INFO] cshmd.structure (labeling_by_clayff)                          : Now get label according to 'Clayff' style
06/03 16:41 [DEBUG] cshmd.analysis (get_mole)                                    : get_mole O - H -> nbonds: 1
06/03 16:41 [DEBUG] cshmd.analysis (get_mole)                                    : get_mole O - H -> nbonds: 2
06/03 16:41 [DEBUG] cshmd.analysis (get_mole)                                    : get_mole Si - O -> nbonds: 4
06/03 16:41 [DEBUG] cshmd.analysis (get_mole)                                    : get_mole C - O -> nbonds: 3
06/03 16:41 [INFO] cshmd.structure (labeling_by_clayff)                          : All atoms labeled by clayff
06/03 16:41 [INFO] cshmd.structure (labeling_by_clayff)                          : Clayff charge: 0.000
06/03 16:41 [INFO] cshmd.structure (writeCif)                                    : L090_w2750.cif was created
06/03 16:41 [INFO] cif_modifier (__init__)                                       : Total charge: 0 -> 0
06/05 10:12 [DEBUG] cshmd.common (get_logger)                                    : $$$$$$$$$$$$$$  Logger 'cshmd.common........' initialized  $$$$$$$$$$$$$$
06/05 10:12 [DEBUG] cshmd.functions (get_logger)                                 : $$$$$$$$$$$$$$  Logger 'cshmd.functions.....' initialized  $$$$$$$$$$$$$$
06/05 10:12 [DEBUG] cshmd.load (get_logger)                                      : $$$$$$$$$$$$$$  Logger 'cshmd.load..........' initialized  $$$$$$$$$$$$$$
06/05 10:12 [DEBUG] cshmd.analysis (get_logger)                                  : $$$$$$$$$$$$$$  Logger 'cshmd.analysis......' initialized  $$$$$$$$$$$$$$
06/05 10:12 [DEBUG] cshmd.equation (get_logger)                                  : $$$$$$$$$$$$$$  Logger 'cshmd.equation......' initialized  $$$$$$$$$$$$$$
06/05 10:12 [DEBUG] cshmd.structure (get_logger)                                 : $$$$$$$$$$$$$$  Logger 'cshmd.structure.....' initialized  $$$$$$$$$$$$$$
06/05 10:12 [DEBUG] cshmd.builder (get_logger)                                   : $$$$$$$$$$$$$$  Logger 'cshmd.builder.......' initialized  $$$$$$$$$$$$$$
06/05 10:12 [DEBUG] cshmd.trj_analysis (get_logger)                              : $$$$$$$$$$$$$$  Logger 'cshmd.trj_analysis..' initialized  $$$$$$$$$$$$$$
06/05 10:12 [DEBUG] csh_info (get_logger)                                        : $$$$$$$$$$$$$$  Logger 'csh_info............' initialized  $$$$$$$$$$$$$$
06/05 10:12 [INFO] csh_info (main)                                               : Cif: L080_w2750_c.cif
06/05 10:12 [INFO] cshmd.structure (_load_file)                                  : L080_w2750_c.cif was loaded
06/05 10:12 [DEBUG] cshmd.analysis (__init__)                                    : [StructureManager] Now new data setted for get Bonds
06/05 10:12 [DEBUG] cshmd.analysis (__del_bond__)                                : del -> Si_O O_H H_O Ca_O C_O BO NBO
06/05 10:12 [DEBUG] cshmd.analysis (__initialize_mole__)                         : initalize -> H2O SiO4 OH CO3 CO2 H3O
06/05 10:12 [DEBUG] cshmd.analysis (__initialize_mole__)                         : initalize -> SiOH CaOH HCO3 H2CO3 H3CO3
06/05 10:12 [DEBUG] cshmd.analysis (find_bond)                                   : find_bond O - H rcut -> 1.2
06/05 10:12 [DEBUG] cshmd.common (time_wrapper)                                  : [RUNTIME] get_distance_table in 6.706 seconds
06/05 10:12 [DEBUG] cshmd.analysis (get_mole)                                    : get_mole O - H -> nbonds: 2
06/05 10:12 [DEBUG] cshmd.analysis (find_bond)                                   : find_bond Si - O rcut -> 2.3
06/05 10:12 [DEBUG] cshmd.common (time_wrapper)                                  : [RUNTIME] get_distance_table in 0.657 seconds
06/05 10:12 [DEBUG] cshmd.analysis (get_mole)                                    : get_mole Si - O -> nbonds: 4
06/05 10:12 [DEBUG] cshmd.analysis (get_mole)                                    : get_mole O - H -> nbonds: 1
06/05 10:12 [DEBUG] cshmd.analysis (find_bond)                                   : find_bond C - O rcut -> 1.6
06/05 10:12 [DEBUG] cshmd.common (time_wrapper)                                  : [RUNTIME] get_distance_table in 0.001 seconds
06/05 10:12 [DEBUG] cshmd.analysis (get_mole)                                    : get_mole C - O -> nbonds: 3
06/05 10:12 [DEBUG] cshmd.analysis (get_mole)                                    : get_mole O - H -> nbonds: 3
06/05 10:12 [DEBUG] cshmd.analysis (find_bond)                                   : find_bond Ca - O rcut -> 3.0
06/05 10:12 [DEBUG] cshmd.common (time_wrapper)                                  : [RUNTIME] get_distance_table in 0.643 seconds
06/05 10:12 [DEBUG] cshmd.analysis (search_basic)                                : Basic search result -> H2O: 3254, SiO4: 680, OH: 296, CO3: 1, H3O: 2, Ca_O: 4023
06/05 10:12 [DEBUG] cshmd.analysis (_detail_search_chain)                        : Search layer details
06/05 10:12 [DEBUG] cshmd.analysis (set_layer_boundary)                          : Set layer boundary -> 0.1464303385499996 - 0.4478615267999988
06/05 10:12 [DEBUG] cshmd.analysis (_detail_search_adsorption)                   : Start basic analysis
06/05 10:12 [DEBUG] cshmd.analysis (find_bond)                                   : find_bond Ca - O rcut -> 3.1
06/05 10:12 [DEBUG] cshmd.analysis (find_bond)                                   : find_bond Ca - O rcut -> 5.2
06/05 10:16 [DEBUG] cshmd.common (get_logger)                                    : $$$$$$$$$$$$$$  Logger 'cshmd.common........' initialized  $$$$$$$$$$$$$$
06/05 10:16 [DEBUG] cshmd.functions (get_logger)                                 : $$$$$$$$$$$$$$  Logger 'cshmd.functions.....' initialized  $$$$$$$$$$$$$$
06/05 10:16 [DEBUG] cshmd.load (get_logger)                                      : $$$$$$$$$$$$$$  Logger 'cshmd.load..........' initialized  $$$$$$$$$$$$$$
06/05 10:16 [DEBUG] cshmd.analysis (get_logger)                                  : $$$$$$$$$$$$$$  Logger 'cshmd.analysis......' initialized  $$$$$$$$$$$$$$
06/05 10:16 [DEBUG] cshmd.equation (get_logger)                                  : $$$$$$$$$$$$$$  Logger 'cshmd.equation......' initialized  $$$$$$$$$$$$$$
06/05 10:16 [DEBUG] cshmd.structure (get_logger)                                 : $$$$$$$$$$$$$$  Logger 'cshmd.structure.....' initialized  $$$$$$$$$$$$$$
06/05 10:16 [DEBUG] cshmd.builder (get_logger)                                   : $$$$$$$$$$$$$$  Logger 'cshmd.builder.......' initialized  $$$$$$$$$$$$$$
06/05 10:16 [DEBUG] cshmd.trj_analysis (get_logger)                              : $$$$$$$$$$$$$$  Logger 'cshmd.trj_analysis..' initialized  $$$$$$$$$$$$$$
06/05 10:16 [DEBUG] csh_info (get_logger)                                        : $$$$$$$$$$$$$$  Logger 'csh_info............' initialized  $$$$$$$$$$$$$$
06/05 10:16 [INFO] csh_info (main)                                               : Cif: L080_w2750_c.cif
06/05 10:16 [INFO] cshmd.structure (_load_file)                                  : L080_w2750_c.cif was loaded
06/05 10:16 [DEBUG] cshmd.analysis (__init__)                                    : [StructureManager] Now new data setted for get Bonds
06/05 10:16 [DEBUG] cshmd.analysis (__del_bond__)                                : del -> Si_O O_H H_O Ca_O C_O BO NBO
06/05 10:16 [DEBUG] cshmd.analysis (__initialize_mole__)                         : initalize -> H2O SiO4 OH CO3 CO2 H3O
06/05 10:16 [DEBUG] cshmd.analysis (__initialize_mole__)                         : initalize -> SiOH CaOH HCO3 H2CO3 H3CO3
06/05 10:16 [DEBUG] cshmd.analysis (find_bond)                                   : find_bond O - H rcut -> 1.2
06/05 10:16 [DEBUG] cshmd.common (time_wrapper)                                  : [RUNTIME] get_distance_table in 6.172 seconds
06/05 10:16 [DEBUG] cshmd.analysis (get_mole)                                    : get_mole O - H -> nbonds: 2
06/05 10:16 [DEBUG] cshmd.analysis (find_bond)                                   : find_bond Si - O rcut -> 2.3
06/05 10:16 [DEBUG] cshmd.common (time_wrapper)                                  : [RUNTIME] get_distance_table in 0.619 seconds
06/05 10:16 [DEBUG] cshmd.analysis (get_mole)                                    : get_mole Si - O -> nbonds: 4
06/05 10:16 [DEBUG] cshmd.analysis (get_mole)                                    : get_mole O - H -> nbonds: 1
06/05 10:16 [DEBUG] cshmd.analysis (find_bond)                                   : find_bond C - O rcut -> 1.6
06/05 10:16 [DEBUG] cshmd.common (time_wrapper)                                  : [RUNTIME] get_distance_table in 0.001 seconds
06/05 10:16 [DEBUG] cshmd.analysis (get_mole)                                    : get_mole C - O -> nbonds: 3
06/05 10:16 [DEBUG] cshmd.analysis (get_mole)                                    : get_mole O - H -> nbonds: 3
06/05 10:16 [DEBUG] cshmd.analysis (find_bond)                                   : find_bond Ca - O rcut -> 3.0
06/05 10:16 [DEBUG] cshmd.common (time_wrapper)                                  : [RUNTIME] get_distance_table in 0.660 seconds
06/05 10:16 [DEBUG] cshmd.analysis (search_basic)                                : Basic search result -> H2O: 3254, SiO4: 680, OH: 296, CO3: 1, H3O: 2, Ca_O: 4023
06/05 10:16 [DEBUG] cshmd.analysis (_detail_search_chain)                        : Search layer details
06/05 10:16 [DEBUG] cshmd.analysis (set_layer_boundary)                          : Set layer boundary -> 0.1464303385499996 - 0.4478615267999988
06/05 10:16 [DEBUG] cshmd.analysis (_detail_search_adsorption)                   : Start basic analysis
06/05 10:16 [DEBUG] cshmd.analysis (find_bond)                                   : find_bond Ca - O rcut -> 3.1
06/05 10:16 [DEBUG] cshmd.analysis (find_bond)                                   : find_bond Ca - O rcut -> 5.2
06/05 11:06 [DEBUG] cshmd.common (get_logger)                                    : $$$$$$$$$$$$$$  Logger 'cshmd.common........' initialized  $$$$$$$$$$$$$$
06/05 11:06 [DEBUG] cshmd.functions (get_logger)                                 : $$$$$$$$$$$$$$  Logger 'cshmd.functions.....' initialized  $$$$$$$$$$$$$$
06/05 11:06 [DEBUG] cshmd.load (get_logger)                                      : $$$$$$$$$$$$$$  Logger 'cshmd.load..........' initialized  $$$$$$$$$$$$$$
06/05 11:06 [DEBUG] cshmd.analysis (get_logger)                                  : $$$$$$$$$$$$$$  Logger 'cshmd.analysis......' initialized  $$$$$$$$$$$$$$
06/05 11:06 [DEBUG] cshmd.equation (get_logger)                                  : $$$$$$$$$$$$$$  Logger 'cshmd.equation......' initialized  $$$$$$$$$$$$$$
06/05 11:06 [DEBUG] cshmd.structure (get_logger)                                 : $$$$$$$$$$$$$$  Logger 'cshmd.structure.....' initialized  $$$$$$$$$$$$$$
06/05 11:06 [DEBUG] cshmd.builder (get_logger)                                   : $$$$$$$$$$$$$$  Logger 'cshmd.builder.......' initialized  $$$$$$$$$$$$$$
06/05 11:06 [DEBUG] cshmd.trj_analysis (get_logger)                              : $$$$$$$$$$$$$$  Logger 'cshmd.trj_analysis..' initialized  $$$$$$$$$$$$$$
06/05 11:06 [DEBUG] csh_info (get_logger)                                        : $$$$$$$$$$$$$$  Logger 'csh_info............' initialized  $$$$$$$$$$$$$$
06/05 11:06 [INFO] csh_info (main)                                               : Cif: L080_w2750_c.cif
06/05 11:06 [INFO] cshmd.structure (_load_file)                                  : L080_w2750_c.cif was loaded
06/05 11:06 [DEBUG] cshmd.analysis (__init__)                                    : [StructureManager] Now new data setted for get Bonds
06/05 11:06 [DEBUG] cshmd.analysis (__del_bond__)                                : del -> Si_O O_H H_O Ca_O C_O BO NBO
06/05 11:06 [DEBUG] cshmd.analysis (__initialize_mole__)                         : initalize -> H2O SiO4 OH CO3 CO2 H3O
06/05 11:06 [DEBUG] cshmd.analysis (__initialize_mole__)                         : initalize -> SiOH CaOH HCO3 H2CO3 H3CO3
06/05 11:06 [INFO] cshmd.analysis (decorator)                                    : Search level: full
06/05 11:06 [DEBUG] cshmd.analysis (find_bond)                                   : find_bond O - H rcut -> 1.2
06/05 11:06 [DEBUG] cshmd.common (time_wrapper)                                  : [RUNTIME] get_distance_table in 6.316 seconds
06/05 11:06 [DEBUG] cshmd.analysis (get_mole)                                    : get_mole O - H -> nbonds: 2
06/05 11:06 [DEBUG] cshmd.analysis (find_bond)                                   : find_bond Si - O rcut -> 2.3
06/05 11:06 [DEBUG] cshmd.common (time_wrapper)                                  : [RUNTIME] get_distance_table in 0.607 seconds
06/05 11:06 [DEBUG] cshmd.analysis (get_mole)                                    : get_mole Si - O -> nbonds: 4
06/05 11:06 [DEBUG] cshmd.analysis (get_mole)                                    : get_mole O - H -> nbonds: 1
06/05 11:06 [DEBUG] cshmd.analysis (find_bond)                                   : find_bond C - O rcut -> 1.6
06/05 11:06 [DEBUG] cshmd.common (time_wrapper)                                  : [RUNTIME] get_distance_table in 0.001 seconds
06/05 11:06 [DEBUG] cshmd.analysis (get_mole)                                    : get_mole C - O -> nbonds: 3
06/05 11:06 [DEBUG] cshmd.analysis (get_mole)                                    : get_mole O - H -> nbonds: 3
06/05 11:06 [DEBUG] cshmd.analysis (find_bond)                                   : find_bond Ca - O rcut -> 3.0
06/05 11:06 [DEBUG] cshmd.common (time_wrapper)                                  : [RUNTIME] get_distance_table in 0.625 seconds
06/05 11:06 [DEBUG] cshmd.analysis (_search_basic)                               : Basic search result -> H2O: 3254, SiO4: 680, OH: 296, CO3: 1, H3O: 2, Ca_O: 4023
06/05 11:06 [DEBUG] cshmd.analysis (_detail_search_chain)                        : Search layer details
06/05 11:06 [DEBUG] cshmd.analysis (set_layer_boundary)                          : Set layer boundary -> 0.1464303385499996 - 0.4478615267999988
06/05 11:06 [DEBUG] cshmd.analysis (_detail_search_adsorption)                   : Start basic analysis
06/05 11:06 [DEBUG] cshmd.analysis (find_bond)                                   : find_bond Ca - O rcut -> 3.1
06/05 11:06 [DEBUG] cshmd.analysis (find_bond)                                   : find_bond Ca - O rcut -> 5.2
06/05 11:06 [DEBUG] cshmd.analysis (find_bond)                                   : find_bond Si - C rcut -> 5.3
06/05 11:06 [DEBUG] cshmd.common (time_wrapper)                                  : [RUNTIME] get_distance_table in 0.001 seconds
06/05 11:06 [DEBUG] cshmd.analysis (__detail_search_oh_co3)                      : Searching 'OH' in 'CO3'
06/05 11:06 [DEBUG] cshmd.analysis (__detail_search_oh_sioh)                     : Searching 'OH' in 'SiO4
06/05 11:06 [DEBUG] cshmd.analysis (__detail_search_oh_caoh)                     : Searching 'OH' in 'CaOH
06/05 11:06 [INFO] cshmd.analysis (Qn)                                           : [Silicate Chain] Q1: 0.259
06/05 11:06 [INFO] cshmd.analysis (Qn)                                           : [Silicate Chain] Q2: 0.741
06/05 11:06 [INFO] cshmd.analysis (evaluate_chain)                               : [Silicate Chain] BT: 168, PT: 512
06/05 11:06 [DEBUG] cshmd.analysis (__init__)                                    : <class 'cshmd.analysis.Chain'> loaded
06/05 11:06 [DEBUG] cshmd.analysis (__init__)                                    : <class 'cshmd.analysis.Chain'> loaded
06/05 11:06 [DEBUG] cshmd.analysis (__init__)                                    : <class 'cshmd.analysis.Chain'> loaded
06/05 11:06 [DEBUG] cshmd.analysis (__init__)                                    : <class 'cshmd.analysis.Chain'> loaded
06/05 11:06 [INFO] cshmd.analysis (evaluate_chain)                               : [Silicate Chain] CL : Length 2: 2 Length 5: 4 Length 8: 10 Length 11: 6
06/05 11:06 [INFO] cshmd.analysis (evaluate_chain)                               : [Silicate Chain] MCL : 7.727
06/05 11:06 [INFO] cshmd.structure (out2info)                                    : 'info.tmp.pkl' was created
06/05 11:06 [DEBUG] cshmd.common (get_logger)                                    : $$$$$$$$$$$$$$  Logger 'cshmd.common........' initialized  $$$$$$$$$$$$$$
06/05 11:06 [DEBUG] cshmd.functions (get_logger)                                 : $$$$$$$$$$$$$$  Logger 'cshmd.functions.....' initialized  $$$$$$$$$$$$$$
06/05 11:06 [DEBUG] cshmd.load (get_logger)                                      : $$$$$$$$$$$$$$  Logger 'cshmd.load..........' initialized  $$$$$$$$$$$$$$
06/05 11:06 [DEBUG] cshmd.analysis (get_logger)                                  : $$$$$$$$$$$$$$  Logger 'cshmd.analysis......' initialized  $$$$$$$$$$$$$$
06/05 11:06 [DEBUG] cshmd.equation (get_logger)                                  : $$$$$$$$$$$$$$  Logger 'cshmd.equation......' initialized  $$$$$$$$$$$$$$
06/05 11:06 [DEBUG] cshmd.structure (get_logger)                                 : $$$$$$$$$$$$$$  Logger 'cshmd.structure.....' initialized  $$$$$$$$$$$$$$
06/05 11:06 [DEBUG] cshmd.builder (get_logger)                                   : $$$$$$$$$$$$$$  Logger 'cshmd.builder.......' initialized  $$$$$$$$$$$$$$
06/05 11:06 [DEBUG] cshmd.trj_analysis (get_logger)                              : $$$$$$$$$$$$$$  Logger 'cshmd.trj_analysis..' initialized  $$$$$$$$$$$$$$
06/05 11:06 [DEBUG] csh_info (get_logger)                                        : $$$$$$$$$$$$$$  Logger 'csh_info............' initialized  $$$$$$$$$$$$$$
06/05 11:06 [INFO] csh_info (main)                                               : Cif: L080_w2750_c.cif
06/05 11:06 [INFO] cshmd.structure (_load_file)                                  : L080_w2750_c.cif was loaded
06/05 11:06 [DEBUG] cshmd.analysis (__init__)                                    : [StructureManager] Now new data setted for get Bonds
06/05 11:06 [DEBUG] cshmd.analysis (__del_bond__)                                : del -> Si_O O_H H_O Ca_O C_O BO NBO
06/05 11:06 [DEBUG] cshmd.analysis (__initialize_mole__)                         : initalize -> H2O SiO4 OH CO3 CO2 H3O
06/05 11:06 [DEBUG] cshmd.analysis (__initialize_mole__)                         : initalize -> SiOH CaOH HCO3 H2CO3 H3CO3
06/05 11:06 [INFO] cshmd.analysis (decorator)                                    : Search level: full
06/05 11:06 [DEBUG] cshmd.analysis (find_bond)                                   : find_bond O - H rcut -> 1.2
06/05 11:06 [DEBUG] cshmd.common (time_wrapper)                                  : [RUNTIME] get_distance_table in 5.984 seconds
06/05 11:06 [DEBUG] cshmd.analysis (get_mole)                                    : get_mole O - H -> nbonds: 2
06/05 11:06 [DEBUG] cshmd.analysis (find_bond)                                   : find_bond Si - O rcut -> 2.3
06/05 11:07 [DEBUG] cshmd.common (time_wrapper)                                  : [RUNTIME] get_distance_table in 0.610 seconds
06/05 11:07 [DEBUG] cshmd.analysis (get_mole)                                    : get_mole Si - O -> nbonds: 4
06/05 11:07 [DEBUG] cshmd.analysis (get_mole)                                    : get_mole O - H -> nbonds: 1
06/05 11:07 [DEBUG] cshmd.analysis (find_bond)                                   : find_bond C - O rcut -> 1.6
06/05 11:07 [DEBUG] cshmd.common (time_wrapper)                                  : [RUNTIME] get_distance_table in 0.001 seconds
06/05 11:07 [DEBUG] cshmd.analysis (get_mole)                                    : get_mole C - O -> nbonds: 3
06/05 11:07 [DEBUG] cshmd.analysis (get_mole)                                    : get_mole O - H -> nbonds: 3
06/05 11:07 [DEBUG] cshmd.analysis (find_bond)                                   : find_bond Ca - O rcut -> 3.0
06/05 11:07 [DEBUG] cshmd.common (time_wrapper)                                  : [RUNTIME] get_distance_table in 0.601 seconds
06/05 11:07 [DEBUG] cshmd.analysis (_search_basic)                               : Basic search result -> H2O: 3254, SiO4: 680, OH: 296, CO3: 1, H3O: 2, Ca_O: 4023
06/05 11:07 [DEBUG] cshmd.analysis (_detail_search_chain)                        : Search layer details
06/05 11:07 [DEBUG] cshmd.analysis (set_layer_boundary)                          : Set layer boundary -> 0.1464303385499996 - 0.4478615267999988
06/05 11:07 [DEBUG] cshmd.analysis (_detail_search_adsorption)                   : Start basic analysis
06/05 11:07 [DEBUG] cshmd.analysis (find_bond)                                   : find_bond Ca - O rcut -> 3.1
06/05 11:07 [DEBUG] cshmd.analysis (find_bond)                                   : find_bond Ca - O rcut -> 5.2
06/05 11:07 [DEBUG] cshmd.analysis (find_bond)                                   : find_bond Si - C rcut -> 5.3
06/05 11:07 [DEBUG] cshmd.common (time_wrapper)                                  : [RUNTIME] get_distance_table in 0.001 seconds
06/05 11:07 [DEBUG] cshmd.analysis (__detail_search_oh_co3)                      : Searching 'OH' in 'CO3'
06/05 11:07 [DEBUG] cshmd.analysis (__detail_search_oh_sioh)                     : Searching 'OH' in 'SiO4
06/05 11:07 [DEBUG] cshmd.analysis (__detail_search_oh_caoh)                     : Searching 'OH' in 'CaOH
06/05 11:07 [INFO] cshmd.analysis (Qn)                                           : [Silicate Chain] Q1: 0.259
06/05 11:07 [INFO] cshmd.analysis (Qn)                                           : [Silicate Chain] Q2: 0.741
06/05 11:07 [INFO] cshmd.analysis (evaluate_chain)                               : [Silicate Chain] BT: 168, PT: 512
06/05 11:07 [DEBUG] cshmd.analysis (__init__)                                    : <class 'cshmd.analysis.Chain'> loaded
06/05 11:07 [DEBUG] cshmd.analysis (__init__)                                    : <class 'cshmd.analysis.Chain'> loaded
06/05 11:07 [DEBUG] cshmd.analysis (__init__)                                    : <class 'cshmd.analysis.Chain'> loaded
06/05 11:07 [DEBUG] cshmd.analysis (__init__)                                    : <class 'cshmd.analysis.Chain'> loaded
06/05 11:07 [INFO] cshmd.analysis (evaluate_chain)                               : [Silicate Chain] CL : Length 2: 2 Length 5: 4 Length 8: 10 Length 11: 6
06/05 11:07 [INFO] cshmd.analysis (evaluate_chain)                               : [Silicate Chain] MCL : 7.727
06/05 11:07 [INFO] cshmd.structure (out2info)                                    : 'info.tmp.pkl' was created
06/05 11:07 [DEBUG] cshmd.common (get_logger)                                    : $$$$$$$$$$$$$$  Logger 'cshmd.common........' initialized  $$$$$$$$$$$$$$
06/05 11:07 [DEBUG] cshmd.functions (get_logger)                                 : $$$$$$$$$$$$$$  Logger 'cshmd.functions.....' initialized  $$$$$$$$$$$$$$
06/05 11:07 [DEBUG] cshmd.load (get_logger)                                      : $$$$$$$$$$$$$$  Logger 'cshmd.load..........' initialized  $$$$$$$$$$$$$$
06/05 11:07 [DEBUG] cshmd.analysis (get_logger)                                  : $$$$$$$$$$$$$$  Logger 'cshmd.analysis......' initialized  $$$$$$$$$$$$$$
06/05 11:07 [DEBUG] cshmd.equation (get_logger)                                  : $$$$$$$$$$$$$$  Logger 'cshmd.equation......' initialized  $$$$$$$$$$$$$$
06/05 11:07 [DEBUG] cshmd.structure (get_logger)                                 : $$$$$$$$$$$$$$  Logger 'cshmd.structure.....' initialized  $$$$$$$$$$$$$$
06/05 11:07 [DEBUG] cshmd.builder (get_logger)                                   : $$$$$$$$$$$$$$  Logger 'cshmd.builder.......' initialized  $$$$$$$$$$$$$$
06/05 11:07 [DEBUG] cshmd.trj_analysis (get_logger)                              : $$$$$$$$$$$$$$  Logger 'cshmd.trj_analysis..' initialized  $$$$$$$$$$$$$$
06/05 11:07 [DEBUG] csh_info (get_logger)                                        : $$$$$$$$$$$$$$  Logger 'csh_info............' initialized  $$$$$$$$$$$$$$
06/05 11:07 [INFO] csh_info (main)                                               : Cif: L080_w2750_c.cif
06/05 11:07 [INFO] cshmd.structure (_load_file)                                  : L080_w2750_c.cif was loaded
06/05 11:07 [DEBUG] cshmd.analysis (__init__)                                    : [StructureManager] Now new data setted for get Bonds
06/05 11:07 [DEBUG] cshmd.analysis (__del_bond__)                                : del -> Si_O O_H H_O Ca_O C_O BO NBO
06/05 11:07 [DEBUG] cshmd.analysis (__initialize_mole__)                         : initalize -> H2O SiO4 OH CO3 CO2 H3O
06/05 11:07 [DEBUG] cshmd.analysis (__initialize_mole__)                         : initalize -> SiOH CaOH HCO3 H2CO3 H3CO3
06/05 11:07 [INFO] cshmd.analysis (decorator)                                    : Search level: full
06/05 11:07 [DEBUG] cshmd.analysis (find_bond)                                   : find_bond O - H rcut -> 1.2
06/05 11:07 [DEBUG] cshmd.common (time_wrapper)                                  : [RUNTIME] get_distance_table in 6.184 seconds
06/05 11:07 [DEBUG] cshmd.analysis (get_mole)                                    : get_mole O - H -> nbonds: 2
06/05 11:07 [DEBUG] cshmd.analysis (find_bond)                                   : find_bond Si - O rcut -> 2.3
06/05 11:07 [DEBUG] cshmd.common (time_wrapper)                                  : [RUNTIME] get_distance_table in 0.599 seconds
06/05 11:07 [DEBUG] cshmd.analysis (get_mole)                                    : get_mole Si - O -> nbonds: 4
06/05 11:07 [DEBUG] cshmd.analysis (get_mole)                                    : get_mole O - H -> nbonds: 1
06/05 11:07 [DEBUG] cshmd.analysis (find_bond)                                   : find_bond C - O rcut -> 1.6
06/05 11:07 [DEBUG] cshmd.common (time_wrapper)                                  : [RUNTIME] get_distance_table in 0.001 seconds
06/05 11:07 [DEBUG] cshmd.analysis (get_mole)                                    : get_mole C - O -> nbonds: 3
06/05 11:07 [DEBUG] cshmd.analysis (get_mole)                                    : get_mole O - H -> nbonds: 3
06/05 11:07 [DEBUG] cshmd.analysis (find_bond)                                   : find_bond Ca - O rcut -> 3.0
06/05 11:07 [DEBUG] cshmd.common (time_wrapper)                                  : [RUNTIME] get_distance_table in 0.591 seconds
06/05 11:07 [DEBUG] cshmd.analysis (_search_basic)                               : Basic search result -> H2O: 3254, SiO4: 680, OH: 296, CO3: 1, H3O: 2, Ca_O: 4023
06/05 11:07 [DEBUG] cshmd.analysis (_detail_search_chain)                        : Search layer details
06/05 11:07 [DEBUG] cshmd.analysis (set_layer_boundary)                          : Set layer boundary -> 0.1464303385499996 - 0.4478615267999988
06/05 11:07 [DEBUG] cshmd.analysis (_detail_search_adsorption)                   : Start basic analysis
06/05 11:07 [DEBUG] cshmd.analysis (find_bond)                                   : find_bond Ca - O rcut -> 3.1
06/05 11:07 [DEBUG] cshmd.analysis (find_bond)                                   : find_bond Ca - O rcut -> 5.2
06/05 11:07 [DEBUG] cshmd.common (time_wrapper)                                  : [RUNTIME] __detail_surface_ca_adsorption in 0.037 seconds
06/05 11:07 [DEBUG] cshmd.analysis (find_bond)                                   : find_bond Si - C rcut -> 5.3
06/05 11:07 [DEBUG] cshmd.common (time_wrapper)                                  : [RUNTIME] get_distance_table in 0.001 seconds
06/05 11:07 [DEBUG] cshmd.analysis (__detail_search_oh_co3)                      : Searching 'OH' in 'CO3'
06/05 11:07 [DEBUG] cshmd.analysis (__detail_search_oh_sioh)                     : Searching 'OH' in 'SiO4
06/05 11:07 [DEBUG] cshmd.analysis (__detail_search_oh_caoh)                     : Searching 'OH' in 'CaOH
06/05 11:07 [INFO] cshmd.analysis (Qn)                                           : [Silicate Chain] Q1: 0.259
06/05 11:07 [INFO] cshmd.analysis (Qn)                                           : [Silicate Chain] Q2: 0.741
06/05 11:07 [INFO] cshmd.analysis (evaluate_chain)                               : [Silicate Chain] BT: 168, PT: 512
06/05 11:07 [DEBUG] cshmd.analysis (__init__)                                    : <class 'cshmd.analysis.Chain'> loaded
06/05 11:07 [DEBUG] cshmd.analysis (__init__)                                    : <class 'cshmd.analysis.Chain'> loaded
06/05 11:07 [DEBUG] cshmd.analysis (__init__)                                    : <class 'cshmd.analysis.Chain'> loaded
06/05 11:07 [DEBUG] cshmd.analysis (__init__)                                    : <class 'cshmd.analysis.Chain'> loaded
06/05 11:07 [INFO] cshmd.analysis (evaluate_chain)                               : [Silicate Chain] CL : Length 2: 2 Length 5: 4 Length 8: 10 Length 11: 6
06/05 11:07 [INFO] cshmd.analysis (evaluate_chain)                               : [Silicate Chain] MCL : 7.727
06/05 11:07 [INFO] cshmd.structure (out2info)                                    : 'info.tmp.pkl' was created
06/05 11:07 [DEBUG] cshmd.common (get_logger)                                    : $$$$$$$$$$$$$$  Logger 'cshmd.common........' initialized  $$$$$$$$$$$$$$
06/05 11:07 [DEBUG] cshmd.functions (get_logger)                                 : $$$$$$$$$$$$$$  Logger 'cshmd.functions.....' initialized  $$$$$$$$$$$$$$
06/05 11:07 [DEBUG] cshmd.load (get_logger)                                      : $$$$$$$$$$$$$$  Logger 'cshmd.load..........' initialized  $$$$$$$$$$$$$$
06/05 11:07 [DEBUG] cshmd.analysis (get_logger)                                  : $$$$$$$$$$$$$$  Logger 'cshmd.analysis......' initialized  $$$$$$$$$$$$$$
06/05 11:07 [DEBUG] cshmd.equation (get_logger)                                  : $$$$$$$$$$$$$$  Logger 'cshmd.equation......' initialized  $$$$$$$$$$$$$$
06/05 11:07 [DEBUG] cshmd.structure (get_logger)                                 : $$$$$$$$$$$$$$  Logger 'cshmd.structure.....' initialized  $$$$$$$$$$$$$$
06/05 11:07 [DEBUG] cshmd.builder (get_logger)                                   : $$$$$$$$$$$$$$  Logger 'cshmd.builder.......' initialized  $$$$$$$$$$$$$$
06/05 11:07 [DEBUG] cshmd.trj_analysis (get_logger)                              : $$$$$$$$$$$$$$  Logger 'cshmd.trj_analysis..' initialized  $$$$$$$$$$$$$$
06/05 11:07 [DEBUG] csh_info (get_logger)                                        : $$$$$$$$$$$$$$  Logger 'csh_info............' initialized  $$$$$$$$$$$$$$
06/05 11:07 [INFO] csh_info (main)                                               : Cif: L080_w2750_c.cif
06/05 11:07 [INFO] cshmd.structure (_load_file)                                  : L080_w2750_c.cif was loaded
06/05 11:07 [DEBUG] cshmd.analysis (__init__)                                    : [StructureManager] Now new data setted for get Bonds
06/05 11:07 [DEBUG] cshmd.analysis (__del_bond__)                                : del -> Si_O O_H H_O Ca_O C_O BO NBO
06/05 11:07 [DEBUG] cshmd.analysis (__initialize_mole__)                         : initalize -> H2O SiO4 OH CO3 CO2 H3O
06/05 11:07 [DEBUG] cshmd.analysis (__initialize_mole__)                         : initalize -> SiOH CaOH HCO3 H2CO3 H3CO3
06/05 11:07 [INFO] cshmd.analysis (decorator)                                    : Search level: full
06/05 11:07 [DEBUG] cshmd.analysis (find_bond)                                   : find_bond O - H rcut -> 1.2
06/05 11:07 [DEBUG] cshmd.common (time_wrapper)                                  : [RUNTIME] get_distance_table in 6.337 seconds
06/05 11:07 [DEBUG] cshmd.analysis (get_mole)                                    : get_mole O - H -> nbonds: 2
06/05 11:07 [DEBUG] cshmd.analysis (find_bond)                                   : find_bond Si - O rcut -> 2.3
06/05 11:07 [DEBUG] cshmd.common (time_wrapper)                                  : [RUNTIME] get_distance_table in 0.614 seconds
06/05 11:07 [DEBUG] cshmd.analysis (get_mole)                                    : get_mole Si - O -> nbonds: 4
06/05 11:07 [DEBUG] cshmd.analysis (get_mole)                                    : get_mole O - H -> nbonds: 1
06/05 11:07 [DEBUG] cshmd.analysis (find_bond)                                   : find_bond C - O rcut -> 1.6
06/05 11:07 [DEBUG] cshmd.common (time_wrapper)                                  : [RUNTIME] get_distance_table in 0.001 seconds
06/05 11:07 [DEBUG] cshmd.analysis (get_mole)                                    : get_mole C - O -> nbonds: 3
06/05 11:07 [DEBUG] cshmd.analysis (get_mole)                                    : get_mole O - H -> nbonds: 3
06/05 11:07 [DEBUG] cshmd.analysis (find_bond)                                   : find_bond Ca - O rcut -> 3.0
06/05 11:07 [DEBUG] cshmd.common (time_wrapper)                                  : [RUNTIME] get_distance_table in 0.629 seconds
06/05 11:07 [DEBUG] cshmd.analysis (_search_basic)                               : Basic search result -> H2O: 3254, SiO4: 680, OH: 296, CO3: 1, H3O: 2, Ca_O: 4023
06/05 11:07 [DEBUG] cshmd.analysis (_detail_search_chain)                        : Search layer details
06/05 11:07 [DEBUG] cshmd.analysis (set_layer_boundary)                          : Set layer boundary -> 0.1464303385499996 - 0.4478615267999988
06/05 11:07 [DEBUG] cshmd.analysis (_detail_search_adsorption)                   : Start basic analysis
06/05 11:07 [DEBUG] cshmd.analysis (find_bond)                                   : find_bond Ca - O rcut -> 3.1
06/05 11:07 [DEBUG] cshmd.analysis (find_bond)                                   : find_bond Ca - O rcut -> 5.2
06/05 11:07 [DEBUG] cshmd.common (time_wrapper)                                  : [RUNTIME] __detail_surface_ca_adsorption in 0.023 seconds
06/05 11:07 [DEBUG] cshmd.analysis (find_bond)                                   : find_bond Si - C rcut -> 5.3
06/05 11:07 [DEBUG] cshmd.common (time_wrapper)                                  : [RUNTIME] get_distance_table in 0.001 seconds
06/05 11:07 [DEBUG] cshmd.analysis (__detail_search_oh_co3)                      : Searching 'OH' in 'CO3'
06/05 11:07 [DEBUG] cshmd.analysis (__detail_search_oh_sioh)                     : Searching 'OH' in 'SiO4
06/05 11:07 [DEBUG] cshmd.analysis (__detail_search_oh_caoh)                     : Searching 'OH' in 'CaOH
06/05 11:07 [INFO] cshmd.analysis (Qn)                                           : [Silicate Chain] Q1: 0.259
06/05 11:07 [INFO] cshmd.analysis (Qn)                                           : [Silicate Chain] Q2: 0.741
06/05 11:07 [INFO] cshmd.analysis (evaluate_chain)                               : [Silicate Chain] BT: 168, PT: 512
06/05 11:07 [DEBUG] cshmd.analysis (__init__)                                    : <class 'cshmd.analysis.Chain'> loaded
06/05 11:07 [DEBUG] cshmd.analysis (__init__)                                    : <class 'cshmd.analysis.Chain'> loaded
06/05 11:07 [DEBUG] cshmd.analysis (__init__)                                    : <class 'cshmd.analysis.Chain'> loaded
06/05 11:07 [DEBUG] cshmd.analysis (__init__)                                    : <class 'cshmd.analysis.Chain'> loaded
06/05 11:07 [INFO] cshmd.analysis (evaluate_chain)                               : [Silicate Chain] CL : Length 2: 2 Length 5: 4 Length 8: 10 Length 11: 6
06/05 11:07 [INFO] cshmd.analysis (evaluate_chain)                               : [Silicate Chain] MCL : 7.727
06/05 11:07 [INFO] cshmd.structure (out2info)                                    : 'info.tmp.pkl' was created
06/05 11:08 [DEBUG] cshmd.common (get_logger)                                    : $$$$$$$$$$$$$$  Logger 'cshmd.common........' initialized  $$$$$$$$$$$$$$
06/05 11:08 [DEBUG] cshmd.functions (get_logger)                                 : $$$$$$$$$$$$$$  Logger 'cshmd.functions.....' initialized  $$$$$$$$$$$$$$
06/05 11:08 [DEBUG] cshmd.load (get_logger)                                      : $$$$$$$$$$$$$$  Logger 'cshmd.load..........' initialized  $$$$$$$$$$$$$$
06/05 11:08 [DEBUG] cshmd.analysis (get_logger)                                  : $$$$$$$$$$$$$$  Logger 'cshmd.analysis......' initialized  $$$$$$$$$$$$$$
06/05 11:08 [DEBUG] cshmd.equation (get_logger)                                  : $$$$$$$$$$$$$$  Logger 'cshmd.equation......' initialized  $$$$$$$$$$$$$$
06/05 11:08 [DEBUG] cshmd.structure (get_logger)                                 : $$$$$$$$$$$$$$  Logger 'cshmd.structure.....' initialized  $$$$$$$$$$$$$$
06/05 11:08 [DEBUG] cshmd.builder (get_logger)                                   : $$$$$$$$$$$$$$  Logger 'cshmd.builder.......' initialized  $$$$$$$$$$$$$$
06/05 11:08 [DEBUG] cshmd.trj_analysis (get_logger)                              : $$$$$$$$$$$$$$  Logger 'cshmd.trj_analysis..' initialized  $$$$$$$$$$$$$$
06/05 11:08 [DEBUG] csh_info (get_logger)                                        : $$$$$$$$$$$$$$  Logger 'csh_info............' initialized  $$$$$$$$$$$$$$
06/05 11:08 [INFO] csh_info (main)                                               : Cif: L080_w2750_c.cif
06/05 11:08 [INFO] cshmd.structure (_load_file)                                  : L080_w2750_c.cif was loaded
06/05 11:08 [DEBUG] cshmd.analysis (__init__)                                    : [StructureManager] Now new data setted for get Bonds
06/05 11:08 [DEBUG] cshmd.analysis (__del_bond__)                                : del -> Si_O O_H H_O Ca_O C_O BO NBO
06/05 11:08 [DEBUG] cshmd.analysis (__initialize_mole__)                         : initalize -> H2O SiO4 OH CO3 CO2 H3O
06/05 11:08 [DEBUG] cshmd.analysis (__initialize_mole__)                         : initalize -> SiOH CaOH HCO3 H2CO3 H3CO3
06/05 11:08 [INFO] cshmd.analysis (decorator)                                    : Search level: full
06/05 11:08 [DEBUG] cshmd.analysis (find_bond)                                   : find_bond O - H rcut -> 1.2
06/05 11:08 [DEBUG] cshmd.common (time_wrapper)                                  : [RUNTIME] get_distance_table in 6.384 seconds
06/05 11:08 [DEBUG] cshmd.analysis (get_mole)                                    : get_mole O - H -> nbonds: 2
06/05 11:08 [DEBUG] cshmd.analysis (find_bond)                                   : find_bond Si - O rcut -> 2.3
06/05 11:08 [DEBUG] cshmd.common (time_wrapper)                                  : [RUNTIME] get_distance_table in 0.613 seconds
06/05 11:08 [DEBUG] cshmd.analysis (get_mole)                                    : get_mole Si - O -> nbonds: 4
06/05 11:08 [DEBUG] cshmd.analysis (get_mole)                                    : get_mole O - H -> nbonds: 1
06/05 11:08 [DEBUG] cshmd.analysis (find_bond)                                   : find_bond C - O rcut -> 1.6
06/05 11:08 [DEBUG] cshmd.common (time_wrapper)                                  : [RUNTIME] get_distance_table in 0.001 seconds
06/05 11:08 [DEBUG] cshmd.analysis (get_mole)                                    : get_mole C - O -> nbonds: 3
06/05 11:08 [DEBUG] cshmd.analysis (get_mole)                                    : get_mole O - H -> nbonds: 3
06/05 11:08 [DEBUG] cshmd.analysis (find_bond)                                   : find_bond Ca - O rcut -> 3.0
06/05 11:08 [DEBUG] cshmd.common (time_wrapper)                                  : [RUNTIME] get_distance_table in 0.648 seconds
06/05 11:08 [DEBUG] cshmd.analysis (_search_basic)                               : Basic search result -> H2O: 3254, SiO4: 680, OH: 296, CO3: 1, H3O: 2, Ca_O: 4023
06/05 11:08 [DEBUG] cshmd.analysis (_detail_search_chain)                        : Search layer details
06/05 11:08 [DEBUG] cshmd.analysis (set_layer_boundary)                          : Set layer boundary -> 0.1464303385499996 - 0.4478615267999988
06/05 11:08 [DEBUG] cshmd.analysis (_detail_search_adsorption)                   : Start basic analysis
06/05 11:08 [DEBUG] cshmd.analysis (find_bond)                                   : find_bond Ca - O rcut -> 3.1
06/05 11:08 [DEBUG] cshmd.analysis (find_bond)                                   : find_bond Ca - O rcut -> 5.2
06/05 11:08 [DEBUG] cshmd.common (time_wrapper)                                  : [RUNTIME] __detail_surface_ca_adsorption in 0.021 seconds
06/05 11:08 [DEBUG] cshmd.analysis (find_bond)                                   : find_bond Si - C rcut -> 5.3
06/05 11:08 [DEBUG] cshmd.common (time_wrapper)                                  : [RUNTIME] get_distance_table in 0.001 seconds
06/05 11:08 [DEBUG] cshmd.analysis (__detail_search_oh_co3)                      : Searching 'OH' in 'CO3'
06/05 11:08 [DEBUG] cshmd.analysis (__detail_search_oh_sioh)                     : Searching 'OH' in 'SiO4
06/05 11:08 [DEBUG] cshmd.analysis (__detail_search_oh_caoh)                     : Searching 'OH' in 'CaOH
06/05 11:08 [INFO] cshmd.analysis (Qn)                                           : [Silicate Chain] Q1: 0.259
06/05 11:08 [INFO] cshmd.analysis (Qn)                                           : [Silicate Chain] Q2: 0.741
06/05 11:08 [INFO] cshmd.analysis (evaluate_chain)                               : [Silicate Chain] BT: 168, PT: 512
06/05 11:08 [DEBUG] cshmd.analysis (__init__)                                    : <class 'cshmd.analysis.Chain'> loaded
06/05 11:08 [DEBUG] cshmd.analysis (__init__)                                    : <class 'cshmd.analysis.Chain'> loaded
06/05 11:08 [DEBUG] cshmd.analysis (__init__)                                    : <class 'cshmd.analysis.Chain'> loaded
06/05 11:08 [DEBUG] cshmd.analysis (__init__)                                    : <class 'cshmd.analysis.Chain'> loaded
06/05 11:08 [INFO] cshmd.analysis (evaluate_chain)                               : [Silicate Chain] CL : Length 2: 2 Length 5: 4 Length 8: 10 Length 11: 6
06/05 11:08 [INFO] cshmd.analysis (evaluate_chain)                               : [Silicate Chain] MCL : 7.727
06/05 11:08 [INFO] cshmd.structure (out2info)                                    : 'info.tmp.pkl' was created
06/05 11:09 [DEBUG] cshmd.common (get_logger)                                    : $$$$$$$$$$$$$$  Logger 'cshmd.common........' initialized  $$$$$$$$$$$$$$
06/05 11:09 [DEBUG] cshmd.functions (get_logger)                                 : $$$$$$$$$$$$$$  Logger 'cshmd.functions.....' initialized  $$$$$$$$$$$$$$
06/05 11:09 [DEBUG] cshmd.load (get_logger)                                      : $$$$$$$$$$$$$$  Logger 'cshmd.load..........' initialized  $$$$$$$$$$$$$$
06/05 11:09 [DEBUG] cshmd.analysis (get_logger)                                  : $$$$$$$$$$$$$$  Logger 'cshmd.analysis......' initialized  $$$$$$$$$$$$$$
06/05 11:09 [DEBUG] cshmd.equation (get_logger)                                  : $$$$$$$$$$$$$$  Logger 'cshmd.equation......' initialized  $$$$$$$$$$$$$$
06/05 11:09 [DEBUG] cshmd.structure (get_logger)                                 : $$$$$$$$$$$$$$  Logger 'cshmd.structure.....' initialized  $$$$$$$$$$$$$$
06/05 11:09 [DEBUG] cshmd.builder (get_logger)                                   : $$$$$$$$$$$$$$  Logger 'cshmd.builder.......' initialized  $$$$$$$$$$$$$$
06/05 11:09 [DEBUG] cshmd.trj_analysis (get_logger)                              : $$$$$$$$$$$$$$  Logger 'cshmd.trj_analysis..' initialized  $$$$$$$$$$$$$$
06/05 11:09 [DEBUG] csh_info (get_logger)                                        : $$$$$$$$$$$$$$  Logger 'csh_info............' initialized  $$$$$$$$$$$$$$
06/05 11:09 [INFO] csh_info (main)                                               : Cif: L080_w2750_c.cif
06/05 11:09 [INFO] cshmd.structure (_load_file)                                  : L080_w2750_c.cif was loaded
06/05 11:09 [DEBUG] cshmd.analysis (__init__)                                    : [StructureManager] Now new data setted for get Bonds
06/05 11:09 [DEBUG] cshmd.analysis (__del_bond__)                                : del -> Si_O O_H H_O Ca_O C_O BO NBO
06/05 11:09 [DEBUG] cshmd.analysis (__initialize_mole__)                         : initalize -> H2O SiO4 OH CO3 CO2 H3O
06/05 11:09 [DEBUG] cshmd.analysis (__initialize_mole__)                         : initalize -> SiOH CaOH HCO3 H2CO3 H3CO3
06/05 11:09 [INFO] cshmd.analysis (decorator)                                    : Search level: full
06/05 11:09 [DEBUG] cshmd.analysis (find_bond)                                   : find_bond O - H rcut -> 1.2
06/05 11:09 [DEBUG] cshmd.common (get_logger)                                    : $$$$$$$$$$$$$$  Logger 'cshmd.common........' initialized  $$$$$$$$$$$$$$
06/05 11:09 [DEBUG] cshmd.functions (get_logger)                                 : $$$$$$$$$$$$$$  Logger 'cshmd.functions.....' initialized  $$$$$$$$$$$$$$
06/05 11:09 [DEBUG] cshmd.load (get_logger)                                      : $$$$$$$$$$$$$$  Logger 'cshmd.load..........' initialized  $$$$$$$$$$$$$$
06/05 11:09 [DEBUG] cshmd.analysis (get_logger)                                  : $$$$$$$$$$$$$$  Logger 'cshmd.analysis......' initialized  $$$$$$$$$$$$$$
06/05 11:09 [DEBUG] cshmd.common (get_logger)                                    : $$$$$$$$$$$$$$  Logger 'cshmd.common........' initialized  $$$$$$$$$$$$$$
06/05 11:09 [DEBUG] cshmd.functions (get_logger)                                 : $$$$$$$$$$$$$$  Logger 'cshmd.functions.....' initialized  $$$$$$$$$$$$$$
06/05 11:09 [DEBUG] cshmd.load (get_logger)                                      : $$$$$$$$$$$$$$  Logger 'cshmd.load..........' initialized  $$$$$$$$$$$$$$
06/05 11:09 [DEBUG] cshmd.analysis (get_logger)                                  : $$$$$$$$$$$$$$  Logger 'cshmd.analysis......' initialized  $$$$$$$$$$$$$$
06/05 11:09 [DEBUG] cshmd.equation (get_logger)                                  : $$$$$$$$$$$$$$  Logger 'cshmd.equation......' initialized  $$$$$$$$$$$$$$
06/05 11:09 [DEBUG] cshmd.structure (get_logger)                                 : $$$$$$$$$$$$$$  Logger 'cshmd.structure.....' initialized  $$$$$$$$$$$$$$
06/05 11:09 [DEBUG] cshmd.builder (get_logger)                                   : $$$$$$$$$$$$$$  Logger 'cshmd.builder.......' initialized  $$$$$$$$$$$$$$
06/05 11:09 [DEBUG] cshmd.trj_analysis (get_logger)                              : $$$$$$$$$$$$$$  Logger 'cshmd.trj_analysis..' initialized  $$$$$$$$$$$$$$
06/05 11:09 [DEBUG] csh_info (get_logger)                                        : $$$$$$$$$$$$$$  Logger 'csh_info............' initialized  $$$$$$$$$$$$$$
06/05 11:09 [INFO] csh_info (main)                                               : Cif: L080_w2750_c.cif
06/05 11:09 [INFO] cshmd.structure (_load_file)                                  : L080_w2750_c.cif was loaded
06/05 11:09 [DEBUG] cshmd.analysis (__init__)                                    : [StructureManager] Now new data setted for get Bonds
06/05 11:09 [DEBUG] cshmd.analysis (__del_bond__)                                : del -> Si_O O_H H_O Ca_O C_O BO NBO
06/05 11:09 [DEBUG] cshmd.analysis (__initialize_mole__)                         : initalize -> H2O SiO4 OH CO3 CO2 H3O
06/05 11:09 [DEBUG] cshmd.analysis (__initialize_mole__)                         : initalize -> SiOH CaOH HCO3 H2CO3 H3CO3
06/05 11:09 [INFO] cshmd.analysis (decorator)                                    : Search level: full
06/05 11:09 [DEBUG] cshmd.analysis (find_bond)                                   : find_bond O - H rcut -> 1.2
06/05 11:09 [DEBUG] cshmd.common (time_wrapper)                                  : [RUNTIME] get_distance_table in 6.182 seconds
06/05 11:09 [DEBUG] cshmd.analysis (get_mole)                                    : get_mole O - H -> nbonds: 2
06/05 11:09 [DEBUG] cshmd.analysis (find_bond)                                   : find_bond Si - O rcut -> 2.3
06/05 11:09 [DEBUG] cshmd.common (time_wrapper)                                  : [RUNTIME] get_distance_table in 0.620 seconds
06/05 11:09 [DEBUG] cshmd.analysis (get_mole)                                    : get_mole Si - O -> nbonds: 4
06/05 11:09 [DEBUG] cshmd.analysis (get_mole)                                    : get_mole O - H -> nbonds: 1
06/05 11:09 [DEBUG] cshmd.analysis (find_bond)                                   : find_bond C - O rcut -> 1.6
06/05 11:09 [DEBUG] cshmd.common (time_wrapper)                                  : [RUNTIME] get_distance_table in 0.001 seconds
06/05 11:09 [DEBUG] cshmd.analysis (get_mole)                                    : get_mole C - O -> nbonds: 3
06/05 11:09 [DEBUG] cshmd.analysis (get_mole)                                    : get_mole O - H -> nbonds: 3
06/05 11:09 [DEBUG] cshmd.analysis (find_bond)                                   : find_bond Ca - O rcut -> 3.0
06/05 11:09 [DEBUG] cshmd.common (time_wrapper)                                  : [RUNTIME] get_distance_table in 0.770 seconds
06/05 11:09 [DEBUG] cshmd.analysis (_search_basic)                               : Basic search result -> H2O: 3254, SiO4: 680, OH: 296, CO3: 1, H3O: 2, Ca_O: 4023
06/05 11:09 [DEBUG] cshmd.analysis (_detail_search_chain)                        : Search layer details
06/05 11:09 [DEBUG] cshmd.analysis (set_layer_boundary)                          : Set layer boundary -> 0.1464303385499996 - 0.4478615267999988
06/05 11:09 [DEBUG] cshmd.analysis (_detail_search_adsorption)                   : Start basic analysis
06/05 11:09 [DEBUG] cshmd.analysis (find_bond)                                   : find_bond Ca - O rcut -> 3.1
06/05 11:09 [DEBUG] cshmd.analysis (find_bond)                                   : find_bond Ca - O rcut -> 5.2
06/05 11:09 [DEBUG] cshmd.common (time_wrapper)                                  : [RUNTIME] __detail_surface_ca_adsorption in 0.022 seconds
06/05 11:09 [DEBUG] cshmd.analysis (find_bond)                                   : find_bond Si - C rcut -> 5.3
06/05 11:09 [DEBUG] cshmd.common (time_wrapper)                                  : [RUNTIME] get_distance_table in 0.001 seconds
06/05 11:09 [DEBUG] cshmd.analysis (__detail_search_oh_co3)                      : Searching 'OH' in 'CO3'
06/05 11:09 [DEBUG] cshmd.analysis (__detail_search_oh_sioh)                     : Searching 'OH' in 'SiO4
06/05 11:09 [DEBUG] cshmd.analysis (__detail_search_oh_caoh)                     : Searching 'OH' in 'CaOH
06/05 11:09 [INFO] cshmd.analysis (Qn)                                           : [Silicate Chain] Q1: 0.259
06/05 11:09 [INFO] cshmd.analysis (Qn)                                           : [Silicate Chain] Q2: 0.741
06/05 11:09 [INFO] cshmd.analysis (evaluate_chain)                               : [Silicate Chain] BT: 168, PT: 512
06/05 11:09 [DEBUG] cshmd.analysis (__init__)                                    : <class 'cshmd.analysis.Chain'> loaded
06/05 11:09 [DEBUG] cshmd.analysis (__init__)                                    : <class 'cshmd.analysis.Chain'> loaded
06/05 11:09 [DEBUG] cshmd.analysis (__init__)                                    : <class 'cshmd.analysis.Chain'> loaded
06/05 11:09 [DEBUG] cshmd.analysis (__init__)                                    : <class 'cshmd.analysis.Chain'> loaded
06/05 11:09 [INFO] cshmd.analysis (evaluate_chain)                               : [Silicate Chain] CL : Length 2: 2 Length 5: 4 Length 8: 10 Length 11: 6
06/05 11:09 [INFO] cshmd.analysis (evaluate_chain)                               : [Silicate Chain] MCL : 7.727
06/05 11:09 [INFO] cshmd.structure (out2info)                                    : 'info.tmp.pkl' was created
06/05 11:10 [DEBUG] cshmd.common (get_logger)                                    : $$$$$$$$$$$$$$  Logger 'cshmd.common........' initialized  $$$$$$$$$$$$$$
06/05 11:10 [DEBUG] cshmd.functions (get_logger)                                 : $$$$$$$$$$$$$$  Logger 'cshmd.functions.....' initialized  $$$$$$$$$$$$$$
06/05 11:10 [DEBUG] cshmd.load (get_logger)                                      : $$$$$$$$$$$$$$  Logger 'cshmd.load..........' initialized  $$$$$$$$$$$$$$
06/05 11:10 [DEBUG] cshmd.analysis (get_logger)                                  : $$$$$$$$$$$$$$  Logger 'cshmd.analysis......' initialized  $$$$$$$$$$$$$$
06/05 11:10 [DEBUG] cshmd.equation (get_logger)                                  : $$$$$$$$$$$$$$  Logger 'cshmd.equation......' initialized  $$$$$$$$$$$$$$
06/05 11:10 [DEBUG] cshmd.structure (get_logger)                                 : $$$$$$$$$$$$$$  Logger 'cshmd.structure.....' initialized  $$$$$$$$$$$$$$
06/05 11:10 [DEBUG] cshmd.builder (get_logger)                                   : $$$$$$$$$$$$$$  Logger 'cshmd.builder.......' initialized  $$$$$$$$$$$$$$
06/05 11:10 [DEBUG] cshmd.trj_analysis (get_logger)                              : $$$$$$$$$$$$$$  Logger 'cshmd.trj_analysis..' initialized  $$$$$$$$$$$$$$
06/05 11:10 [DEBUG] csh_info (get_logger)                                        : $$$$$$$$$$$$$$  Logger 'csh_info............' initialized  $$$$$$$$$$$$$$
06/05 11:10 [INFO] csh_info (main)                                               : Cif: L080_w2750_c.cif
06/05 11:10 [INFO] cshmd.structure (_load_file)                                  : L080_w2750_c.cif was loaded
06/05 11:10 [DEBUG] cshmd.analysis (__init__)                                    : [StructureManager] Now new data setted for get Bonds
06/05 11:10 [DEBUG] cshmd.analysis (__del_bond__)                                : del -> Si_O O_H H_O Ca_O C_O BO NBO
06/05 11:10 [DEBUG] cshmd.analysis (__initialize_mole__)                         : initalize -> H2O SiO4 OH CO3 CO2 H3O
06/05 11:10 [DEBUG] cshmd.analysis (__initialize_mole__)                         : initalize -> SiOH CaOH HCO3 H2CO3 H3CO3
06/05 11:10 [INFO] cshmd.analysis (decorator)                                    : Search level: full
06/05 11:10 [DEBUG] cshmd.analysis (find_bond)                                   : find_bond O - H rcut -> 1.2
06/05 11:10 [DEBUG] cshmd.common (time_wrapper)                                  : [RUNTIME] get_distance_table in 9.846 seconds
06/05 11:10 [DEBUG] cshmd.analysis (get_mole)                                    : get_mole O - H -> nbonds: 2
06/05 11:10 [DEBUG] cshmd.analysis (find_bond)                                   : find_bond Si - O rcut -> 2.3
06/05 11:10 [DEBUG] cshmd.common (time_wrapper)                                  : [RUNTIME] get_distance_table in 1.123 seconds
06/05 11:10 [DEBUG] cshmd.analysis (get_mole)                                    : get_mole Si - O -> nbonds: 4
06/05 11:10 [DEBUG] cshmd.analysis (get_mole)                                    : get_mole O - H -> nbonds: 1
06/05 11:10 [DEBUG] cshmd.analysis (find_bond)                                   : find_bond C - O rcut -> 1.6
06/05 11:10 [DEBUG] cshmd.common (time_wrapper)                                  : [RUNTIME] get_distance_table in 0.002 seconds
06/05 11:10 [DEBUG] cshmd.analysis (get_mole)                                    : get_mole C - O -> nbonds: 3
06/05 11:10 [DEBUG] cshmd.analysis (get_mole)                                    : get_mole O - H -> nbonds: 3
06/05 11:10 [DEBUG] cshmd.analysis (find_bond)                                   : find_bond Ca - O rcut -> 3.0
06/05 11:10 [DEBUG] cshmd.common (time_wrapper)                                  : [RUNTIME] get_distance_table in 3.574 seconds
06/05 11:10 [DEBUG] cshmd.analysis (_search_basic)                               : Basic search result -> H2O: 3254, SiO4: 680, OH: 296, CO3: 1, H3O: 2, Ca_O: 4023
06/05 11:10 [DEBUG] cshmd.analysis (_detail_search_chain)                        : Search layer details
06/05 11:10 [DEBUG] cshmd.analysis (set_layer_boundary)                          : Set layer boundary -> 0.1464303385499996 - 0.4478615267999988
06/05 11:10 [DEBUG] cshmd.analysis (_detail_search_adsorption)                   : Start basic analysis
06/05 11:10 [DEBUG] cshmd.analysis (find_bond)                                   : find_bond Ca - O rcut -> 3.1
06/05 11:10 [DEBUG] cshmd.analysis (find_bond)                                   : find_bond Ca - O rcut -> 5.2
06/05 11:10 [DEBUG] cshmd.common (time_wrapper)                                  : [RUNTIME] __detail_surface_ca_adsorption in 0.025 seconds
06/05 11:10 [DEBUG] cshmd.analysis (find_bond)                                   : find_bond Si - C rcut -> 5.3
06/05 11:10 [DEBUG] cshmd.common (time_wrapper)                                  : [RUNTIME] get_distance_table in 0.001 seconds
06/05 11:10 [DEBUG] cshmd.analysis (__detail_search_oh_co3)                      : Searching 'OH' in 'CO3'
06/05 11:10 [DEBUG] cshmd.analysis (__detail_search_oh_sioh)                     : Searching 'OH' in 'SiO4
06/05 11:10 [DEBUG] cshmd.analysis (__detail_search_oh_caoh)                     : Searching 'OH' in 'CaOH
06/05 11:10 [INFO] cshmd.analysis (Qn)                                           : [Silicate Chain] Q1: 0.259
06/05 11:10 [INFO] cshmd.analysis (Qn)                                           : [Silicate Chain] Q2: 0.741
06/05 11:10 [INFO] cshmd.analysis (evaluate_chain)                               : [Silicate Chain] BT: 168, PT: 512
06/05 11:10 [DEBUG] cshmd.analysis (__init__)                                    : <class 'cshmd.analysis.Chain'> loaded
06/05 11:10 [DEBUG] cshmd.analysis (__init__)                                    : <class 'cshmd.analysis.Chain'> loaded
06/05 11:10 [DEBUG] cshmd.analysis (__init__)                                    : <class 'cshmd.analysis.Chain'> loaded
06/05 11:10 [DEBUG] cshmd.analysis (__init__)                                    : <class 'cshmd.analysis.Chain'> loaded
06/05 11:10 [INFO] cshmd.analysis (evaluate_chain)                               : [Silicate Chain] CL : Length 2: 2 Length 5: 4 Length 8: 10 Length 11: 6
06/05 11:10 [INFO] cshmd.analysis (evaluate_chain)                               : [Silicate Chain] MCL : 7.727
06/05 11:10 [INFO] cshmd.structure (out2info)                                    : 'info.tmp.pkl' was created
06/09 13:11 [DEBUG] cshmd.common (get_logger)                                    : $$$$$$$$$$$$$$  Logger 'cshmd.common........' initialized  $$$$$$$$$$$$$$
06/09 13:11 [DEBUG] cshmd.functions (get_logger)                                 : $$$$$$$$$$$$$$  Logger 'cshmd.functions.....' initialized  $$$$$$$$$$$$$$
06/09 13:11 [DEBUG] cshmd.load (get_logger)                                      : $$$$$$$$$$$$$$  Logger 'cshmd.load..........' initialized  $$$$$$$$$$$$$$
06/09 13:11 [DEBUG] cshmd.analysis (get_logger)                                  : $$$$$$$$$$$$$$  Logger 'cshmd.analysis......' initialized  $$$$$$$$$$$$$$
06/09 13:11 [DEBUG] cshmd.equation (get_logger)                                  : $$$$$$$$$$$$$$  Logger 'cshmd.equation......' initialized  $$$$$$$$$$$$$$
06/09 13:11 [DEBUG] cshmd.structure (get_logger)                                 : $$$$$$$$$$$$$$  Logger 'cshmd.structure.....' initialized  $$$$$$$$$$$$$$
06/09 13:11 [DEBUG] cshmd.builder (get_logger)                                   : $$$$$$$$$$$$$$  Logger 'cshmd.builder.......' initialized  $$$$$$$$$$$$$$
06/09 13:11 [DEBUG] cshmd.trj_analysis (get_logger)                              : $$$$$$$$$$$$$$  Logger 'cshmd.trj_analysis..' initialized  $$$$$$$$$$$$$$
06/09 13:11 [DEBUG] cif_modifier (get_logger)                                    : $$$$$$$$$$$$$$  Logger 'cif_modifier........' initialized  $$$$$$$$$$$$$$
06/09 13:11 [INFO] cif_modifier (<module>)                                       : Logger loaded
06/09 13:11 [INFO] cshmd.structure (_load_file)                                  : L025_w2750_c.cif was loaded
06/09 13:11 [DEBUG] cshmd.analysis (__init__)                                    : [StructureManager] Now new data setted for get Bonds
06/09 13:11 [DEBUG] cshmd.analysis (__del_bond__)                                : del -> Si_O O_H H_O Ca_O C_O BO NBO
06/09 13:11 [DEBUG] cshmd.analysis (__initialize_mole__)                         : initalize -> H2O SiO4 OH CO3 CO2 H3O
06/09 13:11 [DEBUG] cshmd.analysis (__initialize_mole__)                         : initalize -> SiOH CaOH HCO3 H2CO3 H3CO3
06/09 13:11 [INFO] cshmd.analysis (decorator)                                    : Search level: basic
06/09 13:11 [DEBUG] cshmd.analysis (find_bond)                                   : find_bond O - H rcut -> 1.2
06/09 13:11 [DEBUG] cshmd.common (time_wrapper)                                  : [RUNTIME] get_distance_table_by_elem in 6.191 seconds
06/09 13:11 [DEBUG] cshmd.analysis (get_mole)                                    : get_mole O - H -> nbonds: 2
06/09 13:11 [DEBUG] cshmd.analysis (find_bond)                                   : find_bond Si - O rcut -> 2.3
06/09 13:11 [DEBUG] cshmd.common (time_wrapper)                                  : [RUNTIME] get_distance_table_by_elem in 0.505 seconds
06/09 13:11 [DEBUG] cshmd.analysis (get_mole)                                    : get_mole Si - O -> nbonds: 4
06/09 13:11 [DEBUG] cshmd.analysis (get_mole)                                    : get_mole O - H -> nbonds: 1
06/09 13:11 [DEBUG] cshmd.analysis (find_bond)                                   : find_bond C - O rcut -> 1.6
06/09 13:11 [DEBUG] cshmd.common (time_wrapper)                                  : [RUNTIME] get_distance_table_by_elem in 0.001 seconds
06/09 13:11 [DEBUG] cshmd.analysis (get_mole)                                    : get_mole C - O -> nbonds: 3
06/09 13:11 [DEBUG] cshmd.analysis (get_mole)                                    : get_mole O - H -> nbonds: 3
06/09 13:11 [DEBUG] cshmd.analysis (find_bond)                                   : find_bond Ca - O rcut -> 3.0
06/09 13:11 [DEBUG] cshmd.common (time_wrapper)                                  : [RUNTIME] get_distance_table_by_elem in 0.721 seconds
06/09 13:11 [DEBUG] cshmd.analysis (_search_basic)                               : Basic search result -> H2O: 3254, SiO4: 548, OH: 164, CO3: 1, H3O: 2, Ca_O: 4298
06/09 13:11 [INFO] cshmd.structure (add_rm_list_water)                           : Now eliminate all H2O but OH or H3O
06/09 13:11 [DEBUG] cshmd.analysis (get_mole)                                    : get_mole O - H -> nbonds: 2
06/09 13:11 [INFO] cshmd.structure (check_rm_list)                               : Delete 9762 atoms in rm_list
06/09 13:11 [INFO] cshmd.structure (writeCif)                                    : L025_w2750_c_modified.cif was created
06/09 13:11 [INFO] cif_modifier (__init__)                                       : Total charge: 0 -> 0
