03/25 11:12 [INFO] csh_builder (main)                        : ----------------------------------------------------------------------
03/25 11:12 [INFO] cshmd.structure (__init__)                : /Users/kimuni/bin/kimuni/cshmd/data/resources/cif/T14_111_term.cif was loaded
03/25 11:12 [DEBUG] cshmd.analysis (__init__)                : [Structure] Now new data setted for get Bonds
03/25 11:12 [DEBUG] cshmd.analysis (__del_bond__)            : del -> Si_O O_H H_O Ca_O C_O BO
03/25 11:12 [DEBUG] cshmd.analysis (__initialize_mole__)     : initalize -> H2O SiO4 OH CO3 H3O
03/25 11:12 [DEBUG] cshmd.analysis (__initialize_mole__)     : initalize -> SiOH CaOH HCO3 H2CO3 H3CO3
03/25 11:12 [INFO] cshmd.analysis (__init__)                 : Not any C-S-H Model
03/25 11:12 [DEBUG] cshmd.analysis (find_bond)               : find_bond O - H rcut -> 1.2
03/25 11:12 [DEBUG] cshmd.common (time_wrapper)              : [RUNTIME] get_distance_table in 0.001 seconds
03/25 11:12 [DEBUG] cshmd.analysis (get_mole)                : get_mole O - H -> nbonds: 2
03/25 11:12 [DEBUG] cshmd.analysis (find_bond)               : find_bond Si - O rcut -> 2.2
03/25 11:12 [DEBUG] cshmd.common (time_wrapper)              : [RUNTIME] get_distance_table in 0.000 seconds
03/25 11:12 [DEBUG] cshmd.analysis (get_mole)                : get_mole Si - O -> nbonds: 4
03/25 11:12 [DEBUG] cshmd.analysis (get_mole)                : get_mole O - H -> nbonds: 1
03/25 11:12 [DEBUG] cshmd.analysis (find_bond)               : find_bond C - O rcut -> 1.6
03/25 11:12 [DEBUG] cshmd.analysis (get_mole)                : get_mole C - O -> nbonds: 3
03/25 11:12 [DEBUG] cshmd.analysis (get_mole)                : get_mole O - H -> nbonds: 3
03/25 11:12 [DEBUG] cshmd.analysis (find_bond)               : find_bond Ca - O rcut -> 3.0
03/25 11:12 [DEBUG] cshmd.common (time_wrapper)              : [RUNTIME] get_distance_table in 0.000 seconds
03/25 11:12 [DEBUG] cshmd.analysis (full_search)             : Search layer details
03/25 11:12 [DEBUG] cshmd.analysis (find_bond)               : find_bond Ca - O rcut -> 3.0
03/25 11:12 [DEBUG] cshmd.analysis (find_bond)               : find_bond Si - O rcut -> 2.2
03/25 11:12 [DEBUG] cshmd.analysis (__detail_search_oh_co3)  : No CO3 in basic search
03/25 11:12 [DEBUG] cshmd.analysis (__detail_search_oh_sioh) : Searching 'OH' in 'SiO4
03/25 11:12 [DEBUG] cshmd.analysis (__detail_search_oh_caoh) : No CaOH in basic search. RETURN
03/25 11:12 [INFO] cshmd.analysis (Qn)                       : [Structure] Q2: 1.000
03/25 11:12 [INFO] cshmd.analysis (CS)                       : [Structure] C/S: 0.750
03/25 11:12 [INFO] cshmd.analysis (validate_tetra)           : [Structure] BT: 4, PT: 8
03/25 11:12 [INFO] cshmd.analysis (validate_tetra)           : [Structure] CL : 3
03/25 11:12 [INFO] cshmd.analysis (validate_tetra)           : [Structure] MCL : 3.0
03/25 11:12 [INFO] csh_builder (main)                        : [Structure] Reading command 'supercell'...
03/25 11:12 [INFO] csh_builder (main)                        : [Structure] with arguments 'supercell: [6, 8, 1]'...
03/25 11:12 [INFO] cshmd.structure (makeSupercell)           : [Structure] Supercell created 6 * 8 * 1
03/25 11:13 [INFO] csh_builder (main)                        : ----------------------------------------------------------------------
03/25 11:13 [INFO] cshmd.structure (__init__)                : /Users/kimuni/bin/kimuni/cshmd/data/resources/cif/T14_111_term.cif was loaded
03/25 11:13 [DEBUG] cshmd.analysis (__init__)                : [Structure] Now new data setted for get Bonds
03/25 11:13 [DEBUG] cshmd.analysis (__del_bond__)            : del -> Si_O O_H H_O Ca_O C_O BO
03/25 11:13 [DEBUG] cshmd.analysis (__initialize_mole__)     : initalize -> H2O SiO4 OH CO3 H3O
03/25 11:13 [DEBUG] cshmd.analysis (__initialize_mole__)     : initalize -> SiOH CaOH HCO3 H2CO3 H3CO3
03/25 11:13 [INFO] cshmd.analysis (__init__)                 : Not any C-S-H Model
03/25 11:13 [DEBUG] cshmd.analysis (find_bond)               : find_bond O - H rcut -> 1.2
03/25 11:13 [DEBUG] cshmd.common (time_wrapper)              : [RUNTIME] get_distance_table in 0.000 seconds
03/25 11:13 [DEBUG] cshmd.analysis (get_mole)                : get_mole O - H -> nbonds: 2
03/25 11:13 [DEBUG] cshmd.analysis (find_bond)               : find_bond Si - O rcut -> 2.2
03/25 11:13 [DEBUG] cshmd.common (time_wrapper)              : [RUNTIME] get_distance_table in 0.000 seconds
03/25 11:13 [DEBUG] cshmd.analysis (get_mole)                : get_mole Si - O -> nbonds: 4
03/25 11:13 [DEBUG] cshmd.analysis (get_mole)                : get_mole O - H -> nbonds: 1
03/25 11:13 [DEBUG] cshmd.analysis (find_bond)               : find_bond C - O rcut -> 1.6
03/25 11:13 [DEBUG] cshmd.analysis (get_mole)                : get_mole C - O -> nbonds: 3
03/25 11:13 [DEBUG] cshmd.analysis (get_mole)                : get_mole O - H -> nbonds: 3
03/25 11:13 [DEBUG] cshmd.analysis (find_bond)               : find_bond Ca - O rcut -> 3.0
03/25 11:13 [DEBUG] cshmd.common (time_wrapper)              : [RUNTIME] get_distance_table in 0.000 seconds
03/25 11:13 [DEBUG] cshmd.analysis (full_search)             : Search layer details
03/25 11:13 [DEBUG] cshmd.analysis (find_bond)               : find_bond Ca - O rcut -> 3.0
03/25 11:13 [DEBUG] cshmd.analysis (find_bond)               : find_bond Si - O rcut -> 2.2
03/25 11:13 [DEBUG] cshmd.analysis (__detail_search_oh_co3)  : No CO3 in basic search
03/25 11:13 [DEBUG] cshmd.analysis (__detail_search_oh_sioh) : Searching 'OH' in 'SiO4
03/25 11:13 [DEBUG] cshmd.analysis (__detail_search_oh_caoh) : No CaOH in basic search. RETURN
03/25 11:13 [INFO] cshmd.analysis (Qn)                       : [Structure] Q2: 1.000
03/25 11:13 [INFO] cshmd.analysis (CS)                       : [Structure] C/S: 0.750
03/25 11:13 [INFO] cshmd.analysis (validate_tetra)           : [Structure] BT: 4, PT: 8
03/25 11:13 [INFO] cshmd.analysis (validate_tetra)           : [Structure] CL : 3
03/25 11:13 [INFO] cshmd.analysis (validate_tetra)           : [Structure] MCL : 3.0
03/25 11:13 [INFO] csh_builder (main)                        : [Structure] Reading command 'supercell'...
03/25 11:13 [INFO] csh_builder (main)                        : [Structure] with arguments 'supercell: [6, 8, 1]'...
03/25 11:13 [INFO] cshmd.structure (makeSupercell)           : [Structure] Supercell created 6 * 8 * 1
03/25 11:13 [DEBUG] cshmd.analysis (__init__)                : [Structure] Now new data setted for get Bonds
03/25 11:13 [DEBUG] cshmd.analysis (__del_bond__)            : del -> Si_O O_H H_O Ca_O C_O BO
03/25 11:13 [DEBUG] cshmd.analysis (__initialize_mole__)     : initalize -> H2O SiO4 OH CO3 H3O
03/25 11:13 [DEBUG] cshmd.analysis (__initialize_mole__)     : initalize -> SiOH CaOH HCO3 H2CO3 H3CO3
03/25 11:13 [DEBUG] cshmd.analysis (find_bond)               : find_bond O - H rcut -> 1.2
03/25 11:13 [DEBUG] cshmd.common (time_wrapper)              : [RUNTIME] get_distance_table in 0.316 seconds
03/25 11:13 [DEBUG] cshmd.analysis (get_mole)                : get_mole O - H -> nbonds: 2
03/25 11:13 [DEBUG] cshmd.analysis (find_bond)               : find_bond Si - O rcut -> 2.2
03/25 11:13 [DEBUG] cshmd.common (time_wrapper)              : [RUNTIME] get_distance_table in 0.212 seconds
03/25 11:13 [DEBUG] cshmd.analysis (get_mole)                : get_mole Si - O -> nbonds: 4
03/25 11:13 [DEBUG] cshmd.analysis (get_mole)                : get_mole O - H -> nbonds: 1
03/25 11:13 [DEBUG] cshmd.analysis (find_bond)               : find_bond C - O rcut -> 1.6
03/25 11:13 [DEBUG] cshmd.analysis (get_mole)                : get_mole C - O -> nbonds: 3
03/25 11:13 [DEBUG] cshmd.analysis (get_mole)                : get_mole O - H -> nbonds: 3
03/25 11:13 [DEBUG] cshmd.analysis (find_bond)               : find_bond Ca - O rcut -> 3.0
03/25 11:13 [DEBUG] cshmd.common (time_wrapper)              : [RUNTIME] get_distance_table in 0.146 seconds
03/25 11:13 [DEBUG] cshmd.analysis (full_search)             : Search layer details
03/25 11:13 [DEBUG] cshmd.analysis (find_bond)               : find_bond Ca - O rcut -> 3.0
03/25 11:13 [DEBUG] cshmd.analysis (find_bond)               : find_bond Si - O rcut -> 2.2
03/25 11:13 [DEBUG] cshmd.analysis (__detail_search_oh_co3)  : No CO3 in basic search
03/25 11:13 [DEBUG] cshmd.analysis (__detail_search_oh_sioh) : Searching 'OH' in 'SiO4
03/25 11:13 [DEBUG] cshmd.analysis (__detail_search_oh_caoh) : No CaOH in basic search. RETURN
03/25 11:13 [INFO] cshmd.analysis (Qn)                       : [Structure] Q2: 1.000
03/25 11:13 [INFO] cshmd.analysis (CS)                       : [Structure] C/S: 0.750
03/25 11:13 [INFO] cshmd.analysis (validate_tetra)           : [Structure] BT: 192, PT: 384
03/25 11:13 [INFO] cshmd.analysis (validate_tetra)           : [Structure] CL : 24 24 24 24 24 24
03/25 11:13 [INFO] cshmd.analysis (validate_tetra)           : [Structure] MCL : 24.0
03/25 11:13 [INFO] cshmd.builder (update_manager)            : [Structure] Number of atoms: 86 -> 4128
03/25 11:13 [INFO] csh_builder (main)                        : [Structure] Reading command 'defect_BT'...
03/25 11:13 [INFO] csh_builder (main)                        : [Structure] with arguments 'scope: all termination: False add: Ca'...
03/25 11:13 [INFO] cshmd.builder (defect_BT)                 : [Structure] Termination scope: False
03/25 11:13 [INFO] cshmd.builder (defect_BT)                 : [Structure] Exists 48 Bridging Tetra in 'top' side
03/25 11:13 [INFO] cshmd.structure (add_Ca)                  : [Structure] Add Ca
03/25 11:13 [INFO] cshmd.builder (defect_BT)                 : [Structure] Exists 48 Bridging Tetra in 'bottom' side
03/25 11:13 [INFO] cshmd.structure (add_Ca)                  : [Structure] Add Ca
03/25 11:13 [INFO] cshmd.structure (check_rm_list)           : Delete 288 atoms in rm_list
03/25 11:13 [DEBUG] cshmd.analysis (__init__)                : [Structure] Now new data setted for get Bonds
03/25 11:13 [DEBUG] cshmd.analysis (__del_bond__)            : del -> Si_O O_H H_O Ca_O C_O BO
03/25 11:13 [DEBUG] cshmd.analysis (__initialize_mole__)     : initalize -> H2O SiO4 OH CO3 H3O
03/25 11:13 [DEBUG] cshmd.analysis (__initialize_mole__)     : initalize -> SiOH CaOH HCO3 H2CO3 H3CO3
03/25 11:13 [DEBUG] cshmd.analysis (find_bond)               : find_bond O - H rcut -> 1.2
03/25 11:13 [DEBUG] cshmd.common (time_wrapper)              : [RUNTIME] get_distance_table in 0.317 seconds
03/25 11:13 [DEBUG] cshmd.analysis (get_mole)                : get_mole O - H -> nbonds: 2
03/25 11:13 [DEBUG] cshmd.analysis (find_bond)               : find_bond Si - O rcut -> 2.2
03/25 11:13 [DEBUG] cshmd.common (time_wrapper)              : [RUNTIME] get_distance_table in 0.164 seconds
03/25 11:13 [DEBUG] cshmd.analysis (get_mole)                : get_mole Si - O -> nbonds: 4
03/25 11:13 [DEBUG] cshmd.analysis (get_mole)                : get_mole O - H -> nbonds: 1
03/25 11:13 [DEBUG] cshmd.analysis (find_bond)               : find_bond C - O rcut -> 1.6
03/25 11:13 [DEBUG] cshmd.analysis (get_mole)                : get_mole C - O -> nbonds: 3
03/25 11:13 [DEBUG] cshmd.analysis (get_mole)                : get_mole O - H -> nbonds: 3
03/25 11:13 [DEBUG] cshmd.analysis (find_bond)               : find_bond Ca - O rcut -> 3.0
03/25 11:13 [DEBUG] cshmd.common (time_wrapper)              : [RUNTIME] get_distance_table in 0.183 seconds
03/25 11:13 [DEBUG] cshmd.analysis (full_search)             : Search layer details
03/25 11:13 [DEBUG] cshmd.analysis (find_bond)               : find_bond Ca - O rcut -> 3.0
03/25 11:13 [DEBUG] cshmd.analysis (find_bond)               : find_bond Si - O rcut -> 2.2
03/25 11:13 [DEBUG] cshmd.analysis (__detail_search_oh_co3)  : No CO3 in basic search
03/25 11:13 [DEBUG] cshmd.analysis (__detail_search_oh_sioh) : Searching 'OH' in 'SiO4
03/25 11:13 [DEBUG] cshmd.analysis (__detail_search_oh_caoh) : No CaOH in basic search. RETURN
03/25 11:13 [INFO] cshmd.analysis (Qn)                       : [Structure] Q1: 0.400
03/25 11:13 [INFO] cshmd.analysis (Qn)                       : [Structure] Q2: 0.600
03/25 11:13 [INFO] cshmd.analysis (CS)                       : [Structure] C/S: 0.900
03/25 11:13 [INFO] cshmd.analysis (validate_tetra)           : [Structure] BT: 96, PT: 384
03/25 11:13 [INFO] cshmd.analysis (validate_tetra)           : [Structure] CL : 2 2 2 2 2 2 2 2 2 2 2 2 2 2 2 2 2 2 2 2 2 2 2 2 2 2 2 2 2 2 2 2 2 2 2 2 2 2 2 2 2 2 2 2 2 2 2 2
03/25 11:13 [INFO] cshmd.analysis (validate_tetra)           : [Structure] MCL : 2.0
03/25 11:13 [INFO] cshmd.builder (update_manager)            : [Structure] Number of atoms: 4128 -> 3936
03/25 11:13 [INFO] csh_builder (main)                        : [Structure] Reading command 'terminate_NBO'...
03/25 11:13 [INFO] csh_builder (main)                        : [Structure] with arguments 'ratio: 0'...
03/25 11:13 [INFO] cshmd.builder (terminate_NBO)             : Do not run terminate, ratio == 0
03/25 11:13 [INFO] cshmd.structure (writeCif)                : ./test.cif was created
03/25 11:13 [INFO] cshmd.builder (out_model)                 : Total Charge: 0
03/25 11:13 [INFO] csh_builder (main)                        : ----------------------------------------------------------------------
03/25 11:14 [INFO] csh_builder (main)                        : ----------------------------------------------------------------------
03/25 11:14 [INFO] cshmd.structure (__init__)                : /Users/kimuni/bin/kimuni/cshmd/data/resources/cif/T14_111_term.cif was loaded
03/25 11:14 [DEBUG] cshmd.analysis (__init__)                : [Structure] Now new data setted for get Bonds
03/25 11:14 [DEBUG] cshmd.analysis (__del_bond__)            : del -> Si_O O_H H_O Ca_O C_O BO
03/25 11:14 [DEBUG] cshmd.analysis (__initialize_mole__)     : initalize -> H2O SiO4 OH CO3 H3O
03/25 11:14 [DEBUG] cshmd.analysis (__initialize_mole__)     : initalize -> SiOH CaOH HCO3 H2CO3 H3CO3
03/25 11:14 [INFO] cshmd.analysis (__init__)                 : Not any C-S-H Model
03/25 11:14 [DEBUG] cshmd.analysis (find_bond)               : find_bond O - H rcut -> 1.2
03/25 11:14 [DEBUG] cshmd.common (time_wrapper)              : [RUNTIME] get_distance_table in 0.000 seconds
03/25 11:14 [DEBUG] cshmd.analysis (get_mole)                : get_mole O - H -> nbonds: 2
03/25 11:14 [DEBUG] cshmd.analysis (find_bond)               : find_bond Si - O rcut -> 2.2
03/25 11:14 [DEBUG] cshmd.common (time_wrapper)              : [RUNTIME] get_distance_table in 0.000 seconds
03/25 11:14 [DEBUG] cshmd.analysis (get_mole)                : get_mole Si - O -> nbonds: 4
03/25 11:14 [DEBUG] cshmd.analysis (get_mole)                : get_mole O - H -> nbonds: 1
03/25 11:14 [DEBUG] cshmd.analysis (find_bond)               : find_bond C - O rcut -> 1.6
03/25 11:14 [DEBUG] cshmd.analysis (get_mole)                : get_mole C - O -> nbonds: 3
03/25 11:14 [DEBUG] cshmd.analysis (get_mole)                : get_mole O - H -> nbonds: 3
03/25 11:14 [DEBUG] cshmd.analysis (find_bond)               : find_bond Ca - O rcut -> 3.0
03/25 11:14 [DEBUG] cshmd.common (time_wrapper)              : [RUNTIME] get_distance_table in 0.000 seconds
03/25 11:14 [DEBUG] cshmd.analysis (full_search)             : Search layer details
03/25 11:14 [DEBUG] cshmd.analysis (find_bond)               : find_bond Ca - O rcut -> 3.0
03/25 11:14 [DEBUG] cshmd.analysis (find_bond)               : find_bond Si - O rcut -> 2.2
03/25 11:14 [DEBUG] cshmd.analysis (__detail_search_oh_co3)  : No CO3 in basic search
03/25 11:14 [DEBUG] cshmd.analysis (__detail_search_oh_sioh) : Searching 'OH' in 'SiO4
03/25 11:14 [DEBUG] cshmd.analysis (__detail_search_oh_caoh) : No CaOH in basic search. RETURN
03/25 11:14 [INFO] cshmd.analysis (Qn)                       : [Structure] Q2: 1.000
03/25 11:14 [INFO] cshmd.analysis (CS)                       : [Structure] C/S: 0.750
03/25 11:14 [INFO] cshmd.analysis (validate_tetra)           : [Structure] BT: 4, PT: 8
03/25 11:14 [INFO] cshmd.analysis (validate_tetra)           : [Structure] CL : 3
03/25 11:14 [INFO] cshmd.analysis (validate_tetra)           : [Structure] MCL : 3.0
03/25 11:14 [INFO] csh_builder (main)                        : [Structure] Reading command 'supercell'...
03/25 11:14 [INFO] csh_builder (main)                        : [Structure] with arguments 'supercell: [6, 8, 1]'...
03/25 11:14 [INFO] cshmd.structure (makeSupercell)           : [Structure] Supercell created 6 * 8 * 1
03/25 11:14 [DEBUG] cshmd.analysis (__init__)                : [Structure] Now new data setted for get Bonds
03/25 11:14 [DEBUG] cshmd.analysis (__del_bond__)            : del -> Si_O O_H H_O Ca_O C_O BO
03/25 11:14 [DEBUG] cshmd.analysis (__initialize_mole__)     : initalize -> H2O SiO4 OH CO3 H3O
03/25 11:14 [DEBUG] cshmd.analysis (__initialize_mole__)     : initalize -> SiOH CaOH HCO3 H2CO3 H3CO3
03/25 11:14 [DEBUG] cshmd.analysis (find_bond)               : find_bond O - H rcut -> 1.2
03/25 11:14 [DEBUG] cshmd.common (time_wrapper)              : [RUNTIME] get_distance_table in 0.349 seconds
03/25 11:14 [DEBUG] cshmd.analysis (get_mole)                : get_mole O - H -> nbonds: 2
03/25 11:14 [DEBUG] cshmd.analysis (find_bond)               : find_bond Si - O rcut -> 2.2
03/25 11:14 [DEBUG] cshmd.common (time_wrapper)              : [RUNTIME] get_distance_table in 0.210 seconds
03/25 11:14 [DEBUG] cshmd.analysis (get_mole)                : get_mole Si - O -> nbonds: 4
03/25 11:14 [DEBUG] cshmd.analysis (get_mole)                : get_mole O - H -> nbonds: 1
03/25 11:14 [DEBUG] cshmd.analysis (find_bond)               : find_bond C - O rcut -> 1.6
03/25 11:14 [DEBUG] cshmd.analysis (get_mole)                : get_mole C - O -> nbonds: 3
03/25 11:14 [DEBUG] cshmd.analysis (get_mole)                : get_mole O - H -> nbonds: 3
03/25 11:14 [DEBUG] cshmd.analysis (find_bond)               : find_bond Ca - O rcut -> 3.0
03/25 11:14 [DEBUG] cshmd.common (time_wrapper)              : [RUNTIME] get_distance_table in 0.140 seconds
03/25 11:14 [DEBUG] cshmd.analysis (full_search)             : Search layer details
03/25 11:14 [DEBUG] cshmd.analysis (find_bond)               : find_bond Ca - O rcut -> 3.0
03/25 11:14 [DEBUG] cshmd.analysis (find_bond)               : find_bond Si - O rcut -> 2.2
03/25 11:14 [DEBUG] cshmd.analysis (__detail_search_oh_co3)  : No CO3 in basic search
03/25 11:14 [DEBUG] cshmd.analysis (__detail_search_oh_sioh) : Searching 'OH' in 'SiO4
03/25 11:14 [DEBUG] cshmd.analysis (__detail_search_oh_caoh) : No CaOH in basic search. RETURN
03/25 11:14 [INFO] cshmd.analysis (Qn)                       : [Structure] Q2: 1.000
03/25 11:14 [INFO] cshmd.analysis (CS)                       : [Structure] C/S: 0.750
03/25 11:14 [INFO] cshmd.analysis (validate_tetra)           : [Structure] BT: 192, PT: 384
03/25 11:14 [INFO] cshmd.analysis (validate_tetra)           : [Structure] CL : 24 24 24 24 24 24
03/25 11:14 [INFO] cshmd.analysis (validate_tetra)           : [Structure] MCL : 24.0
03/25 11:14 [INFO] cshmd.builder (update_manager)            : [Structure] Number of atoms: 86 -> 4128
03/25 11:14 [INFO] csh_builder (main)                        : [Structure] Reading command 'defect_BT'...
03/25 11:14 [INFO] csh_builder (main)                        : [Structure] with arguments 'scope: all termination: False add: Ca'...
03/25 11:14 [INFO] cshmd.builder (defect_BT)                 : [Structure] Termination scope: False
03/25 11:14 [INFO] cshmd.builder (defect_BT)                 : [Structure] Exists 48 Bridging Tetra in 'top' side
03/25 11:14 [INFO] cshmd.structure (add_Ca)                  : [Structure] Add Ca
03/25 11:14 [INFO] cshmd.builder (defect_BT)                 : [Structure] Exists 48 Bridging Tetra in 'bottom' side
03/25 11:14 [INFO] cshmd.structure (add_Ca)                  : [Structure] Add Ca
03/25 11:14 [INFO] cshmd.structure (check_rm_list)           : Delete 288 atoms in rm_list
03/25 11:14 [DEBUG] cshmd.analysis (__init__)                : [Structure] Now new data setted for get Bonds
03/25 11:14 [DEBUG] cshmd.analysis (__del_bond__)            : del -> Si_O O_H H_O Ca_O C_O BO
03/25 11:14 [DEBUG] cshmd.analysis (__initialize_mole__)     : initalize -> H2O SiO4 OH CO3 H3O
03/25 11:14 [DEBUG] cshmd.analysis (__initialize_mole__)     : initalize -> SiOH CaOH HCO3 H2CO3 H3CO3
03/25 11:14 [DEBUG] cshmd.analysis (find_bond)               : find_bond O - H rcut -> 1.2
03/25 11:14 [DEBUG] cshmd.common (time_wrapper)              : [RUNTIME] get_distance_table in 0.299 seconds
03/25 11:14 [DEBUG] cshmd.analysis (get_mole)                : get_mole O - H -> nbonds: 2
03/25 11:14 [DEBUG] cshmd.analysis (find_bond)               : find_bond Si - O rcut -> 2.2
03/25 11:14 [DEBUG] cshmd.common (time_wrapper)              : [RUNTIME] get_distance_table in 0.159 seconds
03/25 11:14 [DEBUG] cshmd.analysis (get_mole)                : get_mole Si - O -> nbonds: 4
03/25 11:14 [DEBUG] cshmd.analysis (get_mole)                : get_mole O - H -> nbonds: 1
03/25 11:14 [DEBUG] cshmd.analysis (find_bond)               : find_bond C - O rcut -> 1.6
03/25 11:14 [DEBUG] cshmd.analysis (get_mole)                : get_mole C - O -> nbonds: 3
03/25 11:14 [DEBUG] cshmd.analysis (get_mole)                : get_mole O - H -> nbonds: 3
03/25 11:14 [DEBUG] cshmd.analysis (find_bond)               : find_bond Ca - O rcut -> 3.0
03/25 11:14 [DEBUG] cshmd.common (time_wrapper)              : [RUNTIME] get_distance_table in 0.158 seconds
03/25 11:14 [DEBUG] cshmd.analysis (full_search)             : Search layer details
03/25 11:14 [DEBUG] cshmd.analysis (find_bond)               : find_bond Ca - O rcut -> 3.0
03/25 11:14 [DEBUG] cshmd.analysis (find_bond)               : find_bond Si - O rcut -> 2.2
03/25 11:14 [DEBUG] cshmd.analysis (__detail_search_oh_co3)  : No CO3 in basic search
03/25 11:14 [DEBUG] cshmd.analysis (__detail_search_oh_sioh) : Searching 'OH' in 'SiO4
03/25 11:14 [DEBUG] cshmd.analysis (__detail_search_oh_caoh) : No CaOH in basic search. RETURN
03/25 11:14 [INFO] cshmd.analysis (Qn)                       : [Structure] Q1: 0.400
03/25 11:14 [INFO] cshmd.analysis (Qn)                       : [Structure] Q2: 0.600
03/25 11:14 [INFO] cshmd.analysis (CS)                       : [Structure] C/S: 0.900
03/25 11:14 [INFO] cshmd.analysis (validate_tetra)           : [Structure] BT: 96, PT: 384
03/25 11:14 [INFO] cshmd.analysis (validate_tetra)           : [Structure] CL : 2 2 2 2 2 2 2 2 2 2 2 2 2 2 2 2 2 2 2 2 2 2 2 2 2 2 2 2 2 2 2 2 2 2 2 2 2 2 2 2 2 2 2 2 2 2 2 2
03/25 11:14 [INFO] cshmd.analysis (validate_tetra)           : [Structure] MCL : 2.0
03/25 11:14 [INFO] cshmd.builder (update_manager)            : [Structure] Number of atoms: 4128 -> 3936
03/25 11:14 [INFO] csh_builder (main)                        : [Structure] Reading command 'terminate_NBO'...
03/25 11:14 [INFO] csh_builder (main)                        : [Structure] with arguments 'ratio: 0'...
03/25 11:14 [INFO] cshmd.builder (terminate_NBO)             : Do not run terminate, ratio == 0
03/25 11:14 [INFO] cshmd.structure (writeCif)                : ./test.cif was created
03/25 11:14 [INFO] cshmd.builder (out_model)                 : Total Charge: 0
03/25 11:14 [INFO] csh_builder (main)                        : ----------------------------------------------------------------------
03/25 11:16 [INFO] csh_builder (main)                        : ----------------------------------------------------------------------
03/25 11:16 [INFO] cshmd.structure (__init__)                : /Users/kimuni/bin/kimuni/cshmd/data/resources/cif/T14_111_term.cif was loaded
03/25 11:16 [DEBUG] cshmd.analysis (__init__)                : [Structure] Now new data setted for get Bonds
03/25 11:16 [DEBUG] cshmd.analysis (__del_bond__)            : del -> Si_O O_H H_O Ca_O C_O BO
03/25 11:16 [DEBUG] cshmd.analysis (__initialize_mole__)     : initalize -> H2O SiO4 OH CO3 H3O
03/25 11:16 [DEBUG] cshmd.analysis (__initialize_mole__)     : initalize -> SiOH CaOH HCO3 H2CO3 H3CO3
03/25 11:16 [INFO] cshmd.analysis (__init__)                 : Not any C-S-H Model
03/25 11:16 [DEBUG] cshmd.analysis (find_bond)               : find_bond O - H rcut -> 1.2
03/25 11:16 [DEBUG] cshmd.common (time_wrapper)              : [RUNTIME] get_distance_table in 0.000 seconds
03/25 11:16 [DEBUG] cshmd.analysis (get_mole)                : get_mole O - H -> nbonds: 2
03/25 11:16 [DEBUG] cshmd.analysis (find_bond)               : find_bond Si - O rcut -> 2.2
03/25 11:16 [DEBUG] cshmd.common (time_wrapper)              : [RUNTIME] get_distance_table in 0.000 seconds
03/25 11:16 [DEBUG] cshmd.analysis (get_mole)                : get_mole Si - O -> nbonds: 4
03/25 11:16 [DEBUG] cshmd.analysis (get_mole)                : get_mole O - H -> nbonds: 1
03/25 11:16 [DEBUG] cshmd.analysis (find_bond)               : find_bond C - O rcut -> 1.6
03/25 11:16 [DEBUG] cshmd.analysis (get_mole)                : get_mole C - O -> nbonds: 3
03/25 11:16 [DEBUG] cshmd.analysis (get_mole)                : get_mole O - H -> nbonds: 3
03/25 11:16 [DEBUG] cshmd.analysis (find_bond)               : find_bond Ca - O rcut -> 3.0
03/25 11:16 [DEBUG] cshmd.common (time_wrapper)              : [RUNTIME] get_distance_table in 0.000 seconds
03/25 11:16 [DEBUG] cshmd.analysis (full_search)             : Search layer details
03/25 11:16 [DEBUG] cshmd.analysis (find_bond)               : find_bond Ca - O rcut -> 3.0
03/25 11:16 [DEBUG] cshmd.analysis (find_bond)               : find_bond Si - O rcut -> 2.2
03/25 11:16 [DEBUG] cshmd.analysis (__detail_search_oh_co3)  : No CO3 in basic search
03/25 11:16 [DEBUG] cshmd.analysis (__detail_search_oh_sioh) : Searching 'OH' in 'SiO4
03/25 11:16 [DEBUG] cshmd.analysis (__detail_search_oh_caoh) : No CaOH in basic search. RETURN
03/25 11:16 [INFO] cshmd.analysis (Qn)                       : [Structure] Q2: 1.000
03/25 11:16 [INFO] cshmd.analysis (CS)                       : [Structure] C/S: 0.750
03/25 11:16 [INFO] cshmd.analysis (validate_tetra)           : [Structure] BT: 4, PT: 8
03/25 11:16 [DEBUG] cshmd.analysis (__init__)                : loaded
03/25 11:16 [DEBUG] cshmd.analysis (__init__)                : loaded
03/25 11:16 [INFO] cshmd.analysis (validate_tetra)           : [Structure] CL : 3
03/25 11:16 [INFO] cshmd.analysis (validate_tetra)           : [Structure] MCL : 3.0
03/25 11:16 [INFO] csh_builder (main)                        : [Structure] Reading command 'supercell'...
03/25 11:16 [INFO] csh_builder (main)                        : [Structure] with arguments 'supercell: [6, 8, 1]'...
03/25 11:16 [INFO] cshmd.structure (makeSupercell)           : [Structure] Supercell created 6 * 8 * 1
03/25 11:16 [DEBUG] cshmd.analysis (__init__)                : [Structure] Now new data setted for get Bonds
03/25 11:16 [DEBUG] cshmd.analysis (__del_bond__)            : del -> Si_O O_H H_O Ca_O C_O BO
03/25 11:16 [DEBUG] cshmd.analysis (__initialize_mole__)     : initalize -> H2O SiO4 OH CO3 H3O
03/25 11:16 [DEBUG] cshmd.analysis (__initialize_mole__)     : initalize -> SiOH CaOH HCO3 H2CO3 H3CO3
03/25 11:16 [DEBUG] cshmd.analysis (find_bond)               : find_bond O - H rcut -> 1.2
03/25 11:16 [DEBUG] cshmd.common (time_wrapper)              : [RUNTIME] get_distance_table in 0.331 seconds
03/25 11:16 [DEBUG] cshmd.analysis (get_mole)                : get_mole O - H -> nbonds: 2
03/25 11:16 [DEBUG] cshmd.analysis (find_bond)               : find_bond Si - O rcut -> 2.2
03/25 11:16 [DEBUG] cshmd.common (time_wrapper)              : [RUNTIME] get_distance_table in 0.245 seconds
03/25 11:16 [DEBUG] cshmd.analysis (get_mole)                : get_mole Si - O -> nbonds: 4
03/25 11:16 [DEBUG] cshmd.analysis (get_mole)                : get_mole O - H -> nbonds: 1
03/25 11:16 [DEBUG] cshmd.analysis (find_bond)               : find_bond C - O rcut -> 1.6
03/25 11:16 [DEBUG] cshmd.analysis (get_mole)                : get_mole C - O -> nbonds: 3
03/25 11:16 [DEBUG] cshmd.analysis (get_mole)                : get_mole O - H -> nbonds: 3
03/25 11:16 [DEBUG] cshmd.analysis (find_bond)               : find_bond Ca - O rcut -> 3.0
03/25 11:16 [DEBUG] cshmd.common (time_wrapper)              : [RUNTIME] get_distance_table in 0.157 seconds
03/25 11:16 [DEBUG] cshmd.analysis (full_search)             : Search layer details
03/25 11:16 [DEBUG] cshmd.analysis (find_bond)               : find_bond Ca - O rcut -> 3.0
03/25 11:16 [DEBUG] cshmd.analysis (find_bond)               : find_bond Si - O rcut -> 2.2
03/25 11:16 [DEBUG] cshmd.analysis (__detail_search_oh_co3)  : No CO3 in basic search
03/25 11:16 [DEBUG] cshmd.analysis (__detail_search_oh_sioh) : Searching 'OH' in 'SiO4
03/25 11:16 [DEBUG] cshmd.analysis (__detail_search_oh_caoh) : No CaOH in basic search. RETURN
03/25 11:16 [INFO] cshmd.analysis (Qn)                       : [Structure] Q2: 1.000
03/25 11:16 [INFO] cshmd.analysis (CS)                       : [Structure] C/S: 0.750
03/25 11:16 [INFO] cshmd.analysis (validate_tetra)           : [Structure] BT: 192, PT: 384
03/25 11:16 [DEBUG] cshmd.analysis (__init__)                : loaded
03/25 11:16 [DEBUG] cshmd.analysis (__init__)                : loaded
03/25 11:16 [INFO] cshmd.analysis (validate_tetra)           : [Structure] CL : 24 24 24 24 24 24
03/25 11:16 [INFO] cshmd.analysis (validate_tetra)           : [Structure] MCL : 24.0
03/25 11:16 [INFO] cshmd.builder (update_manager)            : [Structure] Number of atoms: 86 -> 4128
03/25 11:16 [INFO] csh_builder (main)                        : [Structure] Reading command 'defect_BT'...
03/25 11:16 [INFO] csh_builder (main)                        : [Structure] with arguments 'scope: all termination: False add: Ca'...
03/25 11:16 [INFO] cshmd.builder (defect_BT)                 : [Structure] Termination scope: False
03/25 11:16 [INFO] cshmd.builder (defect_BT)                 : [Structure] Exists 48 Bridging Tetra in 'top' side
03/25 11:16 [INFO] cshmd.structure (add_Ca)                  : [Structure] Add Ca
03/25 11:16 [INFO] cshmd.builder (defect_BT)                 : [Structure] Exists 48 Bridging Tetra in 'bottom' side
03/25 11:16 [INFO] cshmd.structure (add_Ca)                  : [Structure] Add Ca
03/25 11:16 [INFO] cshmd.structure (check_rm_list)           : Delete 288 atoms in rm_list
03/25 11:16 [DEBUG] cshmd.analysis (__init__)                : [Structure] Now new data setted for get Bonds
03/25 11:16 [DEBUG] cshmd.analysis (__del_bond__)            : del -> Si_O O_H H_O Ca_O C_O BO
03/25 11:16 [DEBUG] cshmd.analysis (__initialize_mole__)     : initalize -> H2O SiO4 OH CO3 H3O
03/25 11:16 [DEBUG] cshmd.analysis (__initialize_mole__)     : initalize -> SiOH CaOH HCO3 H2CO3 H3CO3
03/25 11:16 [DEBUG] cshmd.analysis (find_bond)               : find_bond O - H rcut -> 1.2
03/25 11:16 [DEBUG] cshmd.common (time_wrapper)              : [RUNTIME] get_distance_table in 0.302 seconds
03/25 11:16 [DEBUG] cshmd.analysis (get_mole)                : get_mole O - H -> nbonds: 2
03/25 11:16 [DEBUG] cshmd.analysis (find_bond)               : find_bond Si - O rcut -> 2.2
03/25 11:16 [DEBUG] cshmd.common (time_wrapper)              : [RUNTIME] get_distance_table in 0.145 seconds
03/25 11:16 [DEBUG] cshmd.analysis (get_mole)                : get_mole Si - O -> nbonds: 4
03/25 11:16 [DEBUG] cshmd.analysis (get_mole)                : get_mole O - H -> nbonds: 1
03/25 11:16 [DEBUG] cshmd.analysis (find_bond)               : find_bond C - O rcut -> 1.6
03/25 11:16 [DEBUG] cshmd.analysis (get_mole)                : get_mole C - O -> nbonds: 3
03/25 11:16 [DEBUG] cshmd.analysis (get_mole)                : get_mole O - H -> nbonds: 3
03/25 11:16 [DEBUG] cshmd.analysis (find_bond)               : find_bond Ca - O rcut -> 3.0
03/25 11:16 [DEBUG] cshmd.common (time_wrapper)              : [RUNTIME] get_distance_table in 0.161 seconds
03/25 11:16 [DEBUG] cshmd.analysis (full_search)             : Search layer details
03/25 11:16 [DEBUG] cshmd.analysis (find_bond)               : find_bond Ca - O rcut -> 3.0
03/25 11:16 [DEBUG] cshmd.analysis (find_bond)               : find_bond Si - O rcut -> 2.2
03/25 11:16 [DEBUG] cshmd.analysis (__detail_search_oh_co3)  : No CO3 in basic search
03/25 11:16 [DEBUG] cshmd.analysis (__detail_search_oh_sioh) : Searching 'OH' in 'SiO4
03/25 11:16 [DEBUG] cshmd.analysis (__detail_search_oh_caoh) : No CaOH in basic search. RETURN
03/25 11:16 [INFO] cshmd.analysis (Qn)                       : [Structure] Q1: 0.400
03/25 11:16 [INFO] cshmd.analysis (Qn)                       : [Structure] Q2: 0.600
03/25 11:16 [INFO] cshmd.analysis (CS)                       : [Structure] C/S: 0.900
03/25 11:16 [INFO] cshmd.analysis (validate_tetra)           : [Structure] BT: 96, PT: 384
03/25 11:16 [DEBUG] cshmd.analysis (__init__)                : loaded
03/25 11:16 [DEBUG] cshmd.analysis (__init__)                : loaded
03/25 11:16 [INFO] cshmd.analysis (validate_tetra)           : [Structure] CL : 2 2 2 2 2 2 2 2 2 2 2 2 2 2 2 2 2 2 2 2 2 2 2 2 2 2 2 2 2 2 2 2 2 2 2 2 2 2 2 2 2 2 2 2 2 2 2 2
03/25 11:16 [INFO] cshmd.analysis (validate_tetra)           : [Structure] MCL : 2.0
03/25 11:16 [INFO] cshmd.builder (update_manager)            : [Structure] Number of atoms: 4128 -> 3936
03/25 11:16 [INFO] csh_builder (main)                        : [Structure] Reading command 'terminate_NBO'...
03/25 11:16 [INFO] csh_builder (main)                        : [Structure] with arguments 'ratio: 0'...
03/25 11:16 [INFO] cshmd.builder (terminate_NBO)             : Do not run terminate, ratio == 0
03/25 11:16 [INFO] cshmd.structure (writeCif)                : ./test.cif was created
03/25 11:16 [INFO] cshmd.builder (out_model)                 : Total Charge: 0
03/25 11:16 [INFO] csh_builder (main)                        : ----------------------------------------------------------------------
03/25 11:17 [INFO] csh_builder (main)                        : ----------------------------------------------------------------------
03/25 11:17 [INFO] cshmd.structure (__init__)                : /Users/kimuni/bin/kimuni/cshmd/data/resources/cif/T14_111_term.cif was loaded
03/25 11:17 [DEBUG] cshmd.analysis (__init__)                : [Structure] Now new data setted for get Bonds
03/25 11:17 [DEBUG] cshmd.analysis (__del_bond__)            : del -> Si_O O_H H_O Ca_O C_O BO
03/25 11:17 [DEBUG] cshmd.analysis (__initialize_mole__)     : initalize -> H2O SiO4 OH CO3 H3O
03/25 11:17 [DEBUG] cshmd.analysis (__initialize_mole__)     : initalize -> SiOH CaOH HCO3 H2CO3 H3CO3
03/25 11:17 [INFO] cshmd.analysis (__init__)                 : Not any C-S-H Model
03/25 11:17 [DEBUG] cshmd.analysis (find_bond)               : find_bond O - H rcut -> 1.2
03/25 11:17 [DEBUG] cshmd.common (time_wrapper)              : [RUNTIME] get_distance_table in 0.000 seconds
03/25 11:17 [DEBUG] cshmd.analysis (get_mole)                : get_mole O - H -> nbonds: 2
03/25 11:17 [DEBUG] cshmd.analysis (find_bond)               : find_bond Si - O rcut -> 2.2
03/25 11:17 [DEBUG] cshmd.common (time_wrapper)              : [RUNTIME] get_distance_table in 0.000 seconds
03/25 11:17 [DEBUG] cshmd.analysis (get_mole)                : get_mole Si - O -> nbonds: 4
03/25 11:17 [DEBUG] cshmd.analysis (get_mole)                : get_mole O - H -> nbonds: 1
03/25 11:17 [DEBUG] cshmd.analysis (find_bond)               : find_bond C - O rcut -> 1.6
03/25 11:17 [DEBUG] cshmd.analysis (get_mole)                : get_mole C - O -> nbonds: 3
03/25 11:17 [DEBUG] cshmd.analysis (get_mole)                : get_mole O - H -> nbonds: 3
03/25 11:17 [DEBUG] cshmd.analysis (find_bond)               : find_bond Ca - O rcut -> 3.0
03/25 11:17 [DEBUG] cshmd.common (time_wrapper)              : [RUNTIME] get_distance_table in 0.000 seconds
03/25 11:17 [DEBUG] cshmd.analysis (full_search)             : Search layer details
03/25 11:17 [DEBUG] cshmd.analysis (find_bond)               : find_bond Ca - O rcut -> 3.0
03/25 11:17 [DEBUG] cshmd.analysis (find_bond)               : find_bond Si - O rcut -> 2.2
03/25 11:17 [DEBUG] cshmd.analysis (__detail_search_oh_co3)  : No CO3 in basic search
03/25 11:17 [DEBUG] cshmd.analysis (__detail_search_oh_sioh) : Searching 'OH' in 'SiO4
03/25 11:17 [DEBUG] cshmd.analysis (__detail_search_oh_caoh) : No CaOH in basic search. RETURN
03/25 11:17 [INFO] cshmd.analysis (Qn)                       : [Structure] Q2: 1.000
03/25 11:17 [INFO] cshmd.analysis (CS)                       : [Structure] C/S: 0.750
03/25 11:17 [INFO] cshmd.analysis (validate_tetra)           : [Structure] BT: 4, PT: 8
03/25 11:17 [INFO] cshmd.analysis (validate_tetra)           : [Structure] CL : 3
03/25 11:17 [INFO] cshmd.analysis (validate_tetra)           : [Structure] MCL : 3.0
03/25 11:17 [INFO] csh_builder (main)                        : [Structure] Reading command 'supercell'...
03/25 11:17 [INFO] csh_builder (main)                        : [Structure] with arguments 'supercell: [6, 8, 1]'...
03/25 11:17 [INFO] cshmd.structure (makeSupercell)           : [Structure] Supercell created 6 * 8 * 1
03/25 11:17 [DEBUG] cshmd.analysis (__init__)                : [Structure] Now new data setted for get Bonds
03/25 11:17 [DEBUG] cshmd.analysis (__del_bond__)            : del -> Si_O O_H H_O Ca_O C_O BO
03/25 11:17 [DEBUG] cshmd.analysis (__initialize_mole__)     : initalize -> H2O SiO4 OH CO3 H3O
03/25 11:17 [DEBUG] cshmd.analysis (__initialize_mole__)     : initalize -> SiOH CaOH HCO3 H2CO3 H3CO3
03/25 11:17 [DEBUG] cshmd.analysis (find_bond)               : find_bond O - H rcut -> 1.2
03/25 11:17 [DEBUG] cshmd.common (time_wrapper)              : [RUNTIME] get_distance_table in 0.329 seconds
03/25 11:17 [DEBUG] cshmd.analysis (get_mole)                : get_mole O - H -> nbonds: 2
03/25 11:17 [DEBUG] cshmd.analysis (find_bond)               : find_bond Si - O rcut -> 2.2
03/25 11:17 [DEBUG] cshmd.common (time_wrapper)              : [RUNTIME] get_distance_table in 0.225 seconds
03/25 11:17 [DEBUG] cshmd.analysis (get_mole)                : get_mole Si - O -> nbonds: 4
03/25 11:17 [DEBUG] cshmd.analysis (get_mole)                : get_mole O - H -> nbonds: 1
03/25 11:17 [DEBUG] cshmd.analysis (find_bond)               : find_bond C - O rcut -> 1.6
03/25 11:17 [DEBUG] cshmd.analysis (get_mole)                : get_mole C - O -> nbonds: 3
03/25 11:17 [DEBUG] cshmd.analysis (get_mole)                : get_mole O - H -> nbonds: 3
03/25 11:17 [DEBUG] cshmd.analysis (find_bond)               : find_bond Ca - O rcut -> 3.0
03/25 11:17 [DEBUG] cshmd.common (time_wrapper)              : [RUNTIME] get_distance_table in 0.141 seconds
03/25 11:17 [DEBUG] cshmd.analysis (full_search)             : Search layer details
03/25 11:17 [DEBUG] cshmd.analysis (find_bond)               : find_bond Ca - O rcut -> 3.0
03/25 11:17 [DEBUG] cshmd.analysis (find_bond)               : find_bond Si - O rcut -> 2.2
03/25 11:17 [DEBUG] cshmd.analysis (__detail_search_oh_co3)  : No CO3 in basic search
03/25 11:17 [DEBUG] cshmd.analysis (__detail_search_oh_sioh) : Searching 'OH' in 'SiO4
03/25 11:17 [DEBUG] cshmd.analysis (__detail_search_oh_caoh) : No CaOH in basic search. RETURN
03/25 11:17 [INFO] cshmd.analysis (Qn)                       : [Structure] Q2: 1.000
03/25 11:17 [INFO] cshmd.analysis (CS)                       : [Structure] C/S: 0.750
03/25 11:17 [INFO] cshmd.analysis (validate_tetra)           : [Structure] BT: 192, PT: 384
03/25 11:17 [INFO] cshmd.analysis (validate_tetra)           : [Structure] CL : 24 24 24 24 24 24
03/25 11:17 [INFO] cshmd.analysis (validate_tetra)           : [Structure] MCL : 24.0
03/25 11:17 [INFO] cshmd.builder (update_manager)            : [Structure] Number of atoms: 86 -> 4128
03/25 11:17 [INFO] csh_builder (main)                        : [Structure] Reading command 'defect_BT'...
03/25 11:17 [INFO] csh_builder (main)                        : [Structure] with arguments 'scope: all termination: False add: Ca'...
03/25 11:17 [INFO] cshmd.builder (defect_BT)                 : [Structure] Termination scope: False
03/25 11:17 [INFO] cshmd.builder (defect_BT)                 : [Structure] Exists 48 Bridging Tetra in 'top' side
03/25 11:17 [INFO] cshmd.structure (add_Ca)                  : [Structure] Add Ca
03/25 11:17 [INFO] cshmd.builder (defect_BT)                 : [Structure] Exists 48 Bridging Tetra in 'bottom' side
03/25 11:17 [INFO] cshmd.structure (add_Ca)                  : [Structure] Add Ca
03/25 11:17 [INFO] cshmd.structure (check_rm_list)           : Delete 288 atoms in rm_list
03/25 11:17 [DEBUG] cshmd.analysis (__init__)                : [Structure] Now new data setted for get Bonds
03/25 11:17 [DEBUG] cshmd.analysis (__del_bond__)            : del -> Si_O O_H H_O Ca_O C_O BO
03/25 11:17 [DEBUG] cshmd.analysis (__initialize_mole__)     : initalize -> H2O SiO4 OH CO3 H3O
03/25 11:17 [DEBUG] cshmd.analysis (__initialize_mole__)     : initalize -> SiOH CaOH HCO3 H2CO3 H3CO3
03/25 11:17 [DEBUG] cshmd.analysis (find_bond)               : find_bond O - H rcut -> 1.2
03/25 11:17 [DEBUG] cshmd.common (time_wrapper)              : [RUNTIME] get_distance_table in 0.300 seconds
03/25 11:17 [DEBUG] cshmd.analysis (get_mole)                : get_mole O - H -> nbonds: 2
03/25 11:17 [DEBUG] cshmd.analysis (find_bond)               : find_bond Si - O rcut -> 2.2
03/25 11:17 [DEBUG] cshmd.common (time_wrapper)              : [RUNTIME] get_distance_table in 0.143 seconds
03/25 11:17 [DEBUG] cshmd.analysis (get_mole)                : get_mole Si - O -> nbonds: 4
03/25 11:17 [DEBUG] cshmd.analysis (get_mole)                : get_mole O - H -> nbonds: 1
03/25 11:17 [DEBUG] cshmd.analysis (find_bond)               : find_bond C - O rcut -> 1.6
03/25 11:17 [DEBUG] cshmd.analysis (get_mole)                : get_mole C - O -> nbonds: 3
03/25 11:17 [DEBUG] cshmd.analysis (get_mole)                : get_mole O - H -> nbonds: 3
03/25 11:17 [DEBUG] cshmd.analysis (find_bond)               : find_bond Ca - O rcut -> 3.0
03/25 11:17 [DEBUG] cshmd.common (time_wrapper)              : [RUNTIME] get_distance_table in 0.174 seconds
03/25 11:17 [DEBUG] cshmd.analysis (full_search)             : Search layer details
03/25 11:17 [DEBUG] cshmd.analysis (find_bond)               : find_bond Ca - O rcut -> 3.0
03/25 11:17 [DEBUG] cshmd.analysis (find_bond)               : find_bond Si - O rcut -> 2.2
03/25 11:17 [DEBUG] cshmd.analysis (__detail_search_oh_co3)  : No CO3 in basic search
03/25 11:17 [DEBUG] cshmd.analysis (__detail_search_oh_sioh) : Searching 'OH' in 'SiO4
03/25 11:17 [DEBUG] cshmd.analysis (__detail_search_oh_caoh) : No CaOH in basic search. RETURN
03/25 11:17 [INFO] cshmd.analysis (Qn)                       : [Structure] Q1: 0.400
03/25 11:17 [INFO] cshmd.analysis (Qn)                       : [Structure] Q2: 0.600
03/25 11:17 [INFO] cshmd.analysis (CS)                       : [Structure] C/S: 0.900
03/25 11:17 [INFO] cshmd.analysis (validate_tetra)           : [Structure] BT: 96, PT: 384
03/25 11:17 [INFO] cshmd.analysis (validate_tetra)           : [Structure] CL : 2 2 2 2 2 2 2 2 2 2 2 2 2 2 2 2 2 2 2 2 2 2 2 2 2 2 2 2 2 2 2 2 2 2 2 2 2 2 2 2 2 2 2 2 2 2 2 2
03/25 11:17 [INFO] cshmd.analysis (validate_tetra)           : [Structure] MCL : 2.0
03/25 11:17 [INFO] cshmd.builder (update_manager)            : [Structure] Number of atoms: 4128 -> 3936
03/25 11:17 [INFO] csh_builder (main)                        : [Structure] Reading command 'terminate_NBO'...
03/25 11:17 [INFO] csh_builder (main)                        : [Structure] with arguments 'ratio: 0'...
03/25 11:17 [INFO] cshmd.builder (terminate_NBO)             : Do not run terminate, ratio == 0
03/25 11:17 [INFO] cshmd.structure (writeCif)                : ./test.cif was created
03/25 11:17 [INFO] cshmd.builder (out_model)                 : Total Charge: 0
03/25 11:17 [INFO] csh_builder (main)                        : ----------------------------------------------------------------------
03/25 11:18 [INFO] csh_builder (main)                        : ----------------------------------------------------------------------
03/25 11:18 [INFO] cshmd.structure (__init__)                : /Users/kimuni/bin/kimuni/cshmd/data/resources/cif/T14_111_term.cif was loaded
03/25 11:18 [DEBUG] cshmd.analysis (__init__)                : [Structure] Now new data setted for get Bonds
03/25 11:18 [DEBUG] cshmd.analysis (__del_bond__)            : del -> Si_O O_H H_O Ca_O C_O BO
03/25 11:18 [DEBUG] cshmd.analysis (__initialize_mole__)     : initalize -> H2O SiO4 OH CO3 H3O
03/25 11:18 [DEBUG] cshmd.analysis (__initialize_mole__)     : initalize -> SiOH CaOH HCO3 H2CO3 H3CO3
03/25 11:18 [INFO] cshmd.analysis (__init__)                 : Not any C-S-H Model
03/25 11:18 [DEBUG] cshmd.analysis (find_bond)               : find_bond O - H rcut -> 1.2
03/25 11:18 [DEBUG] cshmd.common (time_wrapper)              : [RUNTIME] get_distance_table in 0.000 seconds
03/25 11:18 [DEBUG] cshmd.analysis (get_mole)                : get_mole O - H -> nbonds: 2
03/25 11:18 [DEBUG] cshmd.analysis (find_bond)               : find_bond Si - O rcut -> 2.2
03/25 11:18 [DEBUG] cshmd.common (time_wrapper)              : [RUNTIME] get_distance_table in 0.000 seconds
03/25 11:18 [DEBUG] cshmd.analysis (get_mole)                : get_mole Si - O -> nbonds: 4
03/25 11:18 [DEBUG] cshmd.analysis (get_mole)                : get_mole O - H -> nbonds: 1
03/25 11:18 [DEBUG] cshmd.analysis (find_bond)               : find_bond C - O rcut -> 1.6
03/25 11:18 [DEBUG] cshmd.analysis (get_mole)                : get_mole C - O -> nbonds: 3
03/25 11:18 [DEBUG] cshmd.analysis (get_mole)                : get_mole O - H -> nbonds: 3
03/25 11:18 [DEBUG] cshmd.analysis (find_bond)               : find_bond Ca - O rcut -> 3.0
03/25 11:18 [DEBUG] cshmd.common (time_wrapper)              : [RUNTIME] get_distance_table in 0.000 seconds
03/25 11:18 [DEBUG] cshmd.analysis (full_search)             : Search layer details
03/25 11:18 [DEBUG] cshmd.analysis (find_bond)               : find_bond Ca - O rcut -> 3.0
03/25 11:18 [DEBUG] cshmd.analysis (find_bond)               : find_bond Si - O rcut -> 2.2
03/25 11:18 [DEBUG] cshmd.analysis (__detail_search_oh_co3)  : No CO3 in basic search
03/25 11:18 [DEBUG] cshmd.analysis (__detail_search_oh_sioh) : Searching 'OH' in 'SiO4
03/25 11:18 [DEBUG] cshmd.analysis (__detail_search_oh_caoh) : No CaOH in basic search. RETURN
03/25 11:18 [INFO] cshmd.analysis (Qn)                       : [Structure] Q2: 1.000
03/25 11:18 [INFO] cshmd.analysis (CS)                       : [Structure] C/S: 0.750
03/25 11:18 [INFO] cshmd.analysis (validate_tetra)           : [Structure] BT: 4, PT: 8
03/25 11:18 [DEBUG] cshmd.analysis (__init__)                : loaded
03/25 11:18 [DEBUG] cshmd.analysis (__init__)                : loaded
03/25 11:18 [INFO] cshmd.analysis (validate_tetra)           : [Structure] CL : 3
03/25 11:18 [INFO] cshmd.analysis (validate_tetra)           : [Structure] MCL : 3.0
03/25 11:18 [INFO] csh_builder (main)                        : [Structure] Reading command 'supercell'...
03/25 11:18 [INFO] csh_builder (main)                        : [Structure] with arguments 'supercell: [6, 8, 1]'...
03/25 11:18 [INFO] cshmd.structure (makeSupercell)           : [Structure] Supercell created 6 * 8 * 1
03/25 11:18 [DEBUG] cshmd.analysis (__init__)                : [Structure] Now new data setted for get Bonds
03/25 11:18 [DEBUG] cshmd.analysis (__del_bond__)            : del -> Si_O O_H H_O Ca_O C_O BO
03/25 11:18 [DEBUG] cshmd.analysis (__initialize_mole__)     : initalize -> H2O SiO4 OH CO3 H3O
03/25 11:18 [DEBUG] cshmd.analysis (__initialize_mole__)     : initalize -> SiOH CaOH HCO3 H2CO3 H3CO3
03/25 11:18 [DEBUG] cshmd.analysis (find_bond)               : find_bond O - H rcut -> 1.2
03/25 11:18 [INFO] csh_builder (main)                        : ----------------------------------------------------------------------
03/25 11:18 [INFO] cshmd.structure (__init__)                : /Users/kimuni/bin/kimuni/cshmd/data/resources/cif/T14_111_term.cif was loaded
03/25 11:18 [DEBUG] cshmd.analysis (__init__)                : [Structure] Now new data setted for get Bonds
03/25 11:18 [DEBUG] cshmd.analysis (__del_bond__)            : del -> Si_O O_H H_O Ca_O C_O BO
03/25 11:18 [DEBUG] cshmd.analysis (__initialize_mole__)     : initalize -> H2O SiO4 OH CO3 H3O
03/25 11:18 [DEBUG] cshmd.analysis (__initialize_mole__)     : initalize -> SiOH CaOH HCO3 H2CO3 H3CO3
03/25 11:18 [INFO] cshmd.analysis (__init__)                 : Not any C-S-H Model
03/25 11:18 [DEBUG] cshmd.analysis (find_bond)               : find_bond O - H rcut -> 1.2
03/25 11:18 [DEBUG] cshmd.common (time_wrapper)              : [RUNTIME] get_distance_table in 0.000 seconds
03/25 11:18 [DEBUG] cshmd.analysis (get_mole)                : get_mole O - H -> nbonds: 2
03/25 11:18 [DEBUG] cshmd.analysis (find_bond)               : find_bond Si - O rcut -> 2.2
03/25 11:18 [DEBUG] cshmd.common (time_wrapper)              : [RUNTIME] get_distance_table in 0.000 seconds
03/25 11:18 [DEBUG] cshmd.analysis (get_mole)                : get_mole Si - O -> nbonds: 4
03/25 11:18 [DEBUG] cshmd.analysis (get_mole)                : get_mole O - H -> nbonds: 1
03/25 11:18 [DEBUG] cshmd.analysis (find_bond)               : find_bond C - O rcut -> 1.6
03/25 11:18 [DEBUG] cshmd.analysis (get_mole)                : get_mole C - O -> nbonds: 3
03/25 11:18 [DEBUG] cshmd.analysis (get_mole)                : get_mole O - H -> nbonds: 3
03/25 11:18 [DEBUG] cshmd.analysis (find_bond)               : find_bond Ca - O rcut -> 3.0
03/25 11:18 [DEBUG] cshmd.common (time_wrapper)              : [RUNTIME] get_distance_table in 0.000 seconds
03/25 11:18 [DEBUG] cshmd.analysis (full_search)             : Search layer details
03/25 11:18 [DEBUG] cshmd.analysis (find_bond)               : find_bond Ca - O rcut -> 3.0
03/25 11:18 [DEBUG] cshmd.analysis (find_bond)               : find_bond Si - O rcut -> 2.2
03/25 11:18 [DEBUG] cshmd.analysis (__detail_search_oh_co3)  : No CO3 in basic search
03/25 11:18 [DEBUG] cshmd.analysis (__detail_search_oh_sioh) : Searching 'OH' in 'SiO4
03/25 11:18 [DEBUG] cshmd.analysis (__detail_search_oh_caoh) : No CaOH in basic search. RETURN
03/25 11:18 [INFO] cshmd.analysis (Qn)                       : [Structure] Q2: 1.000
03/25 11:18 [INFO] cshmd.analysis (CS)                       : [Structure] C/S: 0.750
03/25 11:18 [INFO] cshmd.analysis (validate_tetra)           : [Structure] BT: 4, PT: 8
03/25 11:18 [DEBUG] cshmd.analysis (__init__)                : loaded
03/25 11:18 [DEBUG] cshmd.analysis (__init__)                : loaded
03/25 11:18 [INFO] cshmd.analysis (validate_tetra)           : [Structure] CL : 3
03/25 11:18 [INFO] cshmd.analysis (validate_tetra)           : [Structure] MCL : 3.0
03/25 11:18 [INFO] csh_builder (main)                        : [Structure] Reading command 'supercell'...
03/25 11:18 [INFO] csh_builder (main)                        : [Structure] with arguments 'supercell: [6, 8, 1]'...
03/25 11:18 [INFO] cshmd.structure (makeSupercell)           : [Structure] Supercell created 6 * 8 * 1
03/25 11:18 [DEBUG] cshmd.analysis (__init__)                : [Structure] Now new data setted for get Bonds
03/25 11:18 [DEBUG] cshmd.analysis (__del_bond__)            : del -> Si_O O_H H_O Ca_O C_O BO
03/25 11:18 [DEBUG] cshmd.analysis (__initialize_mole__)     : initalize -> H2O SiO4 OH CO3 H3O
03/25 11:18 [DEBUG] cshmd.analysis (__initialize_mole__)     : initalize -> SiOH CaOH HCO3 H2CO3 H3CO3
03/25 11:18 [DEBUG] cshmd.analysis (find_bond)               : find_bond O - H rcut -> 1.2
03/25 11:18 [DEBUG] cshmd.common (time_wrapper)              : [RUNTIME] get_distance_table in 0.332 seconds
03/25 11:18 [DEBUG] cshmd.analysis (get_mole)                : get_mole O - H -> nbonds: 2
03/25 11:18 [DEBUG] cshmd.analysis (find_bond)               : find_bond Si - O rcut -> 2.2
03/25 11:18 [DEBUG] cshmd.common (time_wrapper)              : [RUNTIME] get_distance_table in 0.214 seconds
03/25 11:18 [DEBUG] cshmd.analysis (get_mole)                : get_mole Si - O -> nbonds: 4
03/25 11:18 [DEBUG] cshmd.analysis (get_mole)                : get_mole O - H -> nbonds: 1
03/25 11:18 [DEBUG] cshmd.analysis (find_bond)               : find_bond C - O rcut -> 1.6
03/25 11:18 [DEBUG] cshmd.analysis (get_mole)                : get_mole C - O -> nbonds: 3
03/25 11:18 [DEBUG] cshmd.analysis (get_mole)                : get_mole O - H -> nbonds: 3
03/25 11:18 [DEBUG] cshmd.analysis (find_bond)               : find_bond Ca - O rcut -> 3.0
03/25 11:18 [DEBUG] cshmd.common (time_wrapper)              : [RUNTIME] get_distance_table in 0.163 seconds
03/25 11:18 [DEBUG] cshmd.analysis (full_search)             : Search layer details
03/25 11:18 [DEBUG] cshmd.analysis (find_bond)               : find_bond Ca - O rcut -> 3.0
03/25 11:18 [DEBUG] cshmd.analysis (find_bond)               : find_bond Si - O rcut -> 2.2
03/25 11:18 [DEBUG] cshmd.analysis (__detail_search_oh_co3)  : No CO3 in basic search
03/25 11:18 [DEBUG] cshmd.analysis (__detail_search_oh_sioh) : Searching 'OH' in 'SiO4
03/25 11:18 [DEBUG] cshmd.analysis (__detail_search_oh_caoh) : No CaOH in basic search. RETURN
03/25 11:18 [INFO] cshmd.analysis (Qn)                       : [Structure] Q2: 1.000
03/25 11:18 [INFO] cshmd.analysis (CS)                       : [Structure] C/S: 0.750
03/25 11:18 [INFO] cshmd.analysis (validate_tetra)           : [Structure] BT: 192, PT: 384
03/25 11:18 [DEBUG] cshmd.analysis (__init__)                : loaded
03/25 11:18 [DEBUG] cshmd.analysis (__init__)                : loaded
03/25 11:18 [INFO] cshmd.analysis (validate_tetra)           : [Structure] CL : 24 24 24 24 24 24
03/25 11:18 [INFO] cshmd.analysis (validate_tetra)           : [Structure] MCL : 24.0
03/25 11:18 [INFO] cshmd.builder (update_manager)            : [Structure] Number of atoms: 86 -> 4128
03/25 11:18 [INFO] csh_builder (main)                        : [Structure] Reading command 'defect_BT'...
03/25 11:18 [INFO] csh_builder (main)                        : [Structure] with arguments 'MCL: 3 termination: False add: Ca'...
03/25 11:18 [INFO] cshmd.builder (defect_BT)                 : [Structure] Termination scope: False
03/25 11:18 [INFO] cshmd.builder (defect_BT)                 : [Structure] Exists 48 Bridging Tetra in 'top' side
03/25 11:18 [DEBUG] cshmd.analysis (prune_chain_until_lenght) : loaded
03/25 11:18 [DEBUG] cshmd.analysis (__init__)                : [Structure] Now new data setted for get Bonds
03/25 11:18 [DEBUG] cshmd.analysis (__del_bond__)            : del -> Si_O O_H H_O Ca_O C_O BO
03/25 11:18 [DEBUG] cshmd.analysis (__initialize_mole__)     : initalize -> H2O SiO4 OH CO3 H3O
03/25 11:18 [DEBUG] cshmd.analysis (__initialize_mole__)     : initalize -> SiOH CaOH HCO3 H2CO3 H3CO3
03/25 11:18 [DEBUG] cshmd.analysis (find_bond)               : find_bond O - H rcut -> 1.2
03/25 11:18 [DEBUG] cshmd.common (time_wrapper)              : [RUNTIME] get_distance_table in 0.313 seconds
03/25 11:18 [DEBUG] cshmd.analysis (get_mole)                : get_mole O - H -> nbonds: 2
03/25 11:18 [DEBUG] cshmd.analysis (find_bond)               : find_bond Si - O rcut -> 2.2
03/25 11:18 [DEBUG] cshmd.common (time_wrapper)              : [RUNTIME] get_distance_table in 0.191 seconds
03/25 11:18 [DEBUG] cshmd.analysis (get_mole)                : get_mole Si - O -> nbonds: 4
03/25 11:18 [DEBUG] cshmd.analysis (get_mole)                : get_mole O - H -> nbonds: 1
03/25 11:18 [DEBUG] cshmd.analysis (find_bond)               : find_bond C - O rcut -> 1.6
03/25 11:18 [DEBUG] cshmd.analysis (get_mole)                : get_mole C - O -> nbonds: 3
03/25 11:18 [DEBUG] cshmd.analysis (get_mole)                : get_mole O - H -> nbonds: 3
03/25 11:18 [DEBUG] cshmd.analysis (find_bond)               : find_bond Ca - O rcut -> 3.0
03/25 11:18 [DEBUG] cshmd.common (time_wrapper)              : [RUNTIME] get_distance_table in 0.148 seconds
03/25 11:18 [DEBUG] cshmd.analysis (full_search)             : Search layer details
03/25 11:18 [DEBUG] cshmd.analysis (find_bond)               : find_bond Ca - O rcut -> 3.0
03/25 11:18 [DEBUG] cshmd.analysis (find_bond)               : find_bond Si - O rcut -> 2.2
03/25 11:18 [DEBUG] cshmd.analysis (__detail_search_oh_co3)  : No CO3 in basic search
03/25 11:18 [DEBUG] cshmd.analysis (__detail_search_oh_sioh) : Searching 'OH' in 'SiO4
03/25 11:18 [DEBUG] cshmd.analysis (__detail_search_oh_caoh) : No CaOH in basic search. RETURN
03/25 11:18 [INFO] cshmd.analysis (Qn)                       : [Structure] Q2: 1.000
03/25 11:18 [INFO] cshmd.analysis (CS)                       : [Structure] C/S: 0.750
03/25 11:18 [INFO] cshmd.analysis (validate_tetra)           : [Structure] BT: 192, PT: 384
03/25 11:18 [DEBUG] cshmd.analysis (__init__)                : loaded
03/25 11:18 [DEBUG] cshmd.analysis (__init__)                : loaded
03/25 11:18 [INFO] cshmd.analysis (validate_tetra)           : [Structure] CL : 24 24 24 24 24 24
03/25 11:18 [INFO] cshmd.analysis (validate_tetra)           : [Structure] MCL : 24.0
03/25 11:19 [INFO] csh_builder (main)                        : ----------------------------------------------------------------------
03/25 11:19 [INFO] cshmd.structure (__init__)                : /Users/kimuni/bin/kimuni/cshmd/data/resources/cif/T14_111_term.cif was loaded
03/25 11:19 [DEBUG] cshmd.analysis (__init__)                : [Structure] Now new data setted for get Bonds
03/25 11:19 [DEBUG] cshmd.analysis (__del_bond__)            : del -> Si_O O_H H_O Ca_O C_O BO
03/25 11:19 [DEBUG] cshmd.analysis (__initialize_mole__)     : initalize -> H2O SiO4 OH CO3 H3O
03/25 11:19 [DEBUG] cshmd.analysis (__initialize_mole__)     : initalize -> SiOH CaOH HCO3 H2CO3 H3CO3
03/25 11:19 [INFO] cshmd.analysis (__init__)                 : Not any C-S-H Model
03/25 11:19 [DEBUG] cshmd.analysis (find_bond)               : find_bond O - H rcut -> 1.2
03/25 11:19 [DEBUG] cshmd.common (time_wrapper)              : [RUNTIME] get_distance_table in 0.000 seconds
03/25 11:19 [DEBUG] cshmd.analysis (get_mole)                : get_mole O - H -> nbonds: 2
03/25 11:19 [DEBUG] cshmd.analysis (find_bond)               : find_bond Si - O rcut -> 2.2
03/25 11:19 [DEBUG] cshmd.common (time_wrapper)              : [RUNTIME] get_distance_table in 0.000 seconds
03/25 11:19 [DEBUG] cshmd.analysis (get_mole)                : get_mole Si - O -> nbonds: 4
03/25 11:19 [DEBUG] cshmd.analysis (get_mole)                : get_mole O - H -> nbonds: 1
03/25 11:19 [DEBUG] cshmd.analysis (find_bond)               : find_bond C - O rcut -> 1.6
03/25 11:19 [DEBUG] cshmd.analysis (get_mole)                : get_mole C - O -> nbonds: 3
03/25 11:19 [DEBUG] cshmd.analysis (get_mole)                : get_mole O - H -> nbonds: 3
03/25 11:19 [DEBUG] cshmd.analysis (find_bond)               : find_bond Ca - O rcut -> 3.0
03/25 11:19 [DEBUG] cshmd.common (time_wrapper)              : [RUNTIME] get_distance_table in 0.000 seconds
03/25 11:19 [DEBUG] cshmd.analysis (full_search)             : Search layer details
03/25 11:19 [DEBUG] cshmd.analysis (find_bond)               : find_bond Ca - O rcut -> 3.0
03/25 11:19 [DEBUG] cshmd.analysis (find_bond)               : find_bond Si - O rcut -> 2.2
03/25 11:19 [DEBUG] cshmd.analysis (__detail_search_oh_co3)  : No CO3 in basic search
03/25 11:19 [DEBUG] cshmd.analysis (__detail_search_oh_sioh) : Searching 'OH' in 'SiO4
03/25 11:19 [DEBUG] cshmd.analysis (__detail_search_oh_caoh) : No CaOH in basic search. RETURN
03/25 11:19 [INFO] cshmd.analysis (Qn)                       : [Structure] Q2: 1.000
03/25 11:19 [INFO] cshmd.analysis (CS)                       : [Structure] C/S: 0.750
03/25 11:19 [INFO] cshmd.analysis (validate_tetra)           : [Structure] BT: 4, PT: 8
03/25 11:20 [INFO] csh_builder (main)                        : ----------------------------------------------------------------------
03/25 11:20 [INFO] cshmd.structure (__init__)                : /Users/kimuni/bin/kimuni/cshmd/data/resources/cif/T14_111_term.cif was loaded
03/25 11:20 [DEBUG] cshmd.analysis (__init__)                : [Structure] Now new data setted for get Bonds
03/25 11:20 [DEBUG] cshmd.analysis (__del_bond__)            : del -> Si_O O_H H_O Ca_O C_O BO
03/25 11:20 [DEBUG] cshmd.analysis (__initialize_mole__)     : initalize -> H2O SiO4 OH CO3 H3O
03/25 11:20 [DEBUG] cshmd.analysis (__initialize_mole__)     : initalize -> SiOH CaOH HCO3 H2CO3 H3CO3
03/25 11:20 [INFO] cshmd.analysis (__init__)                 : Not any C-S-H Model
03/25 11:20 [DEBUG] cshmd.analysis (find_bond)               : find_bond O - H rcut -> 1.2
03/25 11:20 [DEBUG] cshmd.common (time_wrapper)              : [RUNTIME] get_distance_table in 0.000 seconds
03/25 11:20 [DEBUG] cshmd.analysis (get_mole)                : get_mole O - H -> nbonds: 2
03/25 11:20 [DEBUG] cshmd.analysis (find_bond)               : find_bond Si - O rcut -> 2.2
03/25 11:20 [DEBUG] cshmd.common (time_wrapper)              : [RUNTIME] get_distance_table in 0.000 seconds
03/25 11:20 [DEBUG] cshmd.analysis (get_mole)                : get_mole Si - O -> nbonds: 4
03/25 11:20 [DEBUG] cshmd.analysis (get_mole)                : get_mole O - H -> nbonds: 1
03/25 11:20 [DEBUG] cshmd.analysis (find_bond)               : find_bond C - O rcut -> 1.6
03/25 11:20 [DEBUG] cshmd.analysis (get_mole)                : get_mole C - O -> nbonds: 3
03/25 11:20 [DEBUG] cshmd.analysis (get_mole)                : get_mole O - H -> nbonds: 3
03/25 11:20 [DEBUG] cshmd.analysis (find_bond)               : find_bond Ca - O rcut -> 3.0
03/25 11:20 [DEBUG] cshmd.common (time_wrapper)              : [RUNTIME] get_distance_table in 0.000 seconds
03/25 11:20 [DEBUG] cshmd.analysis (full_search)             : Search layer details
03/25 11:20 [DEBUG] cshmd.analysis (find_bond)               : find_bond Ca - O rcut -> 3.0
03/25 11:20 [DEBUG] cshmd.analysis (find_bond)               : find_bond Si - O rcut -> 2.2
03/25 11:20 [DEBUG] cshmd.analysis (__detail_search_oh_co3)  : No CO3 in basic search
03/25 11:20 [DEBUG] cshmd.analysis (__detail_search_oh_sioh) : Searching 'OH' in 'SiO4
03/25 11:20 [DEBUG] cshmd.analysis (__detail_search_oh_caoh) : No CaOH in basic search. RETURN
03/25 11:20 [INFO] cshmd.analysis (Qn)                       : [Structure] Q2: 1.000
03/25 11:20 [INFO] cshmd.analysis (CS)                       : [Structure] C/S: 0.750
03/25 11:20 [INFO] cshmd.analysis (validate_tetra)           : [Structure] BT: 4, PT: 8
03/25 11:20 [DEBUG] cshmd.analysis (__init__)                : <class 'cshmd.analysis.Chain'> loaded
03/25 11:20 [DEBUG] cshmd.analysis (__init__)                : <class 'cshmd.analysis.Chain'> loaded
03/25 11:20 [INFO] cshmd.analysis (validate_tetra)           : [Structure] CL : 3
03/25 11:20 [INFO] cshmd.analysis (validate_tetra)           : [Structure] MCL : 3.0
03/25 11:20 [INFO] csh_builder (main)                        : [Structure] Reading command 'supercell'...
03/25 11:20 [INFO] csh_builder (main)                        : [Structure] with arguments 'supercell: [6, 8, 1]'...
03/25 11:20 [INFO] cshmd.structure (makeSupercell)           : [Structure] Supercell created 6 * 8 * 1
03/25 11:20 [DEBUG] cshmd.analysis (__init__)                : [Structure] Now new data setted for get Bonds
03/25 11:20 [DEBUG] cshmd.analysis (__del_bond__)            : del -> Si_O O_H H_O Ca_O C_O BO
03/25 11:20 [DEBUG] cshmd.analysis (__initialize_mole__)     : initalize -> H2O SiO4 OH CO3 H3O
03/25 11:20 [DEBUG] cshmd.analysis (__initialize_mole__)     : initalize -> SiOH CaOH HCO3 H2CO3 H3CO3
03/25 11:20 [DEBUG] cshmd.analysis (find_bond)               : find_bond O - H rcut -> 1.2
03/25 11:20 [DEBUG] cshmd.common (time_wrapper)              : [RUNTIME] get_distance_table in 0.349 seconds
03/25 11:20 [DEBUG] cshmd.analysis (get_mole)                : get_mole O - H -> nbonds: 2
03/25 11:20 [DEBUG] cshmd.analysis (find_bond)               : find_bond Si - O rcut -> 2.2
03/25 11:20 [DEBUG] cshmd.common (time_wrapper)              : [RUNTIME] get_distance_table in 0.210 seconds
03/25 11:20 [DEBUG] cshmd.analysis (get_mole)                : get_mole Si - O -> nbonds: 4
03/25 11:20 [DEBUG] cshmd.analysis (get_mole)                : get_mole O - H -> nbonds: 1
03/25 11:20 [DEBUG] cshmd.analysis (find_bond)               : find_bond C - O rcut -> 1.6
03/25 11:20 [DEBUG] cshmd.analysis (get_mole)                : get_mole C - O -> nbonds: 3
03/25 11:20 [DEBUG] cshmd.analysis (get_mole)                : get_mole O - H -> nbonds: 3
03/25 11:20 [DEBUG] cshmd.analysis (find_bond)               : find_bond Ca - O rcut -> 3.0
03/25 11:20 [DEBUG] cshmd.common (time_wrapper)              : [RUNTIME] get_distance_table in 0.158 seconds
03/25 11:20 [DEBUG] cshmd.analysis (full_search)             : Search layer details
03/25 11:20 [DEBUG] cshmd.analysis (find_bond)               : find_bond Ca - O rcut -> 3.0
03/25 11:20 [DEBUG] cshmd.analysis (find_bond)               : find_bond Si - O rcut -> 2.2
03/25 11:20 [DEBUG] cshmd.analysis (__detail_search_oh_co3)  : No CO3 in basic search
03/25 11:20 [DEBUG] cshmd.analysis (__detail_search_oh_sioh) : Searching 'OH' in 'SiO4
03/25 11:20 [DEBUG] cshmd.analysis (__detail_search_oh_caoh) : No CaOH in basic search. RETURN
03/25 11:20 [INFO] cshmd.analysis (Qn)                       : [Structure] Q2: 1.000
03/25 11:20 [INFO] cshmd.analysis (CS)                       : [Structure] C/S: 0.750
03/25 11:20 [INFO] cshmd.analysis (validate_tetra)           : [Structure] BT: 192, PT: 384
03/25 11:20 [DEBUG] cshmd.analysis (__init__)                : <class 'cshmd.analysis.Chain'> loaded
03/25 11:20 [DEBUG] cshmd.analysis (__init__)                : <class 'cshmd.analysis.Chain'> loaded
03/25 11:20 [INFO] cshmd.analysis (validate_tetra)           : [Structure] CL : 24 24 24 24 24 24
03/25 11:20 [INFO] cshmd.analysis (validate_tetra)           : [Structure] MCL : 24.0
03/25 11:20 [INFO] cshmd.builder (update_manager)            : [Structure] Number of atoms: 86 -> 4128
03/25 11:20 [INFO] csh_builder (main)                        : [Structure] Reading command 'defect_BT'...
03/25 11:20 [INFO] csh_builder (main)                        : [Structure] with arguments 'MCL: 3 termination: False add: Ca'...
03/25 11:20 [INFO] cshmd.builder (defect_BT)                 : [Structure] Termination scope: False
03/25 11:20 [INFO] cshmd.builder (defect_BT)                 : [Structure] Exists 48 Bridging Tetra in 'top' side
03/25 11:20 [DEBUG] cshmd.analysis (prune_chain_until_lenght) : loaded
03/25 11:20 [DEBUG] cshmd.analysis (__init__)                : [Structure] Now new data setted for get Bonds
03/25 11:20 [DEBUG] cshmd.analysis (__del_bond__)            : del -> Si_O O_H H_O Ca_O C_O BO
03/25 11:20 [DEBUG] cshmd.analysis (__initialize_mole__)     : initalize -> H2O SiO4 OH CO3 H3O
03/25 11:20 [DEBUG] cshmd.analysis (__initialize_mole__)     : initalize -> SiOH CaOH HCO3 H2CO3 H3CO3
03/25 11:20 [DEBUG] cshmd.analysis (find_bond)               : find_bond O - H rcut -> 1.2
03/25 11:20 [DEBUG] cshmd.common (time_wrapper)              : [RUNTIME] get_distance_table in 0.316 seconds
03/25 11:20 [DEBUG] cshmd.analysis (get_mole)                : get_mole O - H -> nbonds: 2
03/25 11:20 [DEBUG] cshmd.analysis (find_bond)               : find_bond Si - O rcut -> 2.2
03/25 11:20 [DEBUG] cshmd.common (time_wrapper)              : [RUNTIME] get_distance_table in 0.187 seconds
03/25 11:20 [DEBUG] cshmd.analysis (get_mole)                : get_mole Si - O -> nbonds: 4
03/25 11:20 [DEBUG] cshmd.analysis (get_mole)                : get_mole O - H -> nbonds: 1
03/25 11:20 [DEBUG] cshmd.analysis (find_bond)               : find_bond C - O rcut -> 1.6
03/25 11:20 [DEBUG] cshmd.analysis (get_mole)                : get_mole C - O -> nbonds: 3
03/25 11:20 [DEBUG] cshmd.analysis (get_mole)                : get_mole O - H -> nbonds: 3
03/25 11:20 [DEBUG] cshmd.analysis (find_bond)               : find_bond Ca - O rcut -> 3.0
03/25 11:20 [DEBUG] cshmd.common (time_wrapper)              : [RUNTIME] get_distance_table in 0.157 seconds
03/25 11:20 [DEBUG] cshmd.analysis (full_search)             : Search layer details
03/25 11:20 [DEBUG] cshmd.analysis (find_bond)               : find_bond Ca - O rcut -> 3.0
03/25 11:20 [DEBUG] cshmd.analysis (find_bond)               : find_bond Si - O rcut -> 2.2
03/25 11:20 [DEBUG] cshmd.analysis (__detail_search_oh_co3)  : No CO3 in basic search
03/25 11:20 [DEBUG] cshmd.analysis (__detail_search_oh_sioh) : Searching 'OH' in 'SiO4
03/25 11:20 [DEBUG] cshmd.analysis (__detail_search_oh_caoh) : No CaOH in basic search. RETURN
03/25 11:20 [INFO] cshmd.analysis (Qn)                       : [Structure] Q2: 1.000
03/25 11:20 [INFO] cshmd.analysis (CS)                       : [Structure] C/S: 0.750
03/25 11:20 [INFO] cshmd.analysis (validate_tetra)           : [Structure] BT: 192, PT: 384
03/25 11:20 [DEBUG] cshmd.analysis (__init__)                : <class 'cshmd.analysis.Chain'> loaded
03/25 11:20 [DEBUG] cshmd.analysis (__init__)                : <class 'cshmd.analysis.Chain'> loaded
03/25 11:20 [INFO] cshmd.analysis (validate_tetra)           : [Structure] CL : 24 24 24 24 24 24
03/25 11:20 [INFO] cshmd.analysis (validate_tetra)           : [Structure] MCL : 24.0
03/25 11:24 [INFO] csh_builder (main)                        : ----------------------------------------------------------------------
03/25 11:24 [INFO] cshmd.structure (__init__)                : /Users/kimuni/bin/kimuni/cshmd/data/resources/cif/T14_111_term.cif was loaded
03/25 11:24 [DEBUG] cshmd.analysis (__init__)                : [Structure] Now new data setted for get Bonds
03/25 11:24 [DEBUG] cshmd.analysis (__del_bond__)            : del -> Si_O O_H H_O Ca_O C_O BO
03/25 11:24 [DEBUG] cshmd.analysis (__initialize_mole__)     : initalize -> H2O SiO4 OH CO3 H3O
03/25 11:24 [DEBUG] cshmd.analysis (__initialize_mole__)     : initalize -> SiOH CaOH HCO3 H2CO3 H3CO3
03/25 11:24 [INFO] cshmd.analysis (__init__)                 : Not any C-S-H Model
03/25 11:24 [DEBUG] cshmd.analysis (find_bond)               : find_bond O - H rcut -> 1.2
03/25 11:24 [DEBUG] cshmd.common (time_wrapper)              : [RUNTIME] get_distance_table in 0.000 seconds
03/25 11:24 [DEBUG] cshmd.analysis (get_mole)                : get_mole O - H -> nbonds: 2
03/25 11:24 [DEBUG] cshmd.analysis (find_bond)               : find_bond Si - O rcut -> 2.2
03/25 11:24 [DEBUG] cshmd.common (time_wrapper)              : [RUNTIME] get_distance_table in 0.000 seconds
03/25 11:24 [DEBUG] cshmd.analysis (get_mole)                : get_mole Si - O -> nbonds: 4
03/25 11:24 [DEBUG] cshmd.analysis (get_mole)                : get_mole O - H -> nbonds: 1
03/25 11:24 [DEBUG] cshmd.analysis (find_bond)               : find_bond C - O rcut -> 1.6
03/25 11:24 [DEBUG] cshmd.analysis (get_mole)                : get_mole C - O -> nbonds: 3
03/25 11:24 [DEBUG] cshmd.analysis (get_mole)                : get_mole O - H -> nbonds: 3
03/25 11:24 [DEBUG] cshmd.analysis (find_bond)               : find_bond Ca - O rcut -> 3.0
03/25 11:24 [DEBUG] cshmd.common (time_wrapper)              : [RUNTIME] get_distance_table in 0.000 seconds
03/25 11:24 [DEBUG] cshmd.analysis (full_search)             : Search layer details
03/25 11:24 [DEBUG] cshmd.analysis (find_bond)               : find_bond Ca - O rcut -> 3.0
03/25 11:24 [DEBUG] cshmd.analysis (find_bond)               : find_bond Si - O rcut -> 2.2
03/25 11:24 [DEBUG] cshmd.analysis (__detail_search_oh_co3)  : No CO3 in basic search
03/25 11:24 [DEBUG] cshmd.analysis (__detail_search_oh_sioh) : Searching 'OH' in 'SiO4
03/25 11:24 [DEBUG] cshmd.analysis (__detail_search_oh_caoh) : No CaOH in basic search. RETURN
03/25 11:24 [INFO] cshmd.analysis (Qn)                       : [Structure] Q2: 1.000
03/25 11:24 [INFO] cshmd.analysis (CS)                       : [Structure] C/S: 0.750
03/25 11:24 [INFO] cshmd.analysis (validate_tetra)           : [Structure] BT: 4, PT: 8
03/25 11:24 [DEBUG] cshmd.analysis (__init__)                : <class 'cshmd.analysis.Chain'> loaded
03/25 11:24 [DEBUG] cshmd.analysis (__init__)                : <class 'cshmd.analysis.Chain'> loaded
03/25 11:24 [INFO] cshmd.analysis (validate_tetra)           : [Structure] CL : 3
03/25 11:24 [INFO] cshmd.analysis (validate_tetra)           : [Structure] MCL : 3.0
03/25 11:24 [INFO] csh_builder (main)                        : [Structure] Reading command 'supercell'...
03/25 11:24 [INFO] csh_builder (main)                        : [Structure] with arguments 'supercell: [6, 8, 1]'...
03/25 11:24 [INFO] cshmd.structure (makeSupercell)           : [Structure] Supercell created 6 * 8 * 1
03/25 11:24 [DEBUG] cshmd.analysis (__init__)                : [Structure] Now new data setted for get Bonds
03/25 11:24 [DEBUG] cshmd.analysis (__del_bond__)            : del -> Si_O O_H H_O Ca_O C_O BO
03/25 11:24 [DEBUG] cshmd.analysis (__initialize_mole__)     : initalize -> H2O SiO4 OH CO3 H3O
03/25 11:24 [DEBUG] cshmd.analysis (__initialize_mole__)     : initalize -> SiOH CaOH HCO3 H2CO3 H3CO3
03/25 11:24 [DEBUG] cshmd.analysis (find_bond)               : find_bond O - H rcut -> 1.2
03/25 11:24 [DEBUG] cshmd.common (time_wrapper)              : [RUNTIME] get_distance_table in 0.358 seconds
03/25 11:24 [DEBUG] cshmd.analysis (get_mole)                : get_mole O - H -> nbonds: 2
03/25 11:24 [DEBUG] cshmd.analysis (find_bond)               : find_bond Si - O rcut -> 2.2
03/25 11:24 [DEBUG] cshmd.common (time_wrapper)              : [RUNTIME] get_distance_table in 0.218 seconds
03/25 11:24 [DEBUG] cshmd.analysis (get_mole)                : get_mole Si - O -> nbonds: 4
03/25 11:24 [DEBUG] cshmd.analysis (get_mole)                : get_mole O - H -> nbonds: 1
03/25 11:24 [DEBUG] cshmd.analysis (find_bond)               : find_bond C - O rcut -> 1.6
03/25 11:24 [DEBUG] cshmd.analysis (get_mole)                : get_mole C - O -> nbonds: 3
03/25 11:24 [DEBUG] cshmd.analysis (get_mole)                : get_mole O - H -> nbonds: 3
03/25 11:24 [DEBUG] cshmd.analysis (find_bond)               : find_bond Ca - O rcut -> 3.0
03/25 11:24 [DEBUG] cshmd.common (time_wrapper)              : [RUNTIME] get_distance_table in 0.147 seconds
03/25 11:24 [DEBUG] cshmd.analysis (full_search)             : Search layer details
03/25 11:24 [DEBUG] cshmd.analysis (find_bond)               : find_bond Ca - O rcut -> 3.0
03/25 11:24 [DEBUG] cshmd.analysis (find_bond)               : find_bond Si - O rcut -> 2.2
03/25 11:24 [DEBUG] cshmd.analysis (__detail_search_oh_co3)  : No CO3 in basic search
03/25 11:24 [DEBUG] cshmd.analysis (__detail_search_oh_sioh) : Searching 'OH' in 'SiO4
03/25 11:24 [DEBUG] cshmd.analysis (__detail_search_oh_caoh) : No CaOH in basic search. RETURN
03/25 11:24 [INFO] cshmd.analysis (Qn)                       : [Structure] Q2: 1.000
03/25 11:24 [INFO] cshmd.analysis (CS)                       : [Structure] C/S: 0.750
03/25 11:24 [INFO] cshmd.analysis (validate_tetra)           : [Structure] BT: 192, PT: 384
03/25 11:24 [DEBUG] cshmd.analysis (__init__)                : <class 'cshmd.analysis.Chain'> loaded
03/25 11:24 [DEBUG] cshmd.analysis (__init__)                : <class 'cshmd.analysis.Chain'> loaded
03/25 11:24 [INFO] cshmd.analysis (validate_tetra)           : [Structure] CL : 24 24 24 24 24 24
03/25 11:24 [INFO] cshmd.analysis (validate_tetra)           : [Structure] MCL : 24.0
03/25 11:24 [INFO] cshmd.builder (update_manager)            : [Structure] Number of atoms: 86 -> 4128
03/25 11:24 [INFO] csh_builder (main)                        : [Structure] Reading command 'defect_BT'...
03/25 11:24 [INFO] csh_builder (main)                        : [Structure] with arguments 'MCL: 3 termination: False add: Ca'...
03/25 11:24 [INFO] cshmd.builder (defect_BT)                 : [Structure] Termination scope: False
03/25 11:24 [INFO] cshmd.builder (defect_BT)                 : [Structure] Exists 48 Bridging Tetra in 'top' side
03/25 11:24 [DEBUG] cshmd.analysis (__init__)                : [Structure] Now new data setted for get Bonds
03/25 11:24 [DEBUG] cshmd.analysis (__del_bond__)            : del -> Si_O O_H H_O Ca_O C_O BO
03/25 11:24 [DEBUG] cshmd.analysis (__initialize_mole__)     : initalize -> H2O SiO4 OH CO3 H3O
03/25 11:24 [DEBUG] cshmd.analysis (__initialize_mole__)     : initalize -> SiOH CaOH HCO3 H2CO3 H3CO3
03/25 11:24 [DEBUG] cshmd.analysis (find_bond)               : find_bond O - H rcut -> 1.2
03/25 11:24 [DEBUG] cshmd.common (time_wrapper)              : [RUNTIME] get_distance_table in 0.318 seconds
03/25 11:24 [DEBUG] cshmd.analysis (get_mole)                : get_mole O - H -> nbonds: 2
03/25 11:24 [DEBUG] cshmd.analysis (find_bond)               : find_bond Si - O rcut -> 2.2
03/25 11:24 [DEBUG] cshmd.common (time_wrapper)              : [RUNTIME] get_distance_table in 0.214 seconds
03/25 11:24 [DEBUG] cshmd.analysis (get_mole)                : get_mole Si - O -> nbonds: 4
03/25 11:24 [DEBUG] cshmd.analysis (get_mole)                : get_mole O - H -> nbonds: 1
03/25 11:24 [DEBUG] cshmd.analysis (find_bond)               : find_bond C - O rcut -> 1.6
03/25 11:24 [DEBUG] cshmd.analysis (get_mole)                : get_mole C - O -> nbonds: 3
03/25 11:24 [DEBUG] cshmd.analysis (get_mole)                : get_mole O - H -> nbonds: 3
03/25 11:24 [DEBUG] cshmd.analysis (find_bond)               : find_bond Ca - O rcut -> 3.0
03/25 11:24 [DEBUG] cshmd.common (time_wrapper)              : [RUNTIME] get_distance_table in 0.147 seconds
03/25 11:24 [DEBUG] cshmd.analysis (full_search)             : Search layer details
03/25 11:24 [DEBUG] cshmd.analysis (find_bond)               : find_bond Ca - O rcut -> 3.0
03/25 11:24 [DEBUG] cshmd.analysis (find_bond)               : find_bond Si - O rcut -> 2.2
03/25 11:24 [DEBUG] cshmd.analysis (__detail_search_oh_co3)  : No CO3 in basic search
03/25 11:24 [DEBUG] cshmd.analysis (__detail_search_oh_sioh) : Searching 'OH' in 'SiO4
03/25 11:24 [DEBUG] cshmd.analysis (__detail_search_oh_caoh) : No CaOH in basic search. RETURN
03/25 11:24 [INFO] cshmd.analysis (Qn)                       : [Structure] Q2: 1.000
03/25 11:24 [INFO] cshmd.analysis (CS)                       : [Structure] C/S: 0.750
03/25 11:24 [INFO] cshmd.analysis (validate_tetra)           : [Structure] BT: 192, PT: 384
03/25 11:24 [DEBUG] cshmd.analysis (__init__)                : <class 'cshmd.analysis.Chain'> loaded
03/25 11:24 [DEBUG] cshmd.analysis (__init__)                : <class 'cshmd.analysis.Chain'> loaded
03/25 11:24 [INFO] cshmd.analysis (validate_tetra)           : [Structure] CL : 24 24 24 24 24 24
03/25 11:24 [INFO] cshmd.analysis (validate_tetra)           : [Structure] MCL : 24.0
03/25 11:24 [INFO] csh_builder (main)                        : ----------------------------------------------------------------------
03/25 11:24 [INFO] cshmd.structure (__init__)                : /Users/kimuni/bin/kimuni/cshmd/data/resources/cif/T14_111_term.cif was loaded
03/25 11:24 [DEBUG] cshmd.analysis (__init__)                : [Structure] Now new data setted for get Bonds
03/25 11:24 [DEBUG] cshmd.analysis (__del_bond__)            : del -> Si_O O_H H_O Ca_O C_O BO
03/25 11:24 [DEBUG] cshmd.analysis (__initialize_mole__)     : initalize -> H2O SiO4 OH CO3 H3O
03/25 11:24 [DEBUG] cshmd.analysis (__initialize_mole__)     : initalize -> SiOH CaOH HCO3 H2CO3 H3CO3
03/25 11:24 [INFO] cshmd.analysis (__init__)                 : Not any C-S-H Model
03/25 11:24 [DEBUG] cshmd.analysis (find_bond)               : find_bond O - H rcut -> 1.2
03/25 11:24 [DEBUG] cshmd.common (time_wrapper)              : [RUNTIME] get_distance_table in 0.000 seconds
03/25 11:24 [DEBUG] cshmd.analysis (get_mole)                : get_mole O - H -> nbonds: 2
03/25 11:24 [DEBUG] cshmd.analysis (find_bond)               : find_bond Si - O rcut -> 2.2
03/25 11:24 [DEBUG] cshmd.common (time_wrapper)              : [RUNTIME] get_distance_table in 0.000 seconds
03/25 11:24 [DEBUG] cshmd.analysis (get_mole)                : get_mole Si - O -> nbonds: 4
03/25 11:24 [DEBUG] cshmd.analysis (get_mole)                : get_mole O - H -> nbonds: 1
03/25 11:24 [DEBUG] cshmd.analysis (find_bond)               : find_bond C - O rcut -> 1.6
03/25 11:24 [DEBUG] cshmd.analysis (get_mole)                : get_mole C - O -> nbonds: 3
03/25 11:24 [DEBUG] cshmd.analysis (get_mole)                : get_mole O - H -> nbonds: 3
03/25 11:24 [DEBUG] cshmd.analysis (find_bond)               : find_bond Ca - O rcut -> 3.0
03/25 11:24 [DEBUG] cshmd.common (time_wrapper)              : [RUNTIME] get_distance_table in 0.000 seconds
03/25 11:24 [DEBUG] cshmd.analysis (full_search)             : Search layer details
03/25 11:24 [DEBUG] cshmd.analysis (find_bond)               : find_bond Ca - O rcut -> 3.0
03/25 11:24 [DEBUG] cshmd.analysis (find_bond)               : find_bond Si - O rcut -> 2.2
03/25 11:24 [DEBUG] cshmd.analysis (__detail_search_oh_co3)  : No CO3 in basic search
03/25 11:24 [DEBUG] cshmd.analysis (__detail_search_oh_sioh) : Searching 'OH' in 'SiO4
03/25 11:24 [DEBUG] cshmd.analysis (__detail_search_oh_caoh) : No CaOH in basic search. RETURN
03/25 11:24 [INFO] cshmd.analysis (Qn)                       : [Structure] Q2: 1.000
03/25 11:24 [INFO] cshmd.analysis (CS)                       : [Structure] C/S: 0.750
03/25 11:24 [INFO] cshmd.analysis (validate_tetra)           : [Structure] BT: 4, PT: 8
03/25 11:24 [DEBUG] cshmd.analysis (__init__)                : <class 'cshmd.analysis.Chain'> loaded
03/25 11:24 [DEBUG] cshmd.analysis (__init__)                : <class 'cshmd.analysis.Chain'> loaded
03/25 11:24 [INFO] cshmd.analysis (validate_tetra)           : [Structure] CL : 3
03/25 11:24 [INFO] cshmd.analysis (validate_tetra)           : [Structure] MCL : 3.0
03/25 11:24 [INFO] csh_builder (main)                        : [Structure] Reading command 'supercell'...
03/25 11:24 [INFO] csh_builder (main)                        : [Structure] with arguments 'supercell: [6, 8, 1]'...
03/25 11:24 [INFO] cshmd.structure (makeSupercell)           : [Structure] Supercell created 6 * 8 * 1
03/25 11:24 [DEBUG] cshmd.analysis (__init__)                : [Structure] Now new data setted for get Bonds
03/25 11:24 [DEBUG] cshmd.analysis (__del_bond__)            : del -> Si_O O_H H_O Ca_O C_O BO
03/25 11:24 [DEBUG] cshmd.analysis (__initialize_mole__)     : initalize -> H2O SiO4 OH CO3 H3O
03/25 11:24 [DEBUG] cshmd.analysis (__initialize_mole__)     : initalize -> SiOH CaOH HCO3 H2CO3 H3CO3
03/25 11:24 [DEBUG] cshmd.analysis (find_bond)               : find_bond O - H rcut -> 1.2
03/25 11:24 [DEBUG] cshmd.common (time_wrapper)              : [RUNTIME] get_distance_table in 0.343 seconds
03/25 11:24 [DEBUG] cshmd.analysis (get_mole)                : get_mole O - H -> nbonds: 2
03/25 11:24 [DEBUG] cshmd.analysis (find_bond)               : find_bond Si - O rcut -> 2.2
03/25 11:24 [DEBUG] cshmd.common (time_wrapper)              : [RUNTIME] get_distance_table in 0.215 seconds
03/25 11:24 [DEBUG] cshmd.analysis (get_mole)                : get_mole Si - O -> nbonds: 4
03/25 11:24 [DEBUG] cshmd.analysis (get_mole)                : get_mole O - H -> nbonds: 1
03/25 11:24 [DEBUG] cshmd.analysis (find_bond)               : find_bond C - O rcut -> 1.6
03/25 11:24 [DEBUG] cshmd.analysis (get_mole)                : get_mole C - O -> nbonds: 3
03/25 11:24 [DEBUG] cshmd.analysis (get_mole)                : get_mole O - H -> nbonds: 3
03/25 11:24 [DEBUG] cshmd.analysis (find_bond)               : find_bond Ca - O rcut -> 3.0
03/25 11:24 [DEBUG] cshmd.common (time_wrapper)              : [RUNTIME] get_distance_table in 0.148 seconds
03/25 11:24 [DEBUG] cshmd.analysis (full_search)             : Search layer details
03/25 11:24 [DEBUG] cshmd.analysis (find_bond)               : find_bond Ca - O rcut -> 3.0
03/25 11:24 [DEBUG] cshmd.analysis (find_bond)               : find_bond Si - O rcut -> 2.2
03/25 11:24 [DEBUG] cshmd.analysis (__detail_search_oh_co3)  : No CO3 in basic search
03/25 11:24 [DEBUG] cshmd.analysis (__detail_search_oh_sioh) : Searching 'OH' in 'SiO4
03/25 11:24 [DEBUG] cshmd.analysis (__detail_search_oh_caoh) : No CaOH in basic search. RETURN
03/25 11:24 [INFO] cshmd.analysis (Qn)                       : [Structure] Q2: 1.000
03/25 11:24 [INFO] cshmd.analysis (CS)                       : [Structure] C/S: 0.750
03/25 11:24 [INFO] cshmd.analysis (validate_tetra)           : [Structure] BT: 192, PT: 384
03/25 11:24 [DEBUG] cshmd.analysis (__init__)                : <class 'cshmd.analysis.Chain'> loaded
03/25 11:24 [DEBUG] cshmd.analysis (__init__)                : <class 'cshmd.analysis.Chain'> loaded
03/25 11:24 [INFO] cshmd.analysis (validate_tetra)           : [Structure] CL : 24 24 24 24 24 24
03/25 11:24 [INFO] cshmd.analysis (validate_tetra)           : [Structure] MCL : 24.0
03/25 11:24 [INFO] cshmd.builder (update_manager)            : [Structure] Number of atoms: 86 -> 4128
03/25 11:24 [INFO] csh_builder (main)                        : [Structure] Reading command 'defect_BT'...
03/25 11:24 [INFO] csh_builder (main)                        : [Structure] with arguments 'MCL: 3 termination: False add: Ca'...
03/25 11:24 [INFO] cshmd.builder (defect_BT)                 : [Structure] Termination scope: False
03/25 11:24 [INFO] cshmd.builder (defect_BT)                 : [Structure] Exists 48 Bridging Tetra in 'top' side
03/25 11:24 [DEBUG] cshmd.analysis (__init__)                : [Structure] Now new data setted for get Bonds
03/25 11:24 [DEBUG] cshmd.analysis (__del_bond__)            : del -> Si_O O_H H_O Ca_O C_O BO
03/25 11:24 [DEBUG] cshmd.analysis (__initialize_mole__)     : initalize -> H2O SiO4 OH CO3 H3O
03/25 11:24 [DEBUG] cshmd.analysis (__initialize_mole__)     : initalize -> SiOH CaOH HCO3 H2CO3 H3CO3
03/25 11:24 [DEBUG] cshmd.analysis (find_bond)               : find_bond O - H rcut -> 1.2
03/25 11:24 [DEBUG] cshmd.common (time_wrapper)              : [RUNTIME] get_distance_table in 0.317 seconds
03/25 11:24 [DEBUG] cshmd.analysis (get_mole)                : get_mole O - H -> nbonds: 2
03/25 11:24 [DEBUG] cshmd.analysis (find_bond)               : find_bond Si - O rcut -> 2.2
03/25 11:24 [DEBUG] cshmd.common (time_wrapper)              : [RUNTIME] get_distance_table in 0.214 seconds
03/25 11:24 [DEBUG] cshmd.analysis (get_mole)                : get_mole Si - O -> nbonds: 4
03/25 11:24 [DEBUG] cshmd.analysis (get_mole)                : get_mole O - H -> nbonds: 1
03/25 11:24 [DEBUG] cshmd.analysis (find_bond)               : find_bond C - O rcut -> 1.6
03/25 11:24 [DEBUG] cshmd.analysis (get_mole)                : get_mole C - O -> nbonds: 3
03/25 11:24 [DEBUG] cshmd.analysis (get_mole)                : get_mole O - H -> nbonds: 3
03/25 11:24 [DEBUG] cshmd.analysis (find_bond)               : find_bond Ca - O rcut -> 3.0
03/25 11:24 [DEBUG] cshmd.common (time_wrapper)              : [RUNTIME] get_distance_table in 0.147 seconds
03/25 11:24 [DEBUG] cshmd.analysis (full_search)             : Search layer details
03/25 11:24 [DEBUG] cshmd.analysis (find_bond)               : find_bond Ca - O rcut -> 3.0
03/25 11:24 [DEBUG] cshmd.analysis (find_bond)               : find_bond Si - O rcut -> 2.2
03/25 11:24 [DEBUG] cshmd.analysis (__detail_search_oh_co3)  : No CO3 in basic search
03/25 11:24 [DEBUG] cshmd.analysis (__detail_search_oh_sioh) : Searching 'OH' in 'SiO4
03/25 11:24 [DEBUG] cshmd.analysis (__detail_search_oh_caoh) : No CaOH in basic search. RETURN
03/25 11:24 [INFO] cshmd.analysis (Qn)                       : [Structure] Q2: 1.000
03/25 11:24 [INFO] cshmd.analysis (CS)                       : [Structure] C/S: 0.750
03/25 11:24 [INFO] cshmd.analysis (validate_tetra)           : [Structure] BT: 192, PT: 384
03/25 11:24 [DEBUG] cshmd.analysis (__init__)                : <class 'cshmd.analysis.Chain'> loaded
03/25 11:24 [DEBUG] cshmd.analysis (__init__)                : <class 'cshmd.analysis.Chain'> loaded
03/25 11:24 [INFO] cshmd.analysis (validate_tetra)           : [Structure] CL : 24 24 24 24 24 24
03/25 11:24 [INFO] cshmd.analysis (validate_tetra)           : [Structure] MCL : 24.0
03/25 11:24 [INFO] csh_builder (main)                        : ----------------------------------------------------------------------
03/25 11:24 [INFO] cshmd.structure (__init__)                : /Users/kimuni/bin/kimuni/cshmd/data/resources/cif/T14_111_term.cif was loaded
03/25 11:24 [DEBUG] cshmd.analysis (__init__)                : [Structure] Now new data setted for get Bonds
03/25 11:24 [DEBUG] cshmd.analysis (__del_bond__)            : del -> Si_O O_H H_O Ca_O C_O BO
03/25 11:24 [DEBUG] cshmd.analysis (__initialize_mole__)     : initalize -> H2O SiO4 OH CO3 H3O
03/25 11:24 [DEBUG] cshmd.analysis (__initialize_mole__)     : initalize -> SiOH CaOH HCO3 H2CO3 H3CO3
03/25 11:24 [INFO] cshmd.analysis (__init__)                 : Not any C-S-H Model
03/25 11:24 [DEBUG] cshmd.analysis (find_bond)               : find_bond O - H rcut -> 1.2
03/25 11:24 [DEBUG] cshmd.common (time_wrapper)              : [RUNTIME] get_distance_table in 0.000 seconds
03/25 11:24 [DEBUG] cshmd.analysis (get_mole)                : get_mole O - H -> nbonds: 2
03/25 11:24 [DEBUG] cshmd.analysis (find_bond)               : find_bond Si - O rcut -> 2.2
03/25 11:24 [DEBUG] cshmd.common (time_wrapper)              : [RUNTIME] get_distance_table in 0.000 seconds
03/25 11:24 [DEBUG] cshmd.analysis (get_mole)                : get_mole Si - O -> nbonds: 4
03/25 11:24 [DEBUG] cshmd.analysis (get_mole)                : get_mole O - H -> nbonds: 1
03/25 11:24 [DEBUG] cshmd.analysis (find_bond)               : find_bond C - O rcut -> 1.6
03/25 11:24 [DEBUG] cshmd.analysis (get_mole)                : get_mole C - O -> nbonds: 3
03/25 11:24 [DEBUG] cshmd.analysis (get_mole)                : get_mole O - H -> nbonds: 3
03/25 11:24 [DEBUG] cshmd.analysis (find_bond)               : find_bond Ca - O rcut -> 3.0
03/25 11:24 [DEBUG] cshmd.common (time_wrapper)              : [RUNTIME] get_distance_table in 0.000 seconds
03/25 11:24 [DEBUG] cshmd.analysis (full_search)             : Search layer details
03/25 11:24 [DEBUG] cshmd.analysis (find_bond)               : find_bond Ca - O rcut -> 3.0
03/25 11:24 [DEBUG] cshmd.analysis (find_bond)               : find_bond Si - O rcut -> 2.2
03/25 11:24 [DEBUG] cshmd.analysis (__detail_search_oh_co3)  : No CO3 in basic search
03/25 11:24 [DEBUG] cshmd.analysis (__detail_search_oh_sioh) : Searching 'OH' in 'SiO4
03/25 11:24 [DEBUG] cshmd.analysis (__detail_search_oh_caoh) : No CaOH in basic search. RETURN
03/25 11:24 [INFO] cshmd.analysis (Qn)                       : [Structure] Q2: 1.000
03/25 11:24 [INFO] cshmd.analysis (CS)                       : [Structure] C/S: 0.750
03/25 11:24 [INFO] cshmd.analysis (validate_tetra)           : [Structure] BT: 4, PT: 8
03/25 11:24 [DEBUG] cshmd.analysis (__init__)                : <class 'cshmd.analysis.Chain'> loaded
03/25 11:24 [DEBUG] cshmd.analysis (__init__)                : <class 'cshmd.analysis.Chain'> loaded
03/25 11:24 [INFO] cshmd.analysis (validate_tetra)           : [Structure] CL : 3
03/25 11:24 [INFO] cshmd.analysis (validate_tetra)           : [Structure] MCL : 3.0
03/25 11:24 [INFO] csh_builder (main)                        : [Structure] Reading command 'supercell'...
03/25 11:24 [INFO] csh_builder (main)                        : [Structure] with arguments 'supercell: [6, 8, 1]'...
03/25 11:24 [INFO] cshmd.structure (makeSupercell)           : [Structure] Supercell created 6 * 8 * 1
03/25 11:24 [DEBUG] cshmd.analysis (__init__)                : [Structure] Now new data setted for get Bonds
03/25 11:24 [DEBUG] cshmd.analysis (__del_bond__)            : del -> Si_O O_H H_O Ca_O C_O BO
03/25 11:24 [DEBUG] cshmd.analysis (__initialize_mole__)     : initalize -> H2O SiO4 OH CO3 H3O
03/25 11:24 [DEBUG] cshmd.analysis (__initialize_mole__)     : initalize -> SiOH CaOH HCO3 H2CO3 H3CO3
03/25 11:24 [DEBUG] cshmd.analysis (find_bond)               : find_bond O - H rcut -> 1.2
03/25 11:24 [DEBUG] cshmd.common (time_wrapper)              : [RUNTIME] get_distance_table in 0.339 seconds
03/25 11:24 [DEBUG] cshmd.analysis (get_mole)                : get_mole O - H -> nbonds: 2
03/25 11:24 [DEBUG] cshmd.analysis (find_bond)               : find_bond Si - O rcut -> 2.2
03/25 11:24 [DEBUG] cshmd.common (time_wrapper)              : [RUNTIME] get_distance_table in 0.209 seconds
03/25 11:24 [DEBUG] cshmd.analysis (get_mole)                : get_mole Si - O -> nbonds: 4
03/25 11:24 [DEBUG] cshmd.analysis (get_mole)                : get_mole O - H -> nbonds: 1
03/25 11:24 [DEBUG] cshmd.analysis (find_bond)               : find_bond C - O rcut -> 1.6
03/25 11:24 [DEBUG] cshmd.analysis (get_mole)                : get_mole C - O -> nbonds: 3
03/25 11:24 [DEBUG] cshmd.analysis (get_mole)                : get_mole O - H -> nbonds: 3
03/25 11:24 [DEBUG] cshmd.analysis (find_bond)               : find_bond Ca - O rcut -> 3.0
03/25 11:24 [DEBUG] cshmd.common (time_wrapper)              : [RUNTIME] get_distance_table in 0.157 seconds
03/25 11:24 [DEBUG] cshmd.analysis (full_search)             : Search layer details
03/25 11:24 [DEBUG] cshmd.analysis (find_bond)               : find_bond Ca - O rcut -> 3.0
03/25 11:24 [DEBUG] cshmd.analysis (find_bond)               : find_bond Si - O rcut -> 2.2
03/25 11:24 [DEBUG] cshmd.analysis (__detail_search_oh_co3)  : No CO3 in basic search
03/25 11:24 [DEBUG] cshmd.analysis (__detail_search_oh_sioh) : Searching 'OH' in 'SiO4
03/25 11:24 [DEBUG] cshmd.analysis (__detail_search_oh_caoh) : No CaOH in basic search. RETURN
03/25 11:24 [INFO] cshmd.analysis (Qn)                       : [Structure] Q2: 1.000
03/25 11:24 [INFO] cshmd.analysis (CS)                       : [Structure] C/S: 0.750
03/25 11:24 [INFO] cshmd.analysis (validate_tetra)           : [Structure] BT: 192, PT: 384
03/25 11:24 [DEBUG] cshmd.analysis (__init__)                : <class 'cshmd.analysis.Chain'> loaded
03/25 11:24 [DEBUG] cshmd.analysis (__init__)                : <class 'cshmd.analysis.Chain'> loaded
03/25 11:24 [INFO] cshmd.analysis (validate_tetra)           : [Structure] CL : 24 24 24 24 24 24
03/25 11:24 [INFO] cshmd.analysis (validate_tetra)           : [Structure] MCL : 24.0
03/25 11:24 [INFO] cshmd.builder (update_manager)            : [Structure] Number of atoms: 86 -> 4128
03/25 11:24 [INFO] csh_builder (main)                        : [Structure] Reading command 'defect_BT'...
03/25 11:24 [INFO] csh_builder (main)                        : [Structure] with arguments 'MCL: 3 termination: False add: Ca'...
03/25 11:24 [INFO] cshmd.builder (defect_BT)                 : [Structure] Termination scope: False
03/25 11:24 [INFO] cshmd.builder (defect_BT)                 : [Structure] Exists 48 Bridging Tetra in 'top' side
03/25 11:24 [DEBUG] cshmd.analysis (__init__)                : [Structure] Now new data setted for get Bonds
03/25 11:24 [DEBUG] cshmd.analysis (__del_bond__)            : del -> Si_O O_H H_O Ca_O C_O BO
03/25 11:24 [DEBUG] cshmd.analysis (__initialize_mole__)     : initalize -> H2O SiO4 OH CO3 H3O
03/25 11:24 [DEBUG] cshmd.analysis (__initialize_mole__)     : initalize -> SiOH CaOH HCO3 H2CO3 H3CO3
03/25 11:24 [DEBUG] cshmd.analysis (find_bond)               : find_bond O - H rcut -> 1.2
03/25 11:24 [DEBUG] cshmd.common (time_wrapper)              : [RUNTIME] get_distance_table in 0.330 seconds
03/25 11:24 [DEBUG] cshmd.analysis (get_mole)                : get_mole O - H -> nbonds: 2
03/25 11:24 [DEBUG] cshmd.analysis (find_bond)               : find_bond Si - O rcut -> 2.2
03/25 11:24 [DEBUG] cshmd.common (time_wrapper)              : [RUNTIME] get_distance_table in 0.201 seconds
03/25 11:24 [DEBUG] cshmd.analysis (get_mole)                : get_mole Si - O -> nbonds: 4
03/25 11:24 [DEBUG] cshmd.analysis (get_mole)                : get_mole O - H -> nbonds: 1
03/25 11:24 [DEBUG] cshmd.analysis (find_bond)               : find_bond C - O rcut -> 1.6
03/25 11:24 [DEBUG] cshmd.analysis (get_mole)                : get_mole C - O -> nbonds: 3
03/25 11:24 [DEBUG] cshmd.analysis (get_mole)                : get_mole O - H -> nbonds: 3
03/25 11:24 [DEBUG] cshmd.analysis (find_bond)               : find_bond Ca - O rcut -> 3.0
03/25 11:24 [DEBUG] cshmd.common (time_wrapper)              : [RUNTIME] get_distance_table in 0.151 seconds
03/25 11:24 [DEBUG] cshmd.analysis (full_search)             : Search layer details
03/25 11:24 [DEBUG] cshmd.analysis (find_bond)               : find_bond Ca - O rcut -> 3.0
03/25 11:24 [DEBUG] cshmd.analysis (find_bond)               : find_bond Si - O rcut -> 2.2
03/25 11:24 [DEBUG] cshmd.analysis (__detail_search_oh_co3)  : No CO3 in basic search
03/25 11:24 [DEBUG] cshmd.analysis (__detail_search_oh_sioh) : Searching 'OH' in 'SiO4
03/25 11:24 [DEBUG] cshmd.analysis (__detail_search_oh_caoh) : No CaOH in basic search. RETURN
03/25 11:24 [INFO] cshmd.analysis (Qn)                       : [Structure] Q2: 1.000
03/25 11:24 [INFO] cshmd.analysis (CS)                       : [Structure] C/S: 0.750
03/25 11:24 [INFO] cshmd.analysis (validate_tetra)           : [Structure] BT: 192, PT: 384
03/25 11:24 [DEBUG] cshmd.analysis (__init__)                : <class 'cshmd.analysis.Chain'> loaded
03/25 11:24 [DEBUG] cshmd.analysis (__init__)                : <class 'cshmd.analysis.Chain'> loaded
03/25 11:24 [INFO] cshmd.analysis (validate_tetra)           : [Structure] CL : 24 24 24 24 24 24
03/25 11:24 [INFO] cshmd.analysis (validate_tetra)           : [Structure] MCL : 24.0
03/25 11:25 [INFO] csh_builder (main)                        : ----------------------------------------------------------------------
03/25 11:25 [INFO] cshmd.structure (__init__)                : /Users/kimuni/bin/kimuni/cshmd/data/resources/cif/T14_111_term.cif was loaded
03/25 11:25 [DEBUG] cshmd.analysis (__init__)                : [Structure] Now new data setted for get Bonds
03/25 11:25 [DEBUG] cshmd.analysis (__del_bond__)            : del -> Si_O O_H H_O Ca_O C_O BO
03/25 11:25 [DEBUG] cshmd.analysis (__initialize_mole__)     : initalize -> H2O SiO4 OH CO3 H3O
03/25 11:25 [DEBUG] cshmd.analysis (__initialize_mole__)     : initalize -> SiOH CaOH HCO3 H2CO3 H3CO3
03/25 11:25 [INFO] cshmd.analysis (__init__)                 : Not any C-S-H Model
03/25 11:25 [DEBUG] cshmd.analysis (find_bond)               : find_bond O - H rcut -> 1.2
03/25 11:25 [DEBUG] cshmd.common (time_wrapper)              : [RUNTIME] get_distance_table in 0.000 seconds
03/25 11:25 [DEBUG] cshmd.analysis (get_mole)                : get_mole O - H -> nbonds: 2
03/25 11:25 [DEBUG] cshmd.analysis (find_bond)               : find_bond Si - O rcut -> 2.2
03/25 11:25 [DEBUG] cshmd.common (time_wrapper)              : [RUNTIME] get_distance_table in 0.000 seconds
03/25 11:25 [DEBUG] cshmd.analysis (get_mole)                : get_mole Si - O -> nbonds: 4
03/25 11:25 [DEBUG] cshmd.analysis (get_mole)                : get_mole O - H -> nbonds: 1
03/25 11:25 [DEBUG] cshmd.analysis (find_bond)               : find_bond C - O rcut -> 1.6
03/25 11:25 [DEBUG] cshmd.analysis (get_mole)                : get_mole C - O -> nbonds: 3
03/25 11:25 [DEBUG] cshmd.analysis (get_mole)                : get_mole O - H -> nbonds: 3
03/25 11:25 [DEBUG] cshmd.analysis (find_bond)               : find_bond Ca - O rcut -> 3.0
03/25 11:25 [DEBUG] cshmd.common (time_wrapper)              : [RUNTIME] get_distance_table in 0.000 seconds
03/25 11:25 [DEBUG] cshmd.analysis (full_search)             : Search layer details
03/25 11:25 [DEBUG] cshmd.analysis (find_bond)               : find_bond Ca - O rcut -> 3.0
03/25 11:25 [DEBUG] cshmd.analysis (find_bond)               : find_bond Si - O rcut -> 2.2
03/25 11:25 [DEBUG] cshmd.analysis (__detail_search_oh_co3)  : No CO3 in basic search
03/25 11:25 [DEBUG] cshmd.analysis (__detail_search_oh_sioh) : Searching 'OH' in 'SiO4
03/25 11:25 [DEBUG] cshmd.analysis (__detail_search_oh_caoh) : No CaOH in basic search. RETURN
03/25 11:25 [INFO] cshmd.analysis (Qn)                       : [Structure] Q2: 1.000
03/25 11:25 [INFO] cshmd.analysis (CS)                       : [Structure] C/S: 0.750
03/25 11:25 [INFO] cshmd.analysis (validate_tetra)           : [Structure] BT: 4, PT: 8
03/25 11:25 [DEBUG] cshmd.analysis (__init__)                : <class 'cshmd.analysis.Chain'> loaded
03/25 11:25 [DEBUG] cshmd.analysis (__init__)                : <class 'cshmd.analysis.Chain'> loaded
03/25 11:25 [INFO] cshmd.analysis (validate_tetra)           : [Structure] CL : 3
03/25 11:25 [INFO] cshmd.analysis (validate_tetra)           : [Structure] MCL : 3.0
03/25 11:25 [INFO] csh_builder (main)                        : [Structure] Reading command 'supercell'...
03/25 11:25 [INFO] csh_builder (main)                        : [Structure] with arguments 'supercell: [6, 8, 1]'...
03/25 11:25 [INFO] cshmd.structure (makeSupercell)           : [Structure] Supercell created 6 * 8 * 1
03/25 11:25 [DEBUG] cshmd.analysis (__init__)                : [Structure] Now new data setted for get Bonds
03/25 11:25 [DEBUG] cshmd.analysis (__del_bond__)            : del -> Si_O O_H H_O Ca_O C_O BO
03/25 11:25 [DEBUG] cshmd.analysis (__initialize_mole__)     : initalize -> H2O SiO4 OH CO3 H3O
03/25 11:25 [DEBUG] cshmd.analysis (__initialize_mole__)     : initalize -> SiOH CaOH HCO3 H2CO3 H3CO3
03/25 11:25 [DEBUG] cshmd.analysis (find_bond)               : find_bond O - H rcut -> 1.2
03/25 11:25 [DEBUG] cshmd.common (time_wrapper)              : [RUNTIME] get_distance_table in 0.350 seconds
03/25 11:25 [DEBUG] cshmd.analysis (get_mole)                : get_mole O - H -> nbonds: 2
03/25 11:25 [DEBUG] cshmd.analysis (find_bond)               : find_bond Si - O rcut -> 2.2
03/25 11:25 [DEBUG] cshmd.common (time_wrapper)              : [RUNTIME] get_distance_table in 0.215 seconds
03/25 11:25 [DEBUG] cshmd.analysis (get_mole)                : get_mole Si - O -> nbonds: 4
03/25 11:25 [DEBUG] cshmd.analysis (get_mole)                : get_mole O - H -> nbonds: 1
03/25 11:25 [DEBUG] cshmd.analysis (find_bond)               : find_bond C - O rcut -> 1.6
03/25 11:25 [DEBUG] cshmd.analysis (get_mole)                : get_mole C - O -> nbonds: 3
03/25 11:25 [DEBUG] cshmd.analysis (get_mole)                : get_mole O - H -> nbonds: 3
03/25 11:25 [DEBUG] cshmd.analysis (find_bond)               : find_bond Ca - O rcut -> 3.0
03/25 11:25 [DEBUG] cshmd.common (time_wrapper)              : [RUNTIME] get_distance_table in 0.145 seconds
03/25 11:25 [DEBUG] cshmd.analysis (full_search)             : Search layer details
03/25 11:25 [DEBUG] cshmd.analysis (find_bond)               : find_bond Ca - O rcut -> 3.0
03/25 11:25 [DEBUG] cshmd.analysis (find_bond)               : find_bond Si - O rcut -> 2.2
03/25 11:25 [DEBUG] cshmd.analysis (__detail_search_oh_co3)  : No CO3 in basic search
03/25 11:25 [DEBUG] cshmd.analysis (__detail_search_oh_sioh) : Searching 'OH' in 'SiO4
03/25 11:25 [DEBUG] cshmd.analysis (__detail_search_oh_caoh) : No CaOH in basic search. RETURN
03/25 11:25 [INFO] cshmd.analysis (Qn)                       : [Structure] Q2: 1.000
03/25 11:25 [INFO] cshmd.analysis (CS)                       : [Structure] C/S: 0.750
03/25 11:25 [INFO] cshmd.analysis (validate_tetra)           : [Structure] BT: 192, PT: 384
03/25 11:25 [DEBUG] cshmd.analysis (__init__)                : <class 'cshmd.analysis.Chain'> loaded
03/25 11:25 [DEBUG] cshmd.analysis (__init__)                : <class 'cshmd.analysis.Chain'> loaded
03/25 11:25 [INFO] cshmd.analysis (validate_tetra)           : [Structure] CL : 24 24 24 24 24 24
03/25 11:25 [INFO] cshmd.analysis (validate_tetra)           : [Structure] MCL : 24.0
03/25 11:25 [INFO] cshmd.builder (update_manager)            : [Structure] Number of atoms: 86 -> 4128
03/25 11:25 [INFO] csh_builder (main)                        : [Structure] Reading command 'defect_BT'...
03/25 11:25 [INFO] csh_builder (main)                        : [Structure] with arguments 'MCL: 3 termination: False add: Ca'...
03/25 11:25 [INFO] cshmd.builder (defect_BT)                 : [Structure] Termination scope: False
03/25 11:25 [INFO] cshmd.builder (defect_BT)                 : [Structure] Exists 48 Bridging Tetra in 'top' side
03/25 11:25 [INFO] cshmd.structure (add_Ca)                  : [Structure] Add Ca
03/25 11:25 [INFO] cshmd.builder (defect_BT)                 : [Structure] Exists 48 Bridging Tetra in 'bottom' side
03/25 11:25 [INFO] cshmd.structure (add_Ca)                  : [Structure] Add Ca
03/25 11:25 [INFO] cshmd.structure (check_rm_list)           : Delete 216 atoms in rm_list
03/25 11:25 [DEBUG] cshmd.analysis (__init__)                : [Structure] Now new data setted for get Bonds
03/25 11:25 [DEBUG] cshmd.analysis (__del_bond__)            : del -> Si_O O_H H_O Ca_O C_O BO
03/25 11:25 [DEBUG] cshmd.analysis (__initialize_mole__)     : initalize -> H2O SiO4 OH CO3 H3O
03/25 11:25 [DEBUG] cshmd.analysis (__initialize_mole__)     : initalize -> SiOH CaOH HCO3 H2CO3 H3CO3
03/25 11:25 [DEBUG] cshmd.analysis (find_bond)               : find_bond O - H rcut -> 1.2
03/25 11:25 [DEBUG] cshmd.common (time_wrapper)              : [RUNTIME] get_distance_table in 0.311 seconds
03/25 11:25 [DEBUG] cshmd.analysis (get_mole)                : get_mole O - H -> nbonds: 2
03/25 11:25 [DEBUG] cshmd.analysis (find_bond)               : find_bond Si - O rcut -> 2.2
03/25 11:25 [DEBUG] cshmd.common (time_wrapper)              : [RUNTIME] get_distance_table in 0.173 seconds
03/25 11:25 [DEBUG] cshmd.analysis (get_mole)                : get_mole Si - O -> nbonds: 4
03/25 11:25 [DEBUG] cshmd.analysis (get_mole)                : get_mole O - H -> nbonds: 1
03/25 11:25 [DEBUG] cshmd.analysis (find_bond)               : find_bond C - O rcut -> 1.6
03/25 11:25 [DEBUG] cshmd.analysis (get_mole)                : get_mole C - O -> nbonds: 3
03/25 11:25 [DEBUG] cshmd.analysis (get_mole)                : get_mole O - H -> nbonds: 3
03/25 11:25 [DEBUG] cshmd.analysis (find_bond)               : find_bond Ca - O rcut -> 3.0
03/25 11:25 [DEBUG] cshmd.common (time_wrapper)              : [RUNTIME] get_distance_table in 0.156 seconds
03/25 11:25 [DEBUG] cshmd.analysis (full_search)             : Search layer details
03/25 11:25 [DEBUG] cshmd.analysis (find_bond)               : find_bond Ca - O rcut -> 3.0
03/25 11:25 [DEBUG] cshmd.analysis (find_bond)               : find_bond Si - O rcut -> 2.2
03/25 11:25 [DEBUG] cshmd.analysis (__detail_search_oh_co3)  : No CO3 in basic search
03/25 11:25 [DEBUG] cshmd.analysis (__detail_search_oh_sioh) : Searching 'OH' in 'SiO4
03/25 11:25 [DEBUG] cshmd.analysis (__detail_search_oh_caoh) : No CaOH in basic search. RETURN
03/25 11:25 [INFO] cshmd.analysis (Qn)                       : [Structure] Q1: 0.286
03/25 11:25 [INFO] cshmd.analysis (Qn)                       : [Structure] Q2: 0.714
03/25 11:25 [INFO] cshmd.analysis (CS)                       : [Structure] C/S: 0.857
03/25 11:25 [INFO] cshmd.analysis (validate_tetra)           : [Structure] BT: 120, PT: 384
03/25 11:25 [DEBUG] cshmd.analysis (__init__)                : <class 'cshmd.analysis.Chain'> loaded
03/25 11:25 [DEBUG] cshmd.analysis (__init__)                : <class 'cshmd.analysis.Chain'> loaded
03/25 11:25 [INFO] cshmd.analysis (validate_tetra)           : [Structure] CL : 2 2 2 2 2 2 2 2 2 2 2 2 2 2 2 2 2 2 2 2 2 2 2 2 5 5 5 5 5 5 5 5 5 5 5 5
03/25 11:25 [INFO] cshmd.analysis (validate_tetra)           : [Structure] MCL : 3.0
03/25 11:25 [INFO] cshmd.builder (update_manager)            : [Structure] Number of atoms: 4128 -> 3984
03/25 11:25 [INFO] csh_builder (main)                        : [Structure] Reading command 'terminate_NBO'...
03/25 11:25 [INFO] csh_builder (main)                        : [Structure] with arguments 'ratio: 0'...
03/25 11:25 [INFO] cshmd.builder (terminate_NBO)             : Do not run terminate, ratio == 0
03/25 11:25 [INFO] cshmd.structure (writeCif)                : ./test.cif was created
03/25 11:25 [INFO] cshmd.builder (out_model)                 : Total Charge: -48
03/25 11:25 [INFO] csh_builder (main)                        : ----------------------------------------------------------------------
03/25 11:27 [INFO] csh_builder (main)                        : ----------------------------------------------------------------------
03/25 11:27 [INFO] cshmd.structure (__init__)                : /Users/kimuni/bin/kimuni/cshmd/data/resources/cif/T14_111_term.cif was loaded
03/25 11:27 [DEBUG] cshmd.analysis (__init__)                : [Structure] Now new data setted for get Bonds
03/25 11:27 [DEBUG] cshmd.analysis (__del_bond__)            : del -> Si_O O_H H_O Ca_O C_O BO
03/25 11:27 [DEBUG] cshmd.analysis (__initialize_mole__)     : initalize -> H2O SiO4 OH CO3 H3O
03/25 11:27 [DEBUG] cshmd.analysis (__initialize_mole__)     : initalize -> SiOH CaOH HCO3 H2CO3 H3CO3
03/25 11:27 [INFO] cshmd.analysis (__init__)                 : Not any C-S-H Model
03/25 11:27 [DEBUG] cshmd.analysis (find_bond)               : find_bond O - H rcut -> 1.2
03/25 11:27 [DEBUG] cshmd.common (time_wrapper)              : [RUNTIME] get_distance_table in 0.000 seconds
03/25 11:27 [DEBUG] cshmd.analysis (get_mole)                : get_mole O - H -> nbonds: 2
03/25 11:27 [DEBUG] cshmd.analysis (find_bond)               : find_bond Si - O rcut -> 2.2
03/25 11:27 [DEBUG] cshmd.common (time_wrapper)              : [RUNTIME] get_distance_table in 0.000 seconds
03/25 11:27 [DEBUG] cshmd.analysis (get_mole)                : get_mole Si - O -> nbonds: 4
03/25 11:27 [DEBUG] cshmd.analysis (get_mole)                : get_mole O - H -> nbonds: 1
03/25 11:27 [DEBUG] cshmd.analysis (find_bond)               : find_bond C - O rcut -> 1.6
03/25 11:27 [DEBUG] cshmd.analysis (get_mole)                : get_mole C - O -> nbonds: 3
03/25 11:27 [DEBUG] cshmd.analysis (get_mole)                : get_mole O - H -> nbonds: 3
03/25 11:27 [DEBUG] cshmd.analysis (find_bond)               : find_bond Ca - O rcut -> 3.0
03/25 11:27 [DEBUG] cshmd.common (time_wrapper)              : [RUNTIME] get_distance_table in 0.000 seconds
03/25 11:27 [DEBUG] cshmd.analysis (full_search)             : Search layer details
03/25 11:27 [DEBUG] cshmd.analysis (find_bond)               : find_bond Ca - O rcut -> 3.0
03/25 11:27 [DEBUG] cshmd.analysis (find_bond)               : find_bond Si - O rcut -> 2.2
03/25 11:27 [DEBUG] cshmd.analysis (__detail_search_oh_co3)  : No CO3 in basic search
03/25 11:27 [DEBUG] cshmd.analysis (__detail_search_oh_sioh) : Searching 'OH' in 'SiO4
03/25 11:27 [DEBUG] cshmd.analysis (__detail_search_oh_caoh) : No CaOH in basic search. RETURN
03/25 11:27 [INFO] cshmd.analysis (Qn)                       : [Structure] Q2: 1.000
03/25 11:27 [INFO] cshmd.analysis (CS)                       : [Structure] C/S: 0.750
03/25 11:27 [INFO] cshmd.analysis (validate_tetra)           : [Structure] BT: 4, PT: 8
03/25 11:27 [DEBUG] cshmd.analysis (__init__)                : <class 'cshmd.analysis.Chain'> loaded
03/25 11:27 [DEBUG] cshmd.analysis (__init__)                : <class 'cshmd.analysis.Chain'> loaded
03/25 11:27 [INFO] cshmd.analysis (validate_tetra)           : [Structure] CL : 3
03/25 11:27 [INFO] cshmd.analysis (validate_tetra)           : [Structure] MCL : 3.0
03/25 11:27 [INFO] csh_builder (main)                        : [Structure] Reading command 'supercell'...
03/25 11:27 [INFO] csh_builder (main)                        : [Structure] with arguments 'supercell: [6, 8, 1]'...
03/25 11:27 [INFO] cshmd.structure (makeSupercell)           : [Structure] Supercell created 6 * 8 * 1
03/25 11:27 [DEBUG] cshmd.analysis (__init__)                : [Structure] Now new data setted for get Bonds
03/25 11:27 [DEBUG] cshmd.analysis (__del_bond__)            : del -> Si_O O_H H_O Ca_O C_O BO
03/25 11:27 [DEBUG] cshmd.analysis (__initialize_mole__)     : initalize -> H2O SiO4 OH CO3 H3O
03/25 11:27 [DEBUG] cshmd.analysis (__initialize_mole__)     : initalize -> SiOH CaOH HCO3 H2CO3 H3CO3
03/25 11:27 [DEBUG] cshmd.analysis (find_bond)               : find_bond O - H rcut -> 1.2
03/25 11:27 [DEBUG] cshmd.common (time_wrapper)              : [RUNTIME] get_distance_table in 0.328 seconds
03/25 11:27 [DEBUG] cshmd.analysis (get_mole)                : get_mole O - H -> nbonds: 2
03/25 11:27 [DEBUG] cshmd.analysis (find_bond)               : find_bond Si - O rcut -> 2.2
03/25 11:27 [DEBUG] cshmd.common (time_wrapper)              : [RUNTIME] get_distance_table in 0.214 seconds
03/25 11:27 [DEBUG] cshmd.analysis (get_mole)                : get_mole Si - O -> nbonds: 4
03/25 11:27 [DEBUG] cshmd.analysis (get_mole)                : get_mole O - H -> nbonds: 1
03/25 11:27 [DEBUG] cshmd.analysis (find_bond)               : find_bond C - O rcut -> 1.6
03/25 11:27 [DEBUG] cshmd.analysis (get_mole)                : get_mole C - O -> nbonds: 3
03/25 11:27 [DEBUG] cshmd.analysis (get_mole)                : get_mole O - H -> nbonds: 3
03/25 11:27 [DEBUG] cshmd.analysis (find_bond)               : find_bond Ca - O rcut -> 3.0
03/25 11:27 [DEBUG] cshmd.common (time_wrapper)              : [RUNTIME] get_distance_table in 0.147 seconds
03/25 11:27 [DEBUG] cshmd.analysis (full_search)             : Search layer details
03/25 11:27 [DEBUG] cshmd.analysis (find_bond)               : find_bond Ca - O rcut -> 3.0
03/25 11:27 [DEBUG] cshmd.analysis (find_bond)               : find_bond Si - O rcut -> 2.2
03/25 11:27 [DEBUG] cshmd.analysis (__detail_search_oh_co3)  : No CO3 in basic search
03/25 11:27 [DEBUG] cshmd.analysis (__detail_search_oh_sioh) : Searching 'OH' in 'SiO4
03/25 11:27 [DEBUG] cshmd.analysis (__detail_search_oh_caoh) : No CaOH in basic search. RETURN
03/25 11:27 [INFO] cshmd.analysis (Qn)                       : [Structure] Q2: 1.000
03/25 11:27 [INFO] cshmd.analysis (CS)                       : [Structure] C/S: 0.750
03/25 11:27 [INFO] cshmd.analysis (validate_tetra)           : [Structure] BT: 192, PT: 384
03/25 11:27 [DEBUG] cshmd.analysis (__init__)                : <class 'cshmd.analysis.Chain'> loaded
03/25 11:27 [DEBUG] cshmd.analysis (__init__)                : <class 'cshmd.analysis.Chain'> loaded
03/25 11:27 [INFO] cshmd.analysis (validate_tetra)           : [Structure] CL : 24 24 24 24 24 24
03/25 11:27 [INFO] cshmd.analysis (validate_tetra)           : [Structure] MCL : 24.0
03/25 11:27 [INFO] cshmd.builder (update_manager)            : [Structure] Number of atoms: 86 -> 4128
03/25 11:27 [INFO] csh_builder (main)                        : [Structure] Reading command 'defect_BT'...
03/25 11:27 [INFO] csh_builder (main)                        : [Structure] with arguments 'MCL: 3 termination: False add: Ca'...
03/25 11:27 [INFO] cshmd.builder (defect_BT)                 : [Structure] Termination scope: False
03/25 11:27 [INFO] cshmd.builder (defect_BT)                 : [Structure] Exists 48 Bridging Tetra in 'top' side
03/25 11:27 [INFO] cshmd.structure (add_Ca)                  : [Structure] Add Ca
03/25 11:27 [INFO] cshmd.builder (defect_BT)                 : [Structure] Exists 48 Bridging Tetra in 'bottom' side
03/25 11:27 [INFO] cshmd.structure (add_Ca)                  : [Structure] Add Ca
03/25 11:27 [INFO] cshmd.structure (check_rm_list)           : Delete 216 atoms in rm_list
03/25 11:27 [DEBUG] cshmd.analysis (__init__)                : [Structure] Now new data setted for get Bonds
03/25 11:27 [DEBUG] cshmd.analysis (__del_bond__)            : del -> Si_O O_H H_O Ca_O C_O BO
03/25 11:27 [DEBUG] cshmd.analysis (__initialize_mole__)     : initalize -> H2O SiO4 OH CO3 H3O
03/25 11:27 [DEBUG] cshmd.analysis (__initialize_mole__)     : initalize -> SiOH CaOH HCO3 H2CO3 H3CO3
03/25 11:27 [DEBUG] cshmd.analysis (find_bond)               : find_bond O - H rcut -> 1.2
03/25 11:27 [DEBUG] cshmd.common (time_wrapper)              : [RUNTIME] get_distance_table in 0.303 seconds
03/25 11:27 [DEBUG] cshmd.analysis (get_mole)                : get_mole O - H -> nbonds: 2
03/25 11:27 [DEBUG] cshmd.analysis (find_bond)               : find_bond Si - O rcut -> 2.2
03/25 11:27 [DEBUG] cshmd.common (time_wrapper)              : [RUNTIME] get_distance_table in 0.167 seconds
03/25 11:27 [DEBUG] cshmd.analysis (get_mole)                : get_mole Si - O -> nbonds: 4
03/25 11:27 [DEBUG] cshmd.analysis (get_mole)                : get_mole O - H -> nbonds: 1
03/25 11:27 [DEBUG] cshmd.analysis (find_bond)               : find_bond C - O rcut -> 1.6
03/25 11:27 [DEBUG] cshmd.analysis (get_mole)                : get_mole C - O -> nbonds: 3
03/25 11:27 [DEBUG] cshmd.analysis (get_mole)                : get_mole O - H -> nbonds: 3
03/25 11:27 [DEBUG] cshmd.analysis (find_bond)               : find_bond Ca - O rcut -> 3.0
03/25 11:27 [DEBUG] cshmd.common (time_wrapper)              : [RUNTIME] get_distance_table in 0.158 seconds
03/25 11:27 [DEBUG] cshmd.analysis (full_search)             : Search layer details
03/25 11:27 [DEBUG] cshmd.analysis (find_bond)               : find_bond Ca - O rcut -> 3.0
03/25 11:27 [DEBUG] cshmd.analysis (find_bond)               : find_bond Si - O rcut -> 2.2
03/25 11:27 [DEBUG] cshmd.analysis (__detail_search_oh_co3)  : No CO3 in basic search
03/25 11:27 [DEBUG] cshmd.analysis (__detail_search_oh_sioh) : Searching 'OH' in 'SiO4
03/25 11:27 [DEBUG] cshmd.analysis (__detail_search_oh_caoh) : No CaOH in basic search. RETURN
03/25 11:27 [INFO] cshmd.analysis (Qn)                       : [Structure] Q1: 0.286
03/25 11:27 [INFO] cshmd.analysis (Qn)                       : [Structure] Q2: 0.714
03/25 11:27 [INFO] cshmd.analysis (CS)                       : [Structure] C/S: 0.857
03/25 11:27 [INFO] cshmd.analysis (validate_tetra)           : [Structure] BT: 120, PT: 384
03/25 11:27 [DEBUG] cshmd.analysis (__init__)                : <class 'cshmd.analysis.Chain'> loaded
03/25 11:27 [DEBUG] cshmd.analysis (__init__)                : <class 'cshmd.analysis.Chain'> loaded
03/25 11:27 [INFO] cshmd.analysis (validate_tetra)           : [Structure] CL : 2 2 2 2 2 2 2 2 2 2 2 2 2 2 2 2 2 2 2 2 2 2 2 2 5 5 5 5 5 5 5 5 5 5 5 5
03/25 11:27 [INFO] cshmd.analysis (validate_tetra)           : [Structure] MCL : 3.0
03/25 11:27 [INFO] cshmd.builder (update_manager)            : [Structure] Number of atoms: 4128 -> 3984
03/25 11:27 [INFO] csh_builder (main)                        : [Structure] Reading command 'terminate_NBO'...
03/25 11:27 [INFO] csh_builder (main)                        : [Structure] with arguments 'ratio: 0'...
03/25 11:27 [INFO] cshmd.builder (terminate_NBO)             : Do not run terminate, ratio == 0
03/25 11:27 [INFO] cshmd.structure (writeCif)                : ./test.cif was created
03/25 11:27 [INFO] cshmd.builder (out_model)                 : Total Charge: -48
03/25 11:27 [INFO] csh_builder (main)                        : ----------------------------------------------------------------------
03/25 11:30 [INFO] csh_builder (main)                        : ----------------------------------------------------------------------
03/25 11:30 [INFO] cshmd.structure (__init__)                : /Users/kimuni/bin/kimuni/cshmd/data/resources/cif/T14_111_term.cif was loaded
03/25 11:30 [DEBUG] cshmd.analysis (__init__)                : [Structure] Now new data setted for get Bonds
03/25 11:30 [DEBUG] cshmd.analysis (__del_bond__)            : del -> Si_O O_H H_O Ca_O C_O BO
03/25 11:30 [DEBUG] cshmd.analysis (__initialize_mole__)     : initalize -> H2O SiO4 OH CO3 H3O
03/25 11:30 [DEBUG] cshmd.analysis (__initialize_mole__)     : initalize -> SiOH CaOH HCO3 H2CO3 H3CO3
03/25 11:30 [INFO] cshmd.analysis (__init__)                 : Not any C-S-H Model
03/25 11:30 [DEBUG] cshmd.analysis (find_bond)               : find_bond O - H rcut -> 1.2
03/25 11:30 [DEBUG] cshmd.common (time_wrapper)              : [RUNTIME] get_distance_table in 0.000 seconds
03/25 11:30 [DEBUG] cshmd.analysis (get_mole)                : get_mole O - H -> nbonds: 2
03/25 11:30 [DEBUG] cshmd.analysis (find_bond)               : find_bond Si - O rcut -> 2.2
03/25 11:30 [DEBUG] cshmd.common (time_wrapper)              : [RUNTIME] get_distance_table in 0.000 seconds
03/25 11:30 [DEBUG] cshmd.analysis (get_mole)                : get_mole Si - O -> nbonds: 4
03/25 11:30 [DEBUG] cshmd.analysis (get_mole)                : get_mole O - H -> nbonds: 1
03/25 11:30 [DEBUG] cshmd.analysis (find_bond)               : find_bond C - O rcut -> 1.6
03/25 11:30 [DEBUG] cshmd.analysis (get_mole)                : get_mole C - O -> nbonds: 3
03/25 11:30 [DEBUG] cshmd.analysis (get_mole)                : get_mole O - H -> nbonds: 3
03/25 11:30 [DEBUG] cshmd.analysis (find_bond)               : find_bond Ca - O rcut -> 3.0
03/25 11:30 [DEBUG] cshmd.common (time_wrapper)              : [RUNTIME] get_distance_table in 0.000 seconds
03/25 11:30 [DEBUG] cshmd.analysis (full_search)             : Search layer details
03/25 11:30 [DEBUG] cshmd.analysis (find_bond)               : find_bond Ca - O rcut -> 3.0
03/25 11:30 [DEBUG] cshmd.analysis (find_bond)               : find_bond Si - O rcut -> 2.2
03/25 11:30 [DEBUG] cshmd.analysis (__detail_search_oh_co3)  : No CO3 in basic search
03/25 11:30 [DEBUG] cshmd.analysis (__detail_search_oh_sioh) : Searching 'OH' in 'SiO4
03/25 11:30 [DEBUG] cshmd.analysis (__detail_search_oh_caoh) : No CaOH in basic search. RETURN
03/25 11:30 [INFO] cshmd.analysis (Qn)                       : [Structure] Q2: 1.000
03/25 11:30 [INFO] cshmd.analysis (CS)                       : [Structure] C/S: 0.750
03/25 11:30 [INFO] cshmd.analysis (validate_tetra)           : [Structure] BT: 4, PT: 8
03/25 11:30 [DEBUG] cshmd.analysis (__init__)                : <class 'cshmd.analysis.Chain'> loaded
03/25 11:30 [DEBUG] cshmd.analysis (__init__)                : <class 'cshmd.analysis.Chain'> loaded
03/25 11:30 [INFO] cshmd.analysis (validate_tetra)           : [Structure] CL : 3
03/25 11:30 [INFO] cshmd.analysis (validate_tetra)           : [Structure] MCL : 3.0
03/25 11:30 [INFO] csh_builder (main)                        : [Structure] Reading command 'supercell'...
03/25 11:30 [INFO] csh_builder (main)                        : [Structure] with arguments 'supercell: [6, 8, 1]'...
03/25 11:30 [INFO] cshmd.structure (makeSupercell)           : [Structure] Supercell created 6 * 8 * 1
03/25 11:30 [DEBUG] cshmd.analysis (__init__)                : [Structure] Now new data setted for get Bonds
03/25 11:30 [DEBUG] cshmd.analysis (__del_bond__)            : del -> Si_O O_H H_O Ca_O C_O BO
03/25 11:30 [DEBUG] cshmd.analysis (__initialize_mole__)     : initalize -> H2O SiO4 OH CO3 H3O
03/25 11:30 [DEBUG] cshmd.analysis (__initialize_mole__)     : initalize -> SiOH CaOH HCO3 H2CO3 H3CO3
03/25 11:30 [DEBUG] cshmd.analysis (find_bond)               : find_bond O - H rcut -> 1.2
03/25 11:30 [DEBUG] cshmd.common (time_wrapper)              : [RUNTIME] get_distance_table in 0.378 seconds
03/25 11:30 [DEBUG] cshmd.analysis (get_mole)                : get_mole O - H -> nbonds: 2
03/25 11:30 [DEBUG] cshmd.analysis (find_bond)               : find_bond Si - O rcut -> 2.2
03/25 11:30 [DEBUG] cshmd.common (time_wrapper)              : [RUNTIME] get_distance_table in 0.311 seconds
03/25 11:30 [DEBUG] cshmd.analysis (get_mole)                : get_mole Si - O -> nbonds: 4
03/25 11:30 [DEBUG] cshmd.analysis (get_mole)                : get_mole O - H -> nbonds: 1
03/25 11:30 [DEBUG] cshmd.analysis (find_bond)               : find_bond C - O rcut -> 1.6
03/25 11:30 [DEBUG] cshmd.analysis (get_mole)                : get_mole C - O -> nbonds: 3
03/25 11:30 [DEBUG] cshmd.analysis (get_mole)                : get_mole O - H -> nbonds: 3
03/25 11:30 [DEBUG] cshmd.analysis (find_bond)               : find_bond Ca - O rcut -> 3.0
03/25 11:30 [DEBUG] cshmd.common (time_wrapper)              : [RUNTIME] get_distance_table in 0.171 seconds
03/25 11:30 [DEBUG] cshmd.analysis (full_search)             : Search layer details
03/25 11:30 [DEBUG] cshmd.analysis (find_bond)               : find_bond Ca - O rcut -> 3.0
03/25 11:30 [DEBUG] cshmd.analysis (find_bond)               : find_bond Si - O rcut -> 2.2
03/25 11:30 [DEBUG] cshmd.analysis (__detail_search_oh_co3)  : No CO3 in basic search
03/25 11:30 [DEBUG] cshmd.analysis (__detail_search_oh_sioh) : Searching 'OH' in 'SiO4
03/25 11:30 [DEBUG] cshmd.analysis (__detail_search_oh_caoh) : No CaOH in basic search. RETURN
03/25 11:30 [INFO] cshmd.analysis (Qn)                       : [Structure] Q2: 1.000
03/25 11:30 [INFO] cshmd.analysis (CS)                       : [Structure] C/S: 0.750
03/25 11:30 [INFO] cshmd.analysis (validate_tetra)           : [Structure] BT: 192, PT: 384
03/25 11:30 [DEBUG] cshmd.analysis (__init__)                : <class 'cshmd.analysis.Chain'> loaded
03/25 11:30 [DEBUG] cshmd.analysis (__init__)                : <class 'cshmd.analysis.Chain'> loaded
03/25 11:30 [INFO] cshmd.analysis (validate_tetra)           : [Structure] CL : 24 24 24 24 24 24
03/25 11:30 [INFO] cshmd.analysis (validate_tetra)           : [Structure] MCL : 24.0
03/25 11:30 [INFO] cshmd.builder (update_manager)            : [Structure] Number of atoms: 86 -> 4128
03/25 11:30 [INFO] csh_builder (main)                        : [Structure] Reading command 'defect_BT'...
03/25 11:30 [INFO] csh_builder (main)                        : [Structure] with arguments 'MCL: 3 termination: False add: Ca'...
03/25 11:30 [INFO] cshmd.builder (defect_BT)                 : [Structure] Termination scope: False
03/25 11:30 [INFO] cshmd.builder (defect_BT)                 : [Structure] Exists 48 Bridging Tetra in 'top' side
03/25 11:30 [DEBUG] cshmd.analysis (__init__)                : [Structure] Now new data setted for get Bonds
03/25 11:30 [DEBUG] cshmd.analysis (__del_bond__)            : del -> Si_O O_H H_O Ca_O C_O BO
03/25 11:30 [DEBUG] cshmd.analysis (__initialize_mole__)     : initalize -> H2O SiO4 OH CO3 H3O
03/25 11:30 [DEBUG] cshmd.analysis (__initialize_mole__)     : initalize -> SiOH CaOH HCO3 H2CO3 H3CO3
03/25 11:30 [DEBUG] cshmd.analysis (find_bond)               : find_bond O - H rcut -> 1.2
03/25 11:30 [DEBUG] cshmd.common (time_wrapper)              : [RUNTIME] get_distance_table in 0.323 seconds
03/25 11:30 [DEBUG] cshmd.analysis (get_mole)                : get_mole O - H -> nbonds: 2
03/25 11:30 [DEBUG] cshmd.analysis (find_bond)               : find_bond Si - O rcut -> 2.2
03/25 11:30 [DEBUG] cshmd.common (time_wrapper)              : [RUNTIME] get_distance_table in 0.209 seconds
03/25 11:30 [DEBUG] cshmd.analysis (get_mole)                : get_mole Si - O -> nbonds: 4
03/25 11:30 [DEBUG] cshmd.analysis (get_mole)                : get_mole O - H -> nbonds: 1
03/25 11:30 [DEBUG] cshmd.analysis (find_bond)               : find_bond C - O rcut -> 1.6
03/25 11:30 [DEBUG] cshmd.analysis (get_mole)                : get_mole C - O -> nbonds: 3
03/25 11:30 [DEBUG] cshmd.analysis (get_mole)                : get_mole O - H -> nbonds: 3
03/25 11:30 [DEBUG] cshmd.analysis (find_bond)               : find_bond Ca - O rcut -> 3.0
03/25 11:30 [DEBUG] cshmd.common (time_wrapper)              : [RUNTIME] get_distance_table in 0.146 seconds
03/25 11:30 [DEBUG] cshmd.analysis (full_search)             : Search layer details
03/25 11:30 [DEBUG] cshmd.analysis (find_bond)               : find_bond Ca - O rcut -> 3.0
03/25 11:30 [DEBUG] cshmd.analysis (find_bond)               : find_bond Si - O rcut -> 2.2
03/25 11:30 [DEBUG] cshmd.analysis (__detail_search_oh_co3)  : No CO3 in basic search
03/25 11:30 [DEBUG] cshmd.analysis (__detail_search_oh_sioh) : Searching 'OH' in 'SiO4
03/25 11:30 [DEBUG] cshmd.analysis (__detail_search_oh_caoh) : No CaOH in basic search. RETURN
03/25 11:30 [INFO] cshmd.analysis (Qn)                       : [Structure] Q2: 1.000
03/25 11:30 [INFO] cshmd.analysis (CS)                       : [Structure] C/S: 0.750
03/25 11:30 [INFO] cshmd.analysis (validate_tetra)           : [Structure] BT: 192, PT: 384
03/25 11:30 [DEBUG] cshmd.analysis (__init__)                : <class 'cshmd.analysis.Chain'> loaded
03/25 11:30 [DEBUG] cshmd.analysis (__init__)                : <class 'cshmd.analysis.Chain'> loaded
03/25 11:30 [INFO] cshmd.analysis (validate_tetra)           : [Structure] CL : 24 24 24 24 24 24
03/25 11:30 [INFO] cshmd.analysis (validate_tetra)           : [Structure] MCL : 24.0
03/25 11:32 [INFO] csh_builder (main)                        : ----------------------------------------------------------------------
03/25 11:32 [INFO] cshmd.structure (__init__)                : /Users/kimuni/bin/kimuni/cshmd/data/resources/cif/T14_111_term.cif was loaded
03/25 11:32 [DEBUG] cshmd.analysis (__init__)                : [Structure] Now new data setted for get Bonds
03/25 11:32 [DEBUG] cshmd.analysis (__del_bond__)            : del -> Si_O O_H H_O Ca_O C_O BO
03/25 11:32 [DEBUG] cshmd.analysis (__initialize_mole__)     : initalize -> H2O SiO4 OH CO3 H3O
03/25 11:32 [DEBUG] cshmd.analysis (__initialize_mole__)     : initalize -> SiOH CaOH HCO3 H2CO3 H3CO3
03/25 11:32 [INFO] cshmd.analysis (__init__)                 : Not any C-S-H Model
03/25 11:32 [DEBUG] cshmd.analysis (find_bond)               : find_bond O - H rcut -> 1.2
03/25 11:32 [DEBUG] cshmd.common (time_wrapper)              : [RUNTIME] get_distance_table in 0.000 seconds
03/25 11:32 [DEBUG] cshmd.analysis (get_mole)                : get_mole O - H -> nbonds: 2
03/25 11:32 [DEBUG] cshmd.analysis (find_bond)               : find_bond Si - O rcut -> 2.2
03/25 11:32 [DEBUG] cshmd.common (time_wrapper)              : [RUNTIME] get_distance_table in 0.000 seconds
03/25 11:32 [DEBUG] cshmd.analysis (get_mole)                : get_mole Si - O -> nbonds: 4
03/25 11:32 [DEBUG] cshmd.analysis (get_mole)                : get_mole O - H -> nbonds: 1
03/25 11:32 [DEBUG] cshmd.analysis (find_bond)               : find_bond C - O rcut -> 1.6
03/25 11:32 [DEBUG] cshmd.analysis (get_mole)                : get_mole C - O -> nbonds: 3
03/25 11:32 [DEBUG] cshmd.analysis (get_mole)                : get_mole O - H -> nbonds: 3
03/25 11:32 [DEBUG] cshmd.analysis (find_bond)               : find_bond Ca - O rcut -> 3.0
03/25 11:32 [DEBUG] cshmd.common (time_wrapper)              : [RUNTIME] get_distance_table in 0.000 seconds
03/25 11:32 [DEBUG] cshmd.analysis (full_search)             : Search layer details
03/25 11:32 [DEBUG] cshmd.analysis (find_bond)               : find_bond Ca - O rcut -> 3.0
03/25 11:32 [DEBUG] cshmd.analysis (find_bond)               : find_bond Si - O rcut -> 2.2
03/25 11:32 [DEBUG] cshmd.analysis (__detail_search_oh_co3)  : No CO3 in basic search
03/25 11:32 [DEBUG] cshmd.analysis (__detail_search_oh_sioh) : Searching 'OH' in 'SiO4
03/25 11:32 [DEBUG] cshmd.analysis (__detail_search_oh_caoh) : No CaOH in basic search. RETURN
03/25 11:32 [INFO] cshmd.analysis (Qn)                       : [Structure] Q2: 1.000
03/25 11:32 [INFO] cshmd.analysis (CS)                       : [Structure] C/S: 0.750
03/25 11:32 [INFO] cshmd.analysis (validate_tetra)           : [Structure] BT: 4, PT: 8
03/25 11:32 [DEBUG] cshmd.analysis (__init__)                : <class 'cshmd.analysis.Chain'> loaded
03/25 11:32 [DEBUG] cshmd.analysis (__init__)                : <class 'cshmd.analysis.Chain'> loaded
03/25 11:32 [INFO] cshmd.analysis (validate_tetra)           : [Structure] CL : 3
03/25 11:32 [INFO] cshmd.analysis (validate_tetra)           : [Structure] MCL : 3.0
03/25 11:32 [INFO] csh_builder (main)                        : [Structure] Reading command 'supercell'...
03/25 11:32 [INFO] csh_builder (main)                        : [Structure] with arguments 'supercell: [6, 8, 1]'...
03/25 11:32 [INFO] cshmd.structure (makeSupercell)           : [Structure] Supercell created 6 * 8 * 1
03/25 11:32 [DEBUG] cshmd.analysis (__init__)                : [Structure] Now new data setted for get Bonds
03/25 11:32 [DEBUG] cshmd.analysis (__del_bond__)            : del -> Si_O O_H H_O Ca_O C_O BO
03/25 11:32 [DEBUG] cshmd.analysis (__initialize_mole__)     : initalize -> H2O SiO4 OH CO3 H3O
03/25 11:32 [DEBUG] cshmd.analysis (__initialize_mole__)     : initalize -> SiOH CaOH HCO3 H2CO3 H3CO3
03/25 11:32 [DEBUG] cshmd.analysis (find_bond)               : find_bond O - H rcut -> 1.2
03/25 11:32 [DEBUG] cshmd.common (time_wrapper)              : [RUNTIME] get_distance_table in 0.336 seconds
03/25 11:32 [DEBUG] cshmd.analysis (get_mole)                : get_mole O - H -> nbonds: 2
03/25 11:32 [DEBUG] cshmd.analysis (find_bond)               : find_bond Si - O rcut -> 2.2
03/25 11:32 [DEBUG] cshmd.common (time_wrapper)              : [RUNTIME] get_distance_table in 0.264 seconds
03/25 11:32 [DEBUG] cshmd.analysis (get_mole)                : get_mole Si - O -> nbonds: 4
03/25 11:32 [DEBUG] cshmd.analysis (get_mole)                : get_mole O - H -> nbonds: 1
03/25 11:32 [DEBUG] cshmd.analysis (find_bond)               : find_bond C - O rcut -> 1.6
03/25 11:32 [DEBUG] cshmd.analysis (get_mole)                : get_mole C - O -> nbonds: 3
03/25 11:32 [DEBUG] cshmd.analysis (get_mole)                : get_mole O - H -> nbonds: 3
03/25 11:32 [DEBUG] cshmd.analysis (find_bond)               : find_bond Ca - O rcut -> 3.0
03/25 11:32 [DEBUG] cshmd.common (time_wrapper)              : [RUNTIME] get_distance_table in 0.147 seconds
03/25 11:32 [DEBUG] cshmd.analysis (full_search)             : Search layer details
03/25 11:32 [DEBUG] cshmd.analysis (find_bond)               : find_bond Ca - O rcut -> 3.0
03/25 11:32 [DEBUG] cshmd.analysis (find_bond)               : find_bond Si - O rcut -> 2.2
03/25 11:32 [DEBUG] cshmd.analysis (__detail_search_oh_co3)  : No CO3 in basic search
03/25 11:32 [DEBUG] cshmd.analysis (__detail_search_oh_sioh) : Searching 'OH' in 'SiO4
03/25 11:32 [DEBUG] cshmd.analysis (__detail_search_oh_caoh) : No CaOH in basic search. RETURN
03/25 11:32 [INFO] cshmd.analysis (Qn)                       : [Structure] Q2: 1.000
03/25 11:32 [INFO] cshmd.analysis (CS)                       : [Structure] C/S: 0.750
03/25 11:32 [INFO] cshmd.analysis (validate_tetra)           : [Structure] BT: 192, PT: 384
03/25 11:32 [DEBUG] cshmd.analysis (__init__)                : <class 'cshmd.analysis.Chain'> loaded
03/25 11:32 [DEBUG] cshmd.analysis (__init__)                : <class 'cshmd.analysis.Chain'> loaded
03/25 11:32 [INFO] cshmd.analysis (validate_tetra)           : [Structure] CL : 24 24 24 24 24 24
03/25 11:32 [INFO] cshmd.analysis (validate_tetra)           : [Structure] MCL : 24.0
03/25 11:32 [INFO] cshmd.builder (update_manager)            : [Structure] Number of atoms: 86 -> 4128
03/25 11:32 [INFO] csh_builder (main)                        : [Structure] Reading command 'defect_BT'...
03/25 11:32 [INFO] csh_builder (main)                        : [Structure] with arguments 'MCL: 3 termination: False add: Ca'...
03/25 11:32 [INFO] cshmd.builder (defect_BT)                 : [Structure] Termination scope: False
03/25 11:32 [INFO] cshmd.builder (defect_BT)                 : [Structure] Exists 48 Bridging Tetra in 'top' side
03/25 11:32 [INFO] cshmd.structure (add_Ca)                  : [Structure] Add Ca
03/25 11:32 [INFO] cshmd.builder (defect_BT)                 : [Structure] Exists 48 Bridging Tetra in 'bottom' side
03/25 11:32 [INFO] cshmd.structure (add_Ca)                  : [Structure] Add Ca
03/25 11:32 [INFO] cshmd.structure (check_rm_list)           : Delete 216 atoms in rm_list
03/25 11:32 [DEBUG] cshmd.analysis (__init__)                : [Structure] Now new data setted for get Bonds
03/25 11:32 [DEBUG] cshmd.analysis (__del_bond__)            : del -> Si_O O_H H_O Ca_O C_O BO
03/25 11:32 [DEBUG] cshmd.analysis (__initialize_mole__)     : initalize -> H2O SiO4 OH CO3 H3O
03/25 11:32 [DEBUG] cshmd.analysis (__initialize_mole__)     : initalize -> SiOH CaOH HCO3 H2CO3 H3CO3
03/25 11:32 [DEBUG] cshmd.analysis (find_bond)               : find_bond O - H rcut -> 1.2
03/25 11:32 [DEBUG] cshmd.common (time_wrapper)              : [RUNTIME] get_distance_table in 0.311 seconds
03/25 11:32 [DEBUG] cshmd.analysis (get_mole)                : get_mole O - H -> nbonds: 2
03/25 11:32 [DEBUG] cshmd.analysis (find_bond)               : find_bond Si - O rcut -> 2.2
03/25 11:32 [DEBUG] cshmd.common (time_wrapper)              : [RUNTIME] get_distance_table in 0.177 seconds
03/25 11:32 [DEBUG] cshmd.analysis (get_mole)                : get_mole Si - O -> nbonds: 4
03/25 11:32 [DEBUG] cshmd.analysis (get_mole)                : get_mole O - H -> nbonds: 1
03/25 11:32 [DEBUG] cshmd.analysis (find_bond)               : find_bond C - O rcut -> 1.6
03/25 11:32 [DEBUG] cshmd.analysis (get_mole)                : get_mole C - O -> nbonds: 3
03/25 11:32 [DEBUG] cshmd.analysis (get_mole)                : get_mole O - H -> nbonds: 3
03/25 11:32 [DEBUG] cshmd.analysis (find_bond)               : find_bond Ca - O rcut -> 3.0
03/25 11:32 [DEBUG] cshmd.common (time_wrapper)              : [RUNTIME] get_distance_table in 0.160 seconds
03/25 11:32 [DEBUG] cshmd.analysis (full_search)             : Search layer details
03/25 11:32 [DEBUG] cshmd.analysis (find_bond)               : find_bond Ca - O rcut -> 3.0
03/25 11:32 [DEBUG] cshmd.analysis (find_bond)               : find_bond Si - O rcut -> 2.2
03/25 11:32 [DEBUG] cshmd.analysis (__detail_search_oh_co3)  : No CO3 in basic search
03/25 11:32 [DEBUG] cshmd.analysis (__detail_search_oh_sioh) : Searching 'OH' in 'SiO4
03/25 11:32 [DEBUG] cshmd.analysis (__detail_search_oh_caoh) : No CaOH in basic search. RETURN
03/25 11:32 [INFO] cshmd.analysis (Qn)                       : [Structure] Q1: 0.286
03/25 11:32 [INFO] cshmd.analysis (Qn)                       : [Structure] Q2: 0.714
03/25 11:32 [INFO] cshmd.analysis (CS)                       : [Structure] C/S: 0.857
03/25 11:32 [INFO] cshmd.analysis (validate_tetra)           : [Structure] BT: 120, PT: 384
03/25 11:32 [DEBUG] cshmd.analysis (__init__)                : <class 'cshmd.analysis.Chain'> loaded
03/25 11:32 [DEBUG] cshmd.analysis (__init__)                : <class 'cshmd.analysis.Chain'> loaded
03/25 11:32 [INFO] cshmd.analysis (validate_tetra)           : [Structure] CL : 2 2 2 2 2 2 2 2 2 2 2 2 2 2 2 2 2 2 2 2 2 2 2 2 5 5 5 5 5 5 5 5 5 5 5 5
03/25 11:32 [INFO] cshmd.analysis (validate_tetra)           : [Structure] MCL : 3.0
03/25 11:32 [INFO] cshmd.builder (update_manager)            : [Structure] Number of atoms: 4128 -> 3984
03/25 11:32 [INFO] csh_builder (main)                        : [Structure] Reading command 'terminate_NBO'...
03/25 11:32 [INFO] csh_builder (main)                        : [Structure] with arguments 'ratio: 0'...
03/25 11:32 [INFO] cshmd.builder (terminate_NBO)             : Do not run terminate, ratio == 0
03/25 11:32 [INFO] cshmd.structure (writeCif)                : ./test.cif was created
03/25 11:32 [INFO] cshmd.builder (out_model)                 : Total Charge: -48
03/25 11:32 [INFO] csh_builder (main)                        : ----------------------------------------------------------------------
03/25 11:41 [INFO] csh_builder (main)                        : ----------------------------------------------------------------------
03/25 11:41 [INFO] cshmd.structure (__init__)                : /Users/kimuni/bin/kimuni/cshmd/data/resources/cif/T14_111_term.cif was loaded
03/25 11:41 [DEBUG] cshmd.analysis (__init__)                : [Structure] Now new data setted for get Bonds
03/25 11:41 [DEBUG] cshmd.analysis (__del_bond__)            : del -> Si_O O_H H_O Ca_O C_O BO
03/25 11:41 [DEBUG] cshmd.analysis (__initialize_mole__)     : initalize -> H2O SiO4 OH CO3 H3O
03/25 11:41 [DEBUG] cshmd.analysis (__initialize_mole__)     : initalize -> SiOH CaOH HCO3 H2CO3 H3CO3
03/25 11:41 [INFO] cshmd.analysis (__init__)                 : Not any C-S-H Model
03/25 11:41 [DEBUG] cshmd.analysis (find_bond)               : find_bond O - H rcut -> 1.2
03/25 11:41 [DEBUG] cshmd.common (time_wrapper)              : [RUNTIME] get_distance_table in 0.000 seconds
03/25 11:41 [DEBUG] cshmd.analysis (get_mole)                : get_mole O - H -> nbonds: 2
03/25 11:41 [DEBUG] cshmd.analysis (find_bond)               : find_bond Si - O rcut -> 2.2
03/25 11:41 [DEBUG] cshmd.common (time_wrapper)              : [RUNTIME] get_distance_table in 0.000 seconds
03/25 11:41 [DEBUG] cshmd.analysis (get_mole)                : get_mole Si - O -> nbonds: 4
03/25 11:41 [DEBUG] cshmd.analysis (get_mole)                : get_mole O - H -> nbonds: 1
03/25 11:41 [DEBUG] cshmd.analysis (find_bond)               : find_bond C - O rcut -> 1.6
03/25 11:41 [DEBUG] cshmd.analysis (get_mole)                : get_mole C - O -> nbonds: 3
03/25 11:41 [DEBUG] cshmd.analysis (get_mole)                : get_mole O - H -> nbonds: 3
03/25 11:41 [DEBUG] cshmd.analysis (find_bond)               : find_bond Ca - O rcut -> 3.0
03/25 11:41 [DEBUG] cshmd.common (time_wrapper)              : [RUNTIME] get_distance_table in 0.000 seconds
03/25 11:41 [DEBUG] cshmd.analysis (full_search)             : Search layer details
03/25 11:41 [DEBUG] cshmd.analysis (find_bond)               : find_bond Ca - O rcut -> 3.0
03/25 11:41 [DEBUG] cshmd.analysis (find_bond)               : find_bond Si - O rcut -> 2.2
03/25 11:41 [DEBUG] cshmd.analysis (__detail_search_oh_co3)  : No CO3 in basic search
03/25 11:41 [DEBUG] cshmd.analysis (__detail_search_oh_sioh) : Searching 'OH' in 'SiO4
03/25 11:41 [DEBUG] cshmd.analysis (__detail_search_oh_caoh) : No CaOH in basic search. RETURN
03/25 11:41 [INFO] cshmd.analysis (Qn)                       : [Structure] Q2: 1.000
03/25 11:41 [INFO] cshmd.analysis (CS)                       : [Structure] C/S: 0.750
03/25 11:41 [INFO] cshmd.analysis (validate_tetra)           : [Structure] BT: 4, PT: 8
03/25 11:41 [DEBUG] cshmd.analysis (__init__)                : <class 'cshmd.analysis.Chain'> loaded
03/25 11:41 [DEBUG] cshmd.analysis (__init__)                : <class 'cshmd.analysis.Chain'> loaded
03/25 11:41 [INFO] cshmd.analysis (validate_tetra)           : [Structure] CL : 3
03/25 11:41 [INFO] cshmd.analysis (validate_tetra)           : [Structure] MCL : 3.0
03/25 11:41 [INFO] csh_builder (main)                        : [Structure] Reading command 'supercell'...
03/25 11:41 [INFO] csh_builder (main)                        : [Structure] with arguments 'supercell: [8, 8, 1]'...
03/25 11:41 [INFO] cshmd.structure (makeSupercell)           : [Structure] Supercell created 8 * 8 * 1
03/25 11:41 [DEBUG] cshmd.analysis (__init__)                : [Structure] Now new data setted for get Bonds
03/25 11:41 [DEBUG] cshmd.analysis (__del_bond__)            : del -> Si_O O_H H_O Ca_O C_O BO
03/25 11:41 [DEBUG] cshmd.analysis (__initialize_mole__)     : initalize -> H2O SiO4 OH CO3 H3O
03/25 11:41 [DEBUG] cshmd.analysis (__initialize_mole__)     : initalize -> SiOH CaOH HCO3 H2CO3 H3CO3
03/25 11:41 [DEBUG] cshmd.analysis (find_bond)               : find_bond O - H rcut -> 1.2
03/25 11:41 [DEBUG] cshmd.common (time_wrapper)              : [RUNTIME] get_distance_table in 0.619 seconds
03/25 11:41 [DEBUG] cshmd.analysis (get_mole)                : get_mole O - H -> nbonds: 2
03/25 11:41 [DEBUG] cshmd.analysis (find_bond)               : find_bond Si - O rcut -> 2.2
03/25 11:41 [DEBUG] cshmd.common (time_wrapper)              : [RUNTIME] get_distance_table in 0.383 seconds
03/25 11:41 [DEBUG] cshmd.analysis (get_mole)                : get_mole Si - O -> nbonds: 4
03/25 11:41 [DEBUG] cshmd.analysis (get_mole)                : get_mole O - H -> nbonds: 1
03/25 11:41 [DEBUG] cshmd.analysis (find_bond)               : find_bond C - O rcut -> 1.6
03/25 11:41 [DEBUG] cshmd.analysis (get_mole)                : get_mole C - O -> nbonds: 3
03/25 11:41 [DEBUG] cshmd.analysis (get_mole)                : get_mole O - H -> nbonds: 3
03/25 11:41 [DEBUG] cshmd.analysis (find_bond)               : find_bond Ca - O rcut -> 3.0
03/25 11:41 [DEBUG] cshmd.common (time_wrapper)              : [RUNTIME] get_distance_table in 0.265 seconds
03/25 11:41 [DEBUG] cshmd.analysis (full_search)             : Search layer details
03/25 11:41 [DEBUG] cshmd.analysis (find_bond)               : find_bond Ca - O rcut -> 3.0
03/25 11:41 [DEBUG] cshmd.analysis (find_bond)               : find_bond Si - O rcut -> 2.2
03/25 11:41 [DEBUG] cshmd.analysis (__detail_search_oh_co3)  : No CO3 in basic search
03/25 11:41 [DEBUG] cshmd.analysis (__detail_search_oh_sioh) : Searching 'OH' in 'SiO4
03/25 11:41 [DEBUG] cshmd.analysis (__detail_search_oh_caoh) : No CaOH in basic search. RETURN
03/25 11:41 [INFO] cshmd.analysis (Qn)                       : [Structure] Q2: 1.000
03/25 11:41 [INFO] cshmd.analysis (CS)                       : [Structure] C/S: 0.750
03/25 11:41 [INFO] cshmd.analysis (validate_tetra)           : [Structure] BT: 256, PT: 512
03/25 11:41 [DEBUG] cshmd.analysis (__init__)                : <class 'cshmd.analysis.Chain'> loaded
03/25 11:41 [DEBUG] cshmd.analysis (__init__)                : <class 'cshmd.analysis.Chain'> loaded
03/25 11:41 [INFO] cshmd.analysis (validate_tetra)           : [Structure] CL : 24 24 24 24 24 24 24 24
03/25 11:41 [INFO] cshmd.analysis (validate_tetra)           : [Structure] MCL : 24.0
03/25 11:41 [INFO] cshmd.builder (update_manager)            : [Structure] Number of atoms: 86 -> 5504
03/25 11:41 [INFO] csh_builder (main)                        : [Structure] Reading command 'defect_BT'...
03/25 11:41 [INFO] csh_builder (main)                        : [Structure] with arguments 'scope: all termination: False add: Ca'...
03/25 11:41 [INFO] cshmd.builder (defect_BT)                 : [Structure] Termination scope: False
03/25 11:41 [INFO] cshmd.builder (defect_BT)                 : [Structure] Exists 64 Bridging Tetra in 'top' side
03/25 11:41 [INFO] cshmd.structure (add_Ca)                  : [Structure] Add Ca
03/25 11:41 [INFO] cshmd.builder (defect_BT)                 : [Structure] Exists 64 Bridging Tetra in 'bottom' side
03/25 11:41 [INFO] cshmd.structure (add_Ca)                  : [Structure] Add Ca
03/25 11:41 [INFO] cshmd.structure (check_rm_list)           : Delete 384 atoms in rm_list
03/25 11:41 [DEBUG] cshmd.analysis (__init__)                : [Structure] Now new data setted for get Bonds
03/25 11:41 [DEBUG] cshmd.analysis (__del_bond__)            : del -> Si_O O_H H_O Ca_O C_O BO
03/25 11:41 [DEBUG] cshmd.analysis (__initialize_mole__)     : initalize -> H2O SiO4 OH CO3 H3O
03/25 11:41 [DEBUG] cshmd.analysis (__initialize_mole__)     : initalize -> SiOH CaOH HCO3 H2CO3 H3CO3
03/25 11:41 [DEBUG] cshmd.analysis (find_bond)               : find_bond O - H rcut -> 1.2
03/25 11:41 [DEBUG] cshmd.common (time_wrapper)              : [RUNTIME] get_distance_table in 0.547 seconds
03/25 11:41 [DEBUG] cshmd.analysis (get_mole)                : get_mole O - H -> nbonds: 2
03/25 11:41 [DEBUG] cshmd.analysis (find_bond)               : find_bond Si - O rcut -> 2.2
03/25 11:41 [DEBUG] cshmd.common (time_wrapper)              : [RUNTIME] get_distance_table in 0.258 seconds
03/25 11:41 [DEBUG] cshmd.analysis (get_mole)                : get_mole Si - O -> nbonds: 4
03/25 11:41 [DEBUG] cshmd.analysis (get_mole)                : get_mole O - H -> nbonds: 1
03/25 11:41 [DEBUG] cshmd.analysis (find_bond)               : find_bond C - O rcut -> 1.6
03/25 11:41 [DEBUG] cshmd.analysis (get_mole)                : get_mole C - O -> nbonds: 3
03/25 11:41 [DEBUG] cshmd.analysis (get_mole)                : get_mole O - H -> nbonds: 3
03/25 11:41 [DEBUG] cshmd.analysis (find_bond)               : find_bond Ca - O rcut -> 3.0
03/25 11:41 [DEBUG] cshmd.common (time_wrapper)              : [RUNTIME] get_distance_table in 0.290 seconds
03/25 11:41 [DEBUG] cshmd.analysis (full_search)             : Search layer details
03/25 11:41 [DEBUG] cshmd.analysis (find_bond)               : find_bond Ca - O rcut -> 3.0
03/25 11:41 [DEBUG] cshmd.analysis (find_bond)               : find_bond Si - O rcut -> 2.2
03/25 11:41 [DEBUG] cshmd.analysis (__detail_search_oh_co3)  : No CO3 in basic search
03/25 11:41 [DEBUG] cshmd.analysis (__detail_search_oh_sioh) : Searching 'OH' in 'SiO4
03/25 11:41 [DEBUG] cshmd.analysis (__detail_search_oh_caoh) : No CaOH in basic search. RETURN
03/25 11:41 [INFO] cshmd.analysis (Qn)                       : [Structure] Q1: 0.400
03/25 11:41 [INFO] cshmd.analysis (Qn)                       : [Structure] Q2: 0.600
03/25 11:41 [INFO] cshmd.analysis (CS)                       : [Structure] C/S: 0.900
03/25 11:41 [INFO] cshmd.analysis (validate_tetra)           : [Structure] BT: 128, PT: 512
03/25 11:41 [DEBUG] cshmd.analysis (__init__)                : <class 'cshmd.analysis.Chain'> loaded
03/25 11:41 [DEBUG] cshmd.analysis (__init__)                : <class 'cshmd.analysis.Chain'> loaded
03/25 11:41 [INFO] cshmd.analysis (validate_tetra)           : [Structure] CL : 2 2 2 2 2 2 2 2 2 2 2 2 2 2 2 2 2 2 2 2 2 2 2 2 2 2 2 2 2 2 2 2 2 2 2 2 2 2 2 2 2 2 2 2 2 2 2 2 2 2 2 2 2 2 2 2 2 2 2 2 2 2 2 2
03/25 11:41 [INFO] cshmd.analysis (validate_tetra)           : [Structure] MCL : 2.0
03/25 11:41 [INFO] cshmd.builder (update_manager)            : [Structure] Number of atoms: 5504 -> 5248
03/25 11:41 [INFO] csh_builder (main)                        : [Structure] Reading command 'terminate_NBO'...
03/25 11:41 [INFO] csh_builder (main)                        : [Structure] with arguments 'ratio: 0'...
03/25 11:41 [INFO] cshmd.builder (terminate_NBO)             : Do not run terminate, ratio == 0
03/25 11:41 [INFO] cshmd.structure (writeCif)                : L02.cif was created
03/25 11:41 [INFO] cshmd.builder (out_model)                 : Total Charge: 0
03/25 11:41 [INFO] csh_builder (main)                        : ----------------------------------------------------------------------
03/25 11:41 [INFO] csh_builder (main)                        : ----------------------------------------------------------------------
03/25 11:41 [INFO] cshmd.structure (__init__)                : /Users/kimuni/bin/kimuni/cshmd/data/resources/cif/T14_111_term.cif was loaded
03/25 11:41 [DEBUG] cshmd.analysis (__init__)                : [Structure] Now new data setted for get Bonds
03/25 11:41 [DEBUG] cshmd.analysis (__del_bond__)            : del -> Si_O O_H H_O Ca_O C_O BO
03/25 11:41 [DEBUG] cshmd.analysis (__initialize_mole__)     : initalize -> H2O SiO4 OH CO3 H3O
03/25 11:41 [DEBUG] cshmd.analysis (__initialize_mole__)     : initalize -> SiOH CaOH HCO3 H2CO3 H3CO3
03/25 11:41 [DEBUG] cshmd.analysis (find_bond)               : find_bond O - H rcut -> 1.2
03/25 11:41 [DEBUG] cshmd.common (time_wrapper)              : [RUNTIME] get_distance_table in 0.000 seconds
03/25 11:41 [DEBUG] cshmd.analysis (get_mole)                : get_mole O - H -> nbonds: 2
03/25 11:41 [DEBUG] cshmd.analysis (find_bond)               : find_bond Si - O rcut -> 2.2
03/25 11:41 [DEBUG] cshmd.common (time_wrapper)              : [RUNTIME] get_distance_table in 0.000 seconds
03/25 11:41 [DEBUG] cshmd.analysis (get_mole)                : get_mole Si - O -> nbonds: 4
03/25 11:41 [DEBUG] cshmd.analysis (get_mole)                : get_mole O - H -> nbonds: 1
03/25 11:41 [DEBUG] cshmd.analysis (find_bond)               : find_bond C - O rcut -> 1.6
03/25 11:41 [DEBUG] cshmd.analysis (get_mole)                : get_mole C - O -> nbonds: 3
03/25 11:41 [DEBUG] cshmd.analysis (get_mole)                : get_mole O - H -> nbonds: 3
03/25 11:41 [DEBUG] cshmd.analysis (find_bond)               : find_bond Ca - O rcut -> 3.0
03/25 11:41 [DEBUG] cshmd.common (time_wrapper)              : [RUNTIME] get_distance_table in 0.000 seconds
03/25 11:41 [DEBUG] cshmd.analysis (full_search)             : Search layer details
03/25 11:41 [DEBUG] cshmd.analysis (find_bond)               : find_bond Ca - O rcut -> 3.0
03/25 11:41 [DEBUG] cshmd.analysis (find_bond)               : find_bond Si - O rcut -> 2.2
03/25 11:41 [DEBUG] cshmd.analysis (__detail_search_oh_co3)  : No CO3 in basic search
03/25 11:41 [DEBUG] cshmd.analysis (__detail_search_oh_sioh) : Searching 'OH' in 'SiO4
03/25 11:41 [DEBUG] cshmd.analysis (__detail_search_oh_caoh) : No CaOH in basic search. RETURN
03/25 11:41 [INFO] cshmd.analysis (Qn)                       : [Structure] Q2: 1.000
03/25 11:41 [INFO] cshmd.analysis (CS)                       : [Structure] C/S: 0.750
03/25 11:41 [INFO] cshmd.analysis (validate_tetra)           : [Structure] BT: 4, PT: 8
03/25 11:41 [DEBUG] cshmd.analysis (__init__)                : <class 'cshmd.analysis.Chain'> loaded
03/25 11:41 [DEBUG] cshmd.analysis (__init__)                : <class 'cshmd.analysis.Chain'> loaded
03/25 11:41 [INFO] cshmd.analysis (validate_tetra)           : [Structure] CL : 3
03/25 11:41 [INFO] cshmd.analysis (validate_tetra)           : [Structure] MCL : 3.0
03/25 11:41 [INFO] csh_builder (main)                        : [Structure] Reading command 'supercell'...
03/25 11:41 [INFO] csh_builder (main)                        : [Structure] with arguments 'supercell: [8, 8, 1]'...
03/25 11:41 [INFO] cshmd.structure (makeSupercell)           : [Structure] Supercell created 8 * 8 * 1
03/25 11:41 [DEBUG] cshmd.analysis (__init__)                : [Structure] Now new data setted for get Bonds
03/25 11:41 [DEBUG] cshmd.analysis (__del_bond__)            : del -> Si_O O_H H_O Ca_O C_O BO
03/25 11:41 [DEBUG] cshmd.analysis (__initialize_mole__)     : initalize -> H2O SiO4 OH CO3 H3O
03/25 11:41 [DEBUG] cshmd.analysis (__initialize_mole__)     : initalize -> SiOH CaOH HCO3 H2CO3 H3CO3
03/25 11:41 [DEBUG] cshmd.analysis (find_bond)               : find_bond O - H rcut -> 1.2
03/25 11:41 [DEBUG] cshmd.common (time_wrapper)              : [RUNTIME] get_distance_table in 0.556 seconds
03/25 11:41 [DEBUG] cshmd.analysis (get_mole)                : get_mole O - H -> nbonds: 2
03/25 11:41 [DEBUG] cshmd.analysis (find_bond)               : find_bond Si - O rcut -> 2.2
03/25 11:41 [DEBUG] cshmd.common (time_wrapper)              : [RUNTIME] get_distance_table in 0.359 seconds
03/25 11:41 [DEBUG] cshmd.analysis (get_mole)                : get_mole Si - O -> nbonds: 4
03/25 11:41 [DEBUG] cshmd.analysis (get_mole)                : get_mole O - H -> nbonds: 1
03/25 11:41 [DEBUG] cshmd.analysis (find_bond)               : find_bond C - O rcut -> 1.6
03/25 11:41 [DEBUG] cshmd.analysis (get_mole)                : get_mole C - O -> nbonds: 3
03/25 11:41 [DEBUG] cshmd.analysis (get_mole)                : get_mole O - H -> nbonds: 3
03/25 11:41 [DEBUG] cshmd.analysis (find_bond)               : find_bond Ca - O rcut -> 3.0
03/25 11:41 [DEBUG] cshmd.common (time_wrapper)              : [RUNTIME] get_distance_table in 0.259 seconds
03/25 11:41 [DEBUG] cshmd.analysis (full_search)             : Search layer details
03/25 11:41 [DEBUG] cshmd.analysis (find_bond)               : find_bond Ca - O rcut -> 3.0
03/25 11:41 [DEBUG] cshmd.analysis (find_bond)               : find_bond Si - O rcut -> 2.2
03/25 11:41 [DEBUG] cshmd.analysis (__detail_search_oh_co3)  : No CO3 in basic search
03/25 11:41 [DEBUG] cshmd.analysis (__detail_search_oh_sioh) : Searching 'OH' in 'SiO4
03/25 11:41 [DEBUG] cshmd.analysis (__detail_search_oh_caoh) : No CaOH in basic search. RETURN
03/25 11:41 [INFO] cshmd.analysis (Qn)                       : [Structure] Q2: 1.000
03/25 11:41 [INFO] cshmd.analysis (CS)                       : [Structure] C/S: 0.750
03/25 11:41 [INFO] cshmd.analysis (validate_tetra)           : [Structure] BT: 256, PT: 512
03/25 11:41 [DEBUG] cshmd.analysis (__init__)                : <class 'cshmd.analysis.Chain'> loaded
03/25 11:41 [DEBUG] cshmd.analysis (__init__)                : <class 'cshmd.analysis.Chain'> loaded
03/25 11:41 [INFO] cshmd.analysis (validate_tetra)           : [Structure] CL : 24 24 24 24 24 24 24 24
03/25 11:41 [INFO] cshmd.analysis (validate_tetra)           : [Structure] MCL : 24.0
03/25 11:41 [INFO] cshmd.builder (update_manager)            : [Structure] Number of atoms: 86 -> 5504
03/25 11:41 [INFO] csh_builder (main)                        : [Structure] Reading command 'defect_BT'...
03/25 11:41 [INFO] csh_builder (main)                        : [Structure] with arguments 'MCL: 4 termination: False add: Ca'...
03/25 11:41 [INFO] cshmd.builder (defect_BT)                 : [Structure] Termination scope: False
03/25 11:41 [INFO] cshmd.builder (defect_BT)                 : [Structure] Exists 64 Bridging Tetra in 'top' side
03/25 11:41 [INFO] cshmd.structure (add_Ca)                  : [Structure] Add Ca
03/25 11:41 [INFO] cshmd.builder (defect_BT)                 : [Structure] Exists 64 Bridging Tetra in 'bottom' side
03/25 11:41 [INFO] cshmd.structure (add_Ca)                  : [Structure] Add Ca
03/25 11:41 [INFO] cshmd.structure (check_rm_list)           : Delete 234 atoms in rm_list
03/25 11:41 [DEBUG] cshmd.analysis (__init__)                : [Structure] Now new data setted for get Bonds
03/25 11:41 [DEBUG] cshmd.analysis (__del_bond__)            : del -> Si_O O_H H_O Ca_O C_O BO
03/25 11:41 [DEBUG] cshmd.analysis (__initialize_mole__)     : initalize -> H2O SiO4 OH CO3 H3O
03/25 11:41 [DEBUG] cshmd.analysis (__initialize_mole__)     : initalize -> SiOH CaOH HCO3 H2CO3 H3CO3
03/25 11:41 [DEBUG] cshmd.analysis (find_bond)               : find_bond O - H rcut -> 1.2
03/25 11:41 [DEBUG] cshmd.common (time_wrapper)              : [RUNTIME] get_distance_table in 0.544 seconds
03/25 11:41 [DEBUG] cshmd.analysis (get_mole)                : get_mole O - H -> nbonds: 2
03/25 11:41 [DEBUG] cshmd.analysis (find_bond)               : find_bond Si - O rcut -> 2.2
03/25 11:41 [DEBUG] cshmd.common (time_wrapper)              : [RUNTIME] get_distance_table in 0.287 seconds
03/25 11:41 [DEBUG] cshmd.analysis (get_mole)                : get_mole Si - O -> nbonds: 4
03/25 11:41 [DEBUG] cshmd.analysis (get_mole)                : get_mole O - H -> nbonds: 1
03/25 11:41 [DEBUG] cshmd.analysis (find_bond)               : find_bond C - O rcut -> 1.6
03/25 11:41 [DEBUG] cshmd.analysis (get_mole)                : get_mole C - O -> nbonds: 3
03/25 11:41 [DEBUG] cshmd.analysis (get_mole)                : get_mole O - H -> nbonds: 3
03/25 11:41 [DEBUG] cshmd.analysis (find_bond)               : find_bond Ca - O rcut -> 3.0
03/25 11:41 [DEBUG] cshmd.common (time_wrapper)              : [RUNTIME] get_distance_table in 0.279 seconds
03/25 11:41 [DEBUG] cshmd.analysis (full_search)             : Search layer details
03/25 11:41 [DEBUG] cshmd.analysis (find_bond)               : find_bond Ca - O rcut -> 3.0
03/25 11:41 [DEBUG] cshmd.analysis (find_bond)               : find_bond Si - O rcut -> 2.2
03/25 11:41 [DEBUG] cshmd.analysis (__detail_search_oh_co3)  : No CO3 in basic search
03/25 11:41 [DEBUG] cshmd.analysis (__detail_search_oh_sioh) : Searching 'OH' in 'SiO4
03/25 11:41 [DEBUG] cshmd.analysis (__detail_search_oh_caoh) : No CaOH in basic search. RETURN
03/25 11:41 [INFO] cshmd.analysis (Qn)                       : [Structure] Q1: 0.226
03/25 11:41 [INFO] cshmd.analysis (Qn)                       : [Structure] Q2: 0.774
03/25 11:41 [INFO] cshmd.analysis (CS)                       : [Structure] C/S: 0.835
03/25 11:41 [INFO] cshmd.analysis (validate_tetra)           : [Structure] BT: 178, PT: 512
03/25 11:41 [DEBUG] cshmd.analysis (__init__)                : <class 'cshmd.analysis.Chain'> loaded
03/25 11:41 [DEBUG] cshmd.analysis (__init__)                : <class 'cshmd.analysis.Chain'> loaded
03/25 11:41 [INFO] cshmd.analysis (validate_tetra)           : [Structure] CL : 2 2 2 2 2 2 2 2 2 2 2 2 2 2 2 2 2 5 5 5 5 5 5 5 5 5 5 5 5 5 5 5 5 5 5 5 8 8 8
03/25 11:41 [INFO] cshmd.analysis (validate_tetra)           : [Structure] MCL : 3.923076923076923
03/25 11:41 [INFO] cshmd.builder (update_manager)            : [Structure] Number of atoms: 5504 -> 5348
03/25 11:41 [INFO] csh_builder (main)                        : [Structure] Reading command 'terminate_NBO'...
03/25 11:41 [INFO] csh_builder (main)                        : [Structure] with arguments 'ratio: 0'...
03/25 11:41 [INFO] cshmd.builder (terminate_NBO)             : Do not run terminate, ratio == 0
03/25 11:41 [INFO] cshmd.structure (writeCif)                : L04.cif was created
03/25 11:41 [INFO] cshmd.builder (out_model)                 : Total Charge: -100
03/25 11:41 [INFO] csh_builder (main)                        : ----------------------------------------------------------------------
03/25 11:41 [INFO] csh_builder (main)                        : ----------------------------------------------------------------------
03/25 11:41 [INFO] cshmd.structure (__init__)                : /Users/kimuni/bin/kimuni/cshmd/data/resources/cif/T14_111_term.cif was loaded
03/25 11:41 [DEBUG] cshmd.analysis (__init__)                : [Structure] Now new data setted for get Bonds
03/25 11:41 [DEBUG] cshmd.analysis (__del_bond__)            : del -> Si_O O_H H_O Ca_O C_O BO
03/25 11:41 [DEBUG] cshmd.analysis (__initialize_mole__)     : initalize -> H2O SiO4 OH CO3 H3O
03/25 11:41 [DEBUG] cshmd.analysis (__initialize_mole__)     : initalize -> SiOH CaOH HCO3 H2CO3 H3CO3
03/25 11:41 [DEBUG] cshmd.analysis (find_bond)               : find_bond O - H rcut -> 1.2
03/25 11:41 [DEBUG] cshmd.common (time_wrapper)              : [RUNTIME] get_distance_table in 0.000 seconds
03/25 11:41 [DEBUG] cshmd.analysis (get_mole)                : get_mole O - H -> nbonds: 2
03/25 11:41 [DEBUG] cshmd.analysis (find_bond)               : find_bond Si - O rcut -> 2.2
03/25 11:41 [DEBUG] cshmd.common (time_wrapper)              : [RUNTIME] get_distance_table in 0.000 seconds
03/25 11:41 [DEBUG] cshmd.analysis (get_mole)                : get_mole Si - O -> nbonds: 4
03/25 11:41 [DEBUG] cshmd.analysis (get_mole)                : get_mole O - H -> nbonds: 1
03/25 11:41 [DEBUG] cshmd.analysis (find_bond)               : find_bond C - O rcut -> 1.6
03/25 11:41 [DEBUG] cshmd.analysis (get_mole)                : get_mole C - O -> nbonds: 3
03/25 11:41 [DEBUG] cshmd.analysis (get_mole)                : get_mole O - H -> nbonds: 3
03/25 11:41 [DEBUG] cshmd.analysis (find_bond)               : find_bond Ca - O rcut -> 3.0
03/25 11:41 [DEBUG] cshmd.common (time_wrapper)              : [RUNTIME] get_distance_table in 0.000 seconds
03/25 11:41 [DEBUG] cshmd.analysis (full_search)             : Search layer details
03/25 11:41 [DEBUG] cshmd.analysis (find_bond)               : find_bond Ca - O rcut -> 3.0
03/25 11:41 [DEBUG] cshmd.analysis (find_bond)               : find_bond Si - O rcut -> 2.2
03/25 11:41 [DEBUG] cshmd.analysis (__detail_search_oh_co3)  : No CO3 in basic search
03/25 11:41 [DEBUG] cshmd.analysis (__detail_search_oh_sioh) : Searching 'OH' in 'SiO4
03/25 11:41 [DEBUG] cshmd.analysis (__detail_search_oh_caoh) : No CaOH in basic search. RETURN
03/25 11:41 [INFO] cshmd.analysis (Qn)                       : [Structure] Q2: 1.000
03/25 11:41 [INFO] cshmd.analysis (CS)                       : [Structure] C/S: 0.750
03/25 11:41 [INFO] cshmd.analysis (validate_tetra)           : [Structure] BT: 4, PT: 8
03/25 11:41 [DEBUG] cshmd.analysis (__init__)                : <class 'cshmd.analysis.Chain'> loaded
03/25 11:41 [DEBUG] cshmd.analysis (__init__)                : <class 'cshmd.analysis.Chain'> loaded
03/25 11:41 [INFO] cshmd.analysis (validate_tetra)           : [Structure] CL : 3
03/25 11:41 [INFO] cshmd.analysis (validate_tetra)           : [Structure] MCL : 3.0
03/25 11:41 [INFO] csh_builder (main)                        : [Structure] Reading command 'supercell'...
03/25 11:41 [INFO] csh_builder (main)                        : [Structure] with arguments 'supercell: [8, 8, 1]'...
03/25 11:41 [INFO] cshmd.structure (makeSupercell)           : [Structure] Supercell created 8 * 8 * 1
03/25 11:41 [DEBUG] cshmd.analysis (__init__)                : [Structure] Now new data setted for get Bonds
03/25 11:41 [DEBUG] cshmd.analysis (__del_bond__)            : del -> Si_O O_H H_O Ca_O C_O BO
03/25 11:41 [DEBUG] cshmd.analysis (__initialize_mole__)     : initalize -> H2O SiO4 OH CO3 H3O
03/25 11:41 [DEBUG] cshmd.analysis (__initialize_mole__)     : initalize -> SiOH CaOH HCO3 H2CO3 H3CO3
03/25 11:41 [DEBUG] cshmd.analysis (find_bond)               : find_bond O - H rcut -> 1.2
03/25 11:41 [DEBUG] cshmd.common (time_wrapper)              : [RUNTIME] get_distance_table in 0.590 seconds
03/25 11:41 [DEBUG] cshmd.analysis (get_mole)                : get_mole O - H -> nbonds: 2
03/25 11:41 [DEBUG] cshmd.analysis (find_bond)               : find_bond Si - O rcut -> 2.2
03/25 11:41 [DEBUG] cshmd.common (time_wrapper)              : [RUNTIME] get_distance_table in 0.355 seconds
03/25 11:41 [DEBUG] cshmd.analysis (get_mole)                : get_mole Si - O -> nbonds: 4
03/25 11:41 [DEBUG] cshmd.analysis (get_mole)                : get_mole O - H -> nbonds: 1
03/25 11:41 [DEBUG] cshmd.analysis (find_bond)               : find_bond C - O rcut -> 1.6
03/25 11:41 [DEBUG] cshmd.analysis (get_mole)                : get_mole C - O -> nbonds: 3
03/25 11:41 [DEBUG] cshmd.analysis (get_mole)                : get_mole O - H -> nbonds: 3
03/25 11:41 [DEBUG] cshmd.analysis (find_bond)               : find_bond Ca - O rcut -> 3.0
03/25 11:41 [DEBUG] cshmd.common (time_wrapper)              : [RUNTIME] get_distance_table in 0.255 seconds
03/25 11:41 [DEBUG] cshmd.analysis (full_search)             : Search layer details
03/25 11:41 [DEBUG] cshmd.analysis (find_bond)               : find_bond Ca - O rcut -> 3.0
03/25 11:41 [DEBUG] cshmd.analysis (find_bond)               : find_bond Si - O rcut -> 2.2
03/25 11:41 [DEBUG] cshmd.analysis (__detail_search_oh_co3)  : No CO3 in basic search
03/25 11:41 [DEBUG] cshmd.analysis (__detail_search_oh_sioh) : Searching 'OH' in 'SiO4
03/25 11:41 [DEBUG] cshmd.analysis (__detail_search_oh_caoh) : No CaOH in basic search. RETURN
03/25 11:41 [INFO] cshmd.analysis (Qn)                       : [Structure] Q2: 1.000
03/25 11:41 [INFO] cshmd.analysis (CS)                       : [Structure] C/S: 0.750
03/25 11:41 [INFO] cshmd.analysis (validate_tetra)           : [Structure] BT: 256, PT: 512
03/25 11:41 [DEBUG] cshmd.analysis (__init__)                : <class 'cshmd.analysis.Chain'> loaded
03/25 11:41 [DEBUG] cshmd.analysis (__init__)                : <class 'cshmd.analysis.Chain'> loaded
03/25 11:41 [INFO] cshmd.analysis (validate_tetra)           : [Structure] CL : 24 24 24 24 24 24 24 24
03/25 11:41 [INFO] cshmd.analysis (validate_tetra)           : [Structure] MCL : 24.0
03/25 11:41 [INFO] cshmd.builder (update_manager)            : [Structure] Number of atoms: 86 -> 5504
03/25 11:41 [INFO] csh_builder (main)                        : [Structure] Reading command 'defect_BT'...
03/25 11:41 [INFO] csh_builder (main)                        : [Structure] with arguments 'MCL: 6 termination: False add: Ca'...
03/25 11:41 [INFO] cshmd.builder (defect_BT)                 : [Structure] Termination scope: False
03/25 11:41 [INFO] cshmd.builder (defect_BT)                 : [Structure] Exists 64 Bridging Tetra in 'top' side
03/25 11:41 [INFO] cshmd.structure (add_Ca)                  : [Structure] Add Ca
03/25 11:41 [INFO] cshmd.builder (defect_BT)                 : [Structure] Exists 64 Bridging Tetra in 'bottom' side
03/25 11:41 [INFO] cshmd.structure (add_Ca)                  : [Structure] Add Ca
03/25 11:41 [INFO] cshmd.structure (check_rm_list)           : Delete 168 atoms in rm_list
03/25 11:41 [DEBUG] cshmd.analysis (__init__)                : [Structure] Now new data setted for get Bonds
03/25 11:41 [DEBUG] cshmd.analysis (__del_bond__)            : del -> Si_O O_H H_O Ca_O C_O BO
03/25 11:41 [DEBUG] cshmd.analysis (__initialize_mole__)     : initalize -> H2O SiO4 OH CO3 H3O
03/25 11:41 [DEBUG] cshmd.analysis (__initialize_mole__)     : initalize -> SiOH CaOH HCO3 H2CO3 H3CO3
03/25 11:41 [DEBUG] cshmd.analysis (find_bond)               : find_bond O - H rcut -> 1.2
03/25 11:41 [DEBUG] cshmd.common (time_wrapper)              : [RUNTIME] get_distance_table in 0.547 seconds
03/25 11:41 [DEBUG] cshmd.analysis (get_mole)                : get_mole O - H -> nbonds: 2
03/25 11:41 [DEBUG] cshmd.analysis (find_bond)               : find_bond Si - O rcut -> 2.2
03/25 11:41 [DEBUG] cshmd.common (time_wrapper)              : [RUNTIME] get_distance_table in 0.308 seconds
03/25 11:41 [DEBUG] cshmd.analysis (get_mole)                : get_mole Si - O -> nbonds: 4
03/25 11:41 [DEBUG] cshmd.analysis (get_mole)                : get_mole O - H -> nbonds: 1
03/25 11:41 [DEBUG] cshmd.analysis (find_bond)               : find_bond C - O rcut -> 1.6
03/25 11:41 [DEBUG] cshmd.analysis (get_mole)                : get_mole C - O -> nbonds: 3
03/25 11:41 [DEBUG] cshmd.analysis (get_mole)                : get_mole O - H -> nbonds: 3
03/25 11:41 [DEBUG] cshmd.analysis (find_bond)               : find_bond Ca - O rcut -> 3.0
03/25 11:41 [DEBUG] cshmd.common (time_wrapper)              : [RUNTIME] get_distance_table in 0.270 seconds
03/25 11:41 [DEBUG] cshmd.analysis (full_search)             : Search layer details
03/25 11:41 [DEBUG] cshmd.analysis (find_bond)               : find_bond Ca - O rcut -> 3.0
03/25 11:41 [DEBUG] cshmd.analysis (find_bond)               : find_bond Si - O rcut -> 2.2
03/25 11:41 [DEBUG] cshmd.analysis (__detail_search_oh_co3)  : No CO3 in basic search
03/25 11:41 [DEBUG] cshmd.analysis (__detail_search_oh_sioh) : Searching 'OH' in 'SiO4
03/25 11:41 [DEBUG] cshmd.analysis (__detail_search_oh_caoh) : No CaOH in basic search. RETURN
03/25 11:41 [INFO] cshmd.analysis (Qn)                       : [Structure] Q1: 0.157
03/25 11:41 [INFO] cshmd.analysis (Qn)                       : [Structure] Q2: 0.843
03/25 11:41 [INFO] cshmd.analysis (CS)                       : [Structure] C/S: 0.809
03/25 11:41 [INFO] cshmd.analysis (validate_tetra)           : [Structure] BT: 200, PT: 512
03/25 11:41 [DEBUG] cshmd.analysis (__init__)                : <class 'cshmd.analysis.Chain'> loaded
03/25 11:41 [DEBUG] cshmd.analysis (__init__)                : <class 'cshmd.analysis.Chain'> loaded
03/25 11:41 [INFO] cshmd.analysis (validate_tetra)           : [Structure] CL : 2 2 2 2 2 5 5 5 5 5 5 5 5 5 5 5 5 8 8 8 8 8 8 8 8 8 11 11
03/25 11:41 [INFO] cshmd.analysis (validate_tetra)           : [Structure] MCL : 5.857142857142857
03/25 11:41 [INFO] cshmd.builder (update_manager)            : [Structure] Number of atoms: 5504 -> 5392
03/25 11:41 [INFO] csh_builder (main)                        : [Structure] Reading command 'terminate_NBO'...
03/25 11:41 [INFO] csh_builder (main)                        : [Structure] with arguments 'ratio: 0'...
03/25 11:41 [INFO] cshmd.builder (terminate_NBO)             : Do not run terminate, ratio == 0
03/25 11:41 [INFO] cshmd.structure (writeCif)                : L06.cif was created
03/25 11:41 [INFO] cshmd.builder (out_model)                 : Total Charge: -144
03/25 11:41 [INFO] csh_builder (main)                        : ----------------------------------------------------------------------
03/25 11:41 [INFO] csh_builder (main)                        : ----------------------------------------------------------------------
03/25 11:41 [INFO] cshmd.structure (__init__)                : /Users/kimuni/bin/kimuni/cshmd/data/resources/cif/T14_111_term.cif was loaded
03/25 11:41 [DEBUG] cshmd.analysis (__init__)                : [Structure] Now new data setted for get Bonds
03/25 11:41 [DEBUG] cshmd.analysis (__del_bond__)            : del -> Si_O O_H H_O Ca_O C_O BO
03/25 11:41 [DEBUG] cshmd.analysis (__initialize_mole__)     : initalize -> H2O SiO4 OH CO3 H3O
03/25 11:41 [DEBUG] cshmd.analysis (__initialize_mole__)     : initalize -> SiOH CaOH HCO3 H2CO3 H3CO3
03/25 11:41 [DEBUG] cshmd.analysis (find_bond)               : find_bond O - H rcut -> 1.2
03/25 11:41 [DEBUG] cshmd.common (time_wrapper)              : [RUNTIME] get_distance_table in 0.000 seconds
03/25 11:41 [DEBUG] cshmd.analysis (get_mole)                : get_mole O - H -> nbonds: 2
03/25 11:41 [DEBUG] cshmd.analysis (find_bond)               : find_bond Si - O rcut -> 2.2
03/25 11:41 [DEBUG] cshmd.common (time_wrapper)              : [RUNTIME] get_distance_table in 0.000 seconds
03/25 11:41 [DEBUG] cshmd.analysis (get_mole)                : get_mole Si - O -> nbonds: 4
03/25 11:41 [DEBUG] cshmd.analysis (get_mole)                : get_mole O - H -> nbonds: 1
03/25 11:41 [DEBUG] cshmd.analysis (find_bond)               : find_bond C - O rcut -> 1.6
03/25 11:41 [DEBUG] cshmd.analysis (get_mole)                : get_mole C - O -> nbonds: 3
03/25 11:41 [DEBUG] cshmd.analysis (get_mole)                : get_mole O - H -> nbonds: 3
03/25 11:41 [DEBUG] cshmd.analysis (find_bond)               : find_bond Ca - O rcut -> 3.0
03/25 11:41 [DEBUG] cshmd.common (time_wrapper)              : [RUNTIME] get_distance_table in 0.000 seconds
03/25 11:41 [DEBUG] cshmd.analysis (full_search)             : Search layer details
03/25 11:41 [DEBUG] cshmd.analysis (find_bond)               : find_bond Ca - O rcut -> 3.0
03/25 11:41 [DEBUG] cshmd.analysis (find_bond)               : find_bond Si - O rcut -> 2.2
03/25 11:41 [DEBUG] cshmd.analysis (__detail_search_oh_co3)  : No CO3 in basic search
03/25 11:41 [DEBUG] cshmd.analysis (__detail_search_oh_sioh) : Searching 'OH' in 'SiO4
03/25 11:41 [DEBUG] cshmd.analysis (__detail_search_oh_caoh) : No CaOH in basic search. RETURN
03/25 11:41 [INFO] cshmd.analysis (Qn)                       : [Structure] Q2: 1.000
03/25 11:41 [INFO] cshmd.analysis (CS)                       : [Structure] C/S: 0.750
03/25 11:41 [INFO] cshmd.analysis (validate_tetra)           : [Structure] BT: 4, PT: 8
03/25 11:41 [DEBUG] cshmd.analysis (__init__)                : <class 'cshmd.analysis.Chain'> loaded
03/25 11:41 [DEBUG] cshmd.analysis (__init__)                : <class 'cshmd.analysis.Chain'> loaded
03/25 11:41 [INFO] cshmd.analysis (validate_tetra)           : [Structure] CL : 3
03/25 11:41 [INFO] cshmd.analysis (validate_tetra)           : [Structure] MCL : 3.0
03/25 11:41 [INFO] csh_builder (main)                        : [Structure] Reading command 'supercell'...
03/25 11:41 [INFO] csh_builder (main)                        : [Structure] with arguments 'supercell: [8, 8, 1]'...
03/25 11:41 [INFO] cshmd.structure (makeSupercell)           : [Structure] Supercell created 8 * 8 * 1
03/25 11:41 [DEBUG] cshmd.analysis (__init__)                : [Structure] Now new data setted for get Bonds
03/25 11:41 [DEBUG] cshmd.analysis (__del_bond__)            : del -> Si_O O_H H_O Ca_O C_O BO
03/25 11:41 [DEBUG] cshmd.analysis (__initialize_mole__)     : initalize -> H2O SiO4 OH CO3 H3O
03/25 11:41 [DEBUG] cshmd.analysis (__initialize_mole__)     : initalize -> SiOH CaOH HCO3 H2CO3 H3CO3
03/25 11:41 [DEBUG] cshmd.analysis (find_bond)               : find_bond O - H rcut -> 1.2
03/25 11:41 [DEBUG] cshmd.common (time_wrapper)              : [RUNTIME] get_distance_table in 0.566 seconds
03/25 11:41 [DEBUG] cshmd.analysis (get_mole)                : get_mole O - H -> nbonds: 2
03/25 11:41 [DEBUG] cshmd.analysis (find_bond)               : find_bond Si - O rcut -> 2.2
03/25 11:41 [DEBUG] cshmd.common (time_wrapper)              : [RUNTIME] get_distance_table in 0.357 seconds
03/25 11:41 [DEBUG] cshmd.analysis (get_mole)                : get_mole Si - O -> nbonds: 4
03/25 11:41 [DEBUG] cshmd.analysis (get_mole)                : get_mole O - H -> nbonds: 1
03/25 11:41 [DEBUG] cshmd.analysis (find_bond)               : find_bond C - O rcut -> 1.6
03/25 11:41 [DEBUG] cshmd.analysis (get_mole)                : get_mole C - O -> nbonds: 3
03/25 11:41 [DEBUG] cshmd.analysis (get_mole)                : get_mole O - H -> nbonds: 3
03/25 11:41 [DEBUG] cshmd.analysis (find_bond)               : find_bond Ca - O rcut -> 3.0
03/25 11:41 [DEBUG] cshmd.common (time_wrapper)              : [RUNTIME] get_distance_table in 0.258 seconds
03/25 11:41 [DEBUG] cshmd.analysis (full_search)             : Search layer details
03/25 11:41 [DEBUG] cshmd.analysis (find_bond)               : find_bond Ca - O rcut -> 3.0
03/25 11:41 [DEBUG] cshmd.analysis (find_bond)               : find_bond Si - O rcut -> 2.2
03/25 11:41 [DEBUG] cshmd.analysis (__detail_search_oh_co3)  : No CO3 in basic search
03/25 11:41 [DEBUG] cshmd.analysis (__detail_search_oh_sioh) : Searching 'OH' in 'SiO4
03/25 11:41 [DEBUG] cshmd.analysis (__detail_search_oh_caoh) : No CaOH in basic search. RETURN
03/25 11:41 [INFO] cshmd.analysis (Qn)                       : [Structure] Q2: 1.000
03/25 11:41 [INFO] cshmd.analysis (CS)                       : [Structure] C/S: 0.750
03/25 11:41 [INFO] cshmd.analysis (validate_tetra)           : [Structure] BT: 256, PT: 512
03/25 11:41 [DEBUG] cshmd.analysis (__init__)                : <class 'cshmd.analysis.Chain'> loaded
03/25 11:41 [DEBUG] cshmd.analysis (__init__)                : <class 'cshmd.analysis.Chain'> loaded
03/25 11:41 [INFO] cshmd.analysis (validate_tetra)           : [Structure] CL : 24 24 24 24 24 24 24 24
03/25 11:41 [INFO] cshmd.analysis (validate_tetra)           : [Structure] MCL : 24.0
03/25 11:41 [INFO] cshmd.builder (update_manager)            : [Structure] Number of atoms: 86 -> 5504
03/25 11:41 [INFO] csh_builder (main)                        : [Structure] Reading command 'defect_BT'...
03/25 11:41 [INFO] csh_builder (main)                        : [Structure] with arguments 'MCL: 8 termination: False add: Ca'...
03/25 11:41 [INFO] cshmd.builder (defect_BT)                 : [Structure] Termination scope: False
03/25 11:41 [INFO] cshmd.builder (defect_BT)                 : [Structure] Exists 64 Bridging Tetra in 'top' side
03/25 11:41 [INFO] cshmd.structure (add_Ca)                  : [Structure] Add Ca
03/25 11:41 [INFO] cshmd.builder (defect_BT)                 : [Structure] Exists 64 Bridging Tetra in 'bottom' side
03/25 11:41 [INFO] cshmd.structure (add_Ca)                  : [Structure] Add Ca
03/25 11:41 [INFO] cshmd.structure (check_rm_list)           : Delete 132 atoms in rm_list
03/25 11:41 [DEBUG] cshmd.analysis (__init__)                : [Structure] Now new data setted for get Bonds
03/25 11:41 [DEBUG] cshmd.analysis (__del_bond__)            : del -> Si_O O_H H_O Ca_O C_O BO
03/25 11:41 [DEBUG] cshmd.analysis (__initialize_mole__)     : initalize -> H2O SiO4 OH CO3 H3O
03/25 11:41 [DEBUG] cshmd.analysis (__initialize_mole__)     : initalize -> SiOH CaOH HCO3 H2CO3 H3CO3
03/25 11:41 [DEBUG] cshmd.analysis (find_bond)               : find_bond O - H rcut -> 1.2
03/25 11:41 [DEBUG] cshmd.common (time_wrapper)              : [RUNTIME] get_distance_table in 0.559 seconds
03/25 11:41 [DEBUG] cshmd.analysis (get_mole)                : get_mole O - H -> nbonds: 2
03/25 11:41 [DEBUG] cshmd.analysis (find_bond)               : find_bond Si - O rcut -> 2.2
03/25 11:41 [DEBUG] cshmd.common (time_wrapper)              : [RUNTIME] get_distance_table in 0.311 seconds
03/25 11:41 [DEBUG] cshmd.analysis (get_mole)                : get_mole Si - O -> nbonds: 4
03/25 11:41 [DEBUG] cshmd.analysis (get_mole)                : get_mole O - H -> nbonds: 1
03/25 11:41 [DEBUG] cshmd.analysis (find_bond)               : find_bond C - O rcut -> 1.6
03/25 11:41 [DEBUG] cshmd.analysis (get_mole)                : get_mole C - O -> nbonds: 3
03/25 11:41 [DEBUG] cshmd.analysis (get_mole)                : get_mole O - H -> nbonds: 3
03/25 11:41 [DEBUG] cshmd.analysis (find_bond)               : find_bond Ca - O rcut -> 3.0
03/25 11:41 [DEBUG] cshmd.common (time_wrapper)              : [RUNTIME] get_distance_table in 0.284 seconds
03/25 11:41 [DEBUG] cshmd.analysis (full_search)             : Search layer details
03/25 11:41 [DEBUG] cshmd.analysis (find_bond)               : find_bond Ca - O rcut -> 3.0
03/25 11:41 [DEBUG] cshmd.analysis (find_bond)               : find_bond Si - O rcut -> 2.2
03/25 11:41 [DEBUG] cshmd.analysis (__detail_search_oh_co3)  : No CO3 in basic search
03/25 11:41 [DEBUG] cshmd.analysis (__detail_search_oh_sioh) : Searching 'OH' in 'SiO4
03/25 11:41 [DEBUG] cshmd.analysis (__detail_search_oh_caoh) : No CaOH in basic search. RETURN
03/25 11:41 [INFO] cshmd.analysis (Qn)                       : [Structure] Q1: 0.122
03/25 11:41 [INFO] cshmd.analysis (Qn)                       : [Structure] Q2: 0.878
03/25 11:41 [INFO] cshmd.analysis (CS)                       : [Structure] C/S: 0.796
03/25 11:41 [INFO] cshmd.analysis (validate_tetra)           : [Structure] BT: 212, PT: 512
03/25 11:41 [DEBUG] cshmd.analysis (__init__)                : <class 'cshmd.analysis.Chain'> loaded
03/25 11:41 [DEBUG] cshmd.analysis (__init__)                : <class 'cshmd.analysis.Chain'> loaded
03/25 11:41 [INFO] cshmd.analysis (validate_tetra)           : [Structure] CL : 2 2 5 5 5 5 5 8 8 8 8 8 8 8 8 11 11 11 11 11 11 11
03/25 11:41 [INFO] cshmd.analysis (validate_tetra)           : [Structure] MCL : 7.7272727272727275
03/25 11:41 [INFO] cshmd.builder (update_manager)            : [Structure] Number of atoms: 5504 -> 5416
03/25 11:41 [INFO] csh_builder (main)                        : [Structure] Reading command 'terminate_NBO'...
03/25 11:41 [INFO] csh_builder (main)                        : [Structure] with arguments 'ratio: 0'...
03/25 11:41 [INFO] cshmd.builder (terminate_NBO)             : Do not run terminate, ratio == 0
03/25 11:41 [INFO] cshmd.structure (writeCif)                : L08.cif was created
03/25 11:41 [INFO] cshmd.builder (out_model)                 : Total Charge: -168
03/25 11:41 [INFO] csh_builder (main)                        : ----------------------------------------------------------------------
03/25 11:41 [INFO] csh_builder (main)                        : ----------------------------------------------------------------------
03/25 11:41 [INFO] cshmd.structure (__init__)                : /Users/kimuni/bin/kimuni/cshmd/data/resources/cif/T14_111_term.cif was loaded
03/25 11:41 [DEBUG] cshmd.analysis (__init__)                : [Structure] Now new data setted for get Bonds
03/25 11:41 [DEBUG] cshmd.analysis (__del_bond__)            : del -> Si_O O_H H_O Ca_O C_O BO
03/25 11:41 [DEBUG] cshmd.analysis (__initialize_mole__)     : initalize -> H2O SiO4 OH CO3 H3O
03/25 11:41 [DEBUG] cshmd.analysis (__initialize_mole__)     : initalize -> SiOH CaOH HCO3 H2CO3 H3CO3
03/25 11:41 [DEBUG] cshmd.analysis (find_bond)               : find_bond O - H rcut -> 1.2
03/25 11:41 [DEBUG] cshmd.common (time_wrapper)              : [RUNTIME] get_distance_table in 0.000 seconds
03/25 11:41 [DEBUG] cshmd.analysis (get_mole)                : get_mole O - H -> nbonds: 2
03/25 11:41 [DEBUG] cshmd.analysis (find_bond)               : find_bond Si - O rcut -> 2.2
03/25 11:41 [DEBUG] cshmd.common (time_wrapper)              : [RUNTIME] get_distance_table in 0.000 seconds
03/25 11:41 [DEBUG] cshmd.analysis (get_mole)                : get_mole Si - O -> nbonds: 4
03/25 11:41 [DEBUG] cshmd.analysis (get_mole)                : get_mole O - H -> nbonds: 1
03/25 11:41 [DEBUG] cshmd.analysis (find_bond)               : find_bond C - O rcut -> 1.6
03/25 11:41 [DEBUG] cshmd.analysis (get_mole)                : get_mole C - O -> nbonds: 3
03/25 11:41 [DEBUG] cshmd.analysis (get_mole)                : get_mole O - H -> nbonds: 3
03/25 11:41 [DEBUG] cshmd.analysis (find_bond)               : find_bond Ca - O rcut -> 3.0
03/25 11:41 [DEBUG] cshmd.common (time_wrapper)              : [RUNTIME] get_distance_table in 0.000 seconds
03/25 11:41 [DEBUG] cshmd.analysis (full_search)             : Search layer details
03/25 11:41 [DEBUG] cshmd.analysis (find_bond)               : find_bond Ca - O rcut -> 3.0
03/25 11:41 [DEBUG] cshmd.analysis (find_bond)               : find_bond Si - O rcut -> 2.2
03/25 11:41 [DEBUG] cshmd.analysis (__detail_search_oh_co3)  : No CO3 in basic search
03/25 11:41 [DEBUG] cshmd.analysis (__detail_search_oh_sioh) : Searching 'OH' in 'SiO4
03/25 11:41 [DEBUG] cshmd.analysis (__detail_search_oh_caoh) : No CaOH in basic search. RETURN
03/25 11:41 [INFO] cshmd.analysis (Qn)                       : [Structure] Q2: 1.000
03/25 11:41 [INFO] cshmd.analysis (CS)                       : [Structure] C/S: 0.750
03/25 11:41 [INFO] cshmd.analysis (validate_tetra)           : [Structure] BT: 4, PT: 8
03/25 11:41 [DEBUG] cshmd.analysis (__init__)                : <class 'cshmd.analysis.Chain'> loaded
03/25 11:41 [DEBUG] cshmd.analysis (__init__)                : <class 'cshmd.analysis.Chain'> loaded
03/25 11:41 [INFO] cshmd.analysis (validate_tetra)           : [Structure] CL : 3
03/25 11:41 [INFO] cshmd.analysis (validate_tetra)           : [Structure] MCL : 3.0
03/25 11:41 [INFO] csh_builder (main)                        : [Structure] Reading command 'supercell'...
03/25 11:41 [INFO] csh_builder (main)                        : [Structure] with arguments 'supercell: [8, 8, 1]'...
03/25 11:41 [INFO] cshmd.structure (makeSupercell)           : [Structure] Supercell created 8 * 8 * 1
03/25 11:41 [DEBUG] cshmd.analysis (__init__)                : [Structure] Now new data setted for get Bonds
03/25 11:41 [DEBUG] cshmd.analysis (__del_bond__)            : del -> Si_O O_H H_O Ca_O C_O BO
03/25 11:41 [DEBUG] cshmd.analysis (__initialize_mole__)     : initalize -> H2O SiO4 OH CO3 H3O
03/25 11:41 [DEBUG] cshmd.analysis (__initialize_mole__)     : initalize -> SiOH CaOH HCO3 H2CO3 H3CO3
03/25 11:41 [DEBUG] cshmd.analysis (find_bond)               : find_bond O - H rcut -> 1.2
03/25 11:41 [DEBUG] cshmd.common (time_wrapper)              : [RUNTIME] get_distance_table in 0.671 seconds
03/25 11:41 [DEBUG] cshmd.analysis (get_mole)                : get_mole O - H -> nbonds: 2
03/25 11:41 [DEBUG] cshmd.analysis (find_bond)               : find_bond Si - O rcut -> 2.2
03/25 11:41 [DEBUG] cshmd.common (time_wrapper)              : [RUNTIME] get_distance_table in 0.597 seconds
03/25 11:41 [DEBUG] cshmd.analysis (get_mole)                : get_mole Si - O -> nbonds: 4
03/25 11:41 [DEBUG] cshmd.analysis (get_mole)                : get_mole O - H -> nbonds: 1
03/25 11:41 [DEBUG] cshmd.analysis (find_bond)               : find_bond C - O rcut -> 1.6
03/25 11:41 [DEBUG] cshmd.analysis (get_mole)                : get_mole C - O -> nbonds: 3
03/25 11:41 [DEBUG] cshmd.analysis (get_mole)                : get_mole O - H -> nbonds: 3
03/25 11:41 [DEBUG] cshmd.analysis (find_bond)               : find_bond Ca - O rcut -> 3.0
03/25 11:41 [DEBUG] cshmd.common (time_wrapper)              : [RUNTIME] get_distance_table in 0.275 seconds
03/25 11:41 [DEBUG] cshmd.analysis (full_search)             : Search layer details
03/25 11:41 [DEBUG] cshmd.analysis (find_bond)               : find_bond Ca - O rcut -> 3.0
03/25 11:41 [DEBUG] cshmd.analysis (find_bond)               : find_bond Si - O rcut -> 2.2
03/25 11:41 [DEBUG] cshmd.analysis (__detail_search_oh_co3)  : No CO3 in basic search
03/25 11:41 [DEBUG] cshmd.analysis (__detail_search_oh_sioh) : Searching 'OH' in 'SiO4
03/25 11:41 [DEBUG] cshmd.analysis (__detail_search_oh_caoh) : No CaOH in basic search. RETURN
03/25 11:41 [INFO] cshmd.analysis (Qn)                       : [Structure] Q2: 1.000
03/25 11:41 [INFO] cshmd.analysis (CS)                       : [Structure] C/S: 0.750
03/25 11:41 [INFO] cshmd.analysis (validate_tetra)           : [Structure] BT: 256, PT: 512
03/25 11:41 [DEBUG] cshmd.analysis (__init__)                : <class 'cshmd.analysis.Chain'> loaded
03/25 11:41 [DEBUG] cshmd.analysis (__init__)                : <class 'cshmd.analysis.Chain'> loaded
03/25 11:41 [INFO] cshmd.analysis (validate_tetra)           : [Structure] CL : 24 24 24 24 24 24 24 24
03/25 11:41 [INFO] cshmd.analysis (validate_tetra)           : [Structure] MCL : 24.0
03/25 11:41 [INFO] cshmd.builder (update_manager)            : [Structure] Number of atoms: 86 -> 5504
03/25 11:41 [INFO] csh_builder (main)                        : [Structure] Reading command 'defect_BT'...
03/25 11:41 [INFO] csh_builder (main)                        : [Structure] with arguments 'MCL: 10 termination: False add: Ca'...
03/25 11:41 [INFO] cshmd.builder (defect_BT)                 : [Structure] Termination scope: False
03/25 11:41 [INFO] cshmd.builder (defect_BT)                 : [Structure] Exists 64 Bridging Tetra in 'top' side
03/25 11:41 [INFO] cshmd.structure (add_Ca)                  : [Structure] Add Ca
03/25 11:41 [INFO] cshmd.builder (defect_BT)                 : [Structure] Exists 64 Bridging Tetra in 'bottom' side
03/25 11:41 [INFO] cshmd.structure (add_Ca)                  : [Structure] Add Ca
03/25 11:41 [INFO] cshmd.structure (check_rm_list)           : Delete 108 atoms in rm_list
03/25 11:41 [DEBUG] cshmd.analysis (__init__)                : [Structure] Now new data setted for get Bonds
03/25 11:41 [DEBUG] cshmd.analysis (__del_bond__)            : del -> Si_O O_H H_O Ca_O C_O BO
03/25 11:41 [DEBUG] cshmd.analysis (__initialize_mole__)     : initalize -> H2O SiO4 OH CO3 H3O
03/25 11:41 [DEBUG] cshmd.analysis (__initialize_mole__)     : initalize -> SiOH CaOH HCO3 H2CO3 H3CO3
03/25 11:41 [DEBUG] cshmd.analysis (find_bond)               : find_bond O - H rcut -> 1.2
03/25 11:41 [DEBUG] cshmd.common (time_wrapper)              : [RUNTIME] get_distance_table in 0.657 seconds
03/25 11:41 [DEBUG] cshmd.analysis (get_mole)                : get_mole O - H -> nbonds: 2
03/25 11:41 [DEBUG] cshmd.analysis (find_bond)               : find_bond Si - O rcut -> 2.2
03/25 11:41 [DEBUG] cshmd.common (time_wrapper)              : [RUNTIME] get_distance_table in 0.352 seconds
03/25 11:41 [DEBUG] cshmd.analysis (get_mole)                : get_mole Si - O -> nbonds: 4
03/25 11:41 [DEBUG] cshmd.analysis (get_mole)                : get_mole O - H -> nbonds: 1
03/25 11:41 [DEBUG] cshmd.analysis (find_bond)               : find_bond C - O rcut -> 1.6
03/25 11:41 [DEBUG] cshmd.analysis (get_mole)                : get_mole C - O -> nbonds: 3
03/25 11:41 [DEBUG] cshmd.analysis (get_mole)                : get_mole O - H -> nbonds: 3
03/25 11:41 [DEBUG] cshmd.analysis (find_bond)               : find_bond Ca - O rcut -> 3.0
03/25 11:41 [DEBUG] cshmd.common (time_wrapper)              : [RUNTIME] get_distance_table in 0.277 seconds
03/25 11:41 [DEBUG] cshmd.analysis (full_search)             : Search layer details
03/25 11:41 [DEBUG] cshmd.analysis (find_bond)               : find_bond Ca - O rcut -> 3.0
03/25 11:41 [DEBUG] cshmd.analysis (find_bond)               : find_bond Si - O rcut -> 2.2
03/25 11:41 [DEBUG] cshmd.analysis (__detail_search_oh_co3)  : No CO3 in basic search
03/25 11:41 [DEBUG] cshmd.analysis (__detail_search_oh_sioh) : Searching 'OH' in 'SiO4
03/25 11:41 [DEBUG] cshmd.analysis (__detail_search_oh_caoh) : No CaOH in basic search. RETURN
03/25 11:41 [INFO] cshmd.analysis (Qn)                       : [Structure] Q1: 0.098
03/25 11:41 [INFO] cshmd.analysis (Qn)                       : [Structure] Q2: 0.902
03/25 11:41 [INFO] cshmd.analysis (CS)                       : [Structure] C/S: 0.787
03/25 11:41 [INFO] cshmd.analysis (validate_tetra)           : [Structure] BT: 220, PT: 512
03/25 11:41 [DEBUG] cshmd.analysis (__init__)                : <class 'cshmd.analysis.Chain'> loaded
03/25 11:41 [DEBUG] cshmd.analysis (__init__)                : <class 'cshmd.analysis.Chain'> loaded
03/25 11:41 [INFO] cshmd.analysis (validate_tetra)           : [Structure] CL : 5 5 8 8 8 8 8 8 11 11 11 11 11 11 11 11 14 14
03/25 11:41 [INFO] cshmd.analysis (validate_tetra)           : [Structure] MCL : 9.666666666666666
03/25 11:41 [INFO] cshmd.builder (update_manager)            : [Structure] Number of atoms: 5504 -> 5432
03/25 11:41 [INFO] csh_builder (main)                        : [Structure] Reading command 'terminate_NBO'...
03/25 11:41 [INFO] csh_builder (main)                        : [Structure] with arguments 'ratio: 0'...
03/25 11:41 [INFO] cshmd.builder (terminate_NBO)             : Do not run terminate, ratio == 0
03/25 11:41 [INFO] cshmd.structure (writeCif)                : L10.cif was created
03/25 11:41 [INFO] cshmd.builder (out_model)                 : Total Charge: -184
03/25 11:41 [INFO] csh_builder (main)                        : ----------------------------------------------------------------------
03/25 11:41 [INFO] csh_builder (main)                        : ----------------------------------------------------------------------
03/25 11:41 [INFO] cshmd.structure (__init__)                : /Users/kimuni/bin/kimuni/cshmd/data/resources/cif/T14_111_term.cif was loaded
03/25 11:41 [DEBUG] cshmd.analysis (__init__)                : [Structure] Now new data setted for get Bonds
03/25 11:41 [DEBUG] cshmd.analysis (__del_bond__)            : del -> Si_O O_H H_O Ca_O C_O BO
03/25 11:41 [DEBUG] cshmd.analysis (__initialize_mole__)     : initalize -> H2O SiO4 OH CO3 H3O
03/25 11:41 [DEBUG] cshmd.analysis (__initialize_mole__)     : initalize -> SiOH CaOH HCO3 H2CO3 H3CO3
03/25 11:41 [DEBUG] cshmd.analysis (find_bond)               : find_bond O - H rcut -> 1.2
03/25 11:41 [DEBUG] cshmd.common (time_wrapper)              : [RUNTIME] get_distance_table in 0.000 seconds
03/25 11:41 [DEBUG] cshmd.analysis (get_mole)                : get_mole O - H -> nbonds: 2
03/25 11:41 [DEBUG] cshmd.analysis (find_bond)               : find_bond Si - O rcut -> 2.2
03/25 11:41 [DEBUG] cshmd.common (time_wrapper)              : [RUNTIME] get_distance_table in 0.000 seconds
03/25 11:41 [DEBUG] cshmd.analysis (get_mole)                : get_mole Si - O -> nbonds: 4
03/25 11:41 [DEBUG] cshmd.analysis (get_mole)                : get_mole O - H -> nbonds: 1
03/25 11:41 [DEBUG] cshmd.analysis (find_bond)               : find_bond C - O rcut -> 1.6
03/25 11:41 [DEBUG] cshmd.analysis (get_mole)                : get_mole C - O -> nbonds: 3
03/25 11:41 [DEBUG] cshmd.analysis (get_mole)                : get_mole O - H -> nbonds: 3
03/25 11:41 [DEBUG] cshmd.analysis (find_bond)               : find_bond Ca - O rcut -> 3.0
03/25 11:41 [DEBUG] cshmd.common (time_wrapper)              : [RUNTIME] get_distance_table in 0.000 seconds
03/25 11:41 [DEBUG] cshmd.analysis (full_search)             : Search layer details
03/25 11:41 [DEBUG] cshmd.analysis (find_bond)               : find_bond Ca - O rcut -> 3.0
03/25 11:41 [DEBUG] cshmd.analysis (find_bond)               : find_bond Si - O rcut -> 2.2
03/25 11:41 [DEBUG] cshmd.analysis (__detail_search_oh_co3)  : No CO3 in basic search
03/25 11:41 [DEBUG] cshmd.analysis (__detail_search_oh_sioh) : Searching 'OH' in 'SiO4
03/25 11:41 [DEBUG] cshmd.analysis (__detail_search_oh_caoh) : No CaOH in basic search. RETURN
03/25 11:41 [INFO] cshmd.analysis (Qn)                       : [Structure] Q2: 1.000
03/25 11:41 [INFO] cshmd.analysis (CS)                       : [Structure] C/S: 0.750
03/25 11:41 [INFO] cshmd.analysis (validate_tetra)           : [Structure] BT: 4, PT: 8
03/25 11:41 [DEBUG] cshmd.analysis (__init__)                : <class 'cshmd.analysis.Chain'> loaded
03/25 11:41 [DEBUG] cshmd.analysis (__init__)                : <class 'cshmd.analysis.Chain'> loaded
03/25 11:41 [INFO] cshmd.analysis (validate_tetra)           : [Structure] CL : 3
03/25 11:41 [INFO] cshmd.analysis (validate_tetra)           : [Structure] MCL : 3.0
03/25 11:41 [INFO] csh_builder (main)                        : [Structure] Reading command 'supercell'...
03/25 11:41 [INFO] csh_builder (main)                        : [Structure] with arguments 'supercell: [8, 8, 1]'...
03/25 11:41 [INFO] cshmd.structure (makeSupercell)           : [Structure] Supercell created 8 * 8 * 1
03/25 11:41 [DEBUG] cshmd.analysis (__init__)                : [Structure] Now new data setted for get Bonds
03/25 11:41 [DEBUG] cshmd.analysis (__del_bond__)            : del -> Si_O O_H H_O Ca_O C_O BO
03/25 11:41 [DEBUG] cshmd.analysis (__initialize_mole__)     : initalize -> H2O SiO4 OH CO3 H3O
03/25 11:41 [DEBUG] cshmd.analysis (__initialize_mole__)     : initalize -> SiOH CaOH HCO3 H2CO3 H3CO3
03/25 11:41 [DEBUG] cshmd.analysis (find_bond)               : find_bond O - H rcut -> 1.2
03/25 11:42 [DEBUG] cshmd.common (time_wrapper)              : [RUNTIME] get_distance_table in 1.667 seconds
03/25 11:42 [DEBUG] cshmd.analysis (get_mole)                : get_mole O - H -> nbonds: 2
03/25 11:42 [DEBUG] cshmd.analysis (find_bond)               : find_bond Si - O rcut -> 2.2
03/25 11:42 [DEBUG] cshmd.common (time_wrapper)              : [RUNTIME] get_distance_table in 0.429 seconds
03/25 11:42 [DEBUG] cshmd.analysis (get_mole)                : get_mole Si - O -> nbonds: 4
03/25 11:42 [DEBUG] cshmd.analysis (get_mole)                : get_mole O - H -> nbonds: 1
03/25 11:42 [DEBUG] cshmd.analysis (find_bond)               : find_bond C - O rcut -> 1.6
03/25 11:42 [DEBUG] cshmd.analysis (get_mole)                : get_mole C - O -> nbonds: 3
03/25 11:42 [DEBUG] cshmd.analysis (get_mole)                : get_mole O - H -> nbonds: 3
03/25 11:42 [DEBUG] cshmd.analysis (find_bond)               : find_bond Ca - O rcut -> 3.0
03/25 11:42 [DEBUG] cshmd.common (time_wrapper)              : [RUNTIME] get_distance_table in 0.268 seconds
03/25 11:42 [DEBUG] cshmd.analysis (full_search)             : Search layer details
03/25 11:42 [DEBUG] cshmd.analysis (find_bond)               : find_bond Ca - O rcut -> 3.0
03/25 11:42 [DEBUG] cshmd.analysis (find_bond)               : find_bond Si - O rcut -> 2.2
03/25 11:42 [DEBUG] cshmd.analysis (__detail_search_oh_co3)  : No CO3 in basic search
03/25 11:42 [DEBUG] cshmd.analysis (__detail_search_oh_sioh) : Searching 'OH' in 'SiO4
03/25 11:42 [DEBUG] cshmd.analysis (__detail_search_oh_caoh) : No CaOH in basic search. RETURN
03/25 11:42 [INFO] cshmd.analysis (Qn)                       : [Structure] Q2: 1.000
03/25 11:42 [INFO] cshmd.analysis (CS)                       : [Structure] C/S: 0.750
03/25 11:42 [INFO] cshmd.analysis (validate_tetra)           : [Structure] BT: 256, PT: 512
03/25 11:42 [DEBUG] cshmd.analysis (__init__)                : <class 'cshmd.analysis.Chain'> loaded
03/25 11:42 [DEBUG] cshmd.analysis (__init__)                : <class 'cshmd.analysis.Chain'> loaded
03/25 11:42 [INFO] cshmd.analysis (validate_tetra)           : [Structure] CL : 24 24 24 24 24 24 24 24
03/25 11:42 [INFO] cshmd.analysis (validate_tetra)           : [Structure] MCL : 24.0
03/25 11:42 [INFO] cshmd.builder (update_manager)            : [Structure] Number of atoms: 86 -> 5504
03/25 11:42 [INFO] csh_builder (main)                        : [Structure] Reading command 'defect_BT'...
03/25 11:42 [INFO] csh_builder (main)                        : [Structure] with arguments 'MCL: 12 termination: False add: Ca'...
03/25 11:42 [INFO] cshmd.builder (defect_BT)                 : [Structure] Termination scope: False
03/25 11:42 [INFO] cshmd.builder (defect_BT)                 : [Structure] Exists 64 Bridging Tetra in 'top' side
03/25 11:42 [INFO] cshmd.structure (add_Ca)                  : [Structure] Add Ca
03/25 11:42 [INFO] cshmd.builder (defect_BT)                 : [Structure] Exists 64 Bridging Tetra in 'bottom' side
03/25 11:42 [INFO] cshmd.structure (add_Ca)                  : [Structure] Add Ca
03/25 11:42 [INFO] cshmd.structure (check_rm_list)           : Delete 90 atoms in rm_list
03/25 11:42 [DEBUG] cshmd.analysis (__init__)                : [Structure] Now new data setted for get Bonds
03/25 11:42 [DEBUG] cshmd.analysis (__del_bond__)            : del -> Si_O O_H H_O Ca_O C_O BO
03/25 11:42 [DEBUG] cshmd.analysis (__initialize_mole__)     : initalize -> H2O SiO4 OH CO3 H3O
03/25 11:42 [DEBUG] cshmd.analysis (__initialize_mole__)     : initalize -> SiOH CaOH HCO3 H2CO3 H3CO3
03/25 11:42 [DEBUG] cshmd.analysis (find_bond)               : find_bond O - H rcut -> 1.2
03/25 11:42 [DEBUG] cshmd.common (time_wrapper)              : [RUNTIME] get_distance_table in 0.603 seconds
03/25 11:42 [DEBUG] cshmd.analysis (get_mole)                : get_mole O - H -> nbonds: 2
03/25 11:42 [DEBUG] cshmd.analysis (find_bond)               : find_bond Si - O rcut -> 2.2
03/25 11:42 [DEBUG] cshmd.common (time_wrapper)              : [RUNTIME] get_distance_table in 0.336 seconds
03/25 11:42 [DEBUG] cshmd.analysis (get_mole)                : get_mole Si - O -> nbonds: 4
03/25 11:42 [DEBUG] cshmd.analysis (get_mole)                : get_mole O - H -> nbonds: 1
03/25 11:42 [DEBUG] cshmd.analysis (find_bond)               : find_bond C - O rcut -> 1.6
03/25 11:42 [DEBUG] cshmd.analysis (get_mole)                : get_mole C - O -> nbonds: 3
03/25 11:42 [DEBUG] cshmd.analysis (get_mole)                : get_mole O - H -> nbonds: 3
03/25 11:42 [DEBUG] cshmd.analysis (find_bond)               : find_bond Ca - O rcut -> 3.0
03/25 11:42 [DEBUG] cshmd.common (time_wrapper)              : [RUNTIME] get_distance_table in 0.339 seconds
03/25 11:42 [DEBUG] cshmd.analysis (full_search)             : Search layer details
03/25 11:42 [DEBUG] cshmd.analysis (find_bond)               : find_bond Ca - O rcut -> 3.0
03/25 11:42 [DEBUG] cshmd.analysis (find_bond)               : find_bond Si - O rcut -> 2.2
03/25 11:42 [DEBUG] cshmd.analysis (__detail_search_oh_co3)  : No CO3 in basic search
03/25 11:42 [DEBUG] cshmd.analysis (__detail_search_oh_sioh) : Searching 'OH' in 'SiO4
03/25 11:42 [DEBUG] cshmd.analysis (__detail_search_oh_caoh) : No CaOH in basic search. RETURN
03/25 11:42 [INFO] cshmd.analysis (Qn)                       : [Structure] Q1: 0.081
03/25 11:42 [INFO] cshmd.analysis (Qn)                       : [Structure] Q2: 0.919
03/25 11:42 [INFO] cshmd.analysis (CS)                       : [Structure] C/S: 0.780
03/25 11:42 [INFO] cshmd.analysis (validate_tetra)           : [Structure] BT: 226, PT: 512
03/25 11:42 [DEBUG] cshmd.analysis (__init__)                : <class 'cshmd.analysis.Chain'> loaded
03/25 11:42 [DEBUG] cshmd.analysis (__init__)                : <class 'cshmd.analysis.Chain'> loaded
03/25 11:42 [INFO] cshmd.analysis (validate_tetra)           : [Structure] CL : 2 2 5 5 8 8 11 11 14 14 17 17 20 20 23
03/25 11:42 [INFO] cshmd.analysis (validate_tetra)           : [Structure] MCL : 11.8
03/25 11:42 [INFO] cshmd.builder (update_manager)            : [Structure] Number of atoms: 5504 -> 5444
03/25 11:42 [INFO] csh_builder (main)                        : [Structure] Reading command 'terminate_NBO'...
03/25 11:42 [INFO] csh_builder (main)                        : [Structure] with arguments 'ratio: 0'...
03/25 11:42 [INFO] cshmd.builder (terminate_NBO)             : Do not run terminate, ratio == 0
03/25 11:42 [INFO] cshmd.structure (writeCif)                : L12.cif was created
03/25 11:42 [INFO] cshmd.builder (out_model)                 : Total Charge: -196
03/25 11:42 [INFO] csh_builder (main)                        : ----------------------------------------------------------------------
03/25 11:43 [INFO] csh_builder (main)                        : ----------------------------------------------------------------------
03/25 11:43 [INFO] cshmd.structure (__init__)                : /Users/kimuni/bin/kimuni/cshmd/data/resources/cif/T14_111_term.cif was loaded
03/25 11:43 [DEBUG] cshmd.analysis (__init__)                : [Structure] Now new data setted for get Bonds
03/25 11:43 [DEBUG] cshmd.analysis (__del_bond__)            : del -> Si_O O_H H_O Ca_O C_O BO
03/25 11:43 [DEBUG] cshmd.analysis (__initialize_mole__)     : initalize -> H2O SiO4 OH CO3 H3O
03/25 11:43 [DEBUG] cshmd.analysis (__initialize_mole__)     : initalize -> SiOH CaOH HCO3 H2CO3 H3CO3
03/25 11:43 [INFO] cshmd.analysis (__init__)                 : Not any C-S-H Model
03/25 11:43 [DEBUG] cshmd.analysis (find_bond)               : find_bond O - H rcut -> 1.2
03/25 11:43 [DEBUG] cshmd.common (time_wrapper)              : [RUNTIME] get_distance_table in 0.000 seconds
03/25 11:43 [DEBUG] cshmd.analysis (get_mole)                : get_mole O - H -> nbonds: 2
03/25 11:43 [DEBUG] cshmd.analysis (find_bond)               : find_bond Si - O rcut -> 2.2
03/25 11:43 [DEBUG] cshmd.common (time_wrapper)              : [RUNTIME] get_distance_table in 0.000 seconds
03/25 11:43 [DEBUG] cshmd.analysis (get_mole)                : get_mole Si - O -> nbonds: 4
03/25 11:43 [DEBUG] cshmd.analysis (get_mole)                : get_mole O - H -> nbonds: 1
03/25 11:43 [DEBUG] cshmd.analysis (find_bond)               : find_bond C - O rcut -> 1.6
03/25 11:43 [DEBUG] cshmd.analysis (get_mole)                : get_mole C - O -> nbonds: 3
03/25 11:43 [DEBUG] cshmd.analysis (get_mole)                : get_mole O - H -> nbonds: 3
03/25 11:43 [DEBUG] cshmd.analysis (find_bond)               : find_bond Ca - O rcut -> 3.0
03/25 11:43 [DEBUG] cshmd.common (time_wrapper)              : [RUNTIME] get_distance_table in 0.000 seconds
03/25 11:43 [DEBUG] cshmd.analysis (full_search)             : Search layer details
03/25 11:43 [DEBUG] cshmd.analysis (find_bond)               : find_bond Ca - O rcut -> 3.0
03/25 11:43 [DEBUG] cshmd.analysis (find_bond)               : find_bond Si - O rcut -> 2.2
03/25 11:43 [DEBUG] cshmd.analysis (__detail_search_oh_co3)  : No CO3 in basic search
03/25 11:43 [DEBUG] cshmd.analysis (__detail_search_oh_sioh) : Searching 'OH' in 'SiO4
03/25 11:43 [DEBUG] cshmd.analysis (__detail_search_oh_caoh) : No CaOH in basic search. RETURN
03/25 11:43 [INFO] cshmd.analysis (Qn)                       : [Structure] Q2: 1.000
03/25 11:43 [INFO] cshmd.analysis (CS)                       : [Structure] C/S: 0.750
03/25 11:43 [INFO] cshmd.analysis (validate_tetra)           : [Structure] BT: 4, PT: 8
03/25 11:43 [DEBUG] cshmd.analysis (__init__)                : <class 'cshmd.analysis.Chain'> loaded
03/25 11:43 [DEBUG] cshmd.analysis (__init__)                : <class 'cshmd.analysis.Chain'> loaded
03/25 11:43 [INFO] cshmd.analysis (validate_tetra)           : [Structure] CL : 3
03/25 11:43 [INFO] cshmd.analysis (validate_tetra)           : [Structure] MCL : 3.0
03/25 11:43 [INFO] csh_builder (main)                        : [Structure] Reading command 'supercell'...
03/25 11:43 [INFO] csh_builder (main)                        : [Structure] with arguments 'supercell: [8, 8, 1]'...
03/25 11:43 [INFO] cshmd.structure (makeSupercell)           : [Structure] Supercell created 8 * 8 * 1
03/25 11:43 [DEBUG] cshmd.analysis (__init__)                : [Structure] Now new data setted for get Bonds
03/25 11:43 [DEBUG] cshmd.analysis (__del_bond__)            : del -> Si_O O_H H_O Ca_O C_O BO
03/25 11:43 [DEBUG] cshmd.analysis (__initialize_mole__)     : initalize -> H2O SiO4 OH CO3 H3O
03/25 11:43 [DEBUG] cshmd.analysis (__initialize_mole__)     : initalize -> SiOH CaOH HCO3 H2CO3 H3CO3
03/25 11:43 [DEBUG] cshmd.analysis (find_bond)               : find_bond O - H rcut -> 1.2
03/25 11:43 [DEBUG] cshmd.common (time_wrapper)              : [RUNTIME] get_distance_table in 0.633 seconds
03/25 11:43 [DEBUG] cshmd.analysis (get_mole)                : get_mole O - H -> nbonds: 2
03/25 11:43 [DEBUG] cshmd.analysis (find_bond)               : find_bond Si - O rcut -> 2.2
03/25 11:43 [DEBUG] cshmd.common (time_wrapper)              : [RUNTIME] get_distance_table in 0.394 seconds
03/25 11:43 [DEBUG] cshmd.analysis (get_mole)                : get_mole Si - O -> nbonds: 4
03/25 11:43 [DEBUG] cshmd.analysis (get_mole)                : get_mole O - H -> nbonds: 1
03/25 11:43 [DEBUG] cshmd.analysis (find_bond)               : find_bond C - O rcut -> 1.6
03/25 11:43 [DEBUG] cshmd.analysis (get_mole)                : get_mole C - O -> nbonds: 3
03/25 11:43 [DEBUG] cshmd.analysis (get_mole)                : get_mole O - H -> nbonds: 3
03/25 11:43 [DEBUG] cshmd.analysis (find_bond)               : find_bond Ca - O rcut -> 3.0
03/25 11:43 [DEBUG] cshmd.common (time_wrapper)              : [RUNTIME] get_distance_table in 0.296 seconds
03/25 11:43 [DEBUG] cshmd.analysis (full_search)             : Search layer details
03/25 11:43 [DEBUG] cshmd.analysis (find_bond)               : find_bond Ca - O rcut -> 3.0
03/25 11:43 [DEBUG] cshmd.analysis (find_bond)               : find_bond Si - O rcut -> 2.2
03/25 11:43 [DEBUG] cshmd.analysis (__detail_search_oh_co3)  : No CO3 in basic search
03/25 11:43 [DEBUG] cshmd.analysis (__detail_search_oh_sioh) : Searching 'OH' in 'SiO4
03/25 11:43 [DEBUG] cshmd.analysis (__detail_search_oh_caoh) : No CaOH in basic search. RETURN
03/25 11:43 [INFO] cshmd.analysis (Qn)                       : [Structure] Q2: 1.000
03/25 11:43 [INFO] cshmd.analysis (CS)                       : [Structure] C/S: 0.750
03/25 11:43 [INFO] cshmd.analysis (validate_tetra)           : [Structure] BT: 256, PT: 512
03/25 11:43 [DEBUG] cshmd.analysis (__init__)                : <class 'cshmd.analysis.Chain'> loaded
03/25 11:43 [DEBUG] cshmd.analysis (__init__)                : <class 'cshmd.analysis.Chain'> loaded
03/25 11:43 [INFO] cshmd.analysis (validate_tetra)           : [Structure] CL : 24 24 24 24 24 24 24 24
03/25 11:43 [INFO] cshmd.analysis (validate_tetra)           : [Structure] MCL : 24.0
03/25 11:43 [INFO] cshmd.builder (update_manager)            : [Structure] Number of atoms: 86 -> 5504
03/25 11:43 [INFO] csh_builder (main)                        : [Structure] Reading command 'defect_BT'...
03/25 11:43 [INFO] csh_builder (main)                        : [Structure] with arguments 'scope: all termination: False add: Ca'...
03/25 11:43 [INFO] cshmd.builder (defect_BT)                 : [Structure] Termination scope: False
03/25 11:43 [INFO] cshmd.builder (defect_BT)                 : [Structure] Exists 64 Bridging Tetra in 'top' side
03/25 11:43 [INFO] cshmd.structure (add_Ca)                  : [Structure] Add Ca
03/25 11:43 [INFO] cshmd.builder (defect_BT)                 : [Structure] Exists 64 Bridging Tetra in 'bottom' side
03/25 11:43 [INFO] cshmd.structure (add_Ca)                  : [Structure] Add Ca
03/25 11:43 [INFO] cshmd.structure (check_rm_list)           : Delete 384 atoms in rm_list
03/25 11:43 [DEBUG] cshmd.analysis (__init__)                : [Structure] Now new data setted for get Bonds
03/25 11:43 [DEBUG] cshmd.analysis (__del_bond__)            : del -> Si_O O_H H_O Ca_O C_O BO
03/25 11:43 [DEBUG] cshmd.analysis (__initialize_mole__)     : initalize -> H2O SiO4 OH CO3 H3O
03/25 11:43 [DEBUG] cshmd.analysis (__initialize_mole__)     : initalize -> SiOH CaOH HCO3 H2CO3 H3CO3
03/25 11:43 [DEBUG] cshmd.analysis (find_bond)               : find_bond O - H rcut -> 1.2
03/25 11:43 [DEBUG] cshmd.common (time_wrapper)              : [RUNTIME] get_distance_table in 0.565 seconds
03/25 11:43 [DEBUG] cshmd.analysis (get_mole)                : get_mole O - H -> nbonds: 2
03/25 11:43 [DEBUG] cshmd.analysis (find_bond)               : find_bond Si - O rcut -> 2.2
03/25 11:43 [DEBUG] cshmd.common (time_wrapper)              : [RUNTIME] get_distance_table in 0.306 seconds
03/25 11:43 [DEBUG] cshmd.analysis (get_mole)                : get_mole Si - O -> nbonds: 4
03/25 11:43 [DEBUG] cshmd.analysis (get_mole)                : get_mole O - H -> nbonds: 1
03/25 11:43 [DEBUG] cshmd.analysis (find_bond)               : find_bond C - O rcut -> 1.6
03/25 11:43 [DEBUG] cshmd.analysis (get_mole)                : get_mole C - O -> nbonds: 3
03/25 11:43 [DEBUG] cshmd.analysis (get_mole)                : get_mole O - H -> nbonds: 3
03/25 11:43 [DEBUG] cshmd.analysis (find_bond)               : find_bond Ca - O rcut -> 3.0
03/25 11:43 [DEBUG] cshmd.common (time_wrapper)              : [RUNTIME] get_distance_table in 0.322 seconds
03/25 11:43 [DEBUG] cshmd.analysis (full_search)             : Search layer details
03/25 11:43 [DEBUG] cshmd.analysis (find_bond)               : find_bond Ca - O rcut -> 3.0
03/25 11:43 [DEBUG] cshmd.analysis (find_bond)               : find_bond Si - O rcut -> 2.2
03/25 11:43 [DEBUG] cshmd.analysis (__detail_search_oh_co3)  : No CO3 in basic search
03/25 11:43 [DEBUG] cshmd.analysis (__detail_search_oh_sioh) : Searching 'OH' in 'SiO4
03/25 11:43 [DEBUG] cshmd.analysis (__detail_search_oh_caoh) : No CaOH in basic search. RETURN
03/25 11:43 [INFO] cshmd.analysis (Qn)                       : [Structure] Q1: 0.400
03/25 11:43 [INFO] cshmd.analysis (Qn)                       : [Structure] Q2: 0.600
03/25 11:43 [INFO] cshmd.analysis (CS)                       : [Structure] C/S: 0.900
03/25 11:43 [INFO] cshmd.analysis (validate_tetra)           : [Structure] BT: 128, PT: 512
03/25 11:43 [DEBUG] cshmd.analysis (__init__)                : <class 'cshmd.analysis.Chain'> loaded
03/25 11:43 [DEBUG] cshmd.analysis (__init__)                : <class 'cshmd.analysis.Chain'> loaded
03/25 11:43 [INFO] cshmd.analysis (validate_tetra)           : [Structure] CL : 2 2 2 2 2 2 2 2 2 2 2 2 2 2 2 2 2 2 2 2 2 2 2 2 2 2 2 2 2 2 2 2 2 2 2 2 2 2 2 2 2 2 2 2 2 2 2 2 2 2 2 2 2 2 2 2 2 2 2 2 2 2 2 2
03/25 11:43 [INFO] cshmd.analysis (validate_tetra)           : [Structure] MCL : 2.0
03/25 11:43 [INFO] cshmd.builder (update_manager)            : [Structure] Number of atoms: 5504 -> 5248
03/25 11:43 [INFO] csh_builder (main)                        : [Structure] Reading command 'terminate_NBO'...
03/25 11:43 [INFO] csh_builder (main)                        : [Structure] with arguments 'ratio: 0'...
03/25 11:43 [INFO] cshmd.builder (terminate_NBO)             : Do not run terminate, ratio == 0
03/25 11:43 [INFO] cshmd.structure (writeCif)                : L02.cif was created
03/25 11:43 [INFO] cshmd.builder (out_model)                 : Total Charge: 0
03/25 11:43 [INFO] csh_builder (main)                        : ----------------------------------------------------------------------
03/25 11:43 [INFO] csh_builder (main)                        : ----------------------------------------------------------------------
03/25 11:43 [INFO] cshmd.structure (__init__)                : /Users/kimuni/bin/kimuni/cshmd/data/resources/cif/T14_111_term.cif was loaded
03/25 11:43 [DEBUG] cshmd.analysis (__init__)                : [Structure] Now new data setted for get Bonds
03/25 11:43 [DEBUG] cshmd.analysis (__del_bond__)            : del -> Si_O O_H H_O Ca_O C_O BO
03/25 11:43 [DEBUG] cshmd.analysis (__initialize_mole__)     : initalize -> H2O SiO4 OH CO3 H3O
03/25 11:43 [DEBUG] cshmd.analysis (__initialize_mole__)     : initalize -> SiOH CaOH HCO3 H2CO3 H3CO3
03/25 11:43 [DEBUG] cshmd.analysis (find_bond)               : find_bond O - H rcut -> 1.2
03/25 11:43 [DEBUG] cshmd.common (time_wrapper)              : [RUNTIME] get_distance_table in 0.000 seconds
03/25 11:43 [DEBUG] cshmd.analysis (get_mole)                : get_mole O - H -> nbonds: 2
03/25 11:43 [DEBUG] cshmd.analysis (find_bond)               : find_bond Si - O rcut -> 2.2
03/25 11:43 [DEBUG] cshmd.common (time_wrapper)              : [RUNTIME] get_distance_table in 0.000 seconds
03/25 11:43 [DEBUG] cshmd.analysis (get_mole)                : get_mole Si - O -> nbonds: 4
03/25 11:43 [DEBUG] cshmd.analysis (get_mole)                : get_mole O - H -> nbonds: 1
03/25 11:43 [DEBUG] cshmd.analysis (find_bond)               : find_bond C - O rcut -> 1.6
03/25 11:43 [DEBUG] cshmd.analysis (get_mole)                : get_mole C - O -> nbonds: 3
03/25 11:43 [DEBUG] cshmd.analysis (get_mole)                : get_mole O - H -> nbonds: 3
03/25 11:43 [DEBUG] cshmd.analysis (find_bond)               : find_bond Ca - O rcut -> 3.0
03/25 11:43 [DEBUG] cshmd.common (time_wrapper)              : [RUNTIME] get_distance_table in 0.000 seconds
03/25 11:43 [DEBUG] cshmd.analysis (full_search)             : Search layer details
03/25 11:43 [DEBUG] cshmd.analysis (find_bond)               : find_bond Ca - O rcut -> 3.0
03/25 11:43 [DEBUG] cshmd.analysis (find_bond)               : find_bond Si - O rcut -> 2.2
03/25 11:43 [DEBUG] cshmd.analysis (__detail_search_oh_co3)  : No CO3 in basic search
03/25 11:43 [DEBUG] cshmd.analysis (__detail_search_oh_sioh) : Searching 'OH' in 'SiO4
03/25 11:43 [DEBUG] cshmd.analysis (__detail_search_oh_caoh) : No CaOH in basic search. RETURN
03/25 11:43 [INFO] cshmd.analysis (Qn)                       : [Structure] Q2: 1.000
03/25 11:43 [INFO] cshmd.analysis (CS)                       : [Structure] C/S: 0.750
03/25 11:43 [INFO] cshmd.analysis (validate_tetra)           : [Structure] BT: 4, PT: 8
03/25 11:43 [DEBUG] cshmd.analysis (__init__)                : <class 'cshmd.analysis.Chain'> loaded
03/25 11:43 [DEBUG] cshmd.analysis (__init__)                : <class 'cshmd.analysis.Chain'> loaded
03/25 11:43 [INFO] cshmd.analysis (validate_tetra)           : [Structure] CL : 3
03/25 11:43 [INFO] cshmd.analysis (validate_tetra)           : [Structure] MCL : 3.0
03/25 11:43 [INFO] csh_builder (main)                        : [Structure] Reading command 'supercell'...
03/25 11:43 [INFO] csh_builder (main)                        : [Structure] with arguments 'supercell: [8, 8, 1]'...
03/25 11:43 [INFO] cshmd.structure (makeSupercell)           : [Structure] Supercell created 8 * 8 * 1
03/25 11:43 [DEBUG] cshmd.analysis (__init__)                : [Structure] Now new data setted for get Bonds
03/25 11:43 [DEBUG] cshmd.analysis (__del_bond__)            : del -> Si_O O_H H_O Ca_O C_O BO
03/25 11:43 [DEBUG] cshmd.analysis (__initialize_mole__)     : initalize -> H2O SiO4 OH CO3 H3O
03/25 11:43 [DEBUG] cshmd.analysis (__initialize_mole__)     : initalize -> SiOH CaOH HCO3 H2CO3 H3CO3
03/25 11:43 [DEBUG] cshmd.analysis (find_bond)               : find_bond O - H rcut -> 1.2
03/25 11:43 [DEBUG] cshmd.common (time_wrapper)              : [RUNTIME] get_distance_table in 0.616 seconds
03/25 11:43 [DEBUG] cshmd.analysis (get_mole)                : get_mole O - H -> nbonds: 2
03/25 11:43 [DEBUG] cshmd.analysis (find_bond)               : find_bond Si - O rcut -> 2.2
03/25 11:43 [DEBUG] cshmd.common (time_wrapper)              : [RUNTIME] get_distance_table in 0.377 seconds
03/25 11:43 [DEBUG] cshmd.analysis (get_mole)                : get_mole Si - O -> nbonds: 4
03/25 11:43 [DEBUG] cshmd.analysis (get_mole)                : get_mole O - H -> nbonds: 1
03/25 11:43 [DEBUG] cshmd.analysis (find_bond)               : find_bond C - O rcut -> 1.6
03/25 11:43 [DEBUG] cshmd.analysis (get_mole)                : get_mole C - O -> nbonds: 3
03/25 11:43 [DEBUG] cshmd.analysis (get_mole)                : get_mole O - H -> nbonds: 3
03/25 11:43 [DEBUG] cshmd.analysis (find_bond)               : find_bond Ca - O rcut -> 3.0
03/25 11:44 [DEBUG] cshmd.common (time_wrapper)              : [RUNTIME] get_distance_table in 0.263 seconds
03/25 11:44 [DEBUG] cshmd.analysis (full_search)             : Search layer details
03/25 11:44 [DEBUG] cshmd.analysis (find_bond)               : find_bond Ca - O rcut -> 3.0
03/25 11:44 [DEBUG] cshmd.analysis (find_bond)               : find_bond Si - O rcut -> 2.2
03/25 11:44 [DEBUG] cshmd.analysis (__detail_search_oh_co3)  : No CO3 in basic search
03/25 11:44 [DEBUG] cshmd.analysis (__detail_search_oh_sioh) : Searching 'OH' in 'SiO4
03/25 11:44 [DEBUG] cshmd.analysis (__detail_search_oh_caoh) : No CaOH in basic search. RETURN
03/25 11:44 [INFO] cshmd.analysis (Qn)                       : [Structure] Q2: 1.000
03/25 11:44 [INFO] cshmd.analysis (CS)                       : [Structure] C/S: 0.750
03/25 11:44 [INFO] cshmd.analysis (validate_tetra)           : [Structure] BT: 256, PT: 512
03/25 11:44 [DEBUG] cshmd.analysis (__init__)                : <class 'cshmd.analysis.Chain'> loaded
03/25 11:44 [DEBUG] cshmd.analysis (__init__)                : <class 'cshmd.analysis.Chain'> loaded
03/25 11:44 [INFO] cshmd.analysis (validate_tetra)           : [Structure] CL : 24 24 24 24 24 24 24 24
03/25 11:44 [INFO] cshmd.analysis (validate_tetra)           : [Structure] MCL : 24.0
03/25 11:44 [INFO] cshmd.builder (update_manager)            : [Structure] Number of atoms: 86 -> 5504
03/25 11:44 [INFO] csh_builder (main)                        : [Structure] Reading command 'defect_BT'...
03/25 11:44 [INFO] csh_builder (main)                        : [Structure] with arguments 'MCL: 4 termination: False add: Ca'...
03/25 11:44 [INFO] cshmd.builder (defect_BT)                 : [Structure] Termination scope: False
03/25 11:44 [INFO] cshmd.builder (defect_BT)                 : [Structure] Exists 64 Bridging Tetra in 'top' side
03/25 11:44 [INFO] cshmd.structure (add_Ca)                  : [Structure] Add Ca
03/25 11:44 [INFO] cshmd.builder (defect_BT)                 : [Structure] Exists 64 Bridging Tetra in 'bottom' side
03/25 11:44 [INFO] cshmd.structure (add_Ca)                  : [Structure] Add Ca
03/25 11:44 [INFO] cshmd.structure (check_rm_list)           : Delete 234 atoms in rm_list
03/25 11:44 [DEBUG] cshmd.analysis (__init__)                : [Structure] Now new data setted for get Bonds
03/25 11:44 [DEBUG] cshmd.analysis (__del_bond__)            : del -> Si_O O_H H_O Ca_O C_O BO
03/25 11:44 [DEBUG] cshmd.analysis (__initialize_mole__)     : initalize -> H2O SiO4 OH CO3 H3O
03/25 11:44 [DEBUG] cshmd.analysis (__initialize_mole__)     : initalize -> SiOH CaOH HCO3 H2CO3 H3CO3
03/25 11:44 [DEBUG] cshmd.analysis (find_bond)               : find_bond O - H rcut -> 1.2
03/25 11:44 [DEBUG] cshmd.common (time_wrapper)              : [RUNTIME] get_distance_table in 0.688 seconds
03/25 11:44 [DEBUG] cshmd.analysis (get_mole)                : get_mole O - H -> nbonds: 2
03/25 11:44 [DEBUG] cshmd.analysis (find_bond)               : find_bond Si - O rcut -> 2.2
03/25 11:44 [DEBUG] cshmd.common (time_wrapper)              : [RUNTIME] get_distance_table in 0.375 seconds
03/25 11:44 [DEBUG] cshmd.analysis (get_mole)                : get_mole Si - O -> nbonds: 4
03/25 11:44 [DEBUG] cshmd.analysis (get_mole)                : get_mole O - H -> nbonds: 1
03/25 11:44 [DEBUG] cshmd.analysis (find_bond)               : find_bond C - O rcut -> 1.6
03/25 11:44 [DEBUG] cshmd.analysis (get_mole)                : get_mole C - O -> nbonds: 3
03/25 11:44 [DEBUG] cshmd.analysis (get_mole)                : get_mole O - H -> nbonds: 3
03/25 11:44 [DEBUG] cshmd.analysis (find_bond)               : find_bond Ca - O rcut -> 3.0
03/25 11:44 [DEBUG] cshmd.common (time_wrapper)              : [RUNTIME] get_distance_table in 0.330 seconds
03/25 11:44 [DEBUG] cshmd.analysis (full_search)             : Search layer details
03/25 11:44 [DEBUG] cshmd.analysis (find_bond)               : find_bond Ca - O rcut -> 3.0
03/25 11:44 [DEBUG] cshmd.analysis (find_bond)               : find_bond Si - O rcut -> 2.2
03/25 11:44 [DEBUG] cshmd.analysis (__detail_search_oh_co3)  : No CO3 in basic search
03/25 11:44 [DEBUG] cshmd.analysis (__detail_search_oh_sioh) : Searching 'OH' in 'SiO4
03/25 11:44 [DEBUG] cshmd.analysis (__detail_search_oh_caoh) : No CaOH in basic search. RETURN
03/25 11:44 [INFO] cshmd.analysis (Qn)                       : [Structure] Q1: 0.226
03/25 11:44 [INFO] cshmd.analysis (Qn)                       : [Structure] Q2: 0.774
03/25 11:44 [INFO] cshmd.analysis (CS)                       : [Structure] C/S: 0.835
03/25 11:44 [INFO] cshmd.analysis (validate_tetra)           : [Structure] BT: 178, PT: 512
03/25 11:44 [DEBUG] cshmd.analysis (__init__)                : <class 'cshmd.analysis.Chain'> loaded
03/25 11:44 [DEBUG] cshmd.analysis (__init__)                : <class 'cshmd.analysis.Chain'> loaded
03/25 11:44 [INFO] cshmd.analysis (validate_tetra)           : [Structure] CL : 2 2 2 2 2 2 2 2 2 2 2 2 2 2 5 5 5 5 5 5 5 5 5 5 5 5 5 5 5 5 5 5 5 5 5 5 5 5 5
03/25 11:44 [INFO] cshmd.analysis (validate_tetra)           : [Structure] MCL : 3.923076923076923
03/25 11:44 [INFO] cshmd.builder (update_manager)            : [Structure] Number of atoms: 5504 -> 5348
03/25 11:44 [INFO] csh_builder (main)                        : [Structure] Reading command 'terminate_NBO'...
03/25 11:44 [INFO] csh_builder (main)                        : [Structure] with arguments 'ratio: 0'...
03/25 11:44 [INFO] cshmd.builder (terminate_NBO)             : Do not run terminate, ratio == 0
03/25 11:44 [INFO] csh_builder (main)                        : [Structure] Reading command 'add_BT'...
03/25 11:44 [INFO] csh_builder (main)                        : [Structure] with arguments 'auto: False add: Ca'...
03/25 11:44 [INFO] cshmd.builder (add_BT)                    : [Structure] 'Add Ca above all Bridging Tetra'
03/25 11:44 [INFO] cshmd.structure (add_Ca)                  : [Structure] Add Ca
03/25 11:44 [INFO] cshmd.structure (add_Ca)                  : [Structure] Add Ca
03/25 11:44 [DEBUG] cshmd.analysis (__init__)                : [Structure] Now new data setted for get Bonds
03/25 11:44 [DEBUG] cshmd.analysis (__del_bond__)            : del -> Si_O O_H H_O Ca_O C_O BO
03/25 11:44 [DEBUG] cshmd.analysis (__initialize_mole__)     : initalize -> H2O SiO4 OH CO3 H3O
03/25 11:44 [DEBUG] cshmd.analysis (__initialize_mole__)     : initalize -> SiOH CaOH HCO3 H2CO3 H3CO3
03/25 11:44 [DEBUG] cshmd.analysis (find_bond)               : find_bond O - H rcut -> 1.2
03/25 11:44 [DEBUG] cshmd.common (time_wrapper)              : [RUNTIME] get_distance_table in 0.568 seconds
03/25 11:44 [DEBUG] cshmd.analysis (get_mole)                : get_mole O - H -> nbonds: 2
03/25 11:44 [DEBUG] cshmd.analysis (find_bond)               : find_bond Si - O rcut -> 2.2
03/25 11:44 [DEBUG] cshmd.common (time_wrapper)              : [RUNTIME] get_distance_table in 0.332 seconds
03/25 11:44 [DEBUG] cshmd.analysis (get_mole)                : get_mole Si - O -> nbonds: 4
03/25 11:44 [DEBUG] cshmd.analysis (get_mole)                : get_mole O - H -> nbonds: 1
03/25 11:44 [DEBUG] cshmd.analysis (find_bond)               : find_bond C - O rcut -> 1.6
03/25 11:44 [DEBUG] cshmd.analysis (get_mole)                : get_mole C - O -> nbonds: 3
03/25 11:44 [DEBUG] cshmd.analysis (get_mole)                : get_mole O - H -> nbonds: 3
03/25 11:44 [DEBUG] cshmd.analysis (find_bond)               : find_bond Ca - O rcut -> 3.0
03/25 11:44 [DEBUG] cshmd.common (time_wrapper)              : [RUNTIME] get_distance_table in 0.329 seconds
03/25 11:44 [DEBUG] cshmd.analysis (full_search)             : Search layer details
03/25 11:44 [DEBUG] cshmd.analysis (find_bond)               : find_bond Ca - O rcut -> 3.0
03/25 11:44 [DEBUG] cshmd.analysis (find_bond)               : find_bond Si - O rcut -> 2.2
03/25 11:44 [DEBUG] cshmd.analysis (__detail_search_oh_co3)  : No CO3 in basic search
03/25 11:44 [DEBUG] cshmd.analysis (__detail_search_oh_sioh) : Searching 'OH' in 'SiO4
03/25 11:44 [DEBUG] cshmd.analysis (__detail_search_oh_caoh) : No CaOH in basic search. RETURN
03/25 11:44 [INFO] cshmd.analysis (Qn)                       : [Structure] Q1: 0.226
03/25 11:44 [INFO] cshmd.analysis (Qn)                       : [Structure] Q2: 0.774
03/25 11:44 [INFO] cshmd.analysis (CS)                       : [Structure] C/S: 0.835
03/25 11:44 [INFO] cshmd.analysis (validate_tetra)           : [Structure] BT: 178, PT: 512
03/25 11:44 [DEBUG] cshmd.analysis (__init__)                : <class 'cshmd.analysis.Chain'> loaded
03/25 11:44 [DEBUG] cshmd.analysis (__init__)                : <class 'cshmd.analysis.Chain'> loaded
03/25 11:44 [INFO] cshmd.analysis (validate_tetra)           : [Structure] CL : 2 2 2 2 2 2 2 2 2 2 2 2 2 2 5 5 5 5 5 5 5 5 5 5 5 5 5 5 5 5 5 5 5 5 5 5 5 5 5
03/25 11:44 [INFO] cshmd.analysis (validate_tetra)           : [Structure] MCL : 3.923076923076923
03/25 11:44 [INFO] cshmd.builder (update_manager)            : [Structure] Number of atoms: 5348 -> 5398
03/25 11:44 [INFO] cshmd.structure (writeCif)                : L04.cif was created
03/25 11:44 [INFO] cshmd.builder (out_model)                 : Total Charge: 0
03/25 11:44 [INFO] csh_builder (main)                        : ----------------------------------------------------------------------
03/25 11:44 [INFO] csh_builder (main)                        : ----------------------------------------------------------------------
03/25 11:44 [INFO] cshmd.structure (__init__)                : /Users/kimuni/bin/kimuni/cshmd/data/resources/cif/T14_111_term.cif was loaded
03/25 11:44 [DEBUG] cshmd.analysis (__init__)                : [Structure] Now new data setted for get Bonds
03/25 11:44 [DEBUG] cshmd.analysis (__del_bond__)            : del -> Si_O O_H H_O Ca_O C_O BO
03/25 11:44 [DEBUG] cshmd.analysis (__initialize_mole__)     : initalize -> H2O SiO4 OH CO3 H3O
03/25 11:44 [DEBUG] cshmd.analysis (__initialize_mole__)     : initalize -> SiOH CaOH HCO3 H2CO3 H3CO3
03/25 11:44 [DEBUG] cshmd.analysis (find_bond)               : find_bond O - H rcut -> 1.2
03/25 11:44 [DEBUG] cshmd.common (time_wrapper)              : [RUNTIME] get_distance_table in 0.000 seconds
03/25 11:44 [DEBUG] cshmd.analysis (get_mole)                : get_mole O - H -> nbonds: 2
03/25 11:44 [DEBUG] cshmd.analysis (find_bond)               : find_bond Si - O rcut -> 2.2
03/25 11:44 [DEBUG] cshmd.common (time_wrapper)              : [RUNTIME] get_distance_table in 0.000 seconds
03/25 11:44 [DEBUG] cshmd.analysis (get_mole)                : get_mole Si - O -> nbonds: 4
03/25 11:44 [DEBUG] cshmd.analysis (get_mole)                : get_mole O - H -> nbonds: 1
03/25 11:44 [DEBUG] cshmd.analysis (find_bond)               : find_bond C - O rcut -> 1.6
03/25 11:44 [DEBUG] cshmd.analysis (get_mole)                : get_mole C - O -> nbonds: 3
03/25 11:44 [DEBUG] cshmd.analysis (get_mole)                : get_mole O - H -> nbonds: 3
03/25 11:44 [DEBUG] cshmd.analysis (find_bond)               : find_bond Ca - O rcut -> 3.0
03/25 11:44 [DEBUG] cshmd.common (time_wrapper)              : [RUNTIME] get_distance_table in 0.000 seconds
03/25 11:44 [DEBUG] cshmd.analysis (full_search)             : Search layer details
03/25 11:44 [DEBUG] cshmd.analysis (find_bond)               : find_bond Ca - O rcut -> 3.0
03/25 11:44 [DEBUG] cshmd.analysis (find_bond)               : find_bond Si - O rcut -> 2.2
03/25 11:44 [DEBUG] cshmd.analysis (__detail_search_oh_co3)  : No CO3 in basic search
03/25 11:44 [DEBUG] cshmd.analysis (__detail_search_oh_sioh) : Searching 'OH' in 'SiO4
03/25 11:44 [DEBUG] cshmd.analysis (__detail_search_oh_caoh) : No CaOH in basic search. RETURN
03/25 11:44 [INFO] cshmd.analysis (Qn)                       : [Structure] Q2: 1.000
03/25 11:44 [INFO] cshmd.analysis (CS)                       : [Structure] C/S: 0.750
03/25 11:44 [INFO] cshmd.analysis (validate_tetra)           : [Structure] BT: 4, PT: 8
03/25 11:44 [DEBUG] cshmd.analysis (__init__)                : <class 'cshmd.analysis.Chain'> loaded
03/25 11:44 [DEBUG] cshmd.analysis (__init__)                : <class 'cshmd.analysis.Chain'> loaded
03/25 11:44 [INFO] cshmd.analysis (validate_tetra)           : [Structure] CL : 3
03/25 11:44 [INFO] cshmd.analysis (validate_tetra)           : [Structure] MCL : 3.0
03/25 11:44 [INFO] csh_builder (main)                        : [Structure] Reading command 'supercell'...
03/25 11:44 [INFO] csh_builder (main)                        : [Structure] with arguments 'supercell: [8, 8, 1]'...
03/25 11:44 [INFO] cshmd.structure (makeSupercell)           : [Structure] Supercell created 8 * 8 * 1
03/25 11:44 [DEBUG] cshmd.analysis (__init__)                : [Structure] Now new data setted for get Bonds
03/25 11:44 [DEBUG] cshmd.analysis (__del_bond__)            : del -> Si_O O_H H_O Ca_O C_O BO
03/25 11:44 [DEBUG] cshmd.analysis (__initialize_mole__)     : initalize -> H2O SiO4 OH CO3 H3O
03/25 11:44 [DEBUG] cshmd.analysis (__initialize_mole__)     : initalize -> SiOH CaOH HCO3 H2CO3 H3CO3
03/25 11:44 [DEBUG] cshmd.analysis (find_bond)               : find_bond O - H rcut -> 1.2
03/25 11:44 [DEBUG] cshmd.common (time_wrapper)              : [RUNTIME] get_distance_table in 0.585 seconds
03/25 11:44 [DEBUG] cshmd.analysis (get_mole)                : get_mole O - H -> nbonds: 2
03/25 11:44 [DEBUG] cshmd.analysis (find_bond)               : find_bond Si - O rcut -> 2.2
03/25 11:44 [DEBUG] cshmd.common (time_wrapper)              : [RUNTIME] get_distance_table in 0.372 seconds
03/25 11:44 [DEBUG] cshmd.analysis (get_mole)                : get_mole Si - O -> nbonds: 4
03/25 11:44 [DEBUG] cshmd.analysis (get_mole)                : get_mole O - H -> nbonds: 1
03/25 11:44 [DEBUG] cshmd.analysis (find_bond)               : find_bond C - O rcut -> 1.6
03/25 11:44 [DEBUG] cshmd.analysis (get_mole)                : get_mole C - O -> nbonds: 3
03/25 11:44 [DEBUG] cshmd.analysis (get_mole)                : get_mole O - H -> nbonds: 3
03/25 11:44 [DEBUG] cshmd.analysis (find_bond)               : find_bond Ca - O rcut -> 3.0
03/25 11:44 [DEBUG] cshmd.common (time_wrapper)              : [RUNTIME] get_distance_table in 0.266 seconds
03/25 11:44 [DEBUG] cshmd.analysis (full_search)             : Search layer details
03/25 11:44 [DEBUG] cshmd.analysis (find_bond)               : find_bond Ca - O rcut -> 3.0
03/25 11:44 [DEBUG] cshmd.analysis (find_bond)               : find_bond Si - O rcut -> 2.2
03/25 11:44 [DEBUG] cshmd.analysis (__detail_search_oh_co3)  : No CO3 in basic search
03/25 11:44 [DEBUG] cshmd.analysis (__detail_search_oh_sioh) : Searching 'OH' in 'SiO4
03/25 11:44 [DEBUG] cshmd.analysis (__detail_search_oh_caoh) : No CaOH in basic search. RETURN
03/25 11:44 [INFO] cshmd.analysis (Qn)                       : [Structure] Q2: 1.000
03/25 11:44 [INFO] cshmd.analysis (CS)                       : [Structure] C/S: 0.750
03/25 11:44 [INFO] cshmd.analysis (validate_tetra)           : [Structure] BT: 256, PT: 512
03/25 11:44 [DEBUG] cshmd.analysis (__init__)                : <class 'cshmd.analysis.Chain'> loaded
03/25 11:44 [DEBUG] cshmd.analysis (__init__)                : <class 'cshmd.analysis.Chain'> loaded
03/25 11:44 [INFO] cshmd.analysis (validate_tetra)           : [Structure] CL : 24 24 24 24 24 24 24 24
03/25 11:44 [INFO] cshmd.analysis (validate_tetra)           : [Structure] MCL : 24.0
03/25 11:44 [INFO] cshmd.builder (update_manager)            : [Structure] Number of atoms: 86 -> 5504
03/25 11:44 [INFO] csh_builder (main)                        : [Structure] Reading command 'defect_BT'...
03/25 11:44 [INFO] csh_builder (main)                        : [Structure] with arguments 'MCL: 6 termination: False add: Ca'...
03/25 11:44 [INFO] cshmd.builder (defect_BT)                 : [Structure] Termination scope: False
03/25 11:44 [INFO] cshmd.builder (defect_BT)                 : [Structure] Exists 64 Bridging Tetra in 'top' side
03/25 11:44 [INFO] cshmd.structure (add_Ca)                  : [Structure] Add Ca
03/25 11:44 [INFO] cshmd.builder (defect_BT)                 : [Structure] Exists 64 Bridging Tetra in 'bottom' side
03/25 11:44 [INFO] cshmd.structure (add_Ca)                  : [Structure] Add Ca
03/25 11:44 [INFO] cshmd.structure (check_rm_list)           : Delete 168 atoms in rm_list
03/25 11:44 [DEBUG] cshmd.analysis (__init__)                : [Structure] Now new data setted for get Bonds
03/25 11:44 [DEBUG] cshmd.analysis (__del_bond__)            : del -> Si_O O_H H_O Ca_O C_O BO
03/25 11:44 [DEBUG] cshmd.analysis (__initialize_mole__)     : initalize -> H2O SiO4 OH CO3 H3O
03/25 11:44 [DEBUG] cshmd.analysis (__initialize_mole__)     : initalize -> SiOH CaOH HCO3 H2CO3 H3CO3
03/25 11:44 [DEBUG] cshmd.analysis (find_bond)               : find_bond O - H rcut -> 1.2
03/25 11:44 [DEBUG] cshmd.common (time_wrapper)              : [RUNTIME] get_distance_table in 0.612 seconds
03/25 11:44 [DEBUG] cshmd.analysis (get_mole)                : get_mole O - H -> nbonds: 2
03/25 11:44 [DEBUG] cshmd.analysis (find_bond)               : find_bond Si - O rcut -> 2.2
03/25 11:44 [DEBUG] cshmd.common (time_wrapper)              : [RUNTIME] get_distance_table in 0.406 seconds
03/25 11:44 [DEBUG] cshmd.analysis (get_mole)                : get_mole Si - O -> nbonds: 4
03/25 11:44 [DEBUG] cshmd.analysis (get_mole)                : get_mole O - H -> nbonds: 1
03/25 11:44 [DEBUG] cshmd.analysis (find_bond)               : find_bond C - O rcut -> 1.6
03/25 11:44 [DEBUG] cshmd.analysis (get_mole)                : get_mole C - O -> nbonds: 3
03/25 11:44 [DEBUG] cshmd.analysis (get_mole)                : get_mole O - H -> nbonds: 3
03/25 11:44 [DEBUG] cshmd.analysis (find_bond)               : find_bond Ca - O rcut -> 3.0
03/25 11:44 [DEBUG] cshmd.common (time_wrapper)              : [RUNTIME] get_distance_table in 1.474 seconds
03/25 11:44 [DEBUG] cshmd.analysis (full_search)             : Search layer details
03/25 11:44 [DEBUG] cshmd.analysis (find_bond)               : find_bond Ca - O rcut -> 3.0
03/25 11:44 [DEBUG] cshmd.analysis (find_bond)               : find_bond Si - O rcut -> 2.2
03/25 11:44 [DEBUG] cshmd.analysis (__detail_search_oh_co3)  : No CO3 in basic search
03/25 11:44 [DEBUG] cshmd.analysis (__detail_search_oh_sioh) : Searching 'OH' in 'SiO4
03/25 11:44 [DEBUG] cshmd.analysis (__detail_search_oh_caoh) : No CaOH in basic search. RETURN
03/25 11:44 [INFO] cshmd.analysis (Qn)                       : [Structure] Q1: 0.157
03/25 11:44 [INFO] cshmd.analysis (Qn)                       : [Structure] Q2: 0.843
03/25 11:44 [INFO] cshmd.analysis (CS)                       : [Structure] C/S: 0.809
03/25 11:44 [INFO] cshmd.analysis (validate_tetra)           : [Structure] BT: 200, PT: 512
03/25 11:44 [DEBUG] cshmd.analysis (__init__)                : <class 'cshmd.analysis.Chain'> loaded
03/25 11:44 [DEBUG] cshmd.analysis (__init__)                : <class 'cshmd.analysis.Chain'> loaded
03/25 11:44 [INFO] cshmd.analysis (validate_tetra)           : [Structure] CL : 2 2 2 5 5 5 5 5 5 5 5 5 5 5 5 5 5 5 8 8 8 8 8 8 8 8 8 11
03/25 11:44 [INFO] cshmd.analysis (validate_tetra)           : [Structure] MCL : 5.857142857142857
03/25 11:44 [INFO] cshmd.builder (update_manager)            : [Structure] Number of atoms: 5504 -> 5392
03/25 11:44 [INFO] csh_builder (main)                        : [Structure] Reading command 'terminate_NBO'...
03/25 11:44 [INFO] csh_builder (main)                        : [Structure] with arguments 'ratio: 0'...
03/25 11:44 [INFO] cshmd.builder (terminate_NBO)             : Do not run terminate, ratio == 0
03/25 11:44 [INFO] csh_builder (main)                        : [Structure] Reading command 'add_BT'...
03/25 11:44 [INFO] csh_builder (main)                        : [Structure] with arguments 'auto: False add: Ca'...
03/25 11:44 [INFO] cshmd.builder (add_BT)                    : [Structure] 'Add Ca above all Bridging Tetra'
03/25 11:44 [INFO] cshmd.structure (add_Ca)                  : [Structure] Add Ca
03/25 11:44 [INFO] cshmd.structure (add_Ca)                  : [Structure] Add Ca
03/25 11:44 [DEBUG] cshmd.analysis (__init__)                : [Structure] Now new data setted for get Bonds
03/25 11:44 [DEBUG] cshmd.analysis (__del_bond__)            : del -> Si_O O_H H_O Ca_O C_O BO
03/25 11:44 [DEBUG] cshmd.analysis (__initialize_mole__)     : initalize -> H2O SiO4 OH CO3 H3O
03/25 11:44 [DEBUG] cshmd.analysis (__initialize_mole__)     : initalize -> SiOH CaOH HCO3 H2CO3 H3CO3
03/25 11:44 [DEBUG] cshmd.analysis (find_bond)               : find_bond O - H rcut -> 1.2
03/25 11:44 [DEBUG] cshmd.common (time_wrapper)              : [RUNTIME] get_distance_table in 0.637 seconds
03/25 11:44 [DEBUG] cshmd.analysis (get_mole)                : get_mole O - H -> nbonds: 2
03/25 11:44 [DEBUG] cshmd.analysis (find_bond)               : find_bond Si - O rcut -> 2.2
03/25 11:44 [DEBUG] cshmd.common (time_wrapper)              : [RUNTIME] get_distance_table in 0.365 seconds
03/25 11:44 [DEBUG] cshmd.analysis (get_mole)                : get_mole Si - O -> nbonds: 4
03/25 11:44 [DEBUG] cshmd.analysis (get_mole)                : get_mole O - H -> nbonds: 1
03/25 11:44 [DEBUG] cshmd.analysis (find_bond)               : find_bond C - O rcut -> 1.6
03/25 11:44 [DEBUG] cshmd.analysis (get_mole)                : get_mole C - O -> nbonds: 3
03/25 11:44 [DEBUG] cshmd.analysis (get_mole)                : get_mole O - H -> nbonds: 3
03/25 11:44 [DEBUG] cshmd.analysis (find_bond)               : find_bond Ca - O rcut -> 3.0
03/25 11:44 [DEBUG] cshmd.common (time_wrapper)              : [RUNTIME] get_distance_table in 0.378 seconds
03/25 11:44 [DEBUG] cshmd.analysis (full_search)             : Search layer details
03/25 11:44 [DEBUG] cshmd.analysis (find_bond)               : find_bond Ca - O rcut -> 3.0
03/25 11:44 [DEBUG] cshmd.analysis (find_bond)               : find_bond Si - O rcut -> 2.2
03/25 11:44 [DEBUG] cshmd.analysis (__detail_search_oh_co3)  : No CO3 in basic search
03/25 11:44 [DEBUG] cshmd.analysis (__detail_search_oh_sioh) : Searching 'OH' in 'SiO4
03/25 11:44 [DEBUG] cshmd.analysis (__detail_search_oh_caoh) : No CaOH in basic search. RETURN
03/25 11:44 [INFO] cshmd.analysis (Qn)                       : [Structure] Q1: 0.157
03/25 11:44 [INFO] cshmd.analysis (Qn)                       : [Structure] Q2: 0.843
03/25 11:44 [INFO] cshmd.analysis (CS)                       : [Structure] C/S: 0.809
03/25 11:44 [INFO] cshmd.analysis (validate_tetra)           : [Structure] BT: 200, PT: 512
03/25 11:44 [DEBUG] cshmd.analysis (__init__)                : <class 'cshmd.analysis.Chain'> loaded
03/25 11:44 [DEBUG] cshmd.analysis (__init__)                : <class 'cshmd.analysis.Chain'> loaded
03/25 11:44 [INFO] cshmd.analysis (validate_tetra)           : [Structure] CL : 2 2 2 5 5 5 5 5 5 5 5 5 5 5 5 5 5 5 8 8 8 8 8 8 8 8 8 11
03/25 11:44 [INFO] cshmd.analysis (validate_tetra)           : [Structure] MCL : 5.857142857142857
03/25 11:44 [INFO] cshmd.builder (update_manager)            : [Structure] Number of atoms: 5392 -> 5464
03/25 11:44 [INFO] cshmd.structure (writeCif)                : L06.cif was created
03/25 11:44 [INFO] cshmd.builder (out_model)                 : Total Charge: 0
03/25 11:44 [INFO] csh_builder (main)                        : ----------------------------------------------------------------------
03/25 11:44 [INFO] csh_builder (main)                        : ----------------------------------------------------------------------
03/25 11:44 [INFO] cshmd.structure (__init__)                : /Users/kimuni/bin/kimuni/cshmd/data/resources/cif/T14_111_term.cif was loaded
03/25 11:44 [DEBUG] cshmd.analysis (__init__)                : [Structure] Now new data setted for get Bonds
03/25 11:44 [DEBUG] cshmd.analysis (__del_bond__)            : del -> Si_O O_H H_O Ca_O C_O BO
03/25 11:44 [DEBUG] cshmd.analysis (__initialize_mole__)     : initalize -> H2O SiO4 OH CO3 H3O
03/25 11:44 [DEBUG] cshmd.analysis (__initialize_mole__)     : initalize -> SiOH CaOH HCO3 H2CO3 H3CO3
03/25 11:44 [DEBUG] cshmd.analysis (find_bond)               : find_bond O - H rcut -> 1.2
03/25 11:44 [DEBUG] cshmd.common (time_wrapper)              : [RUNTIME] get_distance_table in 0.000 seconds
03/25 11:44 [DEBUG] cshmd.analysis (get_mole)                : get_mole O - H -> nbonds: 2
03/25 11:44 [DEBUG] cshmd.analysis (find_bond)               : find_bond Si - O rcut -> 2.2
03/25 11:44 [DEBUG] cshmd.common (time_wrapper)              : [RUNTIME] get_distance_table in 0.000 seconds
03/25 11:44 [DEBUG] cshmd.analysis (get_mole)                : get_mole Si - O -> nbonds: 4
03/25 11:44 [DEBUG] cshmd.analysis (get_mole)                : get_mole O - H -> nbonds: 1
03/25 11:44 [DEBUG] cshmd.analysis (find_bond)               : find_bond C - O rcut -> 1.6
03/25 11:44 [DEBUG] cshmd.analysis (get_mole)                : get_mole C - O -> nbonds: 3
03/25 11:44 [DEBUG] cshmd.analysis (get_mole)                : get_mole O - H -> nbonds: 3
03/25 11:44 [DEBUG] cshmd.analysis (find_bond)               : find_bond Ca - O rcut -> 3.0
03/25 11:44 [DEBUG] cshmd.common (time_wrapper)              : [RUNTIME] get_distance_table in 0.000 seconds
03/25 11:44 [DEBUG] cshmd.analysis (full_search)             : Search layer details
03/25 11:44 [DEBUG] cshmd.analysis (find_bond)               : find_bond Ca - O rcut -> 3.0
03/25 11:44 [DEBUG] cshmd.analysis (find_bond)               : find_bond Si - O rcut -> 2.2
03/25 11:44 [DEBUG] cshmd.analysis (__detail_search_oh_co3)  : No CO3 in basic search
03/25 11:44 [DEBUG] cshmd.analysis (__detail_search_oh_sioh) : Searching 'OH' in 'SiO4
03/25 11:44 [DEBUG] cshmd.analysis (__detail_search_oh_caoh) : No CaOH in basic search. RETURN
03/25 11:44 [INFO] cshmd.analysis (Qn)                       : [Structure] Q2: 1.000
03/25 11:44 [INFO] cshmd.analysis (CS)                       : [Structure] C/S: 0.750
03/25 11:44 [INFO] cshmd.analysis (validate_tetra)           : [Structure] BT: 4, PT: 8
03/25 11:44 [DEBUG] cshmd.analysis (__init__)                : <class 'cshmd.analysis.Chain'> loaded
03/25 11:44 [DEBUG] cshmd.analysis (__init__)                : <class 'cshmd.analysis.Chain'> loaded
03/25 11:44 [INFO] cshmd.analysis (validate_tetra)           : [Structure] CL : 3
03/25 11:44 [INFO] cshmd.analysis (validate_tetra)           : [Structure] MCL : 3.0
03/25 11:44 [INFO] csh_builder (main)                        : [Structure] Reading command 'supercell'...
03/25 11:44 [INFO] csh_builder (main)                        : [Structure] with arguments 'supercell: [8, 8, 1]'...
03/25 11:44 [INFO] cshmd.structure (makeSupercell)           : [Structure] Supercell created 8 * 8 * 1
03/25 11:44 [DEBUG] cshmd.analysis (__init__)                : [Structure] Now new data setted for get Bonds
03/25 11:44 [DEBUG] cshmd.analysis (__del_bond__)            : del -> Si_O O_H H_O Ca_O C_O BO
03/25 11:44 [DEBUG] cshmd.analysis (__initialize_mole__)     : initalize -> H2O SiO4 OH CO3 H3O
03/25 11:44 [DEBUG] cshmd.analysis (__initialize_mole__)     : initalize -> SiOH CaOH HCO3 H2CO3 H3CO3
03/25 11:44 [DEBUG] cshmd.analysis (find_bond)               : find_bond O - H rcut -> 1.2
03/25 11:44 [DEBUG] cshmd.common (time_wrapper)              : [RUNTIME] get_distance_table in 0.622 seconds
03/25 11:44 [DEBUG] cshmd.analysis (get_mole)                : get_mole O - H -> nbonds: 2
03/25 11:44 [DEBUG] cshmd.analysis (find_bond)               : find_bond Si - O rcut -> 2.2
03/25 11:44 [DEBUG] cshmd.common (time_wrapper)              : [RUNTIME] get_distance_table in 0.372 seconds
03/25 11:44 [DEBUG] cshmd.analysis (get_mole)                : get_mole Si - O -> nbonds: 4
03/25 11:44 [DEBUG] cshmd.analysis (get_mole)                : get_mole O - H -> nbonds: 1
03/25 11:44 [DEBUG] cshmd.analysis (find_bond)               : find_bond C - O rcut -> 1.6
03/25 11:44 [DEBUG] cshmd.analysis (get_mole)                : get_mole C - O -> nbonds: 3
03/25 11:44 [DEBUG] cshmd.analysis (get_mole)                : get_mole O - H -> nbonds: 3
03/25 11:44 [DEBUG] cshmd.analysis (find_bond)               : find_bond Ca - O rcut -> 3.0
03/25 11:44 [DEBUG] cshmd.common (time_wrapper)              : [RUNTIME] get_distance_table in 0.287 seconds
03/25 11:44 [DEBUG] cshmd.analysis (full_search)             : Search layer details
03/25 11:44 [DEBUG] cshmd.analysis (find_bond)               : find_bond Ca - O rcut -> 3.0
03/25 11:44 [DEBUG] cshmd.analysis (find_bond)               : find_bond Si - O rcut -> 2.2
03/25 11:44 [DEBUG] cshmd.analysis (__detail_search_oh_co3)  : No CO3 in basic search
03/25 11:44 [DEBUG] cshmd.analysis (__detail_search_oh_sioh) : Searching 'OH' in 'SiO4
03/25 11:44 [DEBUG] cshmd.analysis (__detail_search_oh_caoh) : No CaOH in basic search. RETURN
03/25 11:44 [INFO] cshmd.analysis (Qn)                       : [Structure] Q2: 1.000
03/25 11:44 [INFO] cshmd.analysis (CS)                       : [Structure] C/S: 0.750
03/25 11:44 [INFO] cshmd.analysis (validate_tetra)           : [Structure] BT: 256, PT: 512
03/25 11:44 [DEBUG] cshmd.analysis (__init__)                : <class 'cshmd.analysis.Chain'> loaded
03/25 11:44 [DEBUG] cshmd.analysis (__init__)                : <class 'cshmd.analysis.Chain'> loaded
03/25 11:44 [INFO] cshmd.analysis (validate_tetra)           : [Structure] CL : 24 24 24 24 24 24 24 24
03/25 11:44 [INFO] cshmd.analysis (validate_tetra)           : [Structure] MCL : 24.0
03/25 11:44 [INFO] cshmd.builder (update_manager)            : [Structure] Number of atoms: 86 -> 5504
03/25 11:44 [INFO] csh_builder (main)                        : [Structure] Reading command 'defect_BT'...
03/25 11:44 [INFO] csh_builder (main)                        : [Structure] with arguments 'MCL: 8 termination: False add: Ca'...
03/25 11:44 [INFO] cshmd.builder (defect_BT)                 : [Structure] Termination scope: False
03/25 11:44 [INFO] cshmd.builder (defect_BT)                 : [Structure] Exists 64 Bridging Tetra in 'top' side
03/25 11:44 [INFO] cshmd.structure (add_Ca)                  : [Structure] Add Ca
03/25 11:44 [INFO] cshmd.builder (defect_BT)                 : [Structure] Exists 64 Bridging Tetra in 'bottom' side
03/25 11:44 [INFO] cshmd.structure (add_Ca)                  : [Structure] Add Ca
03/25 11:44 [INFO] cshmd.structure (check_rm_list)           : Delete 132 atoms in rm_list
03/25 11:44 [DEBUG] cshmd.analysis (__init__)                : [Structure] Now new data setted for get Bonds
03/25 11:44 [DEBUG] cshmd.analysis (__del_bond__)            : del -> Si_O O_H H_O Ca_O C_O BO
03/25 11:44 [DEBUG] cshmd.analysis (__initialize_mole__)     : initalize -> H2O SiO4 OH CO3 H3O
03/25 11:44 [DEBUG] cshmd.analysis (__initialize_mole__)     : initalize -> SiOH CaOH HCO3 H2CO3 H3CO3
03/25 11:44 [DEBUG] cshmd.analysis (find_bond)               : find_bond O - H rcut -> 1.2
03/25 11:44 [DEBUG] cshmd.common (time_wrapper)              : [RUNTIME] get_distance_table in 0.644 seconds
03/25 11:44 [DEBUG] cshmd.analysis (get_mole)                : get_mole O - H -> nbonds: 2
03/25 11:44 [DEBUG] cshmd.analysis (find_bond)               : find_bond Si - O rcut -> 2.2
03/25 11:44 [DEBUG] cshmd.common (time_wrapper)              : [RUNTIME] get_distance_table in 0.336 seconds
03/25 11:44 [DEBUG] cshmd.analysis (get_mole)                : get_mole Si - O -> nbonds: 4
03/25 11:44 [DEBUG] cshmd.analysis (get_mole)                : get_mole O - H -> nbonds: 1
03/25 11:44 [DEBUG] cshmd.analysis (find_bond)               : find_bond C - O rcut -> 1.6
03/25 11:44 [DEBUG] cshmd.analysis (get_mole)                : get_mole C - O -> nbonds: 3
03/25 11:44 [DEBUG] cshmd.analysis (get_mole)                : get_mole O - H -> nbonds: 3
03/25 11:44 [DEBUG] cshmd.analysis (find_bond)               : find_bond Ca - O rcut -> 3.0
03/25 11:44 [DEBUG] cshmd.common (time_wrapper)              : [RUNTIME] get_distance_table in 0.279 seconds
03/25 11:44 [DEBUG] cshmd.analysis (full_search)             : Search layer details
03/25 11:44 [DEBUG] cshmd.analysis (find_bond)               : find_bond Ca - O rcut -> 3.0
03/25 11:44 [DEBUG] cshmd.analysis (find_bond)               : find_bond Si - O rcut -> 2.2
03/25 11:44 [DEBUG] cshmd.analysis (__detail_search_oh_co3)  : No CO3 in basic search
03/25 11:44 [DEBUG] cshmd.analysis (__detail_search_oh_sioh) : Searching 'OH' in 'SiO4
03/25 11:44 [DEBUG] cshmd.analysis (__detail_search_oh_caoh) : No CaOH in basic search. RETURN
03/25 11:44 [INFO] cshmd.analysis (Qn)                       : [Structure] Q1: 0.122
03/25 11:44 [INFO] cshmd.analysis (Qn)                       : [Structure] Q2: 0.878
03/25 11:44 [INFO] cshmd.analysis (CS)                       : [Structure] C/S: 0.796
03/25 11:44 [INFO] cshmd.analysis (validate_tetra)           : [Structure] BT: 212, PT: 512
03/25 11:44 [DEBUG] cshmd.analysis (__init__)                : <class 'cshmd.analysis.Chain'> loaded
03/25 11:44 [DEBUG] cshmd.analysis (__init__)                : <class 'cshmd.analysis.Chain'> loaded
03/25 11:44 [INFO] cshmd.analysis (validate_tetra)           : [Structure] CL : 2 2 5 5 5 5 5 5 5 5 8 8 11 11 11 11 11 11 11 11 11 11
03/25 11:44 [INFO] cshmd.analysis (validate_tetra)           : [Structure] MCL : 7.7272727272727275
03/25 11:44 [INFO] cshmd.builder (update_manager)            : [Structure] Number of atoms: 5504 -> 5416
03/25 11:44 [INFO] csh_builder (main)                        : [Structure] Reading command 'terminate_NBO'...
03/25 11:44 [INFO] csh_builder (main)                        : [Structure] with arguments 'ratio: 0'...
03/25 11:44 [INFO] cshmd.builder (terminate_NBO)             : Do not run terminate, ratio == 0
03/25 11:44 [INFO] csh_builder (main)                        : [Structure] Reading command 'add_BT'...
03/25 11:44 [INFO] csh_builder (main)                        : [Structure] with arguments 'auto: False add: Ca'...
03/25 11:44 [INFO] cshmd.builder (add_BT)                    : [Structure] 'Add Ca above all Bridging Tetra'
03/25 11:44 [INFO] cshmd.structure (add_Ca)                  : [Structure] Add Ca
03/25 11:44 [INFO] cshmd.structure (add_Ca)                  : [Structure] Add Ca
03/25 11:44 [DEBUG] cshmd.analysis (__init__)                : [Structure] Now new data setted for get Bonds
03/25 11:44 [DEBUG] cshmd.analysis (__del_bond__)            : del -> Si_O O_H H_O Ca_O C_O BO
03/25 11:44 [DEBUG] cshmd.analysis (__initialize_mole__)     : initalize -> H2O SiO4 OH CO3 H3O
03/25 11:44 [DEBUG] cshmd.analysis (__initialize_mole__)     : initalize -> SiOH CaOH HCO3 H2CO3 H3CO3
03/25 11:44 [DEBUG] cshmd.analysis (find_bond)               : find_bond O - H rcut -> 1.2
03/25 11:44 [DEBUG] cshmd.common (time_wrapper)              : [RUNTIME] get_distance_table in 0.597 seconds
03/25 11:44 [DEBUG] cshmd.analysis (get_mole)                : get_mole O - H -> nbonds: 2
03/25 11:44 [DEBUG] cshmd.analysis (find_bond)               : find_bond Si - O rcut -> 2.2
03/25 11:44 [DEBUG] cshmd.common (time_wrapper)              : [RUNTIME] get_distance_table in 0.344 seconds
03/25 11:44 [DEBUG] cshmd.analysis (get_mole)                : get_mole Si - O -> nbonds: 4
03/25 11:44 [DEBUG] cshmd.analysis (get_mole)                : get_mole O - H -> nbonds: 1
03/25 11:44 [DEBUG] cshmd.analysis (find_bond)               : find_bond C - O rcut -> 1.6
03/25 11:44 [DEBUG] cshmd.analysis (get_mole)                : get_mole C - O -> nbonds: 3
03/25 11:44 [DEBUG] cshmd.analysis (get_mole)                : get_mole O - H -> nbonds: 3
03/25 11:44 [DEBUG] cshmd.analysis (find_bond)               : find_bond Ca - O rcut -> 3.0
03/25 11:44 [DEBUG] cshmd.common (time_wrapper)              : [RUNTIME] get_distance_table in 0.331 seconds
03/25 11:44 [DEBUG] cshmd.analysis (full_search)             : Search layer details
03/25 11:44 [DEBUG] cshmd.analysis (find_bond)               : find_bond Ca - O rcut -> 3.0
03/25 11:44 [DEBUG] cshmd.analysis (find_bond)               : find_bond Si - O rcut -> 2.2
03/25 11:44 [DEBUG] cshmd.analysis (__detail_search_oh_co3)  : No CO3 in basic search
03/25 11:44 [DEBUG] cshmd.analysis (__detail_search_oh_sioh) : Searching 'OH' in 'SiO4
03/25 11:44 [DEBUG] cshmd.analysis (__detail_search_oh_caoh) : No CaOH in basic search. RETURN
03/25 11:44 [INFO] cshmd.analysis (Qn)                       : [Structure] Q1: 0.122
03/25 11:44 [INFO] cshmd.analysis (Qn)                       : [Structure] Q2: 0.878
03/25 11:44 [INFO] cshmd.analysis (CS)                       : [Structure] C/S: 0.796
03/25 11:44 [INFO] cshmd.analysis (validate_tetra)           : [Structure] BT: 212, PT: 512
03/25 11:44 [DEBUG] cshmd.analysis (__init__)                : <class 'cshmd.analysis.Chain'> loaded
03/25 11:44 [DEBUG] cshmd.analysis (__init__)                : <class 'cshmd.analysis.Chain'> loaded
03/25 11:44 [INFO] cshmd.analysis (validate_tetra)           : [Structure] CL : 2 2 5 5 5 5 5 5 5 5 8 8 11 11 11 11 11 11 11 11 11 11
03/25 11:44 [INFO] cshmd.analysis (validate_tetra)           : [Structure] MCL : 7.7272727272727275
03/25 11:44 [INFO] cshmd.builder (update_manager)            : [Structure] Number of atoms: 5416 -> 5500
03/25 11:44 [INFO] cshmd.structure (writeCif)                : L08.cif was created
03/25 11:44 [INFO] cshmd.builder (out_model)                 : Total Charge: 0
03/25 11:44 [INFO] csh_builder (main)                        : ----------------------------------------------------------------------
03/25 11:44 [INFO] csh_builder (main)                        : ----------------------------------------------------------------------
03/25 11:44 [INFO] cshmd.structure (__init__)                : /Users/kimuni/bin/kimuni/cshmd/data/resources/cif/T14_111_term.cif was loaded
03/25 11:44 [DEBUG] cshmd.analysis (__init__)                : [Structure] Now new data setted for get Bonds
03/25 11:44 [DEBUG] cshmd.analysis (__del_bond__)            : del -> Si_O O_H H_O Ca_O C_O BO
03/25 11:44 [DEBUG] cshmd.analysis (__initialize_mole__)     : initalize -> H2O SiO4 OH CO3 H3O
03/25 11:44 [DEBUG] cshmd.analysis (__initialize_mole__)     : initalize -> SiOH CaOH HCO3 H2CO3 H3CO3
03/25 11:44 [DEBUG] cshmd.analysis (find_bond)               : find_bond O - H rcut -> 1.2
03/25 11:44 [DEBUG] cshmd.common (time_wrapper)              : [RUNTIME] get_distance_table in 0.000 seconds
03/25 11:44 [DEBUG] cshmd.analysis (get_mole)                : get_mole O - H -> nbonds: 2
03/25 11:44 [DEBUG] cshmd.analysis (find_bond)               : find_bond Si - O rcut -> 2.2
03/25 11:44 [DEBUG] cshmd.common (time_wrapper)              : [RUNTIME] get_distance_table in 0.000 seconds
03/25 11:44 [DEBUG] cshmd.analysis (get_mole)                : get_mole Si - O -> nbonds: 4
03/25 11:44 [DEBUG] cshmd.analysis (get_mole)                : get_mole O - H -> nbonds: 1
03/25 11:44 [DEBUG] cshmd.analysis (find_bond)               : find_bond C - O rcut -> 1.6
03/25 11:44 [DEBUG] cshmd.analysis (get_mole)                : get_mole C - O -> nbonds: 3
03/25 11:44 [DEBUG] cshmd.analysis (get_mole)                : get_mole O - H -> nbonds: 3
03/25 11:44 [DEBUG] cshmd.analysis (find_bond)               : find_bond Ca - O rcut -> 3.0
03/25 11:44 [DEBUG] cshmd.common (time_wrapper)              : [RUNTIME] get_distance_table in 0.000 seconds
03/25 11:44 [DEBUG] cshmd.analysis (full_search)             : Search layer details
03/25 11:44 [DEBUG] cshmd.analysis (find_bond)               : find_bond Ca - O rcut -> 3.0
03/25 11:44 [DEBUG] cshmd.analysis (find_bond)               : find_bond Si - O rcut -> 2.2
03/25 11:44 [DEBUG] cshmd.analysis (__detail_search_oh_co3)  : No CO3 in basic search
03/25 11:44 [DEBUG] cshmd.analysis (__detail_search_oh_sioh) : Searching 'OH' in 'SiO4
03/25 11:44 [DEBUG] cshmd.analysis (__detail_search_oh_caoh) : No CaOH in basic search. RETURN
03/25 11:44 [INFO] cshmd.analysis (Qn)                       : [Structure] Q2: 1.000
03/25 11:44 [INFO] cshmd.analysis (CS)                       : [Structure] C/S: 0.750
03/25 11:44 [INFO] cshmd.analysis (validate_tetra)           : [Structure] BT: 4, PT: 8
03/25 11:44 [DEBUG] cshmd.analysis (__init__)                : <class 'cshmd.analysis.Chain'> loaded
03/25 11:44 [DEBUG] cshmd.analysis (__init__)                : <class 'cshmd.analysis.Chain'> loaded
03/25 11:44 [INFO] cshmd.analysis (validate_tetra)           : [Structure] CL : 3
03/25 11:44 [INFO] cshmd.analysis (validate_tetra)           : [Structure] MCL : 3.0
03/25 11:44 [INFO] csh_builder (main)                        : [Structure] Reading command 'supercell'...
03/25 11:44 [INFO] csh_builder (main)                        : [Structure] with arguments 'supercell: [8, 8, 1]'...
03/25 11:44 [INFO] cshmd.structure (makeSupercell)           : [Structure] Supercell created 8 * 8 * 1
03/25 11:44 [DEBUG] cshmd.analysis (__init__)                : [Structure] Now new data setted for get Bonds
03/25 11:44 [DEBUG] cshmd.analysis (__del_bond__)            : del -> Si_O O_H H_O Ca_O C_O BO
03/25 11:44 [DEBUG] cshmd.analysis (__initialize_mole__)     : initalize -> H2O SiO4 OH CO3 H3O
03/25 11:44 [DEBUG] cshmd.analysis (__initialize_mole__)     : initalize -> SiOH CaOH HCO3 H2CO3 H3CO3
03/25 11:44 [DEBUG] cshmd.analysis (find_bond)               : find_bond O - H rcut -> 1.2
03/25 11:44 [DEBUG] cshmd.common (time_wrapper)              : [RUNTIME] get_distance_table in 0.602 seconds
03/25 11:44 [DEBUG] cshmd.analysis (get_mole)                : get_mole O - H -> nbonds: 2
03/25 11:44 [DEBUG] cshmd.analysis (find_bond)               : find_bond Si - O rcut -> 2.2
03/25 11:44 [DEBUG] cshmd.common (time_wrapper)              : [RUNTIME] get_distance_table in 0.352 seconds
03/25 11:44 [DEBUG] cshmd.analysis (get_mole)                : get_mole Si - O -> nbonds: 4
03/25 11:44 [DEBUG] cshmd.analysis (get_mole)                : get_mole O - H -> nbonds: 1
03/25 11:44 [DEBUG] cshmd.analysis (find_bond)               : find_bond C - O rcut -> 1.6
03/25 11:44 [DEBUG] cshmd.analysis (get_mole)                : get_mole C - O -> nbonds: 3
03/25 11:44 [DEBUG] cshmd.analysis (get_mole)                : get_mole O - H -> nbonds: 3
03/25 11:44 [DEBUG] cshmd.analysis (find_bond)               : find_bond Ca - O rcut -> 3.0
03/25 11:44 [DEBUG] cshmd.common (time_wrapper)              : [RUNTIME] get_distance_table in 0.264 seconds
03/25 11:44 [DEBUG] cshmd.analysis (full_search)             : Search layer details
03/25 11:44 [DEBUG] cshmd.analysis (find_bond)               : find_bond Ca - O rcut -> 3.0
03/25 11:44 [DEBUG] cshmd.analysis (find_bond)               : find_bond Si - O rcut -> 2.2
03/25 11:44 [DEBUG] cshmd.analysis (__detail_search_oh_co3)  : No CO3 in basic search
03/25 11:44 [DEBUG] cshmd.analysis (__detail_search_oh_sioh) : Searching 'OH' in 'SiO4
03/25 11:44 [DEBUG] cshmd.analysis (__detail_search_oh_caoh) : No CaOH in basic search. RETURN
03/25 11:44 [INFO] cshmd.analysis (Qn)                       : [Structure] Q2: 1.000
03/25 11:44 [INFO] cshmd.analysis (CS)                       : [Structure] C/S: 0.750
03/25 11:44 [INFO] cshmd.analysis (validate_tetra)           : [Structure] BT: 256, PT: 512
03/25 11:44 [DEBUG] cshmd.analysis (__init__)                : <class 'cshmd.analysis.Chain'> loaded
03/25 11:44 [DEBUG] cshmd.analysis (__init__)                : <class 'cshmd.analysis.Chain'> loaded
03/25 11:44 [INFO] cshmd.analysis (validate_tetra)           : [Structure] CL : 24 24 24 24 24 24 24 24
03/25 11:44 [INFO] cshmd.analysis (validate_tetra)           : [Structure] MCL : 24.0
03/25 11:44 [INFO] cshmd.builder (update_manager)            : [Structure] Number of atoms: 86 -> 5504
03/25 11:44 [INFO] csh_builder (main)                        : [Structure] Reading command 'defect_BT'...
03/25 11:44 [INFO] csh_builder (main)                        : [Structure] with arguments 'MCL: 10 termination: False add: Ca'...
03/25 11:44 [INFO] cshmd.builder (defect_BT)                 : [Structure] Termination scope: False
03/25 11:44 [INFO] cshmd.builder (defect_BT)                 : [Structure] Exists 64 Bridging Tetra in 'top' side
03/25 11:44 [INFO] cshmd.structure (add_Ca)                  : [Structure] Add Ca
03/25 11:44 [INFO] cshmd.builder (defect_BT)                 : [Structure] Exists 64 Bridging Tetra in 'bottom' side
03/25 11:44 [INFO] cshmd.structure (add_Ca)                  : [Structure] Add Ca
03/25 11:44 [INFO] cshmd.structure (check_rm_list)           : Delete 108 atoms in rm_list
03/25 11:44 [DEBUG] cshmd.analysis (__init__)                : [Structure] Now new data setted for get Bonds
03/25 11:44 [DEBUG] cshmd.analysis (__del_bond__)            : del -> Si_O O_H H_O Ca_O C_O BO
03/25 11:44 [DEBUG] cshmd.analysis (__initialize_mole__)     : initalize -> H2O SiO4 OH CO3 H3O
03/25 11:44 [DEBUG] cshmd.analysis (__initialize_mole__)     : initalize -> SiOH CaOH HCO3 H2CO3 H3CO3
03/25 11:44 [DEBUG] cshmd.analysis (find_bond)               : find_bond O - H rcut -> 1.2
03/25 11:44 [DEBUG] cshmd.common (time_wrapper)              : [RUNTIME] get_distance_table in 0.650 seconds
03/25 11:44 [DEBUG] cshmd.analysis (get_mole)                : get_mole O - H -> nbonds: 2
03/25 11:44 [DEBUG] cshmd.analysis (find_bond)               : find_bond Si - O rcut -> 2.2
03/25 11:44 [DEBUG] cshmd.common (time_wrapper)              : [RUNTIME] get_distance_table in 0.390 seconds
03/25 11:44 [DEBUG] cshmd.analysis (get_mole)                : get_mole Si - O -> nbonds: 4
03/25 11:44 [DEBUG] cshmd.analysis (get_mole)                : get_mole O - H -> nbonds: 1
03/25 11:44 [DEBUG] cshmd.analysis (find_bond)               : find_bond C - O rcut -> 1.6
03/25 11:44 [DEBUG] cshmd.analysis (get_mole)                : get_mole C - O -> nbonds: 3
03/25 11:44 [DEBUG] cshmd.analysis (get_mole)                : get_mole O - H -> nbonds: 3
03/25 11:44 [DEBUG] cshmd.analysis (find_bond)               : find_bond Ca - O rcut -> 3.0
03/25 11:44 [DEBUG] cshmd.common (time_wrapper)              : [RUNTIME] get_distance_table in 0.283 seconds
03/25 11:44 [DEBUG] cshmd.analysis (full_search)             : Search layer details
03/25 11:44 [DEBUG] cshmd.analysis (find_bond)               : find_bond Ca - O rcut -> 3.0
03/25 11:44 [DEBUG] cshmd.analysis (find_bond)               : find_bond Si - O rcut -> 2.2
03/25 11:44 [DEBUG] cshmd.analysis (__detail_search_oh_co3)  : No CO3 in basic search
03/25 11:44 [DEBUG] cshmd.analysis (__detail_search_oh_sioh) : Searching 'OH' in 'SiO4
03/25 11:44 [DEBUG] cshmd.analysis (__detail_search_oh_caoh) : No CaOH in basic search. RETURN
03/25 11:44 [INFO] cshmd.analysis (Qn)                       : [Structure] Q1: 0.098
03/25 11:44 [INFO] cshmd.analysis (Qn)                       : [Structure] Q2: 0.902
03/25 11:44 [INFO] cshmd.analysis (CS)                       : [Structure] C/S: 0.787
03/25 11:44 [INFO] cshmd.analysis (validate_tetra)           : [Structure] BT: 220, PT: 512
03/25 11:44 [DEBUG] cshmd.analysis (__init__)                : <class 'cshmd.analysis.Chain'> loaded
03/25 11:44 [DEBUG] cshmd.analysis (__init__)                : <class 'cshmd.analysis.Chain'> loaded
03/25 11:44 [INFO] cshmd.analysis (validate_tetra)           : [Structure] CL : 5 5 8 8 8 8 8 8 8 8 8 11 11 14 14 14 14 14
03/25 11:44 [INFO] cshmd.analysis (validate_tetra)           : [Structure] MCL : 9.666666666666666
03/25 11:44 [INFO] cshmd.builder (update_manager)            : [Structure] Number of atoms: 5504 -> 5432
03/25 11:44 [INFO] csh_builder (main)                        : [Structure] Reading command 'terminate_NBO'...
03/25 11:44 [INFO] csh_builder (main)                        : [Structure] with arguments 'ratio: 0'...
03/25 11:44 [INFO] cshmd.builder (terminate_NBO)             : Do not run terminate, ratio == 0
03/25 11:44 [INFO] csh_builder (main)                        : [Structure] Reading command 'add_BT'...
03/25 11:44 [INFO] csh_builder (main)                        : [Structure] with arguments 'auto: False add: Ca'...
03/25 11:44 [INFO] cshmd.builder (add_BT)                    : [Structure] 'Add Ca above all Bridging Tetra'
03/25 11:44 [INFO] cshmd.structure (add_Ca)                  : [Structure] Add Ca
03/25 11:44 [INFO] cshmd.structure (add_Ca)                  : [Structure] Add Ca
03/25 11:44 [DEBUG] cshmd.analysis (__init__)                : [Structure] Now new data setted for get Bonds
03/25 11:44 [DEBUG] cshmd.analysis (__del_bond__)            : del -> Si_O O_H H_O Ca_O C_O BO
03/25 11:44 [DEBUG] cshmd.analysis (__initialize_mole__)     : initalize -> H2O SiO4 OH CO3 H3O
03/25 11:44 [DEBUG] cshmd.analysis (__initialize_mole__)     : initalize -> SiOH CaOH HCO3 H2CO3 H3CO3
03/25 11:44 [DEBUG] cshmd.analysis (find_bond)               : find_bond O - H rcut -> 1.2
03/25 11:44 [DEBUG] cshmd.common (time_wrapper)              : [RUNTIME] get_distance_table in 0.588 seconds
03/25 11:44 [DEBUG] cshmd.analysis (get_mole)                : get_mole O - H -> nbonds: 2
03/25 11:44 [DEBUG] cshmd.analysis (find_bond)               : find_bond Si - O rcut -> 2.2
03/25 11:44 [DEBUG] cshmd.common (time_wrapper)              : [RUNTIME] get_distance_table in 0.347 seconds
03/25 11:44 [DEBUG] cshmd.analysis (get_mole)                : get_mole Si - O -> nbonds: 4
03/25 11:44 [DEBUG] cshmd.analysis (get_mole)                : get_mole O - H -> nbonds: 1
03/25 11:44 [DEBUG] cshmd.analysis (find_bond)               : find_bond C - O rcut -> 1.6
03/25 11:44 [DEBUG] cshmd.analysis (get_mole)                : get_mole C - O -> nbonds: 3
03/25 11:44 [DEBUG] cshmd.analysis (get_mole)                : get_mole O - H -> nbonds: 3
03/25 11:44 [DEBUG] cshmd.analysis (find_bond)               : find_bond Ca - O rcut -> 3.0
03/25 11:44 [DEBUG] cshmd.common (time_wrapper)              : [RUNTIME] get_distance_table in 0.335 seconds
03/25 11:44 [DEBUG] cshmd.analysis (full_search)             : Search layer details
03/25 11:44 [DEBUG] cshmd.analysis (find_bond)               : find_bond Ca - O rcut -> 3.0
03/25 11:44 [DEBUG] cshmd.analysis (find_bond)               : find_bond Si - O rcut -> 2.2
03/25 11:44 [DEBUG] cshmd.analysis (__detail_search_oh_co3)  : No CO3 in basic search
03/25 11:44 [DEBUG] cshmd.analysis (__detail_search_oh_sioh) : Searching 'OH' in 'SiO4
03/25 11:44 [DEBUG] cshmd.analysis (__detail_search_oh_caoh) : No CaOH in basic search. RETURN
03/25 11:44 [INFO] cshmd.analysis (Qn)                       : [Structure] Q1: 0.098
03/25 11:44 [INFO] cshmd.analysis (Qn)                       : [Structure] Q2: 0.902
03/25 11:44 [INFO] cshmd.analysis (CS)                       : [Structure] C/S: 0.787
03/25 11:44 [INFO] cshmd.analysis (validate_tetra)           : [Structure] BT: 220, PT: 512
03/25 11:44 [DEBUG] cshmd.analysis (__init__)                : <class 'cshmd.analysis.Chain'> loaded
03/25 11:44 [DEBUG] cshmd.analysis (__init__)                : <class 'cshmd.analysis.Chain'> loaded
03/25 11:44 [INFO] cshmd.analysis (validate_tetra)           : [Structure] CL : 5 5 8 8 8 8 8 8 8 8 8 11 11 14 14 14 14 14
03/25 11:44 [INFO] cshmd.analysis (validate_tetra)           : [Structure] MCL : 9.666666666666666
03/25 11:44 [INFO] cshmd.builder (update_manager)            : [Structure] Number of atoms: 5432 -> 5524
03/25 11:44 [INFO] cshmd.structure (writeCif)                : L10.cif was created
03/25 11:44 [INFO] cshmd.builder (out_model)                 : Total Charge: 0
03/25 11:44 [INFO] csh_builder (main)                        : ----------------------------------------------------------------------
03/25 11:44 [INFO] csh_builder (main)                        : ----------------------------------------------------------------------
03/25 11:44 [INFO] cshmd.structure (__init__)                : /Users/kimuni/bin/kimuni/cshmd/data/resources/cif/T14_111_term.cif was loaded
03/25 11:44 [DEBUG] cshmd.analysis (__init__)                : [Structure] Now new data setted for get Bonds
03/25 11:44 [DEBUG] cshmd.analysis (__del_bond__)            : del -> Si_O O_H H_O Ca_O C_O BO
03/25 11:44 [DEBUG] cshmd.analysis (__initialize_mole__)     : initalize -> H2O SiO4 OH CO3 H3O
03/25 11:44 [DEBUG] cshmd.analysis (__initialize_mole__)     : initalize -> SiOH CaOH HCO3 H2CO3 H3CO3
03/25 11:44 [DEBUG] cshmd.analysis (find_bond)               : find_bond O - H rcut -> 1.2
03/25 11:44 [DEBUG] cshmd.common (time_wrapper)              : [RUNTIME] get_distance_table in 0.000 seconds
03/25 11:44 [DEBUG] cshmd.analysis (get_mole)                : get_mole O - H -> nbonds: 2
03/25 11:44 [DEBUG] cshmd.analysis (find_bond)               : find_bond Si - O rcut -> 2.2
03/25 11:44 [DEBUG] cshmd.common (time_wrapper)              : [RUNTIME] get_distance_table in 0.000 seconds
03/25 11:44 [DEBUG] cshmd.analysis (get_mole)                : get_mole Si - O -> nbonds: 4
03/25 11:44 [DEBUG] cshmd.analysis (get_mole)                : get_mole O - H -> nbonds: 1
03/25 11:44 [DEBUG] cshmd.analysis (find_bond)               : find_bond C - O rcut -> 1.6
03/25 11:44 [DEBUG] cshmd.analysis (get_mole)                : get_mole C - O -> nbonds: 3
03/25 11:44 [DEBUG] cshmd.analysis (get_mole)                : get_mole O - H -> nbonds: 3
03/25 11:44 [DEBUG] cshmd.analysis (find_bond)               : find_bond Ca - O rcut -> 3.0
03/25 11:44 [DEBUG] cshmd.common (time_wrapper)              : [RUNTIME] get_distance_table in 0.000 seconds
03/25 11:44 [DEBUG] cshmd.analysis (full_search)             : Search layer details
03/25 11:44 [DEBUG] cshmd.analysis (find_bond)               : find_bond Ca - O rcut -> 3.0
03/25 11:44 [DEBUG] cshmd.analysis (find_bond)               : find_bond Si - O rcut -> 2.2
03/25 11:44 [DEBUG] cshmd.analysis (__detail_search_oh_co3)  : No CO3 in basic search
03/25 11:44 [DEBUG] cshmd.analysis (__detail_search_oh_sioh) : Searching 'OH' in 'SiO4
03/25 11:44 [DEBUG] cshmd.analysis (__detail_search_oh_caoh) : No CaOH in basic search. RETURN
03/25 11:44 [INFO] cshmd.analysis (Qn)                       : [Structure] Q2: 1.000
03/25 11:44 [INFO] cshmd.analysis (CS)                       : [Structure] C/S: 0.750
03/25 11:44 [INFO] cshmd.analysis (validate_tetra)           : [Structure] BT: 4, PT: 8
03/25 11:44 [DEBUG] cshmd.analysis (__init__)                : <class 'cshmd.analysis.Chain'> loaded
03/25 11:44 [DEBUG] cshmd.analysis (__init__)                : <class 'cshmd.analysis.Chain'> loaded
03/25 11:44 [INFO] cshmd.analysis (validate_tetra)           : [Structure] CL : 3
03/25 11:44 [INFO] cshmd.analysis (validate_tetra)           : [Structure] MCL : 3.0
03/25 11:44 [INFO] csh_builder (main)                        : [Structure] Reading command 'supercell'...
03/25 11:44 [INFO] csh_builder (main)                        : [Structure] with arguments 'supercell: [8, 8, 1]'...
03/25 11:44 [INFO] cshmd.structure (makeSupercell)           : [Structure] Supercell created 8 * 8 * 1
03/25 11:44 [DEBUG] cshmd.analysis (__init__)                : [Structure] Now new data setted for get Bonds
03/25 11:44 [DEBUG] cshmd.analysis (__del_bond__)            : del -> Si_O O_H H_O Ca_O C_O BO
03/25 11:44 [DEBUG] cshmd.analysis (__initialize_mole__)     : initalize -> H2O SiO4 OH CO3 H3O
03/25 11:44 [DEBUG] cshmd.analysis (__initialize_mole__)     : initalize -> SiOH CaOH HCO3 H2CO3 H3CO3
03/25 11:44 [DEBUG] cshmd.analysis (find_bond)               : find_bond O - H rcut -> 1.2
03/25 11:44 [DEBUG] cshmd.common (time_wrapper)              : [RUNTIME] get_distance_table in 0.578 seconds
03/25 11:44 [DEBUG] cshmd.analysis (get_mole)                : get_mole O - H -> nbonds: 2
03/25 11:44 [DEBUG] cshmd.analysis (find_bond)               : find_bond Si - O rcut -> 2.2
03/25 11:44 [DEBUG] cshmd.common (time_wrapper)              : [RUNTIME] get_distance_table in 0.355 seconds
03/25 11:44 [DEBUG] cshmd.analysis (get_mole)                : get_mole Si - O -> nbonds: 4
03/25 11:44 [DEBUG] cshmd.analysis (get_mole)                : get_mole O - H -> nbonds: 1
03/25 11:44 [DEBUG] cshmd.analysis (find_bond)               : find_bond C - O rcut -> 1.6
03/25 11:44 [DEBUG] cshmd.analysis (get_mole)                : get_mole C - O -> nbonds: 3
03/25 11:44 [DEBUG] cshmd.analysis (get_mole)                : get_mole O - H -> nbonds: 3
03/25 11:44 [DEBUG] cshmd.analysis (find_bond)               : find_bond Ca - O rcut -> 3.0
03/25 11:44 [DEBUG] cshmd.common (time_wrapper)              : [RUNTIME] get_distance_table in 0.265 seconds
03/25 11:44 [DEBUG] cshmd.analysis (full_search)             : Search layer details
03/25 11:44 [DEBUG] cshmd.analysis (find_bond)               : find_bond Ca - O rcut -> 3.0
03/25 11:44 [DEBUG] cshmd.analysis (find_bond)               : find_bond Si - O rcut -> 2.2
03/25 11:44 [DEBUG] cshmd.analysis (__detail_search_oh_co3)  : No CO3 in basic search
03/25 11:44 [DEBUG] cshmd.analysis (__detail_search_oh_sioh) : Searching 'OH' in 'SiO4
03/25 11:44 [DEBUG] cshmd.analysis (__detail_search_oh_caoh) : No CaOH in basic search. RETURN
03/25 11:44 [INFO] cshmd.analysis (Qn)                       : [Structure] Q2: 1.000
03/25 11:44 [INFO] cshmd.analysis (CS)                       : [Structure] C/S: 0.750
03/25 11:44 [INFO] cshmd.analysis (validate_tetra)           : [Structure] BT: 256, PT: 512
03/25 11:44 [DEBUG] cshmd.analysis (__init__)                : <class 'cshmd.analysis.Chain'> loaded
03/25 11:44 [DEBUG] cshmd.analysis (__init__)                : <class 'cshmd.analysis.Chain'> loaded
03/25 11:44 [INFO] cshmd.analysis (validate_tetra)           : [Structure] CL : 24 24 24 24 24 24 24 24
03/25 11:44 [INFO] cshmd.analysis (validate_tetra)           : [Structure] MCL : 24.0
03/25 11:44 [INFO] cshmd.builder (update_manager)            : [Structure] Number of atoms: 86 -> 5504
03/25 11:44 [INFO] csh_builder (main)                        : [Structure] Reading command 'defect_BT'...
03/25 11:44 [INFO] csh_builder (main)                        : [Structure] with arguments 'MCL: 12 termination: False add: Ca'...
03/25 11:44 [INFO] cshmd.builder (defect_BT)                 : [Structure] Termination scope: False
03/25 11:44 [INFO] cshmd.builder (defect_BT)                 : [Structure] Exists 64 Bridging Tetra in 'top' side
03/25 11:44 [INFO] cshmd.structure (add_Ca)                  : [Structure] Add Ca
03/25 11:44 [INFO] cshmd.builder (defect_BT)                 : [Structure] Exists 64 Bridging Tetra in 'bottom' side
03/25 11:44 [INFO] cshmd.structure (add_Ca)                  : [Structure] Add Ca
03/25 11:44 [INFO] cshmd.structure (check_rm_list)           : Delete 90 atoms in rm_list
03/25 11:44 [DEBUG] cshmd.analysis (__init__)                : [Structure] Now new data setted for get Bonds
03/25 11:44 [DEBUG] cshmd.analysis (__del_bond__)            : del -> Si_O O_H H_O Ca_O C_O BO
03/25 11:44 [DEBUG] cshmd.analysis (__initialize_mole__)     : initalize -> H2O SiO4 OH CO3 H3O
03/25 11:44 [DEBUG] cshmd.analysis (__initialize_mole__)     : initalize -> SiOH CaOH HCO3 H2CO3 H3CO3
03/25 11:44 [DEBUG] cshmd.analysis (find_bond)               : find_bond O - H rcut -> 1.2
03/25 11:44 [DEBUG] cshmd.common (time_wrapper)              : [RUNTIME] get_distance_table in 0.598 seconds
03/25 11:44 [DEBUG] cshmd.analysis (get_mole)                : get_mole O - H -> nbonds: 2
03/25 11:44 [DEBUG] cshmd.analysis (find_bond)               : find_bond Si - O rcut -> 2.2
03/25 11:44 [DEBUG] cshmd.common (time_wrapper)              : [RUNTIME] get_distance_table in 0.369 seconds
03/25 11:44 [DEBUG] cshmd.analysis (get_mole)                : get_mole Si - O -> nbonds: 4
03/25 11:44 [DEBUG] cshmd.analysis (get_mole)                : get_mole O - H -> nbonds: 1
03/25 11:44 [DEBUG] cshmd.analysis (find_bond)               : find_bond C - O rcut -> 1.6
03/25 11:44 [DEBUG] cshmd.analysis (get_mole)                : get_mole C - O -> nbonds: 3
03/25 11:44 [DEBUG] cshmd.analysis (get_mole)                : get_mole O - H -> nbonds: 3
03/25 11:44 [DEBUG] cshmd.analysis (find_bond)               : find_bond Ca - O rcut -> 3.0
03/25 11:44 [DEBUG] cshmd.common (time_wrapper)              : [RUNTIME] get_distance_table in 0.300 seconds
03/25 11:44 [DEBUG] cshmd.analysis (full_search)             : Search layer details
03/25 11:44 [DEBUG] cshmd.analysis (find_bond)               : find_bond Ca - O rcut -> 3.0
03/25 11:44 [DEBUG] cshmd.analysis (find_bond)               : find_bond Si - O rcut -> 2.2
03/25 11:44 [DEBUG] cshmd.analysis (__detail_search_oh_co3)  : No CO3 in basic search
03/25 11:44 [DEBUG] cshmd.analysis (__detail_search_oh_sioh) : Searching 'OH' in 'SiO4
03/25 11:44 [DEBUG] cshmd.analysis (__detail_search_oh_caoh) : No CaOH in basic search. RETURN
03/25 11:44 [INFO] cshmd.analysis (Qn)                       : [Structure] Q1: 0.081
03/25 11:44 [INFO] cshmd.analysis (Qn)                       : [Structure] Q2: 0.919
03/25 11:44 [INFO] cshmd.analysis (CS)                       : [Structure] C/S: 0.780
03/25 11:44 [INFO] cshmd.analysis (validate_tetra)           : [Structure] BT: 226, PT: 512
03/25 11:44 [DEBUG] cshmd.analysis (__init__)                : <class 'cshmd.analysis.Chain'> loaded
03/25 11:44 [DEBUG] cshmd.analysis (__init__)                : <class 'cshmd.analysis.Chain'> loaded
03/25 11:44 [INFO] cshmd.analysis (validate_tetra)           : [Structure] CL : 5 8 11 11 11 11 11 11 11 11 11 11 14 17 23
03/25 11:44 [INFO] cshmd.analysis (validate_tetra)           : [Structure] MCL : 11.8
03/25 11:44 [INFO] cshmd.builder (update_manager)            : [Structure] Number of atoms: 5504 -> 5444
03/25 11:44 [INFO] csh_builder (main)                        : [Structure] Reading command 'terminate_NBO'...
03/25 11:44 [INFO] csh_builder (main)                        : [Structure] with arguments 'ratio: 0'...
03/25 11:44 [INFO] cshmd.builder (terminate_NBO)             : Do not run terminate, ratio == 0
03/25 11:44 [INFO] csh_builder (main)                        : [Structure] Reading command 'add_BT'...
03/25 11:44 [INFO] csh_builder (main)                        : [Structure] with arguments 'auto: False add: Ca'...
03/25 11:44 [INFO] cshmd.builder (add_BT)                    : [Structure] 'Add Ca above all Bridging Tetra'
03/25 11:44 [INFO] cshmd.structure (add_Ca)                  : [Structure] Add Ca
03/25 11:44 [INFO] cshmd.structure (add_Ca)                  : [Structure] Add Ca
03/25 11:44 [DEBUG] cshmd.analysis (__init__)                : [Structure] Now new data setted for get Bonds
03/25 11:44 [DEBUG] cshmd.analysis (__del_bond__)            : del -> Si_O O_H H_O Ca_O C_O BO
03/25 11:44 [DEBUG] cshmd.analysis (__initialize_mole__)     : initalize -> H2O SiO4 OH CO3 H3O
03/25 11:44 [DEBUG] cshmd.analysis (__initialize_mole__)     : initalize -> SiOH CaOH HCO3 H2CO3 H3CO3
03/25 11:44 [DEBUG] cshmd.analysis (find_bond)               : find_bond O - H rcut -> 1.2
03/25 11:44 [DEBUG] cshmd.common (time_wrapper)              : [RUNTIME] get_distance_table in 0.596 seconds
03/25 11:44 [DEBUG] cshmd.analysis (get_mole)                : get_mole O - H -> nbonds: 2
03/25 11:44 [DEBUG] cshmd.analysis (find_bond)               : find_bond Si - O rcut -> 2.2
03/25 11:44 [DEBUG] cshmd.common (time_wrapper)              : [RUNTIME] get_distance_table in 0.343 seconds
03/25 11:44 [DEBUG] cshmd.analysis (get_mole)                : get_mole Si - O -> nbonds: 4
03/25 11:44 [DEBUG] cshmd.analysis (get_mole)                : get_mole O - H -> nbonds: 1
03/25 11:44 [DEBUG] cshmd.analysis (find_bond)               : find_bond C - O rcut -> 1.6
03/25 11:44 [DEBUG] cshmd.analysis (get_mole)                : get_mole C - O -> nbonds: 3
03/25 11:44 [DEBUG] cshmd.analysis (get_mole)                : get_mole O - H -> nbonds: 3
03/25 11:44 [DEBUG] cshmd.analysis (find_bond)               : find_bond Ca - O rcut -> 3.0
03/25 11:44 [DEBUG] cshmd.common (time_wrapper)              : [RUNTIME] get_distance_table in 0.436 seconds
03/25 11:44 [DEBUG] cshmd.analysis (full_search)             : Search layer details
03/25 11:44 [DEBUG] cshmd.analysis (find_bond)               : find_bond Ca - O rcut -> 3.0
03/25 11:44 [DEBUG] cshmd.analysis (find_bond)               : find_bond Si - O rcut -> 2.2
03/25 11:44 [DEBUG] cshmd.analysis (__detail_search_oh_co3)  : No CO3 in basic search
03/25 11:44 [DEBUG] cshmd.analysis (__detail_search_oh_sioh) : Searching 'OH' in 'SiO4
03/25 11:44 [DEBUG] cshmd.analysis (__detail_search_oh_caoh) : No CaOH in basic search. RETURN
03/25 11:44 [INFO] cshmd.analysis (Qn)                       : [Structure] Q1: 0.081
03/25 11:44 [INFO] cshmd.analysis (Qn)                       : [Structure] Q2: 0.919
03/25 11:44 [INFO] cshmd.analysis (CS)                       : [Structure] C/S: 0.780
03/25 11:44 [INFO] cshmd.analysis (validate_tetra)           : [Structure] BT: 226, PT: 512
03/25 11:44 [DEBUG] cshmd.analysis (__init__)                : <class 'cshmd.analysis.Chain'> loaded
03/25 11:44 [DEBUG] cshmd.analysis (__init__)                : <class 'cshmd.analysis.Chain'> loaded
03/25 11:44 [INFO] cshmd.analysis (validate_tetra)           : [Structure] CL : 5 8 11 11 11 11 11 11 11 11 11 11 14 17 23
03/25 11:44 [INFO] cshmd.analysis (validate_tetra)           : [Structure] MCL : 11.8
03/25 11:44 [INFO] cshmd.builder (update_manager)            : [Structure] Number of atoms: 5444 -> 5542
03/25 11:44 [INFO] cshmd.structure (writeCif)                : L12.cif was created
03/25 11:44 [INFO] cshmd.builder (out_model)                 : Total Charge: 0
03/25 11:44 [INFO] csh_builder (main)                        : ----------------------------------------------------------------------
03/25 12:00 [INFO] cif_modifier (<module>)                   : Logger loaded
03/25 12:00 [INFO] cshmd.structure (__init__)                : L02.cif was loaded
03/25 12:00 [DEBUG] cshmd.analysis (__init__)                : [Structure] Now new data setted for get Bonds
03/25 12:00 [DEBUG] cshmd.analysis (__del_bond__)            : del -> Si_O O_H H_O Ca_O C_O BO
03/25 12:00 [DEBUG] cshmd.analysis (__initialize_mole__)     : initalize -> H2O SiO4 OH CO3 H3O
03/25 12:00 [DEBUG] cshmd.analysis (__initialize_mole__)     : initalize -> SiOH CaOH HCO3 H2CO3 H3CO3
03/25 12:00 [INFO] cshmd.analysis (__init__)                 : Not any C-S-H Si range info
03/25 12:00 [DEBUG] cshmd.analysis (find_bond)               : find_bond O - H rcut -> 1.2
03/25 12:00 [DEBUG] cshmd.common (time_wrapper)              : [RUNTIME] get_distance_table in 0.558 seconds
03/25 12:00 [DEBUG] cshmd.analysis (get_mole)                : get_mole O - H -> nbonds: 2
03/25 12:00 [DEBUG] cshmd.analysis (find_bond)               : find_bond Si - O rcut -> 2.2
03/25 12:00 [DEBUG] cshmd.common (time_wrapper)              : [RUNTIME] get_distance_table in 0.294 seconds
03/25 12:00 [DEBUG] cshmd.analysis (get_mole)                : get_mole Si - O -> nbonds: 4
03/25 12:00 [DEBUG] cshmd.analysis (get_mole)                : get_mole O - H -> nbonds: 1
03/25 12:00 [DEBUG] cshmd.analysis (find_bond)               : find_bond C - O rcut -> 1.6
03/25 12:00 [DEBUG] cshmd.analysis (get_mole)                : get_mole C - O -> nbonds: 3
03/25 12:00 [DEBUG] cshmd.analysis (get_mole)                : get_mole O - H -> nbonds: 3
03/25 12:00 [DEBUG] cshmd.analysis (find_bond)               : find_bond Ca - O rcut -> 3.0
03/25 12:00 [DEBUG] cshmd.common (time_wrapper)              : [RUNTIME] get_distance_table in 0.285 seconds
03/25 12:00 [DEBUG] cshmd.analysis (full_search)             : Search layer details
03/25 12:00 [DEBUG] cshmd.analysis (find_bond)               : find_bond Ca - O rcut -> 3.0
03/25 12:00 [DEBUG] cshmd.analysis (find_bond)               : find_bond Si - O rcut -> 2.2
03/25 12:00 [DEBUG] cshmd.analysis (__detail_search_oh_co3)  : No CO3 in basic search
03/25 12:00 [DEBUG] cshmd.analysis (__detail_search_oh_sioh) : Searching 'OH' in 'SiO4
03/25 12:00 [DEBUG] cshmd.analysis (__detail_search_oh_caoh) : No CaOH in basic search. RETURN
03/25 12:00 [INFO] cshmd.analysis (Qn)                       : [Structure] Q1: 0.400
03/25 12:00 [INFO] cshmd.analysis (Qn)                       : [Structure] Q2: 0.600
03/25 12:00 [INFO] cshmd.analysis (CS)                       : [Structure] C/S: 0.900
03/25 12:00 [INFO] cshmd.analysis (validate_tetra)           : [Structure] BT: 128, PT: 512
03/25 12:00 [DEBUG] cshmd.analysis (__init__)                : <class 'cshmd.analysis.Chain'> loaded
03/25 12:00 [DEBUG] cshmd.analysis (__init__)                : <class 'cshmd.analysis.Chain'> loaded
03/25 12:00 [INFO] cshmd.analysis (validate_tetra)           : [Structure] CL : 2 2 2 2 2 2 2 2 2 2 2 2 2 2 2 2 2 2 2 2 2 2 2 2 2 2 2 2 2 2 2 2 2 2 2 2 2 2 2 2 2 2 2 2 2 2 2 2 2 2 2 2 2 2 2 2 2 2 2 2 2 2 2 2
03/25 12:00 [INFO] cshmd.analysis (validate_tetra)           : [Structure] MCL : 2.0
03/25 12:00 [DEBUG] cshmd.analysis (find_bond)               : find_bond O - H rcut -> 1.15
03/25 12:00 [DEBUG] cshmd.analysis (get_mole)                : get_mole O - H -> nbonds: 1
03/25 12:00 [DEBUG] cshmd.analysis (get_mole)                : get_mole O - H -> nbonds: 2
03/25 12:00 [DEBUG] cshmd.analysis (find_bond)               : find_bond C - O rcut -> 1.4
03/25 12:00 [DEBUG] cshmd.analysis (get_mole)                : get_mole C - O -> nbonds: 3
03/25 12:00 [DEBUG] cshmd.analysis (find_bond)               : find_bond Si - O rcut -> 1.8
03/25 12:00 [DEBUG] cshmd.analysis (get_mole)                : get_mole Si - O -> nbonds: 4
03/25 12:00 [INFO] cshmd.functions (cal_uniform_by_space)    : Number of molecules to add : 2678
03/25 12:00 [INFO] cshmd.functions (cal_uniform_by_space)    : Number of atoms per surface : 272
03/25 12:00 [INFO] cshmd.functions (cal_uniform_by_space)    : Number of layer : 10
03/25 12:00 [INFO] cshmd.structure (extendLattice)           : Extend lattice 53.882 59.402 28.788 -> 53.882 59.402 46.788 
03/25 12:00 [INFO] cif_modifier (exec_make_interface)        : Number of atoms: 5248 -> 13282
03/25 12:00 [INFO] cshmd.structure (labeling_by_clayff)      : Now get label according to 'Clayff' style
03/25 12:00 [DEBUG] cshmd.analysis (get_mole)                : get_mole O - H -> nbonds: 1
03/25 12:00 [DEBUG] cshmd.analysis (get_mole)                : get_mole O - H -> nbonds: 2
03/25 12:00 [DEBUG] cshmd.analysis (get_mole)                : get_mole Si - O -> nbonds: 4
03/25 12:00 [DEBUG] cshmd.analysis (get_mole)                : get_mole C - O -> nbonds: 3
03/25 12:00 [INFO] cshmd.structure (labeling_by_clayff)      : All atoms labeled by clayff
03/25 12:00 [INFO] cshmd.structure (labeling_by_clayff)      : Clayff charge: 0.000
03/25 12:00 [INFO] cshmd.structure (writeCif)                : L02_w2750.cif was created
03/25 12:00 [INFO] cif_modifier (__init__)                   : Total charge: 0 -> 0
03/25 12:00 [INFO] cif_modifier (<module>)                   : Logger loaded
03/25 12:00 [INFO] cshmd.structure (__init__)                : L04.cif was loaded
03/25 12:00 [DEBUG] cshmd.analysis (__init__)                : [Structure] Now new data setted for get Bonds
03/25 12:00 [DEBUG] cshmd.analysis (__del_bond__)            : del -> Si_O O_H H_O Ca_O C_O BO
03/25 12:00 [DEBUG] cshmd.analysis (__initialize_mole__)     : initalize -> H2O SiO4 OH CO3 H3O
03/25 12:00 [DEBUG] cshmd.analysis (__initialize_mole__)     : initalize -> SiOH CaOH HCO3 H2CO3 H3CO3
03/25 12:00 [INFO] cshmd.analysis (__init__)                 : Not any C-S-H Si range info
03/25 12:00 [DEBUG] cshmd.analysis (find_bond)               : find_bond O - H rcut -> 1.2
03/25 12:00 [DEBUG] cshmd.common (time_wrapper)              : [RUNTIME] get_distance_table in 0.650 seconds
03/25 12:00 [DEBUG] cshmd.analysis (get_mole)                : get_mole O - H -> nbonds: 2
03/25 12:00 [DEBUG] cshmd.analysis (find_bond)               : find_bond Si - O rcut -> 2.2
03/25 12:00 [DEBUG] cshmd.common (time_wrapper)              : [RUNTIME] get_distance_table in 0.323 seconds
03/25 12:00 [DEBUG] cshmd.analysis (get_mole)                : get_mole Si - O -> nbonds: 4
03/25 12:00 [DEBUG] cshmd.analysis (get_mole)                : get_mole O - H -> nbonds: 1
03/25 12:00 [DEBUG] cshmd.analysis (find_bond)               : find_bond C - O rcut -> 1.6
03/25 12:00 [DEBUG] cshmd.analysis (get_mole)                : get_mole C - O -> nbonds: 3
03/25 12:00 [DEBUG] cshmd.analysis (get_mole)                : get_mole O - H -> nbonds: 3
03/25 12:00 [DEBUG] cshmd.analysis (find_bond)               : find_bond Ca - O rcut -> 3.0
03/25 12:00 [DEBUG] cshmd.common (time_wrapper)              : [RUNTIME] get_distance_table in 0.303 seconds
03/25 12:00 [DEBUG] cshmd.analysis (full_search)             : Search layer details
03/25 12:00 [DEBUG] cshmd.analysis (find_bond)               : find_bond Ca - O rcut -> 3.0
03/25 12:00 [DEBUG] cshmd.analysis (find_bond)               : find_bond Si - O rcut -> 2.2
03/25 12:00 [DEBUG] cshmd.analysis (__detail_search_oh_co3)  : No CO3 in basic search
03/25 12:00 [DEBUG] cshmd.analysis (__detail_search_oh_sioh) : Searching 'OH' in 'SiO4
03/25 12:00 [DEBUG] cshmd.analysis (__detail_search_oh_caoh) : No CaOH in basic search. RETURN
03/25 12:00 [INFO] cshmd.analysis (Qn)                       : [Structure] Q1: 0.226
03/25 12:00 [INFO] cshmd.analysis (Qn)                       : [Structure] Q2: 0.774
03/25 12:00 [INFO] cshmd.analysis (CS)                       : [Structure] C/S: 0.835
03/25 12:00 [INFO] cshmd.analysis (validate_tetra)           : [Structure] BT: 178, PT: 512
03/25 12:00 [DEBUG] cshmd.analysis (__init__)                : <class 'cshmd.analysis.Chain'> loaded
03/25 12:00 [DEBUG] cshmd.analysis (__init__)                : <class 'cshmd.analysis.Chain'> loaded
03/25 12:00 [INFO] cshmd.analysis (validate_tetra)           : [Structure] CL : 2 2 2 2 2 2 2 2 2 2 2 2 2 2 5 5 5 5 5 5 5 5 5 5 5 5 5 5 5 5 5 5 5 5 5 5 5 5 5
03/25 12:00 [INFO] cshmd.analysis (validate_tetra)           : [Structure] MCL : 3.923076923076923
03/25 12:00 [DEBUG] cshmd.analysis (find_bond)               : find_bond O - H rcut -> 1.15
03/25 12:00 [DEBUG] cshmd.analysis (get_mole)                : get_mole O - H -> nbonds: 1
03/25 12:00 [DEBUG] cshmd.analysis (get_mole)                : get_mole O - H -> nbonds: 2
03/25 12:00 [DEBUG] cshmd.analysis (find_bond)               : find_bond C - O rcut -> 1.4
03/25 12:00 [DEBUG] cshmd.analysis (get_mole)                : get_mole C - O -> nbonds: 3
03/25 12:00 [DEBUG] cshmd.analysis (find_bond)               : find_bond Si - O rcut -> 1.8
03/25 12:00 [DEBUG] cshmd.analysis (get_mole)                : get_mole Si - O -> nbonds: 4
03/25 12:00 [INFO] cshmd.functions (cal_uniform_by_space)    : Number of molecules to add : 2678
03/25 12:00 [INFO] cshmd.functions (cal_uniform_by_space)    : Number of atoms per surface : 272
03/25 12:00 [INFO] cshmd.functions (cal_uniform_by_space)    : Number of layer : 10
03/25 12:00 [INFO] cshmd.structure (extendLattice)           : Extend lattice 53.882 59.402 28.788 -> 53.882 59.402 46.788 
03/25 12:00 [INFO] cif_modifier (exec_make_interface)        : Number of atoms: 5398 -> 13432
03/25 12:00 [INFO] cshmd.structure (labeling_by_clayff)      : Now get label according to 'Clayff' style
03/25 12:00 [DEBUG] cshmd.analysis (get_mole)                : get_mole O - H -> nbonds: 1
03/25 12:00 [DEBUG] cshmd.analysis (get_mole)                : get_mole O - H -> nbonds: 2
03/25 12:00 [DEBUG] cshmd.analysis (get_mole)                : get_mole Si - O -> nbonds: 4
03/25 12:00 [DEBUG] cshmd.analysis (get_mole)                : get_mole C - O -> nbonds: 3
03/25 12:00 [INFO] cshmd.structure (labeling_by_clayff)      : All atoms labeled by clayff
03/25 12:00 [INFO] cshmd.structure (labeling_by_clayff)      : Clayff charge: 0.000
03/25 12:00 [INFO] cshmd.structure (writeCif)                : L04_w2750.cif was created
03/25 12:00 [INFO] cif_modifier (__init__)                   : Total charge: 0 -> 0
03/25 12:00 [INFO] cif_modifier (<module>)                   : Logger loaded
03/25 12:00 [INFO] cshmd.structure (__init__)                : L06.cif was loaded
03/25 12:00 [DEBUG] cshmd.analysis (__init__)                : [Structure] Now new data setted for get Bonds
03/25 12:00 [DEBUG] cshmd.analysis (__del_bond__)            : del -> Si_O O_H H_O Ca_O C_O BO
03/25 12:00 [DEBUG] cshmd.analysis (__initialize_mole__)     : initalize -> H2O SiO4 OH CO3 H3O
03/25 12:00 [DEBUG] cshmd.analysis (__initialize_mole__)     : initalize -> SiOH CaOH HCO3 H2CO3 H3CO3
03/25 12:00 [INFO] cshmd.analysis (__init__)                 : Not any C-S-H Si range info
03/25 12:00 [DEBUG] cshmd.analysis (find_bond)               : find_bond O - H rcut -> 1.2
03/25 12:00 [DEBUG] cshmd.common (time_wrapper)              : [RUNTIME] get_distance_table in 0.613 seconds
03/25 12:00 [DEBUG] cshmd.analysis (get_mole)                : get_mole O - H -> nbonds: 2
03/25 12:00 [DEBUG] cshmd.analysis (find_bond)               : find_bond Si - O rcut -> 2.2
03/25 12:00 [DEBUG] cshmd.common (time_wrapper)              : [RUNTIME] get_distance_table in 0.333 seconds
03/25 12:00 [DEBUG] cshmd.analysis (get_mole)                : get_mole Si - O -> nbonds: 4
03/25 12:00 [DEBUG] cshmd.analysis (get_mole)                : get_mole O - H -> nbonds: 1
03/25 12:00 [DEBUG] cshmd.analysis (find_bond)               : find_bond C - O rcut -> 1.6
03/25 12:00 [DEBUG] cshmd.analysis (get_mole)                : get_mole C - O -> nbonds: 3
03/25 12:00 [DEBUG] cshmd.analysis (get_mole)                : get_mole O - H -> nbonds: 3
03/25 12:00 [DEBUG] cshmd.analysis (find_bond)               : find_bond Ca - O rcut -> 3.0
03/25 12:00 [DEBUG] cshmd.common (time_wrapper)              : [RUNTIME] get_distance_table in 0.329 seconds
03/25 12:00 [DEBUG] cshmd.analysis (full_search)             : Search layer details
03/25 12:00 [DEBUG] cshmd.analysis (find_bond)               : find_bond Ca - O rcut -> 3.0
03/25 12:00 [DEBUG] cshmd.analysis (find_bond)               : find_bond Si - O rcut -> 2.2
03/25 12:00 [DEBUG] cshmd.analysis (__detail_search_oh_co3)  : No CO3 in basic search
03/25 12:00 [DEBUG] cshmd.analysis (__detail_search_oh_sioh) : Searching 'OH' in 'SiO4
03/25 12:00 [DEBUG] cshmd.analysis (__detail_search_oh_caoh) : No CaOH in basic search. RETURN
03/25 12:00 [INFO] cshmd.analysis (Qn)                       : [Structure] Q1: 0.157
03/25 12:00 [INFO] cshmd.analysis (Qn)                       : [Structure] Q2: 0.843
03/25 12:00 [INFO] cshmd.analysis (CS)                       : [Structure] C/S: 0.809
03/25 12:00 [INFO] cshmd.analysis (validate_tetra)           : [Structure] BT: 200, PT: 512
03/25 12:00 [DEBUG] cshmd.analysis (__init__)                : <class 'cshmd.analysis.Chain'> loaded
03/25 12:00 [DEBUG] cshmd.analysis (__init__)                : <class 'cshmd.analysis.Chain'> loaded
03/25 12:00 [INFO] cshmd.analysis (validate_tetra)           : [Structure] CL : 2 2 2 5 5 5 5 5 5 5 5 5 5 5 5 5 5 5 8 8 8 8 8 8 8 8 8 11
03/25 12:00 [INFO] cshmd.analysis (validate_tetra)           : [Structure] MCL : 5.857142857142857
03/25 12:00 [DEBUG] cshmd.analysis (find_bond)               : find_bond O - H rcut -> 1.15
03/25 12:00 [DEBUG] cshmd.analysis (get_mole)                : get_mole O - H -> nbonds: 1
03/25 12:00 [DEBUG] cshmd.analysis (get_mole)                : get_mole O - H -> nbonds: 2
03/25 12:00 [DEBUG] cshmd.analysis (find_bond)               : find_bond C - O rcut -> 1.4
03/25 12:00 [DEBUG] cshmd.analysis (get_mole)                : get_mole C - O -> nbonds: 3
03/25 12:00 [DEBUG] cshmd.analysis (find_bond)               : find_bond Si - O rcut -> 1.8
03/25 12:00 [DEBUG] cshmd.analysis (get_mole)                : get_mole Si - O -> nbonds: 4
03/25 12:00 [INFO] cshmd.functions (cal_uniform_by_space)    : Number of molecules to add : 2678
03/25 12:00 [INFO] cshmd.functions (cal_uniform_by_space)    : Number of atoms per surface : 272
03/25 12:00 [INFO] cshmd.functions (cal_uniform_by_space)    : Number of layer : 10
03/25 12:00 [INFO] cshmd.structure (extendLattice)           : Extend lattice 53.882 59.402 28.788 -> 53.882 59.402 46.788 
03/25 12:00 [INFO] cif_modifier (exec_make_interface)        : Number of atoms: 5464 -> 13498
03/25 12:00 [INFO] cshmd.structure (labeling_by_clayff)      : Now get label according to 'Clayff' style
03/25 12:00 [DEBUG] cshmd.analysis (get_mole)                : get_mole O - H -> nbonds: 1
03/25 12:00 [DEBUG] cshmd.analysis (get_mole)                : get_mole O - H -> nbonds: 2
03/25 12:00 [DEBUG] cshmd.analysis (get_mole)                : get_mole Si - O -> nbonds: 4
03/25 12:00 [DEBUG] cshmd.analysis (get_mole)                : get_mole C - O -> nbonds: 3
03/25 12:00 [INFO] cshmd.structure (labeling_by_clayff)      : All atoms labeled by clayff
03/25 12:00 [INFO] cshmd.structure (labeling_by_clayff)      : Clayff charge: -0.000
03/25 12:00 [INFO] cshmd.structure (writeCif)                : L06_w2750.cif was created
03/25 12:00 [INFO] cif_modifier (__init__)                   : Total charge: 0 -> 0
03/25 12:00 [INFO] cif_modifier (<module>)                   : Logger loaded
03/25 12:00 [INFO] cshmd.structure (__init__)                : L08.cif was loaded
03/25 12:00 [DEBUG] cshmd.analysis (__init__)                : [Structure] Now new data setted for get Bonds
03/25 12:00 [DEBUG] cshmd.analysis (__del_bond__)            : del -> Si_O O_H H_O Ca_O C_O BO
03/25 12:00 [DEBUG] cshmd.analysis (__initialize_mole__)     : initalize -> H2O SiO4 OH CO3 H3O
03/25 12:00 [DEBUG] cshmd.analysis (__initialize_mole__)     : initalize -> SiOH CaOH HCO3 H2CO3 H3CO3
03/25 12:00 [INFO] cshmd.analysis (__init__)                 : Not any C-S-H Si range info
03/25 12:00 [DEBUG] cshmd.analysis (find_bond)               : find_bond O - H rcut -> 1.2
03/25 12:00 [DEBUG] cshmd.common (time_wrapper)              : [RUNTIME] get_distance_table in 0.617 seconds
03/25 12:00 [DEBUG] cshmd.analysis (get_mole)                : get_mole O - H -> nbonds: 2
03/25 12:00 [DEBUG] cshmd.analysis (find_bond)               : find_bond Si - O rcut -> 2.2
03/25 12:00 [DEBUG] cshmd.common (time_wrapper)              : [RUNTIME] get_distance_table in 0.326 seconds
03/25 12:00 [DEBUG] cshmd.analysis (get_mole)                : get_mole Si - O -> nbonds: 4
03/25 12:00 [DEBUG] cshmd.analysis (get_mole)                : get_mole O - H -> nbonds: 1
03/25 12:00 [DEBUG] cshmd.analysis (find_bond)               : find_bond C - O rcut -> 1.6
03/25 12:00 [DEBUG] cshmd.analysis (get_mole)                : get_mole C - O -> nbonds: 3
03/25 12:00 [DEBUG] cshmd.analysis (get_mole)                : get_mole O - H -> nbonds: 3
03/25 12:00 [DEBUG] cshmd.analysis (find_bond)               : find_bond Ca - O rcut -> 3.0
03/25 12:00 [DEBUG] cshmd.common (time_wrapper)              : [RUNTIME] get_distance_table in 0.312 seconds
03/25 12:00 [DEBUG] cshmd.analysis (full_search)             : Search layer details
03/25 12:00 [DEBUG] cshmd.analysis (find_bond)               : find_bond Ca - O rcut -> 3.0
03/25 12:00 [DEBUG] cshmd.analysis (find_bond)               : find_bond Si - O rcut -> 2.2
03/25 12:00 [DEBUG] cshmd.analysis (__detail_search_oh_co3)  : No CO3 in basic search
03/25 12:00 [DEBUG] cshmd.analysis (__detail_search_oh_sioh) : Searching 'OH' in 'SiO4
03/25 12:00 [DEBUG] cshmd.analysis (__detail_search_oh_caoh) : No CaOH in basic search. RETURN
03/25 12:00 [INFO] cshmd.analysis (Qn)                       : [Structure] Q1: 0.122
03/25 12:00 [INFO] cshmd.analysis (Qn)                       : [Structure] Q2: 0.878
03/25 12:00 [INFO] cshmd.analysis (CS)                       : [Structure] C/S: 0.796
03/25 12:00 [INFO] cshmd.analysis (validate_tetra)           : [Structure] BT: 212, PT: 512
03/25 12:00 [DEBUG] cshmd.analysis (__init__)                : <class 'cshmd.analysis.Chain'> loaded
03/25 12:00 [DEBUG] cshmd.analysis (__init__)                : <class 'cshmd.analysis.Chain'> loaded
03/25 12:00 [INFO] cshmd.analysis (validate_tetra)           : [Structure] CL : 2 2 5 5 5 5 5 5 5 5 8 8 11 11 11 11 11 11 11 11 11 11
03/25 12:00 [INFO] cshmd.analysis (validate_tetra)           : [Structure] MCL : 7.7272727272727275
03/25 12:00 [DEBUG] cshmd.analysis (find_bond)               : find_bond O - H rcut -> 1.15
03/25 12:00 [DEBUG] cshmd.analysis (get_mole)                : get_mole O - H -> nbonds: 1
03/25 12:00 [DEBUG] cshmd.analysis (get_mole)                : get_mole O - H -> nbonds: 2
03/25 12:00 [DEBUG] cshmd.analysis (find_bond)               : find_bond C - O rcut -> 1.4
03/25 12:00 [DEBUG] cshmd.analysis (get_mole)                : get_mole C - O -> nbonds: 3
03/25 12:00 [DEBUG] cshmd.analysis (find_bond)               : find_bond Si - O rcut -> 1.8
03/25 12:00 [DEBUG] cshmd.analysis (get_mole)                : get_mole Si - O -> nbonds: 4
03/25 12:00 [INFO] cshmd.functions (cal_uniform_by_space)    : Number of molecules to add : 2678
03/25 12:00 [INFO] cshmd.functions (cal_uniform_by_space)    : Number of atoms per surface : 272
03/25 12:00 [INFO] cshmd.functions (cal_uniform_by_space)    : Number of layer : 10
03/25 12:00 [INFO] cshmd.structure (extendLattice)           : Extend lattice 53.882 59.402 28.788 -> 53.882 59.402 46.788 
03/25 12:00 [INFO] cif_modifier (exec_make_interface)        : Number of atoms: 5500 -> 13534
03/25 12:00 [INFO] cshmd.structure (labeling_by_clayff)      : Now get label according to 'Clayff' style
03/25 12:00 [DEBUG] cshmd.analysis (get_mole)                : get_mole O - H -> nbonds: 1
03/25 12:00 [DEBUG] cshmd.analysis (get_mole)                : get_mole O - H -> nbonds: 2
03/25 12:00 [DEBUG] cshmd.analysis (get_mole)                : get_mole Si - O -> nbonds: 4
03/25 12:00 [DEBUG] cshmd.analysis (get_mole)                : get_mole C - O -> nbonds: 3
03/25 12:00 [INFO] cshmd.structure (labeling_by_clayff)      : All atoms labeled by clayff
03/25 12:00 [INFO] cshmd.structure (labeling_by_clayff)      : Clayff charge: 0.000
03/25 12:00 [INFO] cshmd.structure (writeCif)                : L08_w2750.cif was created
03/25 12:00 [INFO] cif_modifier (__init__)                   : Total charge: 0 -> 0
03/25 12:00 [INFO] cif_modifier (<module>)                   : Logger loaded
03/25 12:00 [INFO] cshmd.structure (__init__)                : L10.cif was loaded
03/25 12:00 [DEBUG] cshmd.analysis (__init__)                : [Structure] Now new data setted for get Bonds
03/25 12:00 [DEBUG] cshmd.analysis (__del_bond__)            : del -> Si_O O_H H_O Ca_O C_O BO
03/25 12:00 [DEBUG] cshmd.analysis (__initialize_mole__)     : initalize -> H2O SiO4 OH CO3 H3O
03/25 12:00 [DEBUG] cshmd.analysis (__initialize_mole__)     : initalize -> SiOH CaOH HCO3 H2CO3 H3CO3
03/25 12:00 [INFO] cshmd.analysis (__init__)                 : Not any C-S-H Si range info
03/25 12:00 [DEBUG] cshmd.analysis (find_bond)               : find_bond O - H rcut -> 1.2
03/25 12:00 [DEBUG] cshmd.common (time_wrapper)              : [RUNTIME] get_distance_table in 0.601 seconds
03/25 12:00 [DEBUG] cshmd.analysis (get_mole)                : get_mole O - H -> nbonds: 2
03/25 12:00 [DEBUG] cshmd.analysis (find_bond)               : find_bond Si - O rcut -> 2.2
03/25 12:00 [DEBUG] cshmd.common (time_wrapper)              : [RUNTIME] get_distance_table in 0.348 seconds
03/25 12:00 [DEBUG] cshmd.analysis (get_mole)                : get_mole Si - O -> nbonds: 4
03/25 12:00 [DEBUG] cshmd.analysis (get_mole)                : get_mole O - H -> nbonds: 1
03/25 12:00 [DEBUG] cshmd.analysis (find_bond)               : find_bond C - O rcut -> 1.6
03/25 12:00 [DEBUG] cshmd.analysis (get_mole)                : get_mole C - O -> nbonds: 3
03/25 12:00 [DEBUG] cshmd.analysis (get_mole)                : get_mole O - H -> nbonds: 3
03/25 12:00 [DEBUG] cshmd.analysis (find_bond)               : find_bond Ca - O rcut -> 3.0
03/25 12:00 [DEBUG] cshmd.common (time_wrapper)              : [RUNTIME] get_distance_table in 0.335 seconds
03/25 12:00 [DEBUG] cshmd.analysis (full_search)             : Search layer details
03/25 12:00 [DEBUG] cshmd.analysis (find_bond)               : find_bond Ca - O rcut -> 3.0
03/25 12:00 [DEBUG] cshmd.analysis (find_bond)               : find_bond Si - O rcut -> 2.2
03/25 12:00 [DEBUG] cshmd.analysis (__detail_search_oh_co3)  : No CO3 in basic search
03/25 12:00 [DEBUG] cshmd.analysis (__detail_search_oh_sioh) : Searching 'OH' in 'SiO4
03/25 12:00 [DEBUG] cshmd.analysis (__detail_search_oh_caoh) : No CaOH in basic search. RETURN
03/25 12:00 [INFO] cshmd.analysis (Qn)                       : [Structure] Q1: 0.098
03/25 12:00 [INFO] cshmd.analysis (Qn)                       : [Structure] Q2: 0.902
03/25 12:00 [INFO] cshmd.analysis (CS)                       : [Structure] C/S: 0.787
03/25 12:00 [INFO] cshmd.analysis (validate_tetra)           : [Structure] BT: 220, PT: 512
03/25 12:00 [DEBUG] cshmd.analysis (__init__)                : <class 'cshmd.analysis.Chain'> loaded
03/25 12:00 [DEBUG] cshmd.analysis (__init__)                : <class 'cshmd.analysis.Chain'> loaded
03/25 12:00 [INFO] cshmd.analysis (validate_tetra)           : [Structure] CL : 5 5 8 8 8 8 8 8 8 8 8 11 11 14 14 14 14 14
03/25 12:00 [INFO] cshmd.analysis (validate_tetra)           : [Structure] MCL : 9.666666666666666
03/25 12:00 [DEBUG] cshmd.analysis (find_bond)               : find_bond O - H rcut -> 1.15
03/25 12:00 [DEBUG] cshmd.analysis (get_mole)                : get_mole O - H -> nbonds: 1
03/25 12:00 [DEBUG] cshmd.analysis (get_mole)                : get_mole O - H -> nbonds: 2
03/25 12:00 [DEBUG] cshmd.analysis (find_bond)               : find_bond C - O rcut -> 1.4
03/25 12:00 [DEBUG] cshmd.analysis (get_mole)                : get_mole C - O -> nbonds: 3
03/25 12:00 [DEBUG] cshmd.analysis (find_bond)               : find_bond Si - O rcut -> 1.8
03/25 12:00 [DEBUG] cshmd.analysis (get_mole)                : get_mole Si - O -> nbonds: 4
03/25 12:00 [INFO] cshmd.functions (cal_uniform_by_space)    : Number of molecules to add : 2678
03/25 12:00 [INFO] cshmd.functions (cal_uniform_by_space)    : Number of atoms per surface : 272
03/25 12:00 [INFO] cshmd.functions (cal_uniform_by_space)    : Number of layer : 10
03/25 12:00 [INFO] cshmd.structure (extendLattice)           : Extend lattice 53.882 59.402 28.788 -> 53.882 59.402 46.788 
03/25 12:00 [INFO] cif_modifier (exec_make_interface)        : Number of atoms: 5524 -> 13558
03/25 12:00 [INFO] cshmd.structure (labeling_by_clayff)      : Now get label according to 'Clayff' style
03/25 12:00 [DEBUG] cshmd.analysis (get_mole)                : get_mole O - H -> nbonds: 1
03/25 12:00 [DEBUG] cshmd.analysis (get_mole)                : get_mole O - H -> nbonds: 2
03/25 12:00 [DEBUG] cshmd.analysis (get_mole)                : get_mole Si - O -> nbonds: 4
03/25 12:00 [DEBUG] cshmd.analysis (get_mole)                : get_mole C - O -> nbonds: 3
03/25 12:00 [INFO] cshmd.structure (labeling_by_clayff)      : All atoms labeled by clayff
03/25 12:00 [INFO] cshmd.structure (labeling_by_clayff)      : Clayff charge: -0.000
03/25 12:00 [INFO] cshmd.structure (writeCif)                : L10_w2750.cif was created
03/25 12:00 [INFO] cif_modifier (__init__)                   : Total charge: 0 -> 0
03/25 12:00 [INFO] cif_modifier (<module>)                   : Logger loaded
03/25 12:00 [INFO] cshmd.structure (__init__)                : L12.cif was loaded
03/25 12:00 [DEBUG] cshmd.analysis (__init__)                : [Structure] Now new data setted for get Bonds
03/25 12:00 [DEBUG] cshmd.analysis (__del_bond__)            : del -> Si_O O_H H_O Ca_O C_O BO
03/25 12:00 [DEBUG] cshmd.analysis (__initialize_mole__)     : initalize -> H2O SiO4 OH CO3 H3O
03/25 12:00 [DEBUG] cshmd.analysis (__initialize_mole__)     : initalize -> SiOH CaOH HCO3 H2CO3 H3CO3
03/25 12:00 [INFO] cshmd.analysis (__init__)                 : Not any C-S-H Si range info
03/25 12:00 [DEBUG] cshmd.analysis (find_bond)               : find_bond O - H rcut -> 1.2
03/25 12:00 [DEBUG] cshmd.common (time_wrapper)              : [RUNTIME] get_distance_table in 0.606 seconds
03/25 12:00 [DEBUG] cshmd.analysis (get_mole)                : get_mole O - H -> nbonds: 2
03/25 12:00 [DEBUG] cshmd.analysis (find_bond)               : find_bond Si - O rcut -> 2.2
03/25 12:00 [DEBUG] cshmd.common (time_wrapper)              : [RUNTIME] get_distance_table in 0.376 seconds
03/25 12:00 [DEBUG] cshmd.analysis (get_mole)                : get_mole Si - O -> nbonds: 4
03/25 12:00 [DEBUG] cshmd.analysis (get_mole)                : get_mole O - H -> nbonds: 1
03/25 12:00 [DEBUG] cshmd.analysis (find_bond)               : find_bond C - O rcut -> 1.6
03/25 12:00 [DEBUG] cshmd.analysis (get_mole)                : get_mole C - O -> nbonds: 3
03/25 12:00 [DEBUG] cshmd.analysis (get_mole)                : get_mole O - H -> nbonds: 3
03/25 12:00 [DEBUG] cshmd.analysis (find_bond)               : find_bond Ca - O rcut -> 3.0
03/25 12:00 [DEBUG] cshmd.common (time_wrapper)              : [RUNTIME] get_distance_table in 0.315 seconds
03/25 12:00 [DEBUG] cshmd.analysis (full_search)             : Search layer details
03/25 12:00 [DEBUG] cshmd.analysis (find_bond)               : find_bond Ca - O rcut -> 3.0
03/25 12:00 [DEBUG] cshmd.analysis (find_bond)               : find_bond Si - O rcut -> 2.2
03/25 12:00 [DEBUG] cshmd.analysis (__detail_search_oh_co3)  : No CO3 in basic search
03/25 12:00 [DEBUG] cshmd.analysis (__detail_search_oh_sioh) : Searching 'OH' in 'SiO4
03/25 12:00 [DEBUG] cshmd.analysis (__detail_search_oh_caoh) : No CaOH in basic search. RETURN
03/25 12:00 [INFO] cshmd.analysis (Qn)                       : [Structure] Q1: 0.081
03/25 12:00 [INFO] cshmd.analysis (Qn)                       : [Structure] Q2: 0.919
03/25 12:00 [INFO] cshmd.analysis (CS)                       : [Structure] C/S: 0.780
03/25 12:00 [INFO] cshmd.analysis (validate_tetra)           : [Structure] BT: 226, PT: 512
03/25 12:00 [DEBUG] cshmd.analysis (__init__)                : <class 'cshmd.analysis.Chain'> loaded
03/25 12:00 [DEBUG] cshmd.analysis (__init__)                : <class 'cshmd.analysis.Chain'> loaded
03/25 12:00 [INFO] cshmd.analysis (validate_tetra)           : [Structure] CL : 5 8 11 11 11 11 11 11 11 11 11 11 14 17 23
03/25 12:00 [INFO] cshmd.analysis (validate_tetra)           : [Structure] MCL : 11.8
03/25 12:00 [DEBUG] cshmd.analysis (find_bond)               : find_bond O - H rcut -> 1.15
03/25 12:00 [DEBUG] cshmd.analysis (get_mole)                : get_mole O - H -> nbonds: 1
03/25 12:00 [DEBUG] cshmd.analysis (get_mole)                : get_mole O - H -> nbonds: 2
03/25 12:00 [DEBUG] cshmd.analysis (find_bond)               : find_bond C - O rcut -> 1.4
03/25 12:00 [DEBUG] cshmd.analysis (get_mole)                : get_mole C - O -> nbonds: 3
03/25 12:00 [DEBUG] cshmd.analysis (find_bond)               : find_bond Si - O rcut -> 1.8
03/25 12:00 [DEBUG] cshmd.analysis (get_mole)                : get_mole Si - O -> nbonds: 4
03/25 12:00 [INFO] cshmd.functions (cal_uniform_by_space)    : Number of molecules to add : 2678
03/25 12:00 [INFO] cshmd.functions (cal_uniform_by_space)    : Number of atoms per surface : 272
03/25 12:00 [INFO] cshmd.functions (cal_uniform_by_space)    : Number of layer : 10
03/25 12:00 [INFO] cshmd.structure (extendLattice)           : Extend lattice 53.882 59.402 28.788 -> 53.882 59.402 46.788 
03/25 12:00 [INFO] cif_modifier (exec_make_interface)        : Number of atoms: 5542 -> 13576
03/25 12:00 [INFO] cshmd.structure (labeling_by_clayff)      : Now get label according to 'Clayff' style
03/25 12:00 [DEBUG] cshmd.analysis (get_mole)                : get_mole O - H -> nbonds: 1
03/25 12:00 [DEBUG] cshmd.analysis (get_mole)                : get_mole O - H -> nbonds: 2
03/25 12:00 [DEBUG] cshmd.analysis (get_mole)                : get_mole Si - O -> nbonds: 4
03/25 12:00 [DEBUG] cshmd.analysis (get_mole)                : get_mole C - O -> nbonds: 3
03/25 12:00 [INFO] cshmd.structure (labeling_by_clayff)      : All atoms labeled by clayff
03/25 12:00 [INFO] cshmd.structure (labeling_by_clayff)      : Clayff charge: -0.000
03/25 12:00 [INFO] cshmd.structure (writeCif)                : L12_w2750.cif was created
03/25 12:00 [INFO] cif_modifier (__init__)                   : Total charge: 0 -> 0
03/25 15:03 [INFO] csh_builder (main)                        : ----------------------------------------------------------------------
03/25 15:03 [INFO] csh_builder (main)                        : 'L08.yaml' loaded
03/25 15:03 [INFO] cshmd.structure (__init__)                : /Users/kimuni/bin/kimuni/cshmd/data/resources/cif/T14_111_term.cif was loaded
03/25 15:03 [DEBUG] cshmd.analysis (__init__)                : [Structure] Now new data setted for get Bonds
03/25 15:03 [DEBUG] cshmd.analysis (__del_bond__)            : del -> Si_O O_H H_O Ca_O C_O BO
03/25 15:03 [DEBUG] cshmd.analysis (__initialize_mole__)     : initalize -> H2O SiO4 OH CO3 H3O
03/25 15:03 [DEBUG] cshmd.analysis (__initialize_mole__)     : initalize -> SiOH CaOH HCO3 H2CO3 H3CO3
03/25 15:03 [INFO] cshmd.analysis (__init__)                 : Not any C-S-H Si range info
03/25 15:03 [DEBUG] cshmd.analysis (find_bond)               : find_bond O - H rcut -> 1.2
03/25 15:03 [DEBUG] cshmd.common (time_wrapper)              : [RUNTIME] get_distance_table in 0.000 seconds
03/25 15:03 [DEBUG] cshmd.analysis (get_mole)                : get_mole O - H -> nbonds: 2
03/25 15:03 [DEBUG] cshmd.analysis (find_bond)               : find_bond Si - O rcut -> 2.2
03/25 15:03 [DEBUG] cshmd.common (time_wrapper)              : [RUNTIME] get_distance_table in 0.000 seconds
03/25 15:03 [DEBUG] cshmd.analysis (get_mole)                : get_mole Si - O -> nbonds: 4
03/25 15:03 [DEBUG] cshmd.analysis (get_mole)                : get_mole O - H -> nbonds: 1
03/25 15:03 [DEBUG] cshmd.analysis (find_bond)               : find_bond C - O rcut -> 1.6
03/25 15:03 [DEBUG] cshmd.analysis (get_mole)                : get_mole C - O -> nbonds: 3
03/25 15:03 [DEBUG] cshmd.analysis (get_mole)                : get_mole O - H -> nbonds: 3
03/25 15:03 [DEBUG] cshmd.analysis (find_bond)               : find_bond Ca - O rcut -> 3.0
03/25 15:03 [DEBUG] cshmd.common (time_wrapper)              : [RUNTIME] get_distance_table in 0.000 seconds
03/25 15:03 [DEBUG] cshmd.analysis (full_search)             : Search layer details
03/25 15:03 [DEBUG] cshmd.analysis (find_bond)               : find_bond Ca - O rcut -> 3.0
03/25 15:03 [DEBUG] cshmd.analysis (find_bond)               : find_bond Si - O rcut -> 2.2
03/25 15:03 [DEBUG] cshmd.analysis (__detail_search_oh_co3)  : No CO3 in basic search
03/25 15:03 [DEBUG] cshmd.analysis (__detail_search_oh_sioh) : Searching 'OH' in 'SiO4
03/25 15:03 [DEBUG] cshmd.analysis (__detail_search_oh_caoh) : No CaOH in basic search. RETURN
03/25 15:03 [INFO] cshmd.analysis (Qn)                       : [Structure] Q2: 1.000
03/25 15:03 [INFO] cshmd.analysis (CS)                       : [Structure] C/S: 0.750
03/25 15:03 [INFO] cshmd.analysis (validate_tetra)           : [Structure] BT: 4, PT: 8
03/25 15:03 [DEBUG] cshmd.analysis (__init__)                : <class 'cshmd.analysis.Chain'> loaded
03/25 15:03 [DEBUG] cshmd.analysis (__init__)                : <class 'cshmd.analysis.Chain'> loaded
03/25 15:04 [INFO] csh_builder (main)                        : ----------------------------------------------------------------------
03/25 15:04 [INFO] csh_builder (main)                        : 'L08.yaml' loaded
03/25 15:04 [INFO] cshmd.structure (__init__)                : /Users/kimuni/bin/kimuni/cshmd/data/resources/cif/T14_111_term.cif was loaded
03/25 15:04 [DEBUG] cshmd.analysis (__init__)                : [Structure] Now new data setted for get Bonds
03/25 15:04 [DEBUG] cshmd.analysis (__del_bond__)            : del -> Si_O O_H H_O Ca_O C_O BO
03/25 15:04 [DEBUG] cshmd.analysis (__initialize_mole__)     : initalize -> H2O SiO4 OH CO3 H3O
03/25 15:04 [DEBUG] cshmd.analysis (__initialize_mole__)     : initalize -> SiOH CaOH HCO3 H2CO3 H3CO3
03/25 15:04 [INFO] cshmd.analysis (__init__)                 : Not any C-S-H Si range info
03/25 15:04 [DEBUG] cshmd.analysis (find_bond)               : find_bond O - H rcut -> 1.2
03/25 15:04 [DEBUG] cshmd.common (time_wrapper)              : [RUNTIME] get_distance_table in 0.000 seconds
03/25 15:04 [DEBUG] cshmd.analysis (get_mole)                : get_mole O - H -> nbonds: 2
03/25 15:04 [DEBUG] cshmd.analysis (find_bond)               : find_bond Si - O rcut -> 2.2
03/25 15:04 [DEBUG] cshmd.common (time_wrapper)              : [RUNTIME] get_distance_table in 0.000 seconds
03/25 15:04 [DEBUG] cshmd.analysis (get_mole)                : get_mole Si - O -> nbonds: 4
03/25 15:04 [DEBUG] cshmd.analysis (get_mole)                : get_mole O - H -> nbonds: 1
03/25 15:04 [DEBUG] cshmd.analysis (find_bond)               : find_bond C - O rcut -> 1.6
03/25 15:04 [DEBUG] cshmd.analysis (get_mole)                : get_mole C - O -> nbonds: 3
03/25 15:04 [DEBUG] cshmd.analysis (get_mole)                : get_mole O - H -> nbonds: 3
03/25 15:04 [DEBUG] cshmd.analysis (find_bond)               : find_bond Ca - O rcut -> 3.0
03/25 15:04 [DEBUG] cshmd.common (time_wrapper)              : [RUNTIME] get_distance_table in 0.000 seconds
03/25 15:04 [DEBUG] cshmd.analysis (full_search)             : Search layer details
03/25 15:04 [DEBUG] cshmd.analysis (find_bond)               : find_bond Ca - O rcut -> 3.0
03/25 15:04 [DEBUG] cshmd.analysis (find_bond)               : find_bond Si - O rcut -> 2.2
03/25 15:04 [DEBUG] cshmd.analysis (__detail_search_oh_co3)  : No CO3 in basic search
03/25 15:04 [DEBUG] cshmd.analysis (__detail_search_oh_sioh) : Searching 'OH' in 'SiO4
03/25 15:04 [DEBUG] cshmd.analysis (__detail_search_oh_caoh) : No CaOH in basic search. RETURN
03/25 15:04 [INFO] cshmd.analysis (Qn)                       : [Structure] Q2: 1.000
03/25 15:04 [INFO] cshmd.analysis (CS)                       : [Structure] C/S: 0.750
03/25 15:04 [INFO] cshmd.analysis (validate_tetra)           : [Structure] BT: 4, PT: 8
03/25 15:04 [DEBUG] cshmd.analysis (__init__)                : <class 'cshmd.analysis.Chain'> loaded
03/25 15:04 [DEBUG] cshmd.analysis (__init__)                : <class 'cshmd.analysis.Chain'> loaded
03/25 15:04 [INFO] cshmd.analysis (validate_tetra)           : [Structure] CL : {k!r}: {v!r}
03/25 15:04 [INFO] cshmd.analysis (validate_tetra)           : [Structure] MCL : 3.0
03/25 15:04 [INFO] csh_builder (main)                        : [Structure] Reading command 'supercell'...
03/25 15:04 [INFO] csh_builder (main)                        : [Structure] with arguments 'supercell: [8, 8, 1]'...
03/25 15:04 [INFO] cshmd.structure (makeSupercell)           : [Structure] Supercell created 8 * 8 * 1
03/25 15:04 [DEBUG] cshmd.analysis (__init__)                : [Structure] Now new data setted for get Bonds
03/25 15:04 [DEBUG] cshmd.analysis (__del_bond__)            : del -> Si_O O_H H_O Ca_O C_O BO
03/25 15:04 [DEBUG] cshmd.analysis (__initialize_mole__)     : initalize -> H2O SiO4 OH CO3 H3O
03/25 15:04 [DEBUG] cshmd.analysis (__initialize_mole__)     : initalize -> SiOH CaOH HCO3 H2CO3 H3CO3
03/25 15:04 [DEBUG] cshmd.analysis (find_bond)               : find_bond O - H rcut -> 1.2
03/25 15:04 [DEBUG] cshmd.common (time_wrapper)              : [RUNTIME] get_distance_table in 0.587 seconds
03/25 15:04 [DEBUG] cshmd.analysis (get_mole)                : get_mole O - H -> nbonds: 2
03/25 15:04 [DEBUG] cshmd.analysis (find_bond)               : find_bond Si - O rcut -> 2.2
03/25 15:04 [DEBUG] cshmd.common (time_wrapper)              : [RUNTIME] get_distance_table in 0.377 seconds
03/25 15:04 [DEBUG] cshmd.analysis (get_mole)                : get_mole Si - O -> nbonds: 4
03/25 15:04 [DEBUG] cshmd.analysis (get_mole)                : get_mole O - H -> nbonds: 1
03/25 15:04 [DEBUG] cshmd.analysis (find_bond)               : find_bond C - O rcut -> 1.6
03/25 15:04 [DEBUG] cshmd.analysis (get_mole)                : get_mole C - O -> nbonds: 3
03/25 15:04 [DEBUG] cshmd.analysis (get_mole)                : get_mole O - H -> nbonds: 3
03/25 15:04 [DEBUG] cshmd.analysis (find_bond)               : find_bond Ca - O rcut -> 3.0
03/25 15:04 [DEBUG] cshmd.common (time_wrapper)              : [RUNTIME] get_distance_table in 0.268 seconds
03/25 15:04 [DEBUG] cshmd.analysis (full_search)             : Search layer details
03/25 15:04 [DEBUG] cshmd.analysis (find_bond)               : find_bond Ca - O rcut -> 3.0
03/25 15:04 [DEBUG] cshmd.analysis (find_bond)               : find_bond Si - O rcut -> 2.2
03/25 15:04 [DEBUG] cshmd.analysis (__detail_search_oh_co3)  : No CO3 in basic search
03/25 15:04 [DEBUG] cshmd.analysis (__detail_search_oh_sioh) : Searching 'OH' in 'SiO4
03/25 15:04 [DEBUG] cshmd.analysis (__detail_search_oh_caoh) : No CaOH in basic search. RETURN
03/25 15:04 [INFO] cshmd.analysis (Qn)                       : [Structure] Q2: 1.000
03/25 15:04 [INFO] cshmd.analysis (CS)                       : [Structure] C/S: 0.750
03/25 15:04 [INFO] cshmd.analysis (validate_tetra)           : [Structure] BT: 256, PT: 512
03/25 15:04 [DEBUG] cshmd.analysis (__init__)                : <class 'cshmd.analysis.Chain'> loaded
03/25 15:04 [DEBUG] cshmd.analysis (__init__)                : <class 'cshmd.analysis.Chain'> loaded
03/25 15:04 [INFO] cshmd.analysis (validate_tetra)           : [Structure] CL : {k!r}: {v!r}
03/25 15:04 [INFO] cshmd.analysis (validate_tetra)           : [Structure] MCL : 24.0
03/25 15:04 [INFO] cshmd.builder (update_manager)            : [Structure] Number of atoms: 86 -> 5504
03/25 15:04 [INFO] csh_builder (main)                        : [Structure] Reading command 'defect_BT'...
03/25 15:04 [INFO] csh_builder (main)                        : [Structure] with arguments 'MCL: 8 termination: False add: Ca'...
03/25 15:04 [INFO] cshmd.builder (defect_BT)                 : [Structure] Termination scope: False
03/25 15:04 [INFO] cshmd.builder (defect_BT)                 : [Structure] Exists 64 Bridging Tetra in 'top' side
03/25 15:04 [INFO] cshmd.structure (add_Ca)                  : [Structure] Add Ca
03/25 15:04 [INFO] cshmd.builder (defect_BT)                 : [Structure] Exists 64 Bridging Tetra in 'bottom' side
03/25 15:04 [INFO] cshmd.structure (add_Ca)                  : [Structure] Add Ca
03/25 15:04 [INFO] cshmd.structure (check_rm_list)           : Delete 132 atoms in rm_list
03/25 15:04 [DEBUG] cshmd.analysis (__init__)                : [Structure] Now new data setted for get Bonds
03/25 15:04 [DEBUG] cshmd.analysis (__del_bond__)            : del -> Si_O O_H H_O Ca_O C_O BO
03/25 15:04 [DEBUG] cshmd.analysis (__initialize_mole__)     : initalize -> H2O SiO4 OH CO3 H3O
03/25 15:04 [DEBUG] cshmd.analysis (__initialize_mole__)     : initalize -> SiOH CaOH HCO3 H2CO3 H3CO3
03/25 15:04 [DEBUG] cshmd.analysis (find_bond)               : find_bond O - H rcut -> 1.2
03/25 15:04 [DEBUG] cshmd.common (time_wrapper)              : [RUNTIME] get_distance_table in 0.574 seconds
03/25 15:04 [DEBUG] cshmd.analysis (get_mole)                : get_mole O - H -> nbonds: 2
03/25 15:04 [DEBUG] cshmd.analysis (find_bond)               : find_bond Si - O rcut -> 2.2
03/25 15:04 [DEBUG] cshmd.common (time_wrapper)              : [RUNTIME] get_distance_table in 0.309 seconds
03/25 15:04 [DEBUG] cshmd.analysis (get_mole)                : get_mole Si - O -> nbonds: 4
03/25 15:04 [DEBUG] cshmd.analysis (get_mole)                : get_mole O - H -> nbonds: 1
03/25 15:04 [DEBUG] cshmd.analysis (find_bond)               : find_bond C - O rcut -> 1.6
03/25 15:04 [DEBUG] cshmd.analysis (get_mole)                : get_mole C - O -> nbonds: 3
03/25 15:04 [DEBUG] cshmd.analysis (get_mole)                : get_mole O - H -> nbonds: 3
03/25 15:04 [DEBUG] cshmd.analysis (find_bond)               : find_bond Ca - O rcut -> 3.0
03/25 15:04 [DEBUG] cshmd.common (time_wrapper)              : [RUNTIME] get_distance_table in 0.280 seconds
03/25 15:04 [DEBUG] cshmd.analysis (full_search)             : Search layer details
03/25 15:04 [DEBUG] cshmd.analysis (find_bond)               : find_bond Ca - O rcut -> 3.0
03/25 15:04 [DEBUG] cshmd.analysis (find_bond)               : find_bond Si - O rcut -> 2.2
03/25 15:04 [DEBUG] cshmd.analysis (__detail_search_oh_co3)  : No CO3 in basic search
03/25 15:04 [DEBUG] cshmd.analysis (__detail_search_oh_sioh) : Searching 'OH' in 'SiO4
03/25 15:04 [DEBUG] cshmd.analysis (__detail_search_oh_caoh) : No CaOH in basic search. RETURN
03/25 15:04 [INFO] cshmd.analysis (Qn)                       : [Structure] Q1: 0.122
03/25 15:04 [INFO] cshmd.analysis (Qn)                       : [Structure] Q2: 0.878
03/25 15:04 [INFO] cshmd.analysis (CS)                       : [Structure] C/S: 0.796
03/25 15:04 [INFO] cshmd.analysis (validate_tetra)           : [Structure] BT: 212, PT: 512
03/25 15:04 [DEBUG] cshmd.analysis (__init__)                : <class 'cshmd.analysis.Chain'> loaded
03/25 15:04 [DEBUG] cshmd.analysis (__init__)                : <class 'cshmd.analysis.Chain'> loaded
03/25 15:04 [INFO] cshmd.analysis (validate_tetra)           : [Structure] CL : {k!r}: {v!r} {k!r}: {v!r} {k!r}: {v!r} {k!r}: {v!r} {k!r}: {v!r}
03/25 15:04 [INFO] cshmd.analysis (validate_tetra)           : [Structure] MCL : 7.7272727272727275
03/25 15:04 [INFO] cshmd.builder (update_manager)            : [Structure] Number of atoms: 5504 -> 5416
03/25 15:04 [INFO] csh_builder (main)                        : [Structure] Reading command 'terminate_NBO'...
03/25 15:04 [INFO] csh_builder (main)                        : [Structure] with arguments 'ratio: 0'...
03/25 15:04 [INFO] cshmd.builder (terminate_NBO)             : Do not run terminate, ratio == 0
03/25 15:04 [INFO] csh_builder (main)                        : [Structure] Reading command 'add_BT'...
03/25 15:04 [INFO] csh_builder (main)                        : [Structure] with arguments 'auto: False add: Ca'...
03/25 15:04 [INFO] cshmd.builder (add_BT)                    : [Structure] 'Add Ca above all Bridging Tetra'
03/25 15:04 [INFO] cshmd.structure (add_Ca)                  : [Structure] Add Ca
03/25 15:04 [INFO] cshmd.structure (add_Ca)                  : [Structure] Add Ca
03/25 15:04 [DEBUG] cshmd.analysis (__init__)                : [Structure] Now new data setted for get Bonds
03/25 15:04 [DEBUG] cshmd.analysis (__del_bond__)            : del -> Si_O O_H H_O Ca_O C_O BO
03/25 15:04 [DEBUG] cshmd.analysis (__initialize_mole__)     : initalize -> H2O SiO4 OH CO3 H3O
03/25 15:04 [DEBUG] cshmd.analysis (__initialize_mole__)     : initalize -> SiOH CaOH HCO3 H2CO3 H3CO3
03/25 15:04 [DEBUG] cshmd.analysis (find_bond)               : find_bond O - H rcut -> 1.2
03/25 15:04 [DEBUG] cshmd.common (time_wrapper)              : [RUNTIME] get_distance_table in 0.554 seconds
03/25 15:04 [DEBUG] cshmd.analysis (get_mole)                : get_mole O - H -> nbonds: 2
03/25 15:04 [DEBUG] cshmd.analysis (find_bond)               : find_bond Si - O rcut -> 2.2
03/25 15:04 [DEBUG] cshmd.common (time_wrapper)              : [RUNTIME] get_distance_table in 0.310 seconds
03/25 15:04 [DEBUG] cshmd.analysis (get_mole)                : get_mole Si - O -> nbonds: 4
03/25 15:04 [DEBUG] cshmd.analysis (get_mole)                : get_mole O - H -> nbonds: 1
03/25 15:04 [DEBUG] cshmd.analysis (find_bond)               : find_bond C - O rcut -> 1.6
03/25 15:04 [DEBUG] cshmd.analysis (get_mole)                : get_mole C - O -> nbonds: 3
03/25 15:04 [DEBUG] cshmd.analysis (get_mole)                : get_mole O - H -> nbonds: 3
03/25 15:04 [DEBUG] cshmd.analysis (find_bond)               : find_bond Ca - O rcut -> 3.0
03/25 15:04 [DEBUG] cshmd.common (time_wrapper)              : [RUNTIME] get_distance_table in 0.298 seconds
03/25 15:04 [DEBUG] cshmd.analysis (full_search)             : Search layer details
03/25 15:04 [DEBUG] cshmd.analysis (find_bond)               : find_bond Ca - O rcut -> 3.0
03/25 15:04 [DEBUG] cshmd.analysis (find_bond)               : find_bond Si - O rcut -> 2.2
03/25 15:04 [DEBUG] cshmd.analysis (__detail_search_oh_co3)  : No CO3 in basic search
03/25 15:04 [DEBUG] cshmd.analysis (__detail_search_oh_sioh) : Searching 'OH' in 'SiO4
03/25 15:04 [DEBUG] cshmd.analysis (__detail_search_oh_caoh) : No CaOH in basic search. RETURN
03/25 15:04 [INFO] cshmd.analysis (Qn)                       : [Structure] Q1: 0.122
03/25 15:04 [INFO] cshmd.analysis (Qn)                       : [Structure] Q2: 0.878
03/25 15:04 [INFO] cshmd.analysis (CS)                       : [Structure] C/S: 0.796
03/25 15:04 [INFO] cshmd.analysis (validate_tetra)           : [Structure] BT: 212, PT: 512
03/25 15:04 [DEBUG] cshmd.analysis (__init__)                : <class 'cshmd.analysis.Chain'> loaded
03/25 15:04 [DEBUG] cshmd.analysis (__init__)                : <class 'cshmd.analysis.Chain'> loaded
03/25 15:04 [INFO] cshmd.analysis (validate_tetra)           : [Structure] CL : {k!r}: {v!r} {k!r}: {v!r} {k!r}: {v!r} {k!r}: {v!r} {k!r}: {v!r}
03/25 15:04 [INFO] cshmd.analysis (validate_tetra)           : [Structure] MCL : 7.7272727272727275
03/25 15:04 [INFO] cshmd.builder (update_manager)            : [Structure] Number of atoms: 5416 -> 5500
03/25 15:04 [INFO] cshmd.structure (writeCif)                : L08.cif was created
03/25 15:04 [INFO] cshmd.builder (out_model)                 : Total Charge: 0
03/25 15:04 [INFO] csh_builder (main)                        : ----------------------------------------------------------------------
03/25 15:06 [INFO] csh_builder (main)                        : ----------------------------------------------------------------------
03/25 15:06 [INFO] csh_builder (main)                        : 'L08.yaml' loaded
03/25 15:06 [INFO] cshmd.structure (__init__)                : /Users/kimuni/bin/kimuni/cshmd/data/resources/cif/T14_111_term.cif was loaded
03/25 15:06 [DEBUG] cshmd.analysis (__init__)                : [Structure] Now new data setted for get Bonds
03/25 15:06 [DEBUG] cshmd.analysis (__del_bond__)            : del -> Si_O O_H H_O Ca_O C_O BO
03/25 15:06 [DEBUG] cshmd.analysis (__initialize_mole__)     : initalize -> H2O SiO4 OH CO3 H3O
03/25 15:06 [DEBUG] cshmd.analysis (__initialize_mole__)     : initalize -> SiOH CaOH HCO3 H2CO3 H3CO3
03/25 15:06 [INFO] cshmd.analysis (__init__)                 : Not any C-S-H Si range info
03/25 15:06 [DEBUG] cshmd.analysis (find_bond)               : find_bond O - H rcut -> 1.2
03/25 15:06 [DEBUG] cshmd.common (time_wrapper)              : [RUNTIME] get_distance_table in 0.000 seconds
03/25 15:06 [DEBUG] cshmd.analysis (get_mole)                : get_mole O - H -> nbonds: 2
03/25 15:06 [DEBUG] cshmd.analysis (find_bond)               : find_bond Si - O rcut -> 2.2
03/25 15:06 [DEBUG] cshmd.common (time_wrapper)              : [RUNTIME] get_distance_table in 0.000 seconds
03/25 15:06 [DEBUG] cshmd.analysis (get_mole)                : get_mole Si - O -> nbonds: 4
03/25 15:06 [DEBUG] cshmd.analysis (get_mole)                : get_mole O - H -> nbonds: 1
03/25 15:06 [DEBUG] cshmd.analysis (find_bond)               : find_bond C - O rcut -> 1.6
03/25 15:06 [DEBUG] cshmd.analysis (get_mole)                : get_mole C - O -> nbonds: 3
03/25 15:06 [DEBUG] cshmd.analysis (get_mole)                : get_mole O - H -> nbonds: 3
03/25 15:06 [DEBUG] cshmd.analysis (find_bond)               : find_bond Ca - O rcut -> 3.0
03/25 15:06 [DEBUG] cshmd.common (time_wrapper)              : [RUNTIME] get_distance_table in 0.000 seconds
03/25 15:06 [DEBUG] cshmd.analysis (full_search)             : Search layer details
03/25 15:06 [DEBUG] cshmd.analysis (find_bond)               : find_bond Ca - O rcut -> 3.0
03/25 15:06 [DEBUG] cshmd.analysis (find_bond)               : find_bond Si - O rcut -> 2.2
03/25 15:06 [DEBUG] cshmd.analysis (__detail_search_oh_co3)  : No CO3 in basic search
03/25 15:06 [DEBUG] cshmd.analysis (__detail_search_oh_sioh) : Searching 'OH' in 'SiO4
03/25 15:06 [DEBUG] cshmd.analysis (__detail_search_oh_caoh) : No CaOH in basic search. RETURN
03/25 15:06 [INFO] cshmd.analysis (Qn)                       : [Structure] Q2: 1.000
03/25 15:06 [INFO] cshmd.analysis (CS)                       : [Structure] C/S: 0.750
03/25 15:06 [INFO] cshmd.analysis (validate_tetra)           : [Structure] BT: 4, PT: 8
03/25 15:06 [DEBUG] cshmd.analysis (__init__)                : <class 'cshmd.analysis.Chain'> loaded
03/25 15:06 [DEBUG] cshmd.analysis (__init__)                : <class 'cshmd.analysis.Chain'> loaded
03/25 15:06 [INFO] cshmd.analysis (validate_tetra)           : [Structure] CL : 3: 1
03/25 15:06 [INFO] cshmd.analysis (validate_tetra)           : [Structure] MCL : 3.0
03/25 15:06 [INFO] csh_builder (main)                        : [Structure] Reading command 'supercell'...
03/25 15:06 [INFO] csh_builder (main)                        : [Structure] with arguments 'supercell: [8, 8, 1]'...
03/25 15:06 [INFO] cshmd.structure (makeSupercell)           : [Structure] Supercell created 8 * 8 * 1
03/25 15:06 [DEBUG] cshmd.analysis (__init__)                : [Structure] Now new data setted for get Bonds
03/25 15:06 [DEBUG] cshmd.analysis (__del_bond__)            : del -> Si_O O_H H_O Ca_O C_O BO
03/25 15:06 [DEBUG] cshmd.analysis (__initialize_mole__)     : initalize -> H2O SiO4 OH CO3 H3O
03/25 15:06 [DEBUG] cshmd.analysis (__initialize_mole__)     : initalize -> SiOH CaOH HCO3 H2CO3 H3CO3
03/25 15:06 [DEBUG] cshmd.analysis (find_bond)               : find_bond O - H rcut -> 1.2
03/25 15:06 [DEBUG] cshmd.common (time_wrapper)              : [RUNTIME] get_distance_table in 0.681 seconds
03/25 15:06 [DEBUG] cshmd.analysis (get_mole)                : get_mole O - H -> nbonds: 2
03/25 15:06 [DEBUG] cshmd.analysis (find_bond)               : find_bond Si - O rcut -> 2.2
03/25 15:06 [DEBUG] cshmd.common (time_wrapper)              : [RUNTIME] get_distance_table in 0.392 seconds
03/25 15:06 [DEBUG] cshmd.analysis (get_mole)                : get_mole Si - O -> nbonds: 4
03/25 15:06 [DEBUG] cshmd.analysis (get_mole)                : get_mole O - H -> nbonds: 1
03/25 15:06 [DEBUG] cshmd.analysis (find_bond)               : find_bond C - O rcut -> 1.6
03/25 15:06 [DEBUG] cshmd.analysis (get_mole)                : get_mole C - O -> nbonds: 3
03/25 15:06 [DEBUG] cshmd.analysis (get_mole)                : get_mole O - H -> nbonds: 3
03/25 15:06 [DEBUG] cshmd.analysis (find_bond)               : find_bond Ca - O rcut -> 3.0
03/25 15:06 [DEBUG] cshmd.common (time_wrapper)              : [RUNTIME] get_distance_table in 0.286 seconds
03/25 15:06 [DEBUG] cshmd.analysis (full_search)             : Search layer details
03/25 15:06 [DEBUG] cshmd.analysis (find_bond)               : find_bond Ca - O rcut -> 3.0
03/25 15:06 [DEBUG] cshmd.analysis (find_bond)               : find_bond Si - O rcut -> 2.2
03/25 15:06 [DEBUG] cshmd.analysis (__detail_search_oh_co3)  : No CO3 in basic search
03/25 15:06 [DEBUG] cshmd.analysis (__detail_search_oh_sioh) : Searching 'OH' in 'SiO4
03/25 15:06 [DEBUG] cshmd.analysis (__detail_search_oh_caoh) : No CaOH in basic search. RETURN
03/25 15:06 [INFO] cshmd.analysis (Qn)                       : [Structure] Q2: 1.000
03/25 15:06 [INFO] cshmd.analysis (CS)                       : [Structure] C/S: 0.750
03/25 15:06 [INFO] cshmd.analysis (validate_tetra)           : [Structure] BT: 256, PT: 512
03/25 15:06 [DEBUG] cshmd.analysis (__init__)                : <class 'cshmd.analysis.Chain'> loaded
03/25 15:06 [DEBUG] cshmd.analysis (__init__)                : <class 'cshmd.analysis.Chain'> loaded
03/25 15:06 [INFO] cshmd.analysis (validate_tetra)           : [Structure] CL : 24: 8
03/25 15:06 [INFO] cshmd.analysis (validate_tetra)           : [Structure] MCL : 24.0
03/25 15:06 [INFO] cshmd.builder (update_manager)            : [Structure] Number of atoms: 86 -> 5504
03/25 15:06 [INFO] csh_builder (main)                        : [Structure] Reading command 'defect_BT'...
03/25 15:06 [INFO] csh_builder (main)                        : [Structure] with arguments 'MCL: 8 termination: False add: Ca'...
03/25 15:06 [INFO] cshmd.builder (defect_BT)                 : [Structure] Termination scope: False
03/25 15:06 [INFO] cshmd.builder (defect_BT)                 : [Structure] Exists 64 Bridging Tetra in 'top' side
03/25 15:06 [INFO] cshmd.structure (add_Ca)                  : [Structure] Add Ca
03/25 15:06 [INFO] cshmd.builder (defect_BT)                 : [Structure] Exists 64 Bridging Tetra in 'bottom' side
03/25 15:06 [INFO] cshmd.structure (add_Ca)                  : [Structure] Add Ca
03/25 15:06 [INFO] cshmd.structure (check_rm_list)           : Delete 132 atoms in rm_list
03/25 15:06 [DEBUG] cshmd.analysis (__init__)                : [Structure] Now new data setted for get Bonds
03/25 15:06 [DEBUG] cshmd.analysis (__del_bond__)            : del -> Si_O O_H H_O Ca_O C_O BO
03/25 15:06 [DEBUG] cshmd.analysis (__initialize_mole__)     : initalize -> H2O SiO4 OH CO3 H3O
03/25 15:06 [DEBUG] cshmd.analysis (__initialize_mole__)     : initalize -> SiOH CaOH HCO3 H2CO3 H3CO3
03/25 15:06 [DEBUG] cshmd.analysis (find_bond)               : find_bond O - H rcut -> 1.2
03/25 15:06 [DEBUG] cshmd.common (time_wrapper)              : [RUNTIME] get_distance_table in 0.620 seconds
03/25 15:06 [DEBUG] cshmd.analysis (get_mole)                : get_mole O - H -> nbonds: 2
03/25 15:06 [DEBUG] cshmd.analysis (find_bond)               : find_bond Si - O rcut -> 2.2
03/25 15:06 [DEBUG] cshmd.common (time_wrapper)              : [RUNTIME] get_distance_table in 0.369 seconds
03/25 15:06 [DEBUG] cshmd.analysis (get_mole)                : get_mole Si - O -> nbonds: 4
03/25 15:06 [DEBUG] cshmd.analysis (get_mole)                : get_mole O - H -> nbonds: 1
03/25 15:06 [DEBUG] cshmd.analysis (find_bond)               : find_bond C - O rcut -> 1.6
03/25 15:06 [DEBUG] cshmd.analysis (get_mole)                : get_mole C - O -> nbonds: 3
03/25 15:06 [DEBUG] cshmd.analysis (get_mole)                : get_mole O - H -> nbonds: 3
03/25 15:06 [DEBUG] cshmd.analysis (find_bond)               : find_bond Ca - O rcut -> 3.0
03/25 15:06 [DEBUG] cshmd.common (time_wrapper)              : [RUNTIME] get_distance_table in 0.293 seconds
03/25 15:06 [DEBUG] cshmd.analysis (full_search)             : Search layer details
03/25 15:06 [DEBUG] cshmd.analysis (find_bond)               : find_bond Ca - O rcut -> 3.0
03/25 15:06 [DEBUG] cshmd.analysis (find_bond)               : find_bond Si - O rcut -> 2.2
03/25 15:06 [DEBUG] cshmd.analysis (__detail_search_oh_co3)  : No CO3 in basic search
03/25 15:06 [DEBUG] cshmd.analysis (__detail_search_oh_sioh) : Searching 'OH' in 'SiO4
03/25 15:06 [DEBUG] cshmd.analysis (__detail_search_oh_caoh) : No CaOH in basic search. RETURN
03/25 15:06 [INFO] cshmd.analysis (Qn)                       : [Structure] Q1: 0.122
03/25 15:06 [INFO] cshmd.analysis (Qn)                       : [Structure] Q2: 0.878
03/25 15:06 [INFO] cshmd.analysis (CS)                       : [Structure] C/S: 0.796
03/25 15:06 [INFO] cshmd.analysis (validate_tetra)           : [Structure] BT: 212, PT: 512
03/25 15:06 [DEBUG] cshmd.analysis (__init__)                : <class 'cshmd.analysis.Chain'> loaded
03/25 15:06 [DEBUG] cshmd.analysis (__init__)                : <class 'cshmd.analysis.Chain'> loaded
03/25 15:06 [INFO] cshmd.analysis (validate_tetra)           : [Structure] CL : 2: 2 5: 4 8: 10 11: 6
03/25 15:06 [INFO] cshmd.analysis (validate_tetra)           : [Structure] MCL : 7.7272727272727275
03/25 15:06 [INFO] cshmd.builder (update_manager)            : [Structure] Number of atoms: 5504 -> 5416
03/25 15:06 [INFO] csh_builder (main)                        : [Structure] Reading command 'terminate_NBO'...
03/25 15:06 [INFO] csh_builder (main)                        : [Structure] with arguments 'ratio: 0'...
03/25 15:06 [INFO] cshmd.builder (terminate_NBO)             : Do not run terminate, ratio == 0
03/25 15:06 [INFO] csh_builder (main)                        : [Structure] Reading command 'add_BT'...
03/25 15:06 [INFO] csh_builder (main)                        : [Structure] with arguments 'auto: False add: Ca'...
03/25 15:06 [INFO] cshmd.builder (add_BT)                    : [Structure] 'Add Ca above all Bridging Tetra'
03/25 15:06 [INFO] cshmd.structure (add_Ca)                  : [Structure] Add Ca
03/25 15:06 [INFO] cshmd.structure (add_Ca)                  : [Structure] Add Ca
03/25 15:06 [DEBUG] cshmd.analysis (__init__)                : [Structure] Now new data setted for get Bonds
03/25 15:06 [DEBUG] cshmd.analysis (__del_bond__)            : del -> Si_O O_H H_O Ca_O C_O BO
03/25 15:06 [DEBUG] cshmd.analysis (__initialize_mole__)     : initalize -> H2O SiO4 OH CO3 H3O
03/25 15:06 [DEBUG] cshmd.analysis (__initialize_mole__)     : initalize -> SiOH CaOH HCO3 H2CO3 H3CO3
03/25 15:06 [DEBUG] cshmd.analysis (find_bond)               : find_bond O - H rcut -> 1.2
03/25 15:06 [DEBUG] cshmd.common (time_wrapper)              : [RUNTIME] get_distance_table in 0.595 seconds
03/25 15:06 [DEBUG] cshmd.analysis (get_mole)                : get_mole O - H -> nbonds: 2
03/25 15:06 [DEBUG] cshmd.analysis (find_bond)               : find_bond Si - O rcut -> 2.2
03/25 15:06 [DEBUG] cshmd.common (time_wrapper)              : [RUNTIME] get_distance_table in 0.327 seconds
03/25 15:06 [DEBUG] cshmd.analysis (get_mole)                : get_mole Si - O -> nbonds: 4
03/25 15:06 [DEBUG] cshmd.analysis (get_mole)                : get_mole O - H -> nbonds: 1
03/25 15:06 [DEBUG] cshmd.analysis (find_bond)               : find_bond C - O rcut -> 1.6
03/25 15:06 [DEBUG] cshmd.analysis (get_mole)                : get_mole C - O -> nbonds: 3
03/25 15:06 [DEBUG] cshmd.analysis (get_mole)                : get_mole O - H -> nbonds: 3
03/25 15:06 [DEBUG] cshmd.analysis (find_bond)               : find_bond Ca - O rcut -> 3.0
03/25 15:06 [DEBUG] cshmd.common (time_wrapper)              : [RUNTIME] get_distance_table in 0.315 seconds
03/25 15:06 [DEBUG] cshmd.analysis (full_search)             : Search layer details
03/25 15:06 [DEBUG] cshmd.analysis (find_bond)               : find_bond Ca - O rcut -> 3.0
03/25 15:06 [DEBUG] cshmd.analysis (find_bond)               : find_bond Si - O rcut -> 2.2
03/25 15:06 [DEBUG] cshmd.analysis (__detail_search_oh_co3)  : No CO3 in basic search
03/25 15:06 [DEBUG] cshmd.analysis (__detail_search_oh_sioh) : Searching 'OH' in 'SiO4
03/25 15:06 [DEBUG] cshmd.analysis (__detail_search_oh_caoh) : No CaOH in basic search. RETURN
03/25 15:06 [INFO] cshmd.analysis (Qn)                       : [Structure] Q1: 0.122
03/25 15:06 [INFO] cshmd.analysis (Qn)                       : [Structure] Q2: 0.878
03/25 15:06 [INFO] cshmd.analysis (CS)                       : [Structure] C/S: 0.796
03/25 15:06 [INFO] cshmd.analysis (validate_tetra)           : [Structure] BT: 212, PT: 512
03/25 15:06 [DEBUG] cshmd.analysis (__init__)                : <class 'cshmd.analysis.Chain'> loaded
03/25 15:06 [DEBUG] cshmd.analysis (__init__)                : <class 'cshmd.analysis.Chain'> loaded
03/25 15:06 [INFO] cshmd.analysis (validate_tetra)           : [Structure] CL : 2: 2 5: 4 8: 10 11: 6
03/25 15:06 [INFO] cshmd.analysis (validate_tetra)           : [Structure] MCL : 7.7272727272727275
03/25 15:06 [INFO] cshmd.builder (update_manager)            : [Structure] Number of atoms: 5416 -> 5500
03/25 15:06 [INFO] cshmd.structure (writeCif)                : L08.cif was created
03/25 15:06 [INFO] cshmd.builder (out_model)                 : Total Charge: 0
03/25 15:06 [INFO] csh_builder (main)                        : ----------------------------------------------------------------------
04/06 11:30 [INFO] csh_info (main)                                               : Cif: L02.cif L02_w2750.cif L04.cif L04_w2750.cif L06.cif L06_w2750.cif L08.cif L08_w2750.cif L10.cif L10_w2750.cif L12.cif L12_w2750.cif
04/06 11:30 [INFO] cshmd.structure (__init__)                                    : L02.cif was loaded
04/06 11:30 [DEBUG] cshmd.analysis (__init__)                                    : [Structure] Now new data setted for get Bonds
04/06 11:30 [DEBUG] cshmd.analysis (__del_bond__)                                : del -> Si_O O_H H_O Ca_O C_O BO NBO
04/06 11:30 [DEBUG] cshmd.analysis (__initialize_mole__)                         : initalize -> H2O SiO4 OH CO3 H3O
04/06 11:30 [DEBUG] cshmd.analysis (__initialize_mole__)                         : initalize -> SiOH CaOH HCO3 H2CO3 H3CO3
04/06 11:30 [INFO] cshmd.analysis (__init__)                                     : Not any C-S-H Si range info
04/06 11:30 [DEBUG] cshmd.analysis (find_bond)                                   : find_bond O - H rcut -> 1.2
04/06 11:30 [INFO] csh_info (main)                                               : Cif: L02_w2750.cif L04_w2750.cif L06_w2750.cif L08_w2750.cif L10_w2750.cif L12_w2750.cif
04/06 11:30 [INFO] cshmd.structure (__init__)                                    : L02_w2750.cif was loaded
04/06 11:30 [DEBUG] cshmd.analysis (__init__)                                    : [Structure] Now new data setted for get Bonds
04/06 11:30 [DEBUG] cshmd.analysis (__del_bond__)                                : del -> Si_O O_H H_O Ca_O C_O BO NBO
04/06 11:30 [DEBUG] cshmd.analysis (__initialize_mole__)                         : initalize -> H2O SiO4 OH CO3 H3O
04/06 11:30 [DEBUG] cshmd.analysis (__initialize_mole__)                         : initalize -> SiOH CaOH HCO3 H2CO3 H3CO3
04/06 11:30 [INFO] cshmd.analysis (__init__)                                     : Not any C-S-H Si range info
04/06 11:30 [DEBUG] cshmd.analysis (find_bond)                                   : find_bond O - H rcut -> 1.2
04/06 11:30 [DEBUG] cshmd.common (time_wrapper)                                  : [RUNTIME] get_distance_table in 5.919 seconds
04/06 11:30 [DEBUG] cshmd.analysis (get_mole)                                    : get_mole O - H -> nbonds: 2
04/06 11:30 [DEBUG] cshmd.analysis (find_bond)                                   : find_bond Si - O rcut -> 2.2
04/06 11:31 [DEBUG] cshmd.common (time_wrapper)                                  : [RUNTIME] get_distance_table in 0.631 seconds
04/06 11:31 [DEBUG] cshmd.analysis (get_mole)                                    : get_mole Si - O -> nbonds: 4
04/06 11:31 [DEBUG] cshmd.analysis (get_mole)                                    : get_mole O - H -> nbonds: 1
04/06 11:31 [DEBUG] cshmd.analysis (find_bond)                                   : find_bond C - O rcut -> 1.6
04/06 11:31 [DEBUG] cshmd.analysis (get_mole)                                    : get_mole C - O -> nbonds: 3
04/06 11:31 [DEBUG] cshmd.analysis (get_mole)                                    : get_mole O - H -> nbonds: 3
04/06 11:31 [DEBUG] cshmd.analysis (find_bond)                                   : find_bond Ca - O rcut -> 3.0
04/06 11:31 [DEBUG] cshmd.common (time_wrapper)                                  : [RUNTIME] get_distance_table in 0.622 seconds
04/06 11:31 [DEBUG] cshmd.analysis (full_search)                                 : Search layer details
04/06 11:31 [DEBUG] cshmd.analysis (find_bond)                                   : find_bond Ca - O rcut -> 3.0
04/06 11:31 [DEBUG] cshmd.analysis (find_bond)                                   : find_bond Si - O rcut -> 2.2
04/06 11:31 [DEBUG] cshmd.analysis (__detail_search_oh_co3)                      : No CO3 in basic search
04/06 11:31 [DEBUG] cshmd.analysis (__detail_search_oh_sioh)                     : Searching 'OH' in 'SiO4
04/06 11:31 [DEBUG] cshmd.analysis (__detail_search_oh_caoh)                     : No CaOH in basic search. RETURN
04/06 11:31 [INFO] cshmd.analysis (Qn)                                           : [Structure] Q1: 0.400
04/06 11:31 [INFO] cshmd.analysis (Qn)                                           : [Structure] Q2: 0.600
04/06 11:31 [INFO] cshmd.analysis (CS)                                           : [Structure] C/S: 0.900
04/06 11:31 [INFO] cshmd.analysis (validate_tetra)                               : [Structure] BT: 128, PT: 512
04/06 11:31 [INFO] cshmd.analysis (MCL)                                          : [Structure] MCL: 2.000
04/06 11:31 [DEBUG] cshmd.analysis (__init__)                                    : <class 'cshmd.analysis.Chain'> loaded
04/06 11:31 [DEBUG] cshmd.analysis (__init__)                                    : <class 'cshmd.analysis.Chain'> loaded
04/06 11:31 [DEBUG] cshmd.analysis (__init__)                                    : <class 'cshmd.analysis.Chain'> loaded
04/06 11:31 [DEBUG] cshmd.analysis (__init__)                                    : <class 'cshmd.analysis.Chain'> loaded
04/06 11:31 [INFO] cshmd.analysis (validate_tetra)                               : [Structure] CL : 2: 64
04/06 11:31 [INFO] cshmd.analysis (validate_tetra)                               : [Structure] MCL : 2.0
04/06 11:31 [INFO] cshmd.structure (__init__)                                    : L04_w2750.cif was loaded
04/06 11:31 [DEBUG] cshmd.analysis (__init__)                                    : [Structure] Now new data setted for get Bonds
04/06 11:31 [DEBUG] cshmd.analysis (__del_bond__)                                : del -> Si_O O_H H_O Ca_O C_O BO NBO
04/06 11:31 [DEBUG] cshmd.analysis (__initialize_mole__)                         : initalize -> H2O SiO4 OH CO3 H3O
04/06 11:31 [DEBUG] cshmd.analysis (__initialize_mole__)                         : initalize -> SiOH CaOH HCO3 H2CO3 H3CO3
04/06 11:31 [DEBUG] cshmd.analysis (find_bond)                                   : find_bond O - H rcut -> 1.2
04/06 11:31 [DEBUG] cshmd.common (time_wrapper)                                  : [RUNTIME] get_distance_table in 6.251 seconds
04/06 11:31 [DEBUG] cshmd.analysis (get_mole)                                    : get_mole O - H -> nbonds: 2
04/06 11:31 [DEBUG] cshmd.analysis (find_bond)                                   : find_bond Si - O rcut -> 2.2
04/06 11:31 [DEBUG] cshmd.common (time_wrapper)                                  : [RUNTIME] get_distance_table in 0.660 seconds
04/06 11:31 [DEBUG] cshmd.analysis (get_mole)                                    : get_mole Si - O -> nbonds: 4
04/06 11:31 [DEBUG] cshmd.analysis (get_mole)                                    : get_mole O - H -> nbonds: 1
04/06 11:31 [DEBUG] cshmd.analysis (find_bond)                                   : find_bond C - O rcut -> 1.6
04/06 11:31 [DEBUG] cshmd.analysis (get_mole)                                    : get_mole C - O -> nbonds: 3
04/06 11:31 [DEBUG] cshmd.analysis (get_mole)                                    : get_mole O - H -> nbonds: 3
04/06 11:31 [DEBUG] cshmd.analysis (find_bond)                                   : find_bond Ca - O rcut -> 3.0
04/06 11:31 [DEBUG] cshmd.common (time_wrapper)                                  : [RUNTIME] get_distance_table in 0.689 seconds
04/06 11:31 [DEBUG] cshmd.analysis (full_search)                                 : Search layer details
04/06 11:31 [DEBUG] cshmd.analysis (find_bond)                                   : find_bond Ca - O rcut -> 3.0
04/06 11:31 [DEBUG] cshmd.analysis (find_bond)                                   : find_bond Si - O rcut -> 2.2
04/06 11:31 [DEBUG] cshmd.analysis (__detail_search_oh_co3)                      : No CO3 in basic search
04/06 11:31 [DEBUG] cshmd.analysis (__detail_search_oh_sioh)                     : Searching 'OH' in 'SiO4
04/06 11:31 [DEBUG] cshmd.analysis (__detail_search_oh_caoh)                     : No CaOH in basic search. RETURN
04/06 11:31 [INFO] cshmd.analysis (Qn)                                           : [Structure] Q1: 0.226
04/06 11:31 [INFO] cshmd.analysis (Qn)                                           : [Structure] Q2: 0.774
04/06 11:31 [INFO] cshmd.analysis (CS)                                           : [Structure] C/S: 0.835
04/06 11:31 [INFO] cshmd.analysis (validate_tetra)                               : [Structure] BT: 178, PT: 512
04/06 11:31 [INFO] cshmd.analysis (MCL)                                          : [Structure] MCL: 3.923
04/06 11:31 [DEBUG] cshmd.analysis (__init__)                                    : <class 'cshmd.analysis.Chain'> loaded
04/06 11:31 [DEBUG] cshmd.analysis (__init__)                                    : <class 'cshmd.analysis.Chain'> loaded
04/06 11:31 [DEBUG] cshmd.analysis (__init__)                                    : <class 'cshmd.analysis.Chain'> loaded
04/06 11:31 [DEBUG] cshmd.analysis (__init__)                                    : <class 'cshmd.analysis.Chain'> loaded
04/06 11:31 [INFO] cshmd.analysis (validate_tetra)                               : [Structure] CL : 2: 14 5: 25
04/06 11:31 [INFO] cshmd.analysis (validate_tetra)                               : [Structure] MCL : 3.923076923076923
04/06 11:31 [INFO] cshmd.structure (__init__)                                    : L06_w2750.cif was loaded
04/06 11:31 [DEBUG] cshmd.analysis (__init__)                                    : [Structure] Now new data setted for get Bonds
04/06 11:31 [DEBUG] cshmd.analysis (__del_bond__)                                : del -> Si_O O_H H_O Ca_O C_O BO NBO
04/06 11:31 [DEBUG] cshmd.analysis (__initialize_mole__)                         : initalize -> H2O SiO4 OH CO3 H3O
04/06 11:31 [DEBUG] cshmd.analysis (__initialize_mole__)                         : initalize -> SiOH CaOH HCO3 H2CO3 H3CO3
04/06 11:31 [DEBUG] cshmd.analysis (find_bond)                                   : find_bond O - H rcut -> 1.2
04/06 11:31 [DEBUG] cshmd.common (time_wrapper)                                  : [RUNTIME] get_distance_table in 6.345 seconds
04/06 11:31 [DEBUG] cshmd.analysis (get_mole)                                    : get_mole O - H -> nbonds: 2
04/06 11:31 [DEBUG] cshmd.analysis (find_bond)                                   : find_bond Si - O rcut -> 2.2
04/06 11:31 [DEBUG] cshmd.common (time_wrapper)                                  : [RUNTIME] get_distance_table in 0.682 seconds
04/06 11:31 [DEBUG] cshmd.analysis (get_mole)                                    : get_mole Si - O -> nbonds: 4
04/06 11:31 [DEBUG] cshmd.analysis (get_mole)                                    : get_mole O - H -> nbonds: 1
04/06 11:31 [DEBUG] cshmd.analysis (find_bond)                                   : find_bond C - O rcut -> 1.6
04/06 11:31 [DEBUG] cshmd.analysis (get_mole)                                    : get_mole C - O -> nbonds: 3
04/06 11:31 [DEBUG] cshmd.analysis (get_mole)                                    : get_mole O - H -> nbonds: 3
04/06 11:31 [DEBUG] cshmd.analysis (find_bond)                                   : find_bond Ca - O rcut -> 3.0
04/06 11:31 [DEBUG] cshmd.common (time_wrapper)                                  : [RUNTIME] get_distance_table in 0.675 seconds
04/06 11:31 [DEBUG] cshmd.analysis (full_search)                                 : Search layer details
04/06 11:31 [DEBUG] cshmd.analysis (find_bond)                                   : find_bond Ca - O rcut -> 3.0
04/06 11:31 [DEBUG] cshmd.analysis (find_bond)                                   : find_bond Si - O rcut -> 2.2
04/06 11:31 [DEBUG] cshmd.analysis (__detail_search_oh_co3)                      : No CO3 in basic search
04/06 11:31 [DEBUG] cshmd.analysis (__detail_search_oh_sioh)                     : Searching 'OH' in 'SiO4
04/06 11:31 [DEBUG] cshmd.analysis (__detail_search_oh_caoh)                     : No CaOH in basic search. RETURN
04/06 11:31 [INFO] cshmd.analysis (Qn)                                           : [Structure] Q1: 0.157
04/06 11:31 [INFO] cshmd.analysis (Qn)                                           : [Structure] Q2: 0.843
04/06 11:31 [INFO] cshmd.analysis (CS)                                           : [Structure] C/S: 0.809
04/06 11:31 [INFO] cshmd.analysis (validate_tetra)                               : [Structure] BT: 200, PT: 512
04/06 11:31 [INFO] cshmd.analysis (MCL)                                          : [Structure] MCL: 5.857
04/06 11:31 [DEBUG] cshmd.analysis (__init__)                                    : <class 'cshmd.analysis.Chain'> loaded
04/06 11:31 [DEBUG] cshmd.analysis (__init__)                                    : <class 'cshmd.analysis.Chain'> loaded
04/06 11:31 [DEBUG] cshmd.analysis (__init__)                                    : <class 'cshmd.analysis.Chain'> loaded
04/06 11:31 [DEBUG] cshmd.analysis (__init__)                                    : <class 'cshmd.analysis.Chain'> loaded
04/06 11:31 [INFO] cshmd.analysis (validate_tetra)                               : [Structure] CL : 2: 3 5: 15 8: 9 11: 1
04/06 11:31 [INFO] cshmd.analysis (validate_tetra)                               : [Structure] MCL : 5.857142857142857
04/06 11:31 [INFO] cshmd.structure (__init__)                                    : L08_w2750.cif was loaded
04/06 11:31 [DEBUG] cshmd.analysis (__init__)                                    : [Structure] Now new data setted for get Bonds
04/06 11:31 [DEBUG] cshmd.analysis (__del_bond__)                                : del -> Si_O O_H H_O Ca_O C_O BO NBO
04/06 11:31 [DEBUG] cshmd.analysis (__initialize_mole__)                         : initalize -> H2O SiO4 OH CO3 H3O
04/06 11:31 [DEBUG] cshmd.analysis (__initialize_mole__)                         : initalize -> SiOH CaOH HCO3 H2CO3 H3CO3
04/06 11:31 [DEBUG] cshmd.analysis (find_bond)                                   : find_bond O - H rcut -> 1.2
04/06 11:31 [DEBUG] cshmd.common (time_wrapper)                                  : [RUNTIME] get_distance_table in 6.305 seconds
04/06 11:31 [DEBUG] cshmd.analysis (get_mole)                                    : get_mole O - H -> nbonds: 2
04/06 11:31 [DEBUG] cshmd.analysis (find_bond)                                   : find_bond Si - O rcut -> 2.2
04/06 11:31 [DEBUG] cshmd.common (time_wrapper)                                  : [RUNTIME] get_distance_table in 0.682 seconds
04/06 11:31 [DEBUG] cshmd.analysis (get_mole)                                    : get_mole Si - O -> nbonds: 4
04/06 11:31 [DEBUG] cshmd.analysis (get_mole)                                    : get_mole O - H -> nbonds: 1
04/06 11:31 [DEBUG] cshmd.analysis (find_bond)                                   : find_bond C - O rcut -> 1.6
04/06 11:31 [DEBUG] cshmd.analysis (get_mole)                                    : get_mole C - O -> nbonds: 3
04/06 11:31 [DEBUG] cshmd.analysis (get_mole)                                    : get_mole O - H -> nbonds: 3
04/06 11:31 [DEBUG] cshmd.analysis (find_bond)                                   : find_bond Ca - O rcut -> 3.0
04/06 11:31 [DEBUG] cshmd.common (time_wrapper)                                  : [RUNTIME] get_distance_table in 0.662 seconds
04/06 11:31 [DEBUG] cshmd.analysis (full_search)                                 : Search layer details
04/06 11:31 [DEBUG] cshmd.analysis (find_bond)                                   : find_bond Ca - O rcut -> 3.0
04/06 11:31 [DEBUG] cshmd.analysis (find_bond)                                   : find_bond Si - O rcut -> 2.2
04/06 11:31 [DEBUG] cshmd.analysis (__detail_search_oh_co3)                      : No CO3 in basic search
04/06 11:31 [DEBUG] cshmd.analysis (__detail_search_oh_sioh)                     : Searching 'OH' in 'SiO4
04/06 11:31 [DEBUG] cshmd.analysis (__detail_search_oh_caoh)                     : No CaOH in basic search. RETURN
04/06 11:31 [INFO] cshmd.analysis (Qn)                                           : [Structure] Q1: 0.122
04/06 11:31 [INFO] cshmd.analysis (Qn)                                           : [Structure] Q2: 0.878
04/06 11:31 [INFO] cshmd.analysis (CS)                                           : [Structure] C/S: 0.796
04/06 11:31 [INFO] cshmd.analysis (validate_tetra)                               : [Structure] BT: 212, PT: 512
04/06 11:31 [INFO] cshmd.analysis (MCL)                                          : [Structure] MCL: 7.727
04/06 11:31 [DEBUG] cshmd.analysis (__init__)                                    : <class 'cshmd.analysis.Chain'> loaded
04/06 11:31 [DEBUG] cshmd.analysis (__init__)                                    : <class 'cshmd.analysis.Chain'> loaded
04/06 11:31 [DEBUG] cshmd.analysis (__init__)                                    : <class 'cshmd.analysis.Chain'> loaded
04/06 11:31 [DEBUG] cshmd.analysis (__init__)                                    : <class 'cshmd.analysis.Chain'> loaded
04/06 11:31 [INFO] cshmd.analysis (validate_tetra)                               : [Structure] CL : 2: 2 5: 8 8: 2 11: 10
04/06 11:31 [INFO] cshmd.analysis (validate_tetra)                               : [Structure] MCL : 7.7272727272727275
04/06 11:31 [INFO] cshmd.structure (__init__)                                    : L10_w2750.cif was loaded
04/06 11:31 [DEBUG] cshmd.analysis (__init__)                                    : [Structure] Now new data setted for get Bonds
04/06 11:31 [DEBUG] cshmd.analysis (__del_bond__)                                : del -> Si_O O_H H_O Ca_O C_O BO NBO
04/06 11:31 [DEBUG] cshmd.analysis (__initialize_mole__)                         : initalize -> H2O SiO4 OH CO3 H3O
04/06 11:31 [DEBUG] cshmd.analysis (__initialize_mole__)                         : initalize -> SiOH CaOH HCO3 H2CO3 H3CO3
04/06 11:31 [DEBUG] cshmd.analysis (find_bond)                                   : find_bond O - H rcut -> 1.2
04/06 11:31 [DEBUG] cshmd.common (time_wrapper)                                  : [RUNTIME] get_distance_table in 6.337 seconds
04/06 11:31 [DEBUG] cshmd.analysis (get_mole)                                    : get_mole O - H -> nbonds: 2
04/06 11:31 [DEBUG] cshmd.analysis (find_bond)                                   : find_bond Si - O rcut -> 2.2
04/06 11:31 [DEBUG] cshmd.common (time_wrapper)                                  : [RUNTIME] get_distance_table in 0.706 seconds
04/06 11:31 [DEBUG] cshmd.analysis (get_mole)                                    : get_mole Si - O -> nbonds: 4
04/06 11:31 [DEBUG] cshmd.analysis (get_mole)                                    : get_mole O - H -> nbonds: 1
04/06 11:31 [DEBUG] cshmd.analysis (find_bond)                                   : find_bond C - O rcut -> 1.6
04/06 11:31 [DEBUG] cshmd.analysis (get_mole)                                    : get_mole C - O -> nbonds: 3
04/06 11:31 [DEBUG] cshmd.analysis (get_mole)                                    : get_mole O - H -> nbonds: 3
04/06 11:31 [DEBUG] cshmd.analysis (find_bond)                                   : find_bond Ca - O rcut -> 3.0
04/06 11:31 [DEBUG] cshmd.common (time_wrapper)                                  : [RUNTIME] get_distance_table in 0.665 seconds
04/06 11:31 [DEBUG] cshmd.analysis (full_search)                                 : Search layer details
04/06 11:31 [DEBUG] cshmd.analysis (find_bond)                                   : find_bond Ca - O rcut -> 3.0
04/06 11:31 [DEBUG] cshmd.analysis (find_bond)                                   : find_bond Si - O rcut -> 2.2
04/06 11:31 [DEBUG] cshmd.analysis (__detail_search_oh_co3)                      : No CO3 in basic search
04/06 11:31 [DEBUG] cshmd.analysis (__detail_search_oh_sioh)                     : Searching 'OH' in 'SiO4
04/06 11:31 [DEBUG] cshmd.analysis (__detail_search_oh_caoh)                     : No CaOH in basic search. RETURN
04/06 11:31 [INFO] cshmd.analysis (Qn)                                           : [Structure] Q1: 0.098
04/06 11:31 [INFO] cshmd.analysis (Qn)                                           : [Structure] Q2: 0.902
04/06 11:31 [INFO] cshmd.analysis (CS)                                           : [Structure] C/S: 0.787
04/06 11:31 [INFO] cshmd.analysis (validate_tetra)                               : [Structure] BT: 220, PT: 512
04/06 11:31 [INFO] cshmd.analysis (MCL)                                          : [Structure] MCL: 9.667
04/06 11:31 [DEBUG] cshmd.analysis (__init__)                                    : <class 'cshmd.analysis.Chain'> loaded
04/06 11:31 [DEBUG] cshmd.analysis (__init__)                                    : <class 'cshmd.analysis.Chain'> loaded
04/06 11:31 [DEBUG] cshmd.analysis (__init__)                                    : <class 'cshmd.analysis.Chain'> loaded
04/06 11:31 [DEBUG] cshmd.analysis (__init__)                                    : <class 'cshmd.analysis.Chain'> loaded
04/06 11:31 [INFO] cshmd.analysis (validate_tetra)                               : [Structure] CL : 5: 2 8: 9 11: 2 14: 5
04/06 11:31 [INFO] cshmd.analysis (validate_tetra)                               : [Structure] MCL : 9.666666666666666
04/06 11:31 [INFO] cshmd.structure (__init__)                                    : L12_w2750.cif was loaded
04/06 11:31 [DEBUG] cshmd.analysis (__init__)                                    : [Structure] Now new data setted for get Bonds
04/06 11:31 [DEBUG] cshmd.analysis (__del_bond__)                                : del -> Si_O O_H H_O Ca_O C_O BO NBO
04/06 11:31 [DEBUG] cshmd.analysis (__initialize_mole__)                         : initalize -> H2O SiO4 OH CO3 H3O
04/06 11:31 [DEBUG] cshmd.analysis (__initialize_mole__)                         : initalize -> SiOH CaOH HCO3 H2CO3 H3CO3
04/06 11:31 [DEBUG] cshmd.analysis (find_bond)                                   : find_bond O - H rcut -> 1.2
04/06 11:31 [DEBUG] cshmd.common (time_wrapper)                                  : [RUNTIME] get_distance_table in 6.349 seconds
04/06 11:31 [DEBUG] cshmd.analysis (get_mole)                                    : get_mole O - H -> nbonds: 2
04/06 11:31 [DEBUG] cshmd.analysis (find_bond)                                   : find_bond Si - O rcut -> 2.2
04/06 11:31 [DEBUG] cshmd.common (time_wrapper)                                  : [RUNTIME] get_distance_table in 0.704 seconds
04/06 11:31 [DEBUG] cshmd.analysis (get_mole)                                    : get_mole Si - O -> nbonds: 4
04/06 11:31 [DEBUG] cshmd.analysis (get_mole)                                    : get_mole O - H -> nbonds: 1
04/06 11:31 [DEBUG] cshmd.analysis (find_bond)                                   : find_bond C - O rcut -> 1.6
04/06 11:31 [DEBUG] cshmd.analysis (get_mole)                                    : get_mole C - O -> nbonds: 3
04/06 11:31 [DEBUG] cshmd.analysis (get_mole)                                    : get_mole O - H -> nbonds: 3
04/06 11:31 [DEBUG] cshmd.analysis (find_bond)                                   : find_bond Ca - O rcut -> 3.0
04/06 11:31 [DEBUG] cshmd.common (time_wrapper)                                  : [RUNTIME] get_distance_table in 0.649 seconds
04/06 11:31 [DEBUG] cshmd.analysis (full_search)                                 : Search layer details
04/06 11:31 [DEBUG] cshmd.analysis (find_bond)                                   : find_bond Ca - O rcut -> 3.0
04/06 11:31 [DEBUG] cshmd.analysis (find_bond)                                   : find_bond Si - O rcut -> 2.2
04/06 11:31 [DEBUG] cshmd.analysis (__detail_search_oh_co3)                      : No CO3 in basic search
04/06 11:31 [DEBUG] cshmd.analysis (__detail_search_oh_sioh)                     : Searching 'OH' in 'SiO4
04/06 11:31 [DEBUG] cshmd.analysis (__detail_search_oh_caoh)                     : No CaOH in basic search. RETURN
04/06 11:31 [INFO] cshmd.analysis (Qn)                                           : [Structure] Q1: 0.081
04/06 11:31 [INFO] cshmd.analysis (Qn)                                           : [Structure] Q2: 0.919
04/06 11:31 [INFO] cshmd.analysis (CS)                                           : [Structure] C/S: 0.780
04/06 11:31 [INFO] cshmd.analysis (validate_tetra)                               : [Structure] BT: 226, PT: 512
04/06 11:31 [INFO] cshmd.analysis (MCL)                                          : [Structure] MCL: 11.800
04/06 11:31 [DEBUG] cshmd.analysis (__init__)                                    : <class 'cshmd.analysis.Chain'> loaded
04/06 11:31 [DEBUG] cshmd.analysis (__init__)                                    : <class 'cshmd.analysis.Chain'> loaded
04/06 11:31 [DEBUG] cshmd.analysis (__init__)                                    : <class 'cshmd.analysis.Chain'> loaded
04/06 11:31 [DEBUG] cshmd.analysis (__init__)                                    : <class 'cshmd.analysis.Chain'> loaded
04/06 11:31 [INFO] cshmd.analysis (validate_tetra)                               : [Structure] CL : 5: 1 8: 1 11: 10 14: 1 17: 1 23: 1
04/06 11:31 [INFO] cshmd.analysis (validate_tetra)                               : [Structure] MCL : 11.8
