05/23 23:00 [DEBUG] cshmd.common (get_logger)                                    : $$$$$$$$$$$$$$  Logger 'cshmd.common........' initialized  $$$$$$$$$$$$$$
05/23 23:00 [DEBUG] cshmd.functions (get_logger)                                 : $$$$$$$$$$$$$$  Logger 'cshmd.functions.....' initialized  $$$$$$$$$$$$$$
05/23 23:00 [DEBUG] cshmd.load (get_logger)                                      : $$$$$$$$$$$$$$  Logger 'cshmd.load..........' initialized  $$$$$$$$$$$$$$
05/23 23:00 [DEBUG] cshmd.analysis (get_logger)                                  : $$$$$$$$$$$$$$  Logger 'cshmd.analysis......' initialized  $$$$$$$$$$$$$$
05/23 23:00 [DEBUG] cshmd.equation (get_logger)                                  : $$$$$$$$$$$$$$  Logger 'cshmd.equation......' initialized  $$$$$$$$$$$$$$
05/23 23:00 [DEBUG] cshmd.structure (get_logger)                                 : $$$$$$$$$$$$$$  Logger 'cshmd.structure.....' initialized  $$$$$$$$$$$$$$
05/23 23:00 [DEBUG] cshmd.builder (get_logger)                                   : $$$$$$$$$$$$$$  Logger 'cshmd.builder.......' initialized  $$$$$$$$$$$$$$
05/23 23:00 [DEBUG] cshmd.trj_analysis (get_logger)                              : $$$$$$$$$$$$$$  Logger 'cshmd.trj_analysis..' initialized  $$$$$$$$$$$$$$
05/23 23:00 [DEBUG] cif_modifier (get_logger)                                    : $$$$$$$$$$$$$$  Logger 'cif_modifier........' initialized  $$$$$$$$$$$$$$
05/23 23:00 [INFO] cif_modifier (<module>)                                       : Logger loaded
05/23 23:00 [INFO] cshmd.structure (__init__)                                    : L045.cif was loaded
05/23 23:00 [DEBUG] cshmd.analysis (__init__)                                    : [Structure] Now new data setted for get Bonds
05/23 23:00 [DEBUG] cshmd.analysis (__del_bond__)                                : del -> Si_O O_H H_O Ca_O C_O BO NBO
05/23 23:00 [DEBUG] cshmd.analysis (__initialize_mole__)                         : initalize -> H2O SiO4 OH CO3 CO2 H3O
05/23 23:00 [DEBUG] cshmd.analysis (__initialize_mole__)                         : initalize -> SiOH CaOH HCO3 H2CO3 H3CO3
05/23 23:00 [DEBUG] cshmd.analysis (find_bond)                                   : find_bond O - H rcut -> 1.2
05/23 23:00 [DEBUG] cshmd.common (time_wrapper)                                  : [RUNTIME] get_distance_table in 0.600 seconds
05/23 23:00 [DEBUG] cshmd.analysis (get_mole)                                    : get_mole O - H -> nbonds: 2
05/23 23:00 [DEBUG] cshmd.analysis (find_bond)                                   : find_bond Si - O rcut -> 2.3
05/23 23:00 [DEBUG] cshmd.common (time_wrapper)                                  : [RUNTIME] get_distance_table in 0.282 seconds
05/23 23:00 [DEBUG] cshmd.analysis (get_mole)                                    : get_mole Si - O -> nbonds: 4
05/23 23:00 [DEBUG] cshmd.analysis (get_mole)                                    : get_mole O - H -> nbonds: 1
05/23 23:00 [DEBUG] cshmd.analysis (find_bond)                                   : find_bond C - O rcut -> 1.6
05/23 23:00 [DEBUG] cshmd.analysis (get_mole)                                    : get_mole C - O -> nbonds: 3
05/23 23:00 [DEBUG] cshmd.analysis (get_mole)                                    : get_mole O - H -> nbonds: 3
05/23 23:00 [DEBUG] cshmd.analysis (find_bond)                                   : find_bond Ca - O rcut -> 3.0
05/23 23:00 [DEBUG] cshmd.common (time_wrapper)                                  : [RUNTIME] get_distance_table in 0.312 seconds
05/23 23:00 [DEBUG] cshmd.analysis (search_basic)                                : Basic search result -> H2O: 576, SiO4: 628, OH: 244, CO3: 0, H3O: 0, Ca_O: 4085
05/23 23:00 [DEBUG] cshmd.analysis (full_search)                                 : Search layer details
05/23 23:00 [DEBUG] cshmd.analysis (set_layer_boundary)                          : Set layer boundary -> 0.24344102250000055 - 0.7445715765749975
05/23 23:00 [DEBUG] cshmd.analysis (find_bond)                                   : find_bond Ca - O rcut -> 2.6
05/23 23:00 [DEBUG] cshmd.analysis (find_bond)                                   : find_bond Ca - O rcut -> 3.1
05/23 23:00 [DEBUG] cshmd.analysis (find_bond)                                   : find_bond Ca - O rcut -> 5.2
05/23 23:00 [DEBUG] cshmd.analysis (_anal_surface_co3_adsorption)                : No 'C' in system
05/23 23:00 [DEBUG] cshmd.analysis (__detail_search_oh_co3)                      : No CO3 in basic search
05/23 23:00 [DEBUG] cshmd.analysis (__detail_search_oh_sioh)                     : Searching 'OH' in 'SiO4
05/23 23:00 [DEBUG] cshmd.analysis (__detail_search_oh_caoh)                     : Searching 'OH' in 'CaOH
05/23 23:00 [DEBUG] cshmd.analysis (find_bond)                                   : find_bond O - H rcut -> 1.15
05/23 23:00 [DEBUG] cshmd.analysis (get_mole)                                    : get_mole O - H -> nbonds: 1
05/23 23:00 [DEBUG] cshmd.analysis (get_mole)                                    : get_mole O - H -> nbonds: 2
05/23 23:00 [DEBUG] cshmd.analysis (find_bond)                                   : find_bond C - O rcut -> 1.4
05/23 23:00 [DEBUG] cshmd.analysis (get_mole)                                    : get_mole C - O -> nbonds: 3
05/23 23:00 [DEBUG] cshmd.analysis (find_bond)                                   : find_bond Si - O rcut -> 1.8
05/23 23:00 [DEBUG] cshmd.analysis (get_mole)                                    : get_mole Si - O -> nbonds: 4
05/23 23:00 [INFO] cshmd.functions (cal_uniform_by_space)                        : Number of molecules to add : 2778
05/23 23:00 [INFO] cshmd.functions (cal_uniform_by_space)                        : Number of atoms per surface : 272
05/23 23:00 [INFO] cshmd.functions (cal_uniform_by_space)                        : Number of layer : 11
05/23 23:00 [INFO] cshmd.structure (extendLattice)                               : Extend lattice 53.882 59.402 27.924 -> 53.882 59.402 47.724 
05/23 23:00 [INFO] cif_modifier (exec_make_interface)                            : MODE -> distribution
05/23 23:00 [INFO] cif_modifier (exec_make_interface)                            : Number of atoms: 5410 -> 13694
05/23 23:00 [INFO] cshmd.structure (labeling_by_clayff)                          : Now get label according to 'Clayff' style
05/23 23:00 [DEBUG] cshmd.analysis (get_mole)                                    : get_mole O - H -> nbonds: 1
05/23 23:00 [DEBUG] cshmd.analysis (get_mole)                                    : get_mole O - H -> nbonds: 2
05/23 23:00 [DEBUG] cshmd.analysis (get_mole)                                    : get_mole Si - O -> nbonds: 4
05/23 23:00 [DEBUG] cshmd.analysis (get_mole)                                    : get_mole C - O -> nbonds: 3
05/23 23:00 [INFO] cshmd.structure (labeling_by_clayff)                          : All atoms labeled by clayff
05/23 23:00 [INFO] cshmd.structure (labeling_by_clayff)                          : Clayff charge: 52.500
05/23 23:00 [INFO] cshmd.structure (writeCif)                                    : L045_w2750_c50.cif was created
05/23 23:00 [INFO] cif_modifier (__init__)                                       : Total charge: 0 -> 0
05/23 23:00 [DEBUG] cshmd.common (get_logger)                                    : $$$$$$$$$$$$$$  Logger 'cshmd.common........' initialized  $$$$$$$$$$$$$$
05/23 23:00 [DEBUG] cshmd.functions (get_logger)                                 : $$$$$$$$$$$$$$  Logger 'cshmd.functions.....' initialized  $$$$$$$$$$$$$$
05/23 23:00 [DEBUG] cshmd.load (get_logger)                                      : $$$$$$$$$$$$$$  Logger 'cshmd.load..........' initialized  $$$$$$$$$$$$$$
05/23 23:00 [DEBUG] cshmd.analysis (get_logger)                                  : $$$$$$$$$$$$$$  Logger 'cshmd.analysis......' initialized  $$$$$$$$$$$$$$
05/23 23:00 [DEBUG] cshmd.equation (get_logger)                                  : $$$$$$$$$$$$$$  Logger 'cshmd.equation......' initialized  $$$$$$$$$$$$$$
05/23 23:00 [DEBUG] cshmd.structure (get_logger)                                 : $$$$$$$$$$$$$$  Logger 'cshmd.structure.....' initialized  $$$$$$$$$$$$$$
05/23 23:00 [DEBUG] cshmd.builder (get_logger)                                   : $$$$$$$$$$$$$$  Logger 'cshmd.builder.......' initialized  $$$$$$$$$$$$$$
05/23 23:00 [DEBUG] cshmd.trj_analysis (get_logger)                              : $$$$$$$$$$$$$$  Logger 'cshmd.trj_analysis..' initialized  $$$$$$$$$$$$$$
05/23 23:00 [DEBUG] cif_modifier (get_logger)                                    : $$$$$$$$$$$$$$  Logger 'cif_modifier........' initialized  $$$$$$$$$$$$$$
05/23 23:00 [INFO] cif_modifier (<module>)                                       : Logger loaded
05/23 23:00 [INFO] cshmd.structure (__init__)                                    : L050.cif was loaded
05/23 23:00 [DEBUG] cshmd.analysis (__init__)                                    : [Structure] Now new data setted for get Bonds
05/23 23:00 [DEBUG] cshmd.analysis (__del_bond__)                                : del -> Si_O O_H H_O Ca_O C_O BO NBO
05/23 23:00 [DEBUG] cshmd.analysis (__initialize_mole__)                         : initalize -> H2O SiO4 OH CO3 CO2 H3O
05/23 23:00 [DEBUG] cshmd.analysis (__initialize_mole__)                         : initalize -> SiOH CaOH HCO3 H2CO3 H3CO3
05/23 23:00 [DEBUG] cshmd.analysis (find_bond)                                   : find_bond O - H rcut -> 1.2
05/23 23:00 [DEBUG] cshmd.common (time_wrapper)                                  : [RUNTIME] get_distance_table in 0.621 seconds
05/23 23:00 [DEBUG] cshmd.analysis (get_mole)                                    : get_mole O - H -> nbonds: 2
05/23 23:00 [DEBUG] cshmd.analysis (find_bond)                                   : find_bond Si - O rcut -> 2.3
05/23 23:00 [DEBUG] cshmd.common (time_wrapper)                                  : [RUNTIME] get_distance_table in 0.295 seconds
05/23 23:00 [DEBUG] cshmd.analysis (get_mole)                                    : get_mole Si - O -> nbonds: 4
05/23 23:00 [DEBUG] cshmd.analysis (get_mole)                                    : get_mole O - H -> nbonds: 1
05/23 23:00 [DEBUG] cshmd.analysis (find_bond)                                   : find_bond C - O rcut -> 1.6
05/23 23:00 [DEBUG] cshmd.analysis (get_mole)                                    : get_mole C - O -> nbonds: 3
05/23 23:00 [DEBUG] cshmd.analysis (get_mole)                                    : get_mole O - H -> nbonds: 3
05/23 23:00 [DEBUG] cshmd.analysis (find_bond)                                   : find_bond Ca - O rcut -> 3.0
05/23 23:00 [DEBUG] cshmd.common (time_wrapper)                                  : [RUNTIME] get_distance_table in 0.320 seconds
05/23 23:00 [DEBUG] cshmd.analysis (search_basic)                                : Basic search result -> H2O: 576, SiO4: 640, OH: 256, CO3: 0, H3O: 0, Ca_O: 4064
05/23 23:00 [DEBUG] cshmd.analysis (full_search)                                 : Search layer details
05/23 23:00 [DEBUG] cshmd.analysis (set_layer_boundary)                          : Set layer boundary -> 0.24344102250000055 - 0.7445715765749975
05/23 23:00 [DEBUG] cshmd.analysis (find_bond)                                   : find_bond Ca - O rcut -> 2.6
05/23 23:00 [DEBUG] cshmd.analysis (find_bond)                                   : find_bond Ca - O rcut -> 3.1
05/23 23:00 [DEBUG] cshmd.analysis (find_bond)                                   : find_bond Ca - O rcut -> 5.2
05/23 23:00 [DEBUG] cshmd.analysis (_anal_surface_co3_adsorption)                : No 'C' in system
05/23 23:00 [DEBUG] cshmd.analysis (__detail_search_oh_co3)                      : No CO3 in basic search
05/23 23:00 [DEBUG] cshmd.analysis (__detail_search_oh_sioh)                     : Searching 'OH' in 'SiO4
05/23 23:00 [DEBUG] cshmd.analysis (__detail_search_oh_caoh)                     : Searching 'OH' in 'CaOH
05/23 23:00 [DEBUG] cshmd.analysis (find_bond)                                   : find_bond O - H rcut -> 1.15
05/23 23:00 [DEBUG] cshmd.analysis (get_mole)                                    : get_mole O - H -> nbonds: 1
05/23 23:00 [DEBUG] cshmd.analysis (get_mole)                                    : get_mole O - H -> nbonds: 2
05/23 23:00 [DEBUG] cshmd.analysis (find_bond)                                   : find_bond C - O rcut -> 1.4
05/23 23:00 [DEBUG] cshmd.analysis (get_mole)                                    : get_mole C - O -> nbonds: 3
05/23 23:00 [DEBUG] cshmd.analysis (find_bond)                                   : find_bond Si - O rcut -> 1.8
05/23 23:00 [DEBUG] cshmd.analysis (get_mole)                                    : get_mole Si - O -> nbonds: 4
05/23 23:00 [INFO] cshmd.functions (cal_uniform_by_space)                        : Number of molecules to add : 2778
05/23 23:00 [INFO] cshmd.functions (cal_uniform_by_space)                        : Number of atoms per surface : 272
05/23 23:00 [INFO] cshmd.functions (cal_uniform_by_space)                        : Number of layer : 11
05/23 23:00 [INFO] cshmd.structure (extendLattice)                               : Extend lattice 53.882 59.402 27.924 -> 53.882 59.402 47.724 
05/23 23:00 [INFO] cif_modifier (exec_make_interface)                            : MODE -> distribution
05/23 23:00 [INFO] cif_modifier (exec_make_interface)                            : Number of atoms: 5440 -> 13724
05/23 23:00 [INFO] cshmd.structure (labeling_by_clayff)                          : Now get label according to 'Clayff' style
05/23 23:00 [DEBUG] cshmd.analysis (get_mole)                                    : get_mole O - H -> nbonds: 1
05/23 23:00 [DEBUG] cshmd.analysis (get_mole)                                    : get_mole O - H -> nbonds: 2
05/23 23:00 [DEBUG] cshmd.analysis (get_mole)                                    : get_mole Si - O -> nbonds: 4
05/23 23:00 [DEBUG] cshmd.analysis (get_mole)                                    : get_mole C - O -> nbonds: 3
05/23 23:00 [INFO] cshmd.structure (labeling_by_clayff)                          : All atoms labeled by clayff
05/23 23:00 [INFO] cshmd.structure (labeling_by_clayff)                          : Clayff charge: 52.500
05/23 23:00 [INFO] cshmd.structure (writeCif)                                    : L050_w2750_c50.cif was created
05/23 23:00 [INFO] cif_modifier (__init__)                                       : Total charge: 0 -> 0
05/23 23:00 [DEBUG] cshmd.common (get_logger)                                    : $$$$$$$$$$$$$$  Logger 'cshmd.common........' initialized  $$$$$$$$$$$$$$
05/23 23:00 [DEBUG] cshmd.functions (get_logger)                                 : $$$$$$$$$$$$$$  Logger 'cshmd.functions.....' initialized  $$$$$$$$$$$$$$
05/23 23:00 [DEBUG] cshmd.load (get_logger)                                      : $$$$$$$$$$$$$$  Logger 'cshmd.load..........' initialized  $$$$$$$$$$$$$$
05/23 23:00 [DEBUG] cshmd.analysis (get_logger)                                  : $$$$$$$$$$$$$$  Logger 'cshmd.analysis......' initialized  $$$$$$$$$$$$$$
05/23 23:00 [DEBUG] cshmd.equation (get_logger)                                  : $$$$$$$$$$$$$$  Logger 'cshmd.equation......' initialized  $$$$$$$$$$$$$$
05/23 23:00 [DEBUG] cshmd.structure (get_logger)                                 : $$$$$$$$$$$$$$  Logger 'cshmd.structure.....' initialized  $$$$$$$$$$$$$$
05/23 23:00 [DEBUG] cshmd.builder (get_logger)                                   : $$$$$$$$$$$$$$  Logger 'cshmd.builder.......' initialized  $$$$$$$$$$$$$$
05/23 23:00 [DEBUG] cshmd.trj_analysis (get_logger)                              : $$$$$$$$$$$$$$  Logger 'cshmd.trj_analysis..' initialized  $$$$$$$$$$$$$$
05/23 23:00 [DEBUG] cif_modifier (get_logger)                                    : $$$$$$$$$$$$$$  Logger 'cif_modifier........' initialized  $$$$$$$$$$$$$$
05/23 23:00 [INFO] cif_modifier (<module>)                                       : Logger loaded
05/23 23:00 [INFO] cshmd.structure (__init__)                                    : L070.cif was loaded
05/23 23:00 [DEBUG] cshmd.analysis (__init__)                                    : [Structure] Now new data setted for get Bonds
05/23 23:00 [DEBUG] cshmd.analysis (__del_bond__)                                : del -> Si_O O_H H_O Ca_O C_O BO NBO
05/23 23:00 [DEBUG] cshmd.analysis (__initialize_mole__)                         : initalize -> H2O SiO4 OH CO3 CO2 H3O
05/23 23:00 [DEBUG] cshmd.analysis (__initialize_mole__)                         : initalize -> SiOH CaOH HCO3 H2CO3 H3CO3
05/23 23:00 [DEBUG] cshmd.analysis (find_bond)                                   : find_bond O - H rcut -> 1.2
05/23 23:00 [DEBUG] cshmd.common (time_wrapper)                                  : [RUNTIME] get_distance_table in 0.622 seconds
05/23 23:00 [DEBUG] cshmd.analysis (get_mole)                                    : get_mole O - H -> nbonds: 2
05/23 23:00 [DEBUG] cshmd.analysis (find_bond)                                   : find_bond Si - O rcut -> 2.3
05/23 23:00 [DEBUG] cshmd.common (time_wrapper)                                  : [RUNTIME] get_distance_table in 0.305 seconds
05/23 23:00 [DEBUG] cshmd.analysis (get_mole)                                    : get_mole Si - O -> nbonds: 4
05/23 23:00 [DEBUG] cshmd.analysis (get_mole)                                    : get_mole O - H -> nbonds: 1
05/23 23:00 [DEBUG] cshmd.analysis (find_bond)                                   : find_bond C - O rcut -> 1.6
05/23 23:00 [DEBUG] cshmd.analysis (get_mole)                                    : get_mole C - O -> nbonds: 3
05/23 23:00 [DEBUG] cshmd.analysis (get_mole)                                    : get_mole O - H -> nbonds: 3
05/23 23:00 [DEBUG] cshmd.analysis (find_bond)                                   : find_bond Ca - O rcut -> 3.0
05/23 23:00 [DEBUG] cshmd.common (time_wrapper)                                  : [RUNTIME] get_distance_table in 0.298 seconds
05/23 23:00 [DEBUG] cshmd.analysis (search_basic)                                : Basic search result -> H2O: 576, SiO4: 672, OH: 288, CO3: 0, H3O: 0, Ca_O: 4008
05/23 23:00 [DEBUG] cshmd.analysis (full_search)                                 : Search layer details
05/23 23:00 [DEBUG] cshmd.analysis (set_layer_boundary)                          : Set layer boundary -> 0.24344102250000055 - 0.7445715765749975
05/23 23:00 [DEBUG] cshmd.analysis (find_bond)                                   : find_bond Ca - O rcut -> 2.6
05/23 23:00 [DEBUG] cshmd.analysis (find_bond)                                   : find_bond Ca - O rcut -> 3.1
05/23 23:00 [DEBUG] cshmd.analysis (find_bond)                                   : find_bond Ca - O rcut -> 5.2
05/23 23:00 [DEBUG] cshmd.analysis (_anal_surface_co3_adsorption)                : No 'C' in system
05/23 23:00 [DEBUG] cshmd.analysis (__detail_search_oh_co3)                      : No CO3 in basic search
05/23 23:00 [DEBUG] cshmd.analysis (__detail_search_oh_sioh)                     : Searching 'OH' in 'SiO4
05/23 23:00 [DEBUG] cshmd.analysis (__detail_search_oh_caoh)                     : Searching 'OH' in 'CaOH
05/23 23:00 [DEBUG] cshmd.analysis (find_bond)                                   : find_bond O - H rcut -> 1.15
05/23 23:00 [DEBUG] cshmd.analysis (get_mole)                                    : get_mole O - H -> nbonds: 1
05/23 23:00 [DEBUG] cshmd.analysis (get_mole)                                    : get_mole O - H -> nbonds: 2
05/23 23:00 [DEBUG] cshmd.analysis (find_bond)                                   : find_bond C - O rcut -> 1.4
05/23 23:00 [DEBUG] cshmd.analysis (get_mole)                                    : get_mole C - O -> nbonds: 3
05/23 23:00 [DEBUG] cshmd.analysis (find_bond)                                   : find_bond Si - O rcut -> 1.8
05/23 23:00 [DEBUG] cshmd.analysis (get_mole)                                    : get_mole Si - O -> nbonds: 4
05/23 23:00 [INFO] cshmd.functions (cal_uniform_by_space)                        : Number of molecules to add : 2778
05/23 23:00 [INFO] cshmd.functions (cal_uniform_by_space)                        : Number of atoms per surface : 272
05/23 23:00 [INFO] cshmd.functions (cal_uniform_by_space)                        : Number of layer : 11
05/23 23:00 [INFO] cshmd.structure (extendLattice)                               : Extend lattice 53.882 59.402 27.924 -> 53.882 59.402 47.724 
05/23 23:00 [INFO] cif_modifier (exec_make_interface)                            : MODE -> distribution
05/23 23:00 [INFO] cif_modifier (exec_make_interface)                            : Number of atoms: 5520 -> 13804
05/23 23:00 [INFO] cshmd.structure (labeling_by_clayff)                          : Now get label according to 'Clayff' style
05/23 23:00 [DEBUG] cshmd.analysis (get_mole)                                    : get_mole O - H -> nbonds: 1
05/23 23:00 [DEBUG] cshmd.analysis (get_mole)                                    : get_mole O - H -> nbonds: 2
05/23 23:00 [DEBUG] cshmd.analysis (get_mole)                                    : get_mole Si - O -> nbonds: 4
05/23 23:00 [DEBUG] cshmd.analysis (get_mole)                                    : get_mole C - O -> nbonds: 3
05/23 23:00 [INFO] cshmd.structure (labeling_by_clayff)                          : All atoms labeled by clayff
05/23 23:00 [INFO] cshmd.structure (labeling_by_clayff)                          : Clayff charge: 52.500
05/23 23:00 [INFO] cshmd.structure (writeCif)                                    : L070_w2750_c50.cif was created
05/23 23:00 [INFO] cif_modifier (__init__)                                       : Total charge: 0 -> 0
05/25 10:59 [DEBUG] cshmd.common (get_logger)                                    : $$$$$$$$$$$$$$  Logger 'cshmd.common........' initialized  $$$$$$$$$$$$$$
05/25 10:59 [DEBUG] cshmd.functions (get_logger)                                 : $$$$$$$$$$$$$$  Logger 'cshmd.functions.....' initialized  $$$$$$$$$$$$$$
05/25 10:59 [DEBUG] cshmd.load (get_logger)                                      : $$$$$$$$$$$$$$  Logger 'cshmd.load..........' initialized  $$$$$$$$$$$$$$
05/25 10:59 [DEBUG] cshmd.analysis (get_logger)                                  : $$$$$$$$$$$$$$  Logger 'cshmd.analysis......' initialized  $$$$$$$$$$$$$$
05/25 10:59 [DEBUG] cshmd.equation (get_logger)                                  : $$$$$$$$$$$$$$  Logger 'cshmd.equation......' initialized  $$$$$$$$$$$$$$
05/25 10:59 [DEBUG] cshmd.structure (get_logger)                                 : $$$$$$$$$$$$$$  Logger 'cshmd.structure.....' initialized  $$$$$$$$$$$$$$
05/25 10:59 [DEBUG] cshmd.builder (get_logger)                                   : $$$$$$$$$$$$$$  Logger 'cshmd.builder.......' initialized  $$$$$$$$$$$$$$
05/25 10:59 [DEBUG] cshmd.trj_analysis (get_logger)                              : $$$$$$$$$$$$$$  Logger 'cshmd.trj_analysis..' initialized  $$$$$$$$$$$$$$
05/25 10:59 [DEBUG] cif_modifier (get_logger)                                    : $$$$$$$$$$$$$$  Logger 'cif_modifier........' initialized  $$$$$$$$$$$$$$
05/25 10:59 [INFO] cif_modifier (<module>)                                       : Logger loaded
05/25 10:59 [INFO] cshmd.structure (__init__)                                    : L020.cif was loaded
05/25 10:59 [DEBUG] cshmd.analysis (__init__)                                    : [Structure] Now new data setted for get Bonds
05/25 10:59 [DEBUG] cshmd.analysis (__del_bond__)                                : del -> Si_O O_H H_O Ca_O C_O BO NBO
05/25 10:59 [DEBUG] cshmd.analysis (__initialize_mole__)                         : initalize -> H2O SiO4 OH CO3 CO2 H3O
05/25 10:59 [DEBUG] cshmd.analysis (__initialize_mole__)                         : initalize -> SiOH CaOH HCO3 H2CO3 H3CO3
05/25 10:59 [DEBUG] cshmd.analysis (find_bond)                                   : find_bond O - H rcut -> 1.2
05/25 10:59 [DEBUG] cshmd.common (time_wrapper)                                  : [RUNTIME] get_distance_table in 0.510 seconds
05/25 10:59 [DEBUG] cshmd.analysis (get_mole)                                    : get_mole O - H -> nbonds: 2
05/25 10:59 [DEBUG] cshmd.analysis (find_bond)                                   : find_bond Si - O rcut -> 2.3
05/25 10:59 [DEBUG] cshmd.common (time_wrapper)                                  : [RUNTIME] get_distance_table in 0.233 seconds
05/25 10:59 [DEBUG] cshmd.analysis (get_mole)                                    : get_mole Si - O -> nbonds: 4
05/25 10:59 [DEBUG] cshmd.analysis (get_mole)                                    : get_mole O - H -> nbonds: 1
05/25 10:59 [DEBUG] cshmd.analysis (find_bond)                                   : find_bond C - O rcut -> 1.6
05/25 10:59 [DEBUG] cshmd.analysis (get_mole)                                    : get_mole C - O -> nbonds: 3
05/25 10:59 [DEBUG] cshmd.analysis (get_mole)                                    : get_mole O - H -> nbonds: 3
05/25 10:59 [DEBUG] cshmd.analysis (find_bond)                                   : find_bond Ca - O rcut -> 3.0
05/25 10:59 [DEBUG] cshmd.common (time_wrapper)                                  : [RUNTIME] get_distance_table in 0.337 seconds
05/25 10:59 [DEBUG] cshmd.analysis (search_basic)                                : Basic search result -> H2O: 576, SiO4: 512, OH: 128, CO3: 0, H3O: 0, Ca_O: 4288
05/25 10:59 [DEBUG] cshmd.analysis (full_search)                                 : Search layer details
05/25 10:59 [DEBUG] cshmd.analysis (set_layer_boundary)                          : Set layer boundary -> 0.24344102250000055 - 0.7445715765749975
05/25 10:59 [DEBUG] cshmd.analysis (find_bond)                                   : find_bond Ca - O rcut -> 2.6
05/25 10:59 [DEBUG] cshmd.analysis (find_bond)                                   : find_bond Ca - O rcut -> 3.1
05/25 10:59 [DEBUG] cshmd.analysis (find_bond)                                   : find_bond Ca - O rcut -> 5.2
05/25 10:59 [DEBUG] cshmd.analysis (_anal_surface_co3_adsorption)                : No 'C' in system
05/25 10:59 [DEBUG] cshmd.analysis (__detail_search_oh_co3)                      : No CO3 in basic search
05/25 10:59 [DEBUG] cshmd.analysis (__detail_search_oh_sioh)                     : Searching 'OH' in 'SiO4
05/25 10:59 [DEBUG] cshmd.analysis (__detail_search_oh_caoh)                     : Searching 'OH' in 'CaOH
05/25 10:59 [DEBUG] cshmd.analysis (find_bond)                                   : find_bond O - H rcut -> 1.15
05/25 10:59 [DEBUG] cshmd.analysis (get_mole)                                    : get_mole O - H -> nbonds: 1
05/25 10:59 [DEBUG] cshmd.analysis (get_mole)                                    : get_mole O - H -> nbonds: 2
05/25 10:59 [DEBUG] cshmd.analysis (find_bond)                                   : find_bond C - O rcut -> 1.4
05/25 10:59 [DEBUG] cshmd.analysis (get_mole)                                    : get_mole C - O -> nbonds: 3
05/25 10:59 [DEBUG] cshmd.analysis (find_bond)                                   : find_bond Si - O rcut -> 1.8
05/25 10:59 [DEBUG] cshmd.analysis (get_mole)                                    : get_mole Si - O -> nbonds: 4
05/25 10:59 [INFO] cshmd.functions (cal_uniform_by_space)                        : Number of molecules to add : 2678
05/25 10:59 [INFO] cshmd.functions (cal_uniform_by_space)                        : Number of atoms per surface : 272
05/25 10:59 [INFO] cshmd.functions (cal_uniform_by_space)                        : Number of layer : 10
05/25 10:59 [INFO] cshmd.structure (extendLattice)                               : Extend lattice 53.882 59.402 27.924 -> 53.882 59.402 45.924 
05/25 10:59 [INFO] cif_modifier (exec_make_interface)                            : MODE -> distribution
05/25 10:59 [INFO] cif_modifier (exec_make_interface)                            : Number of atoms: 5120 -> 13154
05/25 10:59 [INFO] cshmd.structure (labeling_by_clayff)                          : Now get label according to 'Clayff' style
05/25 10:59 [DEBUG] cshmd.analysis (get_mole)                                    : get_mole O - H -> nbonds: 1
05/25 10:59 [DEBUG] cshmd.analysis (get_mole)                                    : get_mole O - H -> nbonds: 2
05/25 10:59 [DEBUG] cshmd.analysis (get_mole)                                    : get_mole Si - O -> nbonds: 4
05/25 10:59 [DEBUG] cshmd.analysis (get_mole)                                    : get_mole C - O -> nbonds: 3
05/25 10:59 [INFO] cshmd.structure (labeling_by_clayff)                          : All atoms labeled by clayff
05/25 10:59 [INFO] cshmd.structure (labeling_by_clayff)                          : Clayff charge: 0.000
05/25 10:59 [INFO] cshmd.structure (writeCif)                                    : L020_w2750_c50.cif was created
05/25 10:59 [INFO] cif_modifier (__init__)                                       : Total charge: 0 -> 0
05/25 10:59 [DEBUG] cshmd.common (get_logger)                                    : $$$$$$$$$$$$$$  Logger 'cshmd.common........' initialized  $$$$$$$$$$$$$$
05/25 10:59 [DEBUG] cshmd.functions (get_logger)                                 : $$$$$$$$$$$$$$  Logger 'cshmd.functions.....' initialized  $$$$$$$$$$$$$$
05/25 10:59 [DEBUG] cshmd.load (get_logger)                                      : $$$$$$$$$$$$$$  Logger 'cshmd.load..........' initialized  $$$$$$$$$$$$$$
05/25 10:59 [DEBUG] cshmd.analysis (get_logger)                                  : $$$$$$$$$$$$$$  Logger 'cshmd.analysis......' initialized  $$$$$$$$$$$$$$
05/25 10:59 [DEBUG] cshmd.equation (get_logger)                                  : $$$$$$$$$$$$$$  Logger 'cshmd.equation......' initialized  $$$$$$$$$$$$$$
05/25 10:59 [DEBUG] cshmd.structure (get_logger)                                 : $$$$$$$$$$$$$$  Logger 'cshmd.structure.....' initialized  $$$$$$$$$$$$$$
05/25 10:59 [DEBUG] cshmd.builder (get_logger)                                   : $$$$$$$$$$$$$$  Logger 'cshmd.builder.......' initialized  $$$$$$$$$$$$$$
05/25 10:59 [DEBUG] cshmd.trj_analysis (get_logger)                              : $$$$$$$$$$$$$$  Logger 'cshmd.trj_analysis..' initialized  $$$$$$$$$$$$$$
05/25 10:59 [DEBUG] cif_modifier (get_logger)                                    : $$$$$$$$$$$$$$  Logger 'cif_modifier........' initialized  $$$$$$$$$$$$$$
05/25 10:59 [INFO] cif_modifier (<module>)                                       : Logger loaded
05/25 10:59 [INFO] cshmd.structure (__init__)                                    : L025.cif was loaded
05/25 10:59 [DEBUG] cshmd.analysis (__init__)                                    : [Structure] Now new data setted for get Bonds
05/25 10:59 [DEBUG] cshmd.analysis (__del_bond__)                                : del -> Si_O O_H H_O Ca_O C_O BO NBO
05/25 10:59 [DEBUG] cshmd.analysis (__initialize_mole__)                         : initalize -> H2O SiO4 OH CO3 CO2 H3O
05/25 10:59 [DEBUG] cshmd.analysis (__initialize_mole__)                         : initalize -> SiOH CaOH HCO3 H2CO3 H3CO3
05/25 10:59 [DEBUG] cshmd.analysis (find_bond)                                   : find_bond O - H rcut -> 1.2
05/25 10:59 [DEBUG] cshmd.common (time_wrapper)                                  : [RUNTIME] get_distance_table in 0.542 seconds
05/25 10:59 [DEBUG] cshmd.analysis (get_mole)                                    : get_mole O - H -> nbonds: 2
05/25 10:59 [DEBUG] cshmd.analysis (find_bond)                                   : find_bond Si - O rcut -> 2.3
05/25 10:59 [DEBUG] cshmd.common (time_wrapper)                                  : [RUNTIME] get_distance_table in 0.267 seconds
05/25 10:59 [DEBUG] cshmd.analysis (get_mole)                                    : get_mole Si - O -> nbonds: 4
05/25 10:59 [DEBUG] cshmd.analysis (get_mole)                                    : get_mole O - H -> nbonds: 1
05/25 10:59 [DEBUG] cshmd.analysis (find_bond)                                   : find_bond C - O rcut -> 1.6
05/25 10:59 [DEBUG] cshmd.analysis (get_mole)                                    : get_mole C - O -> nbonds: 3
05/25 10:59 [DEBUG] cshmd.analysis (get_mole)                                    : get_mole O - H -> nbonds: 3
05/25 10:59 [DEBUG] cshmd.analysis (find_bond)                                   : find_bond Ca - O rcut -> 3.0
05/25 10:59 [DEBUG] cshmd.common (time_wrapper)                                  : [RUNTIME] get_distance_table in 0.347 seconds
05/25 10:59 [DEBUG] cshmd.analysis (search_basic)                                : Basic search result -> H2O: 576, SiO4: 548, OH: 164, CO3: 0, H3O: 0, Ca_O: 4225
05/25 10:59 [DEBUG] cshmd.analysis (full_search)                                 : Search layer details
05/25 10:59 [DEBUG] cshmd.analysis (set_layer_boundary)                          : Set layer boundary -> 0.24344102250000055 - 0.7445715765749975
05/25 10:59 [DEBUG] cshmd.analysis (find_bond)                                   : find_bond Ca - O rcut -> 2.6
05/25 10:59 [DEBUG] cshmd.analysis (find_bond)                                   : find_bond Ca - O rcut -> 3.1
05/25 10:59 [DEBUG] cshmd.analysis (find_bond)                                   : find_bond Ca - O rcut -> 5.2
05/25 10:59 [DEBUG] cshmd.analysis (_anal_surface_co3_adsorption)                : No 'C' in system
05/25 10:59 [DEBUG] cshmd.analysis (__detail_search_oh_co3)                      : No CO3 in basic search
05/25 10:59 [DEBUG] cshmd.analysis (__detail_search_oh_sioh)                     : Searching 'OH' in 'SiO4
05/25 10:59 [DEBUG] cshmd.analysis (__detail_search_oh_caoh)                     : Searching 'OH' in 'CaOH
05/25 10:59 [DEBUG] cshmd.analysis (find_bond)                                   : find_bond O - H rcut -> 1.15
05/25 10:59 [DEBUG] cshmd.analysis (get_mole)                                    : get_mole O - H -> nbonds: 1
05/25 10:59 [DEBUG] cshmd.analysis (get_mole)                                    : get_mole O - H -> nbonds: 2
05/25 10:59 [DEBUG] cshmd.analysis (find_bond)                                   : find_bond C - O rcut -> 1.4
05/25 10:59 [DEBUG] cshmd.analysis (get_mole)                                    : get_mole C - O -> nbonds: 3
05/25 10:59 [DEBUG] cshmd.analysis (find_bond)                                   : find_bond Si - O rcut -> 1.8
05/25 10:59 [DEBUG] cshmd.analysis (get_mole)                                    : get_mole Si - O -> nbonds: 4
05/25 10:59 [INFO] cshmd.functions (cal_uniform_by_space)                        : Number of molecules to add : 2678
05/25 10:59 [INFO] cshmd.functions (cal_uniform_by_space)                        : Number of atoms per surface : 272
05/25 10:59 [INFO] cshmd.functions (cal_uniform_by_space)                        : Number of layer : 10
05/25 10:59 [INFO] cshmd.structure (extendLattice)                               : Extend lattice 53.882 59.402 27.924 -> 53.882 59.402 45.924 
05/25 10:59 [INFO] cif_modifier (exec_make_interface)                            : MODE -> distribution
05/25 10:59 [INFO] cif_modifier (exec_make_interface)                            : Number of atoms: 5210 -> 13244
05/25 10:59 [INFO] cshmd.structure (labeling_by_clayff)                          : Now get label according to 'Clayff' style
05/25 10:59 [DEBUG] cshmd.analysis (get_mole)                                    : get_mole O - H -> nbonds: 1
05/25 10:59 [DEBUG] cshmd.analysis (get_mole)                                    : get_mole O - H -> nbonds: 2
05/25 10:59 [DEBUG] cshmd.analysis (get_mole)                                    : get_mole Si - O -> nbonds: 4
05/25 10:59 [DEBUG] cshmd.analysis (get_mole)                                    : get_mole C - O -> nbonds: 3
05/25 10:59 [INFO] cshmd.structure (labeling_by_clayff)                          : All atoms labeled by clayff
05/25 10:59 [INFO] cshmd.structure (labeling_by_clayff)                          : Clayff charge: 0.000
05/25 10:59 [INFO] cshmd.structure (writeCif)                                    : L025_w2750_c50.cif was created
05/25 10:59 [INFO] cif_modifier (__init__)                                       : Total charge: 0 -> 0
05/25 10:59 [DEBUG] cshmd.common (get_logger)                                    : $$$$$$$$$$$$$$  Logger 'cshmd.common........' initialized  $$$$$$$$$$$$$$
05/25 10:59 [DEBUG] cshmd.functions (get_logger)                                 : $$$$$$$$$$$$$$  Logger 'cshmd.functions.....' initialized  $$$$$$$$$$$$$$
05/25 10:59 [DEBUG] cshmd.load (get_logger)                                      : $$$$$$$$$$$$$$  Logger 'cshmd.load..........' initialized  $$$$$$$$$$$$$$
05/25 10:59 [DEBUG] cshmd.analysis (get_logger)                                  : $$$$$$$$$$$$$$  Logger 'cshmd.analysis......' initialized  $$$$$$$$$$$$$$
05/25 10:59 [DEBUG] cshmd.equation (get_logger)                                  : $$$$$$$$$$$$$$  Logger 'cshmd.equation......' initialized  $$$$$$$$$$$$$$
05/25 10:59 [DEBUG] cshmd.structure (get_logger)                                 : $$$$$$$$$$$$$$  Logger 'cshmd.structure.....' initialized  $$$$$$$$$$$$$$
05/25 10:59 [DEBUG] cshmd.builder (get_logger)                                   : $$$$$$$$$$$$$$  Logger 'cshmd.builder.......' initialized  $$$$$$$$$$$$$$
05/25 10:59 [DEBUG] cshmd.trj_analysis (get_logger)                              : $$$$$$$$$$$$$$  Logger 'cshmd.trj_analysis..' initialized  $$$$$$$$$$$$$$
05/25 10:59 [DEBUG] cif_modifier (get_logger)                                    : $$$$$$$$$$$$$$  Logger 'cif_modifier........' initialized  $$$$$$$$$$$$$$
05/25 10:59 [INFO] cif_modifier (<module>)                                       : Logger loaded
05/25 10:59 [INFO] cshmd.structure (__init__)                                    : L030.cif was loaded
05/25 10:59 [DEBUG] cshmd.analysis (__init__)                                    : [Structure] Now new data setted for get Bonds
05/25 10:59 [DEBUG] cshmd.analysis (__del_bond__)                                : del -> Si_O O_H H_O Ca_O C_O BO NBO
05/25 10:59 [DEBUG] cshmd.analysis (__initialize_mole__)                         : initalize -> H2O SiO4 OH CO3 CO2 H3O
05/25 10:59 [DEBUG] cshmd.analysis (__initialize_mole__)                         : initalize -> SiOH CaOH HCO3 H2CO3 H3CO3
05/25 10:59 [DEBUG] cshmd.analysis (find_bond)                                   : find_bond O - H rcut -> 1.2
05/25 10:59 [DEBUG] cshmd.common (time_wrapper)                                  : [RUNTIME] get_distance_table in 0.600 seconds
05/25 10:59 [DEBUG] cshmd.analysis (get_mole)                                    : get_mole O - H -> nbonds: 2
05/25 10:59 [DEBUG] cshmd.analysis (find_bond)                                   : find_bond Si - O rcut -> 2.3
05/25 10:59 [DEBUG] cshmd.common (time_wrapper)                                  : [RUNTIME] get_distance_table in 0.277 seconds
05/25 10:59 [DEBUG] cshmd.analysis (get_mole)                                    : get_mole Si - O -> nbonds: 4
05/25 10:59 [DEBUG] cshmd.analysis (get_mole)                                    : get_mole O - H -> nbonds: 1
05/25 10:59 [DEBUG] cshmd.analysis (find_bond)                                   : find_bond C - O rcut -> 1.6
05/25 10:59 [DEBUG] cshmd.analysis (get_mole)                                    : get_mole C - O -> nbonds: 3
05/25 10:59 [DEBUG] cshmd.analysis (get_mole)                                    : get_mole O - H -> nbonds: 3
05/25 10:59 [DEBUG] cshmd.analysis (find_bond)                                   : find_bond Ca - O rcut -> 3.0
05/25 10:59 [DEBUG] cshmd.common (time_wrapper)                                  : [RUNTIME] get_distance_table in 0.350 seconds
05/25 10:59 [DEBUG] cshmd.analysis (search_basic)                                : Basic search result -> H2O: 576, SiO4: 576, OH: 192, CO3: 0, H3O: 0, Ca_O: 4176
05/25 10:59 [DEBUG] cshmd.analysis (full_search)                                 : Search layer details
05/25 10:59 [DEBUG] cshmd.analysis (set_layer_boundary)                          : Set layer boundary -> 0.24344102250000055 - 0.7445715765749975
05/25 10:59 [DEBUG] cshmd.analysis (find_bond)                                   : find_bond Ca - O rcut -> 2.6
05/25 10:59 [DEBUG] cshmd.analysis (find_bond)                                   : find_bond Ca - O rcut -> 3.1
05/25 10:59 [DEBUG] cshmd.analysis (find_bond)                                   : find_bond Ca - O rcut -> 5.2
05/25 10:59 [DEBUG] cshmd.analysis (_anal_surface_co3_adsorption)                : No 'C' in system
05/25 10:59 [DEBUG] cshmd.analysis (__detail_search_oh_co3)                      : No CO3 in basic search
05/25 10:59 [DEBUG] cshmd.analysis (__detail_search_oh_sioh)                     : Searching 'OH' in 'SiO4
05/25 10:59 [DEBUG] cshmd.analysis (__detail_search_oh_caoh)                     : Searching 'OH' in 'CaOH
05/25 10:59 [DEBUG] cshmd.analysis (find_bond)                                   : find_bond O - H rcut -> 1.15
05/25 10:59 [DEBUG] cshmd.analysis (get_mole)                                    : get_mole O - H -> nbonds: 1
05/25 10:59 [DEBUG] cshmd.analysis (get_mole)                                    : get_mole O - H -> nbonds: 2
05/25 10:59 [DEBUG] cshmd.analysis (find_bond)                                   : find_bond C - O rcut -> 1.4
05/25 10:59 [DEBUG] cshmd.analysis (get_mole)                                    : get_mole C - O -> nbonds: 3
05/25 10:59 [DEBUG] cshmd.analysis (find_bond)                                   : find_bond Si - O rcut -> 1.8
05/25 10:59 [DEBUG] cshmd.analysis (get_mole)                                    : get_mole Si - O -> nbonds: 4
05/25 10:59 [INFO] cshmd.functions (cal_uniform_by_space)                        : Number of molecules to add : 2678
05/25 10:59 [INFO] cshmd.functions (cal_uniform_by_space)                        : Number of atoms per surface : 272
05/25 10:59 [INFO] cshmd.functions (cal_uniform_by_space)                        : Number of layer : 10
05/25 10:59 [INFO] cshmd.structure (extendLattice)                               : Extend lattice 53.882 59.402 27.924 -> 53.882 59.402 45.924 
05/25 10:59 [INFO] cif_modifier (exec_make_interface)                            : MODE -> distribution
05/25 10:59 [INFO] cif_modifier (exec_make_interface)                            : Number of atoms: 5280 -> 13314
05/25 10:59 [INFO] cshmd.structure (labeling_by_clayff)                          : Now get label according to 'Clayff' style
05/25 10:59 [DEBUG] cshmd.analysis (get_mole)                                    : get_mole O - H -> nbonds: 1
05/25 10:59 [DEBUG] cshmd.analysis (get_mole)                                    : get_mole O - H -> nbonds: 2
05/25 10:59 [DEBUG] cshmd.analysis (get_mole)                                    : get_mole Si - O -> nbonds: 4
05/25 10:59 [DEBUG] cshmd.analysis (get_mole)                                    : get_mole C - O -> nbonds: 3
05/25 10:59 [INFO] cshmd.structure (labeling_by_clayff)                          : All atoms labeled by clayff
05/25 10:59 [INFO] cshmd.structure (labeling_by_clayff)                          : Clayff charge: 0.000
05/25 10:59 [INFO] cshmd.structure (writeCif)                                    : L030_w2750_c50.cif was created
05/25 10:59 [INFO] cif_modifier (__init__)                                       : Total charge: 0 -> 0
05/25 10:59 [DEBUG] cshmd.common (get_logger)                                    : $$$$$$$$$$$$$$  Logger 'cshmd.common........' initialized  $$$$$$$$$$$$$$
05/25 10:59 [DEBUG] cshmd.functions (get_logger)                                 : $$$$$$$$$$$$$$  Logger 'cshmd.functions.....' initialized  $$$$$$$$$$$$$$
05/25 10:59 [DEBUG] cshmd.load (get_logger)                                      : $$$$$$$$$$$$$$  Logger 'cshmd.load..........' initialized  $$$$$$$$$$$$$$
05/25 10:59 [DEBUG] cshmd.analysis (get_logger)                                  : $$$$$$$$$$$$$$  Logger 'cshmd.analysis......' initialized  $$$$$$$$$$$$$$
05/25 10:59 [DEBUG] cshmd.equation (get_logger)                                  : $$$$$$$$$$$$$$  Logger 'cshmd.equation......' initialized  $$$$$$$$$$$$$$
05/25 10:59 [DEBUG] cshmd.structure (get_logger)                                 : $$$$$$$$$$$$$$  Logger 'cshmd.structure.....' initialized  $$$$$$$$$$$$$$
05/25 10:59 [DEBUG] cshmd.builder (get_logger)                                   : $$$$$$$$$$$$$$  Logger 'cshmd.builder.......' initialized  $$$$$$$$$$$$$$
05/25 10:59 [DEBUG] cshmd.trj_analysis (get_logger)                              : $$$$$$$$$$$$$$  Logger 'cshmd.trj_analysis..' initialized  $$$$$$$$$$$$$$
05/25 10:59 [DEBUG] cif_modifier (get_logger)                                    : $$$$$$$$$$$$$$  Logger 'cif_modifier........' initialized  $$$$$$$$$$$$$$
05/25 10:59 [INFO] cif_modifier (<module>)                                       : Logger loaded
05/25 10:59 [INFO] cshmd.structure (__init__)                                    : L035.cif was loaded
05/25 10:59 [DEBUG] cshmd.analysis (__init__)                                    : [Structure] Now new data setted for get Bonds
05/25 10:59 [DEBUG] cshmd.analysis (__del_bond__)                                : del -> Si_O O_H H_O Ca_O C_O BO NBO
05/25 10:59 [DEBUG] cshmd.analysis (__initialize_mole__)                         : initalize -> H2O SiO4 OH CO3 CO2 H3O
05/25 10:59 [DEBUG] cshmd.analysis (__initialize_mole__)                         : initalize -> SiOH CaOH HCO3 H2CO3 H3CO3
05/25 10:59 [DEBUG] cshmd.analysis (find_bond)                                   : find_bond O - H rcut -> 1.2
05/25 10:59 [DEBUG] cshmd.common (time_wrapper)                                  : [RUNTIME] get_distance_table in 0.595 seconds
05/25 10:59 [DEBUG] cshmd.analysis (get_mole)                                    : get_mole O - H -> nbonds: 2
05/25 10:59 [DEBUG] cshmd.analysis (find_bond)                                   : find_bond Si - O rcut -> 2.3
05/25 10:59 [DEBUG] cshmd.common (time_wrapper)                                  : [RUNTIME] get_distance_table in 0.286 seconds
05/25 10:59 [DEBUG] cshmd.analysis (get_mole)                                    : get_mole Si - O -> nbonds: 4
05/25 10:59 [DEBUG] cshmd.analysis (get_mole)                                    : get_mole O - H -> nbonds: 1
05/25 10:59 [DEBUG] cshmd.analysis (find_bond)                                   : find_bond C - O rcut -> 1.6
05/25 10:59 [DEBUG] cshmd.analysis (get_mole)                                    : get_mole C - O -> nbonds: 3
05/25 10:59 [DEBUG] cshmd.analysis (get_mole)                                    : get_mole O - H -> nbonds: 3
05/25 10:59 [DEBUG] cshmd.analysis (find_bond)                                   : find_bond Ca - O rcut -> 3.0
05/25 10:59 [DEBUG] cshmd.common (time_wrapper)                                  : [RUNTIME] get_distance_table in 0.311 seconds
05/25 10:59 [DEBUG] cshmd.analysis (search_basic)                                : Basic search result -> H2O: 576, SiO4: 596, OH: 212, CO3: 0, H3O: 0, Ca_O: 4141
05/25 10:59 [DEBUG] cshmd.analysis (full_search)                                 : Search layer details
05/25 10:59 [DEBUG] cshmd.analysis (set_layer_boundary)                          : Set layer boundary -> 0.24344102250000055 - 0.7445715765749975
05/25 10:59 [DEBUG] cshmd.analysis (find_bond)                                   : find_bond Ca - O rcut -> 2.6
05/25 10:59 [DEBUG] cshmd.analysis (find_bond)                                   : find_bond Ca - O rcut -> 3.1
05/25 10:59 [DEBUG] cshmd.analysis (find_bond)                                   : find_bond Ca - O rcut -> 5.2
05/25 10:59 [DEBUG] cshmd.analysis (_anal_surface_co3_adsorption)                : No 'C' in system
05/25 10:59 [DEBUG] cshmd.analysis (__detail_search_oh_co3)                      : No CO3 in basic search
05/25 10:59 [DEBUG] cshmd.analysis (__detail_search_oh_sioh)                     : Searching 'OH' in 'SiO4
05/25 10:59 [DEBUG] cshmd.analysis (__detail_search_oh_caoh)                     : Searching 'OH' in 'CaOH
05/25 10:59 [DEBUG] cshmd.analysis (find_bond)                                   : find_bond O - H rcut -> 1.15
05/25 10:59 [DEBUG] cshmd.analysis (get_mole)                                    : get_mole O - H -> nbonds: 1
05/25 10:59 [DEBUG] cshmd.analysis (get_mole)                                    : get_mole O - H -> nbonds: 2
05/25 10:59 [DEBUG] cshmd.analysis (find_bond)                                   : find_bond C - O rcut -> 1.4
05/25 10:59 [DEBUG] cshmd.analysis (get_mole)                                    : get_mole C - O -> nbonds: 3
05/25 10:59 [DEBUG] cshmd.analysis (find_bond)                                   : find_bond Si - O rcut -> 1.8
05/25 10:59 [DEBUG] cshmd.analysis (get_mole)                                    : get_mole Si - O -> nbonds: 4
05/25 10:59 [INFO] cshmd.functions (cal_uniform_by_space)                        : Number of molecules to add : 2678
05/25 10:59 [INFO] cshmd.functions (cal_uniform_by_space)                        : Number of atoms per surface : 272
05/25 10:59 [INFO] cshmd.functions (cal_uniform_by_space)                        : Number of layer : 10
05/25 10:59 [INFO] cshmd.structure (extendLattice)                               : Extend lattice 53.882 59.402 27.924 -> 53.882 59.402 45.924 
05/25 10:59 [INFO] cif_modifier (exec_make_interface)                            : MODE -> distribution
05/25 10:59 [INFO] cif_modifier (exec_make_interface)                            : Number of atoms: 5330 -> 13364
05/25 10:59 [INFO] cshmd.structure (labeling_by_clayff)                          : Now get label according to 'Clayff' style
05/25 10:59 [DEBUG] cshmd.analysis (get_mole)                                    : get_mole O - H -> nbonds: 1
05/25 10:59 [DEBUG] cshmd.analysis (get_mole)                                    : get_mole O - H -> nbonds: 2
05/25 10:59 [DEBUG] cshmd.analysis (get_mole)                                    : get_mole Si - O -> nbonds: 4
05/25 10:59 [DEBUG] cshmd.analysis (get_mole)                                    : get_mole C - O -> nbonds: 3
05/25 10:59 [INFO] cshmd.structure (labeling_by_clayff)                          : All atoms labeled by clayff
05/25 10:59 [INFO] cshmd.structure (labeling_by_clayff)                          : Clayff charge: 0.000
05/25 10:59 [INFO] cshmd.structure (writeCif)                                    : L035_w2750_c50.cif was created
05/25 10:59 [INFO] cif_modifier (__init__)                                       : Total charge: 0 -> 0
05/25 10:59 [DEBUG] cshmd.common (get_logger)                                    : $$$$$$$$$$$$$$  Logger 'cshmd.common........' initialized  $$$$$$$$$$$$$$
05/25 10:59 [DEBUG] cshmd.functions (get_logger)                                 : $$$$$$$$$$$$$$  Logger 'cshmd.functions.....' initialized  $$$$$$$$$$$$$$
05/25 10:59 [DEBUG] cshmd.load (get_logger)                                      : $$$$$$$$$$$$$$  Logger 'cshmd.load..........' initialized  $$$$$$$$$$$$$$
05/25 10:59 [DEBUG] cshmd.analysis (get_logger)                                  : $$$$$$$$$$$$$$  Logger 'cshmd.analysis......' initialized  $$$$$$$$$$$$$$
05/25 10:59 [DEBUG] cshmd.equation (get_logger)                                  : $$$$$$$$$$$$$$  Logger 'cshmd.equation......' initialized  $$$$$$$$$$$$$$
05/25 10:59 [DEBUG] cshmd.structure (get_logger)                                 : $$$$$$$$$$$$$$  Logger 'cshmd.structure.....' initialized  $$$$$$$$$$$$$$
05/25 10:59 [DEBUG] cshmd.builder (get_logger)                                   : $$$$$$$$$$$$$$  Logger 'cshmd.builder.......' initialized  $$$$$$$$$$$$$$
05/25 10:59 [DEBUG] cshmd.trj_analysis (get_logger)                              : $$$$$$$$$$$$$$  Logger 'cshmd.trj_analysis..' initialized  $$$$$$$$$$$$$$
05/25 10:59 [DEBUG] cif_modifier (get_logger)                                    : $$$$$$$$$$$$$$  Logger 'cif_modifier........' initialized  $$$$$$$$$$$$$$
05/25 10:59 [INFO] cif_modifier (<module>)                                       : Logger loaded
05/25 10:59 [INFO] cshmd.structure (__init__)                                    : L040.cif was loaded
05/25 10:59 [DEBUG] cshmd.analysis (__init__)                                    : [Structure] Now new data setted for get Bonds
05/25 10:59 [DEBUG] cshmd.analysis (__del_bond__)                                : del -> Si_O O_H H_O Ca_O C_O BO NBO
05/25 10:59 [DEBUG] cshmd.analysis (__initialize_mole__)                         : initalize -> H2O SiO4 OH CO3 CO2 H3O
05/25 10:59 [DEBUG] cshmd.analysis (__initialize_mole__)                         : initalize -> SiOH CaOH HCO3 H2CO3 H3CO3
05/25 10:59 [DEBUG] cshmd.analysis (find_bond)                                   : find_bond O - H rcut -> 1.2
05/25 10:59 [DEBUG] cshmd.common (time_wrapper)                                  : [RUNTIME] get_distance_table in 0.686 seconds
05/25 10:59 [DEBUG] cshmd.analysis (get_mole)                                    : get_mole O - H -> nbonds: 2
05/25 10:59 [DEBUG] cshmd.analysis (find_bond)                                   : find_bond Si - O rcut -> 2.3
05/25 10:59 [DEBUG] cshmd.common (time_wrapper)                                  : [RUNTIME] get_distance_table in 0.369 seconds
05/25 10:59 [DEBUG] cshmd.analysis (get_mole)                                    : get_mole Si - O -> nbonds: 4
05/25 10:59 [DEBUG] cshmd.analysis (get_mole)                                    : get_mole O - H -> nbonds: 1
05/25 10:59 [DEBUG] cshmd.analysis (find_bond)                                   : find_bond C - O rcut -> 1.6
05/25 10:59 [DEBUG] cshmd.analysis (get_mole)                                    : get_mole C - O -> nbonds: 3
05/25 10:59 [DEBUG] cshmd.analysis (get_mole)                                    : get_mole O - H -> nbonds: 3
05/25 10:59 [DEBUG] cshmd.analysis (find_bond)                                   : find_bond Ca - O rcut -> 3.0
05/25 10:59 [DEBUG] cshmd.common (time_wrapper)                                  : [RUNTIME] get_distance_table in 0.436 seconds
05/25 10:59 [DEBUG] cshmd.analysis (search_basic)                                : Basic search result -> H2O: 576, SiO4: 612, OH: 228, CO3: 0, H3O: 0, Ca_O: 4113
05/25 10:59 [DEBUG] cshmd.analysis (full_search)                                 : Search layer details
05/25 10:59 [DEBUG] cshmd.analysis (set_layer_boundary)                          : Set layer boundary -> 0.24344102250000055 - 0.7445715765749975
05/25 10:59 [DEBUG] cshmd.analysis (find_bond)                                   : find_bond Ca - O rcut -> 2.6
05/25 10:59 [DEBUG] cshmd.analysis (find_bond)                                   : find_bond Ca - O rcut -> 3.1
05/25 10:59 [DEBUG] cshmd.analysis (find_bond)                                   : find_bond Ca - O rcut -> 5.2
05/25 10:59 [DEBUG] cshmd.analysis (_anal_surface_co3_adsorption)                : No 'C' in system
05/25 10:59 [DEBUG] cshmd.analysis (__detail_search_oh_co3)                      : No CO3 in basic search
05/25 10:59 [DEBUG] cshmd.analysis (__detail_search_oh_sioh)                     : Searching 'OH' in 'SiO4
05/25 10:59 [DEBUG] cshmd.analysis (__detail_search_oh_caoh)                     : Searching 'OH' in 'CaOH
05/25 10:59 [DEBUG] cshmd.analysis (find_bond)                                   : find_bond O - H rcut -> 1.15
05/25 10:59 [DEBUG] cshmd.analysis (get_mole)                                    : get_mole O - H -> nbonds: 1
05/25 10:59 [DEBUG] cshmd.analysis (get_mole)                                    : get_mole O - H -> nbonds: 2
05/25 10:59 [DEBUG] cshmd.analysis (find_bond)                                   : find_bond C - O rcut -> 1.4
05/25 10:59 [DEBUG] cshmd.analysis (get_mole)                                    : get_mole C - O -> nbonds: 3
05/25 10:59 [DEBUG] cshmd.analysis (find_bond)                                   : find_bond Si - O rcut -> 1.8
05/25 10:59 [DEBUG] cshmd.analysis (get_mole)                                    : get_mole Si - O -> nbonds: 4
05/25 10:59 [INFO] cshmd.functions (cal_uniform_by_space)                        : Number of molecules to add : 2678
05/25 10:59 [INFO] cshmd.functions (cal_uniform_by_space)                        : Number of atoms per surface : 272
05/25 10:59 [INFO] cshmd.functions (cal_uniform_by_space)                        : Number of layer : 10
05/25 10:59 [INFO] cshmd.structure (extendLattice)                               : Extend lattice 53.882 59.402 27.924 -> 53.882 59.402 45.924 
05/25 10:59 [INFO] cif_modifier (exec_make_interface)                            : MODE -> distribution
05/25 10:59 [INFO] cif_modifier (exec_make_interface)                            : Number of atoms: 5370 -> 13404
05/25 10:59 [INFO] cshmd.structure (labeling_by_clayff)                          : Now get label according to 'Clayff' style
05/25 10:59 [DEBUG] cshmd.analysis (get_mole)                                    : get_mole O - H -> nbonds: 1
05/25 10:59 [DEBUG] cshmd.analysis (get_mole)                                    : get_mole O - H -> nbonds: 2
05/25 10:59 [DEBUG] cshmd.analysis (get_mole)                                    : get_mole Si - O -> nbonds: 4
05/25 10:59 [DEBUG] cshmd.analysis (get_mole)                                    : get_mole C - O -> nbonds: 3
05/25 10:59 [INFO] cshmd.structure (labeling_by_clayff)                          : All atoms labeled by clayff
05/25 10:59 [INFO] cshmd.structure (labeling_by_clayff)                          : Clayff charge: 0.000
05/25 10:59 [INFO] cshmd.structure (writeCif)                                    : L040_w2750_c50.cif was created
05/25 10:59 [INFO] cif_modifier (__init__)                                       : Total charge: 0 -> 0
05/25 10:59 [DEBUG] cshmd.common (get_logger)                                    : $$$$$$$$$$$$$$  Logger 'cshmd.common........' initialized  $$$$$$$$$$$$$$
05/25 10:59 [DEBUG] cshmd.functions (get_logger)                                 : $$$$$$$$$$$$$$  Logger 'cshmd.functions.....' initialized  $$$$$$$$$$$$$$
05/25 10:59 [DEBUG] cshmd.load (get_logger)                                      : $$$$$$$$$$$$$$  Logger 'cshmd.load..........' initialized  $$$$$$$$$$$$$$
05/25 10:59 [DEBUG] cshmd.analysis (get_logger)                                  : $$$$$$$$$$$$$$  Logger 'cshmd.analysis......' initialized  $$$$$$$$$$$$$$
05/25 10:59 [DEBUG] cshmd.equation (get_logger)                                  : $$$$$$$$$$$$$$  Logger 'cshmd.equation......' initialized  $$$$$$$$$$$$$$
05/25 10:59 [DEBUG] cshmd.structure (get_logger)                                 : $$$$$$$$$$$$$$  Logger 'cshmd.structure.....' initialized  $$$$$$$$$$$$$$
05/25 10:59 [DEBUG] cshmd.builder (get_logger)                                   : $$$$$$$$$$$$$$  Logger 'cshmd.builder.......' initialized  $$$$$$$$$$$$$$
05/25 10:59 [DEBUG] cshmd.trj_analysis (get_logger)                              : $$$$$$$$$$$$$$  Logger 'cshmd.trj_analysis..' initialized  $$$$$$$$$$$$$$
05/25 10:59 [DEBUG] cif_modifier (get_logger)                                    : $$$$$$$$$$$$$$  Logger 'cif_modifier........' initialized  $$$$$$$$$$$$$$
05/25 10:59 [INFO] cif_modifier (<module>)                                       : Logger loaded
05/25 10:59 [INFO] cshmd.structure (__init__)                                    : L045.cif was loaded
05/25 10:59 [DEBUG] cshmd.analysis (__init__)                                    : [Structure] Now new data setted for get Bonds
05/25 10:59 [DEBUG] cshmd.analysis (__del_bond__)                                : del -> Si_O O_H H_O Ca_O C_O BO NBO
05/25 10:59 [DEBUG] cshmd.analysis (__initialize_mole__)                         : initalize -> H2O SiO4 OH CO3 CO2 H3O
05/25 10:59 [DEBUG] cshmd.analysis (__initialize_mole__)                         : initalize -> SiOH CaOH HCO3 H2CO3 H3CO3
05/25 10:59 [DEBUG] cshmd.analysis (find_bond)                                   : find_bond O - H rcut -> 1.2
05/25 10:59 [DEBUG] cshmd.common (time_wrapper)                                  : [RUNTIME] get_distance_table in 0.653 seconds
05/25 10:59 [DEBUG] cshmd.analysis (get_mole)                                    : get_mole O - H -> nbonds: 2
05/25 10:59 [DEBUG] cshmd.analysis (find_bond)                                   : find_bond Si - O rcut -> 2.3
05/25 10:59 [DEBUG] cshmd.common (time_wrapper)                                  : [RUNTIME] get_distance_table in 0.373 seconds
05/25 10:59 [DEBUG] cshmd.analysis (get_mole)                                    : get_mole Si - O -> nbonds: 4
05/25 10:59 [DEBUG] cshmd.analysis (get_mole)                                    : get_mole O - H -> nbonds: 1
05/25 10:59 [DEBUG] cshmd.analysis (find_bond)                                   : find_bond C - O rcut -> 1.6
05/25 10:59 [DEBUG] cshmd.analysis (get_mole)                                    : get_mole C - O -> nbonds: 3
05/25 10:59 [DEBUG] cshmd.analysis (get_mole)                                    : get_mole O - H -> nbonds: 3
05/25 10:59 [DEBUG] cshmd.analysis (find_bond)                                   : find_bond Ca - O rcut -> 3.0
05/25 11:00 [DEBUG] cshmd.common (time_wrapper)                                  : [RUNTIME] get_distance_table in 0.387 seconds
05/25 11:00 [DEBUG] cshmd.analysis (search_basic)                                : Basic search result -> H2O: 576, SiO4: 628, OH: 244, CO3: 0, H3O: 0, Ca_O: 4085
05/25 11:00 [DEBUG] cshmd.analysis (full_search)                                 : Search layer details
05/25 11:00 [DEBUG] cshmd.analysis (set_layer_boundary)                          : Set layer boundary -> 0.24344102250000055 - 0.7445715765749975
05/25 11:00 [DEBUG] cshmd.analysis (find_bond)                                   : find_bond Ca - O rcut -> 2.6
05/25 11:00 [DEBUG] cshmd.analysis (find_bond)                                   : find_bond Ca - O rcut -> 3.1
05/25 11:00 [DEBUG] cshmd.analysis (find_bond)                                   : find_bond Ca - O rcut -> 5.2
05/25 11:00 [DEBUG] cshmd.analysis (_anal_surface_co3_adsorption)                : No 'C' in system
05/25 11:00 [DEBUG] cshmd.analysis (__detail_search_oh_co3)                      : No CO3 in basic search
05/25 11:00 [DEBUG] cshmd.analysis (__detail_search_oh_sioh)                     : Searching 'OH' in 'SiO4
05/25 11:00 [DEBUG] cshmd.analysis (__detail_search_oh_caoh)                     : Searching 'OH' in 'CaOH
05/25 11:00 [DEBUG] cshmd.analysis (find_bond)                                   : find_bond O - H rcut -> 1.15
05/25 11:00 [DEBUG] cshmd.analysis (get_mole)                                    : get_mole O - H -> nbonds: 1
05/25 11:00 [DEBUG] cshmd.analysis (get_mole)                                    : get_mole O - H -> nbonds: 2
05/25 11:00 [DEBUG] cshmd.analysis (find_bond)                                   : find_bond C - O rcut -> 1.4
05/25 11:00 [DEBUG] cshmd.analysis (get_mole)                                    : get_mole C - O -> nbonds: 3
05/25 11:00 [DEBUG] cshmd.analysis (find_bond)                                   : find_bond Si - O rcut -> 1.8
05/25 11:00 [DEBUG] cshmd.analysis (get_mole)                                    : get_mole Si - O -> nbonds: 4
05/25 11:00 [INFO] cshmd.functions (cal_uniform_by_space)                        : Number of molecules to add : 2678
05/25 11:00 [INFO] cshmd.functions (cal_uniform_by_space)                        : Number of atoms per surface : 272
05/25 11:00 [INFO] cshmd.functions (cal_uniform_by_space)                        : Number of layer : 10
05/25 11:00 [INFO] cshmd.structure (extendLattice)                               : Extend lattice 53.882 59.402 27.924 -> 53.882 59.402 45.924 
05/25 11:00 [INFO] cif_modifier (exec_make_interface)                            : MODE -> distribution
05/25 11:00 [INFO] cif_modifier (exec_make_interface)                            : Number of atoms: 5410 -> 13444
05/25 11:00 [INFO] cshmd.structure (labeling_by_clayff)                          : Now get label according to 'Clayff' style
05/25 11:00 [DEBUG] cshmd.analysis (get_mole)                                    : get_mole O - H -> nbonds: 1
05/25 11:00 [DEBUG] cshmd.analysis (get_mole)                                    : get_mole O - H -> nbonds: 2
05/25 11:00 [DEBUG] cshmd.analysis (get_mole)                                    : get_mole Si - O -> nbonds: 4
05/25 11:00 [DEBUG] cshmd.analysis (get_mole)                                    : get_mole C - O -> nbonds: 3
05/25 11:00 [INFO] cshmd.structure (labeling_by_clayff)                          : All atoms labeled by clayff
05/25 11:00 [INFO] cshmd.structure (labeling_by_clayff)                          : Clayff charge: 0.000
05/25 11:00 [INFO] cshmd.structure (writeCif)                                    : L045_w2750_c50.cif was created
05/25 11:00 [INFO] cif_modifier (__init__)                                       : Total charge: 0 -> 0
05/25 11:00 [DEBUG] cshmd.common (get_logger)                                    : $$$$$$$$$$$$$$  Logger 'cshmd.common........' initialized  $$$$$$$$$$$$$$
05/25 11:00 [DEBUG] cshmd.functions (get_logger)                                 : $$$$$$$$$$$$$$  Logger 'cshmd.functions.....' initialized  $$$$$$$$$$$$$$
05/25 11:00 [DEBUG] cshmd.load (get_logger)                                      : $$$$$$$$$$$$$$  Logger 'cshmd.load..........' initialized  $$$$$$$$$$$$$$
05/25 11:00 [DEBUG] cshmd.analysis (get_logger)                                  : $$$$$$$$$$$$$$  Logger 'cshmd.analysis......' initialized  $$$$$$$$$$$$$$
05/25 11:00 [DEBUG] cshmd.equation (get_logger)                                  : $$$$$$$$$$$$$$  Logger 'cshmd.equation......' initialized  $$$$$$$$$$$$$$
05/25 11:00 [DEBUG] cshmd.structure (get_logger)                                 : $$$$$$$$$$$$$$  Logger 'cshmd.structure.....' initialized  $$$$$$$$$$$$$$
05/25 11:00 [DEBUG] cshmd.builder (get_logger)                                   : $$$$$$$$$$$$$$  Logger 'cshmd.builder.......' initialized  $$$$$$$$$$$$$$
05/25 11:00 [DEBUG] cshmd.trj_analysis (get_logger)                              : $$$$$$$$$$$$$$  Logger 'cshmd.trj_analysis..' initialized  $$$$$$$$$$$$$$
05/25 11:00 [DEBUG] cif_modifier (get_logger)                                    : $$$$$$$$$$$$$$  Logger 'cif_modifier........' initialized  $$$$$$$$$$$$$$
05/25 11:00 [INFO] cif_modifier (<module>)                                       : Logger loaded
05/25 11:00 [INFO] cshmd.structure (__init__)                                    : L050.cif was loaded
05/25 11:00 [DEBUG] cshmd.analysis (__init__)                                    : [Structure] Now new data setted for get Bonds
05/25 11:00 [DEBUG] cshmd.analysis (__del_bond__)                                : del -> Si_O O_H H_O Ca_O C_O BO NBO
05/25 11:00 [DEBUG] cshmd.analysis (__initialize_mole__)                         : initalize -> H2O SiO4 OH CO3 CO2 H3O
05/25 11:00 [DEBUG] cshmd.analysis (__initialize_mole__)                         : initalize -> SiOH CaOH HCO3 H2CO3 H3CO3
05/25 11:00 [DEBUG] cshmd.analysis (find_bond)                                   : find_bond O - H rcut -> 1.2
05/25 11:00 [DEBUG] cshmd.common (time_wrapper)                                  : [RUNTIME] get_distance_table in 0.640 seconds
05/25 11:00 [DEBUG] cshmd.analysis (get_mole)                                    : get_mole O - H -> nbonds: 2
05/25 11:00 [DEBUG] cshmd.analysis (find_bond)                                   : find_bond Si - O rcut -> 2.3
05/25 11:00 [DEBUG] cshmd.common (time_wrapper)                                  : [RUNTIME] get_distance_table in 0.304 seconds
05/25 11:00 [DEBUG] cshmd.analysis (get_mole)                                    : get_mole Si - O -> nbonds: 4
05/25 11:00 [DEBUG] cshmd.analysis (get_mole)                                    : get_mole O - H -> nbonds: 1
05/25 11:00 [DEBUG] cshmd.analysis (find_bond)                                   : find_bond C - O rcut -> 1.6
05/25 11:00 [DEBUG] cshmd.analysis (get_mole)                                    : get_mole C - O -> nbonds: 3
05/25 11:00 [DEBUG] cshmd.analysis (get_mole)                                    : get_mole O - H -> nbonds: 3
05/25 11:00 [DEBUG] cshmd.analysis (find_bond)                                   : find_bond Ca - O rcut -> 3.0
05/25 11:00 [DEBUG] cshmd.common (time_wrapper)                                  : [RUNTIME] get_distance_table in 0.319 seconds
05/25 11:00 [DEBUG] cshmd.analysis (search_basic)                                : Basic search result -> H2O: 576, SiO4: 640, OH: 256, CO3: 0, H3O: 0, Ca_O: 4064
05/25 11:00 [DEBUG] cshmd.analysis (full_search)                                 : Search layer details
05/25 11:00 [DEBUG] cshmd.analysis (set_layer_boundary)                          : Set layer boundary -> 0.24344102250000055 - 0.7445715765749975
05/25 11:00 [DEBUG] cshmd.analysis (find_bond)                                   : find_bond Ca - O rcut -> 2.6
05/25 11:00 [DEBUG] cshmd.analysis (find_bond)                                   : find_bond Ca - O rcut -> 3.1
05/25 11:00 [DEBUG] cshmd.analysis (find_bond)                                   : find_bond Ca - O rcut -> 5.2
05/25 11:00 [DEBUG] cshmd.analysis (_anal_surface_co3_adsorption)                : No 'C' in system
05/25 11:00 [DEBUG] cshmd.analysis (__detail_search_oh_co3)                      : No CO3 in basic search
05/25 11:00 [DEBUG] cshmd.analysis (__detail_search_oh_sioh)                     : Searching 'OH' in 'SiO4
05/25 11:00 [DEBUG] cshmd.analysis (__detail_search_oh_caoh)                     : Searching 'OH' in 'CaOH
05/25 11:00 [DEBUG] cshmd.analysis (find_bond)                                   : find_bond O - H rcut -> 1.15
05/25 11:00 [DEBUG] cshmd.analysis (get_mole)                                    : get_mole O - H -> nbonds: 1
05/25 11:00 [DEBUG] cshmd.analysis (get_mole)                                    : get_mole O - H -> nbonds: 2
05/25 11:00 [DEBUG] cshmd.analysis (find_bond)                                   : find_bond C - O rcut -> 1.4
05/25 11:00 [DEBUG] cshmd.analysis (get_mole)                                    : get_mole C - O -> nbonds: 3
05/25 11:00 [DEBUG] cshmd.analysis (find_bond)                                   : find_bond Si - O rcut -> 1.8
05/25 11:00 [DEBUG] cshmd.analysis (get_mole)                                    : get_mole Si - O -> nbonds: 4
05/25 11:00 [INFO] cshmd.functions (cal_uniform_by_space)                        : Number of molecules to add : 2678
05/25 11:00 [INFO] cshmd.functions (cal_uniform_by_space)                        : Number of atoms per surface : 272
05/25 11:00 [INFO] cshmd.functions (cal_uniform_by_space)                        : Number of layer : 10
05/25 11:00 [INFO] cshmd.structure (extendLattice)                               : Extend lattice 53.882 59.402 27.924 -> 53.882 59.402 45.924 
05/25 11:00 [INFO] cif_modifier (exec_make_interface)                            : MODE -> distribution
05/25 11:00 [INFO] cif_modifier (exec_make_interface)                            : Number of atoms: 5440 -> 13474
05/25 11:00 [INFO] cshmd.structure (labeling_by_clayff)                          : Now get label according to 'Clayff' style
05/25 11:00 [DEBUG] cshmd.analysis (get_mole)                                    : get_mole O - H -> nbonds: 1
05/25 11:00 [DEBUG] cshmd.analysis (get_mole)                                    : get_mole O - H -> nbonds: 2
05/25 11:00 [DEBUG] cshmd.analysis (get_mole)                                    : get_mole Si - O -> nbonds: 4
05/25 11:00 [DEBUG] cshmd.analysis (get_mole)                                    : get_mole C - O -> nbonds: 3
05/25 11:00 [INFO] cshmd.structure (labeling_by_clayff)                          : All atoms labeled by clayff
05/25 11:00 [INFO] cshmd.structure (labeling_by_clayff)                          : Clayff charge: -0.000
05/25 11:00 [INFO] cshmd.structure (writeCif)                                    : L050_w2750_c50.cif was created
05/25 11:00 [INFO] cif_modifier (__init__)                                       : Total charge: 0 -> 0
05/25 11:00 [DEBUG] cshmd.common (get_logger)                                    : $$$$$$$$$$$$$$  Logger 'cshmd.common........' initialized  $$$$$$$$$$$$$$
05/25 11:00 [DEBUG] cshmd.functions (get_logger)                                 : $$$$$$$$$$$$$$  Logger 'cshmd.functions.....' initialized  $$$$$$$$$$$$$$
05/25 11:00 [DEBUG] cshmd.load (get_logger)                                      : $$$$$$$$$$$$$$  Logger 'cshmd.load..........' initialized  $$$$$$$$$$$$$$
05/25 11:00 [DEBUG] cshmd.analysis (get_logger)                                  : $$$$$$$$$$$$$$  Logger 'cshmd.analysis......' initialized  $$$$$$$$$$$$$$
05/25 11:00 [DEBUG] cshmd.equation (get_logger)                                  : $$$$$$$$$$$$$$  Logger 'cshmd.equation......' initialized  $$$$$$$$$$$$$$
05/25 11:00 [DEBUG] cshmd.structure (get_logger)                                 : $$$$$$$$$$$$$$  Logger 'cshmd.structure.....' initialized  $$$$$$$$$$$$$$
05/25 11:00 [DEBUG] cshmd.builder (get_logger)                                   : $$$$$$$$$$$$$$  Logger 'cshmd.builder.......' initialized  $$$$$$$$$$$$$$
05/25 11:00 [DEBUG] cshmd.trj_analysis (get_logger)                              : $$$$$$$$$$$$$$  Logger 'cshmd.trj_analysis..' initialized  $$$$$$$$$$$$$$
05/25 11:00 [DEBUG] cif_modifier (get_logger)                                    : $$$$$$$$$$$$$$  Logger 'cif_modifier........' initialized  $$$$$$$$$$$$$$
05/25 11:00 [INFO] cif_modifier (<module>)                                       : Logger loaded
05/25 11:00 [INFO] cshmd.structure (__init__)                                    : L060.cif was loaded
05/25 11:00 [DEBUG] cshmd.analysis (__init__)                                    : [Structure] Now new data setted for get Bonds
05/25 11:00 [DEBUG] cshmd.analysis (__del_bond__)                                : del -> Si_O O_H H_O Ca_O C_O BO NBO
05/25 11:00 [DEBUG] cshmd.analysis (__initialize_mole__)                         : initalize -> H2O SiO4 OH CO3 CO2 H3O
05/25 11:00 [DEBUG] cshmd.analysis (__initialize_mole__)                         : initalize -> SiOH CaOH HCO3 H2CO3 H3CO3
05/25 11:00 [DEBUG] cshmd.analysis (find_bond)                                   : find_bond O - H rcut -> 1.2
05/25 11:00 [DEBUG] cshmd.common (time_wrapper)                                  : [RUNTIME] get_distance_table in 0.636 seconds
05/25 11:00 [DEBUG] cshmd.analysis (get_mole)                                    : get_mole O - H -> nbonds: 2
05/25 11:00 [DEBUG] cshmd.analysis (find_bond)                                   : find_bond Si - O rcut -> 2.3
05/25 11:00 [DEBUG] cshmd.common (time_wrapper)                                  : [RUNTIME] get_distance_table in 0.328 seconds
05/25 11:00 [DEBUG] cshmd.analysis (get_mole)                                    : get_mole Si - O -> nbonds: 4
05/25 11:00 [DEBUG] cshmd.analysis (get_mole)                                    : get_mole O - H -> nbonds: 1
05/25 11:00 [DEBUG] cshmd.analysis (find_bond)                                   : find_bond C - O rcut -> 1.6
05/25 11:00 [DEBUG] cshmd.analysis (get_mole)                                    : get_mole C - O -> nbonds: 3
05/25 11:00 [DEBUG] cshmd.analysis (get_mole)                                    : get_mole O - H -> nbonds: 3
05/25 11:00 [DEBUG] cshmd.analysis (find_bond)                                   : find_bond Ca - O rcut -> 3.0
05/25 11:00 [DEBUG] cshmd.common (time_wrapper)                                  : [RUNTIME] get_distance_table in 0.309 seconds
05/25 11:00 [DEBUG] cshmd.analysis (search_basic)                                : Basic search result -> H2O: 576, SiO4: 656, OH: 272, CO3: 0, H3O: 0, Ca_O: 4036
05/25 11:00 [DEBUG] cshmd.analysis (full_search)                                 : Search layer details
05/25 11:00 [DEBUG] cshmd.analysis (set_layer_boundary)                          : Set layer boundary -> 0.24344102250000055 - 0.7445715765749975
05/25 11:00 [DEBUG] cshmd.analysis (find_bond)                                   : find_bond Ca - O rcut -> 2.6
05/25 11:00 [DEBUG] cshmd.analysis (find_bond)                                   : find_bond Ca - O rcut -> 3.1
05/25 11:00 [DEBUG] cshmd.analysis (find_bond)                                   : find_bond Ca - O rcut -> 5.2
05/25 11:00 [DEBUG] cshmd.analysis (_anal_surface_co3_adsorption)                : No 'C' in system
05/25 11:00 [DEBUG] cshmd.analysis (__detail_search_oh_co3)                      : No CO3 in basic search
05/25 11:00 [DEBUG] cshmd.analysis (__detail_search_oh_sioh)                     : Searching 'OH' in 'SiO4
05/25 11:00 [DEBUG] cshmd.analysis (__detail_search_oh_caoh)                     : Searching 'OH' in 'CaOH
05/25 11:00 [DEBUG] cshmd.analysis (find_bond)                                   : find_bond O - H rcut -> 1.15
05/25 11:00 [DEBUG] cshmd.analysis (get_mole)                                    : get_mole O - H -> nbonds: 1
05/25 11:00 [DEBUG] cshmd.analysis (get_mole)                                    : get_mole O - H -> nbonds: 2
05/25 11:00 [DEBUG] cshmd.analysis (find_bond)                                   : find_bond C - O rcut -> 1.4
05/25 11:00 [DEBUG] cshmd.analysis (get_mole)                                    : get_mole C - O -> nbonds: 3
05/25 11:00 [DEBUG] cshmd.analysis (find_bond)                                   : find_bond Si - O rcut -> 1.8
05/25 11:00 [DEBUG] cshmd.analysis (get_mole)                                    : get_mole Si - O -> nbonds: 4
05/25 11:00 [INFO] cshmd.functions (cal_uniform_by_space)                        : Number of molecules to add : 2678
05/25 11:00 [INFO] cshmd.functions (cal_uniform_by_space)                        : Number of atoms per surface : 272
05/25 11:00 [INFO] cshmd.functions (cal_uniform_by_space)                        : Number of layer : 10
05/25 11:00 [INFO] cshmd.structure (extendLattice)                               : Extend lattice 53.882 59.402 27.924 -> 53.882 59.402 45.924 
05/25 11:00 [INFO] cif_modifier (exec_make_interface)                            : MODE -> distribution
05/25 11:00 [INFO] cif_modifier (exec_make_interface)                            : Number of atoms: 5480 -> 13514
05/25 11:00 [INFO] cshmd.structure (labeling_by_clayff)                          : Now get label according to 'Clayff' style
05/25 11:00 [DEBUG] cshmd.analysis (get_mole)                                    : get_mole O - H -> nbonds: 1
05/25 11:00 [DEBUG] cshmd.analysis (get_mole)                                    : get_mole O - H -> nbonds: 2
05/25 11:00 [DEBUG] cshmd.analysis (get_mole)                                    : get_mole Si - O -> nbonds: 4
05/25 11:00 [DEBUG] cshmd.analysis (get_mole)                                    : get_mole C - O -> nbonds: 3
05/25 11:00 [INFO] cshmd.structure (labeling_by_clayff)                          : All atoms labeled by clayff
05/25 11:00 [INFO] cshmd.structure (labeling_by_clayff)                          : Clayff charge: 0.000
05/25 11:00 [INFO] cshmd.structure (writeCif)                                    : L060_w2750_c50.cif was created
05/25 11:00 [INFO] cif_modifier (__init__)                                       : Total charge: 0 -> 0
05/25 11:00 [DEBUG] cshmd.common (get_logger)                                    : $$$$$$$$$$$$$$  Logger 'cshmd.common........' initialized  $$$$$$$$$$$$$$
05/25 11:00 [DEBUG] cshmd.functions (get_logger)                                 : $$$$$$$$$$$$$$  Logger 'cshmd.functions.....' initialized  $$$$$$$$$$$$$$
05/25 11:00 [DEBUG] cshmd.load (get_logger)                                      : $$$$$$$$$$$$$$  Logger 'cshmd.load..........' initialized  $$$$$$$$$$$$$$
05/25 11:00 [DEBUG] cshmd.analysis (get_logger)                                  : $$$$$$$$$$$$$$  Logger 'cshmd.analysis......' initialized  $$$$$$$$$$$$$$
05/25 11:00 [DEBUG] cshmd.equation (get_logger)                                  : $$$$$$$$$$$$$$  Logger 'cshmd.equation......' initialized  $$$$$$$$$$$$$$
05/25 11:00 [DEBUG] cshmd.structure (get_logger)                                 : $$$$$$$$$$$$$$  Logger 'cshmd.structure.....' initialized  $$$$$$$$$$$$$$
05/25 11:00 [DEBUG] cshmd.builder (get_logger)                                   : $$$$$$$$$$$$$$  Logger 'cshmd.builder.......' initialized  $$$$$$$$$$$$$$
05/25 11:00 [DEBUG] cshmd.trj_analysis (get_logger)                              : $$$$$$$$$$$$$$  Logger 'cshmd.trj_analysis..' initialized  $$$$$$$$$$$$$$
05/25 11:00 [DEBUG] cif_modifier (get_logger)                                    : $$$$$$$$$$$$$$  Logger 'cif_modifier........' initialized  $$$$$$$$$$$$$$
05/25 11:00 [INFO] cif_modifier (<module>)                                       : Logger loaded
05/25 11:00 [INFO] cshmd.structure (__init__)                                    : L070.cif was loaded
05/25 11:00 [DEBUG] cshmd.analysis (__init__)                                    : [Structure] Now new data setted for get Bonds
05/25 11:00 [DEBUG] cshmd.analysis (__del_bond__)                                : del -> Si_O O_H H_O Ca_O C_O BO NBO
05/25 11:00 [DEBUG] cshmd.analysis (__initialize_mole__)                         : initalize -> H2O SiO4 OH CO3 CO2 H3O
05/25 11:00 [DEBUG] cshmd.analysis (__initialize_mole__)                         : initalize -> SiOH CaOH HCO3 H2CO3 H3CO3
05/25 11:00 [DEBUG] cshmd.analysis (find_bond)                                   : find_bond O - H rcut -> 1.2
05/25 11:00 [DEBUG] cshmd.common (time_wrapper)                                  : [RUNTIME] get_distance_table in 0.707 seconds
05/25 11:00 [DEBUG] cshmd.analysis (get_mole)                                    : get_mole O - H -> nbonds: 2
05/25 11:00 [DEBUG] cshmd.analysis (find_bond)                                   : find_bond Si - O rcut -> 2.3
05/25 11:00 [DEBUG] cshmd.common (time_wrapper)                                  : [RUNTIME] get_distance_table in 0.343 seconds
05/25 11:00 [DEBUG] cshmd.analysis (get_mole)                                    : get_mole Si - O -> nbonds: 4
05/25 11:00 [DEBUG] cshmd.analysis (get_mole)                                    : get_mole O - H -> nbonds: 1
05/25 11:00 [DEBUG] cshmd.analysis (find_bond)                                   : find_bond C - O rcut -> 1.6
05/25 11:00 [DEBUG] cshmd.analysis (get_mole)                                    : get_mole C - O -> nbonds: 3
05/25 11:00 [DEBUG] cshmd.analysis (get_mole)                                    : get_mole O - H -> nbonds: 3
05/25 11:00 [DEBUG] cshmd.analysis (find_bond)                                   : find_bond Ca - O rcut -> 3.0
05/25 11:00 [DEBUG] cshmd.common (time_wrapper)                                  : [RUNTIME] get_distance_table in 0.343 seconds
05/25 11:00 [DEBUG] cshmd.analysis (search_basic)                                : Basic search result -> H2O: 576, SiO4: 672, OH: 288, CO3: 0, H3O: 0, Ca_O: 4008
05/25 11:00 [DEBUG] cshmd.analysis (full_search)                                 : Search layer details
05/25 11:00 [DEBUG] cshmd.analysis (set_layer_boundary)                          : Set layer boundary -> 0.24344102250000055 - 0.7445715765749975
05/25 11:00 [DEBUG] cshmd.analysis (find_bond)                                   : find_bond Ca - O rcut -> 2.6
05/25 11:00 [DEBUG] cshmd.analysis (find_bond)                                   : find_bond Ca - O rcut -> 3.1
05/25 11:00 [DEBUG] cshmd.analysis (find_bond)                                   : find_bond Ca - O rcut -> 5.2
05/25 11:00 [DEBUG] cshmd.analysis (_anal_surface_co3_adsorption)                : No 'C' in system
05/25 11:00 [DEBUG] cshmd.analysis (__detail_search_oh_co3)                      : No CO3 in basic search
05/25 11:00 [DEBUG] cshmd.analysis (__detail_search_oh_sioh)                     : Searching 'OH' in 'SiO4
05/25 11:00 [DEBUG] cshmd.analysis (__detail_search_oh_caoh)                     : Searching 'OH' in 'CaOH
05/25 11:00 [DEBUG] cshmd.analysis (find_bond)                                   : find_bond O - H rcut -> 1.15
05/25 11:00 [DEBUG] cshmd.analysis (get_mole)                                    : get_mole O - H -> nbonds: 1
05/25 11:00 [DEBUG] cshmd.analysis (get_mole)                                    : get_mole O - H -> nbonds: 2
05/25 11:00 [DEBUG] cshmd.analysis (find_bond)                                   : find_bond C - O rcut -> 1.4
05/25 11:00 [DEBUG] cshmd.analysis (get_mole)                                    : get_mole C - O -> nbonds: 3
05/25 11:00 [DEBUG] cshmd.analysis (find_bond)                                   : find_bond Si - O rcut -> 1.8
05/25 11:00 [DEBUG] cshmd.analysis (get_mole)                                    : get_mole Si - O -> nbonds: 4
05/25 11:00 [INFO] cshmd.functions (cal_uniform_by_space)                        : Number of molecules to add : 2678
05/25 11:00 [INFO] cshmd.functions (cal_uniform_by_space)                        : Number of atoms per surface : 272
05/25 11:00 [INFO] cshmd.functions (cal_uniform_by_space)                        : Number of layer : 10
05/25 11:00 [INFO] cshmd.structure (extendLattice)                               : Extend lattice 53.882 59.402 27.924 -> 53.882 59.402 45.924 
05/25 11:00 [INFO] cif_modifier (exec_make_interface)                            : MODE -> distribution
05/25 11:00 [INFO] cif_modifier (exec_make_interface)                            : Number of atoms: 5520 -> 13554
05/25 11:00 [INFO] cshmd.structure (labeling_by_clayff)                          : Now get label according to 'Clayff' style
05/25 11:00 [DEBUG] cshmd.analysis (get_mole)                                    : get_mole O - H -> nbonds: 1
05/25 11:00 [DEBUG] cshmd.analysis (get_mole)                                    : get_mole O - H -> nbonds: 2
05/25 11:00 [DEBUG] cshmd.analysis (get_mole)                                    : get_mole Si - O -> nbonds: 4
05/25 11:00 [DEBUG] cshmd.analysis (get_mole)                                    : get_mole C - O -> nbonds: 3
05/25 11:00 [INFO] cshmd.structure (labeling_by_clayff)                          : All atoms labeled by clayff
05/25 11:00 [INFO] cshmd.structure (labeling_by_clayff)                          : Clayff charge: 0.000
05/25 11:00 [INFO] cshmd.structure (writeCif)                                    : L070_w2750_c50.cif was created
05/25 11:00 [INFO] cif_modifier (__init__)                                       : Total charge: 0 -> 0
05/25 11:00 [DEBUG] cshmd.common (get_logger)                                    : $$$$$$$$$$$$$$  Logger 'cshmd.common........' initialized  $$$$$$$$$$$$$$
05/25 11:00 [DEBUG] cshmd.functions (get_logger)                                 : $$$$$$$$$$$$$$  Logger 'cshmd.functions.....' initialized  $$$$$$$$$$$$$$
05/25 11:00 [DEBUG] cshmd.load (get_logger)                                      : $$$$$$$$$$$$$$  Logger 'cshmd.load..........' initialized  $$$$$$$$$$$$$$
05/25 11:00 [DEBUG] cshmd.analysis (get_logger)                                  : $$$$$$$$$$$$$$  Logger 'cshmd.analysis......' initialized  $$$$$$$$$$$$$$
05/25 11:00 [DEBUG] cshmd.equation (get_logger)                                  : $$$$$$$$$$$$$$  Logger 'cshmd.equation......' initialized  $$$$$$$$$$$$$$
05/25 11:00 [DEBUG] cshmd.structure (get_logger)                                 : $$$$$$$$$$$$$$  Logger 'cshmd.structure.....' initialized  $$$$$$$$$$$$$$
05/25 11:00 [DEBUG] cshmd.builder (get_logger)                                   : $$$$$$$$$$$$$$  Logger 'cshmd.builder.......' initialized  $$$$$$$$$$$$$$
05/25 11:00 [DEBUG] cshmd.trj_analysis (get_logger)                              : $$$$$$$$$$$$$$  Logger 'cshmd.trj_analysis..' initialized  $$$$$$$$$$$$$$
05/25 11:00 [DEBUG] cif_modifier (get_logger)                                    : $$$$$$$$$$$$$$  Logger 'cif_modifier........' initialized  $$$$$$$$$$$$$$
05/25 11:00 [INFO] cif_modifier (<module>)                                       : Logger loaded
05/25 11:00 [INFO] cshmd.structure (__init__)                                    : L080.cif was loaded
05/25 11:00 [DEBUG] cshmd.analysis (__init__)                                    : [Structure] Now new data setted for get Bonds
05/25 11:00 [DEBUG] cshmd.analysis (__del_bond__)                                : del -> Si_O O_H H_O Ca_O C_O BO NBO
05/25 11:00 [DEBUG] cshmd.analysis (__initialize_mole__)                         : initalize -> H2O SiO4 OH CO3 CO2 H3O
05/25 11:00 [DEBUG] cshmd.analysis (__initialize_mole__)                         : initalize -> SiOH CaOH HCO3 H2CO3 H3CO3
05/25 11:00 [DEBUG] cshmd.analysis (find_bond)                                   : find_bond O - H rcut -> 1.2
05/25 11:00 [DEBUG] cshmd.common (time_wrapper)                                  : [RUNTIME] get_distance_table in 0.680 seconds
05/25 11:00 [DEBUG] cshmd.analysis (get_mole)                                    : get_mole O - H -> nbonds: 2
05/25 11:00 [DEBUG] cshmd.analysis (find_bond)                                   : find_bond Si - O rcut -> 2.3
05/25 11:00 [DEBUG] cshmd.common (time_wrapper)                                  : [RUNTIME] get_distance_table in 0.333 seconds
05/25 11:00 [DEBUG] cshmd.analysis (get_mole)                                    : get_mole Si - O -> nbonds: 4
05/25 11:00 [DEBUG] cshmd.analysis (get_mole)                                    : get_mole O - H -> nbonds: 1
05/25 11:00 [DEBUG] cshmd.analysis (find_bond)                                   : find_bond C - O rcut -> 1.6
05/25 11:00 [DEBUG] cshmd.analysis (get_mole)                                    : get_mole C - O -> nbonds: 3
05/25 11:00 [DEBUG] cshmd.analysis (get_mole)                                    : get_mole O - H -> nbonds: 3
05/25 11:00 [DEBUG] cshmd.analysis (find_bond)                                   : find_bond Ca - O rcut -> 3.0
05/25 11:00 [DEBUG] cshmd.common (time_wrapper)                                  : [RUNTIME] get_distance_table in 0.302 seconds
05/25 11:00 [DEBUG] cshmd.analysis (search_basic)                                : Basic search result -> H2O: 576, SiO4: 680, OH: 296, CO3: 0, H3O: 0, Ca_O: 3994
05/25 11:00 [DEBUG] cshmd.analysis (full_search)                                 : Search layer details
05/25 11:00 [DEBUG] cshmd.analysis (set_layer_boundary)                          : Set layer boundary -> 0.24344102250000055 - 0.7445715765749975
05/25 11:00 [DEBUG] cshmd.analysis (find_bond)                                   : find_bond Ca - O rcut -> 2.6
05/25 11:00 [DEBUG] cshmd.analysis (find_bond)                                   : find_bond Ca - O rcut -> 3.1
05/25 11:00 [DEBUG] cshmd.analysis (find_bond)                                   : find_bond Ca - O rcut -> 5.2
05/25 11:00 [DEBUG] cshmd.analysis (_anal_surface_co3_adsorption)                : No 'C' in system
05/25 11:00 [DEBUG] cshmd.analysis (__detail_search_oh_co3)                      : No CO3 in basic search
05/25 11:00 [DEBUG] cshmd.analysis (__detail_search_oh_sioh)                     : Searching 'OH' in 'SiO4
05/25 11:00 [DEBUG] cshmd.analysis (__detail_search_oh_caoh)                     : Searching 'OH' in 'CaOH
05/25 11:00 [DEBUG] cshmd.analysis (find_bond)                                   : find_bond O - H rcut -> 1.15
05/25 11:00 [DEBUG] cshmd.analysis (get_mole)                                    : get_mole O - H -> nbonds: 1
05/25 11:00 [DEBUG] cshmd.analysis (get_mole)                                    : get_mole O - H -> nbonds: 2
05/25 11:00 [DEBUG] cshmd.analysis (find_bond)                                   : find_bond C - O rcut -> 1.4
05/25 11:00 [DEBUG] cshmd.analysis (get_mole)                                    : get_mole C - O -> nbonds: 3
05/25 11:00 [DEBUG] cshmd.analysis (find_bond)                                   : find_bond Si - O rcut -> 1.8
05/25 11:00 [DEBUG] cshmd.analysis (get_mole)                                    : get_mole Si - O -> nbonds: 4
05/25 11:00 [INFO] cshmd.functions (cal_uniform_by_space)                        : Number of molecules to add : 2678
05/25 11:00 [INFO] cshmd.functions (cal_uniform_by_space)                        : Number of atoms per surface : 272
05/25 11:00 [INFO] cshmd.functions (cal_uniform_by_space)                        : Number of layer : 10
05/25 11:00 [INFO] cshmd.structure (extendLattice)                               : Extend lattice 53.882 59.402 27.924 -> 53.882 59.402 45.924 
05/25 11:00 [INFO] cif_modifier (exec_make_interface)                            : MODE -> distribution
05/25 11:00 [INFO] cif_modifier (exec_make_interface)                            : Number of atoms: 5540 -> 13574
05/25 11:00 [INFO] cshmd.structure (labeling_by_clayff)                          : Now get label according to 'Clayff' style
05/25 11:00 [DEBUG] cshmd.analysis (get_mole)                                    : get_mole O - H -> nbonds: 1
05/25 11:00 [DEBUG] cshmd.analysis (get_mole)                                    : get_mole O - H -> nbonds: 2
05/25 11:00 [DEBUG] cshmd.analysis (get_mole)                                    : get_mole Si - O -> nbonds: 4
05/25 11:00 [DEBUG] cshmd.analysis (get_mole)                                    : get_mole C - O -> nbonds: 3
05/25 11:00 [INFO] cshmd.structure (labeling_by_clayff)                          : All atoms labeled by clayff
05/25 11:00 [INFO] cshmd.structure (labeling_by_clayff)                          : Clayff charge: -0.000
05/25 11:00 [INFO] cshmd.structure (writeCif)                                    : L080_w2750_c50.cif was created
05/25 11:00 [INFO] cif_modifier (__init__)                                       : Total charge: 0 -> 0
05/25 11:00 [DEBUG] cshmd.common (get_logger)                                    : $$$$$$$$$$$$$$  Logger 'cshmd.common........' initialized  $$$$$$$$$$$$$$
05/25 11:00 [DEBUG] cshmd.functions (get_logger)                                 : $$$$$$$$$$$$$$  Logger 'cshmd.functions.....' initialized  $$$$$$$$$$$$$$
05/25 11:00 [DEBUG] cshmd.load (get_logger)                                      : $$$$$$$$$$$$$$  Logger 'cshmd.load..........' initialized  $$$$$$$$$$$$$$
05/25 11:00 [DEBUG] cshmd.analysis (get_logger)                                  : $$$$$$$$$$$$$$  Logger 'cshmd.analysis......' initialized  $$$$$$$$$$$$$$
05/25 11:00 [DEBUG] cshmd.equation (get_logger)                                  : $$$$$$$$$$$$$$  Logger 'cshmd.equation......' initialized  $$$$$$$$$$$$$$
05/25 11:00 [DEBUG] cshmd.structure (get_logger)                                 : $$$$$$$$$$$$$$  Logger 'cshmd.structure.....' initialized  $$$$$$$$$$$$$$
05/25 11:00 [DEBUG] cshmd.builder (get_logger)                                   : $$$$$$$$$$$$$$  Logger 'cshmd.builder.......' initialized  $$$$$$$$$$$$$$
05/25 11:00 [DEBUG] cshmd.trj_analysis (get_logger)                              : $$$$$$$$$$$$$$  Logger 'cshmd.trj_analysis..' initialized  $$$$$$$$$$$$$$
05/25 11:00 [DEBUG] cif_modifier (get_logger)                                    : $$$$$$$$$$$$$$  Logger 'cif_modifier........' initialized  $$$$$$$$$$$$$$
05/25 11:00 [INFO] cif_modifier (<module>)                                       : Logger loaded
05/25 11:00 [INFO] cshmd.structure (__init__)                                    : L100.cif was loaded
05/25 11:00 [DEBUG] cshmd.analysis (__init__)                                    : [Structure] Now new data setted for get Bonds
05/25 11:00 [DEBUG] cshmd.analysis (__del_bond__)                                : del -> Si_O O_H H_O Ca_O C_O BO NBO
05/25 11:00 [DEBUG] cshmd.analysis (__initialize_mole__)                         : initalize -> H2O SiO4 OH CO3 CO2 H3O
05/25 11:00 [DEBUG] cshmd.analysis (__initialize_mole__)                         : initalize -> SiOH CaOH HCO3 H2CO3 H3CO3
05/25 11:00 [DEBUG] cshmd.analysis (find_bond)                                   : find_bond O - H rcut -> 1.2
05/25 11:00 [DEBUG] cshmd.common (time_wrapper)                                  : [RUNTIME] get_distance_table in 0.657 seconds
05/25 11:00 [DEBUG] cshmd.analysis (get_mole)                                    : get_mole O - H -> nbonds: 2
05/25 11:00 [DEBUG] cshmd.analysis (find_bond)                                   : find_bond Si - O rcut -> 2.3
05/25 11:00 [DEBUG] cshmd.common (time_wrapper)                                  : [RUNTIME] get_distance_table in 0.389 seconds
05/25 11:00 [DEBUG] cshmd.analysis (get_mole)                                    : get_mole Si - O -> nbonds: 4
05/25 11:00 [DEBUG] cshmd.analysis (get_mole)                                    : get_mole O - H -> nbonds: 1
05/25 11:00 [DEBUG] cshmd.analysis (find_bond)                                   : find_bond C - O rcut -> 1.6
05/25 11:00 [DEBUG] cshmd.analysis (get_mole)                                    : get_mole C - O -> nbonds: 3
05/25 11:00 [DEBUG] cshmd.analysis (get_mole)                                    : get_mole O - H -> nbonds: 3
05/25 11:00 [DEBUG] cshmd.analysis (find_bond)                                   : find_bond Ca - O rcut -> 3.0
05/25 11:00 [DEBUG] cshmd.common (time_wrapper)                                  : [RUNTIME] get_distance_table in 0.324 seconds
05/25 11:00 [DEBUG] cshmd.analysis (search_basic)                                : Basic search result -> H2O: 576, SiO4: 696, OH: 312, CO3: 0, H3O: 0, Ca_O: 3966
05/25 11:00 [DEBUG] cshmd.analysis (full_search)                                 : Search layer details
05/25 11:00 [DEBUG] cshmd.analysis (set_layer_boundary)                          : Set layer boundary -> 0.24344102250000055 - 0.7445715765749975
05/25 11:00 [DEBUG] cshmd.analysis (find_bond)                                   : find_bond Ca - O rcut -> 2.6
05/25 11:00 [DEBUG] cshmd.analysis (find_bond)                                   : find_bond Ca - O rcut -> 3.1
05/25 11:00 [DEBUG] cshmd.analysis (find_bond)                                   : find_bond Ca - O rcut -> 5.2
05/25 11:00 [DEBUG] cshmd.analysis (_anal_surface_co3_adsorption)                : No 'C' in system
05/25 11:00 [DEBUG] cshmd.analysis (__detail_search_oh_co3)                      : No CO3 in basic search
05/25 11:00 [DEBUG] cshmd.analysis (__detail_search_oh_sioh)                     : Searching 'OH' in 'SiO4
05/25 11:00 [DEBUG] cshmd.analysis (__detail_search_oh_caoh)                     : Searching 'OH' in 'CaOH
05/25 11:00 [DEBUG] cshmd.analysis (find_bond)                                   : find_bond O - H rcut -> 1.15
05/25 11:00 [DEBUG] cshmd.analysis (get_mole)                                    : get_mole O - H -> nbonds: 1
05/25 11:00 [DEBUG] cshmd.analysis (get_mole)                                    : get_mole O - H -> nbonds: 2
05/25 11:00 [DEBUG] cshmd.analysis (find_bond)                                   : find_bond C - O rcut -> 1.4
05/25 11:00 [DEBUG] cshmd.analysis (get_mole)                                    : get_mole C - O -> nbonds: 3
05/25 11:00 [DEBUG] cshmd.analysis (find_bond)                                   : find_bond Si - O rcut -> 1.8
05/25 11:00 [DEBUG] cshmd.analysis (get_mole)                                    : get_mole Si - O -> nbonds: 4
05/25 11:00 [INFO] cshmd.functions (cal_uniform_by_space)                        : Number of molecules to add : 2678
05/25 11:00 [INFO] cshmd.functions (cal_uniform_by_space)                        : Number of atoms per surface : 272
05/25 11:00 [INFO] cshmd.functions (cal_uniform_by_space)                        : Number of layer : 10
05/25 11:00 [INFO] cshmd.structure (extendLattice)                               : Extend lattice 53.882 59.402 27.924 -> 53.882 59.402 45.924 
05/25 11:00 [INFO] cif_modifier (exec_make_interface)                            : MODE -> distribution
05/25 11:00 [INFO] cif_modifier (exec_make_interface)                            : Number of atoms: 5580 -> 13614
05/25 11:00 [INFO] cshmd.structure (labeling_by_clayff)                          : Now get label according to 'Clayff' style
05/25 11:00 [DEBUG] cshmd.analysis (get_mole)                                    : get_mole O - H -> nbonds: 1
05/25 11:00 [DEBUG] cshmd.analysis (get_mole)                                    : get_mole O - H -> nbonds: 2
05/25 11:00 [DEBUG] cshmd.analysis (get_mole)                                    : get_mole Si - O -> nbonds: 4
05/25 11:00 [DEBUG] cshmd.analysis (get_mole)                                    : get_mole C - O -> nbonds: 3
05/25 11:00 [INFO] cshmd.structure (labeling_by_clayff)                          : All atoms labeled by clayff
05/25 11:00 [INFO] cshmd.structure (labeling_by_clayff)                          : Clayff charge: 0.000
05/25 11:00 [INFO] cshmd.structure (writeCif)                                    : L100_w2750_c50.cif was created
05/25 11:00 [INFO] cif_modifier (__init__)                                       : Total charge: 0 -> 0
05/25 11:00 [DEBUG] cshmd.common (get_logger)                                    : $$$$$$$$$$$$$$  Logger 'cshmd.common........' initialized  $$$$$$$$$$$$$$
05/25 11:00 [DEBUG] cshmd.functions (get_logger)                                 : $$$$$$$$$$$$$$  Logger 'cshmd.functions.....' initialized  $$$$$$$$$$$$$$
05/25 11:00 [DEBUG] cshmd.load (get_logger)                                      : $$$$$$$$$$$$$$  Logger 'cshmd.load..........' initialized  $$$$$$$$$$$$$$
05/25 11:00 [DEBUG] cshmd.analysis (get_logger)                                  : $$$$$$$$$$$$$$  Logger 'cshmd.analysis......' initialized  $$$$$$$$$$$$$$
05/25 11:00 [DEBUG] cshmd.equation (get_logger)                                  : $$$$$$$$$$$$$$  Logger 'cshmd.equation......' initialized  $$$$$$$$$$$$$$
05/25 11:00 [DEBUG] cshmd.structure (get_logger)                                 : $$$$$$$$$$$$$$  Logger 'cshmd.structure.....' initialized  $$$$$$$$$$$$$$
05/25 11:00 [DEBUG] cshmd.builder (get_logger)                                   : $$$$$$$$$$$$$$  Logger 'cshmd.builder.......' initialized  $$$$$$$$$$$$$$
05/25 11:00 [DEBUG] cshmd.trj_analysis (get_logger)                              : $$$$$$$$$$$$$$  Logger 'cshmd.trj_analysis..' initialized  $$$$$$$$$$$$$$
05/25 11:00 [DEBUG] cif_modifier (get_logger)                                    : $$$$$$$$$$$$$$  Logger 'cif_modifier........' initialized  $$$$$$$$$$$$$$
05/25 11:00 [INFO] cif_modifier (<module>)                                       : Logger loaded
05/25 11:00 [INFO] cshmd.structure (__init__)                                    : L120.cif was loaded
05/25 11:00 [DEBUG] cshmd.analysis (__init__)                                    : [Structure] Now new data setted for get Bonds
05/25 11:00 [DEBUG] cshmd.analysis (__del_bond__)                                : del -> Si_O O_H H_O Ca_O C_O BO NBO
05/25 11:00 [DEBUG] cshmd.analysis (__initialize_mole__)                         : initalize -> H2O SiO4 OH CO3 CO2 H3O
05/25 11:00 [DEBUG] cshmd.analysis (__initialize_mole__)                         : initalize -> SiOH CaOH HCO3 H2CO3 H3CO3
05/25 11:00 [DEBUG] cshmd.analysis (find_bond)                                   : find_bond O - H rcut -> 1.2
05/25 11:00 [DEBUG] cshmd.common (time_wrapper)                                  : [RUNTIME] get_distance_table in 0.998 seconds
05/25 11:00 [DEBUG] cshmd.analysis (get_mole)                                    : get_mole O - H -> nbonds: 2
05/25 11:00 [DEBUG] cshmd.analysis (find_bond)                                   : find_bond Si - O rcut -> 2.3
05/25 11:00 [DEBUG] cshmd.common (time_wrapper)                                  : [RUNTIME] get_distance_table in 0.451 seconds
05/25 11:00 [DEBUG] cshmd.analysis (get_mole)                                    : get_mole Si - O -> nbonds: 4
05/25 11:00 [DEBUG] cshmd.analysis (get_mole)                                    : get_mole O - H -> nbonds: 1
05/25 11:00 [DEBUG] cshmd.analysis (find_bond)                                   : find_bond C - O rcut -> 1.6
05/25 11:00 [DEBUG] cshmd.analysis (get_mole)                                    : get_mole C - O -> nbonds: 3
05/25 11:00 [DEBUG] cshmd.analysis (get_mole)                                    : get_mole O - H -> nbonds: 3
05/25 11:00 [DEBUG] cshmd.analysis (find_bond)                                   : find_bond Ca - O rcut -> 3.0
05/25 11:00 [DEBUG] cshmd.common (time_wrapper)                                  : [RUNTIME] get_distance_table in 0.355 seconds
05/25 11:00 [DEBUG] cshmd.analysis (search_basic)                                : Basic search result -> H2O: 576, SiO4: 708, OH: 324, CO3: 0, H3O: 0, Ca_O: 3945
05/25 11:00 [DEBUG] cshmd.analysis (full_search)                                 : Search layer details
05/25 11:00 [DEBUG] cshmd.analysis (set_layer_boundary)                          : Set layer boundary -> 0.24344102250000055 - 0.7445715765749975
05/25 11:00 [DEBUG] cshmd.analysis (find_bond)                                   : find_bond Ca - O rcut -> 2.6
05/25 11:00 [DEBUG] cshmd.analysis (find_bond)                                   : find_bond Ca - O rcut -> 3.1
05/25 11:00 [DEBUG] cshmd.analysis (find_bond)                                   : find_bond Ca - O rcut -> 5.2
05/25 11:00 [DEBUG] cshmd.analysis (_anal_surface_co3_adsorption)                : No 'C' in system
05/25 11:00 [DEBUG] cshmd.analysis (__detail_search_oh_co3)                      : No CO3 in basic search
05/25 11:00 [DEBUG] cshmd.analysis (__detail_search_oh_sioh)                     : Searching 'OH' in 'SiO4
05/25 11:00 [DEBUG] cshmd.analysis (__detail_search_oh_caoh)                     : Searching 'OH' in 'CaOH
05/25 11:00 [DEBUG] cshmd.analysis (find_bond)                                   : find_bond O - H rcut -> 1.15
05/25 11:00 [DEBUG] cshmd.analysis (get_mole)                                    : get_mole O - H -> nbonds: 1
05/25 11:00 [DEBUG] cshmd.analysis (get_mole)                                    : get_mole O - H -> nbonds: 2
05/25 11:00 [DEBUG] cshmd.analysis (find_bond)                                   : find_bond C - O rcut -> 1.4
05/25 11:00 [DEBUG] cshmd.analysis (get_mole)                                    : get_mole C - O -> nbonds: 3
05/25 11:00 [DEBUG] cshmd.analysis (find_bond)                                   : find_bond Si - O rcut -> 1.8
05/25 11:00 [DEBUG] cshmd.analysis (get_mole)                                    : get_mole Si - O -> nbonds: 4
05/25 11:00 [INFO] cshmd.functions (cal_uniform_by_space)                        : Number of molecules to add : 2678
05/25 11:00 [INFO] cshmd.functions (cal_uniform_by_space)                        : Number of atoms per surface : 272
05/25 11:00 [INFO] cshmd.functions (cal_uniform_by_space)                        : Number of layer : 10
05/25 11:00 [INFO] cshmd.structure (extendLattice)                               : Extend lattice 53.882 59.402 27.924 -> 53.882 59.402 45.924 
05/25 11:00 [INFO] cif_modifier (exec_make_interface)                            : MODE -> distribution
05/25 11:00 [INFO] cif_modifier (exec_make_interface)                            : Number of atoms: 5610 -> 13644
05/25 11:00 [INFO] cshmd.structure (labeling_by_clayff)                          : Now get label according to 'Clayff' style
05/25 11:00 [DEBUG] cshmd.analysis (get_mole)                                    : get_mole O - H -> nbonds: 1
05/25 11:00 [DEBUG] cshmd.analysis (get_mole)                                    : get_mole O - H -> nbonds: 2
05/25 11:00 [DEBUG] cshmd.analysis (get_mole)                                    : get_mole Si - O -> nbonds: 4
05/25 11:00 [DEBUG] cshmd.analysis (get_mole)                                    : get_mole C - O -> nbonds: 3
05/25 11:00 [INFO] cshmd.structure (labeling_by_clayff)                          : All atoms labeled by clayff
05/25 11:00 [INFO] cshmd.structure (labeling_by_clayff)                          : Clayff charge: 0.000
05/25 11:00 [INFO] cshmd.structure (writeCif)                                    : L120_w2750_c50.cif was created
05/25 11:00 [INFO] cif_modifier (__init__)                                       : Total charge: 0 -> 0
05/25 11:02 [DEBUG] cshmd.common (get_logger)                                    : $$$$$$$$$$$$$$  Logger 'cshmd.common........' initialized  $$$$$$$$$$$$$$
05/25 11:02 [DEBUG] cshmd.functions (get_logger)                                 : $$$$$$$$$$$$$$  Logger 'cshmd.functions.....' initialized  $$$$$$$$$$$$$$
05/25 11:02 [DEBUG] cshmd.load (get_logger)                                      : $$$$$$$$$$$$$$  Logger 'cshmd.load..........' initialized  $$$$$$$$$$$$$$
05/25 11:02 [DEBUG] cshmd.analysis (get_logger)                                  : $$$$$$$$$$$$$$  Logger 'cshmd.analysis......' initialized  $$$$$$$$$$$$$$
05/25 11:02 [DEBUG] cshmd.equation (get_logger)                                  : $$$$$$$$$$$$$$  Logger 'cshmd.equation......' initialized  $$$$$$$$$$$$$$
05/25 11:02 [DEBUG] cshmd.structure (get_logger)                                 : $$$$$$$$$$$$$$  Logger 'cshmd.structure.....' initialized  $$$$$$$$$$$$$$
05/25 11:02 [DEBUG] cshmd.builder (get_logger)                                   : $$$$$$$$$$$$$$  Logger 'cshmd.builder.......' initialized  $$$$$$$$$$$$$$
05/25 11:02 [DEBUG] cshmd.trj_analysis (get_logger)                              : $$$$$$$$$$$$$$  Logger 'cshmd.trj_analysis..' initialized  $$$$$$$$$$$$$$
05/25 11:02 [DEBUG] cif_modifier (get_logger)                                    : $$$$$$$$$$$$$$  Logger 'cif_modifier........' initialized  $$$$$$$$$$$$$$
05/25 11:02 [INFO] cif_modifier (<module>)                                       : Logger loaded
05/25 11:02 [INFO] cshmd.structure (__init__)                                    : L020.cif was loaded
05/25 11:02 [DEBUG] cshmd.analysis (__init__)                                    : [Structure] Now new data setted for get Bonds
05/25 11:02 [DEBUG] cshmd.analysis (__del_bond__)                                : del -> Si_O O_H H_O Ca_O C_O BO NBO
05/25 11:02 [DEBUG] cshmd.analysis (__initialize_mole__)                         : initalize -> H2O SiO4 OH CO3 CO2 H3O
05/25 11:02 [DEBUG] cshmd.analysis (__initialize_mole__)                         : initalize -> SiOH CaOH HCO3 H2CO3 H3CO3
05/25 11:02 [DEBUG] cshmd.analysis (find_bond)                                   : find_bond O - H rcut -> 1.2
05/25 11:02 [DEBUG] cshmd.common (time_wrapper)                                  : [RUNTIME] get_distance_table in 1.120 seconds
05/25 11:02 [DEBUG] cshmd.analysis (get_mole)                                    : get_mole O - H -> nbonds: 2
05/25 11:02 [DEBUG] cshmd.analysis (find_bond)                                   : find_bond Si - O rcut -> 2.3
05/25 11:02 [DEBUG] cshmd.common (time_wrapper)                                  : [RUNTIME] get_distance_table in 0.248 seconds
05/25 11:02 [DEBUG] cshmd.analysis (get_mole)                                    : get_mole Si - O -> nbonds: 4
05/25 11:02 [DEBUG] cshmd.analysis (get_mole)                                    : get_mole O - H -> nbonds: 1
05/25 11:02 [DEBUG] cshmd.analysis (find_bond)                                   : find_bond C - O rcut -> 1.6
05/25 11:02 [DEBUG] cshmd.analysis (get_mole)                                    : get_mole C - O -> nbonds: 3
05/25 11:02 [DEBUG] cshmd.analysis (get_mole)                                    : get_mole O - H -> nbonds: 3
05/25 11:02 [DEBUG] cshmd.analysis (find_bond)                                   : find_bond Ca - O rcut -> 3.0
05/25 11:02 [DEBUG] cshmd.common (time_wrapper)                                  : [RUNTIME] get_distance_table in 0.396 seconds
05/25 11:02 [DEBUG] cshmd.analysis (search_basic)                                : Basic search result -> H2O: 576, SiO4: 512, OH: 128, CO3: 0, H3O: 0, Ca_O: 4288
05/25 11:02 [DEBUG] cshmd.analysis (full_search)                                 : Search layer details
05/25 11:02 [DEBUG] cshmd.analysis (set_layer_boundary)                          : Set layer boundary -> 0.24344102250000055 - 0.7445715765749975
05/25 11:02 [DEBUG] cshmd.analysis (find_bond)                                   : find_bond Ca - O rcut -> 2.6
05/25 11:02 [DEBUG] cshmd.analysis (find_bond)                                   : find_bond Ca - O rcut -> 3.1
05/25 11:02 [DEBUG] cshmd.analysis (find_bond)                                   : find_bond Ca - O rcut -> 5.2
05/25 11:02 [DEBUG] cshmd.analysis (_anal_surface_co3_adsorption)                : No 'C' in system
05/25 11:02 [DEBUG] cshmd.analysis (__detail_search_oh_co3)                      : No CO3 in basic search
05/25 11:02 [DEBUG] cshmd.analysis (__detail_search_oh_sioh)                     : Searching 'OH' in 'SiO4
05/25 11:02 [DEBUG] cshmd.analysis (__detail_search_oh_caoh)                     : Searching 'OH' in 'CaOH
05/25 11:02 [DEBUG] cshmd.analysis (find_bond)                                   : find_bond O - H rcut -> 1.15
05/25 11:02 [DEBUG] cshmd.analysis (get_mole)                                    : get_mole O - H -> nbonds: 1
05/25 11:02 [DEBUG] cshmd.analysis (get_mole)                                    : get_mole O - H -> nbonds: 2
05/25 11:02 [DEBUG] cshmd.analysis (find_bond)                                   : find_bond C - O rcut -> 1.4
05/25 11:02 [DEBUG] cshmd.analysis (get_mole)                                    : get_mole C - O -> nbonds: 3
05/25 11:02 [DEBUG] cshmd.analysis (find_bond)                                   : find_bond Si - O rcut -> 1.8
05/25 11:02 [DEBUG] cshmd.analysis (get_mole)                                    : get_mole Si - O -> nbonds: 4
05/25 11:02 [INFO] cshmd.functions (cal_uniform_by_space)                        : Number of molecules to add : 2678
05/25 11:02 [INFO] cshmd.functions (cal_uniform_by_space)                        : Number of atoms per surface : 272
05/25 11:02 [INFO] cshmd.functions (cal_uniform_by_space)                        : Number of layer : 10
05/25 11:02 [INFO] cshmd.structure (extendLattice)                               : Extend lattice 53.882 59.402 27.924 -> 53.882 59.402 45.924 
05/25 11:02 [INFO] cif_modifier (exec_make_interface)                            : MODE -> distribution
05/25 11:02 [INFO] cif_modifier (exec_make_interface)                            : Number of atoms: 5120 -> 13154
05/25 11:02 [INFO] cshmd.structure (labeling_by_clayff)                          : Now get label according to 'Clayff' style
05/25 11:02 [DEBUG] cshmd.analysis (get_mole)                                    : get_mole O - H -> nbonds: 1
05/25 11:02 [DEBUG] cshmd.analysis (get_mole)                                    : get_mole O - H -> nbonds: 2
05/25 11:02 [DEBUG] cshmd.analysis (get_mole)                                    : get_mole Si - O -> nbonds: 4
05/25 11:02 [DEBUG] cshmd.analysis (get_mole)                                    : get_mole C - O -> nbonds: 3
05/25 11:02 [INFO] cshmd.structure (labeling_by_clayff)                          : All atoms labeled by clayff
05/25 11:02 [INFO] cshmd.structure (labeling_by_clayff)                          : Clayff charge: 0.000
05/25 11:02 [INFO] cshmd.structure (writeCif)                                    : L020_w2750.cif was created
05/25 11:02 [INFO] cif_modifier (__init__)                                       : Total charge: 0 -> 0
05/25 11:02 [DEBUG] cshmd.common (get_logger)                                    : $$$$$$$$$$$$$$  Logger 'cshmd.common........' initialized  $$$$$$$$$$$$$$
05/25 11:02 [DEBUG] cshmd.functions (get_logger)                                 : $$$$$$$$$$$$$$  Logger 'cshmd.functions.....' initialized  $$$$$$$$$$$$$$
05/25 11:02 [DEBUG] cshmd.load (get_logger)                                      : $$$$$$$$$$$$$$  Logger 'cshmd.load..........' initialized  $$$$$$$$$$$$$$
05/25 11:02 [DEBUG] cshmd.analysis (get_logger)                                  : $$$$$$$$$$$$$$  Logger 'cshmd.analysis......' initialized  $$$$$$$$$$$$$$
05/25 11:02 [DEBUG] cshmd.equation (get_logger)                                  : $$$$$$$$$$$$$$  Logger 'cshmd.equation......' initialized  $$$$$$$$$$$$$$
05/25 11:02 [DEBUG] cshmd.structure (get_logger)                                 : $$$$$$$$$$$$$$  Logger 'cshmd.structure.....' initialized  $$$$$$$$$$$$$$
05/25 11:02 [DEBUG] cshmd.builder (get_logger)                                   : $$$$$$$$$$$$$$  Logger 'cshmd.builder.......' initialized  $$$$$$$$$$$$$$
05/25 11:02 [DEBUG] cshmd.trj_analysis (get_logger)                              : $$$$$$$$$$$$$$  Logger 'cshmd.trj_analysis..' initialized  $$$$$$$$$$$$$$
05/25 11:02 [DEBUG] cif_modifier (get_logger)                                    : $$$$$$$$$$$$$$  Logger 'cif_modifier........' initialized  $$$$$$$$$$$$$$
05/25 11:02 [INFO] cif_modifier (<module>)                                       : Logger loaded
05/25 11:02 [INFO] cshmd.structure (__init__)                                    : L025.cif was loaded
05/25 11:02 [DEBUG] cshmd.analysis (__init__)                                    : [Structure] Now new data setted for get Bonds
05/25 11:02 [DEBUG] cshmd.analysis (__del_bond__)                                : del -> Si_O O_H H_O Ca_O C_O BO NBO
05/25 11:02 [DEBUG] cshmd.analysis (__initialize_mole__)                         : initalize -> H2O SiO4 OH CO3 CO2 H3O
05/25 11:02 [DEBUG] cshmd.analysis (__initialize_mole__)                         : initalize -> SiOH CaOH HCO3 H2CO3 H3CO3
05/25 11:02 [DEBUG] cshmd.analysis (find_bond)                                   : find_bond O - H rcut -> 1.2
05/25 11:02 [DEBUG] cshmd.common (time_wrapper)                                  : [RUNTIME] get_distance_table in 0.601 seconds
05/25 11:02 [DEBUG] cshmd.analysis (get_mole)                                    : get_mole O - H -> nbonds: 2
05/25 11:02 [DEBUG] cshmd.analysis (find_bond)                                   : find_bond Si - O rcut -> 2.3
05/25 11:02 [DEBUG] cshmd.common (time_wrapper)                                  : [RUNTIME] get_distance_table in 0.270 seconds
05/25 11:02 [DEBUG] cshmd.analysis (get_mole)                                    : get_mole Si - O -> nbonds: 4
05/25 11:02 [DEBUG] cshmd.analysis (get_mole)                                    : get_mole O - H -> nbonds: 1
05/25 11:02 [DEBUG] cshmd.analysis (find_bond)                                   : find_bond C - O rcut -> 1.6
05/25 11:02 [DEBUG] cshmd.analysis (get_mole)                                    : get_mole C - O -> nbonds: 3
05/25 11:02 [DEBUG] cshmd.analysis (get_mole)                                    : get_mole O - H -> nbonds: 3
05/25 11:02 [DEBUG] cshmd.analysis (find_bond)                                   : find_bond Ca - O rcut -> 3.0
05/25 11:02 [DEBUG] cshmd.common (time_wrapper)                                  : [RUNTIME] get_distance_table in 0.357 seconds
05/25 11:02 [DEBUG] cshmd.analysis (search_basic)                                : Basic search result -> H2O: 576, SiO4: 548, OH: 164, CO3: 0, H3O: 0, Ca_O: 4225
05/25 11:02 [DEBUG] cshmd.analysis (full_search)                                 : Search layer details
05/25 11:02 [DEBUG] cshmd.analysis (set_layer_boundary)                          : Set layer boundary -> 0.24344102250000055 - 0.7445715765749975
05/25 11:02 [DEBUG] cshmd.analysis (find_bond)                                   : find_bond Ca - O rcut -> 2.6
05/25 11:02 [DEBUG] cshmd.analysis (find_bond)                                   : find_bond Ca - O rcut -> 3.1
05/25 11:02 [DEBUG] cshmd.analysis (find_bond)                                   : find_bond Ca - O rcut -> 5.2
05/25 11:02 [DEBUG] cshmd.analysis (_anal_surface_co3_adsorption)                : No 'C' in system
05/25 11:02 [DEBUG] cshmd.analysis (__detail_search_oh_co3)                      : No CO3 in basic search
05/25 11:02 [DEBUG] cshmd.analysis (__detail_search_oh_sioh)                     : Searching 'OH' in 'SiO4
05/25 11:02 [DEBUG] cshmd.analysis (__detail_search_oh_caoh)                     : Searching 'OH' in 'CaOH
05/25 11:02 [DEBUG] cshmd.analysis (find_bond)                                   : find_bond O - H rcut -> 1.15
05/25 11:02 [DEBUG] cshmd.analysis (get_mole)                                    : get_mole O - H -> nbonds: 1
05/25 11:02 [DEBUG] cshmd.analysis (get_mole)                                    : get_mole O - H -> nbonds: 2
05/25 11:02 [DEBUG] cshmd.analysis (find_bond)                                   : find_bond C - O rcut -> 1.4
05/25 11:02 [DEBUG] cshmd.analysis (get_mole)                                    : get_mole C - O -> nbonds: 3
05/25 11:02 [DEBUG] cshmd.analysis (find_bond)                                   : find_bond Si - O rcut -> 1.8
05/25 11:02 [DEBUG] cshmd.analysis (get_mole)                                    : get_mole Si - O -> nbonds: 4
05/25 11:02 [INFO] cshmd.functions (cal_uniform_by_space)                        : Number of molecules to add : 2678
05/25 11:02 [INFO] cshmd.functions (cal_uniform_by_space)                        : Number of atoms per surface : 272
05/25 11:02 [INFO] cshmd.functions (cal_uniform_by_space)                        : Number of layer : 10
05/25 11:02 [INFO] cshmd.structure (extendLattice)                               : Extend lattice 53.882 59.402 27.924 -> 53.882 59.402 45.924 
05/25 11:02 [INFO] cif_modifier (exec_make_interface)                            : MODE -> distribution
05/25 11:02 [INFO] cif_modifier (exec_make_interface)                            : Number of atoms: 5210 -> 13244
05/25 11:02 [INFO] cshmd.structure (labeling_by_clayff)                          : Now get label according to 'Clayff' style
05/25 11:02 [DEBUG] cshmd.analysis (get_mole)                                    : get_mole O - H -> nbonds: 1
05/25 11:02 [DEBUG] cshmd.analysis (get_mole)                                    : get_mole O - H -> nbonds: 2
05/25 11:02 [DEBUG] cshmd.analysis (get_mole)                                    : get_mole Si - O -> nbonds: 4
05/25 11:02 [DEBUG] cshmd.analysis (get_mole)                                    : get_mole C - O -> nbonds: 3
05/25 11:02 [INFO] cshmd.structure (labeling_by_clayff)                          : All atoms labeled by clayff
05/25 11:02 [INFO] cshmd.structure (labeling_by_clayff)                          : Clayff charge: 0.000
05/25 11:02 [INFO] cshmd.structure (writeCif)                                    : L025_w2750.cif was created
05/25 11:02 [INFO] cif_modifier (__init__)                                       : Total charge: 0 -> 0
05/25 11:03 [DEBUG] cshmd.common (get_logger)                                    : $$$$$$$$$$$$$$  Logger 'cshmd.common........' initialized  $$$$$$$$$$$$$$
05/25 11:03 [DEBUG] cshmd.functions (get_logger)                                 : $$$$$$$$$$$$$$  Logger 'cshmd.functions.....' initialized  $$$$$$$$$$$$$$
05/25 11:03 [DEBUG] cshmd.load (get_logger)                                      : $$$$$$$$$$$$$$  Logger 'cshmd.load..........' initialized  $$$$$$$$$$$$$$
05/25 11:03 [DEBUG] cshmd.analysis (get_logger)                                  : $$$$$$$$$$$$$$  Logger 'cshmd.analysis......' initialized  $$$$$$$$$$$$$$
05/25 11:03 [DEBUG] cshmd.equation (get_logger)                                  : $$$$$$$$$$$$$$  Logger 'cshmd.equation......' initialized  $$$$$$$$$$$$$$
05/25 11:03 [DEBUG] cshmd.structure (get_logger)                                 : $$$$$$$$$$$$$$  Logger 'cshmd.structure.....' initialized  $$$$$$$$$$$$$$
05/25 11:03 [DEBUG] cshmd.builder (get_logger)                                   : $$$$$$$$$$$$$$  Logger 'cshmd.builder.......' initialized  $$$$$$$$$$$$$$
05/25 11:03 [DEBUG] cshmd.trj_analysis (get_logger)                              : $$$$$$$$$$$$$$  Logger 'cshmd.trj_analysis..' initialized  $$$$$$$$$$$$$$
05/25 11:03 [DEBUG] cif_modifier (get_logger)                                    : $$$$$$$$$$$$$$  Logger 'cif_modifier........' initialized  $$$$$$$$$$$$$$
05/25 11:03 [INFO] cif_modifier (<module>)                                       : Logger loaded
05/25 11:03 [INFO] cshmd.structure (__init__)                                    : L030.cif was loaded
05/25 11:03 [DEBUG] cshmd.analysis (__init__)                                    : [Structure] Now new data setted for get Bonds
05/25 11:03 [DEBUG] cshmd.analysis (__del_bond__)                                : del -> Si_O O_H H_O Ca_O C_O BO NBO
05/25 11:03 [DEBUG] cshmd.analysis (__initialize_mole__)                         : initalize -> H2O SiO4 OH CO3 CO2 H3O
05/25 11:03 [DEBUG] cshmd.analysis (__initialize_mole__)                         : initalize -> SiOH CaOH HCO3 H2CO3 H3CO3
05/25 11:03 [DEBUG] cshmd.analysis (find_bond)                                   : find_bond O - H rcut -> 1.2
05/25 11:03 [DEBUG] cshmd.common (time_wrapper)                                  : [RUNTIME] get_distance_table in 0.613 seconds
05/25 11:03 [DEBUG] cshmd.analysis (get_mole)                                    : get_mole O - H -> nbonds: 2
05/25 11:03 [DEBUG] cshmd.analysis (find_bond)                                   : find_bond Si - O rcut -> 2.3
05/25 11:03 [DEBUG] cshmd.common (time_wrapper)                                  : [RUNTIME] get_distance_table in 0.283 seconds
05/25 11:03 [DEBUG] cshmd.analysis (get_mole)                                    : get_mole Si - O -> nbonds: 4
05/25 11:03 [DEBUG] cshmd.analysis (get_mole)                                    : get_mole O - H -> nbonds: 1
05/25 11:03 [DEBUG] cshmd.analysis (find_bond)                                   : find_bond C - O rcut -> 1.6
05/25 11:03 [DEBUG] cshmd.analysis (get_mole)                                    : get_mole C - O -> nbonds: 3
05/25 11:03 [DEBUG] cshmd.analysis (get_mole)                                    : get_mole O - H -> nbonds: 3
05/25 11:03 [DEBUG] cshmd.analysis (find_bond)                                   : find_bond Ca - O rcut -> 3.0
05/25 11:03 [DEBUG] cshmd.common (time_wrapper)                                  : [RUNTIME] get_distance_table in 0.339 seconds
05/25 11:03 [DEBUG] cshmd.analysis (search_basic)                                : Basic search result -> H2O: 576, SiO4: 576, OH: 192, CO3: 0, H3O: 0, Ca_O: 4176
05/25 11:03 [DEBUG] cshmd.analysis (full_search)                                 : Search layer details
05/25 11:03 [DEBUG] cshmd.analysis (set_layer_boundary)                          : Set layer boundary -> 0.24344102250000055 - 0.7445715765749975
05/25 11:03 [DEBUG] cshmd.analysis (find_bond)                                   : find_bond Ca - O rcut -> 2.6
05/25 11:03 [DEBUG] cshmd.analysis (find_bond)                                   : find_bond Ca - O rcut -> 3.1
05/25 11:03 [DEBUG] cshmd.analysis (find_bond)                                   : find_bond Ca - O rcut -> 5.2
05/25 11:03 [DEBUG] cshmd.analysis (_anal_surface_co3_adsorption)                : No 'C' in system
05/25 11:03 [DEBUG] cshmd.analysis (__detail_search_oh_co3)                      : No CO3 in basic search
05/25 11:03 [DEBUG] cshmd.analysis (__detail_search_oh_sioh)                     : Searching 'OH' in 'SiO4
05/25 11:03 [DEBUG] cshmd.analysis (__detail_search_oh_caoh)                     : Searching 'OH' in 'CaOH
05/25 11:03 [DEBUG] cshmd.analysis (find_bond)                                   : find_bond O - H rcut -> 1.15
05/25 11:03 [DEBUG] cshmd.analysis (get_mole)                                    : get_mole O - H -> nbonds: 1
05/25 11:03 [DEBUG] cshmd.analysis (get_mole)                                    : get_mole O - H -> nbonds: 2
05/25 11:03 [DEBUG] cshmd.analysis (find_bond)                                   : find_bond C - O rcut -> 1.4
05/25 11:03 [DEBUG] cshmd.analysis (get_mole)                                    : get_mole C - O -> nbonds: 3
05/25 11:03 [DEBUG] cshmd.analysis (find_bond)                                   : find_bond Si - O rcut -> 1.8
05/25 11:03 [DEBUG] cshmd.analysis (get_mole)                                    : get_mole Si - O -> nbonds: 4
05/25 11:03 [INFO] cshmd.functions (cal_uniform_by_space)                        : Number of molecules to add : 2678
05/25 11:03 [INFO] cshmd.functions (cal_uniform_by_space)                        : Number of atoms per surface : 272
05/25 11:03 [INFO] cshmd.functions (cal_uniform_by_space)                        : Number of layer : 10
05/25 11:03 [INFO] cshmd.structure (extendLattice)                               : Extend lattice 53.882 59.402 27.924 -> 53.882 59.402 45.924 
05/25 11:03 [INFO] cif_modifier (exec_make_interface)                            : MODE -> distribution
05/25 11:03 [INFO] cif_modifier (exec_make_interface)                            : Number of atoms: 5280 -> 13314
05/25 11:03 [INFO] cshmd.structure (labeling_by_clayff)                          : Now get label according to 'Clayff' style
05/25 11:03 [DEBUG] cshmd.analysis (get_mole)                                    : get_mole O - H -> nbonds: 1
05/25 11:03 [DEBUG] cshmd.analysis (get_mole)                                    : get_mole O - H -> nbonds: 2
05/25 11:03 [DEBUG] cshmd.analysis (get_mole)                                    : get_mole Si - O -> nbonds: 4
05/25 11:03 [DEBUG] cshmd.analysis (get_mole)                                    : get_mole C - O -> nbonds: 3
05/25 11:03 [INFO] cshmd.structure (labeling_by_clayff)                          : All atoms labeled by clayff
05/25 11:03 [INFO] cshmd.structure (labeling_by_clayff)                          : Clayff charge: 0.000
05/25 11:03 [INFO] cshmd.structure (writeCif)                                    : L030_w2750.cif was created
05/25 11:03 [INFO] cif_modifier (__init__)                                       : Total charge: 0 -> 0
05/25 11:03 [DEBUG] cshmd.common (get_logger)                                    : $$$$$$$$$$$$$$  Logger 'cshmd.common........' initialized  $$$$$$$$$$$$$$
05/25 11:03 [DEBUG] cshmd.functions (get_logger)                                 : $$$$$$$$$$$$$$  Logger 'cshmd.functions.....' initialized  $$$$$$$$$$$$$$
05/25 11:03 [DEBUG] cshmd.load (get_logger)                                      : $$$$$$$$$$$$$$  Logger 'cshmd.load..........' initialized  $$$$$$$$$$$$$$
05/25 11:03 [DEBUG] cshmd.analysis (get_logger)                                  : $$$$$$$$$$$$$$  Logger 'cshmd.analysis......' initialized  $$$$$$$$$$$$$$
05/25 11:03 [DEBUG] cshmd.equation (get_logger)                                  : $$$$$$$$$$$$$$  Logger 'cshmd.equation......' initialized  $$$$$$$$$$$$$$
05/25 11:03 [DEBUG] cshmd.structure (get_logger)                                 : $$$$$$$$$$$$$$  Logger 'cshmd.structure.....' initialized  $$$$$$$$$$$$$$
05/25 11:03 [DEBUG] cshmd.builder (get_logger)                                   : $$$$$$$$$$$$$$  Logger 'cshmd.builder.......' initialized  $$$$$$$$$$$$$$
05/25 11:03 [DEBUG] cshmd.trj_analysis (get_logger)                              : $$$$$$$$$$$$$$  Logger 'cshmd.trj_analysis..' initialized  $$$$$$$$$$$$$$
05/25 11:03 [DEBUG] cif_modifier (get_logger)                                    : $$$$$$$$$$$$$$  Logger 'cif_modifier........' initialized  $$$$$$$$$$$$$$
05/25 11:03 [INFO] cif_modifier (<module>)                                       : Logger loaded
05/25 11:03 [INFO] cshmd.structure (__init__)                                    : L035.cif was loaded
05/25 11:03 [DEBUG] cshmd.analysis (__init__)                                    : [Structure] Now new data setted for get Bonds
05/25 11:03 [DEBUG] cshmd.analysis (__del_bond__)                                : del -> Si_O O_H H_O Ca_O C_O BO NBO
05/25 11:03 [DEBUG] cshmd.analysis (__initialize_mole__)                         : initalize -> H2O SiO4 OH CO3 CO2 H3O
05/25 11:03 [DEBUG] cshmd.analysis (__initialize_mole__)                         : initalize -> SiOH CaOH HCO3 H2CO3 H3CO3
05/25 11:03 [DEBUG] cshmd.analysis (find_bond)                                   : find_bond O - H rcut -> 1.2
05/25 11:03 [DEBUG] cshmd.common (time_wrapper)                                  : [RUNTIME] get_distance_table in 0.595 seconds
05/25 11:03 [DEBUG] cshmd.analysis (get_mole)                                    : get_mole O - H -> nbonds: 2
05/25 11:03 [DEBUG] cshmd.analysis (find_bond)                                   : find_bond Si - O rcut -> 2.3
05/25 11:03 [DEBUG] cshmd.common (time_wrapper)                                  : [RUNTIME] get_distance_table in 0.310 seconds
05/25 11:03 [DEBUG] cshmd.analysis (get_mole)                                    : get_mole Si - O -> nbonds: 4
05/25 11:03 [DEBUG] cshmd.analysis (get_mole)                                    : get_mole O - H -> nbonds: 1
05/25 11:03 [DEBUG] cshmd.analysis (find_bond)                                   : find_bond C - O rcut -> 1.6
05/25 11:03 [DEBUG] cshmd.analysis (get_mole)                                    : get_mole C - O -> nbonds: 3
05/25 11:03 [DEBUG] cshmd.analysis (get_mole)                                    : get_mole O - H -> nbonds: 3
05/25 11:03 [DEBUG] cshmd.analysis (find_bond)                                   : find_bond Ca - O rcut -> 3.0
05/25 11:03 [DEBUG] cshmd.common (time_wrapper)                                  : [RUNTIME] get_distance_table in 0.313 seconds
05/25 11:03 [DEBUG] cshmd.analysis (search_basic)                                : Basic search result -> H2O: 576, SiO4: 596, OH: 212, CO3: 0, H3O: 0, Ca_O: 4141
05/25 11:03 [DEBUG] cshmd.analysis (full_search)                                 : Search layer details
05/25 11:03 [DEBUG] cshmd.analysis (set_layer_boundary)                          : Set layer boundary -> 0.24344102250000055 - 0.7445715765749975
05/25 11:03 [DEBUG] cshmd.analysis (find_bond)                                   : find_bond Ca - O rcut -> 2.6
05/25 11:03 [DEBUG] cshmd.analysis (find_bond)                                   : find_bond Ca - O rcut -> 3.1
05/25 11:03 [DEBUG] cshmd.analysis (find_bond)                                   : find_bond Ca - O rcut -> 5.2
05/25 11:03 [DEBUG] cshmd.analysis (_anal_surface_co3_adsorption)                : No 'C' in system
05/25 11:03 [DEBUG] cshmd.analysis (__detail_search_oh_co3)                      : No CO3 in basic search
05/25 11:03 [DEBUG] cshmd.analysis (__detail_search_oh_sioh)                     : Searching 'OH' in 'SiO4
05/25 11:03 [DEBUG] cshmd.analysis (__detail_search_oh_caoh)                     : Searching 'OH' in 'CaOH
05/25 11:03 [DEBUG] cshmd.analysis (find_bond)                                   : find_bond O - H rcut -> 1.15
05/25 11:03 [DEBUG] cshmd.analysis (get_mole)                                    : get_mole O - H -> nbonds: 1
05/25 11:03 [DEBUG] cshmd.analysis (get_mole)                                    : get_mole O - H -> nbonds: 2
05/25 11:03 [DEBUG] cshmd.analysis (find_bond)                                   : find_bond C - O rcut -> 1.4
05/25 11:03 [DEBUG] cshmd.analysis (get_mole)                                    : get_mole C - O -> nbonds: 3
05/25 11:03 [DEBUG] cshmd.analysis (find_bond)                                   : find_bond Si - O rcut -> 1.8
05/25 11:03 [DEBUG] cshmd.analysis (get_mole)                                    : get_mole Si - O -> nbonds: 4
05/25 11:03 [INFO] cshmd.functions (cal_uniform_by_space)                        : Number of molecules to add : 2678
05/25 11:03 [INFO] cshmd.functions (cal_uniform_by_space)                        : Number of atoms per surface : 272
05/25 11:03 [INFO] cshmd.functions (cal_uniform_by_space)                        : Number of layer : 10
05/25 11:03 [INFO] cshmd.structure (extendLattice)                               : Extend lattice 53.882 59.402 27.924 -> 53.882 59.402 45.924 
05/25 11:03 [INFO] cif_modifier (exec_make_interface)                            : MODE -> distribution
05/25 11:03 [INFO] cif_modifier (exec_make_interface)                            : Number of atoms: 5330 -> 13364
05/25 11:03 [INFO] cshmd.structure (labeling_by_clayff)                          : Now get label according to 'Clayff' style
05/25 11:03 [DEBUG] cshmd.analysis (get_mole)                                    : get_mole O - H -> nbonds: 1
05/25 11:03 [DEBUG] cshmd.analysis (get_mole)                                    : get_mole O - H -> nbonds: 2
05/25 11:03 [DEBUG] cshmd.analysis (get_mole)                                    : get_mole Si - O -> nbonds: 4
05/25 11:03 [DEBUG] cshmd.analysis (get_mole)                                    : get_mole C - O -> nbonds: 3
05/25 11:03 [INFO] cshmd.structure (labeling_by_clayff)                          : All atoms labeled by clayff
05/25 11:03 [INFO] cshmd.structure (labeling_by_clayff)                          : Clayff charge: 0.000
05/25 11:03 [INFO] cshmd.structure (writeCif)                                    : L035_w2750.cif was created
05/25 11:03 [INFO] cif_modifier (__init__)                                       : Total charge: 0 -> 0
05/25 11:03 [DEBUG] cshmd.common (get_logger)                                    : $$$$$$$$$$$$$$  Logger 'cshmd.common........' initialized  $$$$$$$$$$$$$$
05/25 11:03 [DEBUG] cshmd.functions (get_logger)                                 : $$$$$$$$$$$$$$  Logger 'cshmd.functions.....' initialized  $$$$$$$$$$$$$$
05/25 11:03 [DEBUG] cshmd.load (get_logger)                                      : $$$$$$$$$$$$$$  Logger 'cshmd.load..........' initialized  $$$$$$$$$$$$$$
05/25 11:03 [DEBUG] cshmd.analysis (get_logger)                                  : $$$$$$$$$$$$$$  Logger 'cshmd.analysis......' initialized  $$$$$$$$$$$$$$
05/25 11:03 [DEBUG] cshmd.equation (get_logger)                                  : $$$$$$$$$$$$$$  Logger 'cshmd.equation......' initialized  $$$$$$$$$$$$$$
05/25 11:03 [DEBUG] cshmd.structure (get_logger)                                 : $$$$$$$$$$$$$$  Logger 'cshmd.structure.....' initialized  $$$$$$$$$$$$$$
05/25 11:03 [DEBUG] cshmd.builder (get_logger)                                   : $$$$$$$$$$$$$$  Logger 'cshmd.builder.......' initialized  $$$$$$$$$$$$$$
05/25 11:03 [DEBUG] cshmd.trj_analysis (get_logger)                              : $$$$$$$$$$$$$$  Logger 'cshmd.trj_analysis..' initialized  $$$$$$$$$$$$$$
05/25 11:03 [DEBUG] cif_modifier (get_logger)                                    : $$$$$$$$$$$$$$  Logger 'cif_modifier........' initialized  $$$$$$$$$$$$$$
05/25 11:03 [INFO] cif_modifier (<module>)                                       : Logger loaded
05/25 11:03 [INFO] cshmd.structure (__init__)                                    : L040.cif was loaded
05/25 11:03 [DEBUG] cshmd.analysis (__init__)                                    : [Structure] Now new data setted for get Bonds
05/25 11:03 [DEBUG] cshmd.analysis (__del_bond__)                                : del -> Si_O O_H H_O Ca_O C_O BO NBO
05/25 11:03 [DEBUG] cshmd.analysis (__initialize_mole__)                         : initalize -> H2O SiO4 OH CO3 CO2 H3O
05/25 11:03 [DEBUG] cshmd.analysis (__initialize_mole__)                         : initalize -> SiOH CaOH HCO3 H2CO3 H3CO3
05/25 11:03 [DEBUG] cshmd.analysis (find_bond)                                   : find_bond O - H rcut -> 1.2
05/25 11:03 [DEBUG] cshmd.common (time_wrapper)                                  : [RUNTIME] get_distance_table in 0.644 seconds
05/25 11:03 [DEBUG] cshmd.analysis (get_mole)                                    : get_mole O - H -> nbonds: 2
05/25 11:03 [DEBUG] cshmd.analysis (find_bond)                                   : find_bond Si - O rcut -> 2.3
05/25 11:03 [DEBUG] cshmd.common (time_wrapper)                                  : [RUNTIME] get_distance_table in 0.296 seconds
05/25 11:03 [DEBUG] cshmd.analysis (get_mole)                                    : get_mole Si - O -> nbonds: 4
05/25 11:03 [DEBUG] cshmd.analysis (get_mole)                                    : get_mole O - H -> nbonds: 1
05/25 11:03 [DEBUG] cshmd.analysis (find_bond)                                   : find_bond C - O rcut -> 1.6
05/25 11:03 [DEBUG] cshmd.analysis (get_mole)                                    : get_mole C - O -> nbonds: 3
05/25 11:03 [DEBUG] cshmd.analysis (get_mole)                                    : get_mole O - H -> nbonds: 3
05/25 11:03 [DEBUG] cshmd.analysis (find_bond)                                   : find_bond Ca - O rcut -> 3.0
05/25 11:03 [DEBUG] cshmd.common (time_wrapper)                                  : [RUNTIME] get_distance_table in 0.357 seconds
05/25 11:03 [DEBUG] cshmd.analysis (search_basic)                                : Basic search result -> H2O: 576, SiO4: 612, OH: 228, CO3: 0, H3O: 0, Ca_O: 4113
05/25 11:03 [DEBUG] cshmd.analysis (full_search)                                 : Search layer details
05/25 11:03 [DEBUG] cshmd.analysis (set_layer_boundary)                          : Set layer boundary -> 0.24344102250000055 - 0.7445715765749975
05/25 11:03 [DEBUG] cshmd.analysis (find_bond)                                   : find_bond Ca - O rcut -> 2.6
05/25 11:03 [DEBUG] cshmd.analysis (find_bond)                                   : find_bond Ca - O rcut -> 3.1
05/25 11:03 [DEBUG] cshmd.analysis (find_bond)                                   : find_bond Ca - O rcut -> 5.2
05/25 11:03 [DEBUG] cshmd.analysis (_anal_surface_co3_adsorption)                : No 'C' in system
05/25 11:03 [DEBUG] cshmd.analysis (__detail_search_oh_co3)                      : No CO3 in basic search
05/25 11:03 [DEBUG] cshmd.analysis (__detail_search_oh_sioh)                     : Searching 'OH' in 'SiO4
05/25 11:03 [DEBUG] cshmd.analysis (__detail_search_oh_caoh)                     : Searching 'OH' in 'CaOH
05/25 11:03 [DEBUG] cshmd.analysis (find_bond)                                   : find_bond O - H rcut -> 1.15
05/25 11:03 [DEBUG] cshmd.analysis (get_mole)                                    : get_mole O - H -> nbonds: 1
05/25 11:03 [DEBUG] cshmd.analysis (get_mole)                                    : get_mole O - H -> nbonds: 2
05/25 11:03 [DEBUG] cshmd.analysis (find_bond)                                   : find_bond C - O rcut -> 1.4
05/25 11:03 [DEBUG] cshmd.analysis (get_mole)                                    : get_mole C - O -> nbonds: 3
05/25 11:03 [DEBUG] cshmd.analysis (find_bond)                                   : find_bond Si - O rcut -> 1.8
05/25 11:03 [DEBUG] cshmd.analysis (get_mole)                                    : get_mole Si - O -> nbonds: 4
05/25 11:03 [INFO] cshmd.functions (cal_uniform_by_space)                        : Number of molecules to add : 2678
05/25 11:03 [INFO] cshmd.functions (cal_uniform_by_space)                        : Number of atoms per surface : 272
05/25 11:03 [INFO] cshmd.functions (cal_uniform_by_space)                        : Number of layer : 10
05/25 11:03 [INFO] cshmd.structure (extendLattice)                               : Extend lattice 53.882 59.402 27.924 -> 53.882 59.402 45.924 
05/25 11:03 [INFO] cif_modifier (exec_make_interface)                            : MODE -> distribution
05/25 11:03 [INFO] cif_modifier (exec_make_interface)                            : Number of atoms: 5370 -> 13404
05/25 11:03 [INFO] cshmd.structure (labeling_by_clayff)                          : Now get label according to 'Clayff' style
05/25 11:03 [DEBUG] cshmd.analysis (get_mole)                                    : get_mole O - H -> nbonds: 1
05/25 11:03 [DEBUG] cshmd.analysis (get_mole)                                    : get_mole O - H -> nbonds: 2
05/25 11:03 [DEBUG] cshmd.analysis (get_mole)                                    : get_mole Si - O -> nbonds: 4
05/25 11:03 [DEBUG] cshmd.analysis (get_mole)                                    : get_mole C - O -> nbonds: 3
05/25 11:03 [INFO] cshmd.structure (labeling_by_clayff)                          : All atoms labeled by clayff
05/25 11:03 [INFO] cshmd.structure (labeling_by_clayff)                          : Clayff charge: 0.000
05/25 11:03 [INFO] cshmd.structure (writeCif)                                    : L040_w2750.cif was created
05/25 11:03 [INFO] cif_modifier (__init__)                                       : Total charge: 0 -> 0
05/25 11:03 [DEBUG] cshmd.common (get_logger)                                    : $$$$$$$$$$$$$$  Logger 'cshmd.common........' initialized  $$$$$$$$$$$$$$
05/25 11:03 [DEBUG] cshmd.functions (get_logger)                                 : $$$$$$$$$$$$$$  Logger 'cshmd.functions.....' initialized  $$$$$$$$$$$$$$
05/25 11:03 [DEBUG] cshmd.load (get_logger)                                      : $$$$$$$$$$$$$$  Logger 'cshmd.load..........' initialized  $$$$$$$$$$$$$$
05/25 11:03 [DEBUG] cshmd.analysis (get_logger)                                  : $$$$$$$$$$$$$$  Logger 'cshmd.analysis......' initialized  $$$$$$$$$$$$$$
05/25 11:03 [DEBUG] cshmd.equation (get_logger)                                  : $$$$$$$$$$$$$$  Logger 'cshmd.equation......' initialized  $$$$$$$$$$$$$$
05/25 11:03 [DEBUG] cshmd.structure (get_logger)                                 : $$$$$$$$$$$$$$  Logger 'cshmd.structure.....' initialized  $$$$$$$$$$$$$$
05/25 11:03 [DEBUG] cshmd.builder (get_logger)                                   : $$$$$$$$$$$$$$  Logger 'cshmd.builder.......' initialized  $$$$$$$$$$$$$$
05/25 11:03 [DEBUG] cshmd.trj_analysis (get_logger)                              : $$$$$$$$$$$$$$  Logger 'cshmd.trj_analysis..' initialized  $$$$$$$$$$$$$$
05/25 11:03 [DEBUG] cif_modifier (get_logger)                                    : $$$$$$$$$$$$$$  Logger 'cif_modifier........' initialized  $$$$$$$$$$$$$$
05/25 11:03 [INFO] cif_modifier (<module>)                                       : Logger loaded
05/25 11:03 [INFO] cshmd.structure (__init__)                                    : L045.cif was loaded
05/25 11:03 [DEBUG] cshmd.analysis (__init__)                                    : [Structure] Now new data setted for get Bonds
05/25 11:03 [DEBUG] cshmd.analysis (__del_bond__)                                : del -> Si_O O_H H_O Ca_O C_O BO NBO
05/25 11:03 [DEBUG] cshmd.analysis (__initialize_mole__)                         : initalize -> H2O SiO4 OH CO3 CO2 H3O
05/25 11:03 [DEBUG] cshmd.analysis (__initialize_mole__)                         : initalize -> SiOH CaOH HCO3 H2CO3 H3CO3
05/25 11:03 [DEBUG] cshmd.analysis (find_bond)                                   : find_bond O - H rcut -> 1.2
05/25 11:03 [DEBUG] cshmd.common (time_wrapper)                                  : [RUNTIME] get_distance_table in 0.576 seconds
05/25 11:03 [DEBUG] cshmd.analysis (get_mole)                                    : get_mole O - H -> nbonds: 2
05/25 11:03 [DEBUG] cshmd.analysis (find_bond)                                   : find_bond Si - O rcut -> 2.3
05/25 11:03 [DEBUG] cshmd.common (time_wrapper)                                  : [RUNTIME] get_distance_table in 0.298 seconds
05/25 11:03 [DEBUG] cshmd.analysis (get_mole)                                    : get_mole Si - O -> nbonds: 4
05/25 11:03 [DEBUG] cshmd.analysis (get_mole)                                    : get_mole O - H -> nbonds: 1
05/25 11:03 [DEBUG] cshmd.analysis (find_bond)                                   : find_bond C - O rcut -> 1.6
05/25 11:03 [DEBUG] cshmd.analysis (get_mole)                                    : get_mole C - O -> nbonds: 3
05/25 11:03 [DEBUG] cshmd.analysis (get_mole)                                    : get_mole O - H -> nbonds: 3
05/25 11:03 [DEBUG] cshmd.analysis (find_bond)                                   : find_bond Ca - O rcut -> 3.0
05/25 11:03 [DEBUG] cshmd.common (time_wrapper)                                  : [RUNTIME] get_distance_table in 0.315 seconds
05/25 11:03 [DEBUG] cshmd.analysis (search_basic)                                : Basic search result -> H2O: 576, SiO4: 628, OH: 244, CO3: 0, H3O: 0, Ca_O: 4085
05/25 11:03 [DEBUG] cshmd.analysis (full_search)                                 : Search layer details
05/25 11:03 [DEBUG] cshmd.analysis (set_layer_boundary)                          : Set layer boundary -> 0.24344102250000055 - 0.7445715765749975
05/25 11:03 [DEBUG] cshmd.analysis (find_bond)                                   : find_bond Ca - O rcut -> 2.6
05/25 11:03 [DEBUG] cshmd.analysis (find_bond)                                   : find_bond Ca - O rcut -> 3.1
05/25 11:03 [DEBUG] cshmd.analysis (find_bond)                                   : find_bond Ca - O rcut -> 5.2
05/25 11:03 [DEBUG] cshmd.analysis (_anal_surface_co3_adsorption)                : No 'C' in system
05/25 11:03 [DEBUG] cshmd.analysis (__detail_search_oh_co3)                      : No CO3 in basic search
05/25 11:03 [DEBUG] cshmd.analysis (__detail_search_oh_sioh)                     : Searching 'OH' in 'SiO4
05/25 11:03 [DEBUG] cshmd.analysis (__detail_search_oh_caoh)                     : Searching 'OH' in 'CaOH
05/25 11:03 [DEBUG] cshmd.analysis (find_bond)                                   : find_bond O - H rcut -> 1.15
05/25 11:03 [DEBUG] cshmd.analysis (get_mole)                                    : get_mole O - H -> nbonds: 1
05/25 11:03 [DEBUG] cshmd.analysis (get_mole)                                    : get_mole O - H -> nbonds: 2
05/25 11:03 [DEBUG] cshmd.analysis (find_bond)                                   : find_bond C - O rcut -> 1.4
05/25 11:03 [DEBUG] cshmd.analysis (get_mole)                                    : get_mole C - O -> nbonds: 3
05/25 11:03 [DEBUG] cshmd.analysis (find_bond)                                   : find_bond Si - O rcut -> 1.8
05/25 11:03 [DEBUG] cshmd.analysis (get_mole)                                    : get_mole Si - O -> nbonds: 4
05/25 11:03 [INFO] cshmd.functions (cal_uniform_by_space)                        : Number of molecules to add : 2678
05/25 11:03 [INFO] cshmd.functions (cal_uniform_by_space)                        : Number of atoms per surface : 272
05/25 11:03 [INFO] cshmd.functions (cal_uniform_by_space)                        : Number of layer : 10
05/25 11:03 [INFO] cshmd.structure (extendLattice)                               : Extend lattice 53.882 59.402 27.924 -> 53.882 59.402 45.924 
05/25 11:03 [INFO] cif_modifier (exec_make_interface)                            : MODE -> distribution
05/25 11:03 [INFO] cif_modifier (exec_make_interface)                            : Number of atoms: 5410 -> 13444
05/25 11:03 [INFO] cshmd.structure (labeling_by_clayff)                          : Now get label according to 'Clayff' style
05/25 11:03 [DEBUG] cshmd.analysis (get_mole)                                    : get_mole O - H -> nbonds: 1
05/25 11:03 [DEBUG] cshmd.analysis (get_mole)                                    : get_mole O - H -> nbonds: 2
05/25 11:03 [DEBUG] cshmd.analysis (get_mole)                                    : get_mole Si - O -> nbonds: 4
05/25 11:03 [DEBUG] cshmd.analysis (get_mole)                                    : get_mole C - O -> nbonds: 3
05/25 11:03 [INFO] cshmd.structure (labeling_by_clayff)                          : All atoms labeled by clayff
05/25 11:03 [INFO] cshmd.structure (labeling_by_clayff)                          : Clayff charge: 0.000
05/25 11:03 [INFO] cshmd.structure (writeCif)                                    : L045_w2750.cif was created
05/25 11:03 [INFO] cif_modifier (__init__)                                       : Total charge: 0 -> 0
05/25 11:03 [DEBUG] cshmd.common (get_logger)                                    : $$$$$$$$$$$$$$  Logger 'cshmd.common........' initialized  $$$$$$$$$$$$$$
05/25 11:03 [DEBUG] cshmd.functions (get_logger)                                 : $$$$$$$$$$$$$$  Logger 'cshmd.functions.....' initialized  $$$$$$$$$$$$$$
05/25 11:03 [DEBUG] cshmd.load (get_logger)                                      : $$$$$$$$$$$$$$  Logger 'cshmd.load..........' initialized  $$$$$$$$$$$$$$
05/25 11:03 [DEBUG] cshmd.analysis (get_logger)                                  : $$$$$$$$$$$$$$  Logger 'cshmd.analysis......' initialized  $$$$$$$$$$$$$$
05/25 11:03 [DEBUG] cshmd.equation (get_logger)                                  : $$$$$$$$$$$$$$  Logger 'cshmd.equation......' initialized  $$$$$$$$$$$$$$
05/25 11:03 [DEBUG] cshmd.structure (get_logger)                                 : $$$$$$$$$$$$$$  Logger 'cshmd.structure.....' initialized  $$$$$$$$$$$$$$
05/25 11:03 [DEBUG] cshmd.builder (get_logger)                                   : $$$$$$$$$$$$$$  Logger 'cshmd.builder.......' initialized  $$$$$$$$$$$$$$
05/25 11:03 [DEBUG] cshmd.trj_analysis (get_logger)                              : $$$$$$$$$$$$$$  Logger 'cshmd.trj_analysis..' initialized  $$$$$$$$$$$$$$
05/25 11:03 [DEBUG] cif_modifier (get_logger)                                    : $$$$$$$$$$$$$$  Logger 'cif_modifier........' initialized  $$$$$$$$$$$$$$
05/25 11:03 [INFO] cif_modifier (<module>)                                       : Logger loaded
05/25 11:03 [INFO] cshmd.structure (__init__)                                    : L050.cif was loaded
05/25 11:03 [DEBUG] cshmd.analysis (__init__)                                    : [Structure] Now new data setted for get Bonds
05/25 11:03 [DEBUG] cshmd.analysis (__del_bond__)                                : del -> Si_O O_H H_O Ca_O C_O BO NBO
05/25 11:03 [DEBUG] cshmd.analysis (__initialize_mole__)                         : initalize -> H2O SiO4 OH CO3 CO2 H3O
05/25 11:03 [DEBUG] cshmd.analysis (__initialize_mole__)                         : initalize -> SiOH CaOH HCO3 H2CO3 H3CO3
05/25 11:03 [DEBUG] cshmd.analysis (find_bond)                                   : find_bond O - H rcut -> 1.2
05/25 11:03 [DEBUG] cshmd.common (time_wrapper)                                  : [RUNTIME] get_distance_table in 0.636 seconds
05/25 11:03 [DEBUG] cshmd.analysis (get_mole)                                    : get_mole O - H -> nbonds: 2
05/25 11:03 [DEBUG] cshmd.analysis (find_bond)                                   : find_bond Si - O rcut -> 2.3
05/25 11:03 [DEBUG] cshmd.common (time_wrapper)                                  : [RUNTIME] get_distance_table in 0.351 seconds
05/25 11:03 [DEBUG] cshmd.analysis (get_mole)                                    : get_mole Si - O -> nbonds: 4
05/25 11:03 [DEBUG] cshmd.analysis (get_mole)                                    : get_mole O - H -> nbonds: 1
05/25 11:03 [DEBUG] cshmd.analysis (find_bond)                                   : find_bond C - O rcut -> 1.6
05/25 11:03 [DEBUG] cshmd.analysis (get_mole)                                    : get_mole C - O -> nbonds: 3
05/25 11:03 [DEBUG] cshmd.analysis (get_mole)                                    : get_mole O - H -> nbonds: 3
05/25 11:03 [DEBUG] cshmd.analysis (find_bond)                                   : find_bond Ca - O rcut -> 3.0
05/25 11:03 [DEBUG] cshmd.common (time_wrapper)                                  : [RUNTIME] get_distance_table in 0.304 seconds
05/25 11:03 [DEBUG] cshmd.analysis (search_basic)                                : Basic search result -> H2O: 576, SiO4: 640, OH: 256, CO3: 0, H3O: 0, Ca_O: 4064
05/25 11:03 [DEBUG] cshmd.analysis (full_search)                                 : Search layer details
05/25 11:03 [DEBUG] cshmd.analysis (set_layer_boundary)                          : Set layer boundary -> 0.24344102250000055 - 0.7445715765749975
05/25 11:03 [DEBUG] cshmd.analysis (find_bond)                                   : find_bond Ca - O rcut -> 2.6
05/25 11:03 [DEBUG] cshmd.analysis (find_bond)                                   : find_bond Ca - O rcut -> 3.1
05/25 11:03 [DEBUG] cshmd.analysis (find_bond)                                   : find_bond Ca - O rcut -> 5.2
05/25 11:03 [DEBUG] cshmd.analysis (_anal_surface_co3_adsorption)                : No 'C' in system
05/25 11:03 [DEBUG] cshmd.analysis (__detail_search_oh_co3)                      : No CO3 in basic search
05/25 11:03 [DEBUG] cshmd.analysis (__detail_search_oh_sioh)                     : Searching 'OH' in 'SiO4
05/25 11:03 [DEBUG] cshmd.analysis (__detail_search_oh_caoh)                     : Searching 'OH' in 'CaOH
05/25 11:03 [DEBUG] cshmd.analysis (find_bond)                                   : find_bond O - H rcut -> 1.15
05/25 11:03 [DEBUG] cshmd.analysis (get_mole)                                    : get_mole O - H -> nbonds: 1
05/25 11:03 [DEBUG] cshmd.analysis (get_mole)                                    : get_mole O - H -> nbonds: 2
05/25 11:03 [DEBUG] cshmd.analysis (find_bond)                                   : find_bond C - O rcut -> 1.4
05/25 11:03 [DEBUG] cshmd.analysis (get_mole)                                    : get_mole C - O -> nbonds: 3
05/25 11:03 [DEBUG] cshmd.analysis (find_bond)                                   : find_bond Si - O rcut -> 1.8
05/25 11:03 [DEBUG] cshmd.analysis (get_mole)                                    : get_mole Si - O -> nbonds: 4
05/25 11:03 [INFO] cshmd.functions (cal_uniform_by_space)                        : Number of molecules to add : 2678
05/25 11:03 [INFO] cshmd.functions (cal_uniform_by_space)                        : Number of atoms per surface : 272
05/25 11:03 [INFO] cshmd.functions (cal_uniform_by_space)                        : Number of layer : 10
05/25 11:03 [INFO] cshmd.structure (extendLattice)                               : Extend lattice 53.882 59.402 27.924 -> 53.882 59.402 45.924 
05/25 11:03 [INFO] cif_modifier (exec_make_interface)                            : MODE -> distribution
05/25 11:03 [INFO] cif_modifier (exec_make_interface)                            : Number of atoms: 5440 -> 13474
05/25 11:03 [INFO] cshmd.structure (labeling_by_clayff)                          : Now get label according to 'Clayff' style
05/25 11:03 [DEBUG] cshmd.analysis (get_mole)                                    : get_mole O - H -> nbonds: 1
05/25 11:03 [DEBUG] cshmd.analysis (get_mole)                                    : get_mole O - H -> nbonds: 2
05/25 11:03 [DEBUG] cshmd.analysis (get_mole)                                    : get_mole Si - O -> nbonds: 4
05/25 11:03 [DEBUG] cshmd.analysis (get_mole)                                    : get_mole C - O -> nbonds: 3
05/25 11:03 [INFO] cshmd.structure (labeling_by_clayff)                          : All atoms labeled by clayff
05/25 11:03 [INFO] cshmd.structure (labeling_by_clayff)                          : Clayff charge: -0.000
05/25 11:03 [INFO] cshmd.structure (writeCif)                                    : L050_w2750.cif was created
05/25 11:03 [INFO] cif_modifier (__init__)                                       : Total charge: 0 -> 0
05/25 11:03 [DEBUG] cshmd.common (get_logger)                                    : $$$$$$$$$$$$$$  Logger 'cshmd.common........' initialized  $$$$$$$$$$$$$$
05/25 11:03 [DEBUG] cshmd.functions (get_logger)                                 : $$$$$$$$$$$$$$  Logger 'cshmd.functions.....' initialized  $$$$$$$$$$$$$$
05/25 11:03 [DEBUG] cshmd.load (get_logger)                                      : $$$$$$$$$$$$$$  Logger 'cshmd.load..........' initialized  $$$$$$$$$$$$$$
05/25 11:03 [DEBUG] cshmd.analysis (get_logger)                                  : $$$$$$$$$$$$$$  Logger 'cshmd.analysis......' initialized  $$$$$$$$$$$$$$
05/25 11:03 [DEBUG] cshmd.equation (get_logger)                                  : $$$$$$$$$$$$$$  Logger 'cshmd.equation......' initialized  $$$$$$$$$$$$$$
05/25 11:03 [DEBUG] cshmd.structure (get_logger)                                 : $$$$$$$$$$$$$$  Logger 'cshmd.structure.....' initialized  $$$$$$$$$$$$$$
05/25 11:03 [DEBUG] cshmd.builder (get_logger)                                   : $$$$$$$$$$$$$$  Logger 'cshmd.builder.......' initialized  $$$$$$$$$$$$$$
05/25 11:03 [DEBUG] cshmd.trj_analysis (get_logger)                              : $$$$$$$$$$$$$$  Logger 'cshmd.trj_analysis..' initialized  $$$$$$$$$$$$$$
05/25 11:03 [DEBUG] cif_modifier (get_logger)                                    : $$$$$$$$$$$$$$  Logger 'cif_modifier........' initialized  $$$$$$$$$$$$$$
05/25 11:03 [INFO] cif_modifier (<module>)                                       : Logger loaded
05/25 11:03 [INFO] cshmd.structure (__init__)                                    : L060.cif was loaded
05/25 11:03 [DEBUG] cshmd.analysis (__init__)                                    : [Structure] Now new data setted for get Bonds
05/25 11:03 [DEBUG] cshmd.analysis (__del_bond__)                                : del -> Si_O O_H H_O Ca_O C_O BO NBO
05/25 11:03 [DEBUG] cshmd.analysis (__initialize_mole__)                         : initalize -> H2O SiO4 OH CO3 CO2 H3O
05/25 11:03 [DEBUG] cshmd.analysis (__initialize_mole__)                         : initalize -> SiOH CaOH HCO3 H2CO3 H3CO3
05/25 11:03 [DEBUG] cshmd.analysis (find_bond)                                   : find_bond O - H rcut -> 1.2
05/25 11:03 [DEBUG] cshmd.common (time_wrapper)                                  : [RUNTIME] get_distance_table in 0.637 seconds
05/25 11:03 [DEBUG] cshmd.analysis (get_mole)                                    : get_mole O - H -> nbonds: 2
05/25 11:03 [DEBUG] cshmd.analysis (find_bond)                                   : find_bond Si - O rcut -> 2.3
05/25 11:03 [DEBUG] cshmd.common (time_wrapper)                                  : [RUNTIME] get_distance_table in 0.328 seconds
05/25 11:03 [DEBUG] cshmd.analysis (get_mole)                                    : get_mole Si - O -> nbonds: 4
05/25 11:03 [DEBUG] cshmd.analysis (get_mole)                                    : get_mole O - H -> nbonds: 1
05/25 11:03 [DEBUG] cshmd.analysis (find_bond)                                   : find_bond C - O rcut -> 1.6
05/25 11:03 [DEBUG] cshmd.analysis (get_mole)                                    : get_mole C - O -> nbonds: 3
05/25 11:03 [DEBUG] cshmd.analysis (get_mole)                                    : get_mole O - H -> nbonds: 3
05/25 11:03 [DEBUG] cshmd.analysis (find_bond)                                   : find_bond Ca - O rcut -> 3.0
05/25 11:03 [DEBUG] cshmd.common (time_wrapper)                                  : [RUNTIME] get_distance_table in 0.308 seconds
05/25 11:03 [DEBUG] cshmd.analysis (search_basic)                                : Basic search result -> H2O: 576, SiO4: 656, OH: 272, CO3: 0, H3O: 0, Ca_O: 4036
05/25 11:03 [DEBUG] cshmd.analysis (full_search)                                 : Search layer details
05/25 11:03 [DEBUG] cshmd.analysis (set_layer_boundary)                          : Set layer boundary -> 0.24344102250000055 - 0.7445715765749975
05/25 11:03 [DEBUG] cshmd.analysis (find_bond)                                   : find_bond Ca - O rcut -> 2.6
05/25 11:03 [DEBUG] cshmd.analysis (find_bond)                                   : find_bond Ca - O rcut -> 3.1
05/25 11:03 [DEBUG] cshmd.analysis (find_bond)                                   : find_bond Ca - O rcut -> 5.2
05/25 11:03 [DEBUG] cshmd.analysis (_anal_surface_co3_adsorption)                : No 'C' in system
05/25 11:03 [DEBUG] cshmd.analysis (__detail_search_oh_co3)                      : No CO3 in basic search
05/25 11:03 [DEBUG] cshmd.analysis (__detail_search_oh_sioh)                     : Searching 'OH' in 'SiO4
05/25 11:03 [DEBUG] cshmd.analysis (__detail_search_oh_caoh)                     : Searching 'OH' in 'CaOH
05/25 11:03 [DEBUG] cshmd.analysis (find_bond)                                   : find_bond O - H rcut -> 1.15
05/25 11:03 [DEBUG] cshmd.analysis (get_mole)                                    : get_mole O - H -> nbonds: 1
05/25 11:03 [DEBUG] cshmd.analysis (get_mole)                                    : get_mole O - H -> nbonds: 2
05/25 11:03 [DEBUG] cshmd.analysis (find_bond)                                   : find_bond C - O rcut -> 1.4
05/25 11:03 [DEBUG] cshmd.analysis (get_mole)                                    : get_mole C - O -> nbonds: 3
05/25 11:03 [DEBUG] cshmd.analysis (find_bond)                                   : find_bond Si - O rcut -> 1.8
05/25 11:03 [DEBUG] cshmd.analysis (get_mole)                                    : get_mole Si - O -> nbonds: 4
05/25 11:03 [INFO] cshmd.functions (cal_uniform_by_space)                        : Number of molecules to add : 2678
05/25 11:03 [INFO] cshmd.functions (cal_uniform_by_space)                        : Number of atoms per surface : 272
05/25 11:03 [INFO] cshmd.functions (cal_uniform_by_space)                        : Number of layer : 10
05/25 11:03 [INFO] cshmd.structure (extendLattice)                               : Extend lattice 53.882 59.402 27.924 -> 53.882 59.402 45.924 
05/25 11:03 [INFO] cif_modifier (exec_make_interface)                            : MODE -> distribution
05/25 11:03 [INFO] cif_modifier (exec_make_interface)                            : Number of atoms: 5480 -> 13514
05/25 11:03 [INFO] cshmd.structure (labeling_by_clayff)                          : Now get label according to 'Clayff' style
05/25 11:03 [DEBUG] cshmd.analysis (get_mole)                                    : get_mole O - H -> nbonds: 1
05/25 11:03 [DEBUG] cshmd.analysis (get_mole)                                    : get_mole O - H -> nbonds: 2
05/25 11:03 [DEBUG] cshmd.analysis (get_mole)                                    : get_mole Si - O -> nbonds: 4
05/25 11:03 [DEBUG] cshmd.analysis (get_mole)                                    : get_mole C - O -> nbonds: 3
05/25 11:03 [INFO] cshmd.structure (labeling_by_clayff)                          : All atoms labeled by clayff
05/25 11:03 [INFO] cshmd.structure (labeling_by_clayff)                          : Clayff charge: 0.000
05/25 11:03 [INFO] cshmd.structure (writeCif)                                    : L060_w2750.cif was created
05/25 11:03 [INFO] cif_modifier (__init__)                                       : Total charge: 0 -> 0
05/25 11:03 [DEBUG] cshmd.common (get_logger)                                    : $$$$$$$$$$$$$$  Logger 'cshmd.common........' initialized  $$$$$$$$$$$$$$
05/25 11:03 [DEBUG] cshmd.functions (get_logger)                                 : $$$$$$$$$$$$$$  Logger 'cshmd.functions.....' initialized  $$$$$$$$$$$$$$
05/25 11:03 [DEBUG] cshmd.load (get_logger)                                      : $$$$$$$$$$$$$$  Logger 'cshmd.load..........' initialized  $$$$$$$$$$$$$$
05/25 11:03 [DEBUG] cshmd.analysis (get_logger)                                  : $$$$$$$$$$$$$$  Logger 'cshmd.analysis......' initialized  $$$$$$$$$$$$$$
05/25 11:03 [DEBUG] cshmd.equation (get_logger)                                  : $$$$$$$$$$$$$$  Logger 'cshmd.equation......' initialized  $$$$$$$$$$$$$$
05/25 11:03 [DEBUG] cshmd.structure (get_logger)                                 : $$$$$$$$$$$$$$  Logger 'cshmd.structure.....' initialized  $$$$$$$$$$$$$$
05/25 11:03 [DEBUG] cshmd.builder (get_logger)                                   : $$$$$$$$$$$$$$  Logger 'cshmd.builder.......' initialized  $$$$$$$$$$$$$$
05/25 11:03 [DEBUG] cshmd.trj_analysis (get_logger)                              : $$$$$$$$$$$$$$  Logger 'cshmd.trj_analysis..' initialized  $$$$$$$$$$$$$$
05/25 11:03 [DEBUG] cif_modifier (get_logger)                                    : $$$$$$$$$$$$$$  Logger 'cif_modifier........' initialized  $$$$$$$$$$$$$$
05/25 11:03 [INFO] cif_modifier (<module>)                                       : Logger loaded
05/25 11:03 [INFO] cshmd.structure (__init__)                                    : L070.cif was loaded
05/25 11:03 [DEBUG] cshmd.analysis (__init__)                                    : [Structure] Now new data setted for get Bonds
05/25 11:03 [DEBUG] cshmd.analysis (__del_bond__)                                : del -> Si_O O_H H_O Ca_O C_O BO NBO
05/25 11:03 [DEBUG] cshmd.analysis (__initialize_mole__)                         : initalize -> H2O SiO4 OH CO3 CO2 H3O
05/25 11:03 [DEBUG] cshmd.analysis (__initialize_mole__)                         : initalize -> SiOH CaOH HCO3 H2CO3 H3CO3
05/25 11:03 [DEBUG] cshmd.analysis (find_bond)                                   : find_bond O - H rcut -> 1.2
05/25 11:03 [DEBUG] cshmd.common (time_wrapper)                                  : [RUNTIME] get_distance_table in 0.629 seconds
05/25 11:03 [DEBUG] cshmd.analysis (get_mole)                                    : get_mole O - H -> nbonds: 2
05/25 11:03 [DEBUG] cshmd.analysis (find_bond)                                   : find_bond Si - O rcut -> 2.3
05/25 11:03 [DEBUG] cshmd.common (time_wrapper)                                  : [RUNTIME] get_distance_table in 0.318 seconds
05/25 11:03 [DEBUG] cshmd.analysis (get_mole)                                    : get_mole Si - O -> nbonds: 4
05/25 11:03 [DEBUG] cshmd.analysis (get_mole)                                    : get_mole O - H -> nbonds: 1
05/25 11:03 [DEBUG] cshmd.analysis (find_bond)                                   : find_bond C - O rcut -> 1.6
05/25 11:03 [DEBUG] cshmd.analysis (get_mole)                                    : get_mole C - O -> nbonds: 3
05/25 11:03 [DEBUG] cshmd.analysis (get_mole)                                    : get_mole O - H -> nbonds: 3
05/25 11:03 [DEBUG] cshmd.analysis (find_bond)                                   : find_bond Ca - O rcut -> 3.0
05/25 11:03 [DEBUG] cshmd.common (time_wrapper)                                  : [RUNTIME] get_distance_table in 0.294 seconds
05/25 11:03 [DEBUG] cshmd.analysis (search_basic)                                : Basic search result -> H2O: 576, SiO4: 672, OH: 288, CO3: 0, H3O: 0, Ca_O: 4008
05/25 11:03 [DEBUG] cshmd.analysis (full_search)                                 : Search layer details
05/25 11:03 [DEBUG] cshmd.analysis (set_layer_boundary)                          : Set layer boundary -> 0.24344102250000055 - 0.7445715765749975
05/25 11:03 [DEBUG] cshmd.analysis (find_bond)                                   : find_bond Ca - O rcut -> 2.6
05/25 11:03 [DEBUG] cshmd.analysis (find_bond)                                   : find_bond Ca - O rcut -> 3.1
05/25 11:03 [DEBUG] cshmd.analysis (find_bond)                                   : find_bond Ca - O rcut -> 5.2
05/25 11:03 [DEBUG] cshmd.analysis (_anal_surface_co3_adsorption)                : No 'C' in system
05/25 11:03 [DEBUG] cshmd.analysis (__detail_search_oh_co3)                      : No CO3 in basic search
05/25 11:03 [DEBUG] cshmd.analysis (__detail_search_oh_sioh)                     : Searching 'OH' in 'SiO4
05/25 11:03 [DEBUG] cshmd.analysis (__detail_search_oh_caoh)                     : Searching 'OH' in 'CaOH
05/25 11:03 [DEBUG] cshmd.analysis (find_bond)                                   : find_bond O - H rcut -> 1.15
05/25 11:03 [DEBUG] cshmd.analysis (get_mole)                                    : get_mole O - H -> nbonds: 1
05/25 11:03 [DEBUG] cshmd.analysis (get_mole)                                    : get_mole O - H -> nbonds: 2
05/25 11:03 [DEBUG] cshmd.analysis (find_bond)                                   : find_bond C - O rcut -> 1.4
05/25 11:03 [DEBUG] cshmd.analysis (get_mole)                                    : get_mole C - O -> nbonds: 3
05/25 11:03 [DEBUG] cshmd.analysis (find_bond)                                   : find_bond Si - O rcut -> 1.8
05/25 11:03 [DEBUG] cshmd.analysis (get_mole)                                    : get_mole Si - O -> nbonds: 4
05/25 11:03 [INFO] cshmd.functions (cal_uniform_by_space)                        : Number of molecules to add : 2678
05/25 11:03 [INFO] cshmd.functions (cal_uniform_by_space)                        : Number of atoms per surface : 272
05/25 11:03 [INFO] cshmd.functions (cal_uniform_by_space)                        : Number of layer : 10
05/25 11:03 [INFO] cshmd.structure (extendLattice)                               : Extend lattice 53.882 59.402 27.924 -> 53.882 59.402 45.924 
05/25 11:03 [INFO] cif_modifier (exec_make_interface)                            : MODE -> distribution
05/25 11:03 [INFO] cif_modifier (exec_make_interface)                            : Number of atoms: 5520 -> 13554
05/25 11:03 [INFO] cshmd.structure (labeling_by_clayff)                          : Now get label according to 'Clayff' style
05/25 11:03 [DEBUG] cshmd.analysis (get_mole)                                    : get_mole O - H -> nbonds: 1
05/25 11:03 [DEBUG] cshmd.analysis (get_mole)                                    : get_mole O - H -> nbonds: 2
05/25 11:03 [DEBUG] cshmd.analysis (get_mole)                                    : get_mole Si - O -> nbonds: 4
05/25 11:03 [DEBUG] cshmd.analysis (get_mole)                                    : get_mole C - O -> nbonds: 3
05/25 11:03 [INFO] cshmd.structure (labeling_by_clayff)                          : All atoms labeled by clayff
05/25 11:03 [INFO] cshmd.structure (labeling_by_clayff)                          : Clayff charge: 0.000
05/25 11:03 [INFO] cshmd.structure (writeCif)                                    : L070_w2750.cif was created
05/25 11:03 [INFO] cif_modifier (__init__)                                       : Total charge: 0 -> 0
05/25 11:03 [DEBUG] cshmd.common (get_logger)                                    : $$$$$$$$$$$$$$  Logger 'cshmd.common........' initialized  $$$$$$$$$$$$$$
05/25 11:03 [DEBUG] cshmd.functions (get_logger)                                 : $$$$$$$$$$$$$$  Logger 'cshmd.functions.....' initialized  $$$$$$$$$$$$$$
05/25 11:03 [DEBUG] cshmd.load (get_logger)                                      : $$$$$$$$$$$$$$  Logger 'cshmd.load..........' initialized  $$$$$$$$$$$$$$
05/25 11:03 [DEBUG] cshmd.analysis (get_logger)                                  : $$$$$$$$$$$$$$  Logger 'cshmd.analysis......' initialized  $$$$$$$$$$$$$$
05/25 11:03 [DEBUG] cshmd.equation (get_logger)                                  : $$$$$$$$$$$$$$  Logger 'cshmd.equation......' initialized  $$$$$$$$$$$$$$
05/25 11:03 [DEBUG] cshmd.structure (get_logger)                                 : $$$$$$$$$$$$$$  Logger 'cshmd.structure.....' initialized  $$$$$$$$$$$$$$
05/25 11:03 [DEBUG] cshmd.builder (get_logger)                                   : $$$$$$$$$$$$$$  Logger 'cshmd.builder.......' initialized  $$$$$$$$$$$$$$
05/25 11:03 [DEBUG] cshmd.trj_analysis (get_logger)                              : $$$$$$$$$$$$$$  Logger 'cshmd.trj_analysis..' initialized  $$$$$$$$$$$$$$
05/25 11:03 [DEBUG] cif_modifier (get_logger)                                    : $$$$$$$$$$$$$$  Logger 'cif_modifier........' initialized  $$$$$$$$$$$$$$
05/25 11:03 [INFO] cif_modifier (<module>)                                       : Logger loaded
05/25 11:03 [INFO] cshmd.structure (__init__)                                    : L080.cif was loaded
05/25 11:03 [DEBUG] cshmd.analysis (__init__)                                    : [Structure] Now new data setted for get Bonds
05/25 11:03 [DEBUG] cshmd.analysis (__del_bond__)                                : del -> Si_O O_H H_O Ca_O C_O BO NBO
05/25 11:03 [DEBUG] cshmd.analysis (__initialize_mole__)                         : initalize -> H2O SiO4 OH CO3 CO2 H3O
05/25 11:03 [DEBUG] cshmd.analysis (__initialize_mole__)                         : initalize -> SiOH CaOH HCO3 H2CO3 H3CO3
05/25 11:03 [DEBUG] cshmd.analysis (find_bond)                                   : find_bond O - H rcut -> 1.2
05/25 11:03 [DEBUG] cshmd.common (time_wrapper)                                  : [RUNTIME] get_distance_table in 0.729 seconds
05/25 11:03 [DEBUG] cshmd.analysis (get_mole)                                    : get_mole O - H -> nbonds: 2
05/25 11:03 [DEBUG] cshmd.analysis (find_bond)                                   : find_bond Si - O rcut -> 2.3
05/25 11:03 [DEBUG] cshmd.common (time_wrapper)                                  : [RUNTIME] get_distance_table in 0.454 seconds
05/25 11:03 [DEBUG] cshmd.analysis (get_mole)                                    : get_mole Si - O -> nbonds: 4
05/25 11:03 [DEBUG] cshmd.analysis (get_mole)                                    : get_mole O - H -> nbonds: 1
05/25 11:03 [DEBUG] cshmd.analysis (find_bond)                                   : find_bond C - O rcut -> 1.6
05/25 11:03 [DEBUG] cshmd.analysis (get_mole)                                    : get_mole C - O -> nbonds: 3
05/25 11:03 [DEBUG] cshmd.analysis (get_mole)                                    : get_mole O - H -> nbonds: 3
05/25 11:03 [DEBUG] cshmd.analysis (find_bond)                                   : find_bond Ca - O rcut -> 3.0
05/25 11:03 [DEBUG] cshmd.common (time_wrapper)                                  : [RUNTIME] get_distance_table in 0.345 seconds
05/25 11:03 [DEBUG] cshmd.analysis (search_basic)                                : Basic search result -> H2O: 576, SiO4: 680, OH: 296, CO3: 0, H3O: 0, Ca_O: 3994
05/25 11:03 [DEBUG] cshmd.analysis (full_search)                                 : Search layer details
05/25 11:03 [DEBUG] cshmd.analysis (set_layer_boundary)                          : Set layer boundary -> 0.24344102250000055 - 0.7445715765749975
05/25 11:03 [DEBUG] cshmd.analysis (find_bond)                                   : find_bond Ca - O rcut -> 2.6
05/25 11:03 [DEBUG] cshmd.analysis (find_bond)                                   : find_bond Ca - O rcut -> 3.1
05/25 11:03 [DEBUG] cshmd.analysis (find_bond)                                   : find_bond Ca - O rcut -> 5.2
05/25 11:03 [DEBUG] cshmd.analysis (_anal_surface_co3_adsorption)                : No 'C' in system
05/25 11:03 [DEBUG] cshmd.analysis (__detail_search_oh_co3)                      : No CO3 in basic search
05/25 11:03 [DEBUG] cshmd.analysis (__detail_search_oh_sioh)                     : Searching 'OH' in 'SiO4
05/25 11:03 [DEBUG] cshmd.analysis (__detail_search_oh_caoh)                     : Searching 'OH' in 'CaOH
05/25 11:03 [DEBUG] cshmd.analysis (find_bond)                                   : find_bond O - H rcut -> 1.15
05/25 11:03 [DEBUG] cshmd.analysis (get_mole)                                    : get_mole O - H -> nbonds: 1
05/25 11:03 [DEBUG] cshmd.analysis (get_mole)                                    : get_mole O - H -> nbonds: 2
05/25 11:03 [DEBUG] cshmd.analysis (find_bond)                                   : find_bond C - O rcut -> 1.4
05/25 11:03 [DEBUG] cshmd.analysis (get_mole)                                    : get_mole C - O -> nbonds: 3
05/25 11:03 [DEBUG] cshmd.analysis (find_bond)                                   : find_bond Si - O rcut -> 1.8
05/25 11:03 [DEBUG] cshmd.analysis (get_mole)                                    : get_mole Si - O -> nbonds: 4
05/25 11:03 [INFO] cshmd.functions (cal_uniform_by_space)                        : Number of molecules to add : 2678
05/25 11:03 [INFO] cshmd.functions (cal_uniform_by_space)                        : Number of atoms per surface : 272
05/25 11:03 [INFO] cshmd.functions (cal_uniform_by_space)                        : Number of layer : 10
05/25 11:03 [INFO] cshmd.structure (extendLattice)                               : Extend lattice 53.882 59.402 27.924 -> 53.882 59.402 45.924 
05/25 11:03 [INFO] cif_modifier (exec_make_interface)                            : MODE -> distribution
05/25 11:03 [INFO] cif_modifier (exec_make_interface)                            : Number of atoms: 5540 -> 13574
05/25 11:03 [INFO] cshmd.structure (labeling_by_clayff)                          : Now get label according to 'Clayff' style
05/25 11:03 [DEBUG] cshmd.analysis (get_mole)                                    : get_mole O - H -> nbonds: 1
05/25 11:03 [DEBUG] cshmd.analysis (get_mole)                                    : get_mole O - H -> nbonds: 2
05/25 11:03 [DEBUG] cshmd.analysis (get_mole)                                    : get_mole Si - O -> nbonds: 4
05/25 11:03 [DEBUG] cshmd.analysis (get_mole)                                    : get_mole C - O -> nbonds: 3
05/25 11:03 [INFO] cshmd.structure (labeling_by_clayff)                          : All atoms labeled by clayff
05/25 11:03 [INFO] cshmd.structure (labeling_by_clayff)                          : Clayff charge: -0.000
05/25 11:03 [INFO] cshmd.structure (writeCif)                                    : L080_w2750.cif was created
05/25 11:03 [INFO] cif_modifier (__init__)                                       : Total charge: 0 -> 0
05/25 11:03 [DEBUG] cshmd.common (get_logger)                                    : $$$$$$$$$$$$$$  Logger 'cshmd.common........' initialized  $$$$$$$$$$$$$$
05/25 11:03 [DEBUG] cshmd.functions (get_logger)                                 : $$$$$$$$$$$$$$  Logger 'cshmd.functions.....' initialized  $$$$$$$$$$$$$$
05/25 11:03 [DEBUG] cshmd.load (get_logger)                                      : $$$$$$$$$$$$$$  Logger 'cshmd.load..........' initialized  $$$$$$$$$$$$$$
05/25 11:03 [DEBUG] cshmd.analysis (get_logger)                                  : $$$$$$$$$$$$$$  Logger 'cshmd.analysis......' initialized  $$$$$$$$$$$$$$
05/25 11:03 [DEBUG] cshmd.equation (get_logger)                                  : $$$$$$$$$$$$$$  Logger 'cshmd.equation......' initialized  $$$$$$$$$$$$$$
05/25 11:03 [DEBUG] cshmd.structure (get_logger)                                 : $$$$$$$$$$$$$$  Logger 'cshmd.structure.....' initialized  $$$$$$$$$$$$$$
05/25 11:03 [DEBUG] cshmd.builder (get_logger)                                   : $$$$$$$$$$$$$$  Logger 'cshmd.builder.......' initialized  $$$$$$$$$$$$$$
05/25 11:03 [DEBUG] cshmd.trj_analysis (get_logger)                              : $$$$$$$$$$$$$$  Logger 'cshmd.trj_analysis..' initialized  $$$$$$$$$$$$$$
05/25 11:03 [DEBUG] cif_modifier (get_logger)                                    : $$$$$$$$$$$$$$  Logger 'cif_modifier........' initialized  $$$$$$$$$$$$$$
05/25 11:03 [INFO] cif_modifier (<module>)                                       : Logger loaded
05/25 11:03 [INFO] cshmd.structure (__init__)                                    : L100.cif was loaded
05/25 11:03 [DEBUG] cshmd.analysis (__init__)                                    : [Structure] Now new data setted for get Bonds
05/25 11:03 [DEBUG] cshmd.analysis (__del_bond__)                                : del -> Si_O O_H H_O Ca_O C_O BO NBO
05/25 11:03 [DEBUG] cshmd.analysis (__initialize_mole__)                         : initalize -> H2O SiO4 OH CO3 CO2 H3O
05/25 11:03 [DEBUG] cshmd.analysis (__initialize_mole__)                         : initalize -> SiOH CaOH HCO3 H2CO3 H3CO3
05/25 11:03 [DEBUG] cshmd.analysis (find_bond)                                   : find_bond O - H rcut -> 1.2
05/25 11:03 [DEBUG] cshmd.common (time_wrapper)                                  : [RUNTIME] get_distance_table in 0.649 seconds
05/25 11:03 [DEBUG] cshmd.analysis (get_mole)                                    : get_mole O - H -> nbonds: 2
05/25 11:03 [DEBUG] cshmd.analysis (find_bond)                                   : find_bond Si - O rcut -> 2.3
05/25 11:03 [DEBUG] cshmd.common (time_wrapper)                                  : [RUNTIME] get_distance_table in 0.364 seconds
05/25 11:03 [DEBUG] cshmd.analysis (get_mole)                                    : get_mole Si - O -> nbonds: 4
05/25 11:03 [DEBUG] cshmd.analysis (get_mole)                                    : get_mole O - H -> nbonds: 1
05/25 11:03 [DEBUG] cshmd.analysis (find_bond)                                   : find_bond C - O rcut -> 1.6
05/25 11:03 [DEBUG] cshmd.analysis (get_mole)                                    : get_mole C - O -> nbonds: 3
05/25 11:03 [DEBUG] cshmd.analysis (get_mole)                                    : get_mole O - H -> nbonds: 3
05/25 11:03 [DEBUG] cshmd.analysis (find_bond)                                   : find_bond Ca - O rcut -> 3.0
05/25 11:03 [DEBUG] cshmd.common (time_wrapper)                                  : [RUNTIME] get_distance_table in 0.304 seconds
05/25 11:03 [DEBUG] cshmd.analysis (search_basic)                                : Basic search result -> H2O: 576, SiO4: 696, OH: 312, CO3: 0, H3O: 0, Ca_O: 3966
05/25 11:03 [DEBUG] cshmd.analysis (full_search)                                 : Search layer details
05/25 11:03 [DEBUG] cshmd.analysis (set_layer_boundary)                          : Set layer boundary -> 0.24344102250000055 - 0.7445715765749975
05/25 11:03 [DEBUG] cshmd.analysis (find_bond)                                   : find_bond Ca - O rcut -> 2.6
05/25 11:03 [DEBUG] cshmd.analysis (find_bond)                                   : find_bond Ca - O rcut -> 3.1
05/25 11:03 [DEBUG] cshmd.analysis (find_bond)                                   : find_bond Ca - O rcut -> 5.2
05/25 11:03 [DEBUG] cshmd.analysis (_anal_surface_co3_adsorption)                : No 'C' in system
05/25 11:03 [DEBUG] cshmd.analysis (__detail_search_oh_co3)                      : No CO3 in basic search
05/25 11:03 [DEBUG] cshmd.analysis (__detail_search_oh_sioh)                     : Searching 'OH' in 'SiO4
05/25 11:03 [DEBUG] cshmd.analysis (__detail_search_oh_caoh)                     : Searching 'OH' in 'CaOH
05/25 11:03 [DEBUG] cshmd.analysis (find_bond)                                   : find_bond O - H rcut -> 1.15
05/25 11:03 [DEBUG] cshmd.analysis (get_mole)                                    : get_mole O - H -> nbonds: 1
05/25 11:03 [DEBUG] cshmd.analysis (get_mole)                                    : get_mole O - H -> nbonds: 2
05/25 11:03 [DEBUG] cshmd.analysis (find_bond)                                   : find_bond C - O rcut -> 1.4
05/25 11:03 [DEBUG] cshmd.analysis (get_mole)                                    : get_mole C - O -> nbonds: 3
05/25 11:03 [DEBUG] cshmd.analysis (find_bond)                                   : find_bond Si - O rcut -> 1.8
05/25 11:03 [DEBUG] cshmd.analysis (get_mole)                                    : get_mole Si - O -> nbonds: 4
05/25 11:03 [INFO] cshmd.functions (cal_uniform_by_space)                        : Number of molecules to add : 2678
05/25 11:03 [INFO] cshmd.functions (cal_uniform_by_space)                        : Number of atoms per surface : 272
05/25 11:03 [INFO] cshmd.functions (cal_uniform_by_space)                        : Number of layer : 10
05/25 11:03 [INFO] cshmd.structure (extendLattice)                               : Extend lattice 53.882 59.402 27.924 -> 53.882 59.402 45.924 
05/25 11:03 [INFO] cif_modifier (exec_make_interface)                            : MODE -> distribution
05/25 11:03 [INFO] cif_modifier (exec_make_interface)                            : Number of atoms: 5580 -> 13614
05/25 11:03 [INFO] cshmd.structure (labeling_by_clayff)                          : Now get label according to 'Clayff' style
05/25 11:03 [DEBUG] cshmd.analysis (get_mole)                                    : get_mole O - H -> nbonds: 1
05/25 11:03 [DEBUG] cshmd.analysis (get_mole)                                    : get_mole O - H -> nbonds: 2
05/25 11:03 [DEBUG] cshmd.analysis (get_mole)                                    : get_mole Si - O -> nbonds: 4
05/25 11:03 [DEBUG] cshmd.analysis (get_mole)                                    : get_mole C - O -> nbonds: 3
05/25 11:03 [INFO] cshmd.structure (labeling_by_clayff)                          : All atoms labeled by clayff
05/25 11:03 [INFO] cshmd.structure (labeling_by_clayff)                          : Clayff charge: 0.000
05/25 11:03 [INFO] cshmd.structure (writeCif)                                    : L100_w2750.cif was created
05/25 11:03 [INFO] cif_modifier (__init__)                                       : Total charge: 0 -> 0
05/25 11:03 [DEBUG] cshmd.common (get_logger)                                    : $$$$$$$$$$$$$$  Logger 'cshmd.common........' initialized  $$$$$$$$$$$$$$
05/25 11:03 [DEBUG] cshmd.functions (get_logger)                                 : $$$$$$$$$$$$$$  Logger 'cshmd.functions.....' initialized  $$$$$$$$$$$$$$
05/25 11:04 [DEBUG] cshmd.load (get_logger)                                      : $$$$$$$$$$$$$$  Logger 'cshmd.load..........' initialized  $$$$$$$$$$$$$$
05/25 11:04 [DEBUG] cshmd.analysis (get_logger)                                  : $$$$$$$$$$$$$$  Logger 'cshmd.analysis......' initialized  $$$$$$$$$$$$$$
05/25 11:04 [DEBUG] cshmd.equation (get_logger)                                  : $$$$$$$$$$$$$$  Logger 'cshmd.equation......' initialized  $$$$$$$$$$$$$$
05/25 11:04 [DEBUG] cshmd.structure (get_logger)                                 : $$$$$$$$$$$$$$  Logger 'cshmd.structure.....' initialized  $$$$$$$$$$$$$$
05/25 11:04 [DEBUG] cshmd.builder (get_logger)                                   : $$$$$$$$$$$$$$  Logger 'cshmd.builder.......' initialized  $$$$$$$$$$$$$$
05/25 11:04 [DEBUG] cshmd.trj_analysis (get_logger)                              : $$$$$$$$$$$$$$  Logger 'cshmd.trj_analysis..' initialized  $$$$$$$$$$$$$$
05/25 11:04 [DEBUG] cif_modifier (get_logger)                                    : $$$$$$$$$$$$$$  Logger 'cif_modifier........' initialized  $$$$$$$$$$$$$$
05/25 11:04 [INFO] cif_modifier (<module>)                                       : Logger loaded
05/25 11:04 [INFO] cshmd.structure (__init__)                                    : L120.cif was loaded
05/25 11:04 [DEBUG] cshmd.analysis (__init__)                                    : [Structure] Now new data setted for get Bonds
05/25 11:04 [DEBUG] cshmd.analysis (__del_bond__)                                : del -> Si_O O_H H_O Ca_O C_O BO NBO
05/25 11:04 [DEBUG] cshmd.analysis (__initialize_mole__)                         : initalize -> H2O SiO4 OH CO3 CO2 H3O
05/25 11:04 [DEBUG] cshmd.analysis (__initialize_mole__)                         : initalize -> SiOH CaOH HCO3 H2CO3 H3CO3
05/25 11:04 [DEBUG] cshmd.analysis (find_bond)                                   : find_bond O - H rcut -> 1.2
05/25 11:04 [DEBUG] cshmd.common (time_wrapper)                                  : [RUNTIME] get_distance_table in 0.648 seconds
05/25 11:04 [DEBUG] cshmd.analysis (get_mole)                                    : get_mole O - H -> nbonds: 2
05/25 11:04 [DEBUG] cshmd.analysis (find_bond)                                   : find_bond Si - O rcut -> 2.3
05/25 11:04 [DEBUG] cshmd.common (time_wrapper)                                  : [RUNTIME] get_distance_table in 0.399 seconds
05/25 11:04 [DEBUG] cshmd.analysis (get_mole)                                    : get_mole Si - O -> nbonds: 4
05/25 11:04 [DEBUG] cshmd.analysis (get_mole)                                    : get_mole O - H -> nbonds: 1
05/25 11:04 [DEBUG] cshmd.analysis (find_bond)                                   : find_bond C - O rcut -> 1.6
05/25 11:04 [DEBUG] cshmd.analysis (get_mole)                                    : get_mole C - O -> nbonds: 3
05/25 11:04 [DEBUG] cshmd.analysis (get_mole)                                    : get_mole O - H -> nbonds: 3
05/25 11:04 [DEBUG] cshmd.analysis (find_bond)                                   : find_bond Ca - O rcut -> 3.0
05/25 11:04 [DEBUG] cshmd.common (time_wrapper)                                  : [RUNTIME] get_distance_table in 0.291 seconds
05/25 11:04 [DEBUG] cshmd.analysis (search_basic)                                : Basic search result -> H2O: 576, SiO4: 708, OH: 324, CO3: 0, H3O: 0, Ca_O: 3945
05/25 11:04 [DEBUG] cshmd.analysis (full_search)                                 : Search layer details
05/25 11:04 [DEBUG] cshmd.analysis (set_layer_boundary)                          : Set layer boundary -> 0.24344102250000055 - 0.7445715765749975
05/25 11:04 [DEBUG] cshmd.analysis (find_bond)                                   : find_bond Ca - O rcut -> 2.6
05/25 11:04 [DEBUG] cshmd.analysis (find_bond)                                   : find_bond Ca - O rcut -> 3.1
05/25 11:04 [DEBUG] cshmd.analysis (find_bond)                                   : find_bond Ca - O rcut -> 5.2
05/25 11:04 [DEBUG] cshmd.analysis (_anal_surface_co3_adsorption)                : No 'C' in system
05/25 11:04 [DEBUG] cshmd.analysis (__detail_search_oh_co3)                      : No CO3 in basic search
05/25 11:04 [DEBUG] cshmd.analysis (__detail_search_oh_sioh)                     : Searching 'OH' in 'SiO4
05/25 11:04 [DEBUG] cshmd.analysis (__detail_search_oh_caoh)                     : Searching 'OH' in 'CaOH
05/25 11:04 [DEBUG] cshmd.analysis (find_bond)                                   : find_bond O - H rcut -> 1.15
05/25 11:04 [DEBUG] cshmd.analysis (get_mole)                                    : get_mole O - H -> nbonds: 1
05/25 11:04 [DEBUG] cshmd.analysis (get_mole)                                    : get_mole O - H -> nbonds: 2
05/25 11:04 [DEBUG] cshmd.analysis (find_bond)                                   : find_bond C - O rcut -> 1.4
05/25 11:04 [DEBUG] cshmd.analysis (get_mole)                                    : get_mole C - O -> nbonds: 3
05/25 11:04 [DEBUG] cshmd.analysis (find_bond)                                   : find_bond Si - O rcut -> 1.8
05/25 11:04 [DEBUG] cshmd.analysis (get_mole)                                    : get_mole Si - O -> nbonds: 4
05/25 11:04 [INFO] cshmd.functions (cal_uniform_by_space)                        : Number of molecules to add : 2678
05/25 11:04 [INFO] cshmd.functions (cal_uniform_by_space)                        : Number of atoms per surface : 272
05/25 11:04 [INFO] cshmd.functions (cal_uniform_by_space)                        : Number of layer : 10
05/25 11:04 [INFO] cshmd.structure (extendLattice)                               : Extend lattice 53.882 59.402 27.924 -> 53.882 59.402 45.924 
05/25 11:04 [INFO] cif_modifier (exec_make_interface)                            : MODE -> distribution
05/25 11:04 [INFO] cif_modifier (exec_make_interface)                            : Number of atoms: 5610 -> 13644
05/25 11:04 [INFO] cshmd.structure (labeling_by_clayff)                          : Now get label according to 'Clayff' style
05/25 11:04 [DEBUG] cshmd.analysis (get_mole)                                    : get_mole O - H -> nbonds: 1
05/25 11:04 [DEBUG] cshmd.analysis (get_mole)                                    : get_mole O - H -> nbonds: 2
05/25 11:04 [DEBUG] cshmd.analysis (get_mole)                                    : get_mole Si - O -> nbonds: 4
05/25 11:04 [DEBUG] cshmd.analysis (get_mole)                                    : get_mole C - O -> nbonds: 3
05/25 11:04 [INFO] cshmd.structure (labeling_by_clayff)                          : All atoms labeled by clayff
05/25 11:04 [INFO] cshmd.structure (labeling_by_clayff)                          : Clayff charge: 0.000
05/25 11:04 [INFO] cshmd.structure (writeCif)                                    : L120_w2750.cif was created
05/25 11:04 [INFO] cif_modifier (__init__)                                       : Total charge: 0 -> 0
05/25 11:04 [DEBUG] cshmd.common (get_logger)                                    : $$$$$$$$$$$$$$  Logger 'cshmd.common........' initialized  $$$$$$$$$$$$$$
05/25 11:04 [DEBUG] cshmd.functions (get_logger)                                 : $$$$$$$$$$$$$$  Logger 'cshmd.functions.....' initialized  $$$$$$$$$$$$$$
05/25 11:04 [DEBUG] cshmd.load (get_logger)                                      : $$$$$$$$$$$$$$  Logger 'cshmd.load..........' initialized  $$$$$$$$$$$$$$
05/25 11:04 [DEBUG] cshmd.analysis (get_logger)                                  : $$$$$$$$$$$$$$  Logger 'cshmd.analysis......' initialized  $$$$$$$$$$$$$$
05/25 11:04 [DEBUG] cshmd.equation (get_logger)                                  : $$$$$$$$$$$$$$  Logger 'cshmd.equation......' initialized  $$$$$$$$$$$$$$
05/25 11:04 [DEBUG] cshmd.structure (get_logger)                                 : $$$$$$$$$$$$$$  Logger 'cshmd.structure.....' initialized  $$$$$$$$$$$$$$
05/25 11:04 [DEBUG] cshmd.builder (get_logger)                                   : $$$$$$$$$$$$$$  Logger 'cshmd.builder.......' initialized  $$$$$$$$$$$$$$
05/25 11:04 [DEBUG] cshmd.trj_analysis (get_logger)                              : $$$$$$$$$$$$$$  Logger 'cshmd.trj_analysis..' initialized  $$$$$$$$$$$$$$
05/25 11:04 [DEBUG] csh_info (get_logger)                                        : $$$$$$$$$$$$$$  Logger 'csh_info............' initialized  $$$$$$$$$$$$$$
05/25 11:04 [INFO] csh_info (main)                                               : Cif: L020_w2750.cif L025_w2750.cif L030_w2750.cif L035_w2750.cif L040_w2750.cif L045_w2750.cif L050_w2750.cif L060_w2750.cif L070_w2750.cif L080_w2750.cif L100_w2750.cif L120_w2750.cif
05/25 11:04 [INFO] cshmd.structure (__init__)                                    : L020_w2750.cif was loaded
05/25 11:04 [DEBUG] cshmd.analysis (__init__)                                    : [Structure] Now new data setted for get Bonds
05/25 11:04 [DEBUG] cshmd.analysis (__del_bond__)                                : del -> Si_O O_H H_O Ca_O C_O BO NBO
05/25 11:04 [DEBUG] cshmd.analysis (__initialize_mole__)                         : initalize -> H2O SiO4 OH CO3 CO2 H3O
05/25 11:04 [DEBUG] cshmd.analysis (__initialize_mole__)                         : initalize -> SiOH CaOH HCO3 H2CO3 H3CO3
05/25 11:04 [DEBUG] cshmd.analysis (find_bond)                                   : find_bond O - H rcut -> 1.2
05/25 11:04 [DEBUG] cshmd.common (time_wrapper)                                  : [RUNTIME] get_distance_table in 5.721 seconds
05/25 11:04 [DEBUG] cshmd.analysis (get_mole)                                    : get_mole O - H -> nbonds: 2
05/25 11:04 [DEBUG] cshmd.analysis (find_bond)                                   : find_bond Si - O rcut -> 2.3
05/25 11:04 [DEBUG] cshmd.common (time_wrapper)                                  : [RUNTIME] get_distance_table in 0.446 seconds
05/25 11:04 [DEBUG] cshmd.analysis (get_mole)                                    : get_mole Si - O -> nbonds: 4
05/25 11:04 [DEBUG] cshmd.analysis (get_mole)                                    : get_mole O - H -> nbonds: 1
05/25 11:04 [DEBUG] cshmd.analysis (find_bond)                                   : find_bond C - O rcut -> 1.6
05/25 11:04 [DEBUG] cshmd.analysis (get_mole)                                    : get_mole C - O -> nbonds: 3
05/25 11:04 [DEBUG] cshmd.analysis (get_mole)                                    : get_mole O - H -> nbonds: 3
05/25 11:04 [DEBUG] cshmd.analysis (find_bond)                                   : find_bond Ca - O rcut -> 3.0
05/25 11:04 [DEBUG] cshmd.common (time_wrapper)                                  : [RUNTIME] get_distance_table in 0.716 seconds
05/25 11:04 [DEBUG] cshmd.analysis (search_basic)                                : Basic search result -> H2O: 3254, SiO4: 512, OH: 128, CO3: 0, H3O: 0, Ca_O: 4427
05/25 11:04 [DEBUG] cshmd.analysis (full_search)                                 : Search layer details
05/25 11:04 [DEBUG] cshmd.analysis (set_layer_boundary)                          : Set layer boundary -> 0.14802459417500036 - 0.4527376048249997
05/25 11:04 [DEBUG] cshmd.analysis (find_bond)                                   : find_bond Ca - O rcut -> 2.6
05/25 11:04 [DEBUG] cshmd.analysis (find_bond)                                   : find_bond Ca - O rcut -> 3.1
05/25 11:04 [DEBUG] cshmd.analysis (find_bond)                                   : find_bond Ca - O rcut -> 5.2
05/25 11:04 [DEBUG] cshmd.analysis (_anal_surface_co3_adsorption)                : No 'C' in system
05/25 11:04 [DEBUG] cshmd.analysis (__detail_search_oh_co3)                      : No CO3 in basic search
05/25 11:04 [DEBUG] cshmd.analysis (__detail_search_oh_sioh)                     : Searching 'OH' in 'SiO4
05/25 11:04 [DEBUG] cshmd.analysis (__detail_search_oh_caoh)                     : Searching 'OH' in 'CaOH
05/25 11:04 [INFO] cshmd.structure (out2info)                                    : 'L020_w2750.tmp.pkl' was created
05/25 11:04 [INFO] cshmd.structure (__init__)                                    : L025_w2750.cif was loaded
05/25 11:04 [DEBUG] cshmd.analysis (__init__)                                    : [Structure] Now new data setted for get Bonds
05/25 11:04 [DEBUG] cshmd.analysis (__del_bond__)                                : del -> Si_O O_H H_O Ca_O C_O BO NBO
05/25 11:04 [DEBUG] cshmd.analysis (__initialize_mole__)                         : initalize -> H2O SiO4 OH CO3 CO2 H3O
05/25 11:04 [DEBUG] cshmd.analysis (__initialize_mole__)                         : initalize -> SiOH CaOH HCO3 H2CO3 H3CO3
05/25 11:04 [DEBUG] cshmd.analysis (find_bond)                                   : find_bond O - H rcut -> 1.2
05/25 11:04 [DEBUG] cshmd.common (time_wrapper)                                  : [RUNTIME] get_distance_table in 5.817 seconds
05/25 11:04 [DEBUG] cshmd.analysis (get_mole)                                    : get_mole O - H -> nbonds: 2
05/25 11:04 [DEBUG] cshmd.analysis (find_bond)                                   : find_bond Si - O rcut -> 2.3
05/25 11:04 [DEBUG] cshmd.common (time_wrapper)                                  : [RUNTIME] get_distance_table in 0.451 seconds
05/25 11:04 [DEBUG] cshmd.analysis (get_mole)                                    : get_mole Si - O -> nbonds: 4
05/25 11:04 [DEBUG] cshmd.analysis (get_mole)                                    : get_mole O - H -> nbonds: 1
05/25 11:04 [DEBUG] cshmd.analysis (find_bond)                                   : find_bond C - O rcut -> 1.6
05/25 11:04 [DEBUG] cshmd.analysis (get_mole)                                    : get_mole C - O -> nbonds: 3
05/25 11:04 [DEBUG] cshmd.analysis (get_mole)                                    : get_mole O - H -> nbonds: 3
05/25 11:04 [DEBUG] cshmd.analysis (find_bond)                                   : find_bond Ca - O rcut -> 3.0
05/25 11:04 [DEBUG] cshmd.common (time_wrapper)                                  : [RUNTIME] get_distance_table in 0.653 seconds
05/25 11:04 [DEBUG] cshmd.analysis (search_basic)                                : Basic search result -> H2O: 3250, SiO4: 548, OH: 164, CO3: 0, H3O: 4, Ca_O: 4342
05/25 11:04 [DEBUG] cshmd.analysis (full_search)                                 : Search layer details
05/25 11:04 [DEBUG] cshmd.analysis (set_layer_boundary)                          : Set layer boundary -> 0.14802459417500036 - 0.4527376048249997
05/25 11:04 [DEBUG] cshmd.analysis (find_bond)                                   : find_bond Ca - O rcut -> 2.6
05/25 11:04 [DEBUG] cshmd.analysis (find_bond)                                   : find_bond Ca - O rcut -> 3.1
05/25 11:04 [DEBUG] cshmd.analysis (find_bond)                                   : find_bond Ca - O rcut -> 5.2
05/25 11:04 [DEBUG] cshmd.analysis (_anal_surface_co3_adsorption)                : No 'C' in system
05/25 11:04 [DEBUG] cshmd.analysis (__detail_search_oh_co3)                      : No CO3 in basic search
05/25 11:04 [DEBUG] cshmd.analysis (__detail_search_oh_sioh)                     : Searching 'OH' in 'SiO4
05/25 11:04 [DEBUG] cshmd.analysis (__detail_search_oh_caoh)                     : Searching 'OH' in 'CaOH
05/25 11:04 [INFO] cshmd.structure (out2info)                                    : 'L025_w2750.tmp.pkl' was created
05/25 11:04 [INFO] cshmd.structure (__init__)                                    : L030_w2750.cif was loaded
05/25 11:04 [DEBUG] cshmd.analysis (__init__)                                    : [Structure] Now new data setted for get Bonds
05/25 11:04 [DEBUG] cshmd.analysis (__del_bond__)                                : del -> Si_O O_H H_O Ca_O C_O BO NBO
05/25 11:04 [DEBUG] cshmd.analysis (__initialize_mole__)                         : initalize -> H2O SiO4 OH CO3 CO2 H3O
05/25 11:04 [DEBUG] cshmd.analysis (__initialize_mole__)                         : initalize -> SiOH CaOH HCO3 H2CO3 H3CO3
05/25 11:04 [DEBUG] cshmd.analysis (find_bond)                                   : find_bond O - H rcut -> 1.2
05/25 11:05 [DEBUG] cshmd.common (time_wrapper)                                  : [RUNTIME] get_distance_table in 5.729 seconds
05/25 11:05 [DEBUG] cshmd.analysis (get_mole)                                    : get_mole O - H -> nbonds: 2
05/25 11:05 [DEBUG] cshmd.analysis (find_bond)                                   : find_bond Si - O rcut -> 2.3
05/25 11:05 [DEBUG] cshmd.common (time_wrapper)                                  : [RUNTIME] get_distance_table in 0.494 seconds
05/25 11:05 [DEBUG] cshmd.analysis (get_mole)                                    : get_mole Si - O -> nbonds: 4
05/25 11:05 [DEBUG] cshmd.analysis (get_mole)                                    : get_mole O - H -> nbonds: 1
05/25 11:05 [DEBUG] cshmd.analysis (find_bond)                                   : find_bond C - O rcut -> 1.6
05/25 11:05 [DEBUG] cshmd.analysis (get_mole)                                    : get_mole C - O -> nbonds: 3
05/25 11:05 [DEBUG] cshmd.analysis (get_mole)                                    : get_mole O - H -> nbonds: 3
05/25 11:05 [DEBUG] cshmd.analysis (find_bond)                                   : find_bond Ca - O rcut -> 3.0
05/25 11:05 [DEBUG] cshmd.common (time_wrapper)                                  : [RUNTIME] get_distance_table in 0.641 seconds
05/25 11:05 [DEBUG] cshmd.analysis (search_basic)                                : Basic search result -> H2O: 3247, SiO4: 576, OH: 192, CO3: 0, H3O: 7, Ca_O: 4284
05/25 11:05 [DEBUG] cshmd.analysis (full_search)                                 : Search layer details
05/25 11:05 [DEBUG] cshmd.analysis (set_layer_boundary)                          : Set layer boundary -> 0.14802459417500036 - 0.4527376048249997
05/25 11:05 [DEBUG] cshmd.analysis (find_bond)                                   : find_bond Ca - O rcut -> 2.6
05/25 11:05 [DEBUG] cshmd.analysis (find_bond)                                   : find_bond Ca - O rcut -> 3.1
05/25 11:05 [DEBUG] cshmd.analysis (find_bond)                                   : find_bond Ca - O rcut -> 5.2
05/25 11:05 [DEBUG] cshmd.analysis (_anal_surface_co3_adsorption)                : No 'C' in system
05/25 11:05 [DEBUG] cshmd.analysis (__detail_search_oh_co3)                      : No CO3 in basic search
05/25 11:05 [DEBUG] cshmd.analysis (__detail_search_oh_sioh)                     : Searching 'OH' in 'SiO4
05/25 11:05 [DEBUG] cshmd.analysis (__detail_search_oh_caoh)                     : Searching 'OH' in 'CaOH
05/25 11:05 [INFO] cshmd.structure (out2info)                                    : 'L030_w2750.tmp.pkl' was created
05/25 11:05 [INFO] cshmd.structure (__init__)                                    : L035_w2750.cif was loaded
05/25 11:05 [DEBUG] cshmd.analysis (__init__)                                    : [Structure] Now new data setted for get Bonds
05/25 11:05 [DEBUG] cshmd.analysis (__del_bond__)                                : del -> Si_O O_H H_O Ca_O C_O BO NBO
05/25 11:05 [DEBUG] cshmd.analysis (__initialize_mole__)                         : initalize -> H2O SiO4 OH CO3 CO2 H3O
05/25 11:05 [DEBUG] cshmd.analysis (__initialize_mole__)                         : initalize -> SiOH CaOH HCO3 H2CO3 H3CO3
05/25 11:05 [DEBUG] cshmd.analysis (find_bond)                                   : find_bond O - H rcut -> 1.2
05/25 11:05 [DEBUG] cshmd.common (get_logger)                                    : $$$$$$$$$$$$$$  Logger 'cshmd.common........' initialized  $$$$$$$$$$$$$$
05/25 11:05 [DEBUG] cshmd.functions (get_logger)                                 : $$$$$$$$$$$$$$  Logger 'cshmd.functions.....' initialized  $$$$$$$$$$$$$$
05/25 11:05 [DEBUG] cshmd.load (get_logger)                                      : $$$$$$$$$$$$$$  Logger 'cshmd.load..........' initialized  $$$$$$$$$$$$$$
05/25 11:05 [DEBUG] cshmd.analysis (get_logger)                                  : $$$$$$$$$$$$$$  Logger 'cshmd.analysis......' initialized  $$$$$$$$$$$$$$
05/25 11:05 [DEBUG] cshmd.equation (get_logger)                                  : $$$$$$$$$$$$$$  Logger 'cshmd.equation......' initialized  $$$$$$$$$$$$$$
05/25 11:05 [DEBUG] cshmd.structure (get_logger)                                 : $$$$$$$$$$$$$$  Logger 'cshmd.structure.....' initialized  $$$$$$$$$$$$$$
05/25 11:05 [DEBUG] cshmd.builder (get_logger)                                   : $$$$$$$$$$$$$$  Logger 'cshmd.builder.......' initialized  $$$$$$$$$$$$$$
05/25 11:05 [DEBUG] cshmd.trj_analysis (get_logger)                              : $$$$$$$$$$$$$$  Logger 'cshmd.trj_analysis..' initialized  $$$$$$$$$$$$$$
05/25 11:05 [DEBUG] csh_info (get_logger)                                        : $$$$$$$$$$$$$$  Logger 'csh_info............' initialized  $$$$$$$$$$$$$$
05/25 11:05 [DEBUG] cshmd.common (get_logger)                                    : $$$$$$$$$$$$$$  Logger 'cshmd.common........' initialized  $$$$$$$$$$$$$$
05/25 11:05 [DEBUG] cshmd.functions (get_logger)                                 : $$$$$$$$$$$$$$  Logger 'cshmd.functions.....' initialized  $$$$$$$$$$$$$$
05/25 11:05 [DEBUG] cshmd.load (get_logger)                                      : $$$$$$$$$$$$$$  Logger 'cshmd.load..........' initialized  $$$$$$$$$$$$$$
05/25 11:05 [DEBUG] cshmd.analysis (get_logger)                                  : $$$$$$$$$$$$$$  Logger 'cshmd.analysis......' initialized  $$$$$$$$$$$$$$
05/25 11:05 [DEBUG] cshmd.equation (get_logger)                                  : $$$$$$$$$$$$$$  Logger 'cshmd.equation......' initialized  $$$$$$$$$$$$$$
05/25 11:05 [DEBUG] cshmd.structure (get_logger)                                 : $$$$$$$$$$$$$$  Logger 'cshmd.structure.....' initialized  $$$$$$$$$$$$$$
05/25 11:05 [DEBUG] cshmd.builder (get_logger)                                   : $$$$$$$$$$$$$$  Logger 'cshmd.builder.......' initialized  $$$$$$$$$$$$$$
05/25 11:05 [DEBUG] cshmd.trj_analysis (get_logger)                              : $$$$$$$$$$$$$$  Logger 'cshmd.trj_analysis..' initialized  $$$$$$$$$$$$$$
05/25 11:05 [DEBUG] csh_info (get_logger)                                        : $$$$$$$$$$$$$$  Logger 'csh_info............' initialized  $$$$$$$$$$$$$$
05/25 11:05 [INFO] csh_info (main)                                               : Cif: L020_w2750.cif L025_w2750.cif L030_w2750.cif L035_w2750.cif L040_w2750.cif L045_w2750.cif L050_w2750.cif L060_w2750.cif L070_w2750.cif L080_w2750.cif L100_w2750.cif L120_w2750.cif
05/25 11:05 [INFO] cshmd.structure (__init__)                                    : L020_w2750.cif was loaded
05/25 11:05 [DEBUG] cshmd.analysis (__init__)                                    : [Structure] Now new data setted for get Bonds
05/25 11:05 [DEBUG] cshmd.analysis (__del_bond__)                                : del -> Si_O O_H H_O Ca_O C_O BO NBO
05/25 11:05 [DEBUG] cshmd.analysis (__initialize_mole__)                         : initalize -> H2O SiO4 OH CO3 CO2 H3O
05/25 11:05 [DEBUG] cshmd.analysis (__initialize_mole__)                         : initalize -> SiOH CaOH HCO3 H2CO3 H3CO3
05/25 11:05 [DEBUG] cshmd.analysis (find_bond)                                   : find_bond O - H rcut -> 1.2
05/25 11:05 [DEBUG] cshmd.common (time_wrapper)                                  : [RUNTIME] get_distance_table in 5.607 seconds
05/25 11:05 [DEBUG] cshmd.analysis (get_mole)                                    : get_mole O - H -> nbonds: 2
05/25 11:05 [DEBUG] cshmd.analysis (find_bond)                                   : find_bond Si - O rcut -> 2.3
05/25 11:05 [DEBUG] cshmd.common (time_wrapper)                                  : [RUNTIME] get_distance_table in 0.440 seconds
05/25 11:05 [DEBUG] cshmd.analysis (get_mole)                                    : get_mole Si - O -> nbonds: 4
05/25 11:05 [DEBUG] cshmd.analysis (get_mole)                                    : get_mole O - H -> nbonds: 1
05/25 11:05 [DEBUG] cshmd.analysis (find_bond)                                   : find_bond C - O rcut -> 1.6
05/25 11:05 [DEBUG] cshmd.analysis (get_mole)                                    : get_mole C - O -> nbonds: 3
05/25 11:05 [DEBUG] cshmd.analysis (get_mole)                                    : get_mole O - H -> nbonds: 3
05/25 11:05 [DEBUG] cshmd.analysis (find_bond)                                   : find_bond Ca - O rcut -> 3.0
05/25 11:05 [DEBUG] cshmd.common (time_wrapper)                                  : [RUNTIME] get_distance_table in 0.723 seconds
05/25 11:05 [DEBUG] cshmd.analysis (search_basic)                                : Basic search result -> H2O: 3254, SiO4: 512, OH: 128, CO3: 0, H3O: 0, Ca_O: 4427
05/25 11:05 [DEBUG] cshmd.analysis (full_search)                                 : Search layer details
05/25 11:05 [DEBUG] cshmd.analysis (set_layer_boundary)                          : Set layer boundary -> 0.14802459417500036 - 0.4527376048249997
05/25 11:05 [DEBUG] cshmd.analysis (find_bond)                                   : find_bond Ca - O rcut -> 2.6
05/25 11:05 [DEBUG] cshmd.analysis (find_bond)                                   : find_bond Ca - O rcut -> 3.1
05/25 11:05 [DEBUG] cshmd.analysis (find_bond)                                   : find_bond Ca - O rcut -> 5.2
05/25 11:05 [DEBUG] cshmd.analysis (_anal_surface_co3_adsorption)                : No 'C' in system
05/25 11:05 [DEBUG] cshmd.analysis (__detail_search_oh_co3)                      : No CO3 in basic search
05/25 11:05 [DEBUG] cshmd.analysis (__detail_search_oh_sioh)                     : Searching 'OH' in 'SiO4
05/25 11:05 [DEBUG] cshmd.analysis (__detail_search_oh_caoh)                     : Searching 'OH' in 'CaOH
05/25 11:05 [INFO] cshmd.analysis (Qn)                                           : [Structure] Q1: 1.000
05/25 11:05 [INFO] cshmd.analysis (evaluate_csh)                                 : [Structure] BT: 0, PT: 512
05/25 11:05 [DEBUG] cshmd.analysis (__init__)                                    : <class 'cshmd.analysis.Chain'> loaded
05/25 11:05 [DEBUG] cshmd.analysis (__init__)                                    : <class 'cshmd.analysis.Chain'> loaded
05/25 11:05 [DEBUG] cshmd.analysis (__init__)                                    : <class 'cshmd.analysis.Chain'> loaded
05/25 11:05 [DEBUG] cshmd.analysis (__init__)                                    : <class 'cshmd.analysis.Chain'> loaded
05/25 11:05 [INFO] cshmd.analysis (evaluate_csh)                                 : [Structure] CL : Length 2: 64
05/25 11:05 [INFO] cshmd.analysis (evaluate_csh)                                 : [Structure] MCL : 2.000
05/25 11:05 [INFO] cshmd.structure (out2info)                                    : 'L020_w2750.tmp.pkl' was created
05/25 11:05 [INFO] cshmd.structure (__init__)                                    : L025_w2750.cif was loaded
05/25 11:05 [DEBUG] cshmd.analysis (__init__)                                    : [Structure] Now new data setted for get Bonds
05/25 11:05 [DEBUG] cshmd.analysis (__del_bond__)                                : del -> Si_O O_H H_O Ca_O C_O BO NBO
05/25 11:05 [DEBUG] cshmd.analysis (__initialize_mole__)                         : initalize -> H2O SiO4 OH CO3 CO2 H3O
05/25 11:05 [DEBUG] cshmd.analysis (__initialize_mole__)                         : initalize -> SiOH CaOH HCO3 H2CO3 H3CO3
05/25 11:05 [DEBUG] cshmd.analysis (find_bond)                                   : find_bond O - H rcut -> 1.2
05/25 11:05 [DEBUG] cshmd.common (time_wrapper)                                  : [RUNTIME] get_distance_table in 6.046 seconds
05/25 11:05 [DEBUG] cshmd.analysis (get_mole)                                    : get_mole O - H -> nbonds: 2
05/25 11:05 [DEBUG] cshmd.analysis (find_bond)                                   : find_bond Si - O rcut -> 2.3
05/25 11:05 [DEBUG] cshmd.common (time_wrapper)                                  : [RUNTIME] get_distance_table in 0.572 seconds
05/25 11:05 [DEBUG] cshmd.analysis (get_mole)                                    : get_mole Si - O -> nbonds: 4
05/25 11:05 [DEBUG] cshmd.analysis (get_mole)                                    : get_mole O - H -> nbonds: 1
05/25 11:05 [DEBUG] cshmd.analysis (find_bond)                                   : find_bond C - O rcut -> 1.6
05/25 11:05 [DEBUG] cshmd.analysis (get_mole)                                    : get_mole C - O -> nbonds: 3
05/25 11:05 [DEBUG] cshmd.analysis (get_mole)                                    : get_mole O - H -> nbonds: 3
05/25 11:05 [DEBUG] cshmd.analysis (find_bond)                                   : find_bond Ca - O rcut -> 3.0
05/25 11:05 [DEBUG] cshmd.common (time_wrapper)                                  : [RUNTIME] get_distance_table in 0.787 seconds
05/25 11:05 [DEBUG] cshmd.analysis (search_basic)                                : Basic search result -> H2O: 3250, SiO4: 548, OH: 164, CO3: 0, H3O: 4, Ca_O: 4342
05/25 11:05 [DEBUG] cshmd.analysis (full_search)                                 : Search layer details
05/25 11:05 [DEBUG] cshmd.analysis (set_layer_boundary)                          : Set layer boundary -> 0.14802459417500036 - 0.4527376048249997
05/25 11:05 [DEBUG] cshmd.analysis (find_bond)                                   : find_bond Ca - O rcut -> 2.6
05/25 11:05 [DEBUG] cshmd.analysis (find_bond)                                   : find_bond Ca - O rcut -> 3.1
05/25 11:05 [DEBUG] cshmd.analysis (find_bond)                                   : find_bond Ca - O rcut -> 5.2
05/25 11:05 [DEBUG] cshmd.analysis (_anal_surface_co3_adsorption)                : No 'C' in system
05/25 11:05 [DEBUG] cshmd.analysis (__detail_search_oh_co3)                      : No CO3 in basic search
05/25 11:05 [DEBUG] cshmd.analysis (__detail_search_oh_sioh)                     : Searching 'OH' in 'SiO4
05/25 11:05 [DEBUG] cshmd.analysis (__detail_search_oh_caoh)                     : Searching 'OH' in 'CaOH
05/25 11:05 [INFO] cshmd.analysis (Qn)                                           : [Structure] Q1: 0.803
05/25 11:05 [INFO] cshmd.analysis (Qn)                                           : [Structure] Q2: 0.197
05/25 11:05 [INFO] cshmd.analysis (evaluate_csh)                                 : [Structure] BT: 36, PT: 512
05/25 11:05 [DEBUG] cshmd.analysis (__init__)                                    : <class 'cshmd.analysis.Chain'> loaded
05/25 11:05 [DEBUG] cshmd.analysis (__init__)                                    : <class 'cshmd.analysis.Chain'> loaded
05/25 11:05 [DEBUG] cshmd.analysis (__init__)                                    : <class 'cshmd.analysis.Chain'> loaded
05/25 11:05 [DEBUG] cshmd.analysis (__init__)                                    : <class 'cshmd.analysis.Chain'> loaded
05/25 11:05 [INFO] cshmd.analysis (evaluate_csh)                                 : [Structure] CL : Length 2: 46 Length 5: 9
05/25 11:05 [INFO] cshmd.analysis (evaluate_csh)                                 : [Structure] MCL : 2.491
05/25 11:05 [INFO] cshmd.structure (out2info)                                    : 'L025_w2750.tmp.pkl' was created
05/25 11:05 [INFO] cshmd.structure (__init__)                                    : L030_w2750.cif was loaded
05/25 11:05 [DEBUG] cshmd.analysis (__init__)                                    : [Structure] Now new data setted for get Bonds
05/25 11:05 [DEBUG] cshmd.analysis (__del_bond__)                                : del -> Si_O O_H H_O Ca_O C_O BO NBO
05/25 11:05 [DEBUG] cshmd.analysis (__initialize_mole__)                         : initalize -> H2O SiO4 OH CO3 CO2 H3O
05/25 11:05 [DEBUG] cshmd.analysis (__initialize_mole__)                         : initalize -> SiOH CaOH HCO3 H2CO3 H3CO3
05/25 11:05 [DEBUG] cshmd.analysis (find_bond)                                   : find_bond O - H rcut -> 1.2
05/25 11:05 [DEBUG] cshmd.common (time_wrapper)                                  : [RUNTIME] get_distance_table in 7.196 seconds
05/25 11:05 [DEBUG] cshmd.analysis (get_mole)                                    : get_mole O - H -> nbonds: 2
05/25 11:05 [DEBUG] cshmd.analysis (find_bond)                                   : find_bond Si - O rcut -> 2.3
05/25 11:05 [DEBUG] cshmd.common (time_wrapper)                                  : [RUNTIME] get_distance_table in 0.541 seconds
05/25 11:05 [DEBUG] cshmd.analysis (get_mole)                                    : get_mole Si - O -> nbonds: 4
05/25 11:05 [DEBUG] cshmd.analysis (get_mole)                                    : get_mole O - H -> nbonds: 1
05/25 11:05 [DEBUG] cshmd.analysis (find_bond)                                   : find_bond C - O rcut -> 1.6
05/25 11:05 [DEBUG] cshmd.analysis (get_mole)                                    : get_mole C - O -> nbonds: 3
05/25 11:05 [DEBUG] cshmd.analysis (get_mole)                                    : get_mole O - H -> nbonds: 3
05/25 11:05 [DEBUG] cshmd.analysis (find_bond)                                   : find_bond Ca - O rcut -> 3.0
05/25 11:05 [DEBUG] cshmd.common (time_wrapper)                                  : [RUNTIME] get_distance_table in 0.672 seconds
05/25 11:05 [DEBUG] cshmd.analysis (search_basic)                                : Basic search result -> H2O: 3247, SiO4: 576, OH: 192, CO3: 0, H3O: 7, Ca_O: 4284
05/25 11:05 [DEBUG] cshmd.analysis (full_search)                                 : Search layer details
05/25 11:05 [DEBUG] cshmd.analysis (set_layer_boundary)                          : Set layer boundary -> 0.14802459417500036 - 0.4527376048249997
05/25 11:05 [DEBUG] cshmd.analysis (find_bond)                                   : find_bond Ca - O rcut -> 2.6
05/25 11:05 [DEBUG] cshmd.analysis (find_bond)                                   : find_bond Ca - O rcut -> 3.1
05/25 11:05 [DEBUG] cshmd.analysis (find_bond)                                   : find_bond Ca - O rcut -> 5.2
05/25 11:05 [DEBUG] cshmd.analysis (_anal_surface_co3_adsorption)                : No 'C' in system
05/25 11:05 [DEBUG] cshmd.analysis (__detail_search_oh_co3)                      : No CO3 in basic search
05/25 11:05 [DEBUG] cshmd.analysis (__detail_search_oh_sioh)                     : Searching 'OH' in 'SiO4
05/25 11:05 [DEBUG] cshmd.analysis (__detail_search_oh_caoh)                     : Searching 'OH' in 'CaOH
05/25 11:05 [INFO] cshmd.analysis (Qn)                                           : [Structure] Q1: 0.667
05/25 11:05 [INFO] cshmd.analysis (Qn)                                           : [Structure] Q2: 0.333
05/25 11:05 [INFO] cshmd.analysis (evaluate_csh)                                 : [Structure] BT: 64, PT: 512
05/25 11:05 [DEBUG] cshmd.analysis (__init__)                                    : <class 'cshmd.analysis.Chain'> loaded
05/25 11:05 [DEBUG] cshmd.analysis (__init__)                                    : <class 'cshmd.analysis.Chain'> loaded
05/25 11:05 [DEBUG] cshmd.analysis (__init__)                                    : <class 'cshmd.analysis.Chain'> loaded
05/25 11:05 [DEBUG] cshmd.analysis (__init__)                                    : <class 'cshmd.analysis.Chain'> loaded
05/25 11:05 [INFO] cshmd.analysis (evaluate_csh)                                 : [Structure] CL : Length 2: 32 Length 5: 16
05/25 11:05 [INFO] cshmd.analysis (evaluate_csh)                                 : [Structure] MCL : 3.000
05/25 11:05 [INFO] cshmd.structure (out2info)                                    : 'L030_w2750.tmp.pkl' was created
05/25 11:05 [INFO] cshmd.structure (__init__)                                    : L035_w2750.cif was loaded
05/25 11:05 [DEBUG] cshmd.analysis (__init__)                                    : [Structure] Now new data setted for get Bonds
05/25 11:05 [DEBUG] cshmd.analysis (__del_bond__)                                : del -> Si_O O_H H_O Ca_O C_O BO NBO
05/25 11:05 [DEBUG] cshmd.analysis (__initialize_mole__)                         : initalize -> H2O SiO4 OH CO3 CO2 H3O
05/25 11:05 [DEBUG] cshmd.analysis (__initialize_mole__)                         : initalize -> SiOH CaOH HCO3 H2CO3 H3CO3
05/25 11:05 [DEBUG] cshmd.analysis (find_bond)                                   : find_bond O - H rcut -> 1.2
05/25 11:05 [DEBUG] cshmd.common (time_wrapper)                                  : [RUNTIME] get_distance_table in 5.996 seconds
05/25 11:05 [DEBUG] cshmd.analysis (get_mole)                                    : get_mole O - H -> nbonds: 2
05/25 11:05 [DEBUG] cshmd.analysis (find_bond)                                   : find_bond Si - O rcut -> 2.3
05/25 11:05 [DEBUG] cshmd.common (time_wrapper)                                  : [RUNTIME] get_distance_table in 0.544 seconds
05/25 11:05 [DEBUG] cshmd.analysis (get_mole)                                    : get_mole Si - O -> nbonds: 4
05/25 11:05 [DEBUG] cshmd.analysis (get_mole)                                    : get_mole O - H -> nbonds: 1
05/25 11:05 [DEBUG] cshmd.analysis (find_bond)                                   : find_bond C - O rcut -> 1.6
05/25 11:05 [DEBUG] cshmd.analysis (get_mole)                                    : get_mole C - O -> nbonds: 3
05/25 11:05 [DEBUG] cshmd.analysis (get_mole)                                    : get_mole O - H -> nbonds: 3
05/25 11:05 [DEBUG] cshmd.analysis (find_bond)                                   : find_bond Ca - O rcut -> 3.0
05/25 11:05 [DEBUG] cshmd.common (time_wrapper)                                  : [RUNTIME] get_distance_table in 0.693 seconds
05/25 11:05 [DEBUG] cshmd.analysis (search_basic)                                : Basic search result -> H2O: 3242, SiO4: 596, OH: 212, CO3: 0, H3O: 12, Ca_O: 4235
05/25 11:05 [DEBUG] cshmd.analysis (full_search)                                 : Search layer details
05/25 11:05 [DEBUG] cshmd.analysis (set_layer_boundary)                          : Set layer boundary -> 0.14802459417500036 - 0.4527376048249997
05/25 11:05 [DEBUG] cshmd.analysis (find_bond)                                   : find_bond Ca - O rcut -> 2.6
05/25 11:05 [DEBUG] cshmd.analysis (find_bond)                                   : find_bond Ca - O rcut -> 3.1
05/25 11:05 [DEBUG] cshmd.analysis (find_bond)                                   : find_bond Ca - O rcut -> 5.2
05/25 11:05 [DEBUG] cshmd.analysis (_anal_surface_co3_adsorption)                : No 'C' in system
05/25 11:05 [DEBUG] cshmd.analysis (__detail_search_oh_co3)                      : No CO3 in basic search
05/25 11:05 [DEBUG] cshmd.analysis (__detail_search_oh_sioh)                     : Searching 'OH' in 'SiO4
05/25 11:05 [DEBUG] cshmd.analysis (__detail_search_oh_caoh)                     : Searching 'OH' in 'CaOH
05/25 11:05 [INFO] cshmd.analysis (Qn)                                           : [Structure] Q1: 0.577
05/25 11:05 [INFO] cshmd.analysis (Qn)                                           : [Structure] Q2: 0.423
05/25 11:05 [INFO] cshmd.analysis (evaluate_csh)                                 : [Structure] BT: 84, PT: 512
05/25 11:05 [DEBUG] cshmd.analysis (__init__)                                    : <class 'cshmd.analysis.Chain'> loaded
05/25 11:05 [DEBUG] cshmd.analysis (__init__)                                    : <class 'cshmd.analysis.Chain'> loaded
05/25 11:05 [DEBUG] cshmd.analysis (__init__)                                    : <class 'cshmd.analysis.Chain'> loaded
05/25 11:05 [DEBUG] cshmd.analysis (__init__)                                    : <class 'cshmd.analysis.Chain'> loaded
05/25 11:05 [INFO] cshmd.analysis (evaluate_csh)                                 : [Structure] CL : Length 2: 22 Length 5: 21
05/25 11:05 [INFO] cshmd.analysis (evaluate_csh)                                 : [Structure] MCL : 3.465
05/25 11:05 [INFO] cshmd.structure (out2info)                                    : 'L035_w2750.tmp.pkl' was created
05/25 11:05 [INFO] cshmd.structure (__init__)                                    : L040_w2750.cif was loaded
05/25 11:05 [DEBUG] cshmd.analysis (__init__)                                    : [Structure] Now new data setted for get Bonds
05/25 11:05 [DEBUG] cshmd.analysis (__del_bond__)                                : del -> Si_O O_H H_O Ca_O C_O BO NBO
05/25 11:05 [DEBUG] cshmd.analysis (__initialize_mole__)                         : initalize -> H2O SiO4 OH CO3 CO2 H3O
05/25 11:05 [DEBUG] cshmd.analysis (__initialize_mole__)                         : initalize -> SiOH CaOH HCO3 H2CO3 H3CO3
05/25 11:05 [DEBUG] cshmd.analysis (find_bond)                                   : find_bond O - H rcut -> 1.2
05/25 11:05 [DEBUG] cshmd.common (time_wrapper)                                  : [RUNTIME] get_distance_table in 5.937 seconds
05/25 11:05 [DEBUG] cshmd.analysis (get_mole)                                    : get_mole O - H -> nbonds: 2
05/25 11:05 [DEBUG] cshmd.analysis (find_bond)                                   : find_bond Si - O rcut -> 2.3
05/25 11:05 [DEBUG] cshmd.common (time_wrapper)                                  : [RUNTIME] get_distance_table in 0.527 seconds
05/25 11:05 [DEBUG] cshmd.analysis (get_mole)                                    : get_mole Si - O -> nbonds: 4
05/25 11:05 [DEBUG] cshmd.analysis (get_mole)                                    : get_mole O - H -> nbonds: 1
05/25 11:05 [DEBUG] cshmd.analysis (find_bond)                                   : find_bond C - O rcut -> 1.6
05/25 11:05 [DEBUG] cshmd.analysis (get_mole)                                    : get_mole C - O -> nbonds: 3
05/25 11:05 [DEBUG] cshmd.analysis (get_mole)                                    : get_mole O - H -> nbonds: 3
05/25 11:05 [DEBUG] cshmd.analysis (find_bond)                                   : find_bond Ca - O rcut -> 3.0
05/25 11:05 [DEBUG] cshmd.common (time_wrapper)                                  : [RUNTIME] get_distance_table in 0.633 seconds
05/25 11:05 [DEBUG] cshmd.analysis (search_basic)                                : Basic search result -> H2O: 3241, SiO4: 612, OH: 228, CO3: 0, H3O: 13, Ca_O: 4198
05/25 11:05 [DEBUG] cshmd.analysis (full_search)                                 : Search layer details
05/25 11:05 [DEBUG] cshmd.analysis (set_layer_boundary)                          : Set layer boundary -> 0.14802459417500036 - 0.4527376048249997
05/25 11:05 [DEBUG] cshmd.analysis (find_bond)                                   : find_bond Ca - O rcut -> 2.6
05/25 11:05 [DEBUG] cshmd.analysis (find_bond)                                   : find_bond Ca - O rcut -> 3.1
05/25 11:05 [DEBUG] cshmd.analysis (find_bond)                                   : find_bond Ca - O rcut -> 5.2
05/25 11:05 [DEBUG] cshmd.analysis (_anal_surface_co3_adsorption)                : No 'C' in system
05/25 11:05 [DEBUG] cshmd.analysis (__detail_search_oh_co3)                      : No CO3 in basic search
05/25 11:05 [DEBUG] cshmd.analysis (__detail_search_oh_sioh)                     : Searching 'OH' in 'SiO4
05/25 11:05 [DEBUG] cshmd.analysis (__detail_search_oh_caoh)                     : Searching 'OH' in 'CaOH
05/25 11:05 [INFO] cshmd.analysis (Qn)                                           : [Structure] Q1: 0.510
05/25 11:05 [INFO] cshmd.analysis (Qn)                                           : [Structure] Q2: 0.490
05/25 11:05 [INFO] cshmd.analysis (evaluate_csh)                                 : [Structure] BT: 100, PT: 512
05/25 11:05 [DEBUG] cshmd.analysis (__init__)                                    : <class 'cshmd.analysis.Chain'> loaded
05/25 11:05 [DEBUG] cshmd.analysis (__init__)                                    : <class 'cshmd.analysis.Chain'> loaded
05/25 11:05 [DEBUG] cshmd.analysis (__init__)                                    : <class 'cshmd.analysis.Chain'> loaded
05/25 11:05 [DEBUG] cshmd.analysis (__init__)                                    : <class 'cshmd.analysis.Chain'> loaded
05/25 11:05 [INFO] cshmd.analysis (evaluate_csh)                                 : [Structure] CL : Length 2: 14 Length 5: 25
05/25 11:05 [INFO] cshmd.analysis (evaluate_csh)                                 : [Structure] MCL : 3.923
05/25 11:05 [INFO] cshmd.structure (out2info)                                    : 'L040_w2750.tmp.pkl' was created
05/25 11:05 [INFO] cshmd.structure (__init__)                                    : L045_w2750.cif was loaded
05/25 11:05 [DEBUG] cshmd.analysis (__init__)                                    : [Structure] Now new data setted for get Bonds
05/25 11:05 [DEBUG] cshmd.analysis (__del_bond__)                                : del -> Si_O O_H H_O Ca_O C_O BO NBO
05/25 11:05 [DEBUG] cshmd.analysis (__initialize_mole__)                         : initalize -> H2O SiO4 OH CO3 CO2 H3O
05/25 11:05 [DEBUG] cshmd.analysis (__initialize_mole__)                         : initalize -> SiOH CaOH HCO3 H2CO3 H3CO3
05/25 11:05 [DEBUG] cshmd.analysis (find_bond)                                   : find_bond O - H rcut -> 1.2
05/25 11:05 [DEBUG] cshmd.common (time_wrapper)                                  : [RUNTIME] get_distance_table in 5.896 seconds
05/25 11:05 [DEBUG] cshmd.analysis (get_mole)                                    : get_mole O - H -> nbonds: 2
05/25 11:05 [DEBUG] cshmd.analysis (find_bond)                                   : find_bond Si - O rcut -> 2.3
05/25 11:06 [DEBUG] cshmd.common (time_wrapper)                                  : [RUNTIME] get_distance_table in 0.558 seconds
05/25 11:06 [DEBUG] cshmd.analysis (get_mole)                                    : get_mole Si - O -> nbonds: 4
05/25 11:06 [DEBUG] cshmd.analysis (get_mole)                                    : get_mole O - H -> nbonds: 1
05/25 11:06 [DEBUG] cshmd.analysis (find_bond)                                   : find_bond C - O rcut -> 1.6
05/25 11:06 [DEBUG] cshmd.analysis (get_mole)                                    : get_mole C - O -> nbonds: 3
05/25 11:06 [DEBUG] cshmd.analysis (get_mole)                                    : get_mole O - H -> nbonds: 3
05/25 11:06 [DEBUG] cshmd.analysis (find_bond)                                   : find_bond Ca - O rcut -> 3.0
05/25 11:06 [DEBUG] cshmd.common (time_wrapper)                                  : [RUNTIME] get_distance_table in 0.625 seconds
05/25 11:06 [DEBUG] cshmd.analysis (search_basic)                                : Basic search result -> H2O: 3238, SiO4: 628, OH: 244, CO3: 0, H3O: 16, Ca_O: 4163
05/25 11:06 [DEBUG] cshmd.analysis (full_search)                                 : Search layer details
05/25 11:06 [DEBUG] cshmd.analysis (set_layer_boundary)                          : Set layer boundary -> 0.14802459417500036 - 0.4527376048249997
05/25 11:06 [DEBUG] cshmd.analysis (find_bond)                                   : find_bond Ca - O rcut -> 2.6
05/25 11:06 [DEBUG] cshmd.analysis (find_bond)                                   : find_bond Ca - O rcut -> 3.1
05/25 11:06 [DEBUG] cshmd.analysis (find_bond)                                   : find_bond Ca - O rcut -> 5.2
05/25 11:06 [DEBUG] cshmd.analysis (_anal_surface_co3_adsorption)                : No 'C' in system
05/25 11:06 [DEBUG] cshmd.analysis (__detail_search_oh_co3)                      : No CO3 in basic search
05/25 11:06 [DEBUG] cshmd.analysis (__detail_search_oh_sioh)                     : Searching 'OH' in 'SiO4
05/25 11:06 [DEBUG] cshmd.analysis (__detail_search_oh_caoh)                     : Searching 'OH' in 'CaOH
05/25 11:06 [INFO] cshmd.analysis (Qn)                                           : [Structure] Q1: 0.446
05/25 11:06 [INFO] cshmd.analysis (Qn)                                           : [Structure] Q2: 0.554
05/25 11:06 [INFO] cshmd.analysis (evaluate_csh)                                 : [Structure] BT: 116, PT: 512
05/25 11:06 [DEBUG] cshmd.analysis (__init__)                                    : <class 'cshmd.analysis.Chain'> loaded
05/25 11:06 [DEBUG] cshmd.analysis (__init__)                                    : <class 'cshmd.analysis.Chain'> loaded
05/25 11:06 [DEBUG] cshmd.analysis (__init__)                                    : <class 'cshmd.analysis.Chain'> loaded
05/25 11:06 [DEBUG] cshmd.analysis (__init__)                                    : <class 'cshmd.analysis.Chain'> loaded
05/25 11:06 [INFO] cshmd.analysis (evaluate_csh)                                 : [Structure] CL : Length 2: 10 Length 5: 21 Length 8: 4
05/25 11:06 [INFO] cshmd.analysis (evaluate_csh)                                 : [Structure] MCL : 4.486
05/25 11:06 [INFO] cshmd.structure (out2info)                                    : 'L045_w2750.tmp.pkl' was created
05/25 11:06 [INFO] cshmd.structure (__init__)                                    : L050_w2750.cif was loaded
05/25 11:06 [DEBUG] cshmd.analysis (__init__)                                    : [Structure] Now new data setted for get Bonds
05/25 11:06 [DEBUG] cshmd.analysis (__del_bond__)                                : del -> Si_O O_H H_O Ca_O C_O BO NBO
05/25 11:06 [DEBUG] cshmd.analysis (__initialize_mole__)                         : initalize -> H2O SiO4 OH CO3 CO2 H3O
05/25 11:06 [DEBUG] cshmd.analysis (__initialize_mole__)                         : initalize -> SiOH CaOH HCO3 H2CO3 H3CO3
05/25 11:06 [DEBUG] cshmd.analysis (find_bond)                                   : find_bond O - H rcut -> 1.2
05/25 11:06 [DEBUG] cshmd.common (time_wrapper)                                  : [RUNTIME] get_distance_table in 6.060 seconds
05/25 11:06 [DEBUG] cshmd.analysis (get_mole)                                    : get_mole O - H -> nbonds: 2
05/25 11:06 [DEBUG] cshmd.analysis (find_bond)                                   : find_bond Si - O rcut -> 2.3
05/25 11:06 [DEBUG] cshmd.common (time_wrapper)                                  : [RUNTIME] get_distance_table in 0.670 seconds
05/25 11:06 [DEBUG] cshmd.analysis (get_mole)                                    : get_mole Si - O -> nbonds: 4
05/25 11:06 [DEBUG] cshmd.analysis (get_mole)                                    : get_mole O - H -> nbonds: 1
05/25 11:06 [DEBUG] cshmd.analysis (find_bond)                                   : find_bond C - O rcut -> 1.6
05/25 11:06 [DEBUG] cshmd.analysis (get_mole)                                    : get_mole C - O -> nbonds: 3
05/25 11:06 [DEBUG] cshmd.analysis (get_mole)                                    : get_mole O - H -> nbonds: 3
05/25 11:06 [DEBUG] cshmd.analysis (find_bond)                                   : find_bond Ca - O rcut -> 3.0
05/25 11:06 [DEBUG] cshmd.common (time_wrapper)                                  : [RUNTIME] get_distance_table in 0.633 seconds
05/25 11:06 [DEBUG] cshmd.analysis (search_basic)                                : Basic search result -> H2O: 3236, SiO4: 640, OH: 256, CO3: 0, H3O: 18, Ca_O: 4131
05/25 11:06 [DEBUG] cshmd.analysis (full_search)                                 : Search layer details
05/25 11:06 [DEBUG] cshmd.analysis (set_layer_boundary)                          : Set layer boundary -> 0.14802459417500036 - 0.4527376048249997
05/25 11:06 [DEBUG] cshmd.analysis (find_bond)                                   : find_bond Ca - O rcut -> 2.6
05/25 11:06 [DEBUG] cshmd.analysis (find_bond)                                   : find_bond Ca - O rcut -> 3.1
05/25 11:06 [DEBUG] cshmd.analysis (find_bond)                                   : find_bond Ca - O rcut -> 5.2
05/25 11:06 [DEBUG] cshmd.analysis (_anal_surface_co3_adsorption)                : No 'C' in system
05/25 11:06 [DEBUG] cshmd.analysis (__detail_search_oh_co3)                      : No CO3 in basic search
05/25 11:06 [DEBUG] cshmd.analysis (__detail_search_oh_sioh)                     : Searching 'OH' in 'SiO4
05/25 11:06 [DEBUG] cshmd.analysis (__detail_search_oh_caoh)                     : Searching 'OH' in 'CaOH
05/25 11:06 [INFO] cshmd.analysis (Qn)                                           : [Structure] Q1: 0.400
05/25 11:06 [INFO] cshmd.analysis (Qn)                                           : [Structure] Q2: 0.600
05/25 11:06 [INFO] cshmd.analysis (evaluate_csh)                                 : [Structure] BT: 128, PT: 512
05/25 11:06 [DEBUG] cshmd.analysis (__init__)                                    : <class 'cshmd.analysis.Chain'> loaded
05/25 11:06 [DEBUG] cshmd.analysis (__init__)                                    : <class 'cshmd.analysis.Chain'> loaded
05/25 11:06 [DEBUG] cshmd.analysis (__init__)                                    : <class 'cshmd.analysis.Chain'> loaded
05/25 11:06 [DEBUG] cshmd.analysis (__init__)                                    : <class 'cshmd.analysis.Chain'> loaded
05/25 11:06 [INFO] cshmd.analysis (evaluate_csh)                                 : [Structure] CL : Length 2: 8 Length 5: 16 Length 8: 8
05/25 11:06 [INFO] cshmd.analysis (evaluate_csh)                                 : [Structure] MCL : 5.000
05/25 11:06 [INFO] cshmd.structure (out2info)                                    : 'L050_w2750.tmp.pkl' was created
05/25 11:06 [INFO] cshmd.structure (__init__)                                    : L060_w2750.cif was loaded
05/25 11:06 [DEBUG] cshmd.analysis (__init__)                                    : [Structure] Now new data setted for get Bonds
05/25 11:06 [DEBUG] cshmd.analysis (__del_bond__)                                : del -> Si_O O_H H_O Ca_O C_O BO NBO
05/25 11:06 [DEBUG] cshmd.analysis (__initialize_mole__)                         : initalize -> H2O SiO4 OH CO3 CO2 H3O
05/25 11:06 [DEBUG] cshmd.analysis (__initialize_mole__)                         : initalize -> SiOH CaOH HCO3 H2CO3 H3CO3
05/25 11:06 [DEBUG] cshmd.analysis (find_bond)                                   : find_bond O - H rcut -> 1.2
05/25 11:06 [DEBUG] cshmd.common (time_wrapper)                                  : [RUNTIME] get_distance_table in 6.207 seconds
05/25 11:06 [DEBUG] cshmd.analysis (get_mole)                                    : get_mole O - H -> nbonds: 2
05/25 11:06 [DEBUG] cshmd.analysis (find_bond)                                   : find_bond Si - O rcut -> 2.3
05/25 11:06 [DEBUG] cshmd.common (time_wrapper)                                  : [RUNTIME] get_distance_table in 0.593 seconds
05/25 11:06 [DEBUG] cshmd.analysis (get_mole)                                    : get_mole Si - O -> nbonds: 4
05/25 11:06 [DEBUG] cshmd.analysis (get_mole)                                    : get_mole O - H -> nbonds: 1
05/25 11:06 [DEBUG] cshmd.analysis (find_bond)                                   : find_bond C - O rcut -> 1.6
05/25 11:06 [DEBUG] cshmd.analysis (get_mole)                                    : get_mole C - O -> nbonds: 3
05/25 11:06 [DEBUG] cshmd.analysis (get_mole)                                    : get_mole O - H -> nbonds: 3
05/25 11:06 [DEBUG] cshmd.analysis (find_bond)                                   : find_bond Ca - O rcut -> 3.0
05/25 11:06 [DEBUG] cshmd.common (time_wrapper)                                  : [RUNTIME] get_distance_table in 0.598 seconds
05/25 11:06 [DEBUG] cshmd.analysis (search_basic)                                : Basic search result -> H2O: 3236, SiO4: 656, OH: 272, CO3: 0, H3O: 18, Ca_O: 4096
05/25 11:06 [DEBUG] cshmd.analysis (full_search)                                 : Search layer details
05/25 11:06 [DEBUG] cshmd.analysis (set_layer_boundary)                          : Set layer boundary -> 0.14802459417500036 - 0.4527376048249997
05/25 11:06 [DEBUG] cshmd.analysis (find_bond)                                   : find_bond Ca - O rcut -> 2.6
05/25 11:06 [DEBUG] cshmd.analysis (find_bond)                                   : find_bond Ca - O rcut -> 3.1
05/25 11:06 [DEBUG] cshmd.analysis (find_bond)                                   : find_bond Ca - O rcut -> 5.2
05/25 11:06 [DEBUG] cshmd.analysis (_anal_surface_co3_adsorption)                : No 'C' in system
05/25 11:06 [DEBUG] cshmd.analysis (__detail_search_oh_co3)                      : No CO3 in basic search
05/25 11:06 [DEBUG] cshmd.analysis (__detail_search_oh_sioh)                     : Searching 'OH' in 'SiO4
05/25 11:06 [DEBUG] cshmd.analysis (__detail_search_oh_caoh)                     : Searching 'OH' in 'CaOH
05/25 11:06 [INFO] cshmd.analysis (Qn)                                           : [Structure] Q1: 0.341
05/25 11:06 [INFO] cshmd.analysis (Qn)                                           : [Structure] Q2: 0.659
05/25 11:06 [INFO] cshmd.analysis (evaluate_csh)                                 : [Structure] BT: 144, PT: 512
05/25 11:06 [DEBUG] cshmd.analysis (__init__)                                    : <class 'cshmd.analysis.Chain'> loaded
05/25 11:06 [DEBUG] cshmd.analysis (__init__)                                    : <class 'cshmd.analysis.Chain'> loaded
05/25 11:06 [DEBUG] cshmd.analysis (__init__)                                    : <class 'cshmd.analysis.Chain'> loaded
05/25 11:06 [DEBUG] cshmd.analysis (__init__)                                    : <class 'cshmd.analysis.Chain'> loaded
05/25 11:06 [INFO] cshmd.analysis (evaluate_csh)                                 : [Structure] CL : Length 2: 6 Length 5: 9 Length 8: 12 Length 11: 1
05/25 11:06 [INFO] cshmd.analysis (evaluate_csh)                                 : [Structure] MCL : 5.857
05/25 11:06 [INFO] cshmd.structure (out2info)                                    : 'L060_w2750.tmp.pkl' was created
05/25 11:06 [INFO] cshmd.structure (__init__)                                    : L070_w2750.cif was loaded
05/25 11:06 [DEBUG] cshmd.analysis (__init__)                                    : [Structure] Now new data setted for get Bonds
05/25 11:06 [DEBUG] cshmd.analysis (__del_bond__)                                : del -> Si_O O_H H_O Ca_O C_O BO NBO
05/25 11:06 [DEBUG] cshmd.analysis (__initialize_mole__)                         : initalize -> H2O SiO4 OH CO3 CO2 H3O
05/25 11:06 [DEBUG] cshmd.analysis (__initialize_mole__)                         : initalize -> SiOH CaOH HCO3 H2CO3 H3CO3
05/25 11:06 [DEBUG] cshmd.analysis (find_bond)                                   : find_bond O - H rcut -> 1.2
05/25 11:06 [DEBUG] cshmd.common (time_wrapper)                                  : [RUNTIME] get_distance_table in 6.054 seconds
05/25 11:06 [DEBUG] cshmd.analysis (get_mole)                                    : get_mole O - H -> nbonds: 2
05/25 11:06 [DEBUG] cshmd.analysis (find_bond)                                   : find_bond Si - O rcut -> 2.3
05/25 11:06 [DEBUG] cshmd.common (time_wrapper)                                  : [RUNTIME] get_distance_table in 0.586 seconds
05/25 11:06 [DEBUG] cshmd.analysis (get_mole)                                    : get_mole Si - O -> nbonds: 4
05/25 11:06 [DEBUG] cshmd.analysis (get_mole)                                    : get_mole O - H -> nbonds: 1
05/25 11:06 [DEBUG] cshmd.analysis (find_bond)                                   : find_bond C - O rcut -> 1.6
05/25 11:06 [DEBUG] cshmd.analysis (get_mole)                                    : get_mole C - O -> nbonds: 3
05/25 11:06 [DEBUG] cshmd.analysis (get_mole)                                    : get_mole O - H -> nbonds: 3
05/25 11:06 [DEBUG] cshmd.analysis (find_bond)                                   : find_bond Ca - O rcut -> 3.0
05/25 11:06 [DEBUG] cshmd.common (time_wrapper)                                  : [RUNTIME] get_distance_table in 0.603 seconds
05/25 11:06 [DEBUG] cshmd.analysis (search_basic)                                : Basic search result -> H2O: 3235, SiO4: 672, OH: 288, CO3: 0, H3O: 19, Ca_O: 4058
05/25 11:06 [DEBUG] cshmd.analysis (full_search)                                 : Search layer details
05/25 11:06 [DEBUG] cshmd.analysis (set_layer_boundary)                          : Set layer boundary -> 0.14802459417500036 - 0.4527376048249997
05/25 11:06 [DEBUG] cshmd.analysis (find_bond)                                   : find_bond Ca - O rcut -> 2.6
05/25 11:06 [DEBUG] cshmd.analysis (find_bond)                                   : find_bond Ca - O rcut -> 3.1
05/25 11:06 [DEBUG] cshmd.analysis (find_bond)                                   : find_bond Ca - O rcut -> 5.2
05/25 11:06 [DEBUG] cshmd.analysis (_anal_surface_co3_adsorption)                : No 'C' in system
05/25 11:06 [DEBUG] cshmd.analysis (__detail_search_oh_co3)                      : No CO3 in basic search
05/25 11:06 [DEBUG] cshmd.analysis (__detail_search_oh_sioh)                     : Searching 'OH' in 'SiO4
05/25 11:06 [DEBUG] cshmd.analysis (__detail_search_oh_caoh)                     : Searching 'OH' in 'CaOH
05/25 11:06 [INFO] cshmd.analysis (Qn)                                           : [Structure] Q1: 0.286
05/25 11:06 [INFO] cshmd.analysis (Qn)                                           : [Structure] Q2: 0.714
05/25 11:06 [INFO] cshmd.analysis (evaluate_csh)                                 : [Structure] BT: 160, PT: 512
05/25 11:06 [DEBUG] cshmd.analysis (__init__)                                    : <class 'cshmd.analysis.Chain'> loaded
05/25 11:06 [DEBUG] cshmd.analysis (__init__)                                    : <class 'cshmd.analysis.Chain'> loaded
05/25 11:06 [DEBUG] cshmd.analysis (__init__)                                    : <class 'cshmd.analysis.Chain'> loaded
05/25 11:06 [DEBUG] cshmd.analysis (__init__)                                    : <class 'cshmd.analysis.Chain'> loaded
05/25 11:06 [INFO] cshmd.analysis (evaluate_csh)                                 : [Structure] CL : Length 2: 2 Length 5: 7 Length 8: 12 Length 11: 3
05/25 11:06 [INFO] cshmd.analysis (evaluate_csh)                                 : [Structure] MCL : 7.000
05/25 11:06 [INFO] cshmd.structure (out2info)                                    : 'L070_w2750.tmp.pkl' was created
05/25 11:06 [INFO] cshmd.structure (__init__)                                    : L080_w2750.cif was loaded
05/25 11:06 [DEBUG] cshmd.analysis (__init__)                                    : [Structure] Now new data setted for get Bonds
05/25 11:06 [DEBUG] cshmd.analysis (__del_bond__)                                : del -> Si_O O_H H_O Ca_O C_O BO NBO
05/25 11:06 [DEBUG] cshmd.analysis (__initialize_mole__)                         : initalize -> H2O SiO4 OH CO3 CO2 H3O
05/25 11:06 [DEBUG] cshmd.analysis (__initialize_mole__)                         : initalize -> SiOH CaOH HCO3 H2CO3 H3CO3
05/25 11:06 [DEBUG] cshmd.analysis (find_bond)                                   : find_bond O - H rcut -> 1.2
05/25 11:06 [DEBUG] cshmd.common (time_wrapper)                                  : [RUNTIME] get_distance_table in 6.479 seconds
05/25 11:06 [DEBUG] cshmd.analysis (get_mole)                                    : get_mole O - H -> nbonds: 2
05/25 11:06 [DEBUG] cshmd.analysis (find_bond)                                   : find_bond Si - O rcut -> 2.3
05/25 11:06 [DEBUG] cshmd.common (time_wrapper)                                  : [RUNTIME] get_distance_table in 0.754 seconds
05/25 11:06 [DEBUG] cshmd.analysis (get_mole)                                    : get_mole Si - O -> nbonds: 4
05/25 11:06 [DEBUG] cshmd.analysis (get_mole)                                    : get_mole O - H -> nbonds: 1
05/25 11:06 [DEBUG] cshmd.analysis (find_bond)                                   : find_bond C - O rcut -> 1.6
05/25 11:06 [DEBUG] cshmd.analysis (get_mole)                                    : get_mole C - O -> nbonds: 3
05/25 11:06 [DEBUG] cshmd.analysis (get_mole)                                    : get_mole O - H -> nbonds: 3
05/25 11:06 [DEBUG] cshmd.analysis (find_bond)                                   : find_bond Ca - O rcut -> 3.0
05/25 11:06 [DEBUG] cshmd.common (time_wrapper)                                  : [RUNTIME] get_distance_table in 0.630 seconds
05/25 11:06 [DEBUG] cshmd.analysis (search_basic)                                : Basic search result -> H2O: 3233, SiO4: 680, OH: 296, CO3: 0, H3O: 21, Ca_O: 4041
05/25 11:06 [DEBUG] cshmd.analysis (full_search)                                 : Search layer details
05/25 11:06 [DEBUG] cshmd.analysis (set_layer_boundary)                          : Set layer boundary -> 0.14802459417500036 - 0.4527376048249997
05/25 11:06 [DEBUG] cshmd.analysis (find_bond)                                   : find_bond Ca - O rcut -> 2.6
05/25 11:06 [DEBUG] cshmd.analysis (find_bond)                                   : find_bond Ca - O rcut -> 3.1
05/25 11:06 [DEBUG] cshmd.analysis (find_bond)                                   : find_bond Ca - O rcut -> 5.2
05/25 11:06 [DEBUG] cshmd.analysis (_anal_surface_co3_adsorption)                : No 'C' in system
05/25 11:06 [DEBUG] cshmd.analysis (__detail_search_oh_co3)                      : No CO3 in basic search
05/25 11:06 [DEBUG] cshmd.analysis (__detail_search_oh_sioh)                     : Searching 'OH' in 'SiO4
05/25 11:06 [DEBUG] cshmd.analysis (__detail_search_oh_caoh)                     : Searching 'OH' in 'CaOH
05/25 11:06 [INFO] cshmd.analysis (Qn)                                           : [Structure] Q1: 0.259
05/25 11:06 [INFO] cshmd.analysis (Qn)                                           : [Structure] Q2: 0.741
05/25 11:06 [INFO] cshmd.analysis (evaluate_csh)                                 : [Structure] BT: 168, PT: 512
05/25 11:06 [DEBUG] cshmd.analysis (__init__)                                    : <class 'cshmd.analysis.Chain'> loaded
05/25 11:06 [DEBUG] cshmd.analysis (__init__)                                    : <class 'cshmd.analysis.Chain'> loaded
05/25 11:06 [DEBUG] cshmd.analysis (__init__)                                    : <class 'cshmd.analysis.Chain'> loaded
05/25 11:06 [DEBUG] cshmd.analysis (__init__)                                    : <class 'cshmd.analysis.Chain'> loaded
05/25 11:06 [INFO] cshmd.analysis (evaluate_csh)                                 : [Structure] CL : Length 2: 2 Length 5: 4 Length 8: 10 Length 11: 6
05/25 11:06 [INFO] cshmd.analysis (evaluate_csh)                                 : [Structure] MCL : 7.727
05/25 11:06 [INFO] cshmd.structure (out2info)                                    : 'L080_w2750.tmp.pkl' was created
05/25 11:06 [INFO] cshmd.structure (__init__)                                    : L100_w2750.cif was loaded
05/25 11:06 [DEBUG] cshmd.analysis (__init__)                                    : [Structure] Now new data setted for get Bonds
05/25 11:06 [DEBUG] cshmd.analysis (__del_bond__)                                : del -> Si_O O_H H_O Ca_O C_O BO NBO
05/25 11:06 [DEBUG] cshmd.analysis (__initialize_mole__)                         : initalize -> H2O SiO4 OH CO3 CO2 H3O
05/25 11:06 [DEBUG] cshmd.analysis (__initialize_mole__)                         : initalize -> SiOH CaOH HCO3 H2CO3 H3CO3
05/25 11:06 [DEBUG] cshmd.analysis (find_bond)                                   : find_bond O - H rcut -> 1.2
05/25 11:06 [DEBUG] cshmd.common (time_wrapper)                                  : [RUNTIME] get_distance_table in 7.925 seconds
05/25 11:06 [DEBUG] cshmd.analysis (get_mole)                                    : get_mole O - H -> nbonds: 2
05/25 11:06 [DEBUG] cshmd.analysis (find_bond)                                   : find_bond Si - O rcut -> 2.3
05/25 11:06 [DEBUG] cshmd.common (time_wrapper)                                  : [RUNTIME] get_distance_table in 0.785 seconds
05/25 11:06 [DEBUG] cshmd.analysis (get_mole)                                    : get_mole Si - O -> nbonds: 4
05/25 11:06 [DEBUG] cshmd.analysis (get_mole)                                    : get_mole O - H -> nbonds: 1
05/25 11:06 [DEBUG] cshmd.analysis (find_bond)                                   : find_bond C - O rcut -> 1.6
05/25 11:06 [DEBUG] cshmd.analysis (get_mole)                                    : get_mole C - O -> nbonds: 3
05/25 11:06 [DEBUG] cshmd.analysis (get_mole)                                    : get_mole O - H -> nbonds: 3
05/25 11:06 [DEBUG] cshmd.analysis (find_bond)                                   : find_bond Ca - O rcut -> 3.0
05/25 11:06 [DEBUG] cshmd.common (time_wrapper)                                  : [RUNTIME] get_distance_table in 0.608 seconds
05/25 11:06 [DEBUG] cshmd.analysis (search_basic)                                : Basic search result -> H2O: 3233, SiO4: 696, OH: 312, CO3: 0, H3O: 21, Ca_O: 4005
05/25 11:06 [DEBUG] cshmd.analysis (full_search)                                 : Search layer details
05/25 11:06 [DEBUG] cshmd.analysis (set_layer_boundary)                          : Set layer boundary -> 0.14802459417500036 - 0.4527376048249997
05/25 11:06 [DEBUG] cshmd.analysis (find_bond)                                   : find_bond Ca - O rcut -> 2.6
05/25 11:06 [DEBUG] cshmd.analysis (find_bond)                                   : find_bond Ca - O rcut -> 3.1
05/25 11:06 [DEBUG] cshmd.analysis (find_bond)                                   : find_bond Ca - O rcut -> 5.2
05/25 11:06 [DEBUG] cshmd.analysis (_anal_surface_co3_adsorption)                : No 'C' in system
05/25 11:06 [DEBUG] cshmd.analysis (__detail_search_oh_co3)                      : No CO3 in basic search
05/25 11:06 [DEBUG] cshmd.analysis (__detail_search_oh_sioh)                     : Searching 'OH' in 'SiO4
05/25 11:06 [DEBUG] cshmd.analysis (__detail_search_oh_caoh)                     : Searching 'OH' in 'CaOH
05/25 11:06 [INFO] cshmd.analysis (Qn)                                           : [Structure] Q1: 0.207
05/25 11:06 [INFO] cshmd.analysis (Qn)                                           : [Structure] Q2: 0.793
05/25 11:06 [INFO] cshmd.analysis (evaluate_csh)                                 : [Structure] BT: 184, PT: 512
05/25 11:06 [DEBUG] cshmd.analysis (__init__)                                    : <class 'cshmd.analysis.Chain'> loaded
05/25 11:06 [DEBUG] cshmd.analysis (__init__)                                    : <class 'cshmd.analysis.Chain'> loaded
05/25 11:06 [DEBUG] cshmd.analysis (__init__)                                    : <class 'cshmd.analysis.Chain'> loaded
05/25 11:06 [DEBUG] cshmd.analysis (__init__)                                    : <class 'cshmd.analysis.Chain'> loaded
05/25 11:06 [INFO] cshmd.analysis (evaluate_csh)                                 : [Structure] CL : Length 2: 1 Length 5: 2 Length 8: 5 Length 11: 6 Length 14: 4
05/25 11:06 [INFO] cshmd.analysis (evaluate_csh)                                 : [Structure] MCL : 9.667
05/25 11:06 [INFO] cshmd.structure (out2info)                                    : 'L100_w2750.tmp.pkl' was created
05/25 11:06 [INFO] cshmd.structure (__init__)                                    : L120_w2750.cif was loaded
05/25 11:06 [DEBUG] cshmd.analysis (__init__)                                    : [Structure] Now new data setted for get Bonds
05/25 11:06 [DEBUG] cshmd.analysis (__del_bond__)                                : del -> Si_O O_H H_O Ca_O C_O BO NBO
05/25 11:06 [DEBUG] cshmd.analysis (__initialize_mole__)                         : initalize -> H2O SiO4 OH CO3 CO2 H3O
05/25 11:06 [DEBUG] cshmd.analysis (__initialize_mole__)                         : initalize -> SiOH CaOH HCO3 H2CO3 H3CO3
05/25 11:06 [DEBUG] cshmd.analysis (find_bond)                                   : find_bond O - H rcut -> 1.2
05/25 11:06 [DEBUG] cshmd.common (time_wrapper)                                  : [RUNTIME] get_distance_table in 6.642 seconds
05/25 11:06 [DEBUG] cshmd.analysis (get_mole)                                    : get_mole O - H -> nbonds: 2
05/25 11:06 [DEBUG] cshmd.analysis (find_bond)                                   : find_bond Si - O rcut -> 2.3
05/25 11:06 [DEBUG] cshmd.common (time_wrapper)                                  : [RUNTIME] get_distance_table in 0.766 seconds
05/25 11:06 [DEBUG] cshmd.analysis (get_mole)                                    : get_mole Si - O -> nbonds: 4
05/25 11:06 [DEBUG] cshmd.analysis (get_mole)                                    : get_mole O - H -> nbonds: 1
05/25 11:06 [DEBUG] cshmd.analysis (find_bond)                                   : find_bond C - O rcut -> 1.6
05/25 11:06 [DEBUG] cshmd.analysis (get_mole)                                    : get_mole C - O -> nbonds: 3
05/25 11:06 [DEBUG] cshmd.analysis (get_mole)                                    : get_mole O - H -> nbonds: 3
05/25 11:06 [DEBUG] cshmd.analysis (find_bond)                                   : find_bond Ca - O rcut -> 3.0
05/25 11:06 [DEBUG] cshmd.common (time_wrapper)                                  : [RUNTIME] get_distance_table in 1.002 seconds
05/25 11:06 [DEBUG] cshmd.analysis (search_basic)                                : Basic search result -> H2O: 3232, SiO4: 708, OH: 324, CO3: 0, H3O: 22, Ca_O: 3979
05/25 11:06 [DEBUG] cshmd.analysis (full_search)                                 : Search layer details
05/25 11:06 [DEBUG] cshmd.analysis (set_layer_boundary)                          : Set layer boundary -> 0.14802459417500036 - 0.4527376048249997
05/25 11:06 [DEBUG] cshmd.analysis (find_bond)                                   : find_bond Ca - O rcut -> 2.6
05/25 11:06 [DEBUG] cshmd.analysis (find_bond)                                   : find_bond Ca - O rcut -> 3.1
05/25 11:06 [DEBUG] cshmd.analysis (find_bond)                                   : find_bond Ca - O rcut -> 5.2
05/25 11:06 [DEBUG] cshmd.analysis (_anal_surface_co3_adsorption)                : No 'C' in system
05/25 11:06 [DEBUG] cshmd.analysis (__detail_search_oh_co3)                      : No CO3 in basic search
05/25 11:06 [DEBUG] cshmd.analysis (__detail_search_oh_sioh)                     : Searching 'OH' in 'SiO4
05/25 11:06 [DEBUG] cshmd.analysis (__detail_search_oh_caoh)                     : Searching 'OH' in 'CaOH
05/25 11:06 [INFO] cshmd.analysis (Qn)                                           : [Structure] Q1: 0.169
05/25 11:06 [INFO] cshmd.analysis (Qn)                                           : [Structure] Q2: 0.831
05/25 11:06 [INFO] cshmd.analysis (evaluate_csh)                                 : [Structure] BT: 196, PT: 512
05/25 11:06 [DEBUG] cshmd.analysis (__init__)                                    : <class 'cshmd.analysis.Chain'> loaded
05/25 11:06 [DEBUG] cshmd.analysis (__init__)                                    : <class 'cshmd.analysis.Chain'> loaded
05/25 11:06 [DEBUG] cshmd.analysis (__init__)                                    : <class 'cshmd.analysis.Chain'> loaded
05/25 11:06 [DEBUG] cshmd.analysis (__init__)                                    : <class 'cshmd.analysis.Chain'> loaded
05/25 11:06 [INFO] cshmd.analysis (evaluate_csh)                                 : [Structure] CL : Length 5: 1 Length 8: 1 Length 11: 10 Length 14: 1 Length 17: 1 Length 23: 1
05/25 11:06 [INFO] cshmd.analysis (evaluate_csh)                                 : [Structure] MCL : 11.800
05/25 11:06 [INFO] cshmd.structure (out2info)                                    : 'L120_w2750.tmp.pkl' was created
05/25 11:07 [DEBUG] cshmd.common (get_logger)                                    : $$$$$$$$$$$$$$  Logger 'cshmd.common........' initialized  $$$$$$$$$$$$$$
05/25 11:07 [DEBUG] cshmd.functions (get_logger)                                 : $$$$$$$$$$$$$$  Logger 'cshmd.functions.....' initialized  $$$$$$$$$$$$$$
05/25 11:07 [DEBUG] cshmd.load (get_logger)                                      : $$$$$$$$$$$$$$  Logger 'cshmd.load..........' initialized  $$$$$$$$$$$$$$
05/25 11:07 [DEBUG] cshmd.analysis (get_logger)                                  : $$$$$$$$$$$$$$  Logger 'cshmd.analysis......' initialized  $$$$$$$$$$$$$$
05/25 11:07 [DEBUG] cshmd.equation (get_logger)                                  : $$$$$$$$$$$$$$  Logger 'cshmd.equation......' initialized  $$$$$$$$$$$$$$
05/25 11:07 [DEBUG] cshmd.structure (get_logger)                                 : $$$$$$$$$$$$$$  Logger 'cshmd.structure.....' initialized  $$$$$$$$$$$$$$
05/25 11:07 [DEBUG] cshmd.builder (get_logger)                                   : $$$$$$$$$$$$$$  Logger 'cshmd.builder.......' initialized  $$$$$$$$$$$$$$
05/25 11:07 [DEBUG] cshmd.trj_analysis (get_logger)                              : $$$$$$$$$$$$$$  Logger 'cshmd.trj_analysis..' initialized  $$$$$$$$$$$$$$
05/25 11:07 [DEBUG] table_csh_info (get_logger)                                  : $$$$$$$$$$$$$$  Logger 'table_csh_info......' initialized  $$$$$$$$$$$$$$
05/25 11:07 [INFO] table_csh_info (<module>)                                     : Found 26 files
05/25 11:07 [INFO] table_csh_info (<module>)                                     : [PosixPath('L025_w2750.tmp.pkl'), PosixPath('L045_w2750.tmp.pkl'), PosixPath('L035_w2750.tmp.pkl'), PosixPath('L070_w2750.tmp.pkl'), PosixPath('L120_w2750.tmp.pkl'), PosixPath('L080_w2750.tmp.pkl'), PosixPath('L060_w2750.tmp.pkl'), PosixPath('L040_w2750.tmp.pkl'), PosixPath('L030_w2750.tmp.pkl'), PosixPath('L020_w2750.tmp.pkl'), PosixPath('L050_w2750.tmp.pkl'), PosixPath('L100_w2750.tmp.pkl'), PosixPath('prism_auto/L120_w2750.tmp.pkl'), PosixPath('prism_auto_c60/L030_w2750_c20.tmp.pkl'), PosixPath('L020_w2750.tmp.pkl'), PosixPath('L025_w2750.tmp.pkl'), PosixPath('L030_w2750.tmp.pkl'), PosixPath('L035_w2750.tmp.pkl'), PosixPath('L040_w2750.tmp.pkl'), PosixPath('L045_w2750.tmp.pkl'), PosixPath('L050_w2750.tmp.pkl'), PosixPath('L060_w2750.tmp.pkl'), PosixPath('L070_w2750.tmp.pkl'), PosixPath('L080_w2750.tmp.pkl'), PosixPath('L100_w2750.tmp.pkl'), PosixPath('L120_w2750.tmp.pkl')]
05/25 11:21 [DEBUG] cshmd.common (get_logger)                                    : $$$$$$$$$$$$$$  Logger 'cshmd.common........' initialized  $$$$$$$$$$$$$$
05/25 11:21 [DEBUG] cshmd.functions (get_logger)                                 : $$$$$$$$$$$$$$  Logger 'cshmd.functions.....' initialized  $$$$$$$$$$$$$$
05/25 11:21 [DEBUG] cshmd.load (get_logger)                                      : $$$$$$$$$$$$$$  Logger 'cshmd.load..........' initialized  $$$$$$$$$$$$$$
05/25 11:21 [DEBUG] cshmd.analysis (get_logger)                                  : $$$$$$$$$$$$$$  Logger 'cshmd.analysis......' initialized  $$$$$$$$$$$$$$
05/25 11:21 [DEBUG] cshmd.equation (get_logger)                                  : $$$$$$$$$$$$$$  Logger 'cshmd.equation......' initialized  $$$$$$$$$$$$$$
05/25 11:21 [DEBUG] cshmd.structure (get_logger)                                 : $$$$$$$$$$$$$$  Logger 'cshmd.structure.....' initialized  $$$$$$$$$$$$$$
05/25 11:21 [DEBUG] cshmd.builder (get_logger)                                   : $$$$$$$$$$$$$$  Logger 'cshmd.builder.......' initialized  $$$$$$$$$$$$$$
05/25 11:21 [DEBUG] cshmd.trj_analysis (get_logger)                              : $$$$$$$$$$$$$$  Logger 'cshmd.trj_analysis..' initialized  $$$$$$$$$$$$$$
05/25 11:21 [DEBUG] csh_info (get_logger)                                        : $$$$$$$$$$$$$$  Logger 'csh_info............' initialized  $$$$$$$$$$$$$$
05/25 11:22 [DEBUG] cshmd.common (get_logger)                                    : $$$$$$$$$$$$$$  Logger 'cshmd.common........' initialized  $$$$$$$$$$$$$$
05/25 11:22 [DEBUG] cshmd.functions (get_logger)                                 : $$$$$$$$$$$$$$  Logger 'cshmd.functions.....' initialized  $$$$$$$$$$$$$$
05/25 11:22 [DEBUG] cshmd.load (get_logger)                                      : $$$$$$$$$$$$$$  Logger 'cshmd.load..........' initialized  $$$$$$$$$$$$$$
05/25 11:22 [DEBUG] cshmd.analysis (get_logger)                                  : $$$$$$$$$$$$$$  Logger 'cshmd.analysis......' initialized  $$$$$$$$$$$$$$
05/25 11:22 [DEBUG] cshmd.equation (get_logger)                                  : $$$$$$$$$$$$$$  Logger 'cshmd.equation......' initialized  $$$$$$$$$$$$$$
05/25 11:22 [DEBUG] cshmd.structure (get_logger)                                 : $$$$$$$$$$$$$$  Logger 'cshmd.structure.....' initialized  $$$$$$$$$$$$$$
05/25 11:22 [DEBUG] cshmd.builder (get_logger)                                   : $$$$$$$$$$$$$$  Logger 'cshmd.builder.......' initialized  $$$$$$$$$$$$$$
05/25 11:22 [DEBUG] cshmd.trj_analysis (get_logger)                              : $$$$$$$$$$$$$$  Logger 'cshmd.trj_analysis..' initialized  $$$$$$$$$$$$$$
05/25 11:22 [DEBUG] csh_info (get_logger)                                        : $$$$$$$$$$$$$$  Logger 'csh_info............' initialized  $$$$$$$$$$$$$$
05/25 11:23 [DEBUG] cshmd.common (get_logger)                                    : $$$$$$$$$$$$$$  Logger 'cshmd.common........' initialized  $$$$$$$$$$$$$$
05/25 11:23 [DEBUG] cshmd.functions (get_logger)                                 : $$$$$$$$$$$$$$  Logger 'cshmd.functions.....' initialized  $$$$$$$$$$$$$$
05/25 11:23 [DEBUG] cshmd.load (get_logger)                                      : $$$$$$$$$$$$$$  Logger 'cshmd.load..........' initialized  $$$$$$$$$$$$$$
05/25 11:23 [DEBUG] cshmd.analysis (get_logger)                                  : $$$$$$$$$$$$$$  Logger 'cshmd.analysis......' initialized  $$$$$$$$$$$$$$
05/25 11:23 [DEBUG] cshmd.equation (get_logger)                                  : $$$$$$$$$$$$$$  Logger 'cshmd.equation......' initialized  $$$$$$$$$$$$$$
05/25 11:23 [DEBUG] cshmd.structure (get_logger)                                 : $$$$$$$$$$$$$$  Logger 'cshmd.structure.....' initialized  $$$$$$$$$$$$$$
05/25 11:23 [DEBUG] cshmd.builder (get_logger)                                   : $$$$$$$$$$$$$$  Logger 'cshmd.builder.......' initialized  $$$$$$$$$$$$$$
05/25 11:23 [DEBUG] cshmd.trj_analysis (get_logger)                              : $$$$$$$$$$$$$$  Logger 'cshmd.trj_analysis..' initialized  $$$$$$$$$$$$$$
05/25 11:23 [DEBUG] csh_info (get_logger)                                        : $$$$$$$$$$$$$$  Logger 'csh_info............' initialized  $$$$$$$$$$$$$$
05/25 11:23 [INFO] csh_info (main)                                               : Cif: L020_w2750.cif L035.cif L020.cif L030.cif L070_w2750.cif L025.cif L045_w2750.cif L040.cif L120.cif L025_w2750_c50.cif L035_w2750.cif L080.cif L045_w2750_c50.cif L050_w2750.cif L050.cif L035_w2750_c50.cif L080_w2750.cif L045.cif L100.cif L040_w2750_c50.cif L060_w2750.cif L060.cif L030_w2750_c50.cif L120_w2750.cif L020_w2750_c50.cif L030_w2750.cif L050_w2750_c50.cif L100_w2750_c50.cif L070.cif L040_w2750.cif L070_w2750_c50.cif L120_w2750_c50.cif L080_w2750_c50.cif L100_w2750.cif L060_w2750_c50.cif L025_w2750.cif
05/25 11:23 [INFO] cshmd.structure (__init__)                                    : L020_w2750.cif was loaded
05/25 11:23 [DEBUG] cshmd.analysis (__init__)                                    : [Structure] Now new data setted for get Bonds
05/25 11:23 [DEBUG] cshmd.analysis (__del_bond__)                                : del -> Si_O O_H H_O Ca_O C_O BO NBO
05/25 11:23 [DEBUG] cshmd.analysis (__initialize_mole__)                         : initalize -> H2O SiO4 OH CO3 CO2 H3O
05/25 11:23 [DEBUG] cshmd.analysis (__initialize_mole__)                         : initalize -> SiOH CaOH HCO3 H2CO3 H3CO3
05/25 11:23 [DEBUG] cshmd.analysis (find_bond)                                   : find_bond O - H rcut -> 1.2
05/25 11:23 [DEBUG] cshmd.common (time_wrapper)                                  : [RUNTIME] get_distance_table in 5.942 seconds
05/25 11:23 [DEBUG] cshmd.analysis (get_mole)                                    : get_mole O - H -> nbonds: 2
05/25 11:23 [DEBUG] cshmd.analysis (find_bond)                                   : find_bond Si - O rcut -> 2.3
05/25 11:23 [DEBUG] cshmd.common (time_wrapper)                                  : [RUNTIME] get_distance_table in 0.531 seconds
05/25 11:23 [DEBUG] cshmd.analysis (get_mole)                                    : get_mole Si - O -> nbonds: 4
05/25 11:23 [DEBUG] cshmd.analysis (get_mole)                                    : get_mole O - H -> nbonds: 1
05/25 11:23 [DEBUG] cshmd.analysis (find_bond)                                   : find_bond C - O rcut -> 1.6
05/25 11:23 [DEBUG] cshmd.analysis (get_mole)                                    : get_mole C - O -> nbonds: 3
05/25 11:23 [DEBUG] cshmd.analysis (get_mole)                                    : get_mole O - H -> nbonds: 3
05/25 11:23 [DEBUG] cshmd.analysis (find_bond)                                   : find_bond Ca - O rcut -> 3.0
05/25 11:23 [DEBUG] cshmd.common (time_wrapper)                                  : [RUNTIME] get_distance_table in 0.754 seconds
05/25 11:23 [DEBUG] cshmd.analysis (search_basic)                                : Basic search result -> H2O: 3254, SiO4: 512, OH: 128, CO3: 0, H3O: 0, Ca_O: 4427
05/25 11:23 [DEBUG] cshmd.analysis (full_search)                                 : Search layer details
05/25 11:23 [DEBUG] cshmd.analysis (set_layer_boundary)                          : Set layer boundary -> 0.14802459417500036 - 0.4527376048249997
05/25 11:23 [DEBUG] cshmd.analysis (find_bond)                                   : find_bond Ca - O rcut -> 2.6
05/25 11:23 [DEBUG] cshmd.analysis (find_bond)                                   : find_bond Ca - O rcut -> 3.1
05/25 11:23 [DEBUG] cshmd.analysis (find_bond)                                   : find_bond Ca - O rcut -> 5.2
05/25 11:23 [DEBUG] cshmd.analysis (_anal_surface_co3_adsorption)                : No 'C' in system
05/25 11:23 [DEBUG] cshmd.analysis (__detail_search_oh_co3)                      : No CO3 in basic search
05/25 11:23 [DEBUG] cshmd.analysis (__detail_search_oh_sioh)                     : Searching 'OH' in 'SiO4
05/25 11:23 [DEBUG] cshmd.analysis (__detail_search_oh_caoh)                     : Searching 'OH' in 'CaOH
05/25 11:23 [INFO] cshmd.structure (out2info)                                    : 'L020_w2750.tmp.pkl' was created
05/25 11:23 [INFO] cshmd.structure (__init__)                                    : L035.cif was loaded
05/25 11:23 [DEBUG] cshmd.analysis (__init__)                                    : [Structure] Now new data setted for get Bonds
05/25 11:23 [DEBUG] cshmd.analysis (__del_bond__)                                : del -> Si_O O_H H_O Ca_O C_O BO NBO
05/25 11:23 [DEBUG] cshmd.analysis (__initialize_mole__)                         : initalize -> H2O SiO4 OH CO3 CO2 H3O
05/25 11:23 [DEBUG] cshmd.analysis (__initialize_mole__)                         : initalize -> SiOH CaOH HCO3 H2CO3 H3CO3
05/25 11:23 [DEBUG] cshmd.analysis (find_bond)                                   : find_bond O - H rcut -> 1.2
05/25 11:23 [DEBUG] cshmd.common (time_wrapper)                                  : [RUNTIME] get_distance_table in 0.587 seconds
05/25 11:23 [DEBUG] cshmd.analysis (get_mole)                                    : get_mole O - H -> nbonds: 2
05/25 11:23 [DEBUG] cshmd.analysis (find_bond)                                   : find_bond Si - O rcut -> 2.3
05/25 11:23 [DEBUG] cshmd.common (time_wrapper)                                  : [RUNTIME] get_distance_table in 0.272 seconds
05/25 11:23 [DEBUG] cshmd.analysis (get_mole)                                    : get_mole Si - O -> nbonds: 4
05/25 11:23 [DEBUG] cshmd.analysis (get_mole)                                    : get_mole O - H -> nbonds: 1
05/25 11:23 [DEBUG] cshmd.analysis (find_bond)                                   : find_bond C - O rcut -> 1.6
05/25 11:23 [DEBUG] cshmd.analysis (get_mole)                                    : get_mole C - O -> nbonds: 3
05/25 11:23 [DEBUG] cshmd.analysis (get_mole)                                    : get_mole O - H -> nbonds: 3
05/25 11:23 [DEBUG] cshmd.analysis (find_bond)                                   : find_bond Ca - O rcut -> 3.0
05/25 11:23 [DEBUG] cshmd.common (time_wrapper)                                  : [RUNTIME] get_distance_table in 0.334 seconds
05/25 11:23 [DEBUG] cshmd.analysis (search_basic)                                : Basic search result -> H2O: 576, SiO4: 596, OH: 212, CO3: 0, H3O: 0, Ca_O: 4141
05/25 11:23 [DEBUG] cshmd.analysis (full_search)                                 : Search layer details
05/25 11:23 [DEBUG] cshmd.analysis (set_layer_boundary)                          : Set layer boundary -> 0.24344102250000055 - 0.7445715765749975
05/25 11:23 [DEBUG] cshmd.analysis (find_bond)                                   : find_bond Ca - O rcut -> 2.6
05/25 11:23 [DEBUG] cshmd.analysis (find_bond)                                   : find_bond Ca - O rcut -> 3.1
05/25 11:23 [DEBUG] cshmd.analysis (find_bond)                                   : find_bond Ca - O rcut -> 5.2
05/25 11:23 [DEBUG] cshmd.analysis (_anal_surface_co3_adsorption)                : No 'C' in system
05/25 11:23 [DEBUG] cshmd.analysis (__detail_search_oh_co3)                      : No CO3 in basic search
05/25 11:23 [DEBUG] cshmd.analysis (__detail_search_oh_sioh)                     : Searching 'OH' in 'SiO4
05/25 11:23 [DEBUG] cshmd.analysis (__detail_search_oh_caoh)                     : Searching 'OH' in 'CaOH
05/25 11:23 [INFO] cshmd.structure (out2info)                                    : 'L035.tmp.pkl' was created
05/25 11:23 [INFO] cshmd.structure (__init__)                                    : L020.cif was loaded
05/25 11:23 [DEBUG] cshmd.analysis (__init__)                                    : [Structure] Now new data setted for get Bonds
05/25 11:23 [DEBUG] cshmd.analysis (__del_bond__)                                : del -> Si_O O_H H_O Ca_O C_O BO NBO
05/25 11:23 [DEBUG] cshmd.analysis (__initialize_mole__)                         : initalize -> H2O SiO4 OH CO3 CO2 H3O
05/25 11:23 [DEBUG] cshmd.analysis (__initialize_mole__)                         : initalize -> SiOH CaOH HCO3 H2CO3 H3CO3
05/25 11:23 [DEBUG] cshmd.analysis (find_bond)                                   : find_bond O - H rcut -> 1.2
05/25 11:23 [DEBUG] cshmd.common (time_wrapper)                                  : [RUNTIME] get_distance_table in 0.502 seconds
05/25 11:23 [DEBUG] cshmd.analysis (get_mole)                                    : get_mole O - H -> nbonds: 2
05/25 11:23 [DEBUG] cshmd.analysis (find_bond)                                   : find_bond Si - O rcut -> 2.3
05/25 11:23 [DEBUG] cshmd.common (time_wrapper)                                  : [RUNTIME] get_distance_table in 0.212 seconds
05/25 11:23 [DEBUG] cshmd.analysis (get_mole)                                    : get_mole Si - O -> nbonds: 4
05/25 11:23 [DEBUG] cshmd.analysis (get_mole)                                    : get_mole O - H -> nbonds: 1
05/25 11:23 [DEBUG] cshmd.analysis (find_bond)                                   : find_bond C - O rcut -> 1.6
05/25 11:23 [DEBUG] cshmd.analysis (get_mole)                                    : get_mole C - O -> nbonds: 3
05/25 11:23 [DEBUG] cshmd.analysis (get_mole)                                    : get_mole O - H -> nbonds: 3
05/25 11:23 [DEBUG] cshmd.analysis (find_bond)                                   : find_bond Ca - O rcut -> 3.0
05/25 11:23 [DEBUG] cshmd.common (time_wrapper)                                  : [RUNTIME] get_distance_table in 0.337 seconds
05/25 11:23 [DEBUG] cshmd.analysis (search_basic)                                : Basic search result -> H2O: 576, SiO4: 512, OH: 128, CO3: 0, H3O: 0, Ca_O: 4288
05/25 11:23 [DEBUG] cshmd.analysis (full_search)                                 : Search layer details
05/25 11:23 [DEBUG] cshmd.analysis (set_layer_boundary)                          : Set layer boundary -> 0.24344102250000055 - 0.7445715765749975
05/25 11:23 [DEBUG] cshmd.analysis (find_bond)                                   : find_bond Ca - O rcut -> 2.6
05/25 11:23 [DEBUG] cshmd.analysis (find_bond)                                   : find_bond Ca - O rcut -> 3.1
05/25 11:23 [DEBUG] cshmd.analysis (find_bond)                                   : find_bond Ca - O rcut -> 5.2
05/25 11:23 [DEBUG] cshmd.analysis (_anal_surface_co3_adsorption)                : No 'C' in system
05/25 11:23 [DEBUG] cshmd.analysis (__detail_search_oh_co3)                      : No CO3 in basic search
05/25 11:23 [DEBUG] cshmd.analysis (__detail_search_oh_sioh)                     : Searching 'OH' in 'SiO4
05/25 11:23 [DEBUG] cshmd.analysis (__detail_search_oh_caoh)                     : Searching 'OH' in 'CaOH
05/25 11:23 [INFO] cshmd.structure (out2info)                                    : 'L020.tmp.pkl' was created
05/25 11:23 [INFO] cshmd.structure (__init__)                                    : L030.cif was loaded
05/25 11:23 [DEBUG] cshmd.analysis (__init__)                                    : [Structure] Now new data setted for get Bonds
05/25 11:23 [DEBUG] cshmd.analysis (__del_bond__)                                : del -> Si_O O_H H_O Ca_O C_O BO NBO
05/25 11:23 [DEBUG] cshmd.analysis (__initialize_mole__)                         : initalize -> H2O SiO4 OH CO3 CO2 H3O
05/25 11:23 [DEBUG] cshmd.analysis (__initialize_mole__)                         : initalize -> SiOH CaOH HCO3 H2CO3 H3CO3
05/25 11:23 [DEBUG] cshmd.analysis (find_bond)                                   : find_bond O - H rcut -> 1.2
05/25 11:23 [DEBUG] cshmd.common (time_wrapper)                                  : [RUNTIME] get_distance_table in 29.631 seconds
05/25 11:23 [DEBUG] cshmd.analysis (get_mole)                                    : get_mole O - H -> nbonds: 2
05/25 11:23 [DEBUG] cshmd.analysis (find_bond)                                   : find_bond Si - O rcut -> 2.3
05/25 11:23 [DEBUG] cshmd.common (time_wrapper)                                  : [RUNTIME] get_distance_table in 0.263 seconds
05/25 11:23 [DEBUG] cshmd.analysis (get_mole)                                    : get_mole Si - O -> nbonds: 4
05/25 11:23 [DEBUG] cshmd.analysis (get_mole)                                    : get_mole O - H -> nbonds: 1
05/25 11:23 [DEBUG] cshmd.analysis (find_bond)                                   : find_bond C - O rcut -> 1.6
05/25 11:23 [DEBUG] cshmd.analysis (get_mole)                                    : get_mole C - O -> nbonds: 3
05/25 11:23 [DEBUG] cshmd.analysis (get_mole)                                    : get_mole O - H -> nbonds: 3
05/25 11:23 [DEBUG] cshmd.analysis (find_bond)                                   : find_bond Ca - O rcut -> 3.0
05/25 11:32 [DEBUG] cshmd.common (get_logger)                                    : $$$$$$$$$$$$$$  Logger 'cshmd.common........' initialized  $$$$$$$$$$$$$$
05/25 11:32 [DEBUG] cshmd.functions (get_logger)                                 : $$$$$$$$$$$$$$  Logger 'cshmd.functions.....' initialized  $$$$$$$$$$$$$$
05/25 11:32 [DEBUG] cshmd.load (get_logger)                                      : $$$$$$$$$$$$$$  Logger 'cshmd.load..........' initialized  $$$$$$$$$$$$$$
05/25 11:32 [DEBUG] cshmd.analysis (get_logger)                                  : $$$$$$$$$$$$$$  Logger 'cshmd.analysis......' initialized  $$$$$$$$$$$$$$
05/25 11:32 [DEBUG] cshmd.equation (get_logger)                                  : $$$$$$$$$$$$$$  Logger 'cshmd.equation......' initialized  $$$$$$$$$$$$$$
05/25 11:32 [DEBUG] cshmd.structure (get_logger)                                 : $$$$$$$$$$$$$$  Logger 'cshmd.structure.....' initialized  $$$$$$$$$$$$$$
05/25 11:32 [DEBUG] cshmd.builder (get_logger)                                   : $$$$$$$$$$$$$$  Logger 'cshmd.builder.......' initialized  $$$$$$$$$$$$$$
05/25 11:32 [DEBUG] cshmd.trj_analysis (get_logger)                              : $$$$$$$$$$$$$$  Logger 'cshmd.trj_analysis..' initialized  $$$$$$$$$$$$$$
05/25 11:32 [DEBUG] csh_info (get_logger)                                        : $$$$$$$$$$$$$$  Logger 'csh_info............' initialized  $$$$$$$$$$$$$$
05/25 11:32 [INFO] csh_info (main)                                               : Cif: L020_w2750.cif L035.cif L020.cif L030.cif L070_w2750.cif L025.cif L045_w2750.cif L040.cif L120.cif L025_w2750_c50.cif L035_w2750.cif L080.cif L045_w2750_c50.cif L050_w2750.cif L050.cif L035_w2750_c50.cif L080_w2750.cif L045.cif L100.cif L040_w2750_c50.cif L060_w2750.cif L060.cif L030_w2750_c50.cif L120_w2750.cif L020_w2750_c50.cif L030_w2750.cif L050_w2750_c50.cif L100_w2750_c50.cif L070.cif L040_w2750.cif L070_w2750_c50.cif L120_w2750_c50.cif L080_w2750_c50.cif L100_w2750.cif L060_w2750_c50.cif L025_w2750.cif
05/25 11:32 [INFO] cshmd.structure (__init__)                                    : L020_w2750.cif was loaded
05/25 11:32 [DEBUG] cshmd.analysis (__init__)                                    : [Structure] Now new data setted for get Bonds
05/25 11:32 [DEBUG] cshmd.analysis (__del_bond__)                                : del -> Si_O O_H H_O Ca_O C_O BO NBO
05/25 11:32 [DEBUG] cshmd.analysis (__initialize_mole__)                         : initalize -> H2O SiO4 OH CO3 CO2 H3O
05/25 11:32 [DEBUG] cshmd.analysis (__initialize_mole__)                         : initalize -> SiOH CaOH HCO3 H2CO3 H3CO3
05/25 11:32 [DEBUG] cshmd.analysis (find_bond)                                   : find_bond O - H rcut -> 1.2
05/25 11:32 [DEBUG] cshmd.common (time_wrapper)                                  : [RUNTIME] get_distance_table in 5.638 seconds
05/25 11:32 [DEBUG] cshmd.analysis (get_mole)                                    : get_mole O - H -> nbonds: 2
05/25 11:32 [DEBUG] cshmd.analysis (find_bond)                                   : find_bond Si - O rcut -> 2.3
05/25 11:32 [DEBUG] cshmd.common (time_wrapper)                                  : [RUNTIME] get_distance_table in 0.444 seconds
05/25 11:32 [DEBUG] cshmd.analysis (get_mole)                                    : get_mole Si - O -> nbonds: 4
05/25 11:32 [DEBUG] cshmd.analysis (get_mole)                                    : get_mole O - H -> nbonds: 1
05/25 11:32 [DEBUG] cshmd.analysis (find_bond)                                   : find_bond C - O rcut -> 1.6
05/25 11:32 [DEBUG] cshmd.analysis (get_mole)                                    : get_mole C - O -> nbonds: 3
05/25 11:32 [DEBUG] cshmd.analysis (get_mole)                                    : get_mole O - H -> nbonds: 3
05/25 11:32 [DEBUG] cshmd.analysis (find_bond)                                   : find_bond Ca - O rcut -> 3.0
05/25 11:32 [DEBUG] cshmd.common (time_wrapper)                                  : [RUNTIME] get_distance_table in 0.719 seconds
05/25 11:32 [DEBUG] cshmd.analysis (search_basic)                                : Basic search result -> H2O: 3254, SiO4: 512, OH: 128, CO3: 0, H3O: 0, Ca_O: 4427
05/25 11:32 [DEBUG] cshmd.analysis (full_search)                                 : Search layer details
05/25 11:32 [DEBUG] cshmd.analysis (set_layer_boundary)                          : Set layer boundary -> 0.14802459417500036 - 0.4527376048249997
05/25 11:32 [DEBUG] cshmd.analysis (find_bond)                                   : find_bond Ca - O rcut -> 2.6
05/25 11:32 [DEBUG] cshmd.analysis (find_bond)                                   : find_bond Ca - O rcut -> 3.1
05/25 11:32 [DEBUG] cshmd.analysis (find_bond)                                   : find_bond Ca - O rcut -> 5.2
05/25 11:32 [DEBUG] cshmd.analysis (_anal_surface_co3_adsorption)                : No 'C' in system
05/25 11:32 [DEBUG] cshmd.analysis (__detail_search_oh_co3)                      : No CO3 in basic search
05/25 11:32 [DEBUG] cshmd.analysis (__detail_search_oh_sioh)                     : Searching 'OH' in 'SiO4
05/25 11:32 [DEBUG] cshmd.analysis (__detail_search_oh_caoh)                     : Searching 'OH' in 'CaOH
05/25 11:34 [DEBUG] cshmd.common (get_logger)                                    : $$$$$$$$$$$$$$  Logger 'cshmd.common........' initialized  $$$$$$$$$$$$$$
05/25 11:34 [DEBUG] cshmd.functions (get_logger)                                 : $$$$$$$$$$$$$$  Logger 'cshmd.functions.....' initialized  $$$$$$$$$$$$$$
05/25 11:34 [DEBUG] cshmd.load (get_logger)                                      : $$$$$$$$$$$$$$  Logger 'cshmd.load..........' initialized  $$$$$$$$$$$$$$
05/25 11:34 [DEBUG] cshmd.analysis (get_logger)                                  : $$$$$$$$$$$$$$  Logger 'cshmd.analysis......' initialized  $$$$$$$$$$$$$$
05/25 11:34 [DEBUG] cshmd.equation (get_logger)                                  : $$$$$$$$$$$$$$  Logger 'cshmd.equation......' initialized  $$$$$$$$$$$$$$
05/25 11:34 [DEBUG] cshmd.structure (get_logger)                                 : $$$$$$$$$$$$$$  Logger 'cshmd.structure.....' initialized  $$$$$$$$$$$$$$
05/25 11:34 [DEBUG] cshmd.builder (get_logger)                                   : $$$$$$$$$$$$$$  Logger 'cshmd.builder.......' initialized  $$$$$$$$$$$$$$
05/25 11:34 [DEBUG] cshmd.trj_analysis (get_logger)                              : $$$$$$$$$$$$$$  Logger 'cshmd.trj_analysis..' initialized  $$$$$$$$$$$$$$
05/25 11:34 [DEBUG] csh_info (get_logger)                                        : $$$$$$$$$$$$$$  Logger 'csh_info............' initialized  $$$$$$$$$$$$$$
05/25 11:34 [INFO] csh_info (main)                                               : Cif: L020_w2750.cif L035.cif L020.cif L030.cif L070_w2750.cif L025.cif L045_w2750.cif L040.cif L120.cif L025_w2750_c50.cif L035_w2750.cif L080.cif L045_w2750_c50.cif L050_w2750.cif L050.cif L035_w2750_c50.cif L080_w2750.cif L045.cif L100.cif L040_w2750_c50.cif L060_w2750.cif L060.cif L030_w2750_c50.cif L120_w2750.cif L020_w2750_c50.cif L030_w2750.cif L050_w2750_c50.cif L100_w2750_c50.cif L070.cif L040_w2750.cif L070_w2750_c50.cif L120_w2750_c50.cif L080_w2750_c50.cif L100_w2750.cif L060_w2750_c50.cif L025_w2750.cif
05/25 11:34 [INFO] cshmd.structure (__init__)                                    : L020_w2750.cif was loaded
05/25 11:34 [DEBUG] cshmd.analysis (__init__)                                    : [Structure] Now new data setted for get Bonds
05/25 11:34 [DEBUG] cshmd.analysis (__del_bond__)                                : del -> Si_O O_H H_O Ca_O C_O BO NBO
05/25 11:34 [DEBUG] cshmd.analysis (__initialize_mole__)                         : initalize -> H2O SiO4 OH CO3 CO2 H3O
05/25 11:34 [DEBUG] cshmd.analysis (__initialize_mole__)                         : initalize -> SiOH CaOH HCO3 H2CO3 H3CO3
05/25 11:34 [DEBUG] cshmd.analysis (find_bond)                                   : find_bond O - H rcut -> 1.2
05/25 11:34 [DEBUG] cshmd.common (time_wrapper)                                  : [RUNTIME] get_distance_table in 5.770 seconds
05/25 11:34 [DEBUG] cshmd.analysis (get_mole)                                    : get_mole O - H -> nbonds: 2
05/25 11:34 [DEBUG] cshmd.analysis (find_bond)                                   : find_bond Si - O rcut -> 2.3
05/25 11:34 [DEBUG] cshmd.common (time_wrapper)                                  : [RUNTIME] get_distance_table in 0.481 seconds
05/25 11:34 [DEBUG] cshmd.analysis (get_mole)                                    : get_mole Si - O -> nbonds: 4
05/25 11:34 [DEBUG] cshmd.analysis (get_mole)                                    : get_mole O - H -> nbonds: 1
05/25 11:34 [DEBUG] cshmd.analysis (find_bond)                                   : find_bond C - O rcut -> 1.6
05/25 11:34 [DEBUG] cshmd.analysis (get_mole)                                    : get_mole C - O -> nbonds: 3
05/25 11:34 [DEBUG] cshmd.analysis (get_mole)                                    : get_mole O - H -> nbonds: 3
05/25 11:34 [DEBUG] cshmd.analysis (find_bond)                                   : find_bond Ca - O rcut -> 3.0
05/25 11:34 [DEBUG] cshmd.common (time_wrapper)                                  : [RUNTIME] get_distance_table in 0.732 seconds
05/25 11:34 [DEBUG] cshmd.analysis (search_basic)                                : Basic search result -> H2O: 3254, SiO4: 512, OH: 128, CO3: 0, H3O: 0, Ca_O: 4427
05/25 11:34 [DEBUG] cshmd.analysis (full_search)                                 : Search layer details
05/25 11:34 [DEBUG] cshmd.analysis (set_layer_boundary)                          : Set layer boundary -> 0.14802459417500036 - 0.4527376048249997
05/25 11:34 [DEBUG] cshmd.analysis (find_bond)                                   : find_bond Ca - O rcut -> 2.6
05/25 11:34 [DEBUG] cshmd.analysis (find_bond)                                   : find_bond Ca - O rcut -> 3.1
05/25 11:34 [DEBUG] cshmd.analysis (find_bond)                                   : find_bond Ca - O rcut -> 5.2
05/25 11:34 [DEBUG] cshmd.analysis (_anal_surface_co3_adsorption)                : No 'C' in system
05/25 11:34 [DEBUG] cshmd.analysis (__detail_search_oh_co3)                      : No CO3 in basic search
05/25 11:34 [DEBUG] cshmd.analysis (__detail_search_oh_sioh)                     : Searching 'OH' in 'SiO4
05/25 11:34 [DEBUG] cshmd.analysis (__detail_search_oh_caoh)                     : Searching 'OH' in 'CaOH
05/25 11:34 [INFO] cshmd.analysis (Qn)                                           : [Structure] Q1: 1.000
05/25 11:34 [INFO] cshmd.analysis (evaluate_csh)                                 : [Structure] BT: 0, PT: 512
05/25 11:34 [DEBUG] cshmd.analysis (__init__)                                    : <class 'cshmd.analysis.Chain'> loaded
05/25 11:34 [DEBUG] cshmd.analysis (__init__)                                    : <class 'cshmd.analysis.Chain'> loaded
05/25 11:34 [DEBUG] cshmd.analysis (__init__)                                    : <class 'cshmd.analysis.Chain'> loaded
05/25 11:34 [DEBUG] cshmd.analysis (__init__)                                    : <class 'cshmd.analysis.Chain'> loaded
05/25 11:34 [INFO] cshmd.analysis (evaluate_csh)                                 : [Structure] CL : Length 2: 64
05/25 11:34 [INFO] cshmd.analysis (evaluate_csh)                                 : [Structure] MCL : 2.000
05/25 11:38 [DEBUG] cshmd.common (get_logger)                                    : $$$$$$$$$$$$$$  Logger 'cshmd.common........' initialized  $$$$$$$$$$$$$$
05/25 11:38 [DEBUG] cshmd.functions (get_logger)                                 : $$$$$$$$$$$$$$  Logger 'cshmd.functions.....' initialized  $$$$$$$$$$$$$$
05/25 11:38 [DEBUG] cshmd.load (get_logger)                                      : $$$$$$$$$$$$$$  Logger 'cshmd.load..........' initialized  $$$$$$$$$$$$$$
05/25 11:38 [DEBUG] cshmd.analysis (get_logger)                                  : $$$$$$$$$$$$$$  Logger 'cshmd.analysis......' initialized  $$$$$$$$$$$$$$
05/25 11:38 [DEBUG] cshmd.equation (get_logger)                                  : $$$$$$$$$$$$$$  Logger 'cshmd.equation......' initialized  $$$$$$$$$$$$$$
05/25 11:38 [DEBUG] cshmd.structure (get_logger)                                 : $$$$$$$$$$$$$$  Logger 'cshmd.structure.....' initialized  $$$$$$$$$$$$$$
05/25 11:38 [DEBUG] cshmd.builder (get_logger)                                   : $$$$$$$$$$$$$$  Logger 'cshmd.builder.......' initialized  $$$$$$$$$$$$$$
05/25 11:38 [DEBUG] cshmd.trj_analysis (get_logger)                              : $$$$$$$$$$$$$$  Logger 'cshmd.trj_analysis..' initialized  $$$$$$$$$$$$$$
05/25 11:38 [DEBUG] csh_info (get_logger)                                        : $$$$$$$$$$$$$$  Logger 'csh_info............' initialized  $$$$$$$$$$$$$$
05/25 11:38 [INFO] csh_info (main)                                               : Cif: L020_w2750.cif L035.cif L020.cif L030.cif L070_w2750.cif L025.cif L045_w2750.cif L040.cif L120.cif L025_w2750_c50.cif L035_w2750.cif L080.cif L045_w2750_c50.cif L050_w2750.cif L050.cif L035_w2750_c50.cif L080_w2750.cif L045.cif L100.cif L040_w2750_c50.cif L060_w2750.cif L060.cif L030_w2750_c50.cif L120_w2750.cif L020_w2750_c50.cif L030_w2750.cif L050_w2750_c50.cif L100_w2750_c50.cif L070.cif L040_w2750.cif L070_w2750_c50.cif L120_w2750_c50.cif L080_w2750_c50.cif L100_w2750.cif L060_w2750_c50.cif L025_w2750.cif
05/25 11:38 [INFO] cshmd.structure (__init__)                                    : L020_w2750.cif was loaded
05/25 11:38 [DEBUG] cshmd.analysis (__init__)                                    : [Structure] Now new data setted for get Bonds
05/25 11:38 [DEBUG] cshmd.analysis (__del_bond__)                                : del -> Si_O O_H H_O Ca_O C_O BO NBO
05/25 11:38 [DEBUG] cshmd.analysis (__initialize_mole__)                         : initalize -> H2O SiO4 OH CO3 CO2 H3O
05/25 11:38 [DEBUG] cshmd.analysis (__initialize_mole__)                         : initalize -> SiOH CaOH HCO3 H2CO3 H3CO3
05/25 11:38 [DEBUG] cshmd.analysis (find_bond)                                   : find_bond O - H rcut -> 1.2
05/25 11:38 [DEBUG] cshmd.common (time_wrapper)                                  : [RUNTIME] get_distance_table in 5.891 seconds
05/25 11:38 [DEBUG] cshmd.analysis (get_mole)                                    : get_mole O - H -> nbonds: 2
05/25 11:38 [DEBUG] cshmd.analysis (find_bond)                                   : find_bond Si - O rcut -> 2.3
05/25 11:38 [DEBUG] cshmd.common (time_wrapper)                                  : [RUNTIME] get_distance_table in 0.451 seconds
05/25 11:38 [DEBUG] cshmd.analysis (get_mole)                                    : get_mole Si - O -> nbonds: 4
05/25 11:38 [DEBUG] cshmd.analysis (get_mole)                                    : get_mole O - H -> nbonds: 1
05/25 11:38 [DEBUG] cshmd.analysis (find_bond)                                   : find_bond C - O rcut -> 1.6
05/25 11:38 [DEBUG] cshmd.analysis (get_mole)                                    : get_mole C - O -> nbonds: 3
05/25 11:38 [DEBUG] cshmd.analysis (get_mole)                                    : get_mole O - H -> nbonds: 3
05/25 11:38 [DEBUG] cshmd.analysis (find_bond)                                   : find_bond Ca - O rcut -> 3.0
05/25 11:38 [DEBUG] cshmd.common (time_wrapper)                                  : [RUNTIME] get_distance_table in 0.720 seconds
05/25 11:38 [DEBUG] cshmd.analysis (search_basic)                                : Basic search result -> H2O: 3254, SiO4: 512, OH: 128, CO3: 0, H3O: 0, Ca_O: 4427
05/25 11:38 [DEBUG] cshmd.analysis (full_search)                                 : Search layer details
05/25 11:38 [DEBUG] cshmd.analysis (set_layer_boundary)                          : Set layer boundary -> 0.14802459417500036 - 0.4527376048249997
05/25 11:38 [DEBUG] cshmd.analysis (find_bond)                                   : find_bond Ca - O rcut -> 2.6
05/25 11:38 [DEBUG] cshmd.analysis (find_bond)                                   : find_bond Ca - O rcut -> 3.1
05/25 11:38 [DEBUG] cshmd.analysis (find_bond)                                   : find_bond Ca - O rcut -> 5.2
05/25 11:38 [DEBUG] cshmd.analysis (_anal_surface_co3_adsorption)                : No 'C' in system
05/25 11:38 [DEBUG] cshmd.analysis (__detail_search_oh_co3)                      : No CO3 in basic search
05/25 11:38 [DEBUG] cshmd.analysis (__detail_search_oh_sioh)                     : Searching 'OH' in 'SiO4
05/25 11:38 [DEBUG] cshmd.analysis (__detail_search_oh_caoh)                     : Searching 'OH' in 'CaOH
05/25 11:38 [INFO] cshmd.analysis (Qn)                                           : [Structure] Q1: 1.000
05/25 11:38 [INFO] cshmd.analysis (evaluate_csh)                                 : [Structure] BT: 0, PT: 512
05/25 11:38 [DEBUG] cshmd.analysis (__init__)                                    : <class 'cshmd.analysis.Chain'> loaded
05/25 11:38 [DEBUG] cshmd.analysis (__init__)                                    : <class 'cshmd.analysis.Chain'> loaded
05/25 11:38 [DEBUG] cshmd.analysis (__init__)                                    : <class 'cshmd.analysis.Chain'> loaded
05/25 11:38 [DEBUG] cshmd.analysis (__init__)                                    : <class 'cshmd.analysis.Chain'> loaded
05/25 11:38 [INFO] cshmd.analysis (evaluate_csh)                                 : [Structure] CL : Length 2: 64
05/25 11:38 [INFO] cshmd.analysis (evaluate_csh)                                 : [Structure] MCL : 2.000
05/25 11:39 [DEBUG] cshmd.common (get_logger)                                    : $$$$$$$$$$$$$$  Logger 'cshmd.common........' initialized  $$$$$$$$$$$$$$
05/25 11:39 [DEBUG] cshmd.functions (get_logger)                                 : $$$$$$$$$$$$$$  Logger 'cshmd.functions.....' initialized  $$$$$$$$$$$$$$
05/25 11:39 [DEBUG] cshmd.load (get_logger)                                      : $$$$$$$$$$$$$$  Logger 'cshmd.load..........' initialized  $$$$$$$$$$$$$$
05/25 11:39 [DEBUG] cshmd.analysis (get_logger)                                  : $$$$$$$$$$$$$$  Logger 'cshmd.analysis......' initialized  $$$$$$$$$$$$$$
05/25 11:39 [DEBUG] cshmd.equation (get_logger)                                  : $$$$$$$$$$$$$$  Logger 'cshmd.equation......' initialized  $$$$$$$$$$$$$$
05/25 11:39 [DEBUG] cshmd.structure (get_logger)                                 : $$$$$$$$$$$$$$  Logger 'cshmd.structure.....' initialized  $$$$$$$$$$$$$$
05/25 11:39 [DEBUG] cshmd.builder (get_logger)                                   : $$$$$$$$$$$$$$  Logger 'cshmd.builder.......' initialized  $$$$$$$$$$$$$$
05/25 11:39 [DEBUG] cshmd.trj_analysis (get_logger)                              : $$$$$$$$$$$$$$  Logger 'cshmd.trj_analysis..' initialized  $$$$$$$$$$$$$$
05/25 11:39 [DEBUG] csh_info (get_logger)                                        : $$$$$$$$$$$$$$  Logger 'csh_info............' initialized  $$$$$$$$$$$$$$
05/25 11:39 [INFO] csh_info (main)                                               : Cif: L020_w2750.cif L035.cif L020.cif L030.cif L070_w2750.cif L025.cif L045_w2750.cif L040.cif L120.cif L025_w2750_c50.cif L035_w2750.cif L080.cif L045_w2750_c50.cif L050_w2750.cif L050.cif L035_w2750_c50.cif L080_w2750.cif L045.cif L100.cif L040_w2750_c50.cif L060_w2750.cif L060.cif L030_w2750_c50.cif L120_w2750.cif L020_w2750_c50.cif L030_w2750.cif L050_w2750_c50.cif L100_w2750_c50.cif L070.cif L040_w2750.cif L070_w2750_c50.cif L120_w2750_c50.cif L080_w2750_c50.cif L100_w2750.cif L060_w2750_c50.cif L025_w2750.cif
05/25 11:39 [INFO] cshmd.structure (__init__)                                    : L020_w2750.cif was loaded
05/25 11:39 [DEBUG] cshmd.analysis (__init__)                                    : [Structure] Now new data setted for get Bonds
05/25 11:39 [DEBUG] cshmd.analysis (__del_bond__)                                : del -> Si_O O_H H_O Ca_O C_O BO NBO
05/25 11:39 [DEBUG] cshmd.analysis (__initialize_mole__)                         : initalize -> H2O SiO4 OH CO3 CO2 H3O
05/25 11:39 [DEBUG] cshmd.analysis (__initialize_mole__)                         : initalize -> SiOH CaOH HCO3 H2CO3 H3CO3
05/25 11:39 [DEBUG] cshmd.analysis (find_bond)                                   : find_bond O - H rcut -> 1.2
05/25 11:39 [DEBUG] cshmd.common (time_wrapper)                                  : [RUNTIME] get_distance_table in 5.876 seconds
05/25 11:39 [DEBUG] cshmd.analysis (get_mole)                                    : get_mole O - H -> nbonds: 2
05/25 11:39 [DEBUG] cshmd.analysis (find_bond)                                   : find_bond Si - O rcut -> 2.3
05/25 11:39 [DEBUG] cshmd.common (time_wrapper)                                  : [RUNTIME] get_distance_table in 0.444 seconds
05/25 11:39 [DEBUG] cshmd.analysis (get_mole)                                    : get_mole Si - O -> nbonds: 4
05/25 11:39 [DEBUG] cshmd.analysis (get_mole)                                    : get_mole O - H -> nbonds: 1
05/25 11:39 [DEBUG] cshmd.analysis (find_bond)                                   : find_bond C - O rcut -> 1.6
05/25 11:39 [DEBUG] cshmd.analysis (get_mole)                                    : get_mole C - O -> nbonds: 3
05/25 11:39 [DEBUG] cshmd.analysis (get_mole)                                    : get_mole O - H -> nbonds: 3
05/25 11:39 [DEBUG] cshmd.analysis (find_bond)                                   : find_bond Ca - O rcut -> 3.0
05/25 11:39 [DEBUG] cshmd.common (time_wrapper)                                  : [RUNTIME] get_distance_table in 0.711 seconds
05/25 11:39 [DEBUG] cshmd.analysis (search_basic)                                : Basic search result -> H2O: 3254, SiO4: 512, OH: 128, CO3: 0, H3O: 0, Ca_O: 4427
05/25 11:39 [DEBUG] cshmd.analysis (full_search)                                 : Search layer details
05/25 11:39 [DEBUG] cshmd.analysis (set_layer_boundary)                          : Set layer boundary -> 0.14802459417500036 - 0.4527376048249997
05/25 11:39 [DEBUG] cshmd.analysis (find_bond)                                   : find_bond Ca - O rcut -> 2.6
05/25 11:39 [DEBUG] cshmd.analysis (find_bond)                                   : find_bond Ca - O rcut -> 3.1
05/25 11:39 [DEBUG] cshmd.analysis (find_bond)                                   : find_bond Ca - O rcut -> 5.2
05/25 11:39 [DEBUG] cshmd.analysis (_anal_surface_co3_adsorption)                : No 'C' in system
05/25 11:39 [DEBUG] cshmd.analysis (__detail_search_oh_co3)                      : No CO3 in basic search
05/25 11:39 [DEBUG] cshmd.analysis (__detail_search_oh_sioh)                     : Searching 'OH' in 'SiO4
05/25 11:39 [DEBUG] cshmd.analysis (__detail_search_oh_caoh)                     : Searching 'OH' in 'CaOH
05/25 11:39 [INFO] cshmd.analysis (Qn)                                           : [Structure] Q1: 1.000
05/25 11:39 [INFO] cshmd.analysis (evaluate_csh)                                 : [Structure] BT: 0, PT: 512
05/25 11:39 [DEBUG] cshmd.analysis (__init__)                                    : <class 'cshmd.analysis.Chain'> loaded
05/25 11:39 [DEBUG] cshmd.analysis (__init__)                                    : <class 'cshmd.analysis.Chain'> loaded
05/25 11:39 [DEBUG] cshmd.analysis (__init__)                                    : <class 'cshmd.analysis.Chain'> loaded
05/25 11:39 [DEBUG] cshmd.analysis (__init__)                                    : <class 'cshmd.analysis.Chain'> loaded
05/25 11:39 [INFO] cshmd.analysis (evaluate_csh)                                 : [Structure] CL : Length 2: 64
05/25 11:39 [INFO] cshmd.analysis (evaluate_csh)                                 : [Structure] MCL : 2.000
05/25 11:45 [DEBUG] cshmd.common (get_logger)                                    : $$$$$$$$$$$$$$  Logger 'cshmd.common........' initialized  $$$$$$$$$$$$$$
05/25 11:45 [DEBUG] cshmd.functions (get_logger)                                 : $$$$$$$$$$$$$$  Logger 'cshmd.functions.....' initialized  $$$$$$$$$$$$$$
05/25 11:45 [DEBUG] cshmd.load (get_logger)                                      : $$$$$$$$$$$$$$  Logger 'cshmd.load..........' initialized  $$$$$$$$$$$$$$
05/25 11:45 [DEBUG] cshmd.analysis (get_logger)                                  : $$$$$$$$$$$$$$  Logger 'cshmd.analysis......' initialized  $$$$$$$$$$$$$$
05/25 11:45 [DEBUG] cshmd.equation (get_logger)                                  : $$$$$$$$$$$$$$  Logger 'cshmd.equation......' initialized  $$$$$$$$$$$$$$
05/25 11:45 [DEBUG] cshmd.structure (get_logger)                                 : $$$$$$$$$$$$$$  Logger 'cshmd.structure.....' initialized  $$$$$$$$$$$$$$
05/25 11:45 [DEBUG] cshmd.builder (get_logger)                                   : $$$$$$$$$$$$$$  Logger 'cshmd.builder.......' initialized  $$$$$$$$$$$$$$
05/25 11:45 [DEBUG] cshmd.trj_analysis (get_logger)                              : $$$$$$$$$$$$$$  Logger 'cshmd.trj_analysis..' initialized  $$$$$$$$$$$$$$
05/25 11:45 [DEBUG] csh_info (get_logger)                                        : $$$$$$$$$$$$$$  Logger 'csh_info............' initialized  $$$$$$$$$$$$$$
05/25 11:45 [INFO] csh_info (main)                                               : Cif: L020_w2750.cif L035.cif L020.cif L030.cif L070_w2750.cif L025.cif L045_w2750.cif L040.cif L120.cif L025_w2750_c50.cif L035_w2750.cif L080.cif L045_w2750_c50.cif L050_w2750.cif L050.cif L035_w2750_c50.cif L080_w2750.cif L045.cif L100.cif L040_w2750_c50.cif L060_w2750.cif L060.cif L030_w2750_c50.cif L120_w2750.cif L020_w2750_c50.cif L030_w2750.cif L050_w2750_c50.cif L100_w2750_c50.cif L070.cif L040_w2750.cif L070_w2750_c50.cif L120_w2750_c50.cif L080_w2750_c50.cif L100_w2750.cif L060_w2750_c50.cif L025_w2750.cif
05/25 11:45 [INFO] cshmd.structure (__init__)                                    : L020_w2750.cif was loaded
05/25 11:45 [DEBUG] cshmd.analysis (__init__)                                    : [Structure] Now new data setted for get Bonds
05/25 11:45 [DEBUG] cshmd.analysis (__del_bond__)                                : del -> Si_O O_H H_O Ca_O C_O BO NBO
05/25 11:45 [DEBUG] cshmd.analysis (__initialize_mole__)                         : initalize -> H2O SiO4 OH CO3 CO2 H3O
05/25 11:45 [DEBUG] cshmd.analysis (__initialize_mole__)                         : initalize -> SiOH CaOH HCO3 H2CO3 H3CO3
05/25 11:45 [DEBUG] cshmd.analysis (find_bond)                                   : find_bond O - H rcut -> 1.2
05/25 11:45 [DEBUG] cshmd.common (time_wrapper)                                  : [RUNTIME] get_distance_table in 5.804 seconds
05/25 11:45 [DEBUG] cshmd.analysis (get_mole)                                    : get_mole O - H -> nbonds: 2
05/25 11:45 [DEBUG] cshmd.analysis (find_bond)                                   : find_bond Si - O rcut -> 2.3
05/25 11:45 [DEBUG] cshmd.common (time_wrapper)                                  : [RUNTIME] get_distance_table in 0.457 seconds
05/25 11:45 [DEBUG] cshmd.analysis (get_mole)                                    : get_mole Si - O -> nbonds: 4
05/25 11:45 [DEBUG] cshmd.analysis (get_mole)                                    : get_mole O - H -> nbonds: 1
05/25 11:45 [DEBUG] cshmd.analysis (find_bond)                                   : find_bond C - O rcut -> 1.6
05/25 11:45 [DEBUG] cshmd.analysis (get_mole)                                    : get_mole C - O -> nbonds: 3
05/25 11:45 [DEBUG] cshmd.analysis (get_mole)                                    : get_mole O - H -> nbonds: 3
05/25 11:45 [DEBUG] cshmd.analysis (find_bond)                                   : find_bond Ca - O rcut -> 3.0
05/25 11:45 [DEBUG] cshmd.common (time_wrapper)                                  : [RUNTIME] get_distance_table in 0.710 seconds
05/25 11:45 [DEBUG] cshmd.analysis (search_basic)                                : Basic search result -> H2O: 3254, SiO4: 512, OH: 128, CO3: 0, H3O: 0, Ca_O: 4427
05/25 11:45 [DEBUG] cshmd.analysis (full_search)                                 : Search layer details
05/25 11:45 [DEBUG] cshmd.analysis (set_layer_boundary)                          : Set layer boundary -> 0.14802459417500036 - 0.4527376048249997
05/25 11:45 [DEBUG] cshmd.analysis (find_bond)                                   : find_bond Ca - O rcut -> 2.6
05/25 11:45 [DEBUG] cshmd.analysis (find_bond)                                   : find_bond Ca - O rcut -> 3.1
05/25 11:45 [DEBUG] cshmd.analysis (find_bond)                                   : find_bond Ca - O rcut -> 5.2
05/25 11:45 [DEBUG] cshmd.analysis (_anal_surface_co3_adsorption)                : No 'C' in system
05/25 11:45 [DEBUG] cshmd.analysis (__detail_search_oh_co3)                      : No CO3 in basic search
05/25 11:45 [DEBUG] cshmd.analysis (__detail_search_oh_sioh)                     : Searching 'OH' in 'SiO4
05/25 11:45 [DEBUG] cshmd.analysis (__detail_search_oh_caoh)                     : Searching 'OH' in 'CaOH
05/25 11:45 [INFO] cshmd.analysis (Qn)                                           : [Structure] Q1: 1.000
05/25 11:45 [INFO] cshmd.analysis (evaluate_csh)                                 : [Structure] BT: 0, PT: 512
05/25 11:45 [DEBUG] cshmd.analysis (__init__)                                    : <class 'cshmd.analysis.Chain'> loaded
05/25 11:45 [DEBUG] cshmd.analysis (__init__)                                    : <class 'cshmd.analysis.Chain'> loaded
05/25 11:45 [DEBUG] cshmd.analysis (__init__)                                    : <class 'cshmd.analysis.Chain'> loaded
05/25 11:45 [DEBUG] cshmd.analysis (__init__)                                    : <class 'cshmd.analysis.Chain'> loaded
05/25 11:45 [INFO] cshmd.analysis (evaluate_csh)                                 : [Structure] CL : Length 2: 64
05/25 11:45 [INFO] cshmd.analysis (evaluate_csh)                                 : [Structure] MCL : 2.000
05/25 11:50 [DEBUG] cshmd.common (get_logger)                                    : $$$$$$$$$$$$$$  Logger 'cshmd.common........' initialized  $$$$$$$$$$$$$$
05/25 11:50 [DEBUG] cshmd.functions (get_logger)                                 : $$$$$$$$$$$$$$  Logger 'cshmd.functions.....' initialized  $$$$$$$$$$$$$$
05/25 11:50 [DEBUG] cshmd.load (get_logger)                                      : $$$$$$$$$$$$$$  Logger 'cshmd.load..........' initialized  $$$$$$$$$$$$$$
05/25 11:50 [DEBUG] cshmd.analysis (get_logger)                                  : $$$$$$$$$$$$$$  Logger 'cshmd.analysis......' initialized  $$$$$$$$$$$$$$
05/25 11:50 [DEBUG] cshmd.equation (get_logger)                                  : $$$$$$$$$$$$$$  Logger 'cshmd.equation......' initialized  $$$$$$$$$$$$$$
05/25 11:50 [DEBUG] cshmd.structure (get_logger)                                 : $$$$$$$$$$$$$$  Logger 'cshmd.structure.....' initialized  $$$$$$$$$$$$$$
05/25 11:50 [DEBUG] cshmd.builder (get_logger)                                   : $$$$$$$$$$$$$$  Logger 'cshmd.builder.......' initialized  $$$$$$$$$$$$$$
05/25 11:50 [DEBUG] cshmd.trj_analysis (get_logger)                              : $$$$$$$$$$$$$$  Logger 'cshmd.trj_analysis..' initialized  $$$$$$$$$$$$$$
05/25 11:50 [DEBUG] csh_info (get_logger)                                        : $$$$$$$$$$$$$$  Logger 'csh_info............' initialized  $$$$$$$$$$$$$$
05/25 11:50 [INFO] csh_info (main)                                               : Cif: L020_w2750.cif L035.cif L020.cif L030.cif L070_w2750.cif L025.cif L045_w2750.cif L040.cif L120.cif L025_w2750_c50.cif L035_w2750.cif L080.cif L045_w2750_c50.cif L050_w2750.cif L050.cif L035_w2750_c50.cif L080_w2750.cif L045.cif L100.cif L040_w2750_c50.cif L060_w2750.cif L060.cif L030_w2750_c50.cif L120_w2750.cif L020_w2750_c50.cif L030_w2750.cif L050_w2750_c50.cif L100_w2750_c50.cif L070.cif L040_w2750.cif L070_w2750_c50.cif L120_w2750_c50.cif L080_w2750_c50.cif L100_w2750.cif L060_w2750_c50.cif L025_w2750.cif
05/25 11:50 [INFO] cshmd.structure (__init__)                                    : L020_w2750.cif was loaded
05/25 11:50 [DEBUG] cshmd.analysis (__init__)                                    : [Structure] Now new data setted for get Bonds
05/25 11:50 [DEBUG] cshmd.analysis (__del_bond__)                                : del -> Si_O O_H H_O Ca_O C_O BO NBO
05/25 11:50 [DEBUG] cshmd.analysis (__initialize_mole__)                         : initalize -> H2O SiO4 OH CO3 CO2 H3O
05/25 11:50 [DEBUG] cshmd.analysis (__initialize_mole__)                         : initalize -> SiOH CaOH HCO3 H2CO3 H3CO3
05/25 11:50 [DEBUG] cshmd.analysis (find_bond)                                   : find_bond O - H rcut -> 1.2
05/25 11:50 [DEBUG] cshmd.common (time_wrapper)                                  : [RUNTIME] get_distance_table in 7.170 seconds
05/25 11:50 [DEBUG] cshmd.analysis (get_mole)                                    : get_mole O - H -> nbonds: 2
05/25 11:50 [DEBUG] cshmd.analysis (find_bond)                                   : find_bond Si - O rcut -> 2.3
05/25 11:50 [DEBUG] cshmd.common (time_wrapper)                                  : [RUNTIME] get_distance_table in 0.469 seconds
05/25 11:50 [DEBUG] cshmd.analysis (get_mole)                                    : get_mole Si - O -> nbonds: 4
05/25 11:50 [DEBUG] cshmd.analysis (get_mole)                                    : get_mole O - H -> nbonds: 1
05/25 11:50 [DEBUG] cshmd.analysis (find_bond)                                   : find_bond C - O rcut -> 1.6
05/25 11:50 [DEBUG] cshmd.analysis (get_mole)                                    : get_mole C - O -> nbonds: 3
05/25 11:50 [DEBUG] cshmd.analysis (get_mole)                                    : get_mole O - H -> nbonds: 3
05/25 11:50 [DEBUG] cshmd.analysis (find_bond)                                   : find_bond Ca - O rcut -> 3.0
05/25 11:50 [DEBUG] cshmd.common (time_wrapper)                                  : [RUNTIME] get_distance_table in 0.764 seconds
05/25 11:50 [DEBUG] cshmd.analysis (search_basic)                                : Basic search result -> H2O: 3254, SiO4: 512, OH: 128, CO3: 0, H3O: 0, Ca_O: 4427
05/25 11:50 [DEBUG] cshmd.analysis (full_search)                                 : Search layer details
05/25 11:50 [DEBUG] cshmd.analysis (set_layer_boundary)                          : Set layer boundary -> 0.14802459417500036 - 0.4527376048249997
05/25 11:50 [DEBUG] cshmd.analysis (find_bond)                                   : find_bond Ca - O rcut -> 2.6
05/25 11:50 [DEBUG] cshmd.analysis (find_bond)                                   : find_bond Ca - O rcut -> 3.1
05/25 11:50 [DEBUG] cshmd.analysis (find_bond)                                   : find_bond Ca - O rcut -> 5.2
05/25 11:50 [DEBUG] cshmd.analysis (_anal_surface_co3_adsorption)                : No 'C' in system
05/25 11:50 [DEBUG] cshmd.analysis (__detail_search_oh_co3)                      : No CO3 in basic search
05/25 11:50 [DEBUG] cshmd.analysis (__detail_search_oh_sioh)                     : Searching 'OH' in 'SiO4
05/25 11:50 [DEBUG] cshmd.analysis (__detail_search_oh_caoh)                     : Searching 'OH' in 'CaOH
05/25 11:50 [INFO] cshmd.analysis (Qn)                                           : [Structure] Q1: 1.000
05/25 11:50 [INFO] cshmd.analysis (evaluate_csh)                                 : [Structure] BT: 0, PT: 512
05/25 11:50 [DEBUG] cshmd.analysis (__init__)                                    : <class 'cshmd.analysis.Chain'> loaded
05/25 11:50 [DEBUG] cshmd.analysis (__init__)                                    : <class 'cshmd.analysis.Chain'> loaded
05/25 11:50 [DEBUG] cshmd.analysis (__init__)                                    : <class 'cshmd.analysis.Chain'> loaded
05/25 11:50 [DEBUG] cshmd.analysis (__init__)                                    : <class 'cshmd.analysis.Chain'> loaded
05/25 11:50 [INFO] cshmd.analysis (evaluate_csh)                                 : [Structure] CL : Length 2: 64
05/25 11:50 [INFO] cshmd.analysis (evaluate_csh)                                 : [Structure] MCL : 2.000
05/25 11:53 [DEBUG] cshmd.common (get_logger)                                    : $$$$$$$$$$$$$$  Logger 'cshmd.common........' initialized  $$$$$$$$$$$$$$
05/25 11:53 [DEBUG] cshmd.functions (get_logger)                                 : $$$$$$$$$$$$$$  Logger 'cshmd.functions.....' initialized  $$$$$$$$$$$$$$
05/25 11:53 [DEBUG] cshmd.load (get_logger)                                      : $$$$$$$$$$$$$$  Logger 'cshmd.load..........' initialized  $$$$$$$$$$$$$$
05/25 11:53 [DEBUG] cshmd.analysis (get_logger)                                  : $$$$$$$$$$$$$$  Logger 'cshmd.analysis......' initialized  $$$$$$$$$$$$$$
05/25 11:53 [DEBUG] cshmd.equation (get_logger)                                  : $$$$$$$$$$$$$$  Logger 'cshmd.equation......' initialized  $$$$$$$$$$$$$$
05/25 11:53 [DEBUG] cshmd.structure (get_logger)                                 : $$$$$$$$$$$$$$  Logger 'cshmd.structure.....' initialized  $$$$$$$$$$$$$$
05/25 11:53 [DEBUG] cshmd.builder (get_logger)                                   : $$$$$$$$$$$$$$  Logger 'cshmd.builder.......' initialized  $$$$$$$$$$$$$$
05/25 11:53 [DEBUG] cshmd.trj_analysis (get_logger)                              : $$$$$$$$$$$$$$  Logger 'cshmd.trj_analysis..' initialized  $$$$$$$$$$$$$$
05/25 11:53 [DEBUG] csh_info (get_logger)                                        : $$$$$$$$$$$$$$  Logger 'csh_info............' initialized  $$$$$$$$$$$$$$
05/25 11:53 [INFO] csh_info (main)                                               : Cif: L020_w2750.cif L035.cif L020.cif L030.cif L070_w2750.cif L025.cif L045_w2750.cif L040.cif L120.cif L025_w2750_c50.cif L035_w2750.cif L080.cif L045_w2750_c50.cif L050_w2750.cif L050.cif L035_w2750_c50.cif L080_w2750.cif L045.cif L100.cif L040_w2750_c50.cif L060_w2750.cif L060.cif L030_w2750_c50.cif L120_w2750.cif L020_w2750_c50.cif L030_w2750.cif L050_w2750_c50.cif L100_w2750_c50.cif L070.cif L040_w2750.cif L070_w2750_c50.cif L120_w2750_c50.cif L080_w2750_c50.cif L100_w2750.cif L060_w2750_c50.cif L025_w2750.cif
05/25 11:53 [INFO] cshmd.structure (__init__)                                    : L020_w2750.cif was loaded
05/25 11:53 [DEBUG] cshmd.analysis (__init__)                                    : [Structure] Now new data setted for get Bonds
05/25 11:53 [DEBUG] cshmd.analysis (__del_bond__)                                : del -> Si_O O_H H_O Ca_O C_O BO NBO
05/25 11:53 [DEBUG] cshmd.analysis (__initialize_mole__)                         : initalize -> H2O SiO4 OH CO3 CO2 H3O
05/25 11:53 [DEBUG] cshmd.analysis (__initialize_mole__)                         : initalize -> SiOH CaOH HCO3 H2CO3 H3CO3
05/25 11:53 [DEBUG] cshmd.analysis (find_bond)                                   : find_bond O - H rcut -> 1.2
05/25 11:53 [DEBUG] cshmd.common (time_wrapper)                                  : [RUNTIME] get_distance_table in 5.917 seconds
05/25 11:53 [DEBUG] cshmd.analysis (get_mole)                                    : get_mole O - H -> nbonds: 2
05/25 11:53 [DEBUG] cshmd.analysis (find_bond)                                   : find_bond Si - O rcut -> 2.3
05/25 11:53 [DEBUG] cshmd.common (time_wrapper)                                  : [RUNTIME] get_distance_table in 0.455 seconds
05/25 11:53 [DEBUG] cshmd.analysis (get_mole)                                    : get_mole Si - O -> nbonds: 4
05/25 11:53 [DEBUG] cshmd.analysis (get_mole)                                    : get_mole O - H -> nbonds: 1
05/25 11:53 [DEBUG] cshmd.analysis (find_bond)                                   : find_bond C - O rcut -> 1.6
05/25 11:53 [DEBUG] cshmd.analysis (get_mole)                                    : get_mole C - O -> nbonds: 3
05/25 11:53 [DEBUG] cshmd.analysis (get_mole)                                    : get_mole O - H -> nbonds: 3
05/25 11:53 [DEBUG] cshmd.analysis (find_bond)                                   : find_bond Ca - O rcut -> 3.0
05/25 11:53 [DEBUG] cshmd.common (time_wrapper)                                  : [RUNTIME] get_distance_table in 0.732 seconds
05/25 11:53 [DEBUG] cshmd.analysis (search_basic)                                : Basic search result -> H2O: 3254, SiO4: 512, OH: 128, CO3: 0, H3O: 0, Ca_O: 4427
05/25 11:53 [DEBUG] cshmd.analysis (full_search)                                 : Search layer details
05/25 11:54 [DEBUG] cshmd.analysis (set_layer_boundary)                          : Set layer boundary -> 0.14802459417500036 - 0.4527376048249997
05/25 11:54 [DEBUG] cshmd.analysis (find_bond)                                   : find_bond Ca - O rcut -> 2.6
05/25 11:54 [DEBUG] cshmd.analysis (find_bond)                                   : find_bond Ca - O rcut -> 3.1
05/25 11:54 [DEBUG] cshmd.analysis (find_bond)                                   : find_bond Ca - O rcut -> 5.2
05/25 11:54 [DEBUG] cshmd.analysis (_anal_surface_co3_adsorption)                : No 'C' in system
05/25 11:54 [DEBUG] cshmd.analysis (__detail_search_oh_co3)                      : No CO3 in basic search
05/25 11:54 [DEBUG] cshmd.analysis (__detail_search_oh_sioh)                     : Searching 'OH' in 'SiO4
05/25 11:54 [DEBUG] cshmd.analysis (__detail_search_oh_caoh)                     : Searching 'OH' in 'CaOH
05/25 11:54 [INFO] cshmd.analysis (Qn)                                           : [Structure] Q1: 1.000
05/25 11:54 [INFO] cshmd.analysis (evaluate_csh)                                 : [Structure] BT: 0, PT: 512
05/25 11:54 [DEBUG] cshmd.analysis (__init__)                                    : <class 'cshmd.analysis.Chain'> loaded
05/25 11:54 [DEBUG] cshmd.analysis (__init__)                                    : <class 'cshmd.analysis.Chain'> loaded
05/25 11:54 [DEBUG] cshmd.analysis (__init__)                                    : <class 'cshmd.analysis.Chain'> loaded
05/25 11:54 [DEBUG] cshmd.analysis (__init__)                                    : <class 'cshmd.analysis.Chain'> loaded
05/25 11:54 [INFO] cshmd.analysis (evaluate_csh)                                 : [Structure] CL : Length 2: 64
05/25 11:54 [INFO] cshmd.analysis (evaluate_csh)                                 : [Structure] MCL : 2.000
05/25 11:54 [INFO] cshmd.structure (out2info)                                    : 'L020_w2750.tmp.pkl' was created
05/25 11:54 [INFO] cshmd.structure (__init__)                                    : L035.cif was loaded
05/25 11:54 [DEBUG] cshmd.analysis (__init__)                                    : [Structure] Now new data setted for get Bonds
05/25 11:54 [DEBUG] cshmd.analysis (__del_bond__)                                : del -> Si_O O_H H_O Ca_O C_O BO NBO
05/25 11:54 [DEBUG] cshmd.analysis (__initialize_mole__)                         : initalize -> H2O SiO4 OH CO3 CO2 H3O
05/25 11:54 [DEBUG] cshmd.analysis (__initialize_mole__)                         : initalize -> SiOH CaOH HCO3 H2CO3 H3CO3
05/25 11:54 [DEBUG] cshmd.analysis (find_bond)                                   : find_bond O - H rcut -> 1.2
05/25 11:54 [DEBUG] cshmd.common (time_wrapper)                                  : [RUNTIME] get_distance_table in 0.559 seconds
05/25 11:54 [DEBUG] cshmd.analysis (get_mole)                                    : get_mole O - H -> nbonds: 2
05/25 11:54 [DEBUG] cshmd.analysis (find_bond)                                   : find_bond Si - O rcut -> 2.3
05/25 11:54 [DEBUG] cshmd.common (time_wrapper)                                  : [RUNTIME] get_distance_table in 0.280 seconds
05/25 11:54 [DEBUG] cshmd.analysis (get_mole)                                    : get_mole Si - O -> nbonds: 4
05/25 11:54 [DEBUG] cshmd.analysis (get_mole)                                    : get_mole O - H -> nbonds: 1
05/25 11:54 [DEBUG] cshmd.analysis (find_bond)                                   : find_bond C - O rcut -> 1.6
05/25 11:54 [DEBUG] cshmd.analysis (get_mole)                                    : get_mole C - O -> nbonds: 3
05/25 11:54 [DEBUG] cshmd.analysis (get_mole)                                    : get_mole O - H -> nbonds: 3
05/25 11:54 [DEBUG] cshmd.analysis (find_bond)                                   : find_bond Ca - O rcut -> 3.0
05/25 11:54 [DEBUG] cshmd.common (time_wrapper)                                  : [RUNTIME] get_distance_table in 0.314 seconds
05/25 11:54 [DEBUG] cshmd.analysis (search_basic)                                : Basic search result -> H2O: 576, SiO4: 596, OH: 212, CO3: 0, H3O: 0, Ca_O: 4141
05/25 11:54 [DEBUG] cshmd.analysis (full_search)                                 : Search layer details
05/25 11:54 [DEBUG] cshmd.analysis (set_layer_boundary)                          : Set layer boundary -> 0.24344102250000055 - 0.7445715765749975
05/25 11:54 [DEBUG] cshmd.analysis (find_bond)                                   : find_bond Ca - O rcut -> 2.6
05/25 11:54 [DEBUG] cshmd.analysis (find_bond)                                   : find_bond Ca - O rcut -> 3.1
05/25 11:54 [DEBUG] cshmd.analysis (find_bond)                                   : find_bond Ca - O rcut -> 5.2
05/25 11:54 [DEBUG] cshmd.analysis (_anal_surface_co3_adsorption)                : No 'C' in system
05/25 11:54 [DEBUG] cshmd.analysis (__detail_search_oh_co3)                      : No CO3 in basic search
05/25 11:54 [DEBUG] cshmd.analysis (__detail_search_oh_sioh)                     : Searching 'OH' in 'SiO4
05/25 11:54 [DEBUG] cshmd.analysis (__detail_search_oh_caoh)                     : Searching 'OH' in 'CaOH
05/25 11:54 [INFO] cshmd.analysis (Qn)                                           : [Structure] Q1: 0.577
05/25 11:54 [INFO] cshmd.analysis (Qn)                                           : [Structure] Q2: 0.423
05/25 11:54 [INFO] cshmd.analysis (evaluate_csh)                                 : [Structure] BT: 84, PT: 512
05/25 11:54 [DEBUG] cshmd.analysis (__init__)                                    : <class 'cshmd.analysis.Chain'> loaded
05/25 11:54 [DEBUG] cshmd.analysis (__init__)                                    : <class 'cshmd.analysis.Chain'> loaded
05/25 11:54 [DEBUG] cshmd.analysis (__init__)                                    : <class 'cshmd.analysis.Chain'> loaded
05/25 11:54 [DEBUG] cshmd.analysis (__init__)                                    : <class 'cshmd.analysis.Chain'> loaded
05/25 11:54 [INFO] cshmd.analysis (evaluate_csh)                                 : [Structure] CL : Length 2: 22 Length 5: 21
05/25 11:54 [INFO] cshmd.analysis (evaluate_csh)                                 : [Structure] MCL : 3.465
05/25 11:54 [INFO] cshmd.structure (out2info)                                    : 'L035.tmp.pkl' was created
05/25 11:54 [INFO] cshmd.structure (__init__)                                    : L020.cif was loaded
05/25 11:54 [DEBUG] cshmd.analysis (__init__)                                    : [Structure] Now new data setted for get Bonds
05/25 11:54 [DEBUG] cshmd.analysis (__del_bond__)                                : del -> Si_O O_H H_O Ca_O C_O BO NBO
05/25 11:54 [DEBUG] cshmd.analysis (__initialize_mole__)                         : initalize -> H2O SiO4 OH CO3 CO2 H3O
05/25 11:54 [DEBUG] cshmd.analysis (__initialize_mole__)                         : initalize -> SiOH CaOH HCO3 H2CO3 H3CO3
05/25 11:54 [DEBUG] cshmd.analysis (find_bond)                                   : find_bond O - H rcut -> 1.2
05/25 11:54 [DEBUG] cshmd.common (time_wrapper)                                  : [RUNTIME] get_distance_table in 0.491 seconds
05/25 11:54 [DEBUG] cshmd.analysis (get_mole)                                    : get_mole O - H -> nbonds: 2
05/25 11:54 [DEBUG] cshmd.analysis (find_bond)                                   : find_bond Si - O rcut -> 2.3
05/25 11:54 [DEBUG] cshmd.common (time_wrapper)                                  : [RUNTIME] get_distance_table in 0.198 seconds
05/25 11:54 [DEBUG] cshmd.analysis (get_mole)                                    : get_mole Si - O -> nbonds: 4
05/25 11:54 [DEBUG] cshmd.analysis (get_mole)                                    : get_mole O - H -> nbonds: 1
05/25 11:54 [DEBUG] cshmd.analysis (find_bond)                                   : find_bond C - O rcut -> 1.6
05/25 11:54 [DEBUG] cshmd.analysis (get_mole)                                    : get_mole C - O -> nbonds: 3
05/25 11:54 [DEBUG] cshmd.analysis (get_mole)                                    : get_mole O - H -> nbonds: 3
05/25 11:54 [DEBUG] cshmd.analysis (find_bond)                                   : find_bond Ca - O rcut -> 3.0
05/25 11:54 [DEBUG] cshmd.common (time_wrapper)                                  : [RUNTIME] get_distance_table in 0.322 seconds
05/25 11:54 [DEBUG] cshmd.analysis (search_basic)                                : Basic search result -> H2O: 576, SiO4: 512, OH: 128, CO3: 0, H3O: 0, Ca_O: 4288
05/25 11:54 [DEBUG] cshmd.analysis (full_search)                                 : Search layer details
05/25 11:54 [DEBUG] cshmd.analysis (set_layer_boundary)                          : Set layer boundary -> 0.24344102250000055 - 0.7445715765749975
05/25 11:54 [DEBUG] cshmd.analysis (find_bond)                                   : find_bond Ca - O rcut -> 2.6
05/25 11:54 [DEBUG] cshmd.analysis (find_bond)                                   : find_bond Ca - O rcut -> 3.1
05/25 11:54 [DEBUG] cshmd.analysis (find_bond)                                   : find_bond Ca - O rcut -> 5.2
05/25 11:54 [DEBUG] cshmd.analysis (_anal_surface_co3_adsorption)                : No 'C' in system
05/25 11:54 [DEBUG] cshmd.analysis (__detail_search_oh_co3)                      : No CO3 in basic search
05/25 11:54 [DEBUG] cshmd.analysis (__detail_search_oh_sioh)                     : Searching 'OH' in 'SiO4
05/25 11:54 [DEBUG] cshmd.analysis (__detail_search_oh_caoh)                     : Searching 'OH' in 'CaOH
05/25 11:54 [INFO] cshmd.analysis (Qn)                                           : [Structure] Q1: 1.000
05/25 11:54 [INFO] cshmd.analysis (evaluate_csh)                                 : [Structure] BT: 0, PT: 512
05/25 11:54 [DEBUG] cshmd.analysis (__init__)                                    : <class 'cshmd.analysis.Chain'> loaded
05/25 11:54 [DEBUG] cshmd.analysis (__init__)                                    : <class 'cshmd.analysis.Chain'> loaded
05/25 11:54 [DEBUG] cshmd.analysis (__init__)                                    : <class 'cshmd.analysis.Chain'> loaded
05/25 11:54 [DEBUG] cshmd.analysis (__init__)                                    : <class 'cshmd.analysis.Chain'> loaded
05/25 11:54 [INFO] cshmd.analysis (evaluate_csh)                                 : [Structure] CL : Length 2: 64
05/25 11:54 [INFO] cshmd.analysis (evaluate_csh)                                 : [Structure] MCL : 2.000
05/25 11:54 [INFO] cshmd.structure (out2info)                                    : 'L020.tmp.pkl' was created
05/25 11:54 [INFO] cshmd.structure (__init__)                                    : L030.cif was loaded
05/25 11:54 [DEBUG] cshmd.analysis (__init__)                                    : [Structure] Now new data setted for get Bonds
05/25 11:54 [DEBUG] cshmd.analysis (__del_bond__)                                : del -> Si_O O_H H_O Ca_O C_O BO NBO
05/25 11:54 [DEBUG] cshmd.analysis (__initialize_mole__)                         : initalize -> H2O SiO4 OH CO3 CO2 H3O
05/25 11:54 [DEBUG] cshmd.analysis (__initialize_mole__)                         : initalize -> SiOH CaOH HCO3 H2CO3 H3CO3
05/25 11:54 [DEBUG] cshmd.analysis (find_bond)                                   : find_bond O - H rcut -> 1.2
05/25 11:54 [DEBUG] cshmd.common (time_wrapper)                                  : [RUNTIME] get_distance_table in 0.543 seconds
05/25 11:54 [DEBUG] cshmd.analysis (get_mole)                                    : get_mole O - H -> nbonds: 2
05/25 11:54 [DEBUG] cshmd.analysis (find_bond)                                   : find_bond Si - O rcut -> 2.3
05/25 11:54 [DEBUG] cshmd.common (time_wrapper)                                  : [RUNTIME] get_distance_table in 0.235 seconds
05/25 11:54 [DEBUG] cshmd.analysis (get_mole)                                    : get_mole Si - O -> nbonds: 4
05/25 11:54 [DEBUG] cshmd.analysis (get_mole)                                    : get_mole O - H -> nbonds: 1
05/25 11:54 [DEBUG] cshmd.analysis (find_bond)                                   : find_bond C - O rcut -> 1.6
05/25 11:54 [DEBUG] cshmd.analysis (get_mole)                                    : get_mole C - O -> nbonds: 3
05/25 11:54 [DEBUG] cshmd.analysis (get_mole)                                    : get_mole O - H -> nbonds: 3
05/25 11:54 [DEBUG] cshmd.analysis (find_bond)                                   : find_bond Ca - O rcut -> 3.0
05/25 11:54 [DEBUG] cshmd.common (time_wrapper)                                  : [RUNTIME] get_distance_table in 0.317 seconds
05/25 11:54 [DEBUG] cshmd.analysis (search_basic)                                : Basic search result -> H2O: 576, SiO4: 576, OH: 192, CO3: 0, H3O: 0, Ca_O: 4176
05/25 11:54 [DEBUG] cshmd.analysis (full_search)                                 : Search layer details
05/25 11:54 [DEBUG] cshmd.analysis (set_layer_boundary)                          : Set layer boundary -> 0.24344102250000055 - 0.7445715765749975
05/25 11:54 [DEBUG] cshmd.analysis (find_bond)                                   : find_bond Ca - O rcut -> 2.6
05/25 11:54 [DEBUG] cshmd.analysis (find_bond)                                   : find_bond Ca - O rcut -> 3.1
05/25 11:54 [DEBUG] cshmd.analysis (find_bond)                                   : find_bond Ca - O rcut -> 5.2
05/25 11:54 [DEBUG] cshmd.analysis (_anal_surface_co3_adsorption)                : No 'C' in system
05/25 11:54 [DEBUG] cshmd.analysis (__detail_search_oh_co3)                      : No CO3 in basic search
05/25 11:54 [DEBUG] cshmd.analysis (__detail_search_oh_sioh)                     : Searching 'OH' in 'SiO4
05/25 11:54 [DEBUG] cshmd.analysis (__detail_search_oh_caoh)                     : Searching 'OH' in 'CaOH
05/25 11:54 [INFO] cshmd.analysis (Qn)                                           : [Structure] Q1: 0.667
05/25 11:54 [INFO] cshmd.analysis (Qn)                                           : [Structure] Q2: 0.333
05/25 11:54 [INFO] cshmd.analysis (evaluate_csh)                                 : [Structure] BT: 64, PT: 512
05/25 11:54 [DEBUG] cshmd.analysis (__init__)                                    : <class 'cshmd.analysis.Chain'> loaded
05/25 11:54 [DEBUG] cshmd.analysis (__init__)                                    : <class 'cshmd.analysis.Chain'> loaded
05/25 11:54 [DEBUG] cshmd.analysis (__init__)                                    : <class 'cshmd.analysis.Chain'> loaded
05/25 11:54 [DEBUG] cshmd.analysis (__init__)                                    : <class 'cshmd.analysis.Chain'> loaded
05/25 11:54 [INFO] cshmd.analysis (evaluate_csh)                                 : [Structure] CL : Length 2: 32 Length 5: 16
05/25 11:54 [INFO] cshmd.analysis (evaluate_csh)                                 : [Structure] MCL : 3.000
05/25 11:54 [INFO] cshmd.structure (out2info)                                    : 'L030.tmp.pkl' was created
05/25 11:54 [INFO] cshmd.structure (__init__)                                    : L070_w2750.cif was loaded
05/25 11:54 [DEBUG] cshmd.analysis (__init__)                                    : [Structure] Now new data setted for get Bonds
05/25 11:54 [DEBUG] cshmd.analysis (__del_bond__)                                : del -> Si_O O_H H_O Ca_O C_O BO NBO
05/25 11:54 [DEBUG] cshmd.analysis (__initialize_mole__)                         : initalize -> H2O SiO4 OH CO3 CO2 H3O
05/25 11:54 [DEBUG] cshmd.analysis (__initialize_mole__)                         : initalize -> SiOH CaOH HCO3 H2CO3 H3CO3
05/25 11:54 [DEBUG] cshmd.analysis (find_bond)                                   : find_bond O - H rcut -> 1.2
05/25 11:54 [DEBUG] cshmd.common (time_wrapper)                                  : [RUNTIME] get_distance_table in 6.115 seconds
05/25 11:54 [DEBUG] cshmd.analysis (get_mole)                                    : get_mole O - H -> nbonds: 2
05/25 11:54 [DEBUG] cshmd.analysis (find_bond)                                   : find_bond Si - O rcut -> 2.3
05/25 11:54 [DEBUG] cshmd.common (time_wrapper)                                  : [RUNTIME] get_distance_table in 0.627 seconds
05/25 11:54 [DEBUG] cshmd.analysis (get_mole)                                    : get_mole Si - O -> nbonds: 4
05/25 11:54 [DEBUG] cshmd.analysis (get_mole)                                    : get_mole O - H -> nbonds: 1
05/25 11:54 [DEBUG] cshmd.analysis (find_bond)                                   : find_bond C - O rcut -> 1.6
05/25 11:54 [DEBUG] cshmd.analysis (get_mole)                                    : get_mole C - O -> nbonds: 3
05/25 11:54 [DEBUG] cshmd.analysis (get_mole)                                    : get_mole O - H -> nbonds: 3
05/25 11:54 [DEBUG] cshmd.analysis (find_bond)                                   : find_bond Ca - O rcut -> 3.0
05/25 11:54 [DEBUG] cshmd.common (time_wrapper)                                  : [RUNTIME] get_distance_table in 0.645 seconds
05/25 11:54 [DEBUG] cshmd.analysis (search_basic)                                : Basic search result -> H2O: 3235, SiO4: 672, OH: 288, CO3: 0, H3O: 19, Ca_O: 4058
05/25 11:54 [DEBUG] cshmd.analysis (full_search)                                 : Search layer details
05/25 11:54 [DEBUG] cshmd.analysis (set_layer_boundary)                          : Set layer boundary -> 0.14802459417500036 - 0.4527376048249997
05/25 11:54 [DEBUG] cshmd.analysis (find_bond)                                   : find_bond Ca - O rcut -> 2.6
05/25 11:54 [DEBUG] cshmd.analysis (find_bond)                                   : find_bond Ca - O rcut -> 3.1
05/25 11:54 [DEBUG] cshmd.analysis (find_bond)                                   : find_bond Ca - O rcut -> 5.2
05/25 11:54 [DEBUG] cshmd.analysis (_anal_surface_co3_adsorption)                : No 'C' in system
05/25 11:54 [DEBUG] cshmd.analysis (__detail_search_oh_co3)                      : No CO3 in basic search
05/25 11:54 [DEBUG] cshmd.analysis (__detail_search_oh_sioh)                     : Searching 'OH' in 'SiO4
05/25 11:54 [DEBUG] cshmd.analysis (__detail_search_oh_caoh)                     : Searching 'OH' in 'CaOH
05/25 11:54 [INFO] cshmd.analysis (Qn)                                           : [Structure] Q1: 0.286
05/25 11:54 [INFO] cshmd.analysis (Qn)                                           : [Structure] Q2: 0.714
05/25 11:54 [INFO] cshmd.analysis (evaluate_csh)                                 : [Structure] BT: 160, PT: 512
05/25 11:54 [DEBUG] cshmd.analysis (__init__)                                    : <class 'cshmd.analysis.Chain'> loaded
05/25 11:54 [DEBUG] cshmd.analysis (__init__)                                    : <class 'cshmd.analysis.Chain'> loaded
05/25 11:54 [DEBUG] cshmd.analysis (__init__)                                    : <class 'cshmd.analysis.Chain'> loaded
05/25 11:54 [DEBUG] cshmd.analysis (__init__)                                    : <class 'cshmd.analysis.Chain'> loaded
05/25 11:54 [INFO] cshmd.analysis (evaluate_csh)                                 : [Structure] CL : Length 2: 2 Length 5: 7 Length 8: 12 Length 11: 3
05/25 11:54 [INFO] cshmd.analysis (evaluate_csh)                                 : [Structure] MCL : 7.000
05/25 11:54 [INFO] cshmd.structure (out2info)                                    : 'L070_w2750.tmp.pkl' was created
05/25 11:54 [INFO] cshmd.structure (__init__)                                    : L025.cif was loaded
05/25 11:54 [DEBUG] cshmd.analysis (__init__)                                    : [Structure] Now new data setted for get Bonds
05/25 11:54 [DEBUG] cshmd.analysis (__del_bond__)                                : del -> Si_O O_H H_O Ca_O C_O BO NBO
05/25 11:54 [DEBUG] cshmd.analysis (__initialize_mole__)                         : initalize -> H2O SiO4 OH CO3 CO2 H3O
05/25 11:54 [DEBUG] cshmd.analysis (__initialize_mole__)                         : initalize -> SiOH CaOH HCO3 H2CO3 H3CO3
05/25 11:54 [DEBUG] cshmd.analysis (find_bond)                                   : find_bond O - H rcut -> 1.2
05/25 11:54 [DEBUG] cshmd.common (time_wrapper)                                  : [RUNTIME] get_distance_table in 0.518 seconds
05/25 11:54 [DEBUG] cshmd.analysis (get_mole)                                    : get_mole O - H -> nbonds: 2
05/25 11:54 [DEBUG] cshmd.analysis (find_bond)                                   : find_bond Si - O rcut -> 2.3
05/25 11:54 [DEBUG] cshmd.common (time_wrapper)                                  : [RUNTIME] get_distance_table in 0.221 seconds
05/25 11:54 [DEBUG] cshmd.analysis (get_mole)                                    : get_mole Si - O -> nbonds: 4
05/25 11:54 [DEBUG] cshmd.analysis (get_mole)                                    : get_mole O - H -> nbonds: 1
05/25 11:54 [DEBUG] cshmd.analysis (find_bond)                                   : find_bond C - O rcut -> 1.6
05/25 11:54 [DEBUG] cshmd.analysis (get_mole)                                    : get_mole C - O -> nbonds: 3
05/25 11:54 [DEBUG] cshmd.analysis (get_mole)                                    : get_mole O - H -> nbonds: 3
05/25 11:54 [DEBUG] cshmd.analysis (find_bond)                                   : find_bond Ca - O rcut -> 3.0
05/25 11:54 [DEBUG] cshmd.common (time_wrapper)                                  : [RUNTIME] get_distance_table in 0.324 seconds
05/25 11:54 [DEBUG] cshmd.analysis (search_basic)                                : Basic search result -> H2O: 576, SiO4: 548, OH: 164, CO3: 0, H3O: 0, Ca_O: 4225
05/25 11:54 [DEBUG] cshmd.analysis (full_search)                                 : Search layer details
05/25 11:54 [DEBUG] cshmd.analysis (set_layer_boundary)                          : Set layer boundary -> 0.24344102250000055 - 0.7445715765749975
05/25 11:54 [DEBUG] cshmd.analysis (find_bond)                                   : find_bond Ca - O rcut -> 2.6
05/25 11:54 [DEBUG] cshmd.analysis (find_bond)                                   : find_bond Ca - O rcut -> 3.1
05/25 11:54 [DEBUG] cshmd.analysis (find_bond)                                   : find_bond Ca - O rcut -> 5.2
05/25 11:54 [DEBUG] cshmd.analysis (_anal_surface_co3_adsorption)                : No 'C' in system
05/25 11:54 [DEBUG] cshmd.analysis (__detail_search_oh_co3)                      : No CO3 in basic search
05/25 11:54 [DEBUG] cshmd.analysis (__detail_search_oh_sioh)                     : Searching 'OH' in 'SiO4
05/25 11:54 [DEBUG] cshmd.analysis (__detail_search_oh_caoh)                     : Searching 'OH' in 'CaOH
05/25 11:54 [INFO] cshmd.analysis (Qn)                                           : [Structure] Q1: 0.803
05/25 11:54 [INFO] cshmd.analysis (Qn)                                           : [Structure] Q2: 0.197
05/25 11:54 [INFO] cshmd.analysis (evaluate_csh)                                 : [Structure] BT: 36, PT: 512
05/25 11:54 [DEBUG] cshmd.analysis (__init__)                                    : <class 'cshmd.analysis.Chain'> loaded
05/25 11:54 [DEBUG] cshmd.analysis (__init__)                                    : <class 'cshmd.analysis.Chain'> loaded
05/25 11:54 [DEBUG] cshmd.analysis (__init__)                                    : <class 'cshmd.analysis.Chain'> loaded
05/25 11:54 [DEBUG] cshmd.analysis (__init__)                                    : <class 'cshmd.analysis.Chain'> loaded
05/25 11:54 [INFO] cshmd.analysis (evaluate_csh)                                 : [Structure] CL : Length 2: 46 Length 5: 9
05/25 11:54 [INFO] cshmd.analysis (evaluate_csh)                                 : [Structure] MCL : 2.491
05/25 11:54 [INFO] cshmd.structure (out2info)                                    : 'L025.tmp.pkl' was created
05/25 11:54 [INFO] cshmd.structure (__init__)                                    : L045_w2750.cif was loaded
05/25 11:54 [DEBUG] cshmd.analysis (__init__)                                    : [Structure] Now new data setted for get Bonds
05/25 11:54 [DEBUG] cshmd.analysis (__del_bond__)                                : del -> Si_O O_H H_O Ca_O C_O BO NBO
05/25 11:54 [DEBUG] cshmd.analysis (__initialize_mole__)                         : initalize -> H2O SiO4 OH CO3 CO2 H3O
05/25 11:54 [DEBUG] cshmd.analysis (__initialize_mole__)                         : initalize -> SiOH CaOH HCO3 H2CO3 H3CO3
05/25 11:54 [DEBUG] cshmd.analysis (find_bond)                                   : find_bond O - H rcut -> 1.2
05/25 11:54 [DEBUG] cshmd.common (get_logger)                                    : $$$$$$$$$$$$$$  Logger 'cshmd.common........' initialized  $$$$$$$$$$$$$$
05/25 11:54 [DEBUG] cshmd.functions (get_logger)                                 : $$$$$$$$$$$$$$  Logger 'cshmd.functions.....' initialized  $$$$$$$$$$$$$$
05/25 11:54 [DEBUG] cshmd.load (get_logger)                                      : $$$$$$$$$$$$$$  Logger 'cshmd.load..........' initialized  $$$$$$$$$$$$$$
05/25 11:54 [DEBUG] cshmd.analysis (get_logger)                                  : $$$$$$$$$$$$$$  Logger 'cshmd.analysis......' initialized  $$$$$$$$$$$$$$
05/25 11:54 [DEBUG] cshmd.equation (get_logger)                                  : $$$$$$$$$$$$$$  Logger 'cshmd.equation......' initialized  $$$$$$$$$$$$$$
05/25 11:54 [DEBUG] cshmd.structure (get_logger)                                 : $$$$$$$$$$$$$$  Logger 'cshmd.structure.....' initialized  $$$$$$$$$$$$$$
05/25 11:54 [DEBUG] cshmd.builder (get_logger)                                   : $$$$$$$$$$$$$$  Logger 'cshmd.builder.......' initialized  $$$$$$$$$$$$$$
05/25 11:54 [DEBUG] cshmd.trj_analysis (get_logger)                              : $$$$$$$$$$$$$$  Logger 'cshmd.trj_analysis..' initialized  $$$$$$$$$$$$$$
05/25 11:54 [DEBUG] csh_info (get_logger)                                        : $$$$$$$$$$$$$$  Logger 'csh_info............' initialized  $$$$$$$$$$$$$$
05/25 11:54 [INFO] csh_info (main)                                               : Cif: L020_w2750.cif L035.cif L020.cif L030.cif L070_w2750.cif L025.cif L045_w2750.cif L040.cif L120.cif L025_w2750_c50.cif L035_w2750.cif L080.cif L045_w2750_c50.cif L050_w2750.cif L050.cif L035_w2750_c50.cif L080_w2750.cif L045.cif L100.cif L040_w2750_c50.cif L060_w2750.cif L060.cif L030_w2750_c50.cif L120_w2750.cif L020_w2750_c50.cif L030_w2750.cif L050_w2750_c50.cif L100_w2750_c50.cif L070.cif L040_w2750.cif L070_w2750_c50.cif L120_w2750_c50.cif L080_w2750_c50.cif L100_w2750.cif L060_w2750_c50.cif L025_w2750.cif
05/25 11:54 [INFO] cshmd.structure (__init__)                                    : L020_w2750.cif was loaded
05/25 11:54 [DEBUG] cshmd.analysis (__init__)                                    : [Structure] Now new data setted for get Bonds
05/25 11:54 [DEBUG] cshmd.analysis (__del_bond__)                                : del -> Si_O O_H H_O Ca_O C_O BO NBO
05/25 11:54 [DEBUG] cshmd.analysis (__initialize_mole__)                         : initalize -> H2O SiO4 OH CO3 CO2 H3O
05/25 11:54 [DEBUG] cshmd.analysis (__initialize_mole__)                         : initalize -> SiOH CaOH HCO3 H2CO3 H3CO3
05/25 11:54 [DEBUG] cshmd.analysis (find_bond)                                   : find_bond O - H rcut -> 1.2
05/25 11:54 [DEBUG] cshmd.common (time_wrapper)                                  : [RUNTIME] get_distance_table in 5.754 seconds
05/25 11:54 [DEBUG] cshmd.analysis (get_mole)                                    : get_mole O - H -> nbonds: 2
05/25 11:54 [DEBUG] cshmd.analysis (find_bond)                                   : find_bond Si - O rcut -> 2.3
05/25 11:54 [DEBUG] cshmd.common (time_wrapper)                                  : [RUNTIME] get_distance_table in 0.442 seconds
05/25 11:54 [DEBUG] cshmd.analysis (get_mole)                                    : get_mole Si - O -> nbonds: 4
05/25 11:54 [DEBUG] cshmd.analysis (get_mole)                                    : get_mole O - H -> nbonds: 1
05/25 11:54 [DEBUG] cshmd.analysis (find_bond)                                   : find_bond C - O rcut -> 1.6
05/25 11:54 [DEBUG] cshmd.analysis (get_mole)                                    : get_mole C - O -> nbonds: 3
05/25 11:54 [DEBUG] cshmd.analysis (get_mole)                                    : get_mole O - H -> nbonds: 3
05/25 11:54 [DEBUG] cshmd.analysis (find_bond)                                   : find_bond Ca - O rcut -> 3.0
05/25 11:54 [DEBUG] cshmd.common (time_wrapper)                                  : [RUNTIME] get_distance_table in 0.730 seconds
05/25 11:54 [DEBUG] cshmd.analysis (search_basic)                                : Basic search result -> H2O: 3254, SiO4: 512, OH: 128, CO3: 0, H3O: 0, Ca_O: 4427
05/25 11:54 [DEBUG] cshmd.analysis (full_search)                                 : Search layer details
05/25 11:54 [DEBUG] cshmd.analysis (set_layer_boundary)                          : Set layer boundary -> 0.14802459417500036 - 0.4527376048249997
05/25 11:54 [DEBUG] cshmd.analysis (find_bond)                                   : find_bond Ca - O rcut -> 2.6
05/25 11:54 [DEBUG] cshmd.analysis (find_bond)                                   : find_bond Ca - O rcut -> 3.1
05/25 11:54 [DEBUG] cshmd.analysis (find_bond)                                   : find_bond Ca - O rcut -> 5.2
05/25 11:54 [DEBUG] cshmd.analysis (_anal_surface_co3_adsorption)                : No 'C' in system
05/25 11:54 [DEBUG] cshmd.analysis (__detail_search_oh_co3)                      : No CO3 in basic search
05/25 11:54 [DEBUG] cshmd.analysis (__detail_search_oh_sioh)                     : Searching 'OH' in 'SiO4
05/25 11:54 [DEBUG] cshmd.analysis (__detail_search_oh_caoh)                     : Searching 'OH' in 'CaOH
05/25 11:54 [INFO] cshmd.analysis (Qn)                                           : [Structure] Q1: 1.000
05/25 11:54 [INFO] cshmd.analysis (evaluate_csh)                                 : [Structure] BT: 0, PT: 512
05/25 11:54 [DEBUG] cshmd.analysis (__init__)                                    : <class 'cshmd.analysis.Chain'> loaded
05/25 11:54 [DEBUG] cshmd.analysis (__init__)                                    : <class 'cshmd.analysis.Chain'> loaded
05/25 11:54 [DEBUG] cshmd.analysis (__init__)                                    : <class 'cshmd.analysis.Chain'> loaded
05/25 11:54 [DEBUG] cshmd.analysis (__init__)                                    : <class 'cshmd.analysis.Chain'> loaded
05/25 11:54 [INFO] cshmd.analysis (evaluate_csh)                                 : [Structure] CL : Length 2: 64
05/25 11:54 [INFO] cshmd.analysis (evaluate_csh)                                 : [Structure] MCL : 2.000
05/25 11:54 [INFO] cshmd.structure (out2info)                                    : 'L020_w2750.tmp.pkl' was created
05/25 11:54 [INFO] cshmd.structure (__init__)                                    : L035.cif was loaded
05/25 11:54 [DEBUG] cshmd.analysis (__init__)                                    : [Structure] Now new data setted for get Bonds
05/25 11:54 [DEBUG] cshmd.analysis (__del_bond__)                                : del -> Si_O O_H H_O Ca_O C_O BO NBO
05/25 11:54 [DEBUG] cshmd.analysis (__initialize_mole__)                         : initalize -> H2O SiO4 OH CO3 CO2 H3O
05/25 11:54 [DEBUG] cshmd.analysis (__initialize_mole__)                         : initalize -> SiOH CaOH HCO3 H2CO3 H3CO3
05/25 11:54 [DEBUG] cshmd.analysis (find_bond)                                   : find_bond O - H rcut -> 1.2
05/25 11:54 [DEBUG] cshmd.common (time_wrapper)                                  : [RUNTIME] get_distance_table in 0.568 seconds
05/25 11:54 [DEBUG] cshmd.analysis (get_mole)                                    : get_mole O - H -> nbonds: 2
05/25 11:54 [DEBUG] cshmd.analysis (find_bond)                                   : find_bond Si - O rcut -> 2.3
05/25 11:54 [DEBUG] cshmd.common (time_wrapper)                                  : [RUNTIME] get_distance_table in 0.260 seconds
05/25 11:54 [DEBUG] cshmd.analysis (get_mole)                                    : get_mole Si - O -> nbonds: 4
05/25 11:54 [DEBUG] cshmd.analysis (get_mole)                                    : get_mole O - H -> nbonds: 1
05/25 11:54 [DEBUG] cshmd.analysis (find_bond)                                   : find_bond C - O rcut -> 1.6
05/25 11:54 [DEBUG] cshmd.analysis (get_mole)                                    : get_mole C - O -> nbonds: 3
05/25 11:54 [DEBUG] cshmd.analysis (get_mole)                                    : get_mole O - H -> nbonds: 3
05/25 11:54 [DEBUG] cshmd.analysis (find_bond)                                   : find_bond Ca - O rcut -> 3.0
05/25 11:54 [DEBUG] cshmd.common (time_wrapper)                                  : [RUNTIME] get_distance_table in 0.307 seconds
05/25 11:54 [DEBUG] cshmd.analysis (search_basic)                                : Basic search result -> H2O: 576, SiO4: 596, OH: 212, CO3: 0, H3O: 0, Ca_O: 4141
05/25 11:54 [DEBUG] cshmd.analysis (full_search)                                 : Search layer details
05/25 11:54 [DEBUG] cshmd.analysis (set_layer_boundary)                          : Set layer boundary -> 0.24344102250000055 - 0.7445715765749975
05/25 11:54 [DEBUG] cshmd.analysis (find_bond)                                   : find_bond Ca - O rcut -> 2.6
05/25 11:54 [DEBUG] cshmd.analysis (find_bond)                                   : find_bond Ca - O rcut -> 3.1
05/25 11:54 [DEBUG] cshmd.analysis (find_bond)                                   : find_bond Ca - O rcut -> 5.2
05/25 11:54 [DEBUG] cshmd.analysis (_anal_surface_co3_adsorption)                : No 'C' in system
05/25 11:54 [DEBUG] cshmd.analysis (__detail_search_oh_co3)                      : No CO3 in basic search
05/25 11:54 [DEBUG] cshmd.analysis (__detail_search_oh_sioh)                     : Searching 'OH' in 'SiO4
05/25 11:54 [DEBUG] cshmd.analysis (__detail_search_oh_caoh)                     : Searching 'OH' in 'CaOH
05/25 11:54 [INFO] cshmd.analysis (Qn)                                           : [Structure] Q1: 0.577
05/25 11:54 [INFO] cshmd.analysis (Qn)                                           : [Structure] Q2: 0.423
05/25 11:54 [INFO] cshmd.analysis (evaluate_csh)                                 : [Structure] BT: 84, PT: 512
05/25 11:54 [DEBUG] cshmd.analysis (__init__)                                    : <class 'cshmd.analysis.Chain'> loaded
05/25 11:54 [DEBUG] cshmd.analysis (__init__)                                    : <class 'cshmd.analysis.Chain'> loaded
05/25 11:54 [DEBUG] cshmd.analysis (__init__)                                    : <class 'cshmd.analysis.Chain'> loaded
05/25 11:54 [DEBUG] cshmd.analysis (__init__)                                    : <class 'cshmd.analysis.Chain'> loaded
05/25 11:54 [INFO] cshmd.analysis (evaluate_csh)                                 : [Structure] CL : Length 2: 22 Length 5: 21
05/25 11:54 [INFO] cshmd.analysis (evaluate_csh)                                 : [Structure] MCL : 3.465
05/25 11:54 [INFO] cshmd.structure (out2info)                                    : 'L035.tmp.pkl' was created
05/25 11:54 [INFO] cshmd.structure (__init__)                                    : L020.cif was loaded
05/25 11:54 [DEBUG] cshmd.analysis (__init__)                                    : [Structure] Now new data setted for get Bonds
05/25 11:54 [DEBUG] cshmd.analysis (__del_bond__)                                : del -> Si_O O_H H_O Ca_O C_O BO NBO
05/25 11:54 [DEBUG] cshmd.analysis (__initialize_mole__)                         : initalize -> H2O SiO4 OH CO3 CO2 H3O
05/25 11:54 [DEBUG] cshmd.analysis (__initialize_mole__)                         : initalize -> SiOH CaOH HCO3 H2CO3 H3CO3
05/25 11:54 [DEBUG] cshmd.analysis (find_bond)                                   : find_bond O - H rcut -> 1.2
05/25 11:54 [DEBUG] cshmd.common (time_wrapper)                                  : [RUNTIME] get_distance_table in 0.508 seconds
05/25 11:54 [DEBUG] cshmd.analysis (get_mole)                                    : get_mole O - H -> nbonds: 2
05/25 11:54 [DEBUG] cshmd.analysis (find_bond)                                   : find_bond Si - O rcut -> 2.3
05/25 11:54 [DEBUG] cshmd.common (time_wrapper)                                  : [RUNTIME] get_distance_table in 0.222 seconds
05/25 11:54 [DEBUG] cshmd.analysis (get_mole)                                    : get_mole Si - O -> nbonds: 4
05/25 11:54 [DEBUG] cshmd.analysis (get_mole)                                    : get_mole O - H -> nbonds: 1
05/25 11:54 [DEBUG] cshmd.analysis (find_bond)                                   : find_bond C - O rcut -> 1.6
05/25 11:54 [DEBUG] cshmd.analysis (get_mole)                                    : get_mole C - O -> nbonds: 3
05/25 11:54 [DEBUG] cshmd.analysis (get_mole)                                    : get_mole O - H -> nbonds: 3
05/25 11:54 [DEBUG] cshmd.analysis (find_bond)                                   : find_bond Ca - O rcut -> 3.0
05/25 11:55 [DEBUG] cshmd.common (get_logger)                                    : $$$$$$$$$$$$$$  Logger 'cshmd.common........' initialized  $$$$$$$$$$$$$$
05/25 11:55 [DEBUG] cshmd.functions (get_logger)                                 : $$$$$$$$$$$$$$  Logger 'cshmd.functions.....' initialized  $$$$$$$$$$$$$$
05/25 11:55 [DEBUG] cshmd.load (get_logger)                                      : $$$$$$$$$$$$$$  Logger 'cshmd.load..........' initialized  $$$$$$$$$$$$$$
05/25 11:55 [DEBUG] cshmd.analysis (get_logger)                                  : $$$$$$$$$$$$$$  Logger 'cshmd.analysis......' initialized  $$$$$$$$$$$$$$
05/25 11:55 [DEBUG] cshmd.equation (get_logger)                                  : $$$$$$$$$$$$$$  Logger 'cshmd.equation......' initialized  $$$$$$$$$$$$$$
05/25 11:55 [DEBUG] cshmd.structure (get_logger)                                 : $$$$$$$$$$$$$$  Logger 'cshmd.structure.....' initialized  $$$$$$$$$$$$$$
05/25 11:55 [DEBUG] cshmd.builder (get_logger)                                   : $$$$$$$$$$$$$$  Logger 'cshmd.builder.......' initialized  $$$$$$$$$$$$$$
05/25 11:55 [DEBUG] cshmd.trj_analysis (get_logger)                              : $$$$$$$$$$$$$$  Logger 'cshmd.trj_analysis..' initialized  $$$$$$$$$$$$$$
05/25 11:55 [DEBUG] csh_info (get_logger)                                        : $$$$$$$$$$$$$$  Logger 'csh_info............' initialized  $$$$$$$$$$$$$$
05/25 11:55 [INFO] csh_info (main)                                               : Cif: L020_w2750.cif L035.cif L020.cif L030.cif L070_w2750.cif L025.cif L045_w2750.cif L040.cif L120.cif L025_w2750_c50.cif L035_w2750.cif L080.cif L045_w2750_c50.cif L050_w2750.cif L050.cif L035_w2750_c50.cif L080_w2750.cif L045.cif L100.cif L040_w2750_c50.cif L060_w2750.cif L060.cif L030_w2750_c50.cif L120_w2750.cif L020_w2750_c50.cif L030_w2750.cif L050_w2750_c50.cif L100_w2750_c50.cif L070.cif L040_w2750.cif L070_w2750_c50.cif L120_w2750_c50.cif L080_w2750_c50.cif L100_w2750.cif L060_w2750_c50.cif L025_w2750.cif
05/25 11:55 [INFO] cshmd.structure (__init__)                                    : L020_w2750.cif was loaded
05/25 11:55 [DEBUG] cshmd.analysis (__init__)                                    : [Structure] Now new data setted for get Bonds
05/25 11:55 [DEBUG] cshmd.analysis (__del_bond__)                                : del -> Si_O O_H H_O Ca_O C_O BO NBO
05/25 11:55 [DEBUG] cshmd.analysis (__initialize_mole__)                         : initalize -> H2O SiO4 OH CO3 CO2 H3O
05/25 11:55 [DEBUG] cshmd.analysis (__initialize_mole__)                         : initalize -> SiOH CaOH HCO3 H2CO3 H3CO3
05/25 11:55 [DEBUG] cshmd.analysis (find_bond)                                   : find_bond O - H rcut -> 1.2
05/25 11:55 [DEBUG] cshmd.common (time_wrapper)                                  : [RUNTIME] get_distance_table in 5.921 seconds
05/25 11:55 [DEBUG] cshmd.analysis (get_mole)                                    : get_mole O - H -> nbonds: 2
05/25 11:55 [DEBUG] cshmd.analysis (find_bond)                                   : find_bond Si - O rcut -> 2.3
05/25 11:55 [DEBUG] cshmd.common (time_wrapper)                                  : [RUNTIME] get_distance_table in 0.449 seconds
05/25 11:55 [DEBUG] cshmd.analysis (get_mole)                                    : get_mole Si - O -> nbonds: 4
05/25 11:55 [DEBUG] cshmd.analysis (get_mole)                                    : get_mole O - H -> nbonds: 1
05/25 11:55 [DEBUG] cshmd.analysis (find_bond)                                   : find_bond C - O rcut -> 1.6
05/25 11:55 [DEBUG] cshmd.analysis (get_mole)                                    : get_mole C - O -> nbonds: 3
05/25 11:55 [DEBUG] cshmd.analysis (get_mole)                                    : get_mole O - H -> nbonds: 3
05/25 11:55 [DEBUG] cshmd.analysis (find_bond)                                   : find_bond Ca - O rcut -> 3.0
05/25 11:55 [DEBUG] cshmd.common (time_wrapper)                                  : [RUNTIME] get_distance_table in 0.723 seconds
05/25 11:55 [DEBUG] cshmd.analysis (search_basic)                                : Basic search result -> H2O: 3254, SiO4: 512, OH: 128, CO3: 0, H3O: 0, Ca_O: 4427
05/25 11:55 [DEBUG] cshmd.analysis (full_search)                                 : Search layer details
05/25 11:55 [DEBUG] cshmd.analysis (set_layer_boundary)                          : Set layer boundary -> 0.14802459417500036 - 0.4527376048249997
05/25 11:55 [DEBUG] cshmd.analysis (find_bond)                                   : find_bond Ca - O rcut -> 2.6
05/25 11:55 [DEBUG] cshmd.analysis (find_bond)                                   : find_bond Ca - O rcut -> 3.1
05/25 11:55 [DEBUG] cshmd.analysis (find_bond)                                   : find_bond Ca - O rcut -> 5.2
05/25 11:55 [DEBUG] cshmd.analysis (_anal_surface_co3_adsorption)                : No 'C' in system
05/25 11:55 [DEBUG] cshmd.analysis (__detail_search_oh_co3)                      : No CO3 in basic search
05/25 11:55 [DEBUG] cshmd.analysis (__detail_search_oh_sioh)                     : Searching 'OH' in 'SiO4
05/25 11:55 [DEBUG] cshmd.analysis (__detail_search_oh_caoh)                     : Searching 'OH' in 'CaOH
05/25 11:55 [INFO] cshmd.analysis (Qn)                                           : [Structure] Q1: 1.000
05/25 11:55 [INFO] cshmd.analysis (evaluate_csh)                                 : [Structure] BT: 0, PT: 512
05/25 11:55 [DEBUG] cshmd.analysis (__init__)                                    : <class 'cshmd.analysis.Chain'> loaded
05/25 11:55 [DEBUG] cshmd.analysis (__init__)                                    : <class 'cshmd.analysis.Chain'> loaded
05/25 11:55 [DEBUG] cshmd.analysis (__init__)                                    : <class 'cshmd.analysis.Chain'> loaded
05/25 11:55 [DEBUG] cshmd.analysis (__init__)                                    : <class 'cshmd.analysis.Chain'> loaded
05/25 11:55 [INFO] cshmd.analysis (evaluate_csh)                                 : [Structure] CL : Length 2: 64
05/25 11:55 [INFO] cshmd.analysis (evaluate_csh)                                 : [Structure] MCL : 2.000
05/25 11:55 [INFO] cshmd.structure (out2info)                                    : 'L020_w2750.tmp.pkl' was created
05/25 11:55 [INFO] cshmd.structure (__init__)                                    : L035.cif was loaded
05/25 11:55 [DEBUG] cshmd.analysis (__init__)                                    : [Structure] Now new data setted for get Bonds
05/25 11:55 [DEBUG] cshmd.analysis (__del_bond__)                                : del -> Si_O O_H H_O Ca_O C_O BO NBO
05/25 11:55 [DEBUG] cshmd.analysis (__initialize_mole__)                         : initalize -> H2O SiO4 OH CO3 CO2 H3O
05/25 11:55 [DEBUG] cshmd.analysis (__initialize_mole__)                         : initalize -> SiOH CaOH HCO3 H2CO3 H3CO3
05/25 11:55 [DEBUG] cshmd.analysis (find_bond)                                   : find_bond O - H rcut -> 1.2
05/25 11:55 [DEBUG] cshmd.common (time_wrapper)                                  : [RUNTIME] get_distance_table in 0.556 seconds
05/25 11:55 [DEBUG] cshmd.analysis (get_mole)                                    : get_mole O - H -> nbonds: 2
05/25 11:55 [DEBUG] cshmd.analysis (find_bond)                                   : find_bond Si - O rcut -> 2.3
05/25 11:55 [DEBUG] cshmd.common (time_wrapper)                                  : [RUNTIME] get_distance_table in 0.266 seconds
05/25 11:55 [DEBUG] cshmd.analysis (get_mole)                                    : get_mole Si - O -> nbonds: 4
05/25 11:55 [DEBUG] cshmd.analysis (get_mole)                                    : get_mole O - H -> nbonds: 1
05/25 11:55 [DEBUG] cshmd.analysis (find_bond)                                   : find_bond C - O rcut -> 1.6
05/25 11:55 [DEBUG] cshmd.analysis (get_mole)                                    : get_mole C - O -> nbonds: 3
05/25 11:55 [DEBUG] cshmd.analysis (get_mole)                                    : get_mole O - H -> nbonds: 3
05/25 11:55 [DEBUG] cshmd.analysis (find_bond)                                   : find_bond Ca - O rcut -> 3.0
05/25 11:55 [DEBUG] cshmd.common (time_wrapper)                                  : [RUNTIME] get_distance_table in 0.328 seconds
05/25 11:55 [DEBUG] cshmd.analysis (search_basic)                                : Basic search result -> H2O: 576, SiO4: 596, OH: 212, CO3: 0, H3O: 0, Ca_O: 4141
05/25 11:55 [DEBUG] cshmd.analysis (full_search)                                 : Search layer details
05/25 11:55 [DEBUG] cshmd.analysis (set_layer_boundary)                          : Set layer boundary -> 0.24344102250000055 - 0.7445715765749975
05/25 11:55 [DEBUG] cshmd.analysis (find_bond)                                   : find_bond Ca - O rcut -> 2.6
05/25 11:55 [DEBUG] cshmd.analysis (find_bond)                                   : find_bond Ca - O rcut -> 3.1
05/25 11:55 [DEBUG] cshmd.analysis (find_bond)                                   : find_bond Ca - O rcut -> 5.2
05/25 11:55 [DEBUG] cshmd.analysis (_anal_surface_co3_adsorption)                : No 'C' in system
05/25 11:55 [DEBUG] cshmd.analysis (__detail_search_oh_co3)                      : No CO3 in basic search
05/25 11:55 [DEBUG] cshmd.analysis (__detail_search_oh_sioh)                     : Searching 'OH' in 'SiO4
05/25 11:55 [DEBUG] cshmd.analysis (__detail_search_oh_caoh)                     : Searching 'OH' in 'CaOH
05/25 11:55 [INFO] cshmd.analysis (Qn)                                           : [Structure] Q1: 0.577
05/25 11:55 [INFO] cshmd.analysis (Qn)                                           : [Structure] Q2: 0.423
05/25 11:55 [INFO] cshmd.analysis (evaluate_csh)                                 : [Structure] BT: 84, PT: 512
05/25 11:55 [DEBUG] cshmd.analysis (__init__)                                    : <class 'cshmd.analysis.Chain'> loaded
05/25 11:55 [DEBUG] cshmd.analysis (__init__)                                    : <class 'cshmd.analysis.Chain'> loaded
05/25 11:55 [DEBUG] cshmd.analysis (__init__)                                    : <class 'cshmd.analysis.Chain'> loaded
05/25 11:55 [DEBUG] cshmd.analysis (__init__)                                    : <class 'cshmd.analysis.Chain'> loaded
05/25 11:55 [INFO] cshmd.analysis (evaluate_csh)                                 : [Structure] CL : Length 2: 22 Length 5: 21
05/25 11:55 [INFO] cshmd.analysis (evaluate_csh)                                 : [Structure] MCL : 3.465
05/25 11:55 [INFO] cshmd.structure (out2info)                                    : 'L035.tmp.pkl' was created
05/25 11:55 [INFO] cshmd.structure (__init__)                                    : L020.cif was loaded
05/25 11:55 [DEBUG] cshmd.analysis (__init__)                                    : [Structure] Now new data setted for get Bonds
05/25 11:55 [DEBUG] cshmd.analysis (__del_bond__)                                : del -> Si_O O_H H_O Ca_O C_O BO NBO
05/25 11:55 [DEBUG] cshmd.analysis (__initialize_mole__)                         : initalize -> H2O SiO4 OH CO3 CO2 H3O
05/25 11:55 [DEBUG] cshmd.analysis (__initialize_mole__)                         : initalize -> SiOH CaOH HCO3 H2CO3 H3CO3
05/25 11:55 [DEBUG] cshmd.analysis (find_bond)                                   : find_bond O - H rcut -> 1.2
05/25 11:55 [DEBUG] cshmd.common (time_wrapper)                                  : [RUNTIME] get_distance_table in 0.481 seconds
05/25 11:55 [DEBUG] cshmd.analysis (get_mole)                                    : get_mole O - H -> nbonds: 2
05/25 11:55 [DEBUG] cshmd.analysis (find_bond)                                   : find_bond Si - O rcut -> 2.3
05/25 11:55 [DEBUG] cshmd.common (time_wrapper)                                  : [RUNTIME] get_distance_table in 0.196 seconds
05/25 11:55 [DEBUG] cshmd.analysis (get_mole)                                    : get_mole Si - O -> nbonds: 4
05/25 11:55 [DEBUG] cshmd.analysis (get_mole)                                    : get_mole O - H -> nbonds: 1
05/25 11:55 [DEBUG] cshmd.analysis (find_bond)                                   : find_bond C - O rcut -> 1.6
05/25 11:55 [DEBUG] cshmd.analysis (get_mole)                                    : get_mole C - O -> nbonds: 3
05/25 11:55 [DEBUG] cshmd.analysis (get_mole)                                    : get_mole O - H -> nbonds: 3
05/25 11:55 [DEBUG] cshmd.analysis (find_bond)                                   : find_bond Ca - O rcut -> 3.0
05/25 11:55 [DEBUG] cshmd.common (time_wrapper)                                  : [RUNTIME] get_distance_table in 0.345 seconds
05/25 11:55 [DEBUG] cshmd.analysis (search_basic)                                : Basic search result -> H2O: 576, SiO4: 512, OH: 128, CO3: 0, H3O: 0, Ca_O: 4288
05/25 11:55 [DEBUG] cshmd.analysis (full_search)                                 : Search layer details
05/25 11:55 [DEBUG] cshmd.analysis (set_layer_boundary)                          : Set layer boundary -> 0.24344102250000055 - 0.7445715765749975
05/25 11:55 [DEBUG] cshmd.analysis (find_bond)                                   : find_bond Ca - O rcut -> 2.6
05/25 11:55 [DEBUG] cshmd.analysis (find_bond)                                   : find_bond Ca - O rcut -> 3.1
05/25 11:55 [DEBUG] cshmd.analysis (find_bond)                                   : find_bond Ca - O rcut -> 5.2
05/25 11:55 [DEBUG] cshmd.analysis (_anal_surface_co3_adsorption)                : No 'C' in system
05/25 11:55 [DEBUG] cshmd.analysis (__detail_search_oh_co3)                      : No CO3 in basic search
05/25 11:55 [DEBUG] cshmd.analysis (__detail_search_oh_sioh)                     : Searching 'OH' in 'SiO4
05/25 11:55 [DEBUG] cshmd.analysis (__detail_search_oh_caoh)                     : Searching 'OH' in 'CaOH
05/25 11:57 [DEBUG] cshmd.common (get_logger)                                    : $$$$$$$$$$$$$$  Logger 'cshmd.common........' initialized  $$$$$$$$$$$$$$
05/25 11:57 [DEBUG] cshmd.functions (get_logger)                                 : $$$$$$$$$$$$$$  Logger 'cshmd.functions.....' initialized  $$$$$$$$$$$$$$
05/25 11:57 [DEBUG] cshmd.load (get_logger)                                      : $$$$$$$$$$$$$$  Logger 'cshmd.load..........' initialized  $$$$$$$$$$$$$$
05/25 11:57 [DEBUG] cshmd.analysis (get_logger)                                  : $$$$$$$$$$$$$$  Logger 'cshmd.analysis......' initialized  $$$$$$$$$$$$$$
05/25 11:57 [DEBUG] cshmd.equation (get_logger)                                  : $$$$$$$$$$$$$$  Logger 'cshmd.equation......' initialized  $$$$$$$$$$$$$$
05/25 11:57 [DEBUG] cshmd.structure (get_logger)                                 : $$$$$$$$$$$$$$  Logger 'cshmd.structure.....' initialized  $$$$$$$$$$$$$$
05/25 11:57 [DEBUG] cshmd.builder (get_logger)                                   : $$$$$$$$$$$$$$  Logger 'cshmd.builder.......' initialized  $$$$$$$$$$$$$$
05/25 11:57 [DEBUG] cshmd.trj_analysis (get_logger)                              : $$$$$$$$$$$$$$  Logger 'cshmd.trj_analysis..' initialized  $$$$$$$$$$$$$$
05/25 11:57 [DEBUG] csh_info (get_logger)                                        : $$$$$$$$$$$$$$  Logger 'csh_info............' initialized  $$$$$$$$$$$$$$
05/25 11:57 [INFO] csh_info (main)                                               : Cif: L020_w2750.cif L035.cif L020.cif L030.cif L070_w2750.cif L025.cif L045_w2750.cif L040.cif L120.cif L025_w2750_c50.cif L035_w2750.cif L080.cif L045_w2750_c50.cif L050_w2750.cif L050.cif L035_w2750_c50.cif L080_w2750.cif L045.cif L100.cif L040_w2750_c50.cif L060_w2750.cif L060.cif L030_w2750_c50.cif L120_w2750.cif L020_w2750_c50.cif L030_w2750.cif L050_w2750_c50.cif L100_w2750_c50.cif L070.cif L040_w2750.cif L070_w2750_c50.cif L120_w2750_c50.cif L080_w2750_c50.cif L100_w2750.cif L060_w2750_c50.cif L025_w2750.cif
05/25 11:57 [INFO] cshmd.structure (__init__)                                    : L020_w2750.cif was loaded
05/25 11:57 [DEBUG] cshmd.analysis (__init__)                                    : [Structure] Now new data setted for get Bonds
05/25 11:57 [DEBUG] cshmd.analysis (__del_bond__)                                : del -> Si_O O_H H_O Ca_O C_O BO NBO
05/25 11:57 [DEBUG] cshmd.analysis (__initialize_mole__)                         : initalize -> H2O SiO4 OH CO3 CO2 H3O
05/25 11:57 [DEBUG] cshmd.analysis (__initialize_mole__)                         : initalize -> SiOH CaOH HCO3 H2CO3 H3CO3
05/25 11:57 [DEBUG] cshmd.analysis (find_bond)                                   : find_bond O - H rcut -> 1.2
05/25 11:57 [DEBUG] cshmd.common (time_wrapper)                                  : [RUNTIME] get_distance_table in 6.148 seconds
05/25 11:57 [DEBUG] cshmd.analysis (get_mole)                                    : get_mole O - H -> nbonds: 2
05/25 11:57 [DEBUG] cshmd.analysis (find_bond)                                   : find_bond Si - O rcut -> 2.3
05/25 11:57 [DEBUG] cshmd.common (time_wrapper)                                  : [RUNTIME] get_distance_table in 0.708 seconds
05/25 11:57 [DEBUG] cshmd.analysis (get_mole)                                    : get_mole Si - O -> nbonds: 4
05/25 11:57 [DEBUG] cshmd.analysis (get_mole)                                    : get_mole O - H -> nbonds: 1
05/25 11:57 [DEBUG] cshmd.analysis (find_bond)                                   : find_bond C - O rcut -> 1.6
05/25 11:57 [DEBUG] cshmd.analysis (get_mole)                                    : get_mole C - O -> nbonds: 3
05/25 11:57 [DEBUG] cshmd.analysis (get_mole)                                    : get_mole O - H -> nbonds: 3
05/25 11:57 [DEBUG] cshmd.analysis (find_bond)                                   : find_bond Ca - O rcut -> 3.0
05/25 11:57 [DEBUG] cshmd.common (time_wrapper)                                  : [RUNTIME] get_distance_table in 0.762 seconds
05/25 11:57 [DEBUG] cshmd.analysis (search_basic)                                : Basic search result -> H2O: 3254, SiO4: 512, OH: 128, CO3: 0, H3O: 0, Ca_O: 4427
05/25 11:57 [DEBUG] cshmd.analysis (full_search)                                 : Search layer details
05/25 11:57 [DEBUG] cshmd.analysis (set_layer_boundary)                          : Set layer boundary -> 0.14802459417500036 - 0.4527376048249997
05/25 11:57 [DEBUG] cshmd.analysis (find_bond)                                   : find_bond Ca - O rcut -> 2.6
05/25 11:57 [DEBUG] cshmd.analysis (find_bond)                                   : find_bond Ca - O rcut -> 3.1
05/25 11:57 [DEBUG] cshmd.analysis (find_bond)                                   : find_bond Ca - O rcut -> 5.2
05/25 11:57 [DEBUG] cshmd.analysis (_anal_surface_co3_adsorption)                : No 'C' in system
05/25 11:57 [DEBUG] cshmd.analysis (__detail_search_oh_co3)                      : No CO3 in basic search
05/25 11:57 [DEBUG] cshmd.analysis (__detail_search_oh_sioh)                     : Searching 'OH' in 'SiO4
05/25 11:57 [DEBUG] cshmd.analysis (__detail_search_oh_caoh)                     : Searching 'OH' in 'CaOH
05/25 11:57 [INFO] cshmd.analysis (Qn)                                           : [Structure] Q1: 1.000
05/25 11:57 [INFO] cshmd.analysis (evaluate_csh)                                 : [Structure] BT: 0, PT: 512
05/25 11:57 [DEBUG] cshmd.analysis (__init__)                                    : <class 'cshmd.analysis.Chain'> loaded
05/25 11:57 [DEBUG] cshmd.analysis (__init__)                                    : <class 'cshmd.analysis.Chain'> loaded
05/25 11:57 [DEBUG] cshmd.analysis (__init__)                                    : <class 'cshmd.analysis.Chain'> loaded
05/25 11:57 [DEBUG] cshmd.analysis (__init__)                                    : <class 'cshmd.analysis.Chain'> loaded
05/25 11:57 [INFO] cshmd.analysis (evaluate_csh)                                 : [Structure] CL : Length 2: 64
05/25 11:57 [INFO] cshmd.analysis (evaluate_csh)                                 : [Structure] MCL : 2.000
05/25 11:57 [INFO] cshmd.structure (out2info)                                    : 'L020_w2750.tmp.pkl' was created
05/25 11:57 [INFO] cshmd.structure (__init__)                                    : L035.cif was loaded
05/25 11:57 [DEBUG] cshmd.analysis (__init__)                                    : [Structure] Now new data setted for get Bonds
05/25 11:57 [DEBUG] cshmd.analysis (__del_bond__)                                : del -> Si_O O_H H_O Ca_O C_O BO NBO
05/25 11:57 [DEBUG] cshmd.analysis (__initialize_mole__)                         : initalize -> H2O SiO4 OH CO3 CO2 H3O
05/25 11:57 [DEBUG] cshmd.analysis (__initialize_mole__)                         : initalize -> SiOH CaOH HCO3 H2CO3 H3CO3
05/25 11:57 [DEBUG] cshmd.analysis (find_bond)                                   : find_bond O - H rcut -> 1.2
05/25 11:57 [DEBUG] cshmd.common (time_wrapper)                                  : [RUNTIME] get_distance_table in 0.711 seconds
05/25 11:57 [DEBUG] cshmd.analysis (get_mole)                                    : get_mole O - H -> nbonds: 2
05/25 11:57 [DEBUG] cshmd.analysis (find_bond)                                   : find_bond Si - O rcut -> 2.3
05/25 11:57 [DEBUG] cshmd.common (time_wrapper)                                  : [RUNTIME] get_distance_table in 0.266 seconds
05/25 11:57 [DEBUG] cshmd.analysis (get_mole)                                    : get_mole Si - O -> nbonds: 4
05/25 11:57 [DEBUG] cshmd.analysis (get_mole)                                    : get_mole O - H -> nbonds: 1
05/25 11:57 [DEBUG] cshmd.analysis (find_bond)                                   : find_bond C - O rcut -> 1.6
05/25 11:57 [DEBUG] cshmd.analysis (get_mole)                                    : get_mole C - O -> nbonds: 3
05/25 11:57 [DEBUG] cshmd.analysis (get_mole)                                    : get_mole O - H -> nbonds: 3
05/25 11:57 [DEBUG] cshmd.analysis (find_bond)                                   : find_bond Ca - O rcut -> 3.0
05/25 11:57 [DEBUG] cshmd.common (time_wrapper)                                  : [RUNTIME] get_distance_table in 0.312 seconds
05/25 11:57 [DEBUG] cshmd.analysis (search_basic)                                : Basic search result -> H2O: 576, SiO4: 596, OH: 212, CO3: 0, H3O: 0, Ca_O: 4141
05/25 11:57 [DEBUG] cshmd.analysis (full_search)                                 : Search layer details
05/25 11:57 [DEBUG] cshmd.analysis (set_layer_boundary)                          : Set layer boundary -> 0.24344102250000055 - 0.7445715765749975
05/25 11:57 [DEBUG] cshmd.analysis (find_bond)                                   : find_bond Ca - O rcut -> 2.6
05/25 11:57 [DEBUG] cshmd.analysis (find_bond)                                   : find_bond Ca - O rcut -> 3.1
05/25 11:57 [DEBUG] cshmd.analysis (find_bond)                                   : find_bond Ca - O rcut -> 5.2
05/25 11:57 [DEBUG] cshmd.analysis (_anal_surface_co3_adsorption)                : No 'C' in system
05/25 11:57 [DEBUG] cshmd.analysis (__detail_search_oh_co3)                      : No CO3 in basic search
05/25 11:57 [DEBUG] cshmd.analysis (__detail_search_oh_sioh)                     : Searching 'OH' in 'SiO4
05/25 11:57 [DEBUG] cshmd.analysis (__detail_search_oh_caoh)                     : Searching 'OH' in 'CaOH
05/25 11:57 [INFO] cshmd.analysis (Qn)                                           : [Structure] Q1: 0.577
05/25 11:57 [INFO] cshmd.analysis (Qn)                                           : [Structure] Q2: 0.423
05/25 11:57 [INFO] cshmd.analysis (evaluate_csh)                                 : [Structure] BT: 84, PT: 512
05/25 11:57 [DEBUG] cshmd.analysis (__init__)                                    : <class 'cshmd.analysis.Chain'> loaded
05/25 11:57 [DEBUG] cshmd.analysis (__init__)                                    : <class 'cshmd.analysis.Chain'> loaded
05/25 11:57 [DEBUG] cshmd.analysis (__init__)                                    : <class 'cshmd.analysis.Chain'> loaded
05/25 11:57 [DEBUG] cshmd.analysis (__init__)                                    : <class 'cshmd.analysis.Chain'> loaded
05/25 11:57 [INFO] cshmd.analysis (evaluate_csh)                                 : [Structure] CL : Length 2: 22 Length 5: 21
05/25 11:57 [INFO] cshmd.analysis (evaluate_csh)                                 : [Structure] MCL : 3.465
05/25 11:57 [INFO] cshmd.structure (out2info)                                    : 'L035.tmp.pkl' was created
05/25 11:57 [INFO] cshmd.structure (__init__)                                    : L020.cif was loaded
05/25 11:57 [DEBUG] cshmd.analysis (__init__)                                    : [Structure] Now new data setted for get Bonds
05/25 11:57 [DEBUG] cshmd.analysis (__del_bond__)                                : del -> Si_O O_H H_O Ca_O C_O BO NBO
05/25 11:57 [DEBUG] cshmd.analysis (__initialize_mole__)                         : initalize -> H2O SiO4 OH CO3 CO2 H3O
05/25 11:57 [DEBUG] cshmd.analysis (__initialize_mole__)                         : initalize -> SiOH CaOH HCO3 H2CO3 H3CO3
05/25 11:57 [DEBUG] cshmd.analysis (find_bond)                                   : find_bond O - H rcut -> 1.2
05/25 11:57 [DEBUG] cshmd.common (time_wrapper)                                  : [RUNTIME] get_distance_table in 0.480 seconds
05/25 11:57 [DEBUG] cshmd.analysis (get_mole)                                    : get_mole O - H -> nbonds: 2
05/25 11:57 [DEBUG] cshmd.analysis (find_bond)                                   : find_bond Si - O rcut -> 2.3
05/25 11:57 [DEBUG] cshmd.common (time_wrapper)                                  : [RUNTIME] get_distance_table in 0.197 seconds
05/25 11:57 [DEBUG] cshmd.analysis (get_mole)                                    : get_mole Si - O -> nbonds: 4
05/25 11:57 [DEBUG] cshmd.analysis (get_mole)                                    : get_mole O - H -> nbonds: 1
05/25 11:57 [DEBUG] cshmd.analysis (find_bond)                                   : find_bond C - O rcut -> 1.6
05/25 11:57 [DEBUG] cshmd.analysis (get_mole)                                    : get_mole C - O -> nbonds: 3
05/25 11:57 [DEBUG] cshmd.analysis (get_mole)                                    : get_mole O - H -> nbonds: 3
05/25 11:57 [DEBUG] cshmd.analysis (find_bond)                                   : find_bond Ca - O rcut -> 3.0
05/25 11:57 [DEBUG] cshmd.common (time_wrapper)                                  : [RUNTIME] get_distance_table in 0.317 seconds
05/25 11:57 [DEBUG] cshmd.analysis (search_basic)                                : Basic search result -> H2O: 576, SiO4: 512, OH: 128, CO3: 0, H3O: 0, Ca_O: 4288
05/25 11:57 [DEBUG] cshmd.analysis (full_search)                                 : Search layer details
05/25 11:57 [DEBUG] cshmd.analysis (set_layer_boundary)                          : Set layer boundary -> 0.24344102250000055 - 0.7445715765749975
05/25 11:57 [DEBUG] cshmd.analysis (find_bond)                                   : find_bond Ca - O rcut -> 2.6
05/25 11:57 [DEBUG] cshmd.analysis (find_bond)                                   : find_bond Ca - O rcut -> 3.1
05/25 11:57 [DEBUG] cshmd.analysis (find_bond)                                   : find_bond Ca - O rcut -> 5.2
05/25 11:57 [DEBUG] cshmd.analysis (_anal_surface_co3_adsorption)                : No 'C' in system
05/25 11:57 [DEBUG] cshmd.analysis (__detail_search_oh_co3)                      : No CO3 in basic search
05/25 11:57 [DEBUG] cshmd.analysis (__detail_search_oh_sioh)                     : Searching 'OH' in 'SiO4
05/25 11:57 [DEBUG] cshmd.analysis (__detail_search_oh_caoh)                     : Searching 'OH' in 'CaOH
05/25 11:57 [INFO] cshmd.analysis (Qn)                                           : [Structure] Q1: 1.000
05/25 11:57 [INFO] cshmd.analysis (evaluate_csh)                                 : [Structure] BT: 0, PT: 512
05/25 11:57 [DEBUG] cshmd.analysis (__init__)                                    : <class 'cshmd.analysis.Chain'> loaded
05/25 11:57 [DEBUG] cshmd.analysis (__init__)                                    : <class 'cshmd.analysis.Chain'> loaded
05/25 11:57 [DEBUG] cshmd.analysis (__init__)                                    : <class 'cshmd.analysis.Chain'> loaded
05/25 11:57 [DEBUG] cshmd.analysis (__init__)                                    : <class 'cshmd.analysis.Chain'> loaded
05/25 11:57 [INFO] cshmd.analysis (evaluate_csh)                                 : [Structure] CL : Length 2: 64
05/25 11:57 [INFO] cshmd.analysis (evaluate_csh)                                 : [Structure] MCL : 2.000
05/25 11:57 [INFO] cshmd.structure (out2info)                                    : 'L020.tmp.pkl' was created
05/25 11:57 [INFO] cshmd.structure (__init__)                                    : L030.cif was loaded
05/25 11:57 [DEBUG] cshmd.analysis (__init__)                                    : [Structure] Now new data setted for get Bonds
05/25 11:57 [DEBUG] cshmd.analysis (__del_bond__)                                : del -> Si_O O_H H_O Ca_O C_O BO NBO
05/25 11:57 [DEBUG] cshmd.analysis (__initialize_mole__)                         : initalize -> H2O SiO4 OH CO3 CO2 H3O
05/25 11:57 [DEBUG] cshmd.analysis (__initialize_mole__)                         : initalize -> SiOH CaOH HCO3 H2CO3 H3CO3
05/25 11:57 [DEBUG] cshmd.analysis (find_bond)                                   : find_bond O - H rcut -> 1.2
05/25 11:57 [DEBUG] cshmd.common (time_wrapper)                                  : [RUNTIME] get_distance_table in 0.522 seconds
05/25 11:57 [DEBUG] cshmd.analysis (get_mole)                                    : get_mole O - H -> nbonds: 2
05/25 11:57 [DEBUG] cshmd.analysis (find_bond)                                   : find_bond Si - O rcut -> 2.3
05/25 11:57 [DEBUG] cshmd.common (time_wrapper)                                  : [RUNTIME] get_distance_table in 0.229 seconds
05/25 11:57 [DEBUG] cshmd.analysis (get_mole)                                    : get_mole Si - O -> nbonds: 4
05/25 11:57 [DEBUG] cshmd.analysis (get_mole)                                    : get_mole O - H -> nbonds: 1
05/25 11:57 [DEBUG] cshmd.analysis (find_bond)                                   : find_bond C - O rcut -> 1.6
05/25 11:57 [DEBUG] cshmd.analysis (get_mole)                                    : get_mole C - O -> nbonds: 3
05/25 11:57 [DEBUG] cshmd.analysis (get_mole)                                    : get_mole O - H -> nbonds: 3
05/25 11:57 [DEBUG] cshmd.analysis (find_bond)                                   : find_bond Ca - O rcut -> 3.0
05/25 11:57 [DEBUG] cshmd.common (time_wrapper)                                  : [RUNTIME] get_distance_table in 0.307 seconds
05/25 11:57 [DEBUG] cshmd.analysis (search_basic)                                : Basic search result -> H2O: 576, SiO4: 576, OH: 192, CO3: 0, H3O: 0, Ca_O: 4176
05/25 11:57 [DEBUG] cshmd.analysis (full_search)                                 : Search layer details
05/25 11:57 [DEBUG] cshmd.analysis (set_layer_boundary)                          : Set layer boundary -> 0.24344102250000055 - 0.7445715765749975
05/25 11:57 [DEBUG] cshmd.analysis (find_bond)                                   : find_bond Ca - O rcut -> 2.6
05/25 11:57 [DEBUG] cshmd.analysis (find_bond)                                   : find_bond Ca - O rcut -> 3.1
05/25 11:57 [DEBUG] cshmd.analysis (find_bond)                                   : find_bond Ca - O rcut -> 5.2
05/25 11:57 [DEBUG] cshmd.analysis (_anal_surface_co3_adsorption)                : No 'C' in system
05/25 11:57 [DEBUG] cshmd.analysis (__detail_search_oh_co3)                      : No CO3 in basic search
05/25 11:57 [DEBUG] cshmd.analysis (__detail_search_oh_sioh)                     : Searching 'OH' in 'SiO4
05/25 11:57 [DEBUG] cshmd.analysis (__detail_search_oh_caoh)                     : Searching 'OH' in 'CaOH
05/25 11:57 [INFO] cshmd.analysis (Qn)                                           : [Structure] Q1: 0.667
05/25 11:57 [INFO] cshmd.analysis (Qn)                                           : [Structure] Q2: 0.333
05/25 11:57 [INFO] cshmd.analysis (evaluate_csh)                                 : [Structure] BT: 64, PT: 512
05/25 11:57 [DEBUG] cshmd.analysis (__init__)                                    : <class 'cshmd.analysis.Chain'> loaded
05/25 11:57 [DEBUG] cshmd.analysis (__init__)                                    : <class 'cshmd.analysis.Chain'> loaded
05/25 11:57 [DEBUG] cshmd.analysis (__init__)                                    : <class 'cshmd.analysis.Chain'> loaded
05/25 11:57 [DEBUG] cshmd.analysis (__init__)                                    : <class 'cshmd.analysis.Chain'> loaded
05/25 11:57 [INFO] cshmd.analysis (evaluate_csh)                                 : [Structure] CL : Length 2: 32 Length 5: 16
05/25 11:57 [INFO] cshmd.analysis (evaluate_csh)                                 : [Structure] MCL : 3.000
05/25 11:57 [INFO] cshmd.structure (out2info)                                    : 'L030.tmp.pkl' was created
05/25 11:57 [INFO] cshmd.structure (__init__)                                    : L070_w2750.cif was loaded
05/25 11:57 [DEBUG] cshmd.analysis (__init__)                                    : [Structure] Now new data setted for get Bonds
05/25 11:57 [DEBUG] cshmd.analysis (__del_bond__)                                : del -> Si_O O_H H_O Ca_O C_O BO NBO
05/25 11:57 [DEBUG] cshmd.analysis (__initialize_mole__)                         : initalize -> H2O SiO4 OH CO3 CO2 H3O
05/25 11:57 [DEBUG] cshmd.analysis (__initialize_mole__)                         : initalize -> SiOH CaOH HCO3 H2CO3 H3CO3
05/25 11:57 [DEBUG] cshmd.analysis (find_bond)                                   : find_bond O - H rcut -> 1.2
05/25 12:02 [DEBUG] cshmd.common (get_logger)                                    : $$$$$$$$$$$$$$  Logger 'cshmd.common........' initialized  $$$$$$$$$$$$$$
05/25 12:02 [DEBUG] cshmd.functions (get_logger)                                 : $$$$$$$$$$$$$$  Logger 'cshmd.functions.....' initialized  $$$$$$$$$$$$$$
05/25 12:02 [DEBUG] cshmd.load (get_logger)                                      : $$$$$$$$$$$$$$  Logger 'cshmd.load..........' initialized  $$$$$$$$$$$$$$
05/25 12:02 [DEBUG] cshmd.analysis (get_logger)                                  : $$$$$$$$$$$$$$  Logger 'cshmd.analysis......' initialized  $$$$$$$$$$$$$$
05/25 12:02 [DEBUG] cshmd.equation (get_logger)                                  : $$$$$$$$$$$$$$  Logger 'cshmd.equation......' initialized  $$$$$$$$$$$$$$
05/25 12:02 [DEBUG] cshmd.structure (get_logger)                                 : $$$$$$$$$$$$$$  Logger 'cshmd.structure.....' initialized  $$$$$$$$$$$$$$
05/25 12:02 [DEBUG] cshmd.builder (get_logger)                                   : $$$$$$$$$$$$$$  Logger 'cshmd.builder.......' initialized  $$$$$$$$$$$$$$
05/25 12:02 [DEBUG] cshmd.trj_analysis (get_logger)                              : $$$$$$$$$$$$$$  Logger 'cshmd.trj_analysis..' initialized  $$$$$$$$$$$$$$
05/25 12:02 [DEBUG] csh_info (get_logger)                                        : $$$$$$$$$$$$$$  Logger 'csh_info............' initialized  $$$$$$$$$$$$$$
05/25 12:02 [INFO] csh_info (main)                                               : Cif: L020_w2750.cif L025_w2750.cif L030_w2750.cif L035_w2750.cif L040_w2750.cif L045_w2750.cif L050_w2750.cif L060_w2750.cif L070_w2750.cif L080_w2750.cif L100_w2750.cif L120_w2750.cif
05/25 12:02 [INFO] cshmd.structure (__init__)                                    : L020_w2750.cif was loaded
05/25 12:02 [DEBUG] cshmd.analysis (__init__)                                    : [Structure] Now new data setted for get Bonds
05/25 12:02 [DEBUG] cshmd.analysis (__del_bond__)                                : del -> Si_O O_H H_O Ca_O C_O BO NBO
05/25 12:02 [DEBUG] cshmd.analysis (__initialize_mole__)                         : initalize -> H2O SiO4 OH CO3 CO2 H3O
05/25 12:02 [DEBUG] cshmd.analysis (__initialize_mole__)                         : initalize -> SiOH CaOH HCO3 H2CO3 H3CO3
05/25 12:02 [DEBUG] cshmd.analysis (find_bond)                                   : find_bond O - H rcut -> 1.2
05/25 12:03 [DEBUG] cshmd.common (time_wrapper)                                  : [RUNTIME] get_distance_table in 5.887 seconds
05/25 12:03 [DEBUG] cshmd.analysis (get_mole)                                    : get_mole O - H -> nbonds: 2
05/25 12:03 [DEBUG] cshmd.analysis (find_bond)                                   : find_bond Si - O rcut -> 2.3
05/25 12:03 [DEBUG] cshmd.common (time_wrapper)                                  : [RUNTIME] get_distance_table in 0.467 seconds
05/25 12:03 [DEBUG] cshmd.analysis (get_mole)                                    : get_mole Si - O -> nbonds: 4
05/25 12:03 [DEBUG] cshmd.analysis (get_mole)                                    : get_mole O - H -> nbonds: 1
05/25 12:03 [DEBUG] cshmd.analysis (find_bond)                                   : find_bond C - O rcut -> 1.6
05/25 12:03 [DEBUG] cshmd.analysis (get_mole)                                    : get_mole C - O -> nbonds: 3
05/25 12:03 [DEBUG] cshmd.analysis (get_mole)                                    : get_mole O - H -> nbonds: 3
05/25 12:03 [DEBUG] cshmd.analysis (find_bond)                                   : find_bond Ca - O rcut -> 3.0
05/25 12:03 [DEBUG] cshmd.common (time_wrapper)                                  : [RUNTIME] get_distance_table in 0.727 seconds
05/25 12:03 [DEBUG] cshmd.analysis (search_basic)                                : Basic search result -> H2O: 3254, SiO4: 512, OH: 128, CO3: 0, H3O: 0, Ca_O: 4427
05/25 12:03 [DEBUG] cshmd.analysis (full_search)                                 : Search layer details
05/25 12:03 [DEBUG] cshmd.analysis (set_layer_boundary)                          : Set layer boundary -> 0.14802459417500036 - 0.4527376048249997
05/25 12:03 [DEBUG] cshmd.analysis (find_bond)                                   : find_bond Ca - O rcut -> 2.6
05/25 12:03 [DEBUG] cshmd.analysis (find_bond)                                   : find_bond Ca - O rcut -> 3.1
05/25 12:03 [DEBUG] cshmd.analysis (find_bond)                                   : find_bond Ca - O rcut -> 5.2
05/25 12:03 [DEBUG] cshmd.analysis (_anal_surface_co3_adsorption)                : No 'C' in system
05/25 12:03 [DEBUG] cshmd.analysis (__detail_search_oh_co3)                      : No CO3 in basic search
05/25 12:03 [DEBUG] cshmd.analysis (__detail_search_oh_sioh)                     : Searching 'OH' in 'SiO4
05/25 12:03 [DEBUG] cshmd.analysis (__detail_search_oh_caoh)                     : Searching 'OH' in 'CaOH
05/25 12:03 [INFO] cshmd.analysis (Qn)                                           : [Structure] Q1: 1.000
05/25 12:03 [INFO] cshmd.analysis (evaluate_csh)                                 : [Structure] BT: 0, PT: 512
05/25 12:03 [DEBUG] cshmd.analysis (__init__)                                    : <class 'cshmd.analysis.Chain'> loaded
05/25 12:03 [DEBUG] cshmd.analysis (__init__)                                    : <class 'cshmd.analysis.Chain'> loaded
05/25 12:03 [DEBUG] cshmd.analysis (__init__)                                    : <class 'cshmd.analysis.Chain'> loaded
05/25 12:03 [DEBUG] cshmd.analysis (__init__)                                    : <class 'cshmd.analysis.Chain'> loaded
05/25 12:03 [INFO] cshmd.analysis (evaluate_csh)                                 : [Structure] CL : Length 2: 64
05/25 12:03 [INFO] cshmd.analysis (evaluate_csh)                                 : [Structure] MCL : 2.000
05/25 12:03 [DEBUG] cshmd.common (get_logger)                                    : $$$$$$$$$$$$$$  Logger 'cshmd.common........' initialized  $$$$$$$$$$$$$$
05/25 12:03 [DEBUG] cshmd.functions (get_logger)                                 : $$$$$$$$$$$$$$  Logger 'cshmd.functions.....' initialized  $$$$$$$$$$$$$$
05/25 12:03 [DEBUG] cshmd.load (get_logger)                                      : $$$$$$$$$$$$$$  Logger 'cshmd.load..........' initialized  $$$$$$$$$$$$$$
05/25 12:03 [DEBUG] cshmd.analysis (get_logger)                                  : $$$$$$$$$$$$$$  Logger 'cshmd.analysis......' initialized  $$$$$$$$$$$$$$
05/25 12:03 [DEBUG] cshmd.equation (get_logger)                                  : $$$$$$$$$$$$$$  Logger 'cshmd.equation......' initialized  $$$$$$$$$$$$$$
05/25 12:03 [DEBUG] cshmd.structure (get_logger)                                 : $$$$$$$$$$$$$$  Logger 'cshmd.structure.....' initialized  $$$$$$$$$$$$$$
05/25 12:03 [DEBUG] cshmd.builder (get_logger)                                   : $$$$$$$$$$$$$$  Logger 'cshmd.builder.......' initialized  $$$$$$$$$$$$$$
05/25 12:03 [DEBUG] cshmd.trj_analysis (get_logger)                              : $$$$$$$$$$$$$$  Logger 'cshmd.trj_analysis..' initialized  $$$$$$$$$$$$$$
05/25 12:03 [DEBUG] csh_info (get_logger)                                        : $$$$$$$$$$$$$$  Logger 'csh_info............' initialized  $$$$$$$$$$$$$$
05/25 12:03 [INFO] csh_info (main)                                               : Cif: L020_w2750.cif L025_w2750.cif L030_w2750.cif L035_w2750.cif L040_w2750.cif L045_w2750.cif L050_w2750.cif L060_w2750.cif L070_w2750.cif L080_w2750.cif L100_w2750.cif L120_w2750.cif
05/25 12:03 [INFO] cshmd.structure (__init__)                                    : L020_w2750.cif was loaded
05/25 12:03 [DEBUG] cshmd.analysis (__init__)                                    : [Structure] Now new data setted for get Bonds
05/25 12:03 [DEBUG] cshmd.analysis (__del_bond__)                                : del -> Si_O O_H H_O Ca_O C_O BO NBO
05/25 12:03 [DEBUG] cshmd.analysis (__initialize_mole__)                         : initalize -> H2O SiO4 OH CO3 CO2 H3O
05/25 12:03 [DEBUG] cshmd.analysis (__initialize_mole__)                         : initalize -> SiOH CaOH HCO3 H2CO3 H3CO3
05/25 12:03 [DEBUG] cshmd.analysis (find_bond)                                   : find_bond O - H rcut -> 1.2
05/25 12:04 [DEBUG] cshmd.common (time_wrapper)                                  : [RUNTIME] get_distance_table in 6.090 seconds
05/25 12:04 [DEBUG] cshmd.analysis (get_mole)                                    : get_mole O - H -> nbonds: 2
05/25 12:04 [DEBUG] cshmd.analysis (find_bond)                                   : find_bond Si - O rcut -> 2.3
05/25 12:04 [DEBUG] cshmd.common (time_wrapper)                                  : [RUNTIME] get_distance_table in 0.457 seconds
05/25 12:04 [DEBUG] cshmd.analysis (get_mole)                                    : get_mole Si - O -> nbonds: 4
05/25 12:04 [DEBUG] cshmd.analysis (get_mole)                                    : get_mole O - H -> nbonds: 1
05/25 12:04 [DEBUG] cshmd.analysis (find_bond)                                   : find_bond C - O rcut -> 1.6
05/25 12:04 [DEBUG] cshmd.analysis (get_mole)                                    : get_mole C - O -> nbonds: 3
05/25 12:04 [DEBUG] cshmd.analysis (get_mole)                                    : get_mole O - H -> nbonds: 3
05/25 12:04 [DEBUG] cshmd.analysis (find_bond)                                   : find_bond Ca - O rcut -> 3.0
05/25 12:04 [DEBUG] cshmd.common (time_wrapper)                                  : [RUNTIME] get_distance_table in 0.745 seconds
05/25 12:04 [DEBUG] cshmd.analysis (search_basic)                                : Basic search result -> H2O: 3254, SiO4: 512, OH: 128, CO3: 0, H3O: 0, Ca_O: 4427
05/25 12:04 [DEBUG] cshmd.analysis (full_search)                                 : Search layer details
05/25 12:04 [DEBUG] cshmd.analysis (set_layer_boundary)                          : Set layer boundary -> 0.14802459417500036 - 0.4527376048249997
05/25 12:04 [DEBUG] cshmd.analysis (find_bond)                                   : find_bond Ca - O rcut -> 2.6
05/25 12:04 [DEBUG] cshmd.analysis (find_bond)                                   : find_bond Ca - O rcut -> 3.1
05/25 12:04 [DEBUG] cshmd.analysis (find_bond)                                   : find_bond Ca - O rcut -> 5.2
05/25 12:04 [DEBUG] cshmd.analysis (_anal_surface_co3_adsorption)                : No 'C' in system
05/25 12:04 [DEBUG] cshmd.analysis (__detail_search_oh_co3)                      : No CO3 in basic search
05/25 12:04 [DEBUG] cshmd.analysis (__detail_search_oh_sioh)                     : Searching 'OH' in 'SiO4
05/25 12:04 [DEBUG] cshmd.analysis (__detail_search_oh_caoh)                     : Searching 'OH' in 'CaOH
05/25 12:04 [INFO] cshmd.analysis (Qn)                                           : [Structure] Q1: 1.000
05/25 12:04 [INFO] cshmd.analysis (evaluate_csh)                                 : [Structure] BT: 0, PT: 512
05/25 12:04 [DEBUG] cshmd.analysis (__init__)                                    : <class 'cshmd.analysis.Chain'> loaded
05/25 12:04 [DEBUG] cshmd.analysis (__init__)                                    : <class 'cshmd.analysis.Chain'> loaded
05/25 12:04 [DEBUG] cshmd.analysis (__init__)                                    : <class 'cshmd.analysis.Chain'> loaded
05/25 12:04 [DEBUG] cshmd.analysis (__init__)                                    : <class 'cshmd.analysis.Chain'> loaded
05/25 12:04 [INFO] cshmd.analysis (evaluate_csh)                                 : [Structure] CL : Length 2: 64
05/25 12:04 [INFO] cshmd.analysis (evaluate_csh)                                 : [Structure] MCL : 2.000
05/25 12:04 [INFO] cshmd.structure (out2info)                                    : 'L020_w2750.tmp.pkl' was created
05/25 12:04 [INFO] cshmd.structure (__init__)                                    : L025_w2750.cif was loaded
05/25 12:04 [DEBUG] cshmd.analysis (__init__)                                    : [Structure] Now new data setted for get Bonds
05/25 12:04 [DEBUG] cshmd.analysis (__del_bond__)                                : del -> Si_O O_H H_O Ca_O C_O BO NBO
05/25 12:04 [DEBUG] cshmd.analysis (__initialize_mole__)                         : initalize -> H2O SiO4 OH CO3 CO2 H3O
05/25 12:04 [DEBUG] cshmd.analysis (__initialize_mole__)                         : initalize -> SiOH CaOH HCO3 H2CO3 H3CO3
05/25 12:04 [DEBUG] cshmd.analysis (find_bond)                                   : find_bond O - H rcut -> 1.2
05/25 12:04 [DEBUG] cshmd.common (time_wrapper)                                  : [RUNTIME] get_distance_table in 5.759 seconds
05/25 12:04 [DEBUG] cshmd.analysis (get_mole)                                    : get_mole O - H -> nbonds: 2
05/25 12:04 [DEBUG] cshmd.analysis (find_bond)                                   : find_bond Si - O rcut -> 2.3
05/25 12:04 [DEBUG] cshmd.common (time_wrapper)                                  : [RUNTIME] get_distance_table in 0.464 seconds
05/25 12:04 [DEBUG] cshmd.analysis (get_mole)                                    : get_mole Si - O -> nbonds: 4
05/25 12:04 [DEBUG] cshmd.analysis (get_mole)                                    : get_mole O - H -> nbonds: 1
05/25 12:04 [DEBUG] cshmd.analysis (find_bond)                                   : find_bond C - O rcut -> 1.6
05/25 12:04 [DEBUG] cshmd.analysis (get_mole)                                    : get_mole C - O -> nbonds: 3
05/25 12:04 [DEBUG] cshmd.analysis (get_mole)                                    : get_mole O - H -> nbonds: 3
05/25 12:04 [DEBUG] cshmd.analysis (find_bond)                                   : find_bond Ca - O rcut -> 3.0
05/25 12:04 [DEBUG] cshmd.common (time_wrapper)                                  : [RUNTIME] get_distance_table in 0.651 seconds
05/25 12:04 [DEBUG] cshmd.analysis (search_basic)                                : Basic search result -> H2O: 3250, SiO4: 548, OH: 164, CO3: 0, H3O: 4, Ca_O: 4342
05/25 12:04 [DEBUG] cshmd.analysis (full_search)                                 : Search layer details
05/25 12:04 [DEBUG] cshmd.analysis (set_layer_boundary)                          : Set layer boundary -> 0.14802459417500036 - 0.4527376048249997
05/25 12:04 [DEBUG] cshmd.analysis (find_bond)                                   : find_bond Ca - O rcut -> 2.6
05/25 12:04 [DEBUG] cshmd.analysis (find_bond)                                   : find_bond Ca - O rcut -> 3.1
05/25 12:04 [DEBUG] cshmd.analysis (find_bond)                                   : find_bond Ca - O rcut -> 5.2
05/25 12:04 [DEBUG] cshmd.analysis (_anal_surface_co3_adsorption)                : No 'C' in system
05/25 12:04 [DEBUG] cshmd.analysis (__detail_search_oh_co3)                      : No CO3 in basic search
05/25 12:04 [DEBUG] cshmd.analysis (__detail_search_oh_sioh)                     : Searching 'OH' in 'SiO4
05/25 12:04 [DEBUG] cshmd.analysis (__detail_search_oh_caoh)                     : Searching 'OH' in 'CaOH
05/25 12:04 [INFO] cshmd.analysis (Qn)                                           : [Structure] Q1: 0.803
05/25 12:04 [INFO] cshmd.analysis (Qn)                                           : [Structure] Q2: 0.197
05/25 12:04 [INFO] cshmd.analysis (evaluate_csh)                                 : [Structure] BT: 36, PT: 512
05/25 12:04 [DEBUG] cshmd.analysis (__init__)                                    : <class 'cshmd.analysis.Chain'> loaded
05/25 12:04 [DEBUG] cshmd.analysis (__init__)                                    : <class 'cshmd.analysis.Chain'> loaded
05/25 12:04 [DEBUG] cshmd.analysis (__init__)                                    : <class 'cshmd.analysis.Chain'> loaded
05/25 12:04 [DEBUG] cshmd.analysis (__init__)                                    : <class 'cshmd.analysis.Chain'> loaded
05/25 12:04 [INFO] cshmd.analysis (evaluate_csh)                                 : [Structure] CL : Length 2: 46 Length 5: 9
05/25 12:04 [INFO] cshmd.analysis (evaluate_csh)                                 : [Structure] MCL : 2.491
05/25 12:04 [INFO] cshmd.structure (out2info)                                    : 'L025_w2750.tmp.pkl' was created
05/25 12:04 [INFO] cshmd.structure (__init__)                                    : L030_w2750.cif was loaded
05/25 12:04 [DEBUG] cshmd.analysis (__init__)                                    : [Structure] Now new data setted for get Bonds
05/25 12:04 [DEBUG] cshmd.analysis (__del_bond__)                                : del -> Si_O O_H H_O Ca_O C_O BO NBO
05/25 12:04 [DEBUG] cshmd.analysis (__initialize_mole__)                         : initalize -> H2O SiO4 OH CO3 CO2 H3O
05/25 12:04 [DEBUG] cshmd.analysis (__initialize_mole__)                         : initalize -> SiOH CaOH HCO3 H2CO3 H3CO3
05/25 12:04 [DEBUG] cshmd.analysis (find_bond)                                   : find_bond O - H rcut -> 1.2
05/25 12:04 [DEBUG] cshmd.common (time_wrapper)                                  : [RUNTIME] get_distance_table in 5.724 seconds
05/25 12:04 [DEBUG] cshmd.analysis (get_mole)                                    : get_mole O - H -> nbonds: 2
05/25 12:04 [DEBUG] cshmd.analysis (find_bond)                                   : find_bond Si - O rcut -> 2.3
05/25 12:04 [DEBUG] cshmd.common (time_wrapper)                                  : [RUNTIME] get_distance_table in 0.489 seconds
05/25 12:04 [DEBUG] cshmd.analysis (get_mole)                                    : get_mole Si - O -> nbonds: 4
05/25 12:04 [DEBUG] cshmd.analysis (get_mole)                                    : get_mole O - H -> nbonds: 1
05/25 12:04 [DEBUG] cshmd.analysis (find_bond)                                   : find_bond C - O rcut -> 1.6
05/25 12:04 [DEBUG] cshmd.analysis (get_mole)                                    : get_mole C - O -> nbonds: 3
05/25 12:04 [DEBUG] cshmd.analysis (get_mole)                                    : get_mole O - H -> nbonds: 3
05/25 12:04 [DEBUG] cshmd.analysis (find_bond)                                   : find_bond Ca - O rcut -> 3.0
05/25 12:04 [DEBUG] cshmd.common (time_wrapper)                                  : [RUNTIME] get_distance_table in 0.651 seconds
05/25 12:04 [DEBUG] cshmd.analysis (search_basic)                                : Basic search result -> H2O: 3247, SiO4: 576, OH: 192, CO3: 0, H3O: 7, Ca_O: 4284
05/25 12:04 [DEBUG] cshmd.analysis (full_search)                                 : Search layer details
05/25 12:04 [DEBUG] cshmd.analysis (set_layer_boundary)                          : Set layer boundary -> 0.14802459417500036 - 0.4527376048249997
05/25 12:04 [DEBUG] cshmd.analysis (find_bond)                                   : find_bond Ca - O rcut -> 2.6
05/25 12:04 [DEBUG] cshmd.analysis (find_bond)                                   : find_bond Ca - O rcut -> 3.1
05/25 12:04 [DEBUG] cshmd.analysis (find_bond)                                   : find_bond Ca - O rcut -> 5.2
05/25 12:04 [DEBUG] cshmd.analysis (_anal_surface_co3_adsorption)                : No 'C' in system
05/25 12:04 [DEBUG] cshmd.analysis (__detail_search_oh_co3)                      : No CO3 in basic search
05/25 12:04 [DEBUG] cshmd.analysis (__detail_search_oh_sioh)                     : Searching 'OH' in 'SiO4
05/25 12:04 [DEBUG] cshmd.analysis (__detail_search_oh_caoh)                     : Searching 'OH' in 'CaOH
05/25 12:04 [INFO] cshmd.analysis (Qn)                                           : [Structure] Q1: 0.667
05/25 12:04 [INFO] cshmd.analysis (Qn)                                           : [Structure] Q2: 0.333
05/25 12:04 [INFO] cshmd.analysis (evaluate_csh)                                 : [Structure] BT: 64, PT: 512
05/25 12:04 [DEBUG] cshmd.analysis (__init__)                                    : <class 'cshmd.analysis.Chain'> loaded
05/25 12:04 [DEBUG] cshmd.analysis (__init__)                                    : <class 'cshmd.analysis.Chain'> loaded
05/25 12:04 [DEBUG] cshmd.analysis (__init__)                                    : <class 'cshmd.analysis.Chain'> loaded
05/25 12:04 [DEBUG] cshmd.analysis (__init__)                                    : <class 'cshmd.analysis.Chain'> loaded
05/25 12:04 [INFO] cshmd.analysis (evaluate_csh)                                 : [Structure] CL : Length 2: 32 Length 5: 16
05/25 12:04 [INFO] cshmd.analysis (evaluate_csh)                                 : [Structure] MCL : 3.000
05/25 12:04 [INFO] cshmd.structure (out2info)                                    : 'L030_w2750.tmp.pkl' was created
05/25 12:04 [INFO] cshmd.structure (__init__)                                    : L035_w2750.cif was loaded
05/25 12:04 [DEBUG] cshmd.analysis (__init__)                                    : [Structure] Now new data setted for get Bonds
05/25 12:04 [DEBUG] cshmd.analysis (__del_bond__)                                : del -> Si_O O_H H_O Ca_O C_O BO NBO
05/25 12:04 [DEBUG] cshmd.analysis (__initialize_mole__)                         : initalize -> H2O SiO4 OH CO3 CO2 H3O
05/25 12:04 [DEBUG] cshmd.analysis (__initialize_mole__)                         : initalize -> SiOH CaOH HCO3 H2CO3 H3CO3
05/25 12:04 [DEBUG] cshmd.analysis (find_bond)                                   : find_bond O - H rcut -> 1.2
05/25 12:04 [DEBUG] cshmd.common (time_wrapper)                                  : [RUNTIME] get_distance_table in 5.708 seconds
05/25 12:04 [DEBUG] cshmd.analysis (get_mole)                                    : get_mole O - H -> nbonds: 2
05/25 12:04 [DEBUG] cshmd.analysis (find_bond)                                   : find_bond Si - O rcut -> 2.3
05/25 12:04 [DEBUG] cshmd.common (time_wrapper)                                  : [RUNTIME] get_distance_table in 0.508 seconds
05/25 12:04 [DEBUG] cshmd.analysis (get_mole)                                    : get_mole Si - O -> nbonds: 4
05/25 12:04 [DEBUG] cshmd.analysis (get_mole)                                    : get_mole O - H -> nbonds: 1
05/25 12:04 [DEBUG] cshmd.analysis (find_bond)                                   : find_bond C - O rcut -> 1.6
05/25 12:04 [DEBUG] cshmd.analysis (get_mole)                                    : get_mole C - O -> nbonds: 3
05/25 12:04 [DEBUG] cshmd.analysis (get_mole)                                    : get_mole O - H -> nbonds: 3
05/25 12:04 [DEBUG] cshmd.analysis (find_bond)                                   : find_bond Ca - O rcut -> 3.0
05/25 12:04 [DEBUG] cshmd.common (time_wrapper)                                  : [RUNTIME] get_distance_table in 0.622 seconds
05/25 12:04 [DEBUG] cshmd.analysis (search_basic)                                : Basic search result -> H2O: 3242, SiO4: 596, OH: 212, CO3: 0, H3O: 12, Ca_O: 4235
05/25 12:04 [DEBUG] cshmd.analysis (full_search)                                 : Search layer details
05/25 12:04 [DEBUG] cshmd.analysis (set_layer_boundary)                          : Set layer boundary -> 0.14802459417500036 - 0.4527376048249997
05/25 12:04 [DEBUG] cshmd.analysis (find_bond)                                   : find_bond Ca - O rcut -> 2.6
05/25 12:04 [DEBUG] cshmd.analysis (find_bond)                                   : find_bond Ca - O rcut -> 3.1
05/25 12:04 [DEBUG] cshmd.analysis (find_bond)                                   : find_bond Ca - O rcut -> 5.2
05/25 12:04 [DEBUG] cshmd.analysis (_anal_surface_co3_adsorption)                : No 'C' in system
05/25 12:04 [DEBUG] cshmd.analysis (__detail_search_oh_co3)                      : No CO3 in basic search
05/25 12:04 [DEBUG] cshmd.analysis (__detail_search_oh_sioh)                     : Searching 'OH' in 'SiO4
05/25 12:04 [DEBUG] cshmd.analysis (__detail_search_oh_caoh)                     : Searching 'OH' in 'CaOH
05/25 12:04 [INFO] cshmd.analysis (Qn)                                           : [Structure] Q1: 0.577
05/25 12:04 [INFO] cshmd.analysis (Qn)                                           : [Structure] Q2: 0.423
05/25 12:04 [INFO] cshmd.analysis (evaluate_csh)                                 : [Structure] BT: 84, PT: 512
05/25 12:04 [DEBUG] cshmd.analysis (__init__)                                    : <class 'cshmd.analysis.Chain'> loaded
05/25 12:04 [DEBUG] cshmd.analysis (__init__)                                    : <class 'cshmd.analysis.Chain'> loaded
05/25 12:04 [DEBUG] cshmd.analysis (__init__)                                    : <class 'cshmd.analysis.Chain'> loaded
05/25 12:04 [DEBUG] cshmd.analysis (__init__)                                    : <class 'cshmd.analysis.Chain'> loaded
05/25 12:04 [INFO] cshmd.analysis (evaluate_csh)                                 : [Structure] CL : Length 2: 22 Length 5: 21
05/25 12:04 [INFO] cshmd.analysis (evaluate_csh)                                 : [Structure] MCL : 3.465
05/25 12:04 [INFO] cshmd.structure (out2info)                                    : 'L035_w2750.tmp.pkl' was created
05/25 12:04 [INFO] cshmd.structure (__init__)                                    : L040_w2750.cif was loaded
05/25 12:04 [DEBUG] cshmd.analysis (__init__)                                    : [Structure] Now new data setted for get Bonds
05/25 12:04 [DEBUG] cshmd.analysis (__del_bond__)                                : del -> Si_O O_H H_O Ca_O C_O BO NBO
05/25 12:04 [DEBUG] cshmd.analysis (__initialize_mole__)                         : initalize -> H2O SiO4 OH CO3 CO2 H3O
05/25 12:04 [DEBUG] cshmd.analysis (__initialize_mole__)                         : initalize -> SiOH CaOH HCO3 H2CO3 H3CO3
05/25 12:04 [DEBUG] cshmd.analysis (find_bond)                                   : find_bond O - H rcut -> 1.2
05/25 12:04 [DEBUG] cshmd.common (time_wrapper)                                  : [RUNTIME] get_distance_table in 5.824 seconds
05/25 12:04 [DEBUG] cshmd.analysis (get_mole)                                    : get_mole O - H -> nbonds: 2
05/25 12:04 [DEBUG] cshmd.analysis (find_bond)                                   : find_bond Si - O rcut -> 2.3
05/25 12:04 [DEBUG] cshmd.common (time_wrapper)                                  : [RUNTIME] get_distance_table in 0.510 seconds
05/25 12:04 [DEBUG] cshmd.analysis (get_mole)                                    : get_mole Si - O -> nbonds: 4
05/25 12:04 [DEBUG] cshmd.analysis (get_mole)                                    : get_mole O - H -> nbonds: 1
05/25 12:04 [DEBUG] cshmd.analysis (find_bond)                                   : find_bond C - O rcut -> 1.6
05/25 12:04 [DEBUG] cshmd.analysis (get_mole)                                    : get_mole C - O -> nbonds: 3
05/25 12:04 [DEBUG] cshmd.analysis (get_mole)                                    : get_mole O - H -> nbonds: 3
05/25 12:04 [DEBUG] cshmd.analysis (find_bond)                                   : find_bond Ca - O rcut -> 3.0
05/25 12:04 [DEBUG] cshmd.common (time_wrapper)                                  : [RUNTIME] get_distance_table in 0.618 seconds
05/25 12:04 [DEBUG] cshmd.analysis (search_basic)                                : Basic search result -> H2O: 3241, SiO4: 612, OH: 228, CO3: 0, H3O: 13, Ca_O: 4198
05/25 12:04 [DEBUG] cshmd.analysis (full_search)                                 : Search layer details
05/25 12:04 [DEBUG] cshmd.analysis (set_layer_boundary)                          : Set layer boundary -> 0.14802459417500036 - 0.4527376048249997
05/25 12:04 [DEBUG] cshmd.analysis (find_bond)                                   : find_bond Ca - O rcut -> 2.6
05/25 12:04 [DEBUG] cshmd.analysis (find_bond)                                   : find_bond Ca - O rcut -> 3.1
05/25 12:04 [DEBUG] cshmd.analysis (find_bond)                                   : find_bond Ca - O rcut -> 5.2
05/25 12:04 [DEBUG] cshmd.analysis (_anal_surface_co3_adsorption)                : No 'C' in system
05/25 12:04 [DEBUG] cshmd.analysis (__detail_search_oh_co3)                      : No CO3 in basic search
05/25 12:04 [DEBUG] cshmd.analysis (__detail_search_oh_sioh)                     : Searching 'OH' in 'SiO4
05/25 12:04 [DEBUG] cshmd.analysis (__detail_search_oh_caoh)                     : Searching 'OH' in 'CaOH
05/25 12:04 [INFO] cshmd.analysis (Qn)                                           : [Structure] Q1: 0.510
05/25 12:04 [INFO] cshmd.analysis (Qn)                                           : [Structure] Q2: 0.490
05/25 12:04 [INFO] cshmd.analysis (evaluate_csh)                                 : [Structure] BT: 100, PT: 512
05/25 12:04 [DEBUG] cshmd.analysis (__init__)                                    : <class 'cshmd.analysis.Chain'> loaded
05/25 12:04 [DEBUG] cshmd.analysis (__init__)                                    : <class 'cshmd.analysis.Chain'> loaded
05/25 12:04 [DEBUG] cshmd.analysis (__init__)                                    : <class 'cshmd.analysis.Chain'> loaded
05/25 12:04 [DEBUG] cshmd.analysis (__init__)                                    : <class 'cshmd.analysis.Chain'> loaded
05/25 12:04 [INFO] cshmd.analysis (evaluate_csh)                                 : [Structure] CL : Length 2: 14 Length 5: 25
05/25 12:04 [INFO] cshmd.analysis (evaluate_csh)                                 : [Structure] MCL : 3.923
05/25 12:04 [INFO] cshmd.structure (out2info)                                    : 'L040_w2750.tmp.pkl' was created
05/25 12:04 [INFO] cshmd.structure (__init__)                                    : L045_w2750.cif was loaded
05/25 12:04 [DEBUG] cshmd.analysis (__init__)                                    : [Structure] Now new data setted for get Bonds
05/25 12:04 [DEBUG] cshmd.analysis (__del_bond__)                                : del -> Si_O O_H H_O Ca_O C_O BO NBO
05/25 12:04 [DEBUG] cshmd.analysis (__initialize_mole__)                         : initalize -> H2O SiO4 OH CO3 CO2 H3O
05/25 12:04 [DEBUG] cshmd.analysis (__initialize_mole__)                         : initalize -> SiOH CaOH HCO3 H2CO3 H3CO3
05/25 12:04 [DEBUG] cshmd.analysis (find_bond)                                   : find_bond O - H rcut -> 1.2
05/25 12:04 [DEBUG] cshmd.common (time_wrapper)                                  : [RUNTIME] get_distance_table in 5.690 seconds
05/25 12:04 [DEBUG] cshmd.analysis (get_mole)                                    : get_mole O - H -> nbonds: 2
05/25 12:04 [DEBUG] cshmd.analysis (find_bond)                                   : find_bond Si - O rcut -> 2.3
05/25 12:04 [DEBUG] cshmd.common (time_wrapper)                                  : [RUNTIME] get_distance_table in 0.543 seconds
05/25 12:04 [DEBUG] cshmd.analysis (get_mole)                                    : get_mole Si - O -> nbonds: 4
05/25 12:04 [DEBUG] cshmd.analysis (get_mole)                                    : get_mole O - H -> nbonds: 1
05/25 12:04 [DEBUG] cshmd.analysis (find_bond)                                   : find_bond C - O rcut -> 1.6
05/25 12:04 [DEBUG] cshmd.analysis (get_mole)                                    : get_mole C - O -> nbonds: 3
05/25 12:04 [DEBUG] cshmd.analysis (get_mole)                                    : get_mole O - H -> nbonds: 3
05/25 12:04 [DEBUG] cshmd.analysis (find_bond)                                   : find_bond Ca - O rcut -> 3.0
05/25 12:04 [DEBUG] cshmd.common (time_wrapper)                                  : [RUNTIME] get_distance_table in 0.607 seconds
05/25 12:04 [DEBUG] cshmd.analysis (search_basic)                                : Basic search result -> H2O: 3238, SiO4: 628, OH: 244, CO3: 0, H3O: 16, Ca_O: 4163
05/25 12:04 [DEBUG] cshmd.analysis (full_search)                                 : Search layer details
05/25 12:04 [DEBUG] cshmd.analysis (set_layer_boundary)                          : Set layer boundary -> 0.14802459417500036 - 0.4527376048249997
05/25 12:04 [DEBUG] cshmd.analysis (find_bond)                                   : find_bond Ca - O rcut -> 2.6
05/25 12:04 [DEBUG] cshmd.analysis (find_bond)                                   : find_bond Ca - O rcut -> 3.1
05/25 12:04 [DEBUG] cshmd.analysis (find_bond)                                   : find_bond Ca - O rcut -> 5.2
05/25 12:04 [DEBUG] cshmd.analysis (_anal_surface_co3_adsorption)                : No 'C' in system
05/25 12:04 [DEBUG] cshmd.analysis (__detail_search_oh_co3)                      : No CO3 in basic search
05/25 12:04 [DEBUG] cshmd.analysis (__detail_search_oh_sioh)                     : Searching 'OH' in 'SiO4
05/25 12:04 [DEBUG] cshmd.analysis (__detail_search_oh_caoh)                     : Searching 'OH' in 'CaOH
05/25 12:04 [INFO] cshmd.analysis (Qn)                                           : [Structure] Q1: 0.446
05/25 12:04 [INFO] cshmd.analysis (Qn)                                           : [Structure] Q2: 0.554
05/25 12:04 [INFO] cshmd.analysis (evaluate_csh)                                 : [Structure] BT: 116, PT: 512
05/25 12:04 [DEBUG] cshmd.analysis (__init__)                                    : <class 'cshmd.analysis.Chain'> loaded
05/25 12:04 [DEBUG] cshmd.analysis (__init__)                                    : <class 'cshmd.analysis.Chain'> loaded
05/25 12:04 [DEBUG] cshmd.analysis (__init__)                                    : <class 'cshmd.analysis.Chain'> loaded
05/25 12:04 [DEBUG] cshmd.analysis (__init__)                                    : <class 'cshmd.analysis.Chain'> loaded
05/25 12:04 [INFO] cshmd.analysis (evaluate_csh)                                 : [Structure] CL : Length 2: 10 Length 5: 21 Length 8: 4
05/25 12:04 [INFO] cshmd.analysis (evaluate_csh)                                 : [Structure] MCL : 4.486
05/25 12:04 [INFO] cshmd.structure (out2info)                                    : 'L045_w2750.tmp.pkl' was created
05/25 12:04 [INFO] cshmd.structure (__init__)                                    : L050_w2750.cif was loaded
05/25 12:04 [DEBUG] cshmd.analysis (__init__)                                    : [Structure] Now new data setted for get Bonds
05/25 12:04 [DEBUG] cshmd.analysis (__del_bond__)                                : del -> Si_O O_H H_O Ca_O C_O BO NBO
05/25 12:04 [DEBUG] cshmd.analysis (__initialize_mole__)                         : initalize -> H2O SiO4 OH CO3 CO2 H3O
05/25 12:04 [DEBUG] cshmd.analysis (__initialize_mole__)                         : initalize -> SiOH CaOH HCO3 H2CO3 H3CO3
05/25 12:04 [DEBUG] cshmd.analysis (find_bond)                                   : find_bond O - H rcut -> 1.2
05/25 12:04 [DEBUG] cshmd.common (time_wrapper)                                  : [RUNTIME] get_distance_table in 5.721 seconds
05/25 12:04 [DEBUG] cshmd.analysis (get_mole)                                    : get_mole O - H -> nbonds: 2
05/25 12:04 [DEBUG] cshmd.analysis (find_bond)                                   : find_bond Si - O rcut -> 2.3
05/25 12:04 [DEBUG] cshmd.common (time_wrapper)                                  : [RUNTIME] get_distance_table in 0.542 seconds
05/25 12:04 [DEBUG] cshmd.analysis (get_mole)                                    : get_mole Si - O -> nbonds: 4
05/25 12:04 [DEBUG] cshmd.analysis (get_mole)                                    : get_mole O - H -> nbonds: 1
05/25 12:04 [DEBUG] cshmd.analysis (find_bond)                                   : find_bond C - O rcut -> 1.6
05/25 12:04 [DEBUG] cshmd.analysis (get_mole)                                    : get_mole C - O -> nbonds: 3
05/25 12:04 [DEBUG] cshmd.analysis (get_mole)                                    : get_mole O - H -> nbonds: 3
05/25 12:04 [DEBUG] cshmd.analysis (find_bond)                                   : find_bond Ca - O rcut -> 3.0
05/25 12:04 [DEBUG] cshmd.common (time_wrapper)                                  : [RUNTIME] get_distance_table in 0.594 seconds
05/25 12:04 [DEBUG] cshmd.analysis (search_basic)                                : Basic search result -> H2O: 3236, SiO4: 640, OH: 256, CO3: 0, H3O: 18, Ca_O: 4131
05/25 12:04 [DEBUG] cshmd.analysis (full_search)                                 : Search layer details
05/25 12:04 [DEBUG] cshmd.analysis (set_layer_boundary)                          : Set layer boundary -> 0.14802459417500036 - 0.4527376048249997
05/25 12:04 [DEBUG] cshmd.analysis (find_bond)                                   : find_bond Ca - O rcut -> 2.6
05/25 12:04 [DEBUG] cshmd.analysis (find_bond)                                   : find_bond Ca - O rcut -> 3.1
05/25 12:04 [DEBUG] cshmd.analysis (find_bond)                                   : find_bond Ca - O rcut -> 5.2
05/25 12:04 [DEBUG] cshmd.analysis (_anal_surface_co3_adsorption)                : No 'C' in system
05/25 12:04 [DEBUG] cshmd.analysis (__detail_search_oh_co3)                      : No CO3 in basic search
05/25 12:04 [DEBUG] cshmd.analysis (__detail_search_oh_sioh)                     : Searching 'OH' in 'SiO4
05/25 12:04 [DEBUG] cshmd.analysis (__detail_search_oh_caoh)                     : Searching 'OH' in 'CaOH
05/25 12:04 [INFO] cshmd.analysis (Qn)                                           : [Structure] Q1: 0.400
05/25 12:04 [INFO] cshmd.analysis (Qn)                                           : [Structure] Q2: 0.600
05/25 12:04 [INFO] cshmd.analysis (evaluate_csh)                                 : [Structure] BT: 128, PT: 512
05/25 12:04 [DEBUG] cshmd.analysis (__init__)                                    : <class 'cshmd.analysis.Chain'> loaded
05/25 12:04 [DEBUG] cshmd.analysis (__init__)                                    : <class 'cshmd.analysis.Chain'> loaded
05/25 12:04 [DEBUG] cshmd.analysis (__init__)                                    : <class 'cshmd.analysis.Chain'> loaded
05/25 12:04 [DEBUG] cshmd.analysis (__init__)                                    : <class 'cshmd.analysis.Chain'> loaded
05/25 12:04 [INFO] cshmd.analysis (evaluate_csh)                                 : [Structure] CL : Length 2: 8 Length 5: 16 Length 8: 8
05/25 12:04 [INFO] cshmd.analysis (evaluate_csh)                                 : [Structure] MCL : 5.000
05/25 12:04 [INFO] cshmd.structure (out2info)                                    : 'L050_w2750.tmp.pkl' was created
05/25 12:04 [INFO] cshmd.structure (__init__)                                    : L060_w2750.cif was loaded
05/25 12:04 [DEBUG] cshmd.analysis (__init__)                                    : [Structure] Now new data setted for get Bonds
05/25 12:04 [DEBUG] cshmd.analysis (__del_bond__)                                : del -> Si_O O_H H_O Ca_O C_O BO NBO
05/25 12:04 [DEBUG] cshmd.analysis (__initialize_mole__)                         : initalize -> H2O SiO4 OH CO3 CO2 H3O
05/25 12:04 [DEBUG] cshmd.analysis (__initialize_mole__)                         : initalize -> SiOH CaOH HCO3 H2CO3 H3CO3
05/25 12:04 [DEBUG] cshmd.analysis (find_bond)                                   : find_bond O - H rcut -> 1.2
05/25 12:04 [DEBUG] cshmd.common (time_wrapper)                                  : [RUNTIME] get_distance_table in 5.918 seconds
05/25 12:04 [DEBUG] cshmd.analysis (get_mole)                                    : get_mole O - H -> nbonds: 2
05/25 12:04 [DEBUG] cshmd.analysis (find_bond)                                   : find_bond Si - O rcut -> 2.3
05/25 12:04 [DEBUG] cshmd.common (time_wrapper)                                  : [RUNTIME] get_distance_table in 0.575 seconds
05/25 12:04 [DEBUG] cshmd.analysis (get_mole)                                    : get_mole Si - O -> nbonds: 4
05/25 12:04 [DEBUG] cshmd.analysis (get_mole)                                    : get_mole O - H -> nbonds: 1
05/25 12:04 [DEBUG] cshmd.analysis (find_bond)                                   : find_bond C - O rcut -> 1.6
05/25 12:04 [DEBUG] cshmd.analysis (get_mole)                                    : get_mole C - O -> nbonds: 3
05/25 12:04 [DEBUG] cshmd.analysis (get_mole)                                    : get_mole O - H -> nbonds: 3
05/25 12:04 [DEBUG] cshmd.analysis (find_bond)                                   : find_bond Ca - O rcut -> 3.0
05/25 12:04 [DEBUG] cshmd.common (time_wrapper)                                  : [RUNTIME] get_distance_table in 0.578 seconds
05/25 12:04 [DEBUG] cshmd.analysis (search_basic)                                : Basic search result -> H2O: 3236, SiO4: 656, OH: 272, CO3: 0, H3O: 18, Ca_O: 4096
05/25 12:04 [DEBUG] cshmd.analysis (full_search)                                 : Search layer details
05/25 12:04 [DEBUG] cshmd.analysis (set_layer_boundary)                          : Set layer boundary -> 0.14802459417500036 - 0.4527376048249997
05/25 12:04 [DEBUG] cshmd.analysis (find_bond)                                   : find_bond Ca - O rcut -> 2.6
05/25 12:04 [DEBUG] cshmd.analysis (find_bond)                                   : find_bond Ca - O rcut -> 3.1
05/25 12:04 [DEBUG] cshmd.analysis (find_bond)                                   : find_bond Ca - O rcut -> 5.2
05/25 12:04 [DEBUG] cshmd.analysis (_anal_surface_co3_adsorption)                : No 'C' in system
05/25 12:04 [DEBUG] cshmd.analysis (__detail_search_oh_co3)                      : No CO3 in basic search
05/25 12:04 [DEBUG] cshmd.analysis (__detail_search_oh_sioh)                     : Searching 'OH' in 'SiO4
05/25 12:04 [DEBUG] cshmd.analysis (__detail_search_oh_caoh)                     : Searching 'OH' in 'CaOH
05/25 12:04 [INFO] cshmd.analysis (Qn)                                           : [Structure] Q1: 0.341
05/25 12:04 [INFO] cshmd.analysis (Qn)                                           : [Structure] Q2: 0.659
05/25 12:04 [INFO] cshmd.analysis (evaluate_csh)                                 : [Structure] BT: 144, PT: 512
05/25 12:04 [DEBUG] cshmd.analysis (__init__)                                    : <class 'cshmd.analysis.Chain'> loaded
05/25 12:04 [DEBUG] cshmd.analysis (__init__)                                    : <class 'cshmd.analysis.Chain'> loaded
05/25 12:04 [DEBUG] cshmd.analysis (__init__)                                    : <class 'cshmd.analysis.Chain'> loaded
05/25 12:04 [DEBUG] cshmd.analysis (__init__)                                    : <class 'cshmd.analysis.Chain'> loaded
05/25 12:04 [INFO] cshmd.analysis (evaluate_csh)                                 : [Structure] CL : Length 2: 6 Length 5: 9 Length 8: 12 Length 11: 1
05/25 12:04 [INFO] cshmd.analysis (evaluate_csh)                                 : [Structure] MCL : 5.857
05/25 12:04 [INFO] cshmd.structure (out2info)                                    : 'L060_w2750.tmp.pkl' was created
05/25 12:04 [INFO] cshmd.structure (__init__)                                    : L070_w2750.cif was loaded
05/25 12:04 [DEBUG] cshmd.analysis (__init__)                                    : [Structure] Now new data setted for get Bonds
05/25 12:04 [DEBUG] cshmd.analysis (__del_bond__)                                : del -> Si_O O_H H_O Ca_O C_O BO NBO
05/25 12:04 [DEBUG] cshmd.analysis (__initialize_mole__)                         : initalize -> H2O SiO4 OH CO3 CO2 H3O
05/25 12:04 [DEBUG] cshmd.analysis (__initialize_mole__)                         : initalize -> SiOH CaOH HCO3 H2CO3 H3CO3
05/25 12:04 [DEBUG] cshmd.analysis (find_bond)                                   : find_bond O - H rcut -> 1.2
05/25 12:05 [DEBUG] cshmd.common (time_wrapper)                                  : [RUNTIME] get_distance_table in 5.880 seconds
05/25 12:05 [DEBUG] cshmd.analysis (get_mole)                                    : get_mole O - H -> nbonds: 2
05/25 12:05 [DEBUG] cshmd.analysis (find_bond)                                   : find_bond Si - O rcut -> 2.3
05/25 12:05 [DEBUG] cshmd.common (time_wrapper)                                  : [RUNTIME] get_distance_table in 0.582 seconds
05/25 12:05 [DEBUG] cshmd.analysis (get_mole)                                    : get_mole Si - O -> nbonds: 4
05/25 12:05 [DEBUG] cshmd.analysis (get_mole)                                    : get_mole O - H -> nbonds: 1
05/25 12:05 [DEBUG] cshmd.analysis (find_bond)                                   : find_bond C - O rcut -> 1.6
05/25 12:05 [DEBUG] cshmd.analysis (get_mole)                                    : get_mole C - O -> nbonds: 3
05/25 12:05 [DEBUG] cshmd.analysis (get_mole)                                    : get_mole O - H -> nbonds: 3
05/25 12:05 [DEBUG] cshmd.analysis (find_bond)                                   : find_bond Ca - O rcut -> 3.0
05/25 12:05 [DEBUG] cshmd.common (time_wrapper)                                  : [RUNTIME] get_distance_table in 0.585 seconds
05/25 12:05 [DEBUG] cshmd.analysis (search_basic)                                : Basic search result -> H2O: 3235, SiO4: 672, OH: 288, CO3: 0, H3O: 19, Ca_O: 4058
05/25 12:05 [DEBUG] cshmd.analysis (full_search)                                 : Search layer details
05/25 12:05 [DEBUG] cshmd.analysis (set_layer_boundary)                          : Set layer boundary -> 0.14802459417500036 - 0.4527376048249997
05/25 12:05 [DEBUG] cshmd.analysis (find_bond)                                   : find_bond Ca - O rcut -> 2.6
05/25 12:05 [DEBUG] cshmd.analysis (find_bond)                                   : find_bond Ca - O rcut -> 3.1
05/25 12:05 [DEBUG] cshmd.analysis (find_bond)                                   : find_bond Ca - O rcut -> 5.2
05/25 12:05 [DEBUG] cshmd.analysis (_anal_surface_co3_adsorption)                : No 'C' in system
05/25 12:05 [DEBUG] cshmd.analysis (__detail_search_oh_co3)                      : No CO3 in basic search
05/25 12:05 [DEBUG] cshmd.analysis (__detail_search_oh_sioh)                     : Searching 'OH' in 'SiO4
05/25 12:05 [DEBUG] cshmd.analysis (__detail_search_oh_caoh)                     : Searching 'OH' in 'CaOH
05/25 12:05 [INFO] cshmd.analysis (Qn)                                           : [Structure] Q1: 0.286
05/25 12:05 [INFO] cshmd.analysis (Qn)                                           : [Structure] Q2: 0.714
05/25 12:05 [INFO] cshmd.analysis (evaluate_csh)                                 : [Structure] BT: 160, PT: 512
05/25 12:05 [DEBUG] cshmd.analysis (__init__)                                    : <class 'cshmd.analysis.Chain'> loaded
05/25 12:05 [DEBUG] cshmd.analysis (__init__)                                    : <class 'cshmd.analysis.Chain'> loaded
05/25 12:05 [DEBUG] cshmd.analysis (__init__)                                    : <class 'cshmd.analysis.Chain'> loaded
05/25 12:05 [DEBUG] cshmd.analysis (__init__)                                    : <class 'cshmd.analysis.Chain'> loaded
05/25 12:05 [INFO] cshmd.analysis (evaluate_csh)                                 : [Structure] CL : Length 2: 2 Length 5: 7 Length 8: 12 Length 11: 3
05/25 12:05 [INFO] cshmd.analysis (evaluate_csh)                                 : [Structure] MCL : 7.000
05/25 12:05 [INFO] cshmd.structure (out2info)                                    : 'L070_w2750.tmp.pkl' was created
05/25 12:05 [INFO] cshmd.structure (__init__)                                    : L080_w2750.cif was loaded
05/25 12:05 [DEBUG] cshmd.analysis (__init__)                                    : [Structure] Now new data setted for get Bonds
05/25 12:05 [DEBUG] cshmd.analysis (__del_bond__)                                : del -> Si_O O_H H_O Ca_O C_O BO NBO
05/25 12:05 [DEBUG] cshmd.analysis (__initialize_mole__)                         : initalize -> H2O SiO4 OH CO3 CO2 H3O
05/25 12:05 [DEBUG] cshmd.analysis (__initialize_mole__)                         : initalize -> SiOH CaOH HCO3 H2CO3 H3CO3
05/25 12:05 [DEBUG] cshmd.analysis (find_bond)                                   : find_bond O - H rcut -> 1.2
05/25 12:05 [DEBUG] cshmd.common (time_wrapper)                                  : [RUNTIME] get_distance_table in 5.857 seconds
05/25 12:05 [DEBUG] cshmd.analysis (get_mole)                                    : get_mole O - H -> nbonds: 2
05/25 12:05 [DEBUG] cshmd.analysis (find_bond)                                   : find_bond Si - O rcut -> 2.3
05/25 12:05 [DEBUG] cshmd.common (time_wrapper)                                  : [RUNTIME] get_distance_table in 0.577 seconds
05/25 12:05 [DEBUG] cshmd.analysis (get_mole)                                    : get_mole Si - O -> nbonds: 4
05/25 12:05 [DEBUG] cshmd.analysis (get_mole)                                    : get_mole O - H -> nbonds: 1
05/25 12:05 [DEBUG] cshmd.analysis (find_bond)                                   : find_bond C - O rcut -> 1.6
05/25 12:05 [DEBUG] cshmd.analysis (get_mole)                                    : get_mole C - O -> nbonds: 3
05/25 12:05 [DEBUG] cshmd.analysis (get_mole)                                    : get_mole O - H -> nbonds: 3
05/25 12:05 [DEBUG] cshmd.analysis (find_bond)                                   : find_bond Ca - O rcut -> 3.0
05/25 12:05 [DEBUG] cshmd.common (time_wrapper)                                  : [RUNTIME] get_distance_table in 0.565 seconds
05/25 12:05 [DEBUG] cshmd.analysis (search_basic)                                : Basic search result -> H2O: 3233, SiO4: 680, OH: 296, CO3: 0, H3O: 21, Ca_O: 4041
05/25 12:05 [DEBUG] cshmd.analysis (full_search)                                 : Search layer details
05/25 12:05 [DEBUG] cshmd.analysis (set_layer_boundary)                          : Set layer boundary -> 0.14802459417500036 - 0.4527376048249997
05/25 12:05 [DEBUG] cshmd.analysis (find_bond)                                   : find_bond Ca - O rcut -> 2.6
05/25 12:05 [DEBUG] cshmd.analysis (find_bond)                                   : find_bond Ca - O rcut -> 3.1
05/25 12:05 [DEBUG] cshmd.analysis (find_bond)                                   : find_bond Ca - O rcut -> 5.2
05/25 12:05 [DEBUG] cshmd.analysis (_anal_surface_co3_adsorption)                : No 'C' in system
05/25 12:05 [DEBUG] cshmd.analysis (__detail_search_oh_co3)                      : No CO3 in basic search
05/25 12:05 [DEBUG] cshmd.analysis (__detail_search_oh_sioh)                     : Searching 'OH' in 'SiO4
05/25 12:05 [DEBUG] cshmd.analysis (__detail_search_oh_caoh)                     : Searching 'OH' in 'CaOH
05/25 12:05 [INFO] cshmd.analysis (Qn)                                           : [Structure] Q1: 0.259
05/25 12:05 [INFO] cshmd.analysis (Qn)                                           : [Structure] Q2: 0.741
05/25 12:05 [INFO] cshmd.analysis (evaluate_csh)                                 : [Structure] BT: 168, PT: 512
05/25 12:05 [DEBUG] cshmd.analysis (__init__)                                    : <class 'cshmd.analysis.Chain'> loaded
05/25 12:05 [DEBUG] cshmd.analysis (__init__)                                    : <class 'cshmd.analysis.Chain'> loaded
05/25 12:05 [DEBUG] cshmd.analysis (__init__)                                    : <class 'cshmd.analysis.Chain'> loaded
05/25 12:05 [DEBUG] cshmd.analysis (__init__)                                    : <class 'cshmd.analysis.Chain'> loaded
05/25 12:05 [INFO] cshmd.analysis (evaluate_csh)                                 : [Structure] CL : Length 2: 2 Length 5: 4 Length 8: 10 Length 11: 6
05/25 12:05 [INFO] cshmd.analysis (evaluate_csh)                                 : [Structure] MCL : 7.727
05/25 12:05 [INFO] cshmd.structure (out2info)                                    : 'L080_w2750.tmp.pkl' was created
05/25 12:05 [INFO] cshmd.structure (__init__)                                    : L100_w2750.cif was loaded
05/25 12:05 [DEBUG] cshmd.analysis (__init__)                                    : [Structure] Now new data setted for get Bonds
05/25 12:05 [DEBUG] cshmd.analysis (__del_bond__)                                : del -> Si_O O_H H_O Ca_O C_O BO NBO
05/25 12:05 [DEBUG] cshmd.analysis (__initialize_mole__)                         : initalize -> H2O SiO4 OH CO3 CO2 H3O
05/25 12:05 [DEBUG] cshmd.analysis (__initialize_mole__)                         : initalize -> SiOH CaOH HCO3 H2CO3 H3CO3
05/25 12:05 [DEBUG] cshmd.analysis (find_bond)                                   : find_bond O - H rcut -> 1.2
05/25 12:05 [DEBUG] cshmd.common (time_wrapper)                                  : [RUNTIME] get_distance_table in 5.902 seconds
05/25 12:05 [DEBUG] cshmd.analysis (get_mole)                                    : get_mole O - H -> nbonds: 2
05/25 12:05 [DEBUG] cshmd.analysis (find_bond)                                   : find_bond Si - O rcut -> 2.3
05/25 12:05 [DEBUG] cshmd.common (time_wrapper)                                  : [RUNTIME] get_distance_table in 0.617 seconds
05/25 12:05 [DEBUG] cshmd.analysis (get_mole)                                    : get_mole Si - O -> nbonds: 4
05/25 12:05 [DEBUG] cshmd.analysis (get_mole)                                    : get_mole O - H -> nbonds: 1
05/25 12:05 [DEBUG] cshmd.analysis (find_bond)                                   : find_bond C - O rcut -> 1.6
05/25 12:05 [DEBUG] cshmd.analysis (get_mole)                                    : get_mole C - O -> nbonds: 3
05/25 12:05 [DEBUG] cshmd.analysis (get_mole)                                    : get_mole O - H -> nbonds: 3
05/25 12:05 [DEBUG] cshmd.analysis (find_bond)                                   : find_bond Ca - O rcut -> 3.0
05/25 12:05 [DEBUG] cshmd.common (time_wrapper)                                  : [RUNTIME] get_distance_table in 0.552 seconds
05/25 12:05 [DEBUG] cshmd.analysis (search_basic)                                : Basic search result -> H2O: 3233, SiO4: 696, OH: 312, CO3: 0, H3O: 21, Ca_O: 4005
05/25 12:05 [DEBUG] cshmd.analysis (full_search)                                 : Search layer details
05/25 12:05 [DEBUG] cshmd.analysis (set_layer_boundary)                          : Set layer boundary -> 0.14802459417500036 - 0.4527376048249997
05/25 12:05 [DEBUG] cshmd.analysis (find_bond)                                   : find_bond Ca - O rcut -> 2.6
05/25 12:05 [DEBUG] cshmd.analysis (find_bond)                                   : find_bond Ca - O rcut -> 3.1
05/25 12:05 [DEBUG] cshmd.analysis (find_bond)                                   : find_bond Ca - O rcut -> 5.2
05/25 12:05 [DEBUG] cshmd.analysis (_anal_surface_co3_adsorption)                : No 'C' in system
05/25 12:05 [DEBUG] cshmd.analysis (__detail_search_oh_co3)                      : No CO3 in basic search
05/25 12:05 [DEBUG] cshmd.analysis (__detail_search_oh_sioh)                     : Searching 'OH' in 'SiO4
05/25 12:05 [DEBUG] cshmd.analysis (__detail_search_oh_caoh)                     : Searching 'OH' in 'CaOH
05/25 12:05 [INFO] cshmd.analysis (Qn)                                           : [Structure] Q1: 0.207
05/25 12:05 [INFO] cshmd.analysis (Qn)                                           : [Structure] Q2: 0.793
05/25 12:05 [INFO] cshmd.analysis (evaluate_csh)                                 : [Structure] BT: 184, PT: 512
05/25 12:05 [DEBUG] cshmd.analysis (__init__)                                    : <class 'cshmd.analysis.Chain'> loaded
05/25 12:05 [DEBUG] cshmd.analysis (__init__)                                    : <class 'cshmd.analysis.Chain'> loaded
05/25 12:05 [DEBUG] cshmd.analysis (__init__)                                    : <class 'cshmd.analysis.Chain'> loaded
05/25 12:05 [DEBUG] cshmd.analysis (__init__)                                    : <class 'cshmd.analysis.Chain'> loaded
05/25 12:05 [INFO] cshmd.analysis (evaluate_csh)                                 : [Structure] CL : Length 2: 1 Length 5: 2 Length 8: 5 Length 11: 6 Length 14: 4
05/25 12:05 [INFO] cshmd.analysis (evaluate_csh)                                 : [Structure] MCL : 9.667
05/25 12:05 [INFO] cshmd.structure (out2info)                                    : 'L100_w2750.tmp.pkl' was created
05/25 12:05 [INFO] cshmd.structure (__init__)                                    : L120_w2750.cif was loaded
05/25 12:05 [DEBUG] cshmd.analysis (__init__)                                    : [Structure] Now new data setted for get Bonds
05/25 12:05 [DEBUG] cshmd.analysis (__del_bond__)                                : del -> Si_O O_H H_O Ca_O C_O BO NBO
05/25 12:05 [DEBUG] cshmd.analysis (__initialize_mole__)                         : initalize -> H2O SiO4 OH CO3 CO2 H3O
05/25 12:05 [DEBUG] cshmd.analysis (__initialize_mole__)                         : initalize -> SiOH CaOH HCO3 H2CO3 H3CO3
05/25 12:05 [DEBUG] cshmd.analysis (find_bond)                                   : find_bond O - H rcut -> 1.2
05/25 12:05 [DEBUG] cshmd.common (time_wrapper)                                  : [RUNTIME] get_distance_table in 5.944 seconds
05/25 12:05 [DEBUG] cshmd.analysis (get_mole)                                    : get_mole O - H -> nbonds: 2
05/25 12:05 [DEBUG] cshmd.analysis (find_bond)                                   : find_bond Si - O rcut -> 2.3
05/25 12:05 [DEBUG] cshmd.common (time_wrapper)                                  : [RUNTIME] get_distance_table in 0.872 seconds
05/25 12:05 [DEBUG] cshmd.analysis (get_mole)                                    : get_mole Si - O -> nbonds: 4
05/25 12:05 [DEBUG] cshmd.analysis (get_mole)                                    : get_mole O - H -> nbonds: 1
05/25 12:05 [DEBUG] cshmd.analysis (find_bond)                                   : find_bond C - O rcut -> 1.6
05/25 12:05 [DEBUG] cshmd.analysis (get_mole)                                    : get_mole C - O -> nbonds: 3
05/25 12:05 [DEBUG] cshmd.analysis (get_mole)                                    : get_mole O - H -> nbonds: 3
05/25 12:05 [DEBUG] cshmd.analysis (find_bond)                                   : find_bond Ca - O rcut -> 3.0
05/25 12:05 [DEBUG] cshmd.common (time_wrapper)                                  : [RUNTIME] get_distance_table in 0.767 seconds
05/25 12:05 [DEBUG] cshmd.analysis (search_basic)                                : Basic search result -> H2O: 3232, SiO4: 708, OH: 324, CO3: 0, H3O: 22, Ca_O: 3979
05/25 12:05 [DEBUG] cshmd.analysis (full_search)                                 : Search layer details
05/25 12:05 [DEBUG] cshmd.analysis (set_layer_boundary)                          : Set layer boundary -> 0.14802459417500036 - 0.4527376048249997
05/25 12:05 [DEBUG] cshmd.analysis (find_bond)                                   : find_bond Ca - O rcut -> 2.6
05/25 12:05 [DEBUG] cshmd.analysis (find_bond)                                   : find_bond Ca - O rcut -> 3.1
05/25 12:05 [DEBUG] cshmd.analysis (find_bond)                                   : find_bond Ca - O rcut -> 5.2
05/25 12:05 [DEBUG] cshmd.analysis (_anal_surface_co3_adsorption)                : No 'C' in system
05/25 12:05 [DEBUG] cshmd.analysis (__detail_search_oh_co3)                      : No CO3 in basic search
05/25 12:05 [DEBUG] cshmd.analysis (__detail_search_oh_sioh)                     : Searching 'OH' in 'SiO4
05/25 12:05 [DEBUG] cshmd.analysis (__detail_search_oh_caoh)                     : Searching 'OH' in 'CaOH
05/25 12:05 [INFO] cshmd.analysis (Qn)                                           : [Structure] Q1: 0.169
05/25 12:05 [INFO] cshmd.analysis (Qn)                                           : [Structure] Q2: 0.831
05/25 12:05 [INFO] cshmd.analysis (evaluate_csh)                                 : [Structure] BT: 196, PT: 512
05/25 12:05 [DEBUG] cshmd.analysis (__init__)                                    : <class 'cshmd.analysis.Chain'> loaded
05/25 12:05 [DEBUG] cshmd.analysis (__init__)                                    : <class 'cshmd.analysis.Chain'> loaded
05/25 12:05 [DEBUG] cshmd.analysis (__init__)                                    : <class 'cshmd.analysis.Chain'> loaded
05/25 12:05 [DEBUG] cshmd.analysis (__init__)                                    : <class 'cshmd.analysis.Chain'> loaded
05/25 12:05 [INFO] cshmd.analysis (evaluate_csh)                                 : [Structure] CL : Length 5: 1 Length 8: 1 Length 11: 10 Length 14: 1 Length 17: 1 Length 23: 1
05/25 12:05 [INFO] cshmd.analysis (evaluate_csh)                                 : [Structure] MCL : 11.800
05/25 12:05 [INFO] cshmd.structure (out2info)                                    : 'L120_w2750.tmp.pkl' was created
05/25 15:37 [DEBUG] cshmd.common (get_logger)                                    : $$$$$$$$$$$$$$  Logger 'cshmd.common........' initialized  $$$$$$$$$$$$$$
05/25 15:37 [DEBUG] cshmd.functions (get_logger)                                 : $$$$$$$$$$$$$$  Logger 'cshmd.functions.....' initialized  $$$$$$$$$$$$$$
05/25 15:37 [DEBUG] cshmd.load (get_logger)                                      : $$$$$$$$$$$$$$  Logger 'cshmd.load..........' initialized  $$$$$$$$$$$$$$
05/25 15:37 [DEBUG] cshmd.analysis (get_logger)                                  : $$$$$$$$$$$$$$  Logger 'cshmd.analysis......' initialized  $$$$$$$$$$$$$$
05/25 15:37 [DEBUG] cshmd.equation (get_logger)                                  : $$$$$$$$$$$$$$  Logger 'cshmd.equation......' initialized  $$$$$$$$$$$$$$
05/25 15:37 [DEBUG] cshmd.structure (get_logger)                                 : $$$$$$$$$$$$$$  Logger 'cshmd.structure.....' initialized  $$$$$$$$$$$$$$
05/25 15:37 [DEBUG] cshmd.builder (get_logger)                                   : $$$$$$$$$$$$$$  Logger 'cshmd.builder.......' initialized  $$$$$$$$$$$$$$
05/25 15:37 [DEBUG] cshmd.trj_analysis (get_logger)                              : $$$$$$$$$$$$$$  Logger 'cshmd.trj_analysis..' initialized  $$$$$$$$$$$$$$
05/25 15:37 [DEBUG] csh_info (get_logger)                                        : $$$$$$$$$$$$$$  Logger 'csh_info............' initialized  $$$$$$$$$$$$$$
05/25 15:37 [INFO] csh_info (main)                                               : Cif: L020_w2750.cif L025_w2750.cif L030_w2750.cif L035_w2750.cif L040_w2750.cif L045_w2750.cif L050_w2750.cif L060_w2750.cif L070_w2750.cif L080_w2750.cif L100_w2750.cif L120_w2750.cif
05/25 15:37 [INFO] cshmd.structure (__init__)                                    : L020_w2750.cif was loaded
05/25 15:37 [DEBUG] cshmd.analysis (__init__)                                    : [Structure] Now new data setted for get Bonds
05/25 15:37 [DEBUG] cshmd.analysis (__del_bond__)                                : del -> Si_O O_H H_O Ca_O C_O BO NBO
05/25 15:37 [DEBUG] cshmd.analysis (__initialize_mole__)                         : initalize -> H2O SiO4 OH CO3 CO2 H3O
05/25 15:37 [DEBUG] cshmd.analysis (__initialize_mole__)                         : initalize -> SiOH CaOH HCO3 H2CO3 H3CO3
05/25 15:37 [DEBUG] cshmd.analysis (find_bond)                                   : find_bond O - H rcut -> 1.2
05/25 15:37 [DEBUG] cshmd.common (time_wrapper)                                  : [RUNTIME] get_distance_table in 5.974 seconds
05/25 15:37 [DEBUG] cshmd.analysis (get_mole)                                    : get_mole O - H -> nbonds: 2
05/25 15:37 [DEBUG] cshmd.analysis (find_bond)                                   : find_bond Si - O rcut -> 2.3
05/25 15:37 [DEBUG] cshmd.common (time_wrapper)                                  : [RUNTIME] get_distance_table in 0.465 seconds
05/25 15:37 [DEBUG] cshmd.analysis (get_mole)                                    : get_mole Si - O -> nbonds: 4
05/25 15:37 [DEBUG] cshmd.analysis (get_mole)                                    : get_mole O - H -> nbonds: 1
05/25 15:37 [DEBUG] cshmd.analysis (find_bond)                                   : find_bond C - O rcut -> 1.6
05/25 15:37 [DEBUG] cshmd.analysis (get_mole)                                    : get_mole C - O -> nbonds: 3
05/25 15:37 [DEBUG] cshmd.analysis (get_mole)                                    : get_mole O - H -> nbonds: 3
05/25 15:37 [DEBUG] cshmd.analysis (find_bond)                                   : find_bond Ca - O rcut -> 3.0
05/25 15:37 [DEBUG] cshmd.common (time_wrapper)                                  : [RUNTIME] get_distance_table in 0.760 seconds
05/25 15:37 [DEBUG] cshmd.analysis (search_basic)                                : Basic search result -> H2O: 3254, SiO4: 512, OH: 128, CO3: 0, H3O: 0, Ca_O: 4427
05/25 15:37 [DEBUG] cshmd.analysis (full_search)                                 : Search layer details
05/25 15:37 [DEBUG] cshmd.analysis (set_layer_boundary)                          : Set layer boundary -> 0.14802459417500036 - 0.4527376048249997
05/25 15:41 [DEBUG] cshmd.common (get_logger)                                    : $$$$$$$$$$$$$$  Logger 'cshmd.common........' initialized  $$$$$$$$$$$$$$
05/25 15:41 [DEBUG] cshmd.functions (get_logger)                                 : $$$$$$$$$$$$$$  Logger 'cshmd.functions.....' initialized  $$$$$$$$$$$$$$
05/25 15:41 [DEBUG] cshmd.load (get_logger)                                      : $$$$$$$$$$$$$$  Logger 'cshmd.load..........' initialized  $$$$$$$$$$$$$$
05/25 15:41 [DEBUG] cshmd.analysis (get_logger)                                  : $$$$$$$$$$$$$$  Logger 'cshmd.analysis......' initialized  $$$$$$$$$$$$$$
05/25 15:41 [DEBUG] cshmd.equation (get_logger)                                  : $$$$$$$$$$$$$$  Logger 'cshmd.equation......' initialized  $$$$$$$$$$$$$$
05/25 15:41 [DEBUG] cshmd.structure (get_logger)                                 : $$$$$$$$$$$$$$  Logger 'cshmd.structure.....' initialized  $$$$$$$$$$$$$$
05/25 15:41 [DEBUG] cshmd.builder (get_logger)                                   : $$$$$$$$$$$$$$  Logger 'cshmd.builder.......' initialized  $$$$$$$$$$$$$$
05/25 15:41 [DEBUG] cshmd.trj_analysis (get_logger)                              : $$$$$$$$$$$$$$  Logger 'cshmd.trj_analysis..' initialized  $$$$$$$$$$$$$$
05/25 15:41 [DEBUG] csh_info (get_logger)                                        : $$$$$$$$$$$$$$  Logger 'csh_info............' initialized  $$$$$$$$$$$$$$
05/25 15:41 [INFO] csh_info (main)                                               : Cif: L020_w2750.cif L025_w2750.cif L030_w2750.cif L035_w2750.cif L040_w2750.cif L045_w2750.cif L050_w2750.cif L060_w2750.cif L070_w2750.cif L080_w2750.cif L100_w2750.cif L120_w2750.cif
05/25 15:41 [INFO] cshmd.structure (__init__)                                    : L020_w2750.cif was loaded
05/25 15:41 [DEBUG] cshmd.analysis (__init__)                                    : [Structure] Now new data setted for get Bonds
05/25 15:41 [DEBUG] cshmd.analysis (__del_bond__)                                : del -> Si_O O_H H_O Ca_O C_O BO NBO
05/25 15:41 [DEBUG] cshmd.analysis (__initialize_mole__)                         : initalize -> H2O SiO4 OH CO3 CO2 H3O
05/25 15:41 [DEBUG] cshmd.analysis (__initialize_mole__)                         : initalize -> SiOH CaOH HCO3 H2CO3 H3CO3
05/25 15:41 [DEBUG] cshmd.analysis (find_bond)                                   : find_bond O - H rcut -> 1.2
05/25 15:41 [DEBUG] cshmd.common (time_wrapper)                                  : [RUNTIME] get_distance_table in 6.150 seconds
05/25 15:41 [DEBUG] cshmd.analysis (get_mole)                                    : get_mole O - H -> nbonds: 2
05/25 15:41 [DEBUG] cshmd.analysis (find_bond)                                   : find_bond Si - O rcut -> 2.3
05/25 15:41 [DEBUG] cshmd.common (time_wrapper)                                  : [RUNTIME] get_distance_table in 0.485 seconds
05/25 15:41 [DEBUG] cshmd.analysis (get_mole)                                    : get_mole Si - O -> nbonds: 4
05/25 15:41 [DEBUG] cshmd.analysis (get_mole)                                    : get_mole O - H -> nbonds: 1
05/25 15:41 [DEBUG] cshmd.analysis (find_bond)                                   : find_bond C - O rcut -> 1.6
05/25 15:41 [DEBUG] cshmd.analysis (get_mole)                                    : get_mole C - O -> nbonds: 3
05/25 15:41 [DEBUG] cshmd.analysis (get_mole)                                    : get_mole O - H -> nbonds: 3
05/25 15:41 [DEBUG] cshmd.analysis (find_bond)                                   : find_bond Ca - O rcut -> 3.0
05/25 15:41 [DEBUG] cshmd.common (time_wrapper)                                  : [RUNTIME] get_distance_table in 0.759 seconds
05/25 15:41 [DEBUG] cshmd.analysis (search_basic)                                : Basic search result -> H2O: 3254, SiO4: 512, OH: 128, CO3: 0, H3O: 0, Ca_O: 4427
05/25 15:41 [DEBUG] cshmd.analysis (full_search)                                 : Search layer details
05/25 15:41 [DEBUG] cshmd.analysis (set_layer_boundary)                          : Set layer boundary -> 0.14802459417500036 - 0.4527376048249997
05/25 15:41 [DEBUG] cshmd.analysis (find_bond)                                   : find_bond Ca - O rcut -> 2.6
05/25 15:41 [DEBUG] cshmd.analysis (find_bond)                                   : find_bond Ca - O rcut -> 3.1
05/25 15:41 [DEBUG] cshmd.analysis (find_bond)                                   : find_bond Ca - O rcut -> 5.2
05/25 15:41 [DEBUG] cshmd.analysis (_anal_surface_co3_adsorption)                : No 'C' in system
05/25 15:41 [DEBUG] cshmd.analysis (__detail_search_oh_co3)                      : No CO3 in basic search
05/25 15:41 [DEBUG] cshmd.analysis (__detail_search_oh_sioh)                     : Searching 'OH' in 'SiO4
05/25 15:41 [DEBUG] cshmd.analysis (__detail_search_oh_caoh)                     : Searching 'OH' in 'CaOH
05/25 15:41 [INFO] cshmd.analysis (Qn)                                           : [Structure] Q1: 1.000
05/25 15:41 [INFO] cshmd.analysis (evaluate_csh)                                 : [Structure] BT: 0, PT: 512
05/25 15:41 [DEBUG] cshmd.analysis (__init__)                                    : <class 'cshmd.analysis.Chain'> loaded
05/25 15:41 [DEBUG] cshmd.analysis (__init__)                                    : <class 'cshmd.analysis.Chain'> loaded
05/25 15:41 [DEBUG] cshmd.analysis (__init__)                                    : <class 'cshmd.analysis.Chain'> loaded
05/25 15:41 [DEBUG] cshmd.analysis (__init__)                                    : <class 'cshmd.analysis.Chain'> loaded
05/25 15:41 [INFO] cshmd.analysis (evaluate_csh)                                 : [Structure] CL : Length 2: 64
05/25 15:41 [INFO] cshmd.analysis (evaluate_csh)                                 : [Structure] MCL : 2.000
05/25 15:43 [DEBUG] cshmd.common (get_logger)                                    : $$$$$$$$$$$$$$  Logger 'cshmd.common........' initialized  $$$$$$$$$$$$$$
05/25 15:43 [DEBUG] cshmd.functions (get_logger)                                 : $$$$$$$$$$$$$$  Logger 'cshmd.functions.....' initialized  $$$$$$$$$$$$$$
05/25 15:43 [DEBUG] cshmd.load (get_logger)                                      : $$$$$$$$$$$$$$  Logger 'cshmd.load..........' initialized  $$$$$$$$$$$$$$
05/25 15:43 [DEBUG] cshmd.analysis (get_logger)                                  : $$$$$$$$$$$$$$  Logger 'cshmd.analysis......' initialized  $$$$$$$$$$$$$$
05/25 15:43 [DEBUG] cshmd.equation (get_logger)                                  : $$$$$$$$$$$$$$  Logger 'cshmd.equation......' initialized  $$$$$$$$$$$$$$
05/25 15:43 [DEBUG] cshmd.structure (get_logger)                                 : $$$$$$$$$$$$$$  Logger 'cshmd.structure.....' initialized  $$$$$$$$$$$$$$
05/25 15:43 [DEBUG] cshmd.builder (get_logger)                                   : $$$$$$$$$$$$$$  Logger 'cshmd.builder.......' initialized  $$$$$$$$$$$$$$
05/25 15:43 [DEBUG] cshmd.trj_analysis (get_logger)                              : $$$$$$$$$$$$$$  Logger 'cshmd.trj_analysis..' initialized  $$$$$$$$$$$$$$
05/25 15:43 [DEBUG] csh_info (get_logger)                                        : $$$$$$$$$$$$$$  Logger 'csh_info............' initialized  $$$$$$$$$$$$$$
05/25 15:43 [INFO] csh_info (main)                                               : Cif: L020_w2750.cif L025_w2750.cif L030_w2750.cif L035_w2750.cif L040_w2750.cif L045_w2750.cif L050_w2750.cif L060_w2750.cif L070_w2750.cif L080_w2750.cif L100_w2750.cif L120_w2750.cif
05/25 15:43 [INFO] cshmd.structure (__init__)                                    : L020_w2750.cif was loaded
05/25 15:43 [DEBUG] cshmd.analysis (__init__)                                    : [Structure] Now new data setted for get Bonds
05/25 15:43 [DEBUG] cshmd.analysis (__del_bond__)                                : del -> Si_O O_H H_O Ca_O C_O BO NBO
05/25 15:43 [DEBUG] cshmd.analysis (__initialize_mole__)                         : initalize -> H2O SiO4 OH CO3 CO2 H3O
05/25 15:43 [DEBUG] cshmd.analysis (__initialize_mole__)                         : initalize -> SiOH CaOH HCO3 H2CO3 H3CO3
05/25 15:43 [DEBUG] cshmd.analysis (find_bond)                                   : find_bond O - H rcut -> 1.2
05/25 15:43 [DEBUG] cshmd.common (time_wrapper)                                  : [RUNTIME] get_distance_table in 6.348 seconds
05/25 15:43 [DEBUG] cshmd.analysis (get_mole)                                    : get_mole O - H -> nbonds: 2
05/25 15:43 [DEBUG] cshmd.analysis (find_bond)                                   : find_bond Si - O rcut -> 2.3
05/25 15:43 [DEBUG] cshmd.common (time_wrapper)                                  : [RUNTIME] get_distance_table in 0.498 seconds
05/25 15:43 [DEBUG] cshmd.analysis (get_mole)                                    : get_mole Si - O -> nbonds: 4
05/25 15:43 [DEBUG] cshmd.analysis (get_mole)                                    : get_mole O - H -> nbonds: 1
05/25 15:43 [DEBUG] cshmd.analysis (find_bond)                                   : find_bond C - O rcut -> 1.6
05/25 15:43 [DEBUG] cshmd.analysis (get_mole)                                    : get_mole C - O -> nbonds: 3
05/25 15:43 [DEBUG] cshmd.analysis (get_mole)                                    : get_mole O - H -> nbonds: 3
05/25 15:43 [DEBUG] cshmd.analysis (find_bond)                                   : find_bond Ca - O rcut -> 3.0
05/25 15:43 [DEBUG] cshmd.common (time_wrapper)                                  : [RUNTIME] get_distance_table in 0.807 seconds
05/25 15:43 [DEBUG] cshmd.analysis (search_basic)                                : Basic search result -> H2O: 3254, SiO4: 512, OH: 128, CO3: 0, H3O: 0, Ca_O: 4427
05/25 15:43 [DEBUG] cshmd.analysis (full_search)                                 : Search layer details
05/25 15:43 [DEBUG] cshmd.analysis (set_layer_boundary)                          : Set layer boundary -> 0.14802459417500036 - 0.4527376048249997
05/25 15:43 [DEBUG] cshmd.analysis (find_bond)                                   : find_bond Ca - O rcut -> 2.6
05/25 15:43 [DEBUG] cshmd.analysis (find_bond)                                   : find_bond Ca - O rcut -> 3.1
05/25 15:43 [DEBUG] cshmd.analysis (find_bond)                                   : find_bond Ca - O rcut -> 5.2
05/25 15:43 [DEBUG] cshmd.analysis (_anal_surface_co3_adsorption)                : No 'C' in system
05/25 15:43 [DEBUG] cshmd.analysis (__detail_search_oh_co3)                      : No CO3 in basic search
05/25 15:43 [DEBUG] cshmd.analysis (__detail_search_oh_sioh)                     : Searching 'OH' in 'SiO4
05/25 15:43 [DEBUG] cshmd.analysis (__detail_search_oh_caoh)                     : Searching 'OH' in 'CaOH
05/25 15:43 [INFO] cshmd.analysis (Qn)                                           : [Structure] Q1: 1.000
05/25 15:43 [INFO] cshmd.analysis (evaluate_csh)                                 : [Structure] BT: 0, PT: 512
05/25 15:43 [DEBUG] cshmd.analysis (__init__)                                    : <class 'cshmd.analysis.Chain'> loaded
05/25 15:43 [DEBUG] cshmd.analysis (__init__)                                    : <class 'cshmd.analysis.Chain'> loaded
05/25 15:43 [DEBUG] cshmd.analysis (__init__)                                    : <class 'cshmd.analysis.Chain'> loaded
05/25 15:43 [DEBUG] cshmd.analysis (__init__)                                    : <class 'cshmd.analysis.Chain'> loaded
05/25 15:43 [INFO] cshmd.analysis (evaluate_csh)                                 : [Structure] CL : Length 2: 64
05/25 15:43 [INFO] cshmd.analysis (evaluate_csh)                                 : [Structure] MCL : 2.000
05/25 15:43 [INFO] cshmd.structure (out2info)                                    : 'L020_w2750.tmp.pkl' was created
05/25 15:43 [INFO] cshmd.structure (__init__)                                    : L025_w2750.cif was loaded
05/25 15:43 [DEBUG] cshmd.analysis (__init__)                                    : [Structure] Now new data setted for get Bonds
05/25 15:43 [DEBUG] cshmd.analysis (__del_bond__)                                : del -> Si_O O_H H_O Ca_O C_O BO NBO
05/25 15:43 [DEBUG] cshmd.analysis (__initialize_mole__)                         : initalize -> H2O SiO4 OH CO3 CO2 H3O
05/25 15:43 [DEBUG] cshmd.analysis (__initialize_mole__)                         : initalize -> SiOH CaOH HCO3 H2CO3 H3CO3
05/25 15:43 [DEBUG] cshmd.analysis (find_bond)                                   : find_bond O - H rcut -> 1.2
05/25 15:43 [DEBUG] cshmd.common (time_wrapper)                                  : [RUNTIME] get_distance_table in 6.322 seconds
05/25 15:43 [DEBUG] cshmd.analysis (get_mole)                                    : get_mole O - H -> nbonds: 2
05/25 15:43 [DEBUG] cshmd.analysis (find_bond)                                   : find_bond Si - O rcut -> 2.3
05/25 15:43 [DEBUG] cshmd.common (time_wrapper)                                  : [RUNTIME] get_distance_table in 0.519 seconds
05/25 15:43 [DEBUG] cshmd.analysis (get_mole)                                    : get_mole Si - O -> nbonds: 4
05/25 15:43 [DEBUG] cshmd.analysis (get_mole)                                    : get_mole O - H -> nbonds: 1
05/25 15:43 [DEBUG] cshmd.analysis (find_bond)                                   : find_bond C - O rcut -> 1.6
05/25 15:43 [DEBUG] cshmd.analysis (get_mole)                                    : get_mole C - O -> nbonds: 3
05/25 15:43 [DEBUG] cshmd.analysis (get_mole)                                    : get_mole O - H -> nbonds: 3
05/25 15:43 [DEBUG] cshmd.analysis (find_bond)                                   : find_bond Ca - O rcut -> 3.0
05/25 15:43 [DEBUG] cshmd.common (time_wrapper)                                  : [RUNTIME] get_distance_table in 0.751 seconds
05/25 15:43 [DEBUG] cshmd.analysis (search_basic)                                : Basic search result -> H2O: 3250, SiO4: 548, OH: 164, CO3: 0, H3O: 4, Ca_O: 4342
05/25 15:43 [DEBUG] cshmd.analysis (full_search)                                 : Search layer details
05/25 15:43 [DEBUG] cshmd.analysis (set_layer_boundary)                          : Set layer boundary -> 0.14802459417500036 - 0.4527376048249997
05/25 15:43 [DEBUG] cshmd.analysis (find_bond)                                   : find_bond Ca - O rcut -> 2.6
05/25 15:43 [DEBUG] cshmd.analysis (find_bond)                                   : find_bond Ca - O rcut -> 3.1
05/25 15:43 [DEBUG] cshmd.analysis (find_bond)                                   : find_bond Ca - O rcut -> 5.2
05/25 15:43 [DEBUG] cshmd.analysis (_anal_surface_co3_adsorption)                : No 'C' in system
05/25 15:43 [DEBUG] cshmd.analysis (__detail_search_oh_co3)                      : No CO3 in basic search
05/25 15:43 [DEBUG] cshmd.analysis (__detail_search_oh_sioh)                     : Searching 'OH' in 'SiO4
05/25 15:43 [DEBUG] cshmd.analysis (__detail_search_oh_caoh)                     : Searching 'OH' in 'CaOH
05/25 15:43 [INFO] cshmd.analysis (Qn)                                           : [Structure] Q1: 0.803
05/25 15:43 [INFO] cshmd.analysis (Qn)                                           : [Structure] Q2: 0.197
05/25 15:43 [INFO] cshmd.analysis (evaluate_csh)                                 : [Structure] BT: 36, PT: 512
05/25 15:43 [DEBUG] cshmd.analysis (__init__)                                    : <class 'cshmd.analysis.Chain'> loaded
05/25 15:43 [DEBUG] cshmd.analysis (__init__)                                    : <class 'cshmd.analysis.Chain'> loaded
05/25 15:43 [DEBUG] cshmd.analysis (__init__)                                    : <class 'cshmd.analysis.Chain'> loaded
05/25 15:43 [DEBUG] cshmd.analysis (__init__)                                    : <class 'cshmd.analysis.Chain'> loaded
05/25 15:43 [INFO] cshmd.analysis (evaluate_csh)                                 : [Structure] CL : Length 2: 46 Length 5: 9
05/25 15:43 [INFO] cshmd.analysis (evaluate_csh)                                 : [Structure] MCL : 2.491
05/25 15:43 [INFO] cshmd.structure (out2info)                                    : 'L025_w2750.tmp.pkl' was created
05/25 15:43 [INFO] cshmd.structure (__init__)                                    : L030_w2750.cif was loaded
05/25 15:43 [DEBUG] cshmd.analysis (__init__)                                    : [Structure] Now new data setted for get Bonds
05/25 15:43 [DEBUG] cshmd.analysis (__del_bond__)                                : del -> Si_O O_H H_O Ca_O C_O BO NBO
05/25 15:43 [DEBUG] cshmd.analysis (__initialize_mole__)                         : initalize -> H2O SiO4 OH CO3 CO2 H3O
05/25 15:43 [DEBUG] cshmd.analysis (__initialize_mole__)                         : initalize -> SiOH CaOH HCO3 H2CO3 H3CO3
05/25 15:43 [DEBUG] cshmd.analysis (find_bond)                                   : find_bond O - H rcut -> 1.2
05/25 15:43 [DEBUG] cshmd.common (time_wrapper)                                  : [RUNTIME] get_distance_table in 6.271 seconds
05/25 15:43 [DEBUG] cshmd.analysis (get_mole)                                    : get_mole O - H -> nbonds: 2
05/25 15:43 [DEBUG] cshmd.analysis (find_bond)                                   : find_bond Si - O rcut -> 2.3
05/25 15:43 [DEBUG] cshmd.common (time_wrapper)                                  : [RUNTIME] get_distance_table in 0.555 seconds
05/25 15:43 [DEBUG] cshmd.analysis (get_mole)                                    : get_mole Si - O -> nbonds: 4
05/25 15:43 [DEBUG] cshmd.analysis (get_mole)                                    : get_mole O - H -> nbonds: 1
05/25 15:43 [DEBUG] cshmd.analysis (find_bond)                                   : find_bond C - O rcut -> 1.6
05/25 15:43 [DEBUG] cshmd.analysis (get_mole)                                    : get_mole C - O -> nbonds: 3
05/25 15:43 [DEBUG] cshmd.analysis (get_mole)                                    : get_mole O - H -> nbonds: 3
05/25 15:43 [DEBUG] cshmd.analysis (find_bond)                                   : find_bond Ca - O rcut -> 3.0
05/25 15:43 [DEBUG] cshmd.common (time_wrapper)                                  : [RUNTIME] get_distance_table in 0.693 seconds
05/25 15:43 [DEBUG] cshmd.analysis (search_basic)                                : Basic search result -> H2O: 3247, SiO4: 576, OH: 192, CO3: 0, H3O: 7, Ca_O: 4284
05/25 15:43 [DEBUG] cshmd.analysis (full_search)                                 : Search layer details
05/25 15:43 [DEBUG] cshmd.analysis (set_layer_boundary)                          : Set layer boundary -> 0.14802459417500036 - 0.4527376048249997
05/25 15:43 [DEBUG] cshmd.analysis (find_bond)                                   : find_bond Ca - O rcut -> 2.6
05/25 15:43 [DEBUG] cshmd.analysis (find_bond)                                   : find_bond Ca - O rcut -> 3.1
05/25 15:43 [DEBUG] cshmd.analysis (find_bond)                                   : find_bond Ca - O rcut -> 5.2
05/25 15:43 [DEBUG] cshmd.analysis (_anal_surface_co3_adsorption)                : No 'C' in system
05/25 15:43 [DEBUG] cshmd.analysis (__detail_search_oh_co3)                      : No CO3 in basic search
05/25 15:43 [DEBUG] cshmd.analysis (__detail_search_oh_sioh)                     : Searching 'OH' in 'SiO4
05/25 15:43 [DEBUG] cshmd.analysis (__detail_search_oh_caoh)                     : Searching 'OH' in 'CaOH
05/25 15:43 [INFO] cshmd.analysis (Qn)                                           : [Structure] Q1: 0.667
05/25 15:43 [INFO] cshmd.analysis (Qn)                                           : [Structure] Q2: 0.333
05/25 15:43 [INFO] cshmd.analysis (evaluate_csh)                                 : [Structure] BT: 64, PT: 512
05/25 15:43 [DEBUG] cshmd.analysis (__init__)                                    : <class 'cshmd.analysis.Chain'> loaded
05/25 15:43 [DEBUG] cshmd.analysis (__init__)                                    : <class 'cshmd.analysis.Chain'> loaded
05/25 15:43 [DEBUG] cshmd.analysis (__init__)                                    : <class 'cshmd.analysis.Chain'> loaded
05/25 15:43 [DEBUG] cshmd.analysis (__init__)                                    : <class 'cshmd.analysis.Chain'> loaded
05/25 15:43 [INFO] cshmd.analysis (evaluate_csh)                                 : [Structure] CL : Length 2: 32 Length 5: 16
05/25 15:43 [INFO] cshmd.analysis (evaluate_csh)                                 : [Structure] MCL : 3.000
05/25 15:43 [INFO] cshmd.structure (out2info)                                    : 'L030_w2750.tmp.pkl' was created
05/25 15:43 [INFO] cshmd.structure (__init__)                                    : L035_w2750.cif was loaded
05/25 15:43 [DEBUG] cshmd.analysis (__init__)                                    : [Structure] Now new data setted for get Bonds
05/25 15:43 [DEBUG] cshmd.analysis (__del_bond__)                                : del -> Si_O O_H H_O Ca_O C_O BO NBO
05/25 15:43 [DEBUG] cshmd.analysis (__initialize_mole__)                         : initalize -> H2O SiO4 OH CO3 CO2 H3O
05/25 15:43 [DEBUG] cshmd.analysis (__initialize_mole__)                         : initalize -> SiOH CaOH HCO3 H2CO3 H3CO3
05/25 15:43 [DEBUG] cshmd.analysis (find_bond)                                   : find_bond O - H rcut -> 1.2
05/25 15:44 [DEBUG] cshmd.common (time_wrapper)                                  : [RUNTIME] get_distance_table in 6.514 seconds
05/25 15:44 [DEBUG] cshmd.analysis (get_mole)                                    : get_mole O - H -> nbonds: 2
05/25 15:44 [DEBUG] cshmd.analysis (find_bond)                                   : find_bond Si - O rcut -> 2.3
05/25 15:44 [DEBUG] cshmd.common (time_wrapper)                                  : [RUNTIME] get_distance_table in 0.581 seconds
05/25 15:44 [DEBUG] cshmd.analysis (get_mole)                                    : get_mole Si - O -> nbonds: 4
05/25 15:44 [DEBUG] cshmd.analysis (get_mole)                                    : get_mole O - H -> nbonds: 1
05/25 15:44 [DEBUG] cshmd.analysis (find_bond)                                   : find_bond C - O rcut -> 1.6
05/25 15:44 [DEBUG] cshmd.analysis (get_mole)                                    : get_mole C - O -> nbonds: 3
05/25 15:44 [DEBUG] cshmd.analysis (get_mole)                                    : get_mole O - H -> nbonds: 3
05/25 15:44 [DEBUG] cshmd.analysis (find_bond)                                   : find_bond Ca - O rcut -> 3.0
05/25 15:44 [DEBUG] cshmd.common (time_wrapper)                                  : [RUNTIME] get_distance_table in 0.707 seconds
05/25 15:44 [DEBUG] cshmd.analysis (search_basic)                                : Basic search result -> H2O: 3242, SiO4: 596, OH: 212, CO3: 0, H3O: 12, Ca_O: 4235
05/25 15:44 [DEBUG] cshmd.analysis (full_search)                                 : Search layer details
05/25 15:44 [DEBUG] cshmd.analysis (set_layer_boundary)                          : Set layer boundary -> 0.14802459417500036 - 0.4527376048249997
05/25 15:44 [DEBUG] cshmd.analysis (find_bond)                                   : find_bond Ca - O rcut -> 2.6
05/25 15:44 [DEBUG] cshmd.analysis (find_bond)                                   : find_bond Ca - O rcut -> 3.1
05/25 15:44 [DEBUG] cshmd.analysis (find_bond)                                   : find_bond Ca - O rcut -> 5.2
05/25 15:44 [DEBUG] cshmd.analysis (_anal_surface_co3_adsorption)                : No 'C' in system
05/25 15:44 [DEBUG] cshmd.analysis (__detail_search_oh_co3)                      : No CO3 in basic search
05/25 15:44 [DEBUG] cshmd.analysis (__detail_search_oh_sioh)                     : Searching 'OH' in 'SiO4
05/25 15:44 [DEBUG] cshmd.analysis (__detail_search_oh_caoh)                     : Searching 'OH' in 'CaOH
05/25 15:44 [INFO] cshmd.analysis (Qn)                                           : [Structure] Q1: 0.577
05/25 15:44 [INFO] cshmd.analysis (Qn)                                           : [Structure] Q2: 0.423
05/25 15:44 [INFO] cshmd.analysis (evaluate_csh)                                 : [Structure] BT: 84, PT: 512
05/25 15:44 [DEBUG] cshmd.analysis (__init__)                                    : <class 'cshmd.analysis.Chain'> loaded
05/25 15:44 [DEBUG] cshmd.analysis (__init__)                                    : <class 'cshmd.analysis.Chain'> loaded
05/25 15:44 [DEBUG] cshmd.analysis (__init__)                                    : <class 'cshmd.analysis.Chain'> loaded
05/25 15:44 [DEBUG] cshmd.analysis (__init__)                                    : <class 'cshmd.analysis.Chain'> loaded
05/25 15:44 [INFO] cshmd.analysis (evaluate_csh)                                 : [Structure] CL : Length 2: 22 Length 5: 21
05/25 15:44 [INFO] cshmd.analysis (evaluate_csh)                                 : [Structure] MCL : 3.465
05/25 15:44 [INFO] cshmd.structure (out2info)                                    : 'L035_w2750.tmp.pkl' was created
05/25 15:44 [INFO] cshmd.structure (__init__)                                    : L040_w2750.cif was loaded
05/25 15:44 [DEBUG] cshmd.analysis (__init__)                                    : [Structure] Now new data setted for get Bonds
05/25 15:44 [DEBUG] cshmd.analysis (__del_bond__)                                : del -> Si_O O_H H_O Ca_O C_O BO NBO
05/25 15:44 [DEBUG] cshmd.analysis (__initialize_mole__)                         : initalize -> H2O SiO4 OH CO3 CO2 H3O
05/25 15:44 [DEBUG] cshmd.analysis (__initialize_mole__)                         : initalize -> SiOH CaOH HCO3 H2CO3 H3CO3
05/25 15:44 [DEBUG] cshmd.analysis (find_bond)                                   : find_bond O - H rcut -> 1.2
05/25 15:44 [DEBUG] cshmd.common (time_wrapper)                                  : [RUNTIME] get_distance_table in 6.338 seconds
05/25 15:44 [DEBUG] cshmd.analysis (get_mole)                                    : get_mole O - H -> nbonds: 2
05/25 15:44 [DEBUG] cshmd.analysis (find_bond)                                   : find_bond Si - O rcut -> 2.3
05/25 15:44 [DEBUG] cshmd.common (time_wrapper)                                  : [RUNTIME] get_distance_table in 0.581 seconds
05/25 15:44 [DEBUG] cshmd.analysis (get_mole)                                    : get_mole Si - O -> nbonds: 4
05/25 15:44 [DEBUG] cshmd.analysis (get_mole)                                    : get_mole O - H -> nbonds: 1
05/25 15:44 [DEBUG] cshmd.analysis (find_bond)                                   : find_bond C - O rcut -> 1.6
05/25 15:44 [DEBUG] cshmd.analysis (get_mole)                                    : get_mole C - O -> nbonds: 3
05/25 15:44 [DEBUG] cshmd.analysis (get_mole)                                    : get_mole O - H -> nbonds: 3
05/25 15:44 [DEBUG] cshmd.analysis (find_bond)                                   : find_bond Ca - O rcut -> 3.0
05/25 15:44 [DEBUG] cshmd.common (time_wrapper)                                  : [RUNTIME] get_distance_table in 0.689 seconds
05/25 15:44 [DEBUG] cshmd.analysis (search_basic)                                : Basic search result -> H2O: 3241, SiO4: 612, OH: 228, CO3: 0, H3O: 13, Ca_O: 4198
05/25 15:44 [DEBUG] cshmd.analysis (full_search)                                 : Search layer details
05/25 15:44 [DEBUG] cshmd.analysis (set_layer_boundary)                          : Set layer boundary -> 0.14802459417500036 - 0.4527376048249997
05/25 15:44 [DEBUG] cshmd.analysis (find_bond)                                   : find_bond Ca - O rcut -> 2.6
05/25 15:44 [DEBUG] cshmd.analysis (find_bond)                                   : find_bond Ca - O rcut -> 3.1
05/25 15:44 [DEBUG] cshmd.analysis (find_bond)                                   : find_bond Ca - O rcut -> 5.2
05/25 15:44 [DEBUG] cshmd.analysis (_anal_surface_co3_adsorption)                : No 'C' in system
05/25 15:44 [DEBUG] cshmd.analysis (__detail_search_oh_co3)                      : No CO3 in basic search
05/25 15:44 [DEBUG] cshmd.analysis (__detail_search_oh_sioh)                     : Searching 'OH' in 'SiO4
05/25 15:44 [DEBUG] cshmd.analysis (__detail_search_oh_caoh)                     : Searching 'OH' in 'CaOH
05/25 15:44 [INFO] cshmd.analysis (Qn)                                           : [Structure] Q1: 0.510
05/25 15:44 [INFO] cshmd.analysis (Qn)                                           : [Structure] Q2: 0.490
05/25 15:44 [INFO] cshmd.analysis (evaluate_csh)                                 : [Structure] BT: 100, PT: 512
05/25 15:44 [DEBUG] cshmd.analysis (__init__)                                    : <class 'cshmd.analysis.Chain'> loaded
05/25 15:44 [DEBUG] cshmd.analysis (__init__)                                    : <class 'cshmd.analysis.Chain'> loaded
05/25 15:44 [DEBUG] cshmd.analysis (__init__)                                    : <class 'cshmd.analysis.Chain'> loaded
05/25 15:44 [DEBUG] cshmd.analysis (__init__)                                    : <class 'cshmd.analysis.Chain'> loaded
05/25 15:44 [INFO] cshmd.analysis (evaluate_csh)                                 : [Structure] CL : Length 2: 14 Length 5: 25
05/25 15:44 [INFO] cshmd.analysis (evaluate_csh)                                 : [Structure] MCL : 3.923
05/25 15:44 [INFO] cshmd.structure (out2info)                                    : 'L040_w2750.tmp.pkl' was created
05/25 15:44 [INFO] cshmd.structure (__init__)                                    : L045_w2750.cif was loaded
05/25 15:44 [DEBUG] cshmd.analysis (__init__)                                    : [Structure] Now new data setted for get Bonds
05/25 15:44 [DEBUG] cshmd.analysis (__del_bond__)                                : del -> Si_O O_H H_O Ca_O C_O BO NBO
05/25 15:44 [DEBUG] cshmd.analysis (__initialize_mole__)                         : initalize -> H2O SiO4 OH CO3 CO2 H3O
05/25 15:44 [DEBUG] cshmd.analysis (__initialize_mole__)                         : initalize -> SiOH CaOH HCO3 H2CO3 H3CO3
05/25 15:44 [DEBUG] cshmd.analysis (find_bond)                                   : find_bond O - H rcut -> 1.2
05/25 15:44 [DEBUG] cshmd.common (time_wrapper)                                  : [RUNTIME] get_distance_table in 6.390 seconds
05/25 15:44 [DEBUG] cshmd.analysis (get_mole)                                    : get_mole O - H -> nbonds: 2
05/25 15:44 [DEBUG] cshmd.analysis (find_bond)                                   : find_bond Si - O rcut -> 2.3
05/25 15:44 [DEBUG] cshmd.common (time_wrapper)                                  : [RUNTIME] get_distance_table in 0.595 seconds
05/25 15:44 [DEBUG] cshmd.analysis (get_mole)                                    : get_mole Si - O -> nbonds: 4
05/25 15:44 [DEBUG] cshmd.analysis (get_mole)                                    : get_mole O - H -> nbonds: 1
05/25 15:44 [DEBUG] cshmd.analysis (find_bond)                                   : find_bond C - O rcut -> 1.6
05/25 15:44 [DEBUG] cshmd.analysis (get_mole)                                    : get_mole C - O -> nbonds: 3
05/25 15:44 [DEBUG] cshmd.analysis (get_mole)                                    : get_mole O - H -> nbonds: 3
05/25 15:44 [DEBUG] cshmd.analysis (find_bond)                                   : find_bond Ca - O rcut -> 3.0
05/25 15:44 [DEBUG] cshmd.common (time_wrapper)                                  : [RUNTIME] get_distance_table in 0.870 seconds
05/25 15:44 [DEBUG] cshmd.analysis (search_basic)                                : Basic search result -> H2O: 3238, SiO4: 628, OH: 244, CO3: 0, H3O: 16, Ca_O: 4163
05/25 15:44 [DEBUG] cshmd.analysis (full_search)                                 : Search layer details
05/25 15:44 [DEBUG] cshmd.analysis (set_layer_boundary)                          : Set layer boundary -> 0.14802459417500036 - 0.4527376048249997
05/25 15:44 [DEBUG] cshmd.analysis (find_bond)                                   : find_bond Ca - O rcut -> 2.6
05/25 15:44 [DEBUG] cshmd.analysis (find_bond)                                   : find_bond Ca - O rcut -> 3.1
05/25 15:44 [DEBUG] cshmd.analysis (find_bond)                                   : find_bond Ca - O rcut -> 5.2
05/25 15:44 [DEBUG] cshmd.analysis (_anal_surface_co3_adsorption)                : No 'C' in system
05/25 15:44 [DEBUG] cshmd.analysis (__detail_search_oh_co3)                      : No CO3 in basic search
05/25 15:44 [DEBUG] cshmd.analysis (__detail_search_oh_sioh)                     : Searching 'OH' in 'SiO4
05/25 15:44 [DEBUG] cshmd.analysis (__detail_search_oh_caoh)                     : Searching 'OH' in 'CaOH
05/25 15:44 [INFO] cshmd.analysis (Qn)                                           : [Structure] Q1: 0.446
05/25 15:44 [INFO] cshmd.analysis (Qn)                                           : [Structure] Q2: 0.554
05/25 15:44 [INFO] cshmd.analysis (evaluate_csh)                                 : [Structure] BT: 116, PT: 512
05/25 15:44 [DEBUG] cshmd.analysis (__init__)                                    : <class 'cshmd.analysis.Chain'> loaded
05/25 15:44 [DEBUG] cshmd.analysis (__init__)                                    : <class 'cshmd.analysis.Chain'> loaded
05/25 15:44 [DEBUG] cshmd.analysis (__init__)                                    : <class 'cshmd.analysis.Chain'> loaded
05/25 15:44 [DEBUG] cshmd.analysis (__init__)                                    : <class 'cshmd.analysis.Chain'> loaded
05/25 15:44 [INFO] cshmd.analysis (evaluate_csh)                                 : [Structure] CL : Length 2: 10 Length 5: 21 Length 8: 4
05/25 15:44 [INFO] cshmd.analysis (evaluate_csh)                                 : [Structure] MCL : 4.486
05/25 15:44 [INFO] cshmd.structure (out2info)                                    : 'L045_w2750.tmp.pkl' was created
05/25 15:44 [INFO] cshmd.structure (__init__)                                    : L050_w2750.cif was loaded
05/25 15:44 [DEBUG] cshmd.analysis (__init__)                                    : [Structure] Now new data setted for get Bonds
05/25 15:44 [DEBUG] cshmd.analysis (__del_bond__)                                : del -> Si_O O_H H_O Ca_O C_O BO NBO
05/25 15:44 [DEBUG] cshmd.analysis (__initialize_mole__)                         : initalize -> H2O SiO4 OH CO3 CO2 H3O
05/25 15:44 [DEBUG] cshmd.analysis (__initialize_mole__)                         : initalize -> SiOH CaOH HCO3 H2CO3 H3CO3
05/25 15:44 [DEBUG] cshmd.analysis (find_bond)                                   : find_bond O - H rcut -> 1.2
05/25 15:44 [DEBUG] cshmd.common (time_wrapper)                                  : [RUNTIME] get_distance_table in 6.816 seconds
05/25 15:44 [DEBUG] cshmd.analysis (get_mole)                                    : get_mole O - H -> nbonds: 2
05/25 15:44 [DEBUG] cshmd.analysis (find_bond)                                   : find_bond Si - O rcut -> 2.3
05/25 15:44 [DEBUG] cshmd.common (time_wrapper)                                  : [RUNTIME] get_distance_table in 0.641 seconds
05/25 15:44 [DEBUG] cshmd.analysis (get_mole)                                    : get_mole Si - O -> nbonds: 4
05/25 15:44 [DEBUG] cshmd.analysis (get_mole)                                    : get_mole O - H -> nbonds: 1
05/25 15:44 [DEBUG] cshmd.analysis (find_bond)                                   : find_bond C - O rcut -> 1.6
05/25 15:44 [DEBUG] cshmd.analysis (get_mole)                                    : get_mole C - O -> nbonds: 3
05/25 15:44 [DEBUG] cshmd.analysis (get_mole)                                    : get_mole O - H -> nbonds: 3
05/25 15:44 [DEBUG] cshmd.analysis (find_bond)                                   : find_bond Ca - O rcut -> 3.0
05/25 15:44 [DEBUG] cshmd.common (time_wrapper)                                  : [RUNTIME] get_distance_table in 0.843 seconds
05/25 15:44 [DEBUG] cshmd.analysis (search_basic)                                : Basic search result -> H2O: 3236, SiO4: 640, OH: 256, CO3: 0, H3O: 18, Ca_O: 4131
05/25 15:44 [DEBUG] cshmd.analysis (full_search)                                 : Search layer details
05/25 15:44 [DEBUG] cshmd.analysis (set_layer_boundary)                          : Set layer boundary -> 0.14802459417500036 - 0.4527376048249997
05/25 15:44 [DEBUG] cshmd.analysis (find_bond)                                   : find_bond Ca - O rcut -> 2.6
05/25 15:44 [DEBUG] cshmd.analysis (find_bond)                                   : find_bond Ca - O rcut -> 3.1
05/25 15:44 [DEBUG] cshmd.analysis (find_bond)                                   : find_bond Ca - O rcut -> 5.2
05/25 15:44 [DEBUG] cshmd.analysis (_anal_surface_co3_adsorption)                : No 'C' in system
05/25 15:44 [DEBUG] cshmd.analysis (__detail_search_oh_co3)                      : No CO3 in basic search
05/25 15:44 [DEBUG] cshmd.analysis (__detail_search_oh_sioh)                     : Searching 'OH' in 'SiO4
05/25 15:44 [DEBUG] cshmd.analysis (__detail_search_oh_caoh)                     : Searching 'OH' in 'CaOH
05/25 15:44 [INFO] cshmd.analysis (Qn)                                           : [Structure] Q1: 0.400
05/25 15:44 [INFO] cshmd.analysis (Qn)                                           : [Structure] Q2: 0.600
05/25 15:44 [INFO] cshmd.analysis (evaluate_csh)                                 : [Structure] BT: 128, PT: 512
05/25 15:44 [DEBUG] cshmd.analysis (__init__)                                    : <class 'cshmd.analysis.Chain'> loaded
05/25 15:44 [DEBUG] cshmd.analysis (__init__)                                    : <class 'cshmd.analysis.Chain'> loaded
05/25 15:44 [DEBUG] cshmd.analysis (__init__)                                    : <class 'cshmd.analysis.Chain'> loaded
05/25 15:44 [DEBUG] cshmd.analysis (__init__)                                    : <class 'cshmd.analysis.Chain'> loaded
05/25 15:44 [INFO] cshmd.analysis (evaluate_csh)                                 : [Structure] CL : Length 2: 8 Length 5: 16 Length 8: 8
05/25 15:44 [INFO] cshmd.analysis (evaluate_csh)                                 : [Structure] MCL : 5.000
05/25 15:44 [INFO] cshmd.structure (out2info)                                    : 'L050_w2750.tmp.pkl' was created
05/25 15:44 [INFO] cshmd.structure (__init__)                                    : L060_w2750.cif was loaded
05/25 15:44 [DEBUG] cshmd.analysis (__init__)                                    : [Structure] Now new data setted for get Bonds
05/25 15:44 [DEBUG] cshmd.analysis (__del_bond__)                                : del -> Si_O O_H H_O Ca_O C_O BO NBO
05/25 15:44 [DEBUG] cshmd.analysis (__initialize_mole__)                         : initalize -> H2O SiO4 OH CO3 CO2 H3O
05/25 15:44 [DEBUG] cshmd.analysis (__initialize_mole__)                         : initalize -> SiOH CaOH HCO3 H2CO3 H3CO3
05/25 15:44 [DEBUG] cshmd.analysis (find_bond)                                   : find_bond O - H rcut -> 1.2
05/25 15:44 [DEBUG] cshmd.common (time_wrapper)                                  : [RUNTIME] get_distance_table in 7.122 seconds
05/25 15:44 [DEBUG] cshmd.analysis (get_mole)                                    : get_mole O - H -> nbonds: 2
05/25 15:44 [DEBUG] cshmd.analysis (find_bond)                                   : find_bond Si - O rcut -> 2.3
05/25 15:44 [DEBUG] cshmd.common (time_wrapper)                                  : [RUNTIME] get_distance_table in 0.640 seconds
05/25 15:44 [DEBUG] cshmd.analysis (get_mole)                                    : get_mole Si - O -> nbonds: 4
05/25 15:44 [DEBUG] cshmd.analysis (get_mole)                                    : get_mole O - H -> nbonds: 1
05/25 15:44 [DEBUG] cshmd.analysis (find_bond)                                   : find_bond C - O rcut -> 1.6
05/25 15:44 [DEBUG] cshmd.analysis (get_mole)                                    : get_mole C - O -> nbonds: 3
05/25 15:44 [DEBUG] cshmd.analysis (get_mole)                                    : get_mole O - H -> nbonds: 3
05/25 15:44 [DEBUG] cshmd.analysis (find_bond)                                   : find_bond Ca - O rcut -> 3.0
05/25 15:44 [DEBUG] cshmd.common (time_wrapper)                                  : [RUNTIME] get_distance_table in 0.653 seconds
05/25 15:44 [DEBUG] cshmd.analysis (search_basic)                                : Basic search result -> H2O: 3236, SiO4: 656, OH: 272, CO3: 0, H3O: 18, Ca_O: 4096
05/25 15:44 [DEBUG] cshmd.analysis (full_search)                                 : Search layer details
05/25 15:44 [DEBUG] cshmd.analysis (set_layer_boundary)                          : Set layer boundary -> 0.14802459417500036 - 0.4527376048249997
05/25 15:44 [DEBUG] cshmd.analysis (find_bond)                                   : find_bond Ca - O rcut -> 2.6
05/25 15:44 [DEBUG] cshmd.analysis (find_bond)                                   : find_bond Ca - O rcut -> 3.1
05/25 15:44 [DEBUG] cshmd.analysis (find_bond)                                   : find_bond Ca - O rcut -> 5.2
05/25 15:44 [DEBUG] cshmd.analysis (_anal_surface_co3_adsorption)                : No 'C' in system
05/25 15:44 [DEBUG] cshmd.analysis (__detail_search_oh_co3)                      : No CO3 in basic search
05/25 15:44 [DEBUG] cshmd.analysis (__detail_search_oh_sioh)                     : Searching 'OH' in 'SiO4
05/25 15:44 [DEBUG] cshmd.analysis (__detail_search_oh_caoh)                     : Searching 'OH' in 'CaOH
05/25 15:44 [INFO] cshmd.analysis (Qn)                                           : [Structure] Q1: 0.341
05/25 15:44 [INFO] cshmd.analysis (Qn)                                           : [Structure] Q2: 0.659
05/25 15:44 [INFO] cshmd.analysis (evaluate_csh)                                 : [Structure] BT: 144, PT: 512
05/25 15:44 [DEBUG] cshmd.analysis (__init__)                                    : <class 'cshmd.analysis.Chain'> loaded
05/25 15:44 [DEBUG] cshmd.analysis (__init__)                                    : <class 'cshmd.analysis.Chain'> loaded
05/25 15:44 [DEBUG] cshmd.analysis (__init__)                                    : <class 'cshmd.analysis.Chain'> loaded
05/25 15:44 [DEBUG] cshmd.analysis (__init__)                                    : <class 'cshmd.analysis.Chain'> loaded
05/25 15:44 [INFO] cshmd.analysis (evaluate_csh)                                 : [Structure] CL : Length 2: 6 Length 5: 9 Length 8: 12 Length 11: 1
05/25 15:44 [INFO] cshmd.analysis (evaluate_csh)                                 : [Structure] MCL : 5.857
05/25 15:44 [INFO] cshmd.structure (out2info)                                    : 'L060_w2750.tmp.pkl' was created
05/25 15:44 [INFO] cshmd.structure (__init__)                                    : L070_w2750.cif was loaded
05/25 15:44 [DEBUG] cshmd.analysis (__init__)                                    : [Structure] Now new data setted for get Bonds
05/25 15:44 [DEBUG] cshmd.analysis (__del_bond__)                                : del -> Si_O O_H H_O Ca_O C_O BO NBO
05/25 15:44 [DEBUG] cshmd.analysis (__initialize_mole__)                         : initalize -> H2O SiO4 OH CO3 CO2 H3O
05/25 15:44 [DEBUG] cshmd.analysis (__initialize_mole__)                         : initalize -> SiOH CaOH HCO3 H2CO3 H3CO3
05/25 15:44 [DEBUG] cshmd.analysis (find_bond)                                   : find_bond O - H rcut -> 1.2
05/25 15:44 [DEBUG] cshmd.common (time_wrapper)                                  : [RUNTIME] get_distance_table in 6.656 seconds
05/25 15:44 [DEBUG] cshmd.analysis (get_mole)                                    : get_mole O - H -> nbonds: 2
05/25 15:44 [DEBUG] cshmd.analysis (find_bond)                                   : find_bond Si - O rcut -> 2.3
05/25 15:44 [DEBUG] cshmd.common (time_wrapper)                                  : [RUNTIME] get_distance_table in 0.712 seconds
05/25 15:44 [DEBUG] cshmd.analysis (get_mole)                                    : get_mole Si - O -> nbonds: 4
05/25 15:44 [DEBUG] cshmd.analysis (get_mole)                                    : get_mole O - H -> nbonds: 1
05/25 15:44 [DEBUG] cshmd.analysis (find_bond)                                   : find_bond C - O rcut -> 1.6
05/25 15:44 [DEBUG] cshmd.analysis (get_mole)                                    : get_mole C - O -> nbonds: 3
05/25 15:44 [DEBUG] cshmd.analysis (get_mole)                                    : get_mole O - H -> nbonds: 3
05/25 15:44 [DEBUG] cshmd.analysis (find_bond)                                   : find_bond Ca - O rcut -> 3.0
05/25 15:44 [DEBUG] cshmd.common (time_wrapper)                                  : [RUNTIME] get_distance_table in 0.673 seconds
05/25 15:44 [DEBUG] cshmd.analysis (search_basic)                                : Basic search result -> H2O: 3235, SiO4: 672, OH: 288, CO3: 0, H3O: 19, Ca_O: 4058
05/25 15:44 [DEBUG] cshmd.analysis (full_search)                                 : Search layer details
05/25 15:44 [DEBUG] cshmd.analysis (set_layer_boundary)                          : Set layer boundary -> 0.14802459417500036 - 0.4527376048249997
05/25 15:44 [DEBUG] cshmd.analysis (find_bond)                                   : find_bond Ca - O rcut -> 2.6
05/25 15:44 [DEBUG] cshmd.analysis (find_bond)                                   : find_bond Ca - O rcut -> 3.1
05/25 15:44 [DEBUG] cshmd.analysis (find_bond)                                   : find_bond Ca - O rcut -> 5.2
05/25 15:44 [DEBUG] cshmd.analysis (_anal_surface_co3_adsorption)                : No 'C' in system
05/25 15:44 [DEBUG] cshmd.analysis (__detail_search_oh_co3)                      : No CO3 in basic search
05/25 15:44 [DEBUG] cshmd.analysis (__detail_search_oh_sioh)                     : Searching 'OH' in 'SiO4
05/25 15:44 [DEBUG] cshmd.analysis (__detail_search_oh_caoh)                     : Searching 'OH' in 'CaOH
05/25 15:44 [INFO] cshmd.analysis (Qn)                                           : [Structure] Q1: 0.286
05/25 15:44 [INFO] cshmd.analysis (Qn)                                           : [Structure] Q2: 0.714
05/25 15:44 [INFO] cshmd.analysis (evaluate_csh)                                 : [Structure] BT: 160, PT: 512
05/25 15:44 [DEBUG] cshmd.analysis (__init__)                                    : <class 'cshmd.analysis.Chain'> loaded
05/25 15:44 [DEBUG] cshmd.analysis (__init__)                                    : <class 'cshmd.analysis.Chain'> loaded
05/25 15:44 [DEBUG] cshmd.analysis (__init__)                                    : <class 'cshmd.analysis.Chain'> loaded
05/25 15:44 [DEBUG] cshmd.analysis (__init__)                                    : <class 'cshmd.analysis.Chain'> loaded
05/25 15:44 [INFO] cshmd.analysis (evaluate_csh)                                 : [Structure] CL : Length 2: 2 Length 5: 7 Length 8: 12 Length 11: 3
05/25 15:44 [INFO] cshmd.analysis (evaluate_csh)                                 : [Structure] MCL : 7.000
05/25 15:44 [INFO] cshmd.structure (out2info)                                    : 'L070_w2750.tmp.pkl' was created
05/25 15:44 [INFO] cshmd.structure (__init__)                                    : L080_w2750.cif was loaded
05/25 15:44 [DEBUG] cshmd.analysis (__init__)                                    : [Structure] Now new data setted for get Bonds
05/25 15:44 [DEBUG] cshmd.analysis (__del_bond__)                                : del -> Si_O O_H H_O Ca_O C_O BO NBO
05/25 15:44 [DEBUG] cshmd.analysis (__initialize_mole__)                         : initalize -> H2O SiO4 OH CO3 CO2 H3O
05/25 15:44 [DEBUG] cshmd.analysis (__initialize_mole__)                         : initalize -> SiOH CaOH HCO3 H2CO3 H3CO3
05/25 15:44 [DEBUG] cshmd.analysis (find_bond)                                   : find_bond O - H rcut -> 1.2
05/25 15:44 [DEBUG] cshmd.common (time_wrapper)                                  : [RUNTIME] get_distance_table in 6.551 seconds
05/25 15:44 [DEBUG] cshmd.analysis (get_mole)                                    : get_mole O - H -> nbonds: 2
05/25 15:44 [DEBUG] cshmd.analysis (find_bond)                                   : find_bond Si - O rcut -> 2.3
05/25 15:44 [DEBUG] cshmd.common (time_wrapper)                                  : [RUNTIME] get_distance_table in 0.634 seconds
05/25 15:44 [DEBUG] cshmd.analysis (get_mole)                                    : get_mole Si - O -> nbonds: 4
05/25 15:44 [DEBUG] cshmd.analysis (get_mole)                                    : get_mole O - H -> nbonds: 1
05/25 15:44 [DEBUG] cshmd.analysis (find_bond)                                   : find_bond C - O rcut -> 1.6
05/25 15:44 [DEBUG] cshmd.analysis (get_mole)                                    : get_mole C - O -> nbonds: 3
05/25 15:44 [DEBUG] cshmd.analysis (get_mole)                                    : get_mole O - H -> nbonds: 3
05/25 15:44 [DEBUG] cshmd.analysis (find_bond)                                   : find_bond Ca - O rcut -> 3.0
05/25 15:44 [DEBUG] cshmd.common (time_wrapper)                                  : [RUNTIME] get_distance_table in 0.613 seconds
05/25 15:44 [DEBUG] cshmd.analysis (search_basic)                                : Basic search result -> H2O: 3233, SiO4: 680, OH: 296, CO3: 0, H3O: 21, Ca_O: 4041
05/25 15:44 [DEBUG] cshmd.analysis (full_search)                                 : Search layer details
05/25 15:44 [DEBUG] cshmd.analysis (set_layer_boundary)                          : Set layer boundary -> 0.14802459417500036 - 0.4527376048249997
05/25 15:44 [DEBUG] cshmd.analysis (find_bond)                                   : find_bond Ca - O rcut -> 2.6
05/25 15:44 [DEBUG] cshmd.analysis (find_bond)                                   : find_bond Ca - O rcut -> 3.1
05/25 15:44 [DEBUG] cshmd.analysis (find_bond)                                   : find_bond Ca - O rcut -> 5.2
05/25 15:44 [DEBUG] cshmd.analysis (_anal_surface_co3_adsorption)                : No 'C' in system
05/25 15:44 [DEBUG] cshmd.analysis (__detail_search_oh_co3)                      : No CO3 in basic search
05/25 15:44 [DEBUG] cshmd.analysis (__detail_search_oh_sioh)                     : Searching 'OH' in 'SiO4
05/25 15:44 [DEBUG] cshmd.analysis (__detail_search_oh_caoh)                     : Searching 'OH' in 'CaOH
05/25 15:44 [INFO] cshmd.analysis (Qn)                                           : [Structure] Q1: 0.259
05/25 15:44 [INFO] cshmd.analysis (Qn)                                           : [Structure] Q2: 0.741
05/25 15:44 [INFO] cshmd.analysis (evaluate_csh)                                 : [Structure] BT: 168, PT: 512
05/25 15:44 [DEBUG] cshmd.analysis (__init__)                                    : <class 'cshmd.analysis.Chain'> loaded
05/25 15:44 [DEBUG] cshmd.analysis (__init__)                                    : <class 'cshmd.analysis.Chain'> loaded
05/25 15:44 [DEBUG] cshmd.analysis (__init__)                                    : <class 'cshmd.analysis.Chain'> loaded
05/25 15:44 [DEBUG] cshmd.analysis (__init__)                                    : <class 'cshmd.analysis.Chain'> loaded
05/25 15:44 [INFO] cshmd.analysis (evaluate_csh)                                 : [Structure] CL : Length 2: 2 Length 5: 4 Length 8: 10 Length 11: 6
05/25 15:44 [INFO] cshmd.analysis (evaluate_csh)                                 : [Structure] MCL : 7.727
05/25 15:44 [INFO] cshmd.structure (out2info)                                    : 'L080_w2750.tmp.pkl' was created
05/25 15:44 [INFO] cshmd.structure (__init__)                                    : L100_w2750.cif was loaded
05/25 15:44 [DEBUG] cshmd.analysis (__init__)                                    : [Structure] Now new data setted for get Bonds
05/25 15:44 [DEBUG] cshmd.analysis (__del_bond__)                                : del -> Si_O O_H H_O Ca_O C_O BO NBO
05/25 15:44 [DEBUG] cshmd.analysis (__initialize_mole__)                         : initalize -> H2O SiO4 OH CO3 CO2 H3O
05/25 15:44 [DEBUG] cshmd.analysis (__initialize_mole__)                         : initalize -> SiOH CaOH HCO3 H2CO3 H3CO3
05/25 15:44 [DEBUG] cshmd.analysis (find_bond)                                   : find_bond O - H rcut -> 1.2
05/25 15:45 [DEBUG] cshmd.common (time_wrapper)                                  : [RUNTIME] get_distance_table in 6.558 seconds
05/25 15:45 [DEBUG] cshmd.analysis (get_mole)                                    : get_mole O - H -> nbonds: 2
05/25 15:45 [DEBUG] cshmd.analysis (find_bond)                                   : find_bond Si - O rcut -> 2.3
05/25 15:45 [DEBUG] cshmd.common (time_wrapper)                                  : [RUNTIME] get_distance_table in 0.668 seconds
05/25 15:45 [DEBUG] cshmd.analysis (get_mole)                                    : get_mole Si - O -> nbonds: 4
05/25 15:45 [DEBUG] cshmd.analysis (get_mole)                                    : get_mole O - H -> nbonds: 1
05/25 15:45 [DEBUG] cshmd.analysis (find_bond)                                   : find_bond C - O rcut -> 1.6
05/25 15:45 [DEBUG] cshmd.analysis (get_mole)                                    : get_mole C - O -> nbonds: 3
05/25 15:45 [DEBUG] cshmd.analysis (get_mole)                                    : get_mole O - H -> nbonds: 3
05/25 15:45 [DEBUG] cshmd.analysis (find_bond)                                   : find_bond Ca - O rcut -> 3.0
05/25 15:45 [DEBUG] cshmd.common (time_wrapper)                                  : [RUNTIME] get_distance_table in 0.609 seconds
05/25 15:45 [DEBUG] cshmd.analysis (search_basic)                                : Basic search result -> H2O: 3233, SiO4: 696, OH: 312, CO3: 0, H3O: 21, Ca_O: 4005
05/25 15:45 [DEBUG] cshmd.analysis (full_search)                                 : Search layer details
05/25 15:45 [DEBUG] cshmd.analysis (set_layer_boundary)                          : Set layer boundary -> 0.14802459417500036 - 0.4527376048249997
05/25 15:45 [DEBUG] cshmd.analysis (find_bond)                                   : find_bond Ca - O rcut -> 2.6
05/25 15:45 [DEBUG] cshmd.analysis (find_bond)                                   : find_bond Ca - O rcut -> 3.1
05/25 15:45 [DEBUG] cshmd.analysis (find_bond)                                   : find_bond Ca - O rcut -> 5.2
05/25 15:45 [DEBUG] cshmd.analysis (_anal_surface_co3_adsorption)                : No 'C' in system
05/25 15:45 [DEBUG] cshmd.analysis (__detail_search_oh_co3)                      : No CO3 in basic search
05/25 15:45 [DEBUG] cshmd.analysis (__detail_search_oh_sioh)                     : Searching 'OH' in 'SiO4
05/25 15:45 [DEBUG] cshmd.analysis (__detail_search_oh_caoh)                     : Searching 'OH' in 'CaOH
05/25 15:45 [INFO] cshmd.analysis (Qn)                                           : [Structure] Q1: 0.207
05/25 15:45 [INFO] cshmd.analysis (Qn)                                           : [Structure] Q2: 0.793
05/25 15:45 [INFO] cshmd.analysis (evaluate_csh)                                 : [Structure] BT: 184, PT: 512
05/25 15:45 [DEBUG] cshmd.analysis (__init__)                                    : <class 'cshmd.analysis.Chain'> loaded
05/25 15:45 [DEBUG] cshmd.analysis (__init__)                                    : <class 'cshmd.analysis.Chain'> loaded
05/25 15:45 [DEBUG] cshmd.analysis (__init__)                                    : <class 'cshmd.analysis.Chain'> loaded
05/25 15:45 [DEBUG] cshmd.analysis (__init__)                                    : <class 'cshmd.analysis.Chain'> loaded
05/25 15:45 [INFO] cshmd.analysis (evaluate_csh)                                 : [Structure] CL : Length 2: 1 Length 5: 2 Length 8: 5 Length 11: 6 Length 14: 4
05/25 15:45 [INFO] cshmd.analysis (evaluate_csh)                                 : [Structure] MCL : 9.667
05/25 15:45 [INFO] cshmd.structure (out2info)                                    : 'L100_w2750.tmp.pkl' was created
05/25 15:45 [INFO] cshmd.structure (__init__)                                    : L120_w2750.cif was loaded
05/25 15:45 [DEBUG] cshmd.analysis (__init__)                                    : [Structure] Now new data setted for get Bonds
05/25 15:45 [DEBUG] cshmd.analysis (__del_bond__)                                : del -> Si_O O_H H_O Ca_O C_O BO NBO
05/25 15:45 [DEBUG] cshmd.analysis (__initialize_mole__)                         : initalize -> H2O SiO4 OH CO3 CO2 H3O
05/25 15:45 [DEBUG] cshmd.analysis (__initialize_mole__)                         : initalize -> SiOH CaOH HCO3 H2CO3 H3CO3
05/25 15:45 [DEBUG] cshmd.analysis (find_bond)                                   : find_bond O - H rcut -> 1.2
05/25 15:45 [DEBUG] cshmd.common (time_wrapper)                                  : [RUNTIME] get_distance_table in 6.446 seconds
05/25 15:45 [DEBUG] cshmd.analysis (get_mole)                                    : get_mole O - H -> nbonds: 2
05/25 15:45 [DEBUG] cshmd.analysis (find_bond)                                   : find_bond Si - O rcut -> 2.3
05/25 15:45 [DEBUG] cshmd.common (time_wrapper)                                  : [RUNTIME] get_distance_table in 0.670 seconds
05/25 15:45 [DEBUG] cshmd.analysis (get_mole)                                    : get_mole Si - O -> nbonds: 4
05/25 15:45 [DEBUG] cshmd.analysis (get_mole)                                    : get_mole O - H -> nbonds: 1
05/25 15:45 [DEBUG] cshmd.analysis (find_bond)                                   : find_bond C - O rcut -> 1.6
05/25 15:45 [DEBUG] cshmd.analysis (get_mole)                                    : get_mole C - O -> nbonds: 3
05/25 15:45 [DEBUG] cshmd.analysis (get_mole)                                    : get_mole O - H -> nbonds: 3
05/25 15:45 [DEBUG] cshmd.analysis (find_bond)                                   : find_bond Ca - O rcut -> 3.0
05/25 15:45 [DEBUG] cshmd.common (time_wrapper)                                  : [RUNTIME] get_distance_table in 0.591 seconds
05/25 15:45 [DEBUG] cshmd.analysis (search_basic)                                : Basic search result -> H2O: 3232, SiO4: 708, OH: 324, CO3: 0, H3O: 22, Ca_O: 3979
05/25 15:45 [DEBUG] cshmd.analysis (full_search)                                 : Search layer details
05/25 15:45 [DEBUG] cshmd.analysis (set_layer_boundary)                          : Set layer boundary -> 0.14802459417500036 - 0.4527376048249997
05/25 15:45 [DEBUG] cshmd.analysis (find_bond)                                   : find_bond Ca - O rcut -> 2.6
05/25 15:45 [DEBUG] cshmd.analysis (find_bond)                                   : find_bond Ca - O rcut -> 3.1
05/25 15:45 [DEBUG] cshmd.analysis (find_bond)                                   : find_bond Ca - O rcut -> 5.2
05/25 15:45 [DEBUG] cshmd.analysis (_anal_surface_co3_adsorption)                : No 'C' in system
05/25 15:45 [DEBUG] cshmd.analysis (__detail_search_oh_co3)                      : No CO3 in basic search
05/25 15:45 [DEBUG] cshmd.analysis (__detail_search_oh_sioh)                     : Searching 'OH' in 'SiO4
05/25 15:45 [DEBUG] cshmd.analysis (__detail_search_oh_caoh)                     : Searching 'OH' in 'CaOH
05/25 15:45 [INFO] cshmd.analysis (Qn)                                           : [Structure] Q1: 0.169
05/25 15:45 [INFO] cshmd.analysis (Qn)                                           : [Structure] Q2: 0.831
05/25 15:45 [INFO] cshmd.analysis (evaluate_csh)                                 : [Structure] BT: 196, PT: 512
05/25 15:45 [DEBUG] cshmd.analysis (__init__)                                    : <class 'cshmd.analysis.Chain'> loaded
05/25 15:45 [DEBUG] cshmd.analysis (__init__)                                    : <class 'cshmd.analysis.Chain'> loaded
05/25 15:45 [DEBUG] cshmd.analysis (__init__)                                    : <class 'cshmd.analysis.Chain'> loaded
05/25 15:45 [DEBUG] cshmd.analysis (__init__)                                    : <class 'cshmd.analysis.Chain'> loaded
05/25 15:45 [INFO] cshmd.analysis (evaluate_csh)                                 : [Structure] CL : Length 5: 1 Length 8: 1 Length 11: 10 Length 14: 1 Length 17: 1 Length 23: 1
05/25 15:45 [INFO] cshmd.analysis (evaluate_csh)                                 : [Structure] MCL : 11.800
05/25 15:45 [INFO] cshmd.structure (out2info)                                    : 'L120_w2750.tmp.pkl' was created
05/25 15:47 [DEBUG] cshmd.common (get_logger)                                    : $$$$$$$$$$$$$$  Logger 'cshmd.common........' initialized  $$$$$$$$$$$$$$
05/25 15:47 [DEBUG] cshmd.functions (get_logger)                                 : $$$$$$$$$$$$$$  Logger 'cshmd.functions.....' initialized  $$$$$$$$$$$$$$
05/25 15:47 [DEBUG] cshmd.load (get_logger)                                      : $$$$$$$$$$$$$$  Logger 'cshmd.load..........' initialized  $$$$$$$$$$$$$$
05/25 15:47 [DEBUG] cshmd.analysis (get_logger)                                  : $$$$$$$$$$$$$$  Logger 'cshmd.analysis......' initialized  $$$$$$$$$$$$$$
05/25 15:47 [DEBUG] cshmd.equation (get_logger)                                  : $$$$$$$$$$$$$$  Logger 'cshmd.equation......' initialized  $$$$$$$$$$$$$$
05/25 15:47 [DEBUG] cshmd.structure (get_logger)                                 : $$$$$$$$$$$$$$  Logger 'cshmd.structure.....' initialized  $$$$$$$$$$$$$$
05/25 15:47 [DEBUG] cshmd.builder (get_logger)                                   : $$$$$$$$$$$$$$  Logger 'cshmd.builder.......' initialized  $$$$$$$$$$$$$$
05/25 15:47 [DEBUG] cshmd.trj_analysis (get_logger)                              : $$$$$$$$$$$$$$  Logger 'cshmd.trj_analysis..' initialized  $$$$$$$$$$$$$$
05/25 15:47 [DEBUG] csh_info (get_logger)                                        : $$$$$$$$$$$$$$  Logger 'csh_info............' initialized  $$$$$$$$$$$$$$
05/25 15:47 [INFO] csh_info (main)                                               : Cif: L020_w2750.cif L025_w2750.cif L030_w2750.cif L035_w2750.cif L040_w2750.cif L045_w2750.cif L050_w2750.cif L060_w2750.cif L070_w2750.cif L080_w2750.cif L100_w2750.cif L120_w2750.cif
05/25 15:47 [INFO] cshmd.structure (__init__)                                    : L020_w2750.cif was loaded
05/25 15:47 [DEBUG] cshmd.analysis (__init__)                                    : [Structure] Now new data setted for get Bonds
05/25 15:47 [DEBUG] cshmd.analysis (__del_bond__)                                : del -> Si_O O_H H_O Ca_O C_O BO NBO
05/25 15:47 [DEBUG] cshmd.analysis (__initialize_mole__)                         : initalize -> H2O SiO4 OH CO3 CO2 H3O
05/25 15:47 [DEBUG] cshmd.analysis (__initialize_mole__)                         : initalize -> SiOH CaOH HCO3 H2CO3 H3CO3
05/25 15:47 [DEBUG] cshmd.analysis (find_bond)                                   : find_bond O - H rcut -> 1.2
05/25 15:47 [DEBUG] cshmd.common (time_wrapper)                                  : [RUNTIME] get_distance_table in 6.376 seconds
05/25 15:47 [DEBUG] cshmd.analysis (get_mole)                                    : get_mole O - H -> nbonds: 2
05/25 15:47 [DEBUG] cshmd.analysis (find_bond)                                   : find_bond Si - O rcut -> 2.3
05/25 15:47 [DEBUG] cshmd.common (time_wrapper)                                  : [RUNTIME] get_distance_table in 0.530 seconds
05/25 15:47 [DEBUG] cshmd.analysis (get_mole)                                    : get_mole Si - O -> nbonds: 4
05/25 15:47 [DEBUG] cshmd.analysis (get_mole)                                    : get_mole O - H -> nbonds: 1
05/25 15:47 [DEBUG] cshmd.analysis (find_bond)                                   : find_bond C - O rcut -> 1.6
05/25 15:47 [DEBUG] cshmd.analysis (get_mole)                                    : get_mole C - O -> nbonds: 3
05/25 15:47 [DEBUG] cshmd.analysis (get_mole)                                    : get_mole O - H -> nbonds: 3
05/25 15:47 [DEBUG] cshmd.analysis (find_bond)                                   : find_bond Ca - O rcut -> 3.0
05/25 15:47 [DEBUG] cshmd.common (time_wrapper)                                  : [RUNTIME] get_distance_table in 0.797 seconds
05/25 15:47 [DEBUG] cshmd.analysis (search_basic)                                : Basic search result -> H2O: 3254, SiO4: 512, OH: 128, CO3: 0, H3O: 0, Ca_O: 4427
05/25 15:47 [DEBUG] cshmd.analysis (full_search)                                 : Search layer details
05/25 15:47 [DEBUG] cshmd.analysis (set_layer_boundary)                          : Set layer boundary -> 0.14802459417500036 - 0.4527376048249997
05/25 15:47 [DEBUG] cshmd.analysis (find_bond)                                   : find_bond Ca - O rcut -> 2.6
05/25 15:47 [DEBUG] cshmd.analysis (find_bond)                                   : find_bond Ca - O rcut -> 3.1
05/25 15:47 [DEBUG] cshmd.analysis (find_bond)                                   : find_bond Ca - O rcut -> 5.2
05/25 15:47 [DEBUG] cshmd.analysis (_anal_surface_co3_adsorption)                : No 'C' in system
05/25 15:47 [DEBUG] cshmd.analysis (__detail_search_oh_co3)                      : No CO3 in basic search
05/25 15:47 [DEBUG] cshmd.analysis (__detail_search_oh_sioh)                     : Searching 'OH' in 'SiO4
05/25 15:47 [DEBUG] cshmd.analysis (__detail_search_oh_caoh)                     : Searching 'OH' in 'CaOH
05/25 15:47 [INFO] cshmd.analysis (Qn)                                           : [Structure] Q1: 1.000
05/25 15:47 [INFO] cshmd.analysis (evaluate_csh)                                 : [Structure] BT: 0, PT: 512
05/25 15:47 [DEBUG] cshmd.analysis (__init__)                                    : <class 'cshmd.analysis.Chain'> loaded
05/25 15:47 [DEBUG] cshmd.analysis (__init__)                                    : <class 'cshmd.analysis.Chain'> loaded
05/25 15:47 [DEBUG] cshmd.analysis (__init__)                                    : <class 'cshmd.analysis.Chain'> loaded
05/25 15:47 [DEBUG] cshmd.analysis (__init__)                                    : <class 'cshmd.analysis.Chain'> loaded
05/25 15:47 [INFO] cshmd.analysis (evaluate_csh)                                 : [Structure] CL : Length 2: 64
05/25 15:47 [INFO] cshmd.analysis (evaluate_csh)                                 : [Structure] MCL : 2.000
05/25 15:47 [INFO] cshmd.structure (out2info)                                    : 'L020_w2750.tmp.pkl' was created
05/25 15:47 [INFO] cshmd.structure (__init__)                                    : L025_w2750.cif was loaded
05/25 15:47 [DEBUG] cshmd.analysis (__init__)                                    : [Structure] Now new data setted for get Bonds
05/25 15:47 [DEBUG] cshmd.analysis (__del_bond__)                                : del -> Si_O O_H H_O Ca_O C_O BO NBO
05/25 15:47 [DEBUG] cshmd.analysis (__initialize_mole__)                         : initalize -> H2O SiO4 OH CO3 CO2 H3O
05/25 15:47 [DEBUG] cshmd.analysis (__initialize_mole__)                         : initalize -> SiOH CaOH HCO3 H2CO3 H3CO3
05/25 15:47 [DEBUG] cshmd.analysis (find_bond)                                   : find_bond O - H rcut -> 1.2
05/25 15:48 [DEBUG] cshmd.common (time_wrapper)                                  : [RUNTIME] get_distance_table in 6.646 seconds
05/25 15:48 [DEBUG] cshmd.analysis (get_mole)                                    : get_mole O - H -> nbonds: 2
05/25 15:48 [DEBUG] cshmd.analysis (find_bond)                                   : find_bond Si - O rcut -> 2.3
05/25 15:48 [DEBUG] cshmd.common (time_wrapper)                                  : [RUNTIME] get_distance_table in 0.513 seconds
05/25 15:48 [DEBUG] cshmd.analysis (get_mole)                                    : get_mole Si - O -> nbonds: 4
05/25 15:48 [DEBUG] cshmd.analysis (get_mole)                                    : get_mole O - H -> nbonds: 1
05/25 15:48 [DEBUG] cshmd.analysis (find_bond)                                   : find_bond C - O rcut -> 1.6
05/25 15:48 [DEBUG] cshmd.analysis (get_mole)                                    : get_mole C - O -> nbonds: 3
05/25 15:48 [DEBUG] cshmd.analysis (get_mole)                                    : get_mole O - H -> nbonds: 3
05/25 15:48 [DEBUG] cshmd.analysis (find_bond)                                   : find_bond Ca - O rcut -> 3.0
05/25 15:48 [DEBUG] cshmd.common (time_wrapper)                                  : [RUNTIME] get_distance_table in 0.750 seconds
05/25 15:48 [DEBUG] cshmd.analysis (search_basic)                                : Basic search result -> H2O: 3250, SiO4: 548, OH: 164, CO3: 0, H3O: 4, Ca_O: 4342
05/25 15:48 [DEBUG] cshmd.analysis (full_search)                                 : Search layer details
05/25 15:48 [DEBUG] cshmd.analysis (set_layer_boundary)                          : Set layer boundary -> 0.14802459417500036 - 0.4527376048249997
05/25 15:48 [DEBUG] cshmd.analysis (find_bond)                                   : find_bond Ca - O rcut -> 2.6
05/25 15:48 [DEBUG] cshmd.analysis (find_bond)                                   : find_bond Ca - O rcut -> 3.1
05/25 15:48 [DEBUG] cshmd.analysis (find_bond)                                   : find_bond Ca - O rcut -> 5.2
05/25 15:48 [DEBUG] cshmd.analysis (_anal_surface_co3_adsorption)                : No 'C' in system
05/25 15:48 [DEBUG] cshmd.analysis (__detail_search_oh_co3)                      : No CO3 in basic search
05/25 15:48 [DEBUG] cshmd.analysis (__detail_search_oh_sioh)                     : Searching 'OH' in 'SiO4
05/25 15:48 [DEBUG] cshmd.analysis (__detail_search_oh_caoh)                     : Searching 'OH' in 'CaOH
05/25 15:48 [INFO] cshmd.analysis (Qn)                                           : [Structure] Q1: 0.803
05/25 15:48 [INFO] cshmd.analysis (Qn)                                           : [Structure] Q2: 0.197
05/25 15:48 [INFO] cshmd.analysis (evaluate_csh)                                 : [Structure] BT: 36, PT: 512
05/25 15:48 [DEBUG] cshmd.analysis (__init__)                                    : <class 'cshmd.analysis.Chain'> loaded
05/25 15:48 [DEBUG] cshmd.analysis (__init__)                                    : <class 'cshmd.analysis.Chain'> loaded
05/25 15:48 [DEBUG] cshmd.analysis (__init__)                                    : <class 'cshmd.analysis.Chain'> loaded
05/25 15:48 [DEBUG] cshmd.analysis (__init__)                                    : <class 'cshmd.analysis.Chain'> loaded
05/25 15:48 [INFO] cshmd.analysis (evaluate_csh)                                 : [Structure] CL : Length 2: 46 Length 5: 9
05/25 15:48 [INFO] cshmd.analysis (evaluate_csh)                                 : [Structure] MCL : 2.491
05/25 15:48 [INFO] cshmd.structure (out2info)                                    : 'L025_w2750.tmp.pkl' was created
05/25 15:48 [INFO] cshmd.structure (__init__)                                    : L030_w2750.cif was loaded
05/25 15:48 [DEBUG] cshmd.analysis (__init__)                                    : [Structure] Now new data setted for get Bonds
05/25 15:48 [DEBUG] cshmd.analysis (__del_bond__)                                : del -> Si_O O_H H_O Ca_O C_O BO NBO
05/25 15:48 [DEBUG] cshmd.analysis (__initialize_mole__)                         : initalize -> H2O SiO4 OH CO3 CO2 H3O
05/25 15:48 [DEBUG] cshmd.analysis (__initialize_mole__)                         : initalize -> SiOH CaOH HCO3 H2CO3 H3CO3
05/25 15:48 [DEBUG] cshmd.analysis (find_bond)                                   : find_bond O - H rcut -> 1.2
05/25 15:48 [DEBUG] cshmd.common (time_wrapper)                                  : [RUNTIME] get_distance_table in 6.215 seconds
05/25 15:48 [DEBUG] cshmd.analysis (get_mole)                                    : get_mole O - H -> nbonds: 2
05/25 15:48 [DEBUG] cshmd.analysis (find_bond)                                   : find_bond Si - O rcut -> 2.3
05/25 15:48 [DEBUG] cshmd.common (time_wrapper)                                  : [RUNTIME] get_distance_table in 0.569 seconds
05/25 15:48 [DEBUG] cshmd.analysis (get_mole)                                    : get_mole Si - O -> nbonds: 4
05/25 15:48 [DEBUG] cshmd.analysis (get_mole)                                    : get_mole O - H -> nbonds: 1
05/25 15:48 [DEBUG] cshmd.analysis (find_bond)                                   : find_bond C - O rcut -> 1.6
05/25 15:48 [DEBUG] cshmd.analysis (get_mole)                                    : get_mole C - O -> nbonds: 3
05/25 15:48 [DEBUG] cshmd.analysis (get_mole)                                    : get_mole O - H -> nbonds: 3
05/25 15:48 [DEBUG] cshmd.analysis (find_bond)                                   : find_bond Ca - O rcut -> 3.0
05/25 15:48 [DEBUG] cshmd.common (time_wrapper)                                  : [RUNTIME] get_distance_table in 0.717 seconds
05/25 15:48 [DEBUG] cshmd.analysis (search_basic)                                : Basic search result -> H2O: 3247, SiO4: 576, OH: 192, CO3: 0, H3O: 7, Ca_O: 4284
05/25 15:48 [DEBUG] cshmd.analysis (full_search)                                 : Search layer details
05/25 15:48 [DEBUG] cshmd.analysis (set_layer_boundary)                          : Set layer boundary -> 0.14802459417500036 - 0.4527376048249997
05/25 15:48 [DEBUG] cshmd.analysis (find_bond)                                   : find_bond Ca - O rcut -> 2.6
05/25 15:48 [DEBUG] cshmd.analysis (find_bond)                                   : find_bond Ca - O rcut -> 3.1
05/25 15:48 [DEBUG] cshmd.analysis (find_bond)                                   : find_bond Ca - O rcut -> 5.2
05/25 15:48 [DEBUG] cshmd.analysis (_anal_surface_co3_adsorption)                : No 'C' in system
05/25 15:48 [DEBUG] cshmd.analysis (__detail_search_oh_co3)                      : No CO3 in basic search
05/25 15:48 [DEBUG] cshmd.analysis (__detail_search_oh_sioh)                     : Searching 'OH' in 'SiO4
05/25 15:48 [DEBUG] cshmd.analysis (__detail_search_oh_caoh)                     : Searching 'OH' in 'CaOH
05/25 15:48 [INFO] cshmd.analysis (Qn)                                           : [Structure] Q1: 0.667
05/25 15:48 [INFO] cshmd.analysis (Qn)                                           : [Structure] Q2: 0.333
05/25 15:48 [INFO] cshmd.analysis (evaluate_csh)                                 : [Structure] BT: 64, PT: 512
05/25 15:48 [DEBUG] cshmd.analysis (__init__)                                    : <class 'cshmd.analysis.Chain'> loaded
05/25 15:48 [DEBUG] cshmd.analysis (__init__)                                    : <class 'cshmd.analysis.Chain'> loaded
05/25 15:48 [DEBUG] cshmd.analysis (__init__)                                    : <class 'cshmd.analysis.Chain'> loaded
05/25 15:48 [DEBUG] cshmd.analysis (__init__)                                    : <class 'cshmd.analysis.Chain'> loaded
05/25 15:48 [INFO] cshmd.analysis (evaluate_csh)                                 : [Structure] CL : Length 2: 32 Length 5: 16
05/25 15:48 [INFO] cshmd.analysis (evaluate_csh)                                 : [Structure] MCL : 3.000
05/25 15:48 [INFO] cshmd.structure (out2info)                                    : 'L030_w2750.tmp.pkl' was created
05/25 15:48 [INFO] cshmd.structure (__init__)                                    : L035_w2750.cif was loaded
05/25 15:48 [DEBUG] cshmd.analysis (__init__)                                    : [Structure] Now new data setted for get Bonds
05/25 15:48 [DEBUG] cshmd.analysis (__del_bond__)                                : del -> Si_O O_H H_O Ca_O C_O BO NBO
05/25 15:48 [DEBUG] cshmd.analysis (__initialize_mole__)                         : initalize -> H2O SiO4 OH CO3 CO2 H3O
05/25 15:48 [DEBUG] cshmd.analysis (__initialize_mole__)                         : initalize -> SiOH CaOH HCO3 H2CO3 H3CO3
05/25 15:48 [DEBUG] cshmd.analysis (find_bond)                                   : find_bond O - H rcut -> 1.2
05/25 15:48 [DEBUG] cshmd.common (time_wrapper)                                  : [RUNTIME] get_distance_table in 6.117 seconds
05/25 15:48 [DEBUG] cshmd.analysis (get_mole)                                    : get_mole O - H -> nbonds: 2
05/25 15:48 [DEBUG] cshmd.analysis (find_bond)                                   : find_bond Si - O rcut -> 2.3
05/25 15:48 [DEBUG] cshmd.common (time_wrapper)                                  : [RUNTIME] get_distance_table in 0.553 seconds
05/25 15:48 [DEBUG] cshmd.analysis (get_mole)                                    : get_mole Si - O -> nbonds: 4
05/25 15:48 [DEBUG] cshmd.analysis (get_mole)                                    : get_mole O - H -> nbonds: 1
05/25 15:48 [DEBUG] cshmd.analysis (find_bond)                                   : find_bond C - O rcut -> 1.6
05/25 15:48 [DEBUG] cshmd.analysis (get_mole)                                    : get_mole C - O -> nbonds: 3
05/25 15:48 [DEBUG] cshmd.analysis (get_mole)                                    : get_mole O - H -> nbonds: 3
05/25 15:48 [DEBUG] cshmd.analysis (find_bond)                                   : find_bond Ca - O rcut -> 3.0
05/25 15:48 [DEBUG] cshmd.common (time_wrapper)                                  : [RUNTIME] get_distance_table in 0.675 seconds
05/25 15:48 [DEBUG] cshmd.analysis (search_basic)                                : Basic search result -> H2O: 3242, SiO4: 596, OH: 212, CO3: 0, H3O: 12, Ca_O: 4235
05/25 15:48 [DEBUG] cshmd.analysis (full_search)                                 : Search layer details
05/25 15:48 [DEBUG] cshmd.analysis (set_layer_boundary)                          : Set layer boundary -> 0.14802459417500036 - 0.4527376048249997
05/25 15:48 [DEBUG] cshmd.analysis (find_bond)                                   : find_bond Ca - O rcut -> 2.6
05/25 15:48 [DEBUG] cshmd.analysis (find_bond)                                   : find_bond Ca - O rcut -> 3.1
05/25 15:48 [DEBUG] cshmd.analysis (find_bond)                                   : find_bond Ca - O rcut -> 5.2
05/25 15:48 [DEBUG] cshmd.analysis (_anal_surface_co3_adsorption)                : No 'C' in system
05/25 15:48 [DEBUG] cshmd.analysis (__detail_search_oh_co3)                      : No CO3 in basic search
05/25 15:48 [DEBUG] cshmd.analysis (__detail_search_oh_sioh)                     : Searching 'OH' in 'SiO4
05/25 15:48 [DEBUG] cshmd.analysis (__detail_search_oh_caoh)                     : Searching 'OH' in 'CaOH
05/25 15:48 [INFO] cshmd.analysis (Qn)                                           : [Structure] Q1: 0.577
05/25 15:48 [INFO] cshmd.analysis (Qn)                                           : [Structure] Q2: 0.423
05/25 15:48 [INFO] cshmd.analysis (evaluate_csh)                                 : [Structure] BT: 84, PT: 512
05/25 15:48 [DEBUG] cshmd.analysis (__init__)                                    : <class 'cshmd.analysis.Chain'> loaded
05/25 15:48 [DEBUG] cshmd.analysis (__init__)                                    : <class 'cshmd.analysis.Chain'> loaded
05/25 15:48 [DEBUG] cshmd.analysis (__init__)                                    : <class 'cshmd.analysis.Chain'> loaded
05/25 15:48 [DEBUG] cshmd.analysis (__init__)                                    : <class 'cshmd.analysis.Chain'> loaded
05/25 15:48 [INFO] cshmd.analysis (evaluate_csh)                                 : [Structure] CL : Length 2: 22 Length 5: 21
05/25 15:48 [INFO] cshmd.analysis (evaluate_csh)                                 : [Structure] MCL : 3.465
05/25 15:48 [INFO] cshmd.structure (out2info)                                    : 'L035_w2750.tmp.pkl' was created
05/25 15:48 [INFO] cshmd.structure (__init__)                                    : L040_w2750.cif was loaded
05/25 15:48 [DEBUG] cshmd.analysis (__init__)                                    : [Structure] Now new data setted for get Bonds
05/25 15:48 [DEBUG] cshmd.analysis (__del_bond__)                                : del -> Si_O O_H H_O Ca_O C_O BO NBO
05/25 15:48 [DEBUG] cshmd.analysis (__initialize_mole__)                         : initalize -> H2O SiO4 OH CO3 CO2 H3O
05/25 15:48 [DEBUG] cshmd.analysis (__initialize_mole__)                         : initalize -> SiOH CaOH HCO3 H2CO3 H3CO3
05/25 15:48 [DEBUG] cshmd.analysis (find_bond)                                   : find_bond O - H rcut -> 1.2
05/25 15:48 [DEBUG] cshmd.common (time_wrapper)                                  : [RUNTIME] get_distance_table in 6.466 seconds
05/25 15:48 [DEBUG] cshmd.analysis (get_mole)                                    : get_mole O - H -> nbonds: 2
05/25 15:48 [DEBUG] cshmd.analysis (find_bond)                                   : find_bond Si - O rcut -> 2.3
05/25 15:48 [DEBUG] cshmd.common (time_wrapper)                                  : [RUNTIME] get_distance_table in 0.587 seconds
05/25 15:48 [DEBUG] cshmd.analysis (get_mole)                                    : get_mole Si - O -> nbonds: 4
05/25 15:48 [DEBUG] cshmd.analysis (get_mole)                                    : get_mole O - H -> nbonds: 1
05/25 15:48 [DEBUG] cshmd.analysis (find_bond)                                   : find_bond C - O rcut -> 1.6
05/25 15:48 [DEBUG] cshmd.analysis (get_mole)                                    : get_mole C - O -> nbonds: 3
05/25 15:48 [DEBUG] cshmd.analysis (get_mole)                                    : get_mole O - H -> nbonds: 3
05/25 15:48 [DEBUG] cshmd.analysis (find_bond)                                   : find_bond Ca - O rcut -> 3.0
05/25 15:48 [DEBUG] cshmd.common (time_wrapper)                                  : [RUNTIME] get_distance_table in 0.678 seconds
05/25 15:48 [DEBUG] cshmd.analysis (search_basic)                                : Basic search result -> H2O: 3241, SiO4: 612, OH: 228, CO3: 0, H3O: 13, Ca_O: 4198
05/25 15:48 [DEBUG] cshmd.analysis (full_search)                                 : Search layer details
05/25 15:48 [DEBUG] cshmd.analysis (set_layer_boundary)                          : Set layer boundary -> 0.14802459417500036 - 0.4527376048249997
05/25 15:48 [DEBUG] cshmd.analysis (find_bond)                                   : find_bond Ca - O rcut -> 2.6
05/25 15:48 [DEBUG] cshmd.analysis (find_bond)                                   : find_bond Ca - O rcut -> 3.1
05/25 15:48 [DEBUG] cshmd.analysis (find_bond)                                   : find_bond Ca - O rcut -> 5.2
05/25 15:48 [DEBUG] cshmd.analysis (_anal_surface_co3_adsorption)                : No 'C' in system
05/25 15:48 [DEBUG] cshmd.analysis (__detail_search_oh_co3)                      : No CO3 in basic search
05/25 15:48 [DEBUG] cshmd.analysis (__detail_search_oh_sioh)                     : Searching 'OH' in 'SiO4
05/25 15:48 [DEBUG] cshmd.analysis (__detail_search_oh_caoh)                     : Searching 'OH' in 'CaOH
05/25 15:48 [INFO] cshmd.analysis (Qn)                                           : [Structure] Q1: 0.510
05/25 15:48 [INFO] cshmd.analysis (Qn)                                           : [Structure] Q2: 0.490
05/25 15:48 [INFO] cshmd.analysis (evaluate_csh)                                 : [Structure] BT: 100, PT: 512
05/25 15:48 [DEBUG] cshmd.analysis (__init__)                                    : <class 'cshmd.analysis.Chain'> loaded
05/25 15:48 [DEBUG] cshmd.analysis (__init__)                                    : <class 'cshmd.analysis.Chain'> loaded
05/25 15:48 [DEBUG] cshmd.analysis (__init__)                                    : <class 'cshmd.analysis.Chain'> loaded
05/25 15:48 [DEBUG] cshmd.analysis (__init__)                                    : <class 'cshmd.analysis.Chain'> loaded
05/25 15:48 [INFO] cshmd.analysis (evaluate_csh)                                 : [Structure] CL : Length 2: 14 Length 5: 25
05/25 15:48 [INFO] cshmd.analysis (evaluate_csh)                                 : [Structure] MCL : 3.923
05/25 15:48 [INFO] cshmd.structure (out2info)                                    : 'L040_w2750.tmp.pkl' was created
05/25 15:48 [INFO] cshmd.structure (__init__)                                    : L045_w2750.cif was loaded
05/25 15:48 [DEBUG] cshmd.analysis (__init__)                                    : [Structure] Now new data setted for get Bonds
05/25 15:48 [DEBUG] cshmd.analysis (__del_bond__)                                : del -> Si_O O_H H_O Ca_O C_O BO NBO
05/25 15:48 [DEBUG] cshmd.analysis (__initialize_mole__)                         : initalize -> H2O SiO4 OH CO3 CO2 H3O
05/25 15:48 [DEBUG] cshmd.analysis (__initialize_mole__)                         : initalize -> SiOH CaOH HCO3 H2CO3 H3CO3
05/25 15:48 [DEBUG] cshmd.analysis (find_bond)                                   : find_bond O - H rcut -> 1.2
05/25 15:48 [DEBUG] cshmd.common (time_wrapper)                                  : [RUNTIME] get_distance_table in 6.335 seconds
05/25 15:48 [DEBUG] cshmd.analysis (get_mole)                                    : get_mole O - H -> nbonds: 2
05/25 15:48 [DEBUG] cshmd.analysis (find_bond)                                   : find_bond Si - O rcut -> 2.3
05/25 15:48 [DEBUG] cshmd.common (time_wrapper)                                  : [RUNTIME] get_distance_table in 0.596 seconds
05/25 15:48 [DEBUG] cshmd.analysis (get_mole)                                    : get_mole Si - O -> nbonds: 4
05/25 15:48 [DEBUG] cshmd.analysis (get_mole)                                    : get_mole O - H -> nbonds: 1
05/25 15:48 [DEBUG] cshmd.analysis (find_bond)                                   : find_bond C - O rcut -> 1.6
05/25 15:48 [DEBUG] cshmd.analysis (get_mole)                                    : get_mole C - O -> nbonds: 3
05/25 15:48 [DEBUG] cshmd.analysis (get_mole)                                    : get_mole O - H -> nbonds: 3
05/25 15:48 [DEBUG] cshmd.analysis (find_bond)                                   : find_bond Ca - O rcut -> 3.0
05/25 15:48 [DEBUG] cshmd.common (time_wrapper)                                  : [RUNTIME] get_distance_table in 0.648 seconds
05/25 15:48 [DEBUG] cshmd.analysis (search_basic)                                : Basic search result -> H2O: 3238, SiO4: 628, OH: 244, CO3: 0, H3O: 16, Ca_O: 4163
05/25 15:48 [DEBUG] cshmd.analysis (full_search)                                 : Search layer details
05/25 15:48 [DEBUG] cshmd.analysis (set_layer_boundary)                          : Set layer boundary -> 0.14802459417500036 - 0.4527376048249997
05/25 15:48 [DEBUG] cshmd.analysis (find_bond)                                   : find_bond Ca - O rcut -> 2.6
05/25 15:48 [DEBUG] cshmd.analysis (find_bond)                                   : find_bond Ca - O rcut -> 3.1
05/25 15:48 [DEBUG] cshmd.analysis (find_bond)                                   : find_bond Ca - O rcut -> 5.2
05/25 15:48 [DEBUG] cshmd.analysis (_anal_surface_co3_adsorption)                : No 'C' in system
05/25 15:48 [DEBUG] cshmd.analysis (__detail_search_oh_co3)                      : No CO3 in basic search
05/25 15:48 [DEBUG] cshmd.analysis (__detail_search_oh_sioh)                     : Searching 'OH' in 'SiO4
05/25 15:48 [DEBUG] cshmd.analysis (__detail_search_oh_caoh)                     : Searching 'OH' in 'CaOH
05/25 15:48 [INFO] cshmd.analysis (Qn)                                           : [Structure] Q1: 0.446
05/25 15:48 [INFO] cshmd.analysis (Qn)                                           : [Structure] Q2: 0.554
05/25 15:48 [INFO] cshmd.analysis (evaluate_csh)                                 : [Structure] BT: 116, PT: 512
05/25 15:48 [DEBUG] cshmd.analysis (__init__)                                    : <class 'cshmd.analysis.Chain'> loaded
05/25 15:48 [DEBUG] cshmd.analysis (__init__)                                    : <class 'cshmd.analysis.Chain'> loaded
05/25 15:48 [DEBUG] cshmd.analysis (__init__)                                    : <class 'cshmd.analysis.Chain'> loaded
05/25 15:48 [DEBUG] cshmd.analysis (__init__)                                    : <class 'cshmd.analysis.Chain'> loaded
05/25 15:48 [INFO] cshmd.analysis (evaluate_csh)                                 : [Structure] CL : Length 2: 10 Length 5: 21 Length 8: 4
05/25 15:48 [INFO] cshmd.analysis (evaluate_csh)                                 : [Structure] MCL : 4.486
05/25 15:48 [INFO] cshmd.structure (out2info)                                    : 'L045_w2750.tmp.pkl' was created
05/25 15:48 [INFO] cshmd.structure (__init__)                                    : L050_w2750.cif was loaded
05/25 15:48 [DEBUG] cshmd.analysis (__init__)                                    : [Structure] Now new data setted for get Bonds
05/25 15:48 [DEBUG] cshmd.analysis (__del_bond__)                                : del -> Si_O O_H H_O Ca_O C_O BO NBO
05/25 15:48 [DEBUG] cshmd.analysis (__initialize_mole__)                         : initalize -> H2O SiO4 OH CO3 CO2 H3O
05/25 15:48 [DEBUG] cshmd.analysis (__initialize_mole__)                         : initalize -> SiOH CaOH HCO3 H2CO3 H3CO3
05/25 15:48 [DEBUG] cshmd.analysis (find_bond)                                   : find_bond O - H rcut -> 1.2
05/25 15:48 [DEBUG] cshmd.common (time_wrapper)                                  : [RUNTIME] get_distance_table in 6.633 seconds
05/25 15:48 [DEBUG] cshmd.analysis (get_mole)                                    : get_mole O - H -> nbonds: 2
05/25 15:48 [DEBUG] cshmd.analysis (find_bond)                                   : find_bond Si - O rcut -> 2.3
05/25 15:48 [DEBUG] cshmd.common (time_wrapper)                                  : [RUNTIME] get_distance_table in 0.591 seconds
05/25 15:48 [DEBUG] cshmd.analysis (get_mole)                                    : get_mole Si - O -> nbonds: 4
05/25 15:48 [DEBUG] cshmd.analysis (get_mole)                                    : get_mole O - H -> nbonds: 1
05/25 15:48 [DEBUG] cshmd.analysis (find_bond)                                   : find_bond C - O rcut -> 1.6
05/25 15:48 [DEBUG] cshmd.analysis (get_mole)                                    : get_mole C - O -> nbonds: 3
05/25 15:48 [DEBUG] cshmd.analysis (get_mole)                                    : get_mole O - H -> nbonds: 3
05/25 15:48 [DEBUG] cshmd.analysis (find_bond)                                   : find_bond Ca - O rcut -> 3.0
05/25 15:48 [DEBUG] cshmd.common (time_wrapper)                                  : [RUNTIME] get_distance_table in 0.645 seconds
05/25 15:48 [DEBUG] cshmd.analysis (search_basic)                                : Basic search result -> H2O: 3236, SiO4: 640, OH: 256, CO3: 0, H3O: 18, Ca_O: 4131
05/25 15:48 [DEBUG] cshmd.analysis (full_search)                                 : Search layer details
05/25 15:48 [DEBUG] cshmd.analysis (set_layer_boundary)                          : Set layer boundary -> 0.14802459417500036 - 0.4527376048249997
05/25 15:48 [DEBUG] cshmd.analysis (find_bond)                                   : find_bond Ca - O rcut -> 2.6
05/25 15:48 [DEBUG] cshmd.analysis (find_bond)                                   : find_bond Ca - O rcut -> 3.1
05/25 15:48 [DEBUG] cshmd.analysis (find_bond)                                   : find_bond Ca - O rcut -> 5.2
05/25 15:48 [DEBUG] cshmd.analysis (_anal_surface_co3_adsorption)                : No 'C' in system
05/25 15:48 [DEBUG] cshmd.analysis (__detail_search_oh_co3)                      : No CO3 in basic search
05/25 15:48 [DEBUG] cshmd.analysis (__detail_search_oh_sioh)                     : Searching 'OH' in 'SiO4
05/25 15:48 [DEBUG] cshmd.analysis (__detail_search_oh_caoh)                     : Searching 'OH' in 'CaOH
05/25 15:48 [INFO] cshmd.analysis (Qn)                                           : [Structure] Q1: 0.400
05/25 15:48 [INFO] cshmd.analysis (Qn)                                           : [Structure] Q2: 0.600
05/25 15:48 [INFO] cshmd.analysis (evaluate_csh)                                 : [Structure] BT: 128, PT: 512
05/25 15:48 [DEBUG] cshmd.analysis (__init__)                                    : <class 'cshmd.analysis.Chain'> loaded
05/25 15:48 [DEBUG] cshmd.analysis (__init__)                                    : <class 'cshmd.analysis.Chain'> loaded
05/25 15:48 [DEBUG] cshmd.analysis (__init__)                                    : <class 'cshmd.analysis.Chain'> loaded
05/25 15:48 [DEBUG] cshmd.analysis (__init__)                                    : <class 'cshmd.analysis.Chain'> loaded
05/25 15:48 [INFO] cshmd.analysis (evaluate_csh)                                 : [Structure] CL : Length 2: 8 Length 5: 16 Length 8: 8
05/25 15:48 [INFO] cshmd.analysis (evaluate_csh)                                 : [Structure] MCL : 5.000
05/25 15:48 [INFO] cshmd.structure (out2info)                                    : 'L050_w2750.tmp.pkl' was created
05/25 15:48 [INFO] cshmd.structure (__init__)                                    : L060_w2750.cif was loaded
05/25 15:48 [DEBUG] cshmd.analysis (__init__)                                    : [Structure] Now new data setted for get Bonds
05/25 15:48 [DEBUG] cshmd.analysis (__del_bond__)                                : del -> Si_O O_H H_O Ca_O C_O BO NBO
05/25 15:48 [DEBUG] cshmd.analysis (__initialize_mole__)                         : initalize -> H2O SiO4 OH CO3 CO2 H3O
05/25 15:48 [DEBUG] cshmd.analysis (__initialize_mole__)                         : initalize -> SiOH CaOH HCO3 H2CO3 H3CO3
05/25 15:48 [DEBUG] cshmd.analysis (find_bond)                                   : find_bond O - H rcut -> 1.2
05/25 15:48 [DEBUG] cshmd.common (time_wrapper)                                  : [RUNTIME] get_distance_table in 6.323 seconds
05/25 15:48 [DEBUG] cshmd.analysis (get_mole)                                    : get_mole O - H -> nbonds: 2
05/25 15:48 [DEBUG] cshmd.analysis (find_bond)                                   : find_bond Si - O rcut -> 2.3
05/25 15:48 [DEBUG] cshmd.common (time_wrapper)                                  : [RUNTIME] get_distance_table in 0.622 seconds
05/25 15:48 [DEBUG] cshmd.analysis (get_mole)                                    : get_mole Si - O -> nbonds: 4
05/25 15:48 [DEBUG] cshmd.analysis (get_mole)                                    : get_mole O - H -> nbonds: 1
05/25 15:48 [DEBUG] cshmd.analysis (find_bond)                                   : find_bond C - O rcut -> 1.6
05/25 15:48 [DEBUG] cshmd.analysis (get_mole)                                    : get_mole C - O -> nbonds: 3
05/25 15:48 [DEBUG] cshmd.analysis (get_mole)                                    : get_mole O - H -> nbonds: 3
05/25 15:48 [DEBUG] cshmd.analysis (find_bond)                                   : find_bond Ca - O rcut -> 3.0
05/25 15:48 [DEBUG] cshmd.common (time_wrapper)                                  : [RUNTIME] get_distance_table in 0.633 seconds
05/25 15:48 [DEBUG] cshmd.analysis (search_basic)                                : Basic search result -> H2O: 3236, SiO4: 656, OH: 272, CO3: 0, H3O: 18, Ca_O: 4096
05/25 15:48 [DEBUG] cshmd.analysis (full_search)                                 : Search layer details
05/25 15:48 [DEBUG] cshmd.analysis (set_layer_boundary)                          : Set layer boundary -> 0.14802459417500036 - 0.4527376048249997
05/25 15:48 [DEBUG] cshmd.analysis (find_bond)                                   : find_bond Ca - O rcut -> 2.6
05/25 15:48 [DEBUG] cshmd.analysis (find_bond)                                   : find_bond Ca - O rcut -> 3.1
05/25 15:48 [DEBUG] cshmd.analysis (find_bond)                                   : find_bond Ca - O rcut -> 5.2
05/25 15:48 [DEBUG] cshmd.analysis (_anal_surface_co3_adsorption)                : No 'C' in system
05/25 15:48 [DEBUG] cshmd.analysis (__detail_search_oh_co3)                      : No CO3 in basic search
05/25 15:48 [DEBUG] cshmd.analysis (__detail_search_oh_sioh)                     : Searching 'OH' in 'SiO4
05/25 15:48 [DEBUG] cshmd.analysis (__detail_search_oh_caoh)                     : Searching 'OH' in 'CaOH
05/25 15:48 [INFO] cshmd.analysis (Qn)                                           : [Structure] Q1: 0.341
05/25 15:48 [INFO] cshmd.analysis (Qn)                                           : [Structure] Q2: 0.659
05/25 15:48 [INFO] cshmd.analysis (evaluate_csh)                                 : [Structure] BT: 144, PT: 512
05/25 15:48 [DEBUG] cshmd.analysis (__init__)                                    : <class 'cshmd.analysis.Chain'> loaded
05/25 15:48 [DEBUG] cshmd.analysis (__init__)                                    : <class 'cshmd.analysis.Chain'> loaded
05/25 15:48 [DEBUG] cshmd.analysis (__init__)                                    : <class 'cshmd.analysis.Chain'> loaded
05/25 15:48 [DEBUG] cshmd.analysis (__init__)                                    : <class 'cshmd.analysis.Chain'> loaded
05/25 15:48 [INFO] cshmd.analysis (evaluate_csh)                                 : [Structure] CL : Length 2: 6 Length 5: 9 Length 8: 12 Length 11: 1
05/25 15:48 [INFO] cshmd.analysis (evaluate_csh)                                 : [Structure] MCL : 5.857
05/25 15:48 [INFO] cshmd.structure (out2info)                                    : 'L060_w2750.tmp.pkl' was created
05/25 15:48 [INFO] cshmd.structure (__init__)                                    : L070_w2750.cif was loaded
05/25 15:48 [DEBUG] cshmd.analysis (__init__)                                    : [Structure] Now new data setted for get Bonds
05/25 15:48 [DEBUG] cshmd.analysis (__del_bond__)                                : del -> Si_O O_H H_O Ca_O C_O BO NBO
05/25 15:48 [DEBUG] cshmd.analysis (__initialize_mole__)                         : initalize -> H2O SiO4 OH CO3 CO2 H3O
05/25 15:48 [DEBUG] cshmd.analysis (__initialize_mole__)                         : initalize -> SiOH CaOH HCO3 H2CO3 H3CO3
05/25 15:48 [DEBUG] cshmd.analysis (find_bond)                                   : find_bond O - H rcut -> 1.2
05/25 15:49 [DEBUG] cshmd.common (time_wrapper)                                  : [RUNTIME] get_distance_table in 6.444 seconds
05/25 15:49 [DEBUG] cshmd.analysis (get_mole)                                    : get_mole O - H -> nbonds: 2
05/25 15:49 [DEBUG] cshmd.analysis (find_bond)                                   : find_bond Si - O rcut -> 2.3
05/25 15:49 [DEBUG] cshmd.common (time_wrapper)                                  : [RUNTIME] get_distance_table in 0.650 seconds
05/25 15:49 [DEBUG] cshmd.analysis (get_mole)                                    : get_mole Si - O -> nbonds: 4
05/25 15:49 [DEBUG] cshmd.analysis (get_mole)                                    : get_mole O - H -> nbonds: 1
05/25 15:49 [DEBUG] cshmd.analysis (find_bond)                                   : find_bond C - O rcut -> 1.6
05/25 15:49 [DEBUG] cshmd.analysis (get_mole)                                    : get_mole C - O -> nbonds: 3
05/25 15:49 [DEBUG] cshmd.analysis (get_mole)                                    : get_mole O - H -> nbonds: 3
05/25 15:49 [DEBUG] cshmd.analysis (find_bond)                                   : find_bond Ca - O rcut -> 3.0
05/25 15:49 [DEBUG] cshmd.common (time_wrapper)                                  : [RUNTIME] get_distance_table in 0.600 seconds
05/25 15:49 [DEBUG] cshmd.analysis (search_basic)                                : Basic search result -> H2O: 3235, SiO4: 672, OH: 288, CO3: 0, H3O: 19, Ca_O: 4058
05/25 15:49 [DEBUG] cshmd.analysis (full_search)                                 : Search layer details
05/25 15:49 [DEBUG] cshmd.analysis (set_layer_boundary)                          : Set layer boundary -> 0.14802459417500036 - 0.4527376048249997
05/25 15:49 [DEBUG] cshmd.analysis (find_bond)                                   : find_bond Ca - O rcut -> 2.6
05/25 15:49 [DEBUG] cshmd.analysis (find_bond)                                   : find_bond Ca - O rcut -> 3.1
05/25 15:49 [DEBUG] cshmd.analysis (find_bond)                                   : find_bond Ca - O rcut -> 5.2
05/25 15:49 [DEBUG] cshmd.analysis (_anal_surface_co3_adsorption)                : No 'C' in system
05/25 15:49 [DEBUG] cshmd.analysis (__detail_search_oh_co3)                      : No CO3 in basic search
05/25 15:49 [DEBUG] cshmd.analysis (__detail_search_oh_sioh)                     : Searching 'OH' in 'SiO4
05/25 15:49 [DEBUG] cshmd.analysis (__detail_search_oh_caoh)                     : Searching 'OH' in 'CaOH
05/25 15:49 [INFO] cshmd.analysis (Qn)                                           : [Structure] Q1: 0.286
05/25 15:49 [INFO] cshmd.analysis (Qn)                                           : [Structure] Q2: 0.714
05/25 15:49 [INFO] cshmd.analysis (evaluate_csh)                                 : [Structure] BT: 160, PT: 512
05/25 15:49 [DEBUG] cshmd.analysis (__init__)                                    : <class 'cshmd.analysis.Chain'> loaded
05/25 15:49 [DEBUG] cshmd.analysis (__init__)                                    : <class 'cshmd.analysis.Chain'> loaded
05/25 15:49 [DEBUG] cshmd.analysis (__init__)                                    : <class 'cshmd.analysis.Chain'> loaded
05/25 15:49 [DEBUG] cshmd.analysis (__init__)                                    : <class 'cshmd.analysis.Chain'> loaded
05/25 15:49 [INFO] cshmd.analysis (evaluate_csh)                                 : [Structure] CL : Length 2: 2 Length 5: 7 Length 8: 12 Length 11: 3
05/25 15:49 [INFO] cshmd.analysis (evaluate_csh)                                 : [Structure] MCL : 7.000
05/25 15:49 [INFO] cshmd.structure (out2info)                                    : 'L070_w2750.tmp.pkl' was created
05/25 15:49 [INFO] cshmd.structure (__init__)                                    : L080_w2750.cif was loaded
05/25 15:49 [DEBUG] cshmd.analysis (__init__)                                    : [Structure] Now new data setted for get Bonds
05/25 15:49 [DEBUG] cshmd.analysis (__del_bond__)                                : del -> Si_O O_H H_O Ca_O C_O BO NBO
05/25 15:49 [DEBUG] cshmd.analysis (__initialize_mole__)                         : initalize -> H2O SiO4 OH CO3 CO2 H3O
05/25 15:49 [DEBUG] cshmd.analysis (__initialize_mole__)                         : initalize -> SiOH CaOH HCO3 H2CO3 H3CO3
05/25 15:49 [DEBUG] cshmd.analysis (find_bond)                                   : find_bond O - H rcut -> 1.2
05/25 15:49 [DEBUG] cshmd.common (time_wrapper)                                  : [RUNTIME] get_distance_table in 6.651 seconds
05/25 15:49 [DEBUG] cshmd.analysis (get_mole)                                    : get_mole O - H -> nbonds: 2
05/25 15:49 [DEBUG] cshmd.analysis (find_bond)                                   : find_bond Si - O rcut -> 2.3
05/25 15:49 [DEBUG] cshmd.common (time_wrapper)                                  : [RUNTIME] get_distance_table in 0.653 seconds
05/25 15:49 [DEBUG] cshmd.analysis (get_mole)                                    : get_mole Si - O -> nbonds: 4
05/25 15:49 [DEBUG] cshmd.analysis (get_mole)                                    : get_mole O - H -> nbonds: 1
05/25 15:49 [DEBUG] cshmd.analysis (find_bond)                                   : find_bond C - O rcut -> 1.6
05/25 15:49 [DEBUG] cshmd.analysis (get_mole)                                    : get_mole C - O -> nbonds: 3
05/25 15:49 [DEBUG] cshmd.analysis (get_mole)                                    : get_mole O - H -> nbonds: 3
05/25 15:49 [DEBUG] cshmd.analysis (find_bond)                                   : find_bond Ca - O rcut -> 3.0
05/25 15:49 [DEBUG] cshmd.common (time_wrapper)                                  : [RUNTIME] get_distance_table in 0.597 seconds
05/25 15:49 [DEBUG] cshmd.analysis (search_basic)                                : Basic search result -> H2O: 3233, SiO4: 680, OH: 296, CO3: 0, H3O: 21, Ca_O: 4041
05/25 15:49 [DEBUG] cshmd.analysis (full_search)                                 : Search layer details
05/25 15:49 [DEBUG] cshmd.analysis (set_layer_boundary)                          : Set layer boundary -> 0.14802459417500036 - 0.4527376048249997
05/25 15:49 [DEBUG] cshmd.analysis (find_bond)                                   : find_bond Ca - O rcut -> 2.6
05/25 15:49 [DEBUG] cshmd.analysis (find_bond)                                   : find_bond Ca - O rcut -> 3.1
05/25 15:49 [DEBUG] cshmd.analysis (find_bond)                                   : find_bond Ca - O rcut -> 5.2
05/25 15:49 [DEBUG] cshmd.analysis (_anal_surface_co3_adsorption)                : No 'C' in system
05/25 15:49 [DEBUG] cshmd.analysis (__detail_search_oh_co3)                      : No CO3 in basic search
05/25 15:49 [DEBUG] cshmd.analysis (__detail_search_oh_sioh)                     : Searching 'OH' in 'SiO4
05/25 15:49 [DEBUG] cshmd.analysis (__detail_search_oh_caoh)                     : Searching 'OH' in 'CaOH
05/25 15:49 [INFO] cshmd.analysis (Qn)                                           : [Structure] Q1: 0.259
05/25 15:49 [INFO] cshmd.analysis (Qn)                                           : [Structure] Q2: 0.741
05/25 15:49 [INFO] cshmd.analysis (evaluate_csh)                                 : [Structure] BT: 168, PT: 512
05/25 15:49 [DEBUG] cshmd.analysis (__init__)                                    : <class 'cshmd.analysis.Chain'> loaded
05/25 15:49 [DEBUG] cshmd.analysis (__init__)                                    : <class 'cshmd.analysis.Chain'> loaded
05/25 15:49 [DEBUG] cshmd.analysis (__init__)                                    : <class 'cshmd.analysis.Chain'> loaded
05/25 15:49 [DEBUG] cshmd.analysis (__init__)                                    : <class 'cshmd.analysis.Chain'> loaded
05/25 15:49 [INFO] cshmd.analysis (evaluate_csh)                                 : [Structure] CL : Length 2: 2 Length 5: 4 Length 8: 10 Length 11: 6
05/25 15:49 [INFO] cshmd.analysis (evaluate_csh)                                 : [Structure] MCL : 7.727
05/25 15:49 [INFO] cshmd.structure (out2info)                                    : 'L080_w2750.tmp.pkl' was created
05/25 15:49 [INFO] cshmd.structure (__init__)                                    : L100_w2750.cif was loaded
05/25 15:49 [DEBUG] cshmd.analysis (__init__)                                    : [Structure] Now new data setted for get Bonds
05/25 15:49 [DEBUG] cshmd.analysis (__del_bond__)                                : del -> Si_O O_H H_O Ca_O C_O BO NBO
05/25 15:49 [DEBUG] cshmd.analysis (__initialize_mole__)                         : initalize -> H2O SiO4 OH CO3 CO2 H3O
05/25 15:49 [DEBUG] cshmd.analysis (__initialize_mole__)                         : initalize -> SiOH CaOH HCO3 H2CO3 H3CO3
05/25 15:49 [DEBUG] cshmd.analysis (find_bond)                                   : find_bond O - H rcut -> 1.2
05/25 15:49 [DEBUG] cshmd.common (time_wrapper)                                  : [RUNTIME] get_distance_table in 6.607 seconds
05/25 15:49 [DEBUG] cshmd.analysis (get_mole)                                    : get_mole O - H -> nbonds: 2
05/25 15:49 [DEBUG] cshmd.analysis (find_bond)                                   : find_bond Si - O rcut -> 2.3
05/25 15:49 [DEBUG] cshmd.common (time_wrapper)                                  : [RUNTIME] get_distance_table in 0.696 seconds
05/25 15:49 [DEBUG] cshmd.analysis (get_mole)                                    : get_mole Si - O -> nbonds: 4
05/25 15:49 [DEBUG] cshmd.analysis (get_mole)                                    : get_mole O - H -> nbonds: 1
05/25 15:49 [DEBUG] cshmd.analysis (find_bond)                                   : find_bond C - O rcut -> 1.6
05/25 15:49 [DEBUG] cshmd.analysis (get_mole)                                    : get_mole C - O -> nbonds: 3
05/25 15:49 [DEBUG] cshmd.analysis (get_mole)                                    : get_mole O - H -> nbonds: 3
05/25 15:49 [DEBUG] cshmd.analysis (find_bond)                                   : find_bond Ca - O rcut -> 3.0
05/25 15:49 [DEBUG] cshmd.common (time_wrapper)                                  : [RUNTIME] get_distance_table in 0.604 seconds
05/25 15:49 [DEBUG] cshmd.analysis (search_basic)                                : Basic search result -> H2O: 3233, SiO4: 696, OH: 312, CO3: 0, H3O: 21, Ca_O: 4005
05/25 15:49 [DEBUG] cshmd.analysis (full_search)                                 : Search layer details
05/25 15:49 [DEBUG] cshmd.analysis (set_layer_boundary)                          : Set layer boundary -> 0.14802459417500036 - 0.4527376048249997
05/25 15:49 [DEBUG] cshmd.analysis (find_bond)                                   : find_bond Ca - O rcut -> 2.6
05/25 15:49 [DEBUG] cshmd.analysis (find_bond)                                   : find_bond Ca - O rcut -> 3.1
05/25 15:49 [DEBUG] cshmd.analysis (find_bond)                                   : find_bond Ca - O rcut -> 5.2
05/25 15:49 [DEBUG] cshmd.analysis (_anal_surface_co3_adsorption)                : No 'C' in system
05/25 15:49 [DEBUG] cshmd.analysis (__detail_search_oh_co3)                      : No CO3 in basic search
05/25 15:49 [DEBUG] cshmd.analysis (__detail_search_oh_sioh)                     : Searching 'OH' in 'SiO4
05/25 15:49 [DEBUG] cshmd.analysis (__detail_search_oh_caoh)                     : Searching 'OH' in 'CaOH
05/25 15:49 [INFO] cshmd.analysis (Qn)                                           : [Structure] Q1: 0.207
05/25 15:49 [INFO] cshmd.analysis (Qn)                                           : [Structure] Q2: 0.793
05/25 15:49 [INFO] cshmd.analysis (evaluate_csh)                                 : [Structure] BT: 184, PT: 512
05/25 15:49 [DEBUG] cshmd.analysis (__init__)                                    : <class 'cshmd.analysis.Chain'> loaded
05/25 15:49 [DEBUG] cshmd.analysis (__init__)                                    : <class 'cshmd.analysis.Chain'> loaded
05/25 15:49 [DEBUG] cshmd.analysis (__init__)                                    : <class 'cshmd.analysis.Chain'> loaded
05/25 15:49 [DEBUG] cshmd.analysis (__init__)                                    : <class 'cshmd.analysis.Chain'> loaded
05/25 15:49 [INFO] cshmd.analysis (evaluate_csh)                                 : [Structure] CL : Length 2: 1 Length 5: 2 Length 8: 5 Length 11: 6 Length 14: 4
05/25 15:49 [INFO] cshmd.analysis (evaluate_csh)                                 : [Structure] MCL : 9.667
05/25 15:49 [INFO] cshmd.structure (out2info)                                    : 'L100_w2750.tmp.pkl' was created
05/25 15:49 [INFO] cshmd.structure (__init__)                                    : L120_w2750.cif was loaded
05/25 15:49 [DEBUG] cshmd.analysis (__init__)                                    : [Structure] Now new data setted for get Bonds
05/25 15:49 [DEBUG] cshmd.analysis (__del_bond__)                                : del -> Si_O O_H H_O Ca_O C_O BO NBO
05/25 15:49 [DEBUG] cshmd.analysis (__initialize_mole__)                         : initalize -> H2O SiO4 OH CO3 CO2 H3O
05/25 15:49 [DEBUG] cshmd.analysis (__initialize_mole__)                         : initalize -> SiOH CaOH HCO3 H2CO3 H3CO3
05/25 15:49 [DEBUG] cshmd.analysis (find_bond)                                   : find_bond O - H rcut -> 1.2
05/25 15:49 [DEBUG] cshmd.common (time_wrapper)                                  : [RUNTIME] get_distance_table in 6.710 seconds
05/25 15:49 [DEBUG] cshmd.analysis (get_mole)                                    : get_mole O - H -> nbonds: 2
05/25 15:49 [DEBUG] cshmd.analysis (find_bond)                                   : find_bond Si - O rcut -> 2.3
05/25 15:49 [DEBUG] cshmd.common (time_wrapper)                                  : [RUNTIME] get_distance_table in 0.813 seconds
05/25 15:49 [DEBUG] cshmd.analysis (get_mole)                                    : get_mole Si - O -> nbonds: 4
05/25 15:49 [DEBUG] cshmd.analysis (get_mole)                                    : get_mole O - H -> nbonds: 1
05/25 15:49 [DEBUG] cshmd.analysis (find_bond)                                   : find_bond C - O rcut -> 1.6
05/25 15:49 [DEBUG] cshmd.analysis (get_mole)                                    : get_mole C - O -> nbonds: 3
05/25 15:49 [DEBUG] cshmd.analysis (get_mole)                                    : get_mole O - H -> nbonds: 3
05/25 15:49 [DEBUG] cshmd.analysis (find_bond)                                   : find_bond Ca - O rcut -> 3.0
05/25 15:49 [DEBUG] cshmd.common (time_wrapper)                                  : [RUNTIME] get_distance_table in 0.649 seconds
05/25 15:49 [DEBUG] cshmd.analysis (search_basic)                                : Basic search result -> H2O: 3232, SiO4: 708, OH: 324, CO3: 0, H3O: 22, Ca_O: 3979
05/25 15:49 [DEBUG] cshmd.analysis (full_search)                                 : Search layer details
05/25 15:49 [DEBUG] cshmd.analysis (set_layer_boundary)                          : Set layer boundary -> 0.14802459417500036 - 0.4527376048249997
05/25 15:49 [DEBUG] cshmd.analysis (find_bond)                                   : find_bond Ca - O rcut -> 2.6
05/25 15:49 [DEBUG] cshmd.analysis (find_bond)                                   : find_bond Ca - O rcut -> 3.1
05/25 15:49 [DEBUG] cshmd.analysis (find_bond)                                   : find_bond Ca - O rcut -> 5.2
05/25 15:49 [DEBUG] cshmd.analysis (_anal_surface_co3_adsorption)                : No 'C' in system
05/25 15:49 [DEBUG] cshmd.analysis (__detail_search_oh_co3)                      : No CO3 in basic search
05/25 15:49 [DEBUG] cshmd.analysis (__detail_search_oh_sioh)                     : Searching 'OH' in 'SiO4
05/25 15:49 [DEBUG] cshmd.analysis (__detail_search_oh_caoh)                     : Searching 'OH' in 'CaOH
05/25 15:49 [INFO] cshmd.analysis (Qn)                                           : [Structure] Q1: 0.169
05/25 15:49 [INFO] cshmd.analysis (Qn)                                           : [Structure] Q2: 0.831
05/25 15:49 [INFO] cshmd.analysis (evaluate_csh)                                 : [Structure] BT: 196, PT: 512
05/25 15:49 [DEBUG] cshmd.analysis (__init__)                                    : <class 'cshmd.analysis.Chain'> loaded
05/25 15:49 [DEBUG] cshmd.analysis (__init__)                                    : <class 'cshmd.analysis.Chain'> loaded
05/25 15:49 [DEBUG] cshmd.analysis (__init__)                                    : <class 'cshmd.analysis.Chain'> loaded
05/25 15:49 [DEBUG] cshmd.analysis (__init__)                                    : <class 'cshmd.analysis.Chain'> loaded
05/25 15:49 [INFO] cshmd.analysis (evaluate_csh)                                 : [Structure] CL : Length 5: 1 Length 8: 1 Length 11: 10 Length 14: 1 Length 17: 1 Length 23: 1
05/25 15:49 [INFO] cshmd.analysis (evaluate_csh)                                 : [Structure] MCL : 11.800
05/25 15:49 [INFO] cshmd.structure (out2info)                                    : 'L120_w2750.tmp.pkl' was created
05/25 15:50 [DEBUG] cshmd.common (get_logger)                                    : $$$$$$$$$$$$$$  Logger 'cshmd.common........' initialized  $$$$$$$$$$$$$$
05/25 15:50 [DEBUG] cshmd.functions (get_logger)                                 : $$$$$$$$$$$$$$  Logger 'cshmd.functions.....' initialized  $$$$$$$$$$$$$$
05/25 15:50 [DEBUG] cshmd.load (get_logger)                                      : $$$$$$$$$$$$$$  Logger 'cshmd.load..........' initialized  $$$$$$$$$$$$$$
05/25 15:50 [DEBUG] cshmd.analysis (get_logger)                                  : $$$$$$$$$$$$$$  Logger 'cshmd.analysis......' initialized  $$$$$$$$$$$$$$
05/25 15:50 [DEBUG] cshmd.equation (get_logger)                                  : $$$$$$$$$$$$$$  Logger 'cshmd.equation......' initialized  $$$$$$$$$$$$$$
05/25 15:50 [DEBUG] cshmd.structure (get_logger)                                 : $$$$$$$$$$$$$$  Logger 'cshmd.structure.....' initialized  $$$$$$$$$$$$$$
05/25 15:50 [DEBUG] cshmd.builder (get_logger)                                   : $$$$$$$$$$$$$$  Logger 'cshmd.builder.......' initialized  $$$$$$$$$$$$$$
05/25 15:50 [DEBUG] cshmd.trj_analysis (get_logger)                              : $$$$$$$$$$$$$$  Logger 'cshmd.trj_analysis..' initialized  $$$$$$$$$$$$$$
05/25 15:50 [DEBUG] cif_modifier (get_logger)                                    : $$$$$$$$$$$$$$  Logger 'cif_modifier........' initialized  $$$$$$$$$$$$$$
05/25 15:50 [INFO] cif_modifier (<module>)                                       : Logger loaded
05/25 15:50 [INFO] cshmd.structure (__init__)                                    : L020.cif was loaded
05/25 15:50 [DEBUG] cshmd.analysis (__init__)                                    : [Structure] Now new data setted for get Bonds
05/25 15:50 [DEBUG] cshmd.analysis (__del_bond__)                                : del -> Si_O O_H H_O Ca_O C_O BO NBO
05/25 15:50 [DEBUG] cshmd.analysis (__initialize_mole__)                         : initalize -> H2O SiO4 OH CO3 CO2 H3O
05/25 15:50 [DEBUG] cshmd.analysis (__initialize_mole__)                         : initalize -> SiOH CaOH HCO3 H2CO3 H3CO3
05/25 15:50 [DEBUG] cshmd.analysis (find_bond)                                   : find_bond O - H rcut -> 1.2
05/25 15:50 [DEBUG] cshmd.common (time_wrapper)                                  : [RUNTIME] get_distance_table in 0.550 seconds
05/25 15:50 [DEBUG] cshmd.analysis (get_mole)                                    : get_mole O - H -> nbonds: 2
05/25 15:50 [DEBUG] cshmd.analysis (find_bond)                                   : find_bond Si - O rcut -> 2.3
05/25 15:50 [DEBUG] cshmd.common (time_wrapper)                                  : [RUNTIME] get_distance_table in 0.239 seconds
05/25 15:50 [DEBUG] cshmd.analysis (get_mole)                                    : get_mole Si - O -> nbonds: 4
05/25 15:50 [DEBUG] cshmd.analysis (get_mole)                                    : get_mole O - H -> nbonds: 1
05/25 15:50 [DEBUG] cshmd.analysis (find_bond)                                   : find_bond C - O rcut -> 1.6
05/25 15:50 [DEBUG] cshmd.analysis (get_mole)                                    : get_mole C - O -> nbonds: 3
05/25 15:50 [DEBUG] cshmd.analysis (get_mole)                                    : get_mole O - H -> nbonds: 3
05/25 15:50 [DEBUG] cshmd.analysis (find_bond)                                   : find_bond Ca - O rcut -> 3.0
05/25 15:50 [DEBUG] cshmd.common (time_wrapper)                                  : [RUNTIME] get_distance_table in 0.348 seconds
05/25 15:50 [DEBUG] cshmd.analysis (search_basic)                                : Basic search result -> H2O: 576, SiO4: 512, OH: 128, CO3: 0, H3O: 0, Ca_O: 4288
05/25 15:50 [DEBUG] cshmd.analysis (full_search)                                 : Search layer details
05/25 15:50 [DEBUG] cshmd.analysis (set_layer_boundary)                          : Set layer boundary -> 0.24344102250000055 - 0.7445715765749975
05/25 15:50 [DEBUG] cshmd.analysis (find_bond)                                   : find_bond Ca - O rcut -> 2.6
05/25 15:50 [DEBUG] cshmd.analysis (find_bond)                                   : find_bond Ca - O rcut -> 3.1
05/25 15:50 [DEBUG] cshmd.analysis (find_bond)                                   : find_bond Ca - O rcut -> 5.2
05/25 15:50 [DEBUG] cshmd.analysis (_anal_surface_co3_adsorption)                : No 'C' in system
05/25 15:50 [DEBUG] cshmd.analysis (__detail_search_oh_co3)                      : No CO3 in basic search
05/25 15:50 [DEBUG] cshmd.analysis (__detail_search_oh_sioh)                     : Searching 'OH' in 'SiO4
05/25 15:50 [DEBUG] cshmd.analysis (__detail_search_oh_caoh)                     : Searching 'OH' in 'CaOH
05/25 15:50 [DEBUG] cshmd.analysis (find_bond)                                   : find_bond O - H rcut -> 1.15
05/25 15:50 [DEBUG] cshmd.analysis (get_mole)                                    : get_mole O - H -> nbonds: 1
05/25 15:50 [DEBUG] cshmd.analysis (get_mole)                                    : get_mole O - H -> nbonds: 2
05/25 15:50 [DEBUG] cshmd.analysis (find_bond)                                   : find_bond C - O rcut -> 1.4
05/25 15:50 [DEBUG] cshmd.analysis (get_mole)                                    : get_mole C - O -> nbonds: 3
05/25 15:50 [DEBUG] cshmd.analysis (find_bond)                                   : find_bond Si - O rcut -> 1.8
05/25 15:50 [DEBUG] cshmd.analysis (get_mole)                                    : get_mole Si - O -> nbonds: 4
05/25 15:50 [INFO] cshmd.functions (cal_uniform_by_space)                        : Number of molecules to add : 2679
05/25 15:50 [INFO] cshmd.functions (cal_uniform_by_space)                        : Number of atoms per surface : 272
05/25 15:50 [INFO] cshmd.functions (cal_uniform_by_space)                        : Number of layer : 10
05/25 15:50 [INFO] cshmd.structure (extendLattice)                               : Extend lattice 53.882 59.402 27.924 -> 53.882 59.402 45.924 
05/25 15:50 [INFO] cif_modifier (exec_make_interface)                            : MODE -> distribution
05/25 15:50 [INFO] cif_modifier (exec_make_interface)                            : Number of atoms: 5120 -> 13158
05/25 15:50 [INFO] cshmd.structure (labeling_by_clayff)                          : Now get label according to 'Clayff' style
05/25 15:50 [DEBUG] cshmd.analysis (get_mole)                                    : get_mole O - H -> nbonds: 1
05/25 15:50 [DEBUG] cshmd.analysis (get_mole)                                    : get_mole O - H -> nbonds: 2
05/25 15:50 [DEBUG] cshmd.analysis (get_mole)                                    : get_mole Si - O -> nbonds: 4
05/25 15:50 [DEBUG] cshmd.analysis (get_mole)                                    : get_mole C - O -> nbonds: 3
05/25 15:50 [INFO] cshmd.structure (labeling_by_clayff)                          : All atoms labeled by clayff
05/25 15:50 [INFO] cshmd.structure (labeling_by_clayff)                          : Clayff charge: 0.000
05/25 15:50 [INFO] cshmd.structure (writeCif)                                    : L020_w2750_c.cif was created
05/25 15:50 [INFO] cif_modifier (__init__)                                       : Total charge: 0 -> -2
05/25 15:50 [DEBUG] cshmd.common (get_logger)                                    : $$$$$$$$$$$$$$  Logger 'cshmd.common........' initialized  $$$$$$$$$$$$$$
05/25 15:50 [DEBUG] cshmd.functions (get_logger)                                 : $$$$$$$$$$$$$$  Logger 'cshmd.functions.....' initialized  $$$$$$$$$$$$$$
05/25 15:50 [DEBUG] cshmd.load (get_logger)                                      : $$$$$$$$$$$$$$  Logger 'cshmd.load..........' initialized  $$$$$$$$$$$$$$
05/25 15:50 [DEBUG] cshmd.analysis (get_logger)                                  : $$$$$$$$$$$$$$  Logger 'cshmd.analysis......' initialized  $$$$$$$$$$$$$$
05/25 15:50 [DEBUG] cshmd.equation (get_logger)                                  : $$$$$$$$$$$$$$  Logger 'cshmd.equation......' initialized  $$$$$$$$$$$$$$
05/25 15:50 [DEBUG] cshmd.structure (get_logger)                                 : $$$$$$$$$$$$$$  Logger 'cshmd.structure.....' initialized  $$$$$$$$$$$$$$
05/25 15:50 [DEBUG] cshmd.builder (get_logger)                                   : $$$$$$$$$$$$$$  Logger 'cshmd.builder.......' initialized  $$$$$$$$$$$$$$
05/25 15:50 [DEBUG] cshmd.trj_analysis (get_logger)                              : $$$$$$$$$$$$$$  Logger 'cshmd.trj_analysis..' initialized  $$$$$$$$$$$$$$
05/25 15:50 [DEBUG] cif_modifier (get_logger)                                    : $$$$$$$$$$$$$$  Logger 'cif_modifier........' initialized  $$$$$$$$$$$$$$
05/25 15:50 [INFO] cif_modifier (<module>)                                       : Logger loaded
05/25 15:50 [INFO] cshmd.structure (__init__)                                    : L025.cif was loaded
05/25 15:50 [DEBUG] cshmd.analysis (__init__)                                    : [Structure] Now new data setted for get Bonds
05/25 15:50 [DEBUG] cshmd.analysis (__del_bond__)                                : del -> Si_O O_H H_O Ca_O C_O BO NBO
05/25 15:50 [DEBUG] cshmd.analysis (__initialize_mole__)                         : initalize -> H2O SiO4 OH CO3 CO2 H3O
05/25 15:50 [DEBUG] cshmd.analysis (__initialize_mole__)                         : initalize -> SiOH CaOH HCO3 H2CO3 H3CO3
05/25 15:50 [DEBUG] cshmd.analysis (find_bond)                                   : find_bond O - H rcut -> 1.2
05/25 15:50 [DEBUG] cshmd.common (time_wrapper)                                  : [RUNTIME] get_distance_table in 0.521 seconds
05/25 15:50 [DEBUG] cshmd.analysis (get_mole)                                    : get_mole O - H -> nbonds: 2
05/25 15:50 [DEBUG] cshmd.analysis (find_bond)                                   : find_bond Si - O rcut -> 2.3
05/25 15:50 [DEBUG] cshmd.common (time_wrapper)                                  : [RUNTIME] get_distance_table in 0.229 seconds
05/25 15:50 [DEBUG] cshmd.analysis (get_mole)                                    : get_mole Si - O -> nbonds: 4
05/25 15:50 [DEBUG] cshmd.analysis (get_mole)                                    : get_mole O - H -> nbonds: 1
05/25 15:50 [DEBUG] cshmd.analysis (find_bond)                                   : find_bond C - O rcut -> 1.6
05/25 15:50 [DEBUG] cshmd.analysis (get_mole)                                    : get_mole C - O -> nbonds: 3
05/25 15:50 [DEBUG] cshmd.analysis (get_mole)                                    : get_mole O - H -> nbonds: 3
05/25 15:50 [DEBUG] cshmd.analysis (find_bond)                                   : find_bond Ca - O rcut -> 3.0
05/25 15:50 [DEBUG] cshmd.common (time_wrapper)                                  : [RUNTIME] get_distance_table in 0.351 seconds
05/25 15:50 [DEBUG] cshmd.analysis (search_basic)                                : Basic search result -> H2O: 576, SiO4: 548, OH: 164, CO3: 0, H3O: 0, Ca_O: 4225
05/25 15:50 [DEBUG] cshmd.analysis (full_search)                                 : Search layer details
05/25 15:50 [DEBUG] cshmd.analysis (set_layer_boundary)                          : Set layer boundary -> 0.24344102250000055 - 0.7445715765749975
05/25 15:50 [DEBUG] cshmd.analysis (find_bond)                                   : find_bond Ca - O rcut -> 2.6
05/25 15:50 [DEBUG] cshmd.analysis (find_bond)                                   : find_bond Ca - O rcut -> 3.1
05/25 15:50 [DEBUG] cshmd.analysis (find_bond)                                   : find_bond Ca - O rcut -> 5.2
05/25 15:50 [DEBUG] cshmd.analysis (_anal_surface_co3_adsorption)                : No 'C' in system
05/25 15:50 [DEBUG] cshmd.analysis (__detail_search_oh_co3)                      : No CO3 in basic search
05/25 15:50 [DEBUG] cshmd.analysis (__detail_search_oh_sioh)                     : Searching 'OH' in 'SiO4
05/25 15:50 [DEBUG] cshmd.analysis (__detail_search_oh_caoh)                     : Searching 'OH' in 'CaOH
05/25 15:50 [DEBUG] cshmd.analysis (find_bond)                                   : find_bond O - H rcut -> 1.15
05/25 15:50 [DEBUG] cshmd.analysis (get_mole)                                    : get_mole O - H -> nbonds: 1
05/25 15:50 [DEBUG] cshmd.analysis (get_mole)                                    : get_mole O - H -> nbonds: 2
05/25 15:50 [DEBUG] cshmd.analysis (find_bond)                                   : find_bond C - O rcut -> 1.4
05/25 15:50 [DEBUG] cshmd.analysis (get_mole)                                    : get_mole C - O -> nbonds: 3
05/25 15:50 [DEBUG] cshmd.analysis (find_bond)                                   : find_bond Si - O rcut -> 1.8
05/25 15:50 [DEBUG] cshmd.analysis (get_mole)                                    : get_mole Si - O -> nbonds: 4
05/25 15:50 [INFO] cshmd.functions (cal_uniform_by_space)                        : Number of molecules to add : 2679
05/25 15:50 [INFO] cshmd.functions (cal_uniform_by_space)                        : Number of atoms per surface : 272
05/25 15:50 [INFO] cshmd.functions (cal_uniform_by_space)                        : Number of layer : 10
05/25 15:50 [INFO] cshmd.structure (extendLattice)                               : Extend lattice 53.882 59.402 27.924 -> 53.882 59.402 45.924 
05/25 15:50 [INFO] cif_modifier (exec_make_interface)                            : MODE -> distribution
05/25 15:50 [INFO] cif_modifier (exec_make_interface)                            : Number of atoms: 5210 -> 13248
05/25 15:50 [INFO] cshmd.structure (labeling_by_clayff)                          : Now get label according to 'Clayff' style
05/25 15:50 [DEBUG] cshmd.analysis (get_mole)                                    : get_mole O - H -> nbonds: 1
05/25 15:50 [DEBUG] cshmd.analysis (get_mole)                                    : get_mole O - H -> nbonds: 2
05/25 15:50 [DEBUG] cshmd.analysis (get_mole)                                    : get_mole Si - O -> nbonds: 4
05/25 15:50 [DEBUG] cshmd.analysis (get_mole)                                    : get_mole C - O -> nbonds: 3
05/25 15:50 [INFO] cshmd.structure (labeling_by_clayff)                          : All atoms labeled by clayff
05/25 15:50 [INFO] cshmd.structure (labeling_by_clayff)                          : Clayff charge: 0.000
05/25 15:50 [INFO] cshmd.structure (writeCif)                                    : L025_w2750_c.cif was created
05/25 15:50 [INFO] cif_modifier (__init__)                                       : Total charge: 0 -> -2
05/25 15:50 [DEBUG] cshmd.common (get_logger)                                    : $$$$$$$$$$$$$$  Logger 'cshmd.common........' initialized  $$$$$$$$$$$$$$
05/25 15:50 [DEBUG] cshmd.functions (get_logger)                                 : $$$$$$$$$$$$$$  Logger 'cshmd.functions.....' initialized  $$$$$$$$$$$$$$
05/25 15:50 [DEBUG] cshmd.load (get_logger)                                      : $$$$$$$$$$$$$$  Logger 'cshmd.load..........' initialized  $$$$$$$$$$$$$$
05/25 15:50 [DEBUG] cshmd.analysis (get_logger)                                  : $$$$$$$$$$$$$$  Logger 'cshmd.analysis......' initialized  $$$$$$$$$$$$$$
05/25 15:50 [DEBUG] cshmd.equation (get_logger)                                  : $$$$$$$$$$$$$$  Logger 'cshmd.equation......' initialized  $$$$$$$$$$$$$$
05/25 15:50 [DEBUG] cshmd.structure (get_logger)                                 : $$$$$$$$$$$$$$  Logger 'cshmd.structure.....' initialized  $$$$$$$$$$$$$$
05/25 15:50 [DEBUG] cshmd.builder (get_logger)                                   : $$$$$$$$$$$$$$  Logger 'cshmd.builder.......' initialized  $$$$$$$$$$$$$$
05/25 15:50 [DEBUG] cshmd.trj_analysis (get_logger)                              : $$$$$$$$$$$$$$  Logger 'cshmd.trj_analysis..' initialized  $$$$$$$$$$$$$$
05/25 15:50 [DEBUG] cif_modifier (get_logger)                                    : $$$$$$$$$$$$$$  Logger 'cif_modifier........' initialized  $$$$$$$$$$$$$$
05/25 15:50 [INFO] cif_modifier (<module>)                                       : Logger loaded
05/25 15:50 [INFO] cshmd.structure (__init__)                                    : L030.cif was loaded
05/25 15:50 [DEBUG] cshmd.analysis (__init__)                                    : [Structure] Now new data setted for get Bonds
05/25 15:50 [DEBUG] cshmd.analysis (__del_bond__)                                : del -> Si_O O_H H_O Ca_O C_O BO NBO
05/25 15:50 [DEBUG] cshmd.analysis (__initialize_mole__)                         : initalize -> H2O SiO4 OH CO3 CO2 H3O
05/25 15:50 [DEBUG] cshmd.analysis (__initialize_mole__)                         : initalize -> SiOH CaOH HCO3 H2CO3 H3CO3
05/25 15:50 [DEBUG] cshmd.analysis (find_bond)                                   : find_bond O - H rcut -> 1.2
05/25 15:50 [DEBUG] cshmd.common (time_wrapper)                                  : [RUNTIME] get_distance_table in 0.552 seconds
05/25 15:50 [DEBUG] cshmd.analysis (get_mole)                                    : get_mole O - H -> nbonds: 2
05/25 15:50 [DEBUG] cshmd.analysis (find_bond)                                   : find_bond Si - O rcut -> 2.3
05/25 15:50 [DEBUG] cshmd.common (time_wrapper)                                  : [RUNTIME] get_distance_table in 0.454 seconds
05/25 15:50 [DEBUG] cshmd.analysis (get_mole)                                    : get_mole Si - O -> nbonds: 4
05/25 15:50 [DEBUG] cshmd.analysis (get_mole)                                    : get_mole O - H -> nbonds: 1
05/25 15:50 [DEBUG] cshmd.analysis (find_bond)                                   : find_bond C - O rcut -> 1.6
05/25 15:50 [DEBUG] cshmd.analysis (get_mole)                                    : get_mole C - O -> nbonds: 3
05/25 15:50 [DEBUG] cshmd.analysis (get_mole)                                    : get_mole O - H -> nbonds: 3
05/25 15:50 [DEBUG] cshmd.analysis (find_bond)                                   : find_bond Ca - O rcut -> 3.0
05/25 15:50 [DEBUG] cshmd.common (time_wrapper)                                  : [RUNTIME] get_distance_table in 0.499 seconds
05/25 15:50 [DEBUG] cshmd.analysis (search_basic)                                : Basic search result -> H2O: 576, SiO4: 576, OH: 192, CO3: 0, H3O: 0, Ca_O: 4176
05/25 15:50 [DEBUG] cshmd.analysis (full_search)                                 : Search layer details
05/25 15:50 [DEBUG] cshmd.analysis (set_layer_boundary)                          : Set layer boundary -> 0.24344102250000055 - 0.7445715765749975
05/25 15:50 [DEBUG] cshmd.analysis (find_bond)                                   : find_bond Ca - O rcut -> 2.6
05/25 15:50 [DEBUG] cshmd.analysis (find_bond)                                   : find_bond Ca - O rcut -> 3.1
05/25 15:50 [DEBUG] cshmd.analysis (find_bond)                                   : find_bond Ca - O rcut -> 5.2
05/25 15:50 [DEBUG] cshmd.analysis (_anal_surface_co3_adsorption)                : No 'C' in system
05/25 15:50 [DEBUG] cshmd.analysis (__detail_search_oh_co3)                      : No CO3 in basic search
05/25 15:50 [DEBUG] cshmd.analysis (__detail_search_oh_sioh)                     : Searching 'OH' in 'SiO4
05/25 15:50 [DEBUG] cshmd.analysis (__detail_search_oh_caoh)                     : Searching 'OH' in 'CaOH
05/25 15:50 [DEBUG] cshmd.analysis (find_bond)                                   : find_bond O - H rcut -> 1.15
05/25 15:50 [DEBUG] cshmd.analysis (get_mole)                                    : get_mole O - H -> nbonds: 1
05/25 15:50 [DEBUG] cshmd.analysis (get_mole)                                    : get_mole O - H -> nbonds: 2
05/25 15:50 [DEBUG] cshmd.analysis (find_bond)                                   : find_bond C - O rcut -> 1.4
05/25 15:50 [DEBUG] cshmd.analysis (get_mole)                                    : get_mole C - O -> nbonds: 3
05/25 15:50 [DEBUG] cshmd.analysis (find_bond)                                   : find_bond Si - O rcut -> 1.8
05/25 15:50 [DEBUG] cshmd.analysis (get_mole)                                    : get_mole Si - O -> nbonds: 4
05/25 15:50 [INFO] cshmd.functions (cal_uniform_by_space)                        : Number of molecules to add : 2679
05/25 15:50 [INFO] cshmd.functions (cal_uniform_by_space)                        : Number of atoms per surface : 272
05/25 15:50 [INFO] cshmd.functions (cal_uniform_by_space)                        : Number of layer : 10
05/25 15:50 [INFO] cshmd.structure (extendLattice)                               : Extend lattice 53.882 59.402 27.924 -> 53.882 59.402 45.924 
05/25 15:50 [INFO] cif_modifier (exec_make_interface)                            : MODE -> distribution
05/25 15:50 [INFO] cif_modifier (exec_make_interface)                            : Number of atoms: 5280 -> 13318
05/25 15:50 [INFO] cshmd.structure (labeling_by_clayff)                          : Now get label according to 'Clayff' style
05/25 15:50 [DEBUG] cshmd.analysis (get_mole)                                    : get_mole O - H -> nbonds: 1
05/25 15:50 [DEBUG] cshmd.analysis (get_mole)                                    : get_mole O - H -> nbonds: 2
05/25 15:50 [DEBUG] cshmd.analysis (get_mole)                                    : get_mole Si - O -> nbonds: 4
05/25 15:50 [DEBUG] cshmd.analysis (get_mole)                                    : get_mole C - O -> nbonds: 3
05/25 15:50 [INFO] cshmd.structure (labeling_by_clayff)                          : All atoms labeled by clayff
05/25 15:50 [INFO] cshmd.structure (labeling_by_clayff)                          : Clayff charge: 0.000
05/25 15:51 [INFO] cshmd.structure (writeCif)                                    : L030_w2750_c.cif was created
05/25 15:51 [INFO] cif_modifier (__init__)                                       : Total charge: 0 -> -2
05/25 15:51 [DEBUG] cshmd.common (get_logger)                                    : $$$$$$$$$$$$$$  Logger 'cshmd.common........' initialized  $$$$$$$$$$$$$$
05/25 15:51 [DEBUG] cshmd.functions (get_logger)                                 : $$$$$$$$$$$$$$  Logger 'cshmd.functions.....' initialized  $$$$$$$$$$$$$$
05/25 15:51 [DEBUG] cshmd.load (get_logger)                                      : $$$$$$$$$$$$$$  Logger 'cshmd.load..........' initialized  $$$$$$$$$$$$$$
05/25 15:51 [DEBUG] cshmd.analysis (get_logger)                                  : $$$$$$$$$$$$$$  Logger 'cshmd.analysis......' initialized  $$$$$$$$$$$$$$
05/25 15:51 [DEBUG] cshmd.equation (get_logger)                                  : $$$$$$$$$$$$$$  Logger 'cshmd.equation......' initialized  $$$$$$$$$$$$$$
05/25 15:51 [DEBUG] cshmd.structure (get_logger)                                 : $$$$$$$$$$$$$$  Logger 'cshmd.structure.....' initialized  $$$$$$$$$$$$$$
05/25 15:51 [DEBUG] cshmd.builder (get_logger)                                   : $$$$$$$$$$$$$$  Logger 'cshmd.builder.......' initialized  $$$$$$$$$$$$$$
05/25 15:51 [DEBUG] cshmd.trj_analysis (get_logger)                              : $$$$$$$$$$$$$$  Logger 'cshmd.trj_analysis..' initialized  $$$$$$$$$$$$$$
05/25 15:51 [DEBUG] cif_modifier (get_logger)                                    : $$$$$$$$$$$$$$  Logger 'cif_modifier........' initialized  $$$$$$$$$$$$$$
05/25 15:51 [INFO] cif_modifier (<module>)                                       : Logger loaded
05/25 15:51 [INFO] cshmd.structure (__init__)                                    : L035.cif was loaded
05/25 15:51 [DEBUG] cshmd.analysis (__init__)                                    : [Structure] Now new data setted for get Bonds
05/25 15:51 [DEBUG] cshmd.analysis (__del_bond__)                                : del -> Si_O O_H H_O Ca_O C_O BO NBO
05/25 15:51 [DEBUG] cshmd.analysis (__initialize_mole__)                         : initalize -> H2O SiO4 OH CO3 CO2 H3O
05/25 15:51 [DEBUG] cshmd.analysis (__initialize_mole__)                         : initalize -> SiOH CaOH HCO3 H2CO3 H3CO3
05/25 15:51 [DEBUG] cshmd.analysis (find_bond)                                   : find_bond O - H rcut -> 1.2
05/25 15:51 [DEBUG] cshmd.common (time_wrapper)                                  : [RUNTIME] get_distance_table in 0.581 seconds
05/25 15:51 [DEBUG] cshmd.analysis (get_mole)                                    : get_mole O - H -> nbonds: 2
05/25 15:51 [DEBUG] cshmd.analysis (find_bond)                                   : find_bond Si - O rcut -> 2.3
05/25 15:51 [DEBUG] cshmd.common (time_wrapper)                                  : [RUNTIME] get_distance_table in 0.301 seconds
05/25 15:51 [DEBUG] cshmd.analysis (get_mole)                                    : get_mole Si - O -> nbonds: 4
05/25 15:51 [DEBUG] cshmd.analysis (get_mole)                                    : get_mole O - H -> nbonds: 1
05/25 15:51 [DEBUG] cshmd.analysis (find_bond)                                   : find_bond C - O rcut -> 1.6
05/25 15:51 [DEBUG] cshmd.analysis (get_mole)                                    : get_mole C - O -> nbonds: 3
05/25 15:51 [DEBUG] cshmd.analysis (get_mole)                                    : get_mole O - H -> nbonds: 3
05/25 15:51 [DEBUG] cshmd.analysis (find_bond)                                   : find_bond Ca - O rcut -> 3.0
05/25 15:51 [DEBUG] cshmd.common (time_wrapper)                                  : [RUNTIME] get_distance_table in 0.353 seconds
05/25 15:51 [DEBUG] cshmd.analysis (search_basic)                                : Basic search result -> H2O: 576, SiO4: 596, OH: 212, CO3: 0, H3O: 0, Ca_O: 4141
05/25 15:51 [DEBUG] cshmd.analysis (full_search)                                 : Search layer details
05/25 15:51 [DEBUG] cshmd.analysis (set_layer_boundary)                          : Set layer boundary -> 0.24344102250000055 - 0.7445715765749975
05/25 15:51 [DEBUG] cshmd.analysis (find_bond)                                   : find_bond Ca - O rcut -> 2.6
05/25 15:51 [DEBUG] cshmd.analysis (find_bond)                                   : find_bond Ca - O rcut -> 3.1
05/25 15:51 [DEBUG] cshmd.analysis (find_bond)                                   : find_bond Ca - O rcut -> 5.2
05/25 15:51 [DEBUG] cshmd.analysis (_anal_surface_co3_adsorption)                : No 'C' in system
05/25 15:51 [DEBUG] cshmd.analysis (__detail_search_oh_co3)                      : No CO3 in basic search
05/25 15:51 [DEBUG] cshmd.analysis (__detail_search_oh_sioh)                     : Searching 'OH' in 'SiO4
05/25 15:51 [DEBUG] cshmd.analysis (__detail_search_oh_caoh)                     : Searching 'OH' in 'CaOH
05/25 15:51 [DEBUG] cshmd.analysis (find_bond)                                   : find_bond O - H rcut -> 1.15
05/25 15:51 [DEBUG] cshmd.analysis (get_mole)                                    : get_mole O - H -> nbonds: 1
05/25 15:51 [DEBUG] cshmd.analysis (get_mole)                                    : get_mole O - H -> nbonds: 2
05/25 15:51 [DEBUG] cshmd.analysis (find_bond)                                   : find_bond C - O rcut -> 1.4
05/25 15:51 [DEBUG] cshmd.analysis (get_mole)                                    : get_mole C - O -> nbonds: 3
05/25 15:51 [DEBUG] cshmd.analysis (find_bond)                                   : find_bond Si - O rcut -> 1.8
05/25 15:51 [DEBUG] cshmd.analysis (get_mole)                                    : get_mole Si - O -> nbonds: 4
05/25 15:51 [INFO] cshmd.functions (cal_uniform_by_space)                        : Number of molecules to add : 2679
05/25 15:51 [INFO] cshmd.functions (cal_uniform_by_space)                        : Number of atoms per surface : 272
05/25 15:51 [INFO] cshmd.functions (cal_uniform_by_space)                        : Number of layer : 10
05/25 15:51 [INFO] cshmd.structure (extendLattice)                               : Extend lattice 53.882 59.402 27.924 -> 53.882 59.402 45.924 
05/25 15:51 [INFO] cif_modifier (exec_make_interface)                            : MODE -> distribution
05/25 15:51 [INFO] cif_modifier (exec_make_interface)                            : Number of atoms: 5330 -> 13368
05/25 15:51 [INFO] cshmd.structure (labeling_by_clayff)                          : Now get label according to 'Clayff' style
05/25 15:51 [DEBUG] cshmd.analysis (get_mole)                                    : get_mole O - H -> nbonds: 1
05/25 15:51 [DEBUG] cshmd.analysis (get_mole)                                    : get_mole O - H -> nbonds: 2
05/25 15:51 [DEBUG] cshmd.analysis (get_mole)                                    : get_mole Si - O -> nbonds: 4
05/25 15:51 [DEBUG] cshmd.analysis (get_mole)                                    : get_mole C - O -> nbonds: 3
05/25 15:51 [INFO] cshmd.structure (labeling_by_clayff)                          : All atoms labeled by clayff
05/25 15:51 [INFO] cshmd.structure (labeling_by_clayff)                          : Clayff charge: 0.000
05/25 15:51 [INFO] cshmd.structure (writeCif)                                    : L035_w2750_c.cif was created
05/25 15:51 [INFO] cif_modifier (__init__)                                       : Total charge: 0 -> -2
05/25 15:51 [DEBUG] cshmd.common (get_logger)                                    : $$$$$$$$$$$$$$  Logger 'cshmd.common........' initialized  $$$$$$$$$$$$$$
05/25 15:51 [DEBUG] cshmd.functions (get_logger)                                 : $$$$$$$$$$$$$$  Logger 'cshmd.functions.....' initialized  $$$$$$$$$$$$$$
05/25 15:51 [DEBUG] cshmd.load (get_logger)                                      : $$$$$$$$$$$$$$  Logger 'cshmd.load..........' initialized  $$$$$$$$$$$$$$
05/25 15:51 [DEBUG] cshmd.analysis (get_logger)                                  : $$$$$$$$$$$$$$  Logger 'cshmd.analysis......' initialized  $$$$$$$$$$$$$$
05/25 15:51 [DEBUG] cshmd.equation (get_logger)                                  : $$$$$$$$$$$$$$  Logger 'cshmd.equation......' initialized  $$$$$$$$$$$$$$
05/25 15:51 [DEBUG] cshmd.structure (get_logger)                                 : $$$$$$$$$$$$$$  Logger 'cshmd.structure.....' initialized  $$$$$$$$$$$$$$
05/25 15:51 [DEBUG] cshmd.builder (get_logger)                                   : $$$$$$$$$$$$$$  Logger 'cshmd.builder.......' initialized  $$$$$$$$$$$$$$
05/25 15:51 [DEBUG] cshmd.trj_analysis (get_logger)                              : $$$$$$$$$$$$$$  Logger 'cshmd.trj_analysis..' initialized  $$$$$$$$$$$$$$
05/25 15:51 [DEBUG] cif_modifier (get_logger)                                    : $$$$$$$$$$$$$$  Logger 'cif_modifier........' initialized  $$$$$$$$$$$$$$
05/25 15:51 [INFO] cif_modifier (<module>)                                       : Logger loaded
05/25 15:51 [INFO] cshmd.structure (__init__)                                    : L040.cif was loaded
05/25 15:51 [DEBUG] cshmd.analysis (__init__)                                    : [Structure] Now new data setted for get Bonds
05/25 15:51 [DEBUG] cshmd.analysis (__del_bond__)                                : del -> Si_O O_H H_O Ca_O C_O BO NBO
05/25 15:51 [DEBUG] cshmd.analysis (__initialize_mole__)                         : initalize -> H2O SiO4 OH CO3 CO2 H3O
05/25 15:51 [DEBUG] cshmd.analysis (__initialize_mole__)                         : initalize -> SiOH CaOH HCO3 H2CO3 H3CO3
05/25 15:51 [DEBUG] cshmd.analysis (find_bond)                                   : find_bond O - H rcut -> 1.2
05/25 15:51 [DEBUG] cshmd.common (time_wrapper)                                  : [RUNTIME] get_distance_table in 0.581 seconds
05/25 15:51 [DEBUG] cshmd.analysis (get_mole)                                    : get_mole O - H -> nbonds: 2
05/25 15:51 [DEBUG] cshmd.analysis (find_bond)                                   : find_bond Si - O rcut -> 2.3
05/25 15:51 [DEBUG] cshmd.common (time_wrapper)                                  : [RUNTIME] get_distance_table in 0.264 seconds
05/25 15:51 [DEBUG] cshmd.analysis (get_mole)                                    : get_mole Si - O -> nbonds: 4
05/25 15:51 [DEBUG] cshmd.analysis (get_mole)                                    : get_mole O - H -> nbonds: 1
05/25 15:51 [DEBUG] cshmd.analysis (find_bond)                                   : find_bond C - O rcut -> 1.6
05/25 15:51 [DEBUG] cshmd.analysis (get_mole)                                    : get_mole C - O -> nbonds: 3
05/25 15:51 [DEBUG] cshmd.analysis (get_mole)                                    : get_mole O - H -> nbonds: 3
05/25 15:51 [DEBUG] cshmd.analysis (find_bond)                                   : find_bond Ca - O rcut -> 3.0
05/25 15:51 [DEBUG] cshmd.common (time_wrapper)                                  : [RUNTIME] get_distance_table in 0.360 seconds
05/25 15:51 [DEBUG] cshmd.analysis (search_basic)                                : Basic search result -> H2O: 576, SiO4: 612, OH: 228, CO3: 0, H3O: 0, Ca_O: 4113
05/25 15:51 [DEBUG] cshmd.analysis (full_search)                                 : Search layer details
05/25 15:51 [DEBUG] cshmd.analysis (set_layer_boundary)                          : Set layer boundary -> 0.24344102250000055 - 0.7445715765749975
05/25 15:51 [DEBUG] cshmd.analysis (find_bond)                                   : find_bond Ca - O rcut -> 2.6
05/25 15:51 [DEBUG] cshmd.analysis (find_bond)                                   : find_bond Ca - O rcut -> 3.1
05/25 15:51 [DEBUG] cshmd.analysis (find_bond)                                   : find_bond Ca - O rcut -> 5.2
05/25 15:51 [DEBUG] cshmd.analysis (_anal_surface_co3_adsorption)                : No 'C' in system
05/25 15:51 [DEBUG] cshmd.analysis (__detail_search_oh_co3)                      : No CO3 in basic search
05/25 15:51 [DEBUG] cshmd.analysis (__detail_search_oh_sioh)                     : Searching 'OH' in 'SiO4
05/25 15:51 [DEBUG] cshmd.analysis (__detail_search_oh_caoh)                     : Searching 'OH' in 'CaOH
05/25 15:51 [DEBUG] cshmd.analysis (find_bond)                                   : find_bond O - H rcut -> 1.15
05/25 15:51 [DEBUG] cshmd.analysis (get_mole)                                    : get_mole O - H -> nbonds: 1
05/25 15:51 [DEBUG] cshmd.analysis (get_mole)                                    : get_mole O - H -> nbonds: 2
05/25 15:51 [DEBUG] cshmd.analysis (find_bond)                                   : find_bond C - O rcut -> 1.4
05/25 15:51 [DEBUG] cshmd.analysis (get_mole)                                    : get_mole C - O -> nbonds: 3
05/25 15:51 [DEBUG] cshmd.analysis (find_bond)                                   : find_bond Si - O rcut -> 1.8
05/25 15:51 [DEBUG] cshmd.analysis (get_mole)                                    : get_mole Si - O -> nbonds: 4
05/25 15:51 [INFO] cshmd.functions (cal_uniform_by_space)                        : Number of molecules to add : 2679
05/25 15:51 [INFO] cshmd.functions (cal_uniform_by_space)                        : Number of atoms per surface : 272
05/25 15:51 [INFO] cshmd.functions (cal_uniform_by_space)                        : Number of layer : 10
05/25 15:51 [INFO] cshmd.structure (extendLattice)                               : Extend lattice 53.882 59.402 27.924 -> 53.882 59.402 45.924 
05/25 15:51 [INFO] cif_modifier (exec_make_interface)                            : MODE -> distribution
05/25 15:51 [INFO] cif_modifier (exec_make_interface)                            : Number of atoms: 5370 -> 13408
05/25 15:51 [INFO] cshmd.structure (labeling_by_clayff)                          : Now get label according to 'Clayff' style
05/25 15:51 [DEBUG] cshmd.analysis (get_mole)                                    : get_mole O - H -> nbonds: 1
05/25 15:51 [DEBUG] cshmd.analysis (get_mole)                                    : get_mole O - H -> nbonds: 2
05/25 15:51 [DEBUG] cshmd.analysis (get_mole)                                    : get_mole Si - O -> nbonds: 4
05/25 15:51 [DEBUG] cshmd.analysis (get_mole)                                    : get_mole C - O -> nbonds: 3
05/25 15:51 [INFO] cshmd.structure (labeling_by_clayff)                          : All atoms labeled by clayff
05/25 15:51 [INFO] cshmd.structure (labeling_by_clayff)                          : Clayff charge: 0.000
05/25 15:51 [INFO] cshmd.structure (writeCif)                                    : L040_w2750_c.cif was created
05/25 15:51 [INFO] cif_modifier (__init__)                                       : Total charge: 0 -> -2
05/25 15:51 [DEBUG] cshmd.common (get_logger)                                    : $$$$$$$$$$$$$$  Logger 'cshmd.common........' initialized  $$$$$$$$$$$$$$
05/25 15:51 [DEBUG] cshmd.functions (get_logger)                                 : $$$$$$$$$$$$$$  Logger 'cshmd.functions.....' initialized  $$$$$$$$$$$$$$
05/25 15:51 [DEBUG] cshmd.load (get_logger)                                      : $$$$$$$$$$$$$$  Logger 'cshmd.load..........' initialized  $$$$$$$$$$$$$$
05/25 15:51 [DEBUG] cshmd.analysis (get_logger)                                  : $$$$$$$$$$$$$$  Logger 'cshmd.analysis......' initialized  $$$$$$$$$$$$$$
05/25 15:51 [DEBUG] cshmd.equation (get_logger)                                  : $$$$$$$$$$$$$$  Logger 'cshmd.equation......' initialized  $$$$$$$$$$$$$$
05/25 15:51 [DEBUG] cshmd.structure (get_logger)                                 : $$$$$$$$$$$$$$  Logger 'cshmd.structure.....' initialized  $$$$$$$$$$$$$$
05/25 15:51 [DEBUG] cshmd.builder (get_logger)                                   : $$$$$$$$$$$$$$  Logger 'cshmd.builder.......' initialized  $$$$$$$$$$$$$$
05/25 15:51 [DEBUG] cshmd.trj_analysis (get_logger)                              : $$$$$$$$$$$$$$  Logger 'cshmd.trj_analysis..' initialized  $$$$$$$$$$$$$$
05/25 15:51 [DEBUG] cif_modifier (get_logger)                                    : $$$$$$$$$$$$$$  Logger 'cif_modifier........' initialized  $$$$$$$$$$$$$$
05/25 15:51 [INFO] cif_modifier (<module>)                                       : Logger loaded
05/25 15:51 [INFO] cshmd.structure (__init__)                                    : L045.cif was loaded
05/25 15:51 [DEBUG] cshmd.analysis (__init__)                                    : [Structure] Now new data setted for get Bonds
05/25 15:51 [DEBUG] cshmd.analysis (__del_bond__)                                : del -> Si_O O_H H_O Ca_O C_O BO NBO
05/25 15:51 [DEBUG] cshmd.analysis (__initialize_mole__)                         : initalize -> H2O SiO4 OH CO3 CO2 H3O
05/25 15:51 [DEBUG] cshmd.analysis (__initialize_mole__)                         : initalize -> SiOH CaOH HCO3 H2CO3 H3CO3
05/25 15:51 [DEBUG] cshmd.analysis (find_bond)                                   : find_bond O - H rcut -> 1.2
05/25 15:51 [DEBUG] cshmd.common (time_wrapper)                                  : [RUNTIME] get_distance_table in 0.626 seconds
05/25 15:51 [DEBUG] cshmd.analysis (get_mole)                                    : get_mole O - H -> nbonds: 2
05/25 15:51 [DEBUG] cshmd.analysis (find_bond)                                   : find_bond Si - O rcut -> 2.3
05/25 15:51 [DEBUG] cshmd.common (time_wrapper)                                  : [RUNTIME] get_distance_table in 0.309 seconds
05/25 15:51 [DEBUG] cshmd.analysis (get_mole)                                    : get_mole Si - O -> nbonds: 4
05/25 15:51 [DEBUG] cshmd.analysis (get_mole)                                    : get_mole O - H -> nbonds: 1
05/25 15:51 [DEBUG] cshmd.analysis (find_bond)                                   : find_bond C - O rcut -> 1.6
05/25 15:51 [DEBUG] cshmd.analysis (get_mole)                                    : get_mole C - O -> nbonds: 3
05/25 15:51 [DEBUG] cshmd.analysis (get_mole)                                    : get_mole O - H -> nbonds: 3
05/25 15:51 [DEBUG] cshmd.analysis (find_bond)                                   : find_bond Ca - O rcut -> 3.0
05/25 15:51 [DEBUG] cshmd.common (time_wrapper)                                  : [RUNTIME] get_distance_table in 0.359 seconds
05/25 15:51 [DEBUG] cshmd.analysis (search_basic)                                : Basic search result -> H2O: 576, SiO4: 628, OH: 244, CO3: 0, H3O: 0, Ca_O: 4085
05/25 15:51 [DEBUG] cshmd.analysis (full_search)                                 : Search layer details
05/25 15:51 [DEBUG] cshmd.analysis (set_layer_boundary)                          : Set layer boundary -> 0.24344102250000055 - 0.7445715765749975
05/25 15:51 [DEBUG] cshmd.analysis (find_bond)                                   : find_bond Ca - O rcut -> 2.6
05/25 15:51 [DEBUG] cshmd.analysis (find_bond)                                   : find_bond Ca - O rcut -> 3.1
05/25 15:51 [DEBUG] cshmd.analysis (find_bond)                                   : find_bond Ca - O rcut -> 5.2
05/25 15:51 [DEBUG] cshmd.analysis (_anal_surface_co3_adsorption)                : No 'C' in system
05/25 15:51 [DEBUG] cshmd.analysis (__detail_search_oh_co3)                      : No CO3 in basic search
05/25 15:51 [DEBUG] cshmd.analysis (__detail_search_oh_sioh)                     : Searching 'OH' in 'SiO4
05/25 15:51 [DEBUG] cshmd.analysis (__detail_search_oh_caoh)                     : Searching 'OH' in 'CaOH
05/25 15:51 [DEBUG] cshmd.analysis (find_bond)                                   : find_bond O - H rcut -> 1.15
05/25 15:51 [DEBUG] cshmd.analysis (get_mole)                                    : get_mole O - H -> nbonds: 1
05/25 15:51 [DEBUG] cshmd.analysis (get_mole)                                    : get_mole O - H -> nbonds: 2
05/25 15:51 [DEBUG] cshmd.analysis (find_bond)                                   : find_bond C - O rcut -> 1.4
05/25 15:51 [DEBUG] cshmd.analysis (get_mole)                                    : get_mole C - O -> nbonds: 3
05/25 15:51 [DEBUG] cshmd.analysis (find_bond)                                   : find_bond Si - O rcut -> 1.8
05/25 15:51 [DEBUG] cshmd.analysis (get_mole)                                    : get_mole Si - O -> nbonds: 4
05/25 15:51 [INFO] cshmd.functions (cal_uniform_by_space)                        : Number of molecules to add : 2679
05/25 15:51 [INFO] cshmd.functions (cal_uniform_by_space)                        : Number of atoms per surface : 272
05/25 15:51 [INFO] cshmd.functions (cal_uniform_by_space)                        : Number of layer : 10
05/25 15:51 [INFO] cshmd.structure (extendLattice)                               : Extend lattice 53.882 59.402 27.924 -> 53.882 59.402 45.924 
05/25 15:51 [INFO] cif_modifier (exec_make_interface)                            : MODE -> distribution
05/25 15:51 [INFO] cif_modifier (exec_make_interface)                            : Number of atoms: 5410 -> 13448
05/25 15:51 [INFO] cshmd.structure (labeling_by_clayff)                          : Now get label according to 'Clayff' style
05/25 15:51 [DEBUG] cshmd.analysis (get_mole)                                    : get_mole O - H -> nbonds: 1
05/25 15:51 [DEBUG] cshmd.analysis (get_mole)                                    : get_mole O - H -> nbonds: 2
05/25 15:51 [DEBUG] cshmd.analysis (get_mole)                                    : get_mole Si - O -> nbonds: 4
05/25 15:51 [DEBUG] cshmd.analysis (get_mole)                                    : get_mole C - O -> nbonds: 3
05/25 15:51 [INFO] cshmd.structure (labeling_by_clayff)                          : All atoms labeled by clayff
05/25 15:51 [INFO] cshmd.structure (labeling_by_clayff)                          : Clayff charge: 0.000
05/25 15:51 [INFO] cshmd.structure (writeCif)                                    : L045_w2750_c.cif was created
05/25 15:51 [INFO] cif_modifier (__init__)                                       : Total charge: 0 -> -2
05/25 15:51 [DEBUG] cshmd.common (get_logger)                                    : $$$$$$$$$$$$$$  Logger 'cshmd.common........' initialized  $$$$$$$$$$$$$$
05/25 15:51 [DEBUG] cshmd.functions (get_logger)                                 : $$$$$$$$$$$$$$  Logger 'cshmd.functions.....' initialized  $$$$$$$$$$$$$$
05/25 15:51 [DEBUG] cshmd.load (get_logger)                                      : $$$$$$$$$$$$$$  Logger 'cshmd.load..........' initialized  $$$$$$$$$$$$$$
05/25 15:51 [DEBUG] cshmd.analysis (get_logger)                                  : $$$$$$$$$$$$$$  Logger 'cshmd.analysis......' initialized  $$$$$$$$$$$$$$
05/25 15:51 [DEBUG] cshmd.equation (get_logger)                                  : $$$$$$$$$$$$$$  Logger 'cshmd.equation......' initialized  $$$$$$$$$$$$$$
05/25 15:51 [DEBUG] cshmd.structure (get_logger)                                 : $$$$$$$$$$$$$$  Logger 'cshmd.structure.....' initialized  $$$$$$$$$$$$$$
05/25 15:51 [DEBUG] cshmd.builder (get_logger)                                   : $$$$$$$$$$$$$$  Logger 'cshmd.builder.......' initialized  $$$$$$$$$$$$$$
05/25 15:51 [DEBUG] cshmd.trj_analysis (get_logger)                              : $$$$$$$$$$$$$$  Logger 'cshmd.trj_analysis..' initialized  $$$$$$$$$$$$$$
05/25 15:51 [DEBUG] cif_modifier (get_logger)                                    : $$$$$$$$$$$$$$  Logger 'cif_modifier........' initialized  $$$$$$$$$$$$$$
05/25 15:51 [INFO] cif_modifier (<module>)                                       : Logger loaded
05/25 15:51 [INFO] cshmd.structure (__init__)                                    : L050.cif was loaded
05/25 15:51 [DEBUG] cshmd.analysis (__init__)                                    : [Structure] Now new data setted for get Bonds
05/25 15:51 [DEBUG] cshmd.analysis (__del_bond__)                                : del -> Si_O O_H H_O Ca_O C_O BO NBO
05/25 15:51 [DEBUG] cshmd.analysis (__initialize_mole__)                         : initalize -> H2O SiO4 OH CO3 CO2 H3O
05/25 15:51 [DEBUG] cshmd.analysis (__initialize_mole__)                         : initalize -> SiOH CaOH HCO3 H2CO3 H3CO3
05/25 15:51 [DEBUG] cshmd.analysis (find_bond)                                   : find_bond O - H rcut -> 1.2
05/25 15:51 [DEBUG] cshmd.common (time_wrapper)                                  : [RUNTIME] get_distance_table in 0.685 seconds
05/25 15:51 [DEBUG] cshmd.analysis (get_mole)                                    : get_mole O - H -> nbonds: 2
05/25 15:51 [DEBUG] cshmd.analysis (find_bond)                                   : find_bond Si - O rcut -> 2.3
05/25 15:51 [DEBUG] cshmd.common (time_wrapper)                                  : [RUNTIME] get_distance_table in 0.332 seconds
05/25 15:51 [DEBUG] cshmd.analysis (get_mole)                                    : get_mole Si - O -> nbonds: 4
05/25 15:51 [DEBUG] cshmd.analysis (get_mole)                                    : get_mole O - H -> nbonds: 1
05/25 15:51 [DEBUG] cshmd.analysis (find_bond)                                   : find_bond C - O rcut -> 1.6
05/25 15:51 [DEBUG] cshmd.analysis (get_mole)                                    : get_mole C - O -> nbonds: 3
05/25 15:51 [DEBUG] cshmd.analysis (get_mole)                                    : get_mole O - H -> nbonds: 3
05/25 15:51 [DEBUG] cshmd.analysis (find_bond)                                   : find_bond Ca - O rcut -> 3.0
05/25 15:51 [DEBUG] cshmd.common (time_wrapper)                                  : [RUNTIME] get_distance_table in 0.324 seconds
05/25 15:51 [DEBUG] cshmd.analysis (search_basic)                                : Basic search result -> H2O: 576, SiO4: 640, OH: 256, CO3: 0, H3O: 0, Ca_O: 4064
05/25 15:51 [DEBUG] cshmd.analysis (full_search)                                 : Search layer details
05/25 15:51 [DEBUG] cshmd.analysis (set_layer_boundary)                          : Set layer boundary -> 0.24344102250000055 - 0.7445715765749975
05/25 15:51 [DEBUG] cshmd.analysis (find_bond)                                   : find_bond Ca - O rcut -> 2.6
05/25 15:51 [DEBUG] cshmd.analysis (find_bond)                                   : find_bond Ca - O rcut -> 3.1
05/25 15:51 [DEBUG] cshmd.analysis (find_bond)                                   : find_bond Ca - O rcut -> 5.2
05/25 15:51 [DEBUG] cshmd.analysis (_anal_surface_co3_adsorption)                : No 'C' in system
05/25 15:51 [DEBUG] cshmd.analysis (__detail_search_oh_co3)                      : No CO3 in basic search
05/25 15:51 [DEBUG] cshmd.analysis (__detail_search_oh_sioh)                     : Searching 'OH' in 'SiO4
05/25 15:51 [DEBUG] cshmd.analysis (__detail_search_oh_caoh)                     : Searching 'OH' in 'CaOH
05/25 15:51 [DEBUG] cshmd.analysis (find_bond)                                   : find_bond O - H rcut -> 1.15
05/25 15:51 [DEBUG] cshmd.analysis (get_mole)                                    : get_mole O - H -> nbonds: 1
05/25 15:51 [DEBUG] cshmd.analysis (get_mole)                                    : get_mole O - H -> nbonds: 2
05/25 15:51 [DEBUG] cshmd.analysis (find_bond)                                   : find_bond C - O rcut -> 1.4
05/25 15:51 [DEBUG] cshmd.analysis (get_mole)                                    : get_mole C - O -> nbonds: 3
05/25 15:51 [DEBUG] cshmd.analysis (find_bond)                                   : find_bond Si - O rcut -> 1.8
05/25 15:51 [DEBUG] cshmd.analysis (get_mole)                                    : get_mole Si - O -> nbonds: 4
05/25 15:51 [INFO] cshmd.functions (cal_uniform_by_space)                        : Number of molecules to add : 2679
05/25 15:51 [INFO] cshmd.functions (cal_uniform_by_space)                        : Number of atoms per surface : 272
05/25 15:51 [INFO] cshmd.functions (cal_uniform_by_space)                        : Number of layer : 10
05/25 15:51 [INFO] cshmd.structure (extendLattice)                               : Extend lattice 53.882 59.402 27.924 -> 53.882 59.402 45.924 
05/25 15:51 [INFO] cif_modifier (exec_make_interface)                            : MODE -> distribution
05/25 15:51 [INFO] cif_modifier (exec_make_interface)                            : Number of atoms: 5440 -> 13478
05/25 15:51 [INFO] cshmd.structure (labeling_by_clayff)                          : Now get label according to 'Clayff' style
05/25 15:51 [DEBUG] cshmd.analysis (get_mole)                                    : get_mole O - H -> nbonds: 1
05/25 15:51 [DEBUG] cshmd.analysis (get_mole)                                    : get_mole O - H -> nbonds: 2
05/25 15:51 [DEBUG] cshmd.analysis (get_mole)                                    : get_mole Si - O -> nbonds: 4
05/25 15:51 [DEBUG] cshmd.analysis (get_mole)                                    : get_mole C - O -> nbonds: 3
05/25 15:51 [INFO] cshmd.structure (labeling_by_clayff)                          : All atoms labeled by clayff
05/25 15:51 [INFO] cshmd.structure (labeling_by_clayff)                          : Clayff charge: -0.000
05/25 15:51 [INFO] cshmd.structure (writeCif)                                    : L050_w2750_c.cif was created
05/25 15:51 [INFO] cif_modifier (__init__)                                       : Total charge: 0 -> -2
05/25 15:51 [DEBUG] cshmd.common (get_logger)                                    : $$$$$$$$$$$$$$  Logger 'cshmd.common........' initialized  $$$$$$$$$$$$$$
05/25 15:51 [DEBUG] cshmd.functions (get_logger)                                 : $$$$$$$$$$$$$$  Logger 'cshmd.functions.....' initialized  $$$$$$$$$$$$$$
05/25 15:51 [DEBUG] cshmd.load (get_logger)                                      : $$$$$$$$$$$$$$  Logger 'cshmd.load..........' initialized  $$$$$$$$$$$$$$
05/25 15:51 [DEBUG] cshmd.analysis (get_logger)                                  : $$$$$$$$$$$$$$  Logger 'cshmd.analysis......' initialized  $$$$$$$$$$$$$$
05/25 15:51 [DEBUG] cshmd.equation (get_logger)                                  : $$$$$$$$$$$$$$  Logger 'cshmd.equation......' initialized  $$$$$$$$$$$$$$
05/25 15:51 [DEBUG] cshmd.structure (get_logger)                                 : $$$$$$$$$$$$$$  Logger 'cshmd.structure.....' initialized  $$$$$$$$$$$$$$
05/25 15:51 [DEBUG] cshmd.builder (get_logger)                                   : $$$$$$$$$$$$$$  Logger 'cshmd.builder.......' initialized  $$$$$$$$$$$$$$
05/25 15:51 [DEBUG] cshmd.trj_analysis (get_logger)                              : $$$$$$$$$$$$$$  Logger 'cshmd.trj_analysis..' initialized  $$$$$$$$$$$$$$
05/25 15:51 [DEBUG] cif_modifier (get_logger)                                    : $$$$$$$$$$$$$$  Logger 'cif_modifier........' initialized  $$$$$$$$$$$$$$
05/25 15:51 [INFO] cif_modifier (<module>)                                       : Logger loaded
05/25 15:51 [INFO] cshmd.structure (__init__)                                    : L060.cif was loaded
05/25 15:51 [DEBUG] cshmd.analysis (__init__)                                    : [Structure] Now new data setted for get Bonds
05/25 15:51 [DEBUG] cshmd.analysis (__del_bond__)                                : del -> Si_O O_H H_O Ca_O C_O BO NBO
05/25 15:51 [DEBUG] cshmd.analysis (__initialize_mole__)                         : initalize -> H2O SiO4 OH CO3 CO2 H3O
05/25 15:51 [DEBUG] cshmd.analysis (__initialize_mole__)                         : initalize -> SiOH CaOH HCO3 H2CO3 H3CO3
05/25 15:51 [DEBUG] cshmd.analysis (find_bond)                                   : find_bond O - H rcut -> 1.2
05/25 15:51 [DEBUG] cshmd.common (time_wrapper)                                  : [RUNTIME] get_distance_table in 0.604 seconds
05/25 15:51 [DEBUG] cshmd.analysis (get_mole)                                    : get_mole O - H -> nbonds: 2
05/25 15:51 [DEBUG] cshmd.analysis (find_bond)                                   : find_bond Si - O rcut -> 2.3
05/25 15:51 [DEBUG] cshmd.common (time_wrapper)                                  : [RUNTIME] get_distance_table in 0.297 seconds
05/25 15:51 [DEBUG] cshmd.analysis (get_mole)                                    : get_mole Si - O -> nbonds: 4
05/25 15:51 [DEBUG] cshmd.analysis (get_mole)                                    : get_mole O - H -> nbonds: 1
05/25 15:51 [DEBUG] cshmd.analysis (find_bond)                                   : find_bond C - O rcut -> 1.6
05/25 15:51 [DEBUG] cshmd.analysis (get_mole)                                    : get_mole C - O -> nbonds: 3
05/25 15:51 [DEBUG] cshmd.analysis (get_mole)                                    : get_mole O - H -> nbonds: 3
05/25 15:51 [DEBUG] cshmd.analysis (find_bond)                                   : find_bond Ca - O rcut -> 3.0
05/25 15:51 [DEBUG] cshmd.common (time_wrapper)                                  : [RUNTIME] get_distance_table in 0.303 seconds
05/25 15:51 [DEBUG] cshmd.analysis (search_basic)                                : Basic search result -> H2O: 576, SiO4: 656, OH: 272, CO3: 0, H3O: 0, Ca_O: 4036
05/25 15:51 [DEBUG] cshmd.analysis (full_search)                                 : Search layer details
05/25 15:51 [DEBUG] cshmd.analysis (set_layer_boundary)                          : Set layer boundary -> 0.24344102250000055 - 0.7445715765749975
05/25 15:51 [DEBUG] cshmd.analysis (find_bond)                                   : find_bond Ca - O rcut -> 2.6
05/25 15:51 [DEBUG] cshmd.analysis (find_bond)                                   : find_bond Ca - O rcut -> 3.1
05/25 15:51 [DEBUG] cshmd.analysis (find_bond)                                   : find_bond Ca - O rcut -> 5.2
05/25 15:51 [DEBUG] cshmd.analysis (_anal_surface_co3_adsorption)                : No 'C' in system
05/25 15:51 [DEBUG] cshmd.analysis (__detail_search_oh_co3)                      : No CO3 in basic search
05/25 15:51 [DEBUG] cshmd.analysis (__detail_search_oh_sioh)                     : Searching 'OH' in 'SiO4
05/25 15:51 [DEBUG] cshmd.analysis (__detail_search_oh_caoh)                     : Searching 'OH' in 'CaOH
05/25 15:51 [DEBUG] cshmd.analysis (find_bond)                                   : find_bond O - H rcut -> 1.15
05/25 15:51 [DEBUG] cshmd.analysis (get_mole)                                    : get_mole O - H -> nbonds: 1
05/25 15:51 [DEBUG] cshmd.analysis (get_mole)                                    : get_mole O - H -> nbonds: 2
05/25 15:51 [DEBUG] cshmd.analysis (find_bond)                                   : find_bond C - O rcut -> 1.4
05/25 15:51 [DEBUG] cshmd.analysis (get_mole)                                    : get_mole C - O -> nbonds: 3
05/25 15:51 [DEBUG] cshmd.analysis (find_bond)                                   : find_bond Si - O rcut -> 1.8
05/25 15:51 [DEBUG] cshmd.analysis (get_mole)                                    : get_mole Si - O -> nbonds: 4
05/25 15:51 [INFO] cshmd.functions (cal_uniform_by_space)                        : Number of molecules to add : 2679
05/25 15:51 [INFO] cshmd.functions (cal_uniform_by_space)                        : Number of atoms per surface : 272
05/25 15:51 [INFO] cshmd.functions (cal_uniform_by_space)                        : Number of layer : 10
05/25 15:51 [INFO] cshmd.structure (extendLattice)                               : Extend lattice 53.882 59.402 27.924 -> 53.882 59.402 45.924 
05/25 15:51 [INFO] cif_modifier (exec_make_interface)                            : MODE -> distribution
05/25 15:51 [INFO] cif_modifier (exec_make_interface)                            : Number of atoms: 5480 -> 13518
05/25 15:51 [INFO] cshmd.structure (labeling_by_clayff)                          : Now get label according to 'Clayff' style
05/25 15:51 [DEBUG] cshmd.analysis (get_mole)                                    : get_mole O - H -> nbonds: 1
05/25 15:51 [DEBUG] cshmd.analysis (get_mole)                                    : get_mole O - H -> nbonds: 2
05/25 15:51 [DEBUG] cshmd.analysis (get_mole)                                    : get_mole Si - O -> nbonds: 4
05/25 15:51 [DEBUG] cshmd.analysis (get_mole)                                    : get_mole C - O -> nbonds: 3
05/25 15:51 [INFO] cshmd.structure (labeling_by_clayff)                          : All atoms labeled by clayff
05/25 15:51 [INFO] cshmd.structure (labeling_by_clayff)                          : Clayff charge: 0.000
05/25 15:51 [INFO] cshmd.structure (writeCif)                                    : L060_w2750_c.cif was created
05/25 15:51 [INFO] cif_modifier (__init__)                                       : Total charge: 0 -> -2
05/25 15:51 [DEBUG] cshmd.common (get_logger)                                    : $$$$$$$$$$$$$$  Logger 'cshmd.common........' initialized  $$$$$$$$$$$$$$
05/25 15:51 [DEBUG] cshmd.functions (get_logger)                                 : $$$$$$$$$$$$$$  Logger 'cshmd.functions.....' initialized  $$$$$$$$$$$$$$
05/25 15:51 [DEBUG] cshmd.load (get_logger)                                      : $$$$$$$$$$$$$$  Logger 'cshmd.load..........' initialized  $$$$$$$$$$$$$$
05/25 15:51 [DEBUG] cshmd.analysis (get_logger)                                  : $$$$$$$$$$$$$$  Logger 'cshmd.analysis......' initialized  $$$$$$$$$$$$$$
05/25 15:51 [DEBUG] cshmd.equation (get_logger)                                  : $$$$$$$$$$$$$$  Logger 'cshmd.equation......' initialized  $$$$$$$$$$$$$$
05/25 15:51 [DEBUG] cshmd.structure (get_logger)                                 : $$$$$$$$$$$$$$  Logger 'cshmd.structure.....' initialized  $$$$$$$$$$$$$$
05/25 15:51 [DEBUG] cshmd.builder (get_logger)                                   : $$$$$$$$$$$$$$  Logger 'cshmd.builder.......' initialized  $$$$$$$$$$$$$$
05/25 15:51 [DEBUG] cshmd.trj_analysis (get_logger)                              : $$$$$$$$$$$$$$  Logger 'cshmd.trj_analysis..' initialized  $$$$$$$$$$$$$$
05/25 15:51 [DEBUG] cif_modifier (get_logger)                                    : $$$$$$$$$$$$$$  Logger 'cif_modifier........' initialized  $$$$$$$$$$$$$$
05/25 15:51 [INFO] cif_modifier (<module>)                                       : Logger loaded
05/25 15:51 [INFO] cshmd.structure (__init__)                                    : L070.cif was loaded
05/25 15:51 [DEBUG] cshmd.analysis (__init__)                                    : [Structure] Now new data setted for get Bonds
05/25 15:51 [DEBUG] cshmd.analysis (__del_bond__)                                : del -> Si_O O_H H_O Ca_O C_O BO NBO
05/25 15:51 [DEBUG] cshmd.analysis (__initialize_mole__)                         : initalize -> H2O SiO4 OH CO3 CO2 H3O
05/25 15:51 [DEBUG] cshmd.analysis (__initialize_mole__)                         : initalize -> SiOH CaOH HCO3 H2CO3 H3CO3
05/25 15:51 [DEBUG] cshmd.analysis (find_bond)                                   : find_bond O - H rcut -> 1.2
05/25 15:51 [DEBUG] cshmd.common (time_wrapper)                                  : [RUNTIME] get_distance_table in 0.626 seconds
05/25 15:51 [DEBUG] cshmd.analysis (get_mole)                                    : get_mole O - H -> nbonds: 2
05/25 15:51 [DEBUG] cshmd.analysis (find_bond)                                   : find_bond Si - O rcut -> 2.3
05/25 15:51 [DEBUG] cshmd.common (time_wrapper)                                  : [RUNTIME] get_distance_table in 0.312 seconds
05/25 15:51 [DEBUG] cshmd.analysis (get_mole)                                    : get_mole Si - O -> nbonds: 4
05/25 15:51 [DEBUG] cshmd.analysis (get_mole)                                    : get_mole O - H -> nbonds: 1
05/25 15:51 [DEBUG] cshmd.analysis (find_bond)                                   : find_bond C - O rcut -> 1.6
05/25 15:51 [DEBUG] cshmd.analysis (get_mole)                                    : get_mole C - O -> nbonds: 3
05/25 15:51 [DEBUG] cshmd.analysis (get_mole)                                    : get_mole O - H -> nbonds: 3
05/25 15:51 [DEBUG] cshmd.analysis (find_bond)                                   : find_bond Ca - O rcut -> 3.0
05/25 15:51 [DEBUG] cshmd.common (time_wrapper)                                  : [RUNTIME] get_distance_table in 0.291 seconds
05/25 15:51 [DEBUG] cshmd.analysis (search_basic)                                : Basic search result -> H2O: 576, SiO4: 672, OH: 288, CO3: 0, H3O: 0, Ca_O: 4008
05/25 15:51 [DEBUG] cshmd.analysis (full_search)                                 : Search layer details
05/25 15:51 [DEBUG] cshmd.analysis (set_layer_boundary)                          : Set layer boundary -> 0.24344102250000055 - 0.7445715765749975
05/25 15:51 [DEBUG] cshmd.analysis (find_bond)                                   : find_bond Ca - O rcut -> 2.6
05/25 15:51 [DEBUG] cshmd.analysis (find_bond)                                   : find_bond Ca - O rcut -> 3.1
05/25 15:51 [DEBUG] cshmd.analysis (find_bond)                                   : find_bond Ca - O rcut -> 5.2
05/25 15:51 [DEBUG] cshmd.analysis (_anal_surface_co3_adsorption)                : No 'C' in system
05/25 15:51 [DEBUG] cshmd.analysis (__detail_search_oh_co3)                      : No CO3 in basic search
05/25 15:51 [DEBUG] cshmd.analysis (__detail_search_oh_sioh)                     : Searching 'OH' in 'SiO4
05/25 15:51 [DEBUG] cshmd.analysis (__detail_search_oh_caoh)                     : Searching 'OH' in 'CaOH
05/25 15:51 [DEBUG] cshmd.analysis (find_bond)                                   : find_bond O - H rcut -> 1.15
05/25 15:51 [DEBUG] cshmd.analysis (get_mole)                                    : get_mole O - H -> nbonds: 1
05/25 15:51 [DEBUG] cshmd.analysis (get_mole)                                    : get_mole O - H -> nbonds: 2
05/25 15:51 [DEBUG] cshmd.analysis (find_bond)                                   : find_bond C - O rcut -> 1.4
05/25 15:51 [DEBUG] cshmd.analysis (get_mole)                                    : get_mole C - O -> nbonds: 3
05/25 15:51 [DEBUG] cshmd.analysis (find_bond)                                   : find_bond Si - O rcut -> 1.8
05/25 15:51 [DEBUG] cshmd.analysis (get_mole)                                    : get_mole Si - O -> nbonds: 4
05/25 15:51 [INFO] cshmd.functions (cal_uniform_by_space)                        : Number of molecules to add : 2679
05/25 15:51 [INFO] cshmd.functions (cal_uniform_by_space)                        : Number of atoms per surface : 272
05/25 15:51 [INFO] cshmd.functions (cal_uniform_by_space)                        : Number of layer : 10
05/25 15:51 [INFO] cshmd.structure (extendLattice)                               : Extend lattice 53.882 59.402 27.924 -> 53.882 59.402 45.924 
05/25 15:51 [INFO] cif_modifier (exec_make_interface)                            : MODE -> distribution
05/25 15:51 [INFO] cif_modifier (exec_make_interface)                            : Number of atoms: 5520 -> 13558
05/25 15:51 [INFO] cshmd.structure (labeling_by_clayff)                          : Now get label according to 'Clayff' style
05/25 15:51 [DEBUG] cshmd.analysis (get_mole)                                    : get_mole O - H -> nbonds: 1
05/25 15:51 [DEBUG] cshmd.analysis (get_mole)                                    : get_mole O - H -> nbonds: 2
05/25 15:51 [DEBUG] cshmd.analysis (get_mole)                                    : get_mole Si - O -> nbonds: 4
05/25 15:51 [DEBUG] cshmd.analysis (get_mole)                                    : get_mole C - O -> nbonds: 3
05/25 15:51 [INFO] cshmd.structure (labeling_by_clayff)                          : All atoms labeled by clayff
05/25 15:51 [INFO] cshmd.structure (labeling_by_clayff)                          : Clayff charge: 0.000
05/25 15:51 [INFO] cshmd.structure (writeCif)                                    : L070_w2750_c.cif was created
05/25 15:51 [INFO] cif_modifier (__init__)                                       : Total charge: 0 -> -2
05/25 15:51 [DEBUG] cshmd.common (get_logger)                                    : $$$$$$$$$$$$$$  Logger 'cshmd.common........' initialized  $$$$$$$$$$$$$$
05/25 15:51 [DEBUG] cshmd.functions (get_logger)                                 : $$$$$$$$$$$$$$  Logger 'cshmd.functions.....' initialized  $$$$$$$$$$$$$$
05/25 15:51 [DEBUG] cshmd.load (get_logger)                                      : $$$$$$$$$$$$$$  Logger 'cshmd.load..........' initialized  $$$$$$$$$$$$$$
05/25 15:51 [DEBUG] cshmd.analysis (get_logger)                                  : $$$$$$$$$$$$$$  Logger 'cshmd.analysis......' initialized  $$$$$$$$$$$$$$
05/25 15:51 [DEBUG] cshmd.equation (get_logger)                                  : $$$$$$$$$$$$$$  Logger 'cshmd.equation......' initialized  $$$$$$$$$$$$$$
05/25 15:51 [DEBUG] cshmd.structure (get_logger)                                 : $$$$$$$$$$$$$$  Logger 'cshmd.structure.....' initialized  $$$$$$$$$$$$$$
05/25 15:51 [DEBUG] cshmd.builder (get_logger)                                   : $$$$$$$$$$$$$$  Logger 'cshmd.builder.......' initialized  $$$$$$$$$$$$$$
05/25 15:51 [DEBUG] cshmd.trj_analysis (get_logger)                              : $$$$$$$$$$$$$$  Logger 'cshmd.trj_analysis..' initialized  $$$$$$$$$$$$$$
05/25 15:51 [DEBUG] cif_modifier (get_logger)                                    : $$$$$$$$$$$$$$  Logger 'cif_modifier........' initialized  $$$$$$$$$$$$$$
05/25 15:51 [INFO] cif_modifier (<module>)                                       : Logger loaded
05/25 15:51 [INFO] cshmd.structure (__init__)                                    : L080.cif was loaded
05/25 15:51 [DEBUG] cshmd.analysis (__init__)                                    : [Structure] Now new data setted for get Bonds
05/25 15:51 [DEBUG] cshmd.analysis (__del_bond__)                                : del -> Si_O O_H H_O Ca_O C_O BO NBO
05/25 15:51 [DEBUG] cshmd.analysis (__initialize_mole__)                         : initalize -> H2O SiO4 OH CO3 CO2 H3O
05/25 15:51 [DEBUG] cshmd.analysis (__initialize_mole__)                         : initalize -> SiOH CaOH HCO3 H2CO3 H3CO3
05/25 15:51 [DEBUG] cshmd.analysis (find_bond)                                   : find_bond O - H rcut -> 1.2
05/25 15:51 [DEBUG] cshmd.common (time_wrapper)                                  : [RUNTIME] get_distance_table in 0.731 seconds
05/25 15:51 [DEBUG] cshmd.analysis (get_mole)                                    : get_mole O - H -> nbonds: 2
05/25 15:51 [DEBUG] cshmd.analysis (find_bond)                                   : find_bond Si - O rcut -> 2.3
05/25 15:51 [DEBUG] cshmd.common (time_wrapper)                                  : [RUNTIME] get_distance_table in 0.341 seconds
05/25 15:51 [DEBUG] cshmd.analysis (get_mole)                                    : get_mole Si - O -> nbonds: 4
05/25 15:51 [DEBUG] cshmd.analysis (get_mole)                                    : get_mole O - H -> nbonds: 1
05/25 15:51 [DEBUG] cshmd.analysis (find_bond)                                   : find_bond C - O rcut -> 1.6
05/25 15:51 [DEBUG] cshmd.analysis (get_mole)                                    : get_mole C - O -> nbonds: 3
05/25 15:51 [DEBUG] cshmd.analysis (get_mole)                                    : get_mole O - H -> nbonds: 3
05/25 15:51 [DEBUG] cshmd.analysis (find_bond)                                   : find_bond Ca - O rcut -> 3.0
05/25 15:51 [DEBUG] cshmd.common (time_wrapper)                                  : [RUNTIME] get_distance_table in 0.310 seconds
05/25 15:51 [DEBUG] cshmd.analysis (search_basic)                                : Basic search result -> H2O: 576, SiO4: 680, OH: 296, CO3: 0, H3O: 0, Ca_O: 3994
05/25 15:51 [DEBUG] cshmd.analysis (full_search)                                 : Search layer details
05/25 15:51 [DEBUG] cshmd.analysis (set_layer_boundary)                          : Set layer boundary -> 0.24344102250000055 - 0.7445715765749975
05/25 15:51 [DEBUG] cshmd.analysis (find_bond)                                   : find_bond Ca - O rcut -> 2.6
05/25 15:51 [DEBUG] cshmd.analysis (find_bond)                                   : find_bond Ca - O rcut -> 3.1
05/25 15:51 [DEBUG] cshmd.analysis (find_bond)                                   : find_bond Ca - O rcut -> 5.2
05/25 15:51 [DEBUG] cshmd.analysis (_anal_surface_co3_adsorption)                : No 'C' in system
05/25 15:51 [DEBUG] cshmd.analysis (__detail_search_oh_co3)                      : No CO3 in basic search
05/25 15:51 [DEBUG] cshmd.analysis (__detail_search_oh_sioh)                     : Searching 'OH' in 'SiO4
05/25 15:51 [DEBUG] cshmd.analysis (__detail_search_oh_caoh)                     : Searching 'OH' in 'CaOH
05/25 15:51 [DEBUG] cshmd.analysis (find_bond)                                   : find_bond O - H rcut -> 1.15
05/25 15:51 [DEBUG] cshmd.analysis (get_mole)                                    : get_mole O - H -> nbonds: 1
05/25 15:51 [DEBUG] cshmd.analysis (get_mole)                                    : get_mole O - H -> nbonds: 2
05/25 15:51 [DEBUG] cshmd.analysis (find_bond)                                   : find_bond C - O rcut -> 1.4
05/25 15:51 [DEBUG] cshmd.analysis (get_mole)                                    : get_mole C - O -> nbonds: 3
05/25 15:51 [DEBUG] cshmd.analysis (find_bond)                                   : find_bond Si - O rcut -> 1.8
05/25 15:51 [DEBUG] cshmd.analysis (get_mole)                                    : get_mole Si - O -> nbonds: 4
05/25 15:51 [INFO] cshmd.functions (cal_uniform_by_space)                        : Number of molecules to add : 2679
05/25 15:51 [INFO] cshmd.functions (cal_uniform_by_space)                        : Number of atoms per surface : 272
05/25 15:51 [INFO] cshmd.functions (cal_uniform_by_space)                        : Number of layer : 10
05/25 15:51 [INFO] cshmd.structure (extendLattice)                               : Extend lattice 53.882 59.402 27.924 -> 53.882 59.402 45.924 
05/25 15:51 [INFO] cif_modifier (exec_make_interface)                            : MODE -> distribution
05/25 15:52 [DEBUG] cshmd.common (get_logger)                                    : $$$$$$$$$$$$$$  Logger 'cshmd.common........' initialized  $$$$$$$$$$$$$$
05/25 15:52 [DEBUG] cshmd.functions (get_logger)                                 : $$$$$$$$$$$$$$  Logger 'cshmd.functions.....' initialized  $$$$$$$$$$$$$$
05/25 15:52 [DEBUG] cshmd.load (get_logger)                                      : $$$$$$$$$$$$$$  Logger 'cshmd.load..........' initialized  $$$$$$$$$$$$$$
05/25 15:52 [DEBUG] cshmd.analysis (get_logger)                                  : $$$$$$$$$$$$$$  Logger 'cshmd.analysis......' initialized  $$$$$$$$$$$$$$
05/25 15:52 [DEBUG] cshmd.equation (get_logger)                                  : $$$$$$$$$$$$$$  Logger 'cshmd.equation......' initialized  $$$$$$$$$$$$$$
05/25 15:52 [DEBUG] cshmd.structure (get_logger)                                 : $$$$$$$$$$$$$$  Logger 'cshmd.structure.....' initialized  $$$$$$$$$$$$$$
05/25 15:52 [DEBUG] cshmd.builder (get_logger)                                   : $$$$$$$$$$$$$$  Logger 'cshmd.builder.......' initialized  $$$$$$$$$$$$$$
05/25 15:52 [DEBUG] cshmd.trj_analysis (get_logger)                              : $$$$$$$$$$$$$$  Logger 'cshmd.trj_analysis..' initialized  $$$$$$$$$$$$$$
05/25 15:52 [DEBUG] cif_modifier (get_logger)                                    : $$$$$$$$$$$$$$  Logger 'cif_modifier........' initialized  $$$$$$$$$$$$$$
05/25 15:52 [INFO] cif_modifier (<module>)                                       : Logger loaded
05/25 15:52 [INFO] cshmd.structure (__init__)                                    : L020.cif was loaded
05/25 15:52 [DEBUG] cshmd.analysis (__init__)                                    : [Structure] Now new data setted for get Bonds
05/25 15:52 [DEBUG] cshmd.analysis (__del_bond__)                                : del -> Si_O O_H H_O Ca_O C_O BO NBO
05/25 15:52 [DEBUG] cshmd.analysis (__initialize_mole__)                         : initalize -> H2O SiO4 OH CO3 CO2 H3O
05/25 15:52 [DEBUG] cshmd.analysis (__initialize_mole__)                         : initalize -> SiOH CaOH HCO3 H2CO3 H3CO3
05/25 15:52 [DEBUG] cshmd.analysis (find_bond)                                   : find_bond O - H rcut -> 1.2
05/25 15:52 [DEBUG] cshmd.common (time_wrapper)                                  : [RUNTIME] get_distance_table in 0.563 seconds
05/25 15:52 [DEBUG] cshmd.analysis (get_mole)                                    : get_mole O - H -> nbonds: 2
05/25 15:52 [DEBUG] cshmd.analysis (find_bond)                                   : find_bond Si - O rcut -> 2.3
05/25 15:52 [DEBUG] cshmd.common (time_wrapper)                                  : [RUNTIME] get_distance_table in 0.238 seconds
05/25 15:52 [DEBUG] cshmd.analysis (get_mole)                                    : get_mole Si - O -> nbonds: 4
05/25 15:52 [DEBUG] cshmd.analysis (get_mole)                                    : get_mole O - H -> nbonds: 1
05/25 15:52 [DEBUG] cshmd.analysis (find_bond)                                   : find_bond C - O rcut -> 1.6
05/25 15:52 [DEBUG] cshmd.analysis (get_mole)                                    : get_mole C - O -> nbonds: 3
05/25 15:52 [DEBUG] cshmd.analysis (get_mole)                                    : get_mole O - H -> nbonds: 3
05/25 15:52 [DEBUG] cshmd.analysis (find_bond)                                   : find_bond Ca - O rcut -> 3.0
05/25 15:52 [DEBUG] cshmd.common (time_wrapper)                                  : [RUNTIME] get_distance_table in 0.414 seconds
05/25 15:52 [DEBUG] cshmd.analysis (search_basic)                                : Basic search result -> H2O: 576, SiO4: 512, OH: 128, CO3: 0, H3O: 0, Ca_O: 4288
05/25 15:52 [DEBUG] cshmd.analysis (full_search)                                 : Search layer details
05/25 15:52 [DEBUG] cshmd.analysis (set_layer_boundary)                          : Set layer boundary -> 0.24344102250000055 - 0.7445715765749975
05/25 15:52 [DEBUG] cshmd.analysis (find_bond)                                   : find_bond Ca - O rcut -> 2.6
05/25 15:52 [DEBUG] cshmd.analysis (find_bond)                                   : find_bond Ca - O rcut -> 3.1
05/25 15:52 [DEBUG] cshmd.analysis (find_bond)                                   : find_bond Ca - O rcut -> 5.2
05/25 15:52 [DEBUG] cshmd.analysis (_anal_surface_co3_adsorption)                : No 'C' in system
05/25 15:52 [DEBUG] cshmd.analysis (__detail_search_oh_co3)                      : No CO3 in basic search
05/25 15:52 [DEBUG] cshmd.analysis (__detail_search_oh_sioh)                     : Searching 'OH' in 'SiO4
05/25 15:52 [DEBUG] cshmd.analysis (__detail_search_oh_caoh)                     : Searching 'OH' in 'CaOH
05/25 15:52 [DEBUG] cshmd.analysis (find_bond)                                   : find_bond O - H rcut -> 1.15
05/25 15:52 [DEBUG] cshmd.analysis (get_mole)                                    : get_mole O - H -> nbonds: 1
05/25 15:52 [DEBUG] cshmd.analysis (get_mole)                                    : get_mole O - H -> nbonds: 2
05/25 15:52 [DEBUG] cshmd.analysis (find_bond)                                   : find_bond C - O rcut -> 1.4
05/25 15:52 [DEBUG] cshmd.analysis (get_mole)                                    : get_mole C - O -> nbonds: 3
05/25 15:52 [DEBUG] cshmd.analysis (find_bond)                                   : find_bond Si - O rcut -> 1.8
05/25 15:52 [DEBUG] cshmd.analysis (get_mole)                                    : get_mole Si - O -> nbonds: 4
05/25 15:52 [INFO] cshmd.functions (cal_uniform_by_space)                        : Number of molecules to add : 2679
05/25 15:52 [INFO] cshmd.functions (cal_uniform_by_space)                        : Number of atoms per surface : 272
05/25 15:52 [INFO] cshmd.functions (cal_uniform_by_space)                        : Number of layer : 10
05/25 15:52 [INFO] cshmd.structure (extendLattice)                               : Extend lattice 53.882 59.402 27.924 -> 53.882 59.402 45.924 
05/25 15:52 [INFO] cif_modifier (exec_make_interface)                            : MODE -> distribution
05/25 15:52 [INFO] cif_modifier (exec_make_interface)                            : Number of atoms: 5120 -> 13158
05/25 15:52 [INFO] cshmd.structure (labeling_by_clayff)                          : Now get label according to 'Clayff' style
05/25 15:52 [DEBUG] cshmd.analysis (get_mole)                                    : get_mole O - H -> nbonds: 1
05/25 15:52 [DEBUG] cshmd.analysis (get_mole)                                    : get_mole O - H -> nbonds: 2
05/25 15:52 [DEBUG] cshmd.analysis (get_mole)                                    : get_mole Si - O -> nbonds: 4
05/25 15:52 [DEBUG] cshmd.analysis (get_mole)                                    : get_mole C - O -> nbonds: 3
05/25 15:52 [INFO] cshmd.structure (labeling_by_clayff)                          : All atoms labeled by clayff
05/25 15:52 [INFO] cshmd.structure (labeling_by_clayff)                          : Clayff charge: 0.000
05/25 15:52 [INFO] cshmd.structure (writeCif)                                    : L020_w2750_c.cif was created
05/25 15:52 [INFO] cif_modifier (__init__)                                       : Total charge: 0 -> -2
05/25 15:52 [DEBUG] cshmd.common (get_logger)                                    : $$$$$$$$$$$$$$  Logger 'cshmd.common........' initialized  $$$$$$$$$$$$$$
05/25 15:52 [DEBUG] cshmd.functions (get_logger)                                 : $$$$$$$$$$$$$$  Logger 'cshmd.functions.....' initialized  $$$$$$$$$$$$$$
05/25 15:52 [DEBUG] cshmd.load (get_logger)                                      : $$$$$$$$$$$$$$  Logger 'cshmd.load..........' initialized  $$$$$$$$$$$$$$
05/25 15:52 [DEBUG] cshmd.analysis (get_logger)                                  : $$$$$$$$$$$$$$  Logger 'cshmd.analysis......' initialized  $$$$$$$$$$$$$$
05/25 15:52 [DEBUG] cshmd.equation (get_logger)                                  : $$$$$$$$$$$$$$  Logger 'cshmd.equation......' initialized  $$$$$$$$$$$$$$
05/25 15:52 [DEBUG] cshmd.structure (get_logger)                                 : $$$$$$$$$$$$$$  Logger 'cshmd.structure.....' initialized  $$$$$$$$$$$$$$
05/25 15:52 [DEBUG] cshmd.builder (get_logger)                                   : $$$$$$$$$$$$$$  Logger 'cshmd.builder.......' initialized  $$$$$$$$$$$$$$
05/25 15:52 [DEBUG] cshmd.trj_analysis (get_logger)                              : $$$$$$$$$$$$$$  Logger 'cshmd.trj_analysis..' initialized  $$$$$$$$$$$$$$
05/25 15:52 [DEBUG] cif_modifier (get_logger)                                    : $$$$$$$$$$$$$$  Logger 'cif_modifier........' initialized  $$$$$$$$$$$$$$
05/25 15:52 [INFO] cif_modifier (<module>)                                       : Logger loaded
05/25 15:52 [INFO] cshmd.structure (__init__)                                    : L025.cif was loaded
05/25 15:52 [DEBUG] cshmd.analysis (__init__)                                    : [Structure] Now new data setted for get Bonds
05/25 15:52 [DEBUG] cshmd.analysis (__del_bond__)                                : del -> Si_O O_H H_O Ca_O C_O BO NBO
05/25 15:52 [DEBUG] cshmd.analysis (__initialize_mole__)                         : initalize -> H2O SiO4 OH CO3 CO2 H3O
05/25 15:52 [DEBUG] cshmd.analysis (__initialize_mole__)                         : initalize -> SiOH CaOH HCO3 H2CO3 H3CO3
05/25 15:52 [DEBUG] cshmd.analysis (find_bond)                                   : find_bond O - H rcut -> 1.2
05/25 15:52 [DEBUG] cshmd.common (time_wrapper)                                  : [RUNTIME] get_distance_table in 0.548 seconds
05/25 15:52 [DEBUG] cshmd.analysis (get_mole)                                    : get_mole O - H -> nbonds: 2
05/25 15:52 [DEBUG] cshmd.analysis (find_bond)                                   : find_bond Si - O rcut -> 2.3
05/25 15:52 [DEBUG] cshmd.common (time_wrapper)                                  : [RUNTIME] get_distance_table in 0.259 seconds
05/25 15:52 [DEBUG] cshmd.analysis (get_mole)                                    : get_mole Si - O -> nbonds: 4
05/25 15:52 [DEBUG] cshmd.analysis (get_mole)                                    : get_mole O - H -> nbonds: 1
05/25 15:52 [DEBUG] cshmd.analysis (find_bond)                                   : find_bond C - O rcut -> 1.6
05/25 15:52 [DEBUG] cshmd.analysis (get_mole)                                    : get_mole C - O -> nbonds: 3
05/25 15:52 [DEBUG] cshmd.analysis (get_mole)                                    : get_mole O - H -> nbonds: 3
05/25 15:52 [DEBUG] cshmd.analysis (find_bond)                                   : find_bond Ca - O rcut -> 3.0
05/25 15:52 [DEBUG] cshmd.common (time_wrapper)                                  : [RUNTIME] get_distance_table in 0.333 seconds
05/25 15:52 [DEBUG] cshmd.analysis (search_basic)                                : Basic search result -> H2O: 576, SiO4: 548, OH: 164, CO3: 0, H3O: 0, Ca_O: 4225
05/25 15:52 [DEBUG] cshmd.analysis (full_search)                                 : Search layer details
05/25 15:52 [DEBUG] cshmd.analysis (set_layer_boundary)                          : Set layer boundary -> 0.24344102250000055 - 0.7445715765749975
05/25 15:52 [DEBUG] cshmd.analysis (find_bond)                                   : find_bond Ca - O rcut -> 2.6
05/25 15:52 [DEBUG] cshmd.analysis (find_bond)                                   : find_bond Ca - O rcut -> 3.1
05/25 15:52 [DEBUG] cshmd.analysis (find_bond)                                   : find_bond Ca - O rcut -> 5.2
05/25 15:52 [DEBUG] cshmd.analysis (_anal_surface_co3_adsorption)                : No 'C' in system
05/25 15:52 [DEBUG] cshmd.analysis (__detail_search_oh_co3)                      : No CO3 in basic search
05/25 15:52 [DEBUG] cshmd.analysis (__detail_search_oh_sioh)                     : Searching 'OH' in 'SiO4
05/25 15:52 [DEBUG] cshmd.analysis (__detail_search_oh_caoh)                     : Searching 'OH' in 'CaOH
05/25 15:52 [DEBUG] cshmd.analysis (find_bond)                                   : find_bond O - H rcut -> 1.15
05/25 15:52 [DEBUG] cshmd.analysis (get_mole)                                    : get_mole O - H -> nbonds: 1
05/25 15:52 [DEBUG] cshmd.analysis (get_mole)                                    : get_mole O - H -> nbonds: 2
05/25 15:52 [DEBUG] cshmd.analysis (find_bond)                                   : find_bond C - O rcut -> 1.4
05/25 15:52 [DEBUG] cshmd.analysis (get_mole)                                    : get_mole C - O -> nbonds: 3
05/25 15:52 [DEBUG] cshmd.analysis (find_bond)                                   : find_bond Si - O rcut -> 1.8
05/25 15:52 [DEBUG] cshmd.analysis (get_mole)                                    : get_mole Si - O -> nbonds: 4
05/25 15:52 [INFO] cshmd.functions (cal_uniform_by_space)                        : Number of molecules to add : 2679
05/25 15:52 [INFO] cshmd.functions (cal_uniform_by_space)                        : Number of atoms per surface : 272
05/25 15:52 [INFO] cshmd.functions (cal_uniform_by_space)                        : Number of layer : 10
05/25 15:52 [INFO] cshmd.structure (extendLattice)                               : Extend lattice 53.882 59.402 27.924 -> 53.882 59.402 45.924 
05/25 15:52 [INFO] cif_modifier (exec_make_interface)                            : MODE -> distribution
05/25 15:52 [INFO] cif_modifier (exec_make_interface)                            : Number of atoms: 5210 -> 13248
05/25 15:52 [INFO] cshmd.structure (labeling_by_clayff)                          : Now get label according to 'Clayff' style
05/25 15:52 [DEBUG] cshmd.analysis (get_mole)                                    : get_mole O - H -> nbonds: 1
05/25 15:52 [DEBUG] cshmd.analysis (get_mole)                                    : get_mole O - H -> nbonds: 2
05/25 15:52 [DEBUG] cshmd.analysis (get_mole)                                    : get_mole Si - O -> nbonds: 4
05/25 15:52 [DEBUG] cshmd.analysis (get_mole)                                    : get_mole C - O -> nbonds: 3
05/25 15:52 [INFO] cshmd.structure (labeling_by_clayff)                          : All atoms labeled by clayff
05/25 15:52 [INFO] cshmd.structure (labeling_by_clayff)                          : Clayff charge: 0.000
05/25 15:52 [INFO] cshmd.structure (writeCif)                                    : L025_w2750_c.cif was created
05/25 15:52 [INFO] cif_modifier (__init__)                                       : Total charge: 0 -> -2
05/25 15:52 [DEBUG] cshmd.common (get_logger)                                    : $$$$$$$$$$$$$$  Logger 'cshmd.common........' initialized  $$$$$$$$$$$$$$
05/25 15:52 [DEBUG] cshmd.functions (get_logger)                                 : $$$$$$$$$$$$$$  Logger 'cshmd.functions.....' initialized  $$$$$$$$$$$$$$
05/25 15:52 [DEBUG] cshmd.load (get_logger)                                      : $$$$$$$$$$$$$$  Logger 'cshmd.load..........' initialized  $$$$$$$$$$$$$$
05/25 15:52 [DEBUG] cshmd.analysis (get_logger)                                  : $$$$$$$$$$$$$$  Logger 'cshmd.analysis......' initialized  $$$$$$$$$$$$$$
05/25 15:52 [DEBUG] cshmd.equation (get_logger)                                  : $$$$$$$$$$$$$$  Logger 'cshmd.equation......' initialized  $$$$$$$$$$$$$$
05/25 15:52 [DEBUG] cshmd.structure (get_logger)                                 : $$$$$$$$$$$$$$  Logger 'cshmd.structure.....' initialized  $$$$$$$$$$$$$$
05/25 15:52 [DEBUG] cshmd.builder (get_logger)                                   : $$$$$$$$$$$$$$  Logger 'cshmd.builder.......' initialized  $$$$$$$$$$$$$$
05/25 15:52 [DEBUG] cshmd.trj_analysis (get_logger)                              : $$$$$$$$$$$$$$  Logger 'cshmd.trj_analysis..' initialized  $$$$$$$$$$$$$$
05/25 15:52 [DEBUG] cif_modifier (get_logger)                                    : $$$$$$$$$$$$$$  Logger 'cif_modifier........' initialized  $$$$$$$$$$$$$$
05/25 15:52 [INFO] cif_modifier (<module>)                                       : Logger loaded
05/25 15:52 [INFO] cshmd.structure (__init__)                                    : L030.cif was loaded
05/25 15:52 [DEBUG] cshmd.analysis (__init__)                                    : [Structure] Now new data setted for get Bonds
05/25 15:52 [DEBUG] cshmd.analysis (__del_bond__)                                : del -> Si_O O_H H_O Ca_O C_O BO NBO
05/25 15:52 [DEBUG] cshmd.analysis (__initialize_mole__)                         : initalize -> H2O SiO4 OH CO3 CO2 H3O
05/25 15:52 [DEBUG] cshmd.analysis (__initialize_mole__)                         : initalize -> SiOH CaOH HCO3 H2CO3 H3CO3
05/25 15:52 [DEBUG] cshmd.analysis (find_bond)                                   : find_bond O - H rcut -> 1.2
05/25 15:52 [DEBUG] cshmd.common (time_wrapper)                                  : [RUNTIME] get_distance_table in 0.606 seconds
05/25 15:52 [DEBUG] cshmd.analysis (get_mole)                                    : get_mole O - H -> nbonds: 2
05/25 15:52 [DEBUG] cshmd.analysis (find_bond)                                   : find_bond Si - O rcut -> 2.3
05/25 15:52 [DEBUG] cshmd.common (time_wrapper)                                  : [RUNTIME] get_distance_table in 0.273 seconds
05/25 15:52 [DEBUG] cshmd.analysis (get_mole)                                    : get_mole Si - O -> nbonds: 4
05/25 15:52 [DEBUG] cshmd.analysis (get_mole)                                    : get_mole O - H -> nbonds: 1
05/25 15:52 [DEBUG] cshmd.analysis (find_bond)                                   : find_bond C - O rcut -> 1.6
05/25 15:52 [DEBUG] cshmd.analysis (get_mole)                                    : get_mole C - O -> nbonds: 3
05/25 15:52 [DEBUG] cshmd.analysis (get_mole)                                    : get_mole O - H -> nbonds: 3
05/25 15:52 [DEBUG] cshmd.analysis (find_bond)                                   : find_bond Ca - O rcut -> 3.0
05/25 15:52 [DEBUG] cshmd.common (time_wrapper)                                  : [RUNTIME] get_distance_table in 0.347 seconds
05/25 15:52 [DEBUG] cshmd.analysis (search_basic)                                : Basic search result -> H2O: 576, SiO4: 576, OH: 192, CO3: 0, H3O: 0, Ca_O: 4176
05/25 15:52 [DEBUG] cshmd.analysis (full_search)                                 : Search layer details
05/25 15:52 [DEBUG] cshmd.analysis (set_layer_boundary)                          : Set layer boundary -> 0.24344102250000055 - 0.7445715765749975
05/25 15:52 [DEBUG] cshmd.analysis (find_bond)                                   : find_bond Ca - O rcut -> 2.6
05/25 15:52 [DEBUG] cshmd.analysis (find_bond)                                   : find_bond Ca - O rcut -> 3.1
05/25 15:52 [DEBUG] cshmd.analysis (find_bond)                                   : find_bond Ca - O rcut -> 5.2
05/25 15:52 [DEBUG] cshmd.analysis (_anal_surface_co3_adsorption)                : No 'C' in system
05/25 15:52 [DEBUG] cshmd.analysis (__detail_search_oh_co3)                      : No CO3 in basic search
05/25 15:52 [DEBUG] cshmd.analysis (__detail_search_oh_sioh)                     : Searching 'OH' in 'SiO4
05/25 15:52 [DEBUG] cshmd.analysis (__detail_search_oh_caoh)                     : Searching 'OH' in 'CaOH
05/25 15:52 [DEBUG] cshmd.analysis (find_bond)                                   : find_bond O - H rcut -> 1.15
05/25 15:52 [DEBUG] cshmd.analysis (get_mole)                                    : get_mole O - H -> nbonds: 1
05/25 15:52 [DEBUG] cshmd.analysis (get_mole)                                    : get_mole O - H -> nbonds: 2
05/25 15:52 [DEBUG] cshmd.analysis (find_bond)                                   : find_bond C - O rcut -> 1.4
05/25 15:52 [DEBUG] cshmd.analysis (get_mole)                                    : get_mole C - O -> nbonds: 3
05/25 15:52 [DEBUG] cshmd.analysis (find_bond)                                   : find_bond Si - O rcut -> 1.8
05/25 15:52 [DEBUG] cshmd.analysis (get_mole)                                    : get_mole Si - O -> nbonds: 4
05/25 15:52 [INFO] cshmd.functions (cal_uniform_by_space)                        : Number of molecules to add : 2679
05/25 15:52 [INFO] cshmd.functions (cal_uniform_by_space)                        : Number of atoms per surface : 272
05/25 15:52 [INFO] cshmd.functions (cal_uniform_by_space)                        : Number of layer : 10
05/25 15:52 [INFO] cshmd.structure (extendLattice)                               : Extend lattice 53.882 59.402 27.924 -> 53.882 59.402 45.924 
05/25 15:52 [INFO] cif_modifier (exec_make_interface)                            : MODE -> distribution
05/25 15:52 [INFO] cif_modifier (exec_make_interface)                            : Number of atoms: 5280 -> 13318
05/25 15:52 [INFO] cshmd.structure (labeling_by_clayff)                          : Now get label according to 'Clayff' style
05/25 15:52 [DEBUG] cshmd.analysis (get_mole)                                    : get_mole O - H -> nbonds: 1
05/25 15:52 [DEBUG] cshmd.analysis (get_mole)                                    : get_mole O - H -> nbonds: 2
05/25 15:52 [DEBUG] cshmd.analysis (get_mole)                                    : get_mole Si - O -> nbonds: 4
05/25 15:52 [DEBUG] cshmd.analysis (get_mole)                                    : get_mole C - O -> nbonds: 3
05/25 15:52 [INFO] cshmd.structure (labeling_by_clayff)                          : All atoms labeled by clayff
05/25 15:52 [INFO] cshmd.structure (labeling_by_clayff)                          : Clayff charge: 0.000
05/25 15:52 [INFO] cshmd.structure (writeCif)                                    : L030_w2750_c.cif was created
05/25 15:52 [INFO] cif_modifier (__init__)                                       : Total charge: 0 -> -2
05/25 15:52 [DEBUG] cshmd.common (get_logger)                                    : $$$$$$$$$$$$$$  Logger 'cshmd.common........' initialized  $$$$$$$$$$$$$$
05/25 15:52 [DEBUG] cshmd.functions (get_logger)                                 : $$$$$$$$$$$$$$  Logger 'cshmd.functions.....' initialized  $$$$$$$$$$$$$$
05/25 15:52 [DEBUG] cshmd.load (get_logger)                                      : $$$$$$$$$$$$$$  Logger 'cshmd.load..........' initialized  $$$$$$$$$$$$$$
05/25 15:52 [DEBUG] cshmd.analysis (get_logger)                                  : $$$$$$$$$$$$$$  Logger 'cshmd.analysis......' initialized  $$$$$$$$$$$$$$
05/25 15:52 [DEBUG] cshmd.equation (get_logger)                                  : $$$$$$$$$$$$$$  Logger 'cshmd.equation......' initialized  $$$$$$$$$$$$$$
05/25 15:52 [DEBUG] cshmd.structure (get_logger)                                 : $$$$$$$$$$$$$$  Logger 'cshmd.structure.....' initialized  $$$$$$$$$$$$$$
05/25 15:52 [DEBUG] cshmd.builder (get_logger)                                   : $$$$$$$$$$$$$$  Logger 'cshmd.builder.......' initialized  $$$$$$$$$$$$$$
05/25 15:52 [DEBUG] cshmd.trj_analysis (get_logger)                              : $$$$$$$$$$$$$$  Logger 'cshmd.trj_analysis..' initialized  $$$$$$$$$$$$$$
05/25 15:52 [DEBUG] cif_modifier (get_logger)                                    : $$$$$$$$$$$$$$  Logger 'cif_modifier........' initialized  $$$$$$$$$$$$$$
05/25 15:52 [INFO] cif_modifier (<module>)                                       : Logger loaded
05/25 15:52 [INFO] cshmd.structure (__init__)                                    : L035.cif was loaded
05/25 15:52 [DEBUG] cshmd.analysis (__init__)                                    : [Structure] Now new data setted for get Bonds
05/25 15:52 [DEBUG] cshmd.analysis (__del_bond__)                                : del -> Si_O O_H H_O Ca_O C_O BO NBO
05/25 15:52 [DEBUG] cshmd.analysis (__initialize_mole__)                         : initalize -> H2O SiO4 OH CO3 CO2 H3O
05/25 15:52 [DEBUG] cshmd.analysis (__initialize_mole__)                         : initalize -> SiOH CaOH HCO3 H2CO3 H3CO3
05/25 15:52 [DEBUG] cshmd.analysis (find_bond)                                   : find_bond O - H rcut -> 1.2
05/25 15:52 [DEBUG] cshmd.common (time_wrapper)                                  : [RUNTIME] get_distance_table in 0.570 seconds
05/25 15:52 [DEBUG] cshmd.analysis (get_mole)                                    : get_mole O - H -> nbonds: 2
05/25 15:52 [DEBUG] cshmd.analysis (find_bond)                                   : find_bond Si - O rcut -> 2.3
05/25 15:52 [DEBUG] cshmd.common (time_wrapper)                                  : [RUNTIME] get_distance_table in 0.270 seconds
05/25 15:52 [DEBUG] cshmd.analysis (get_mole)                                    : get_mole Si - O -> nbonds: 4
05/25 15:52 [DEBUG] cshmd.analysis (get_mole)                                    : get_mole O - H -> nbonds: 1
05/25 15:52 [DEBUG] cshmd.analysis (find_bond)                                   : find_bond C - O rcut -> 1.6
05/25 15:52 [DEBUG] cshmd.analysis (get_mole)                                    : get_mole C - O -> nbonds: 3
05/25 15:52 [DEBUG] cshmd.analysis (get_mole)                                    : get_mole O - H -> nbonds: 3
05/25 15:52 [DEBUG] cshmd.analysis (find_bond)                                   : find_bond Ca - O rcut -> 3.0
05/25 15:52 [DEBUG] cshmd.common (time_wrapper)                                  : [RUNTIME] get_distance_table in 0.309 seconds
05/25 15:52 [DEBUG] cshmd.analysis (search_basic)                                : Basic search result -> H2O: 576, SiO4: 596, OH: 212, CO3: 0, H3O: 0, Ca_O: 4141
05/25 15:52 [DEBUG] cshmd.analysis (full_search)                                 : Search layer details
05/25 15:52 [DEBUG] cshmd.analysis (set_layer_boundary)                          : Set layer boundary -> 0.24344102250000055 - 0.7445715765749975
05/25 15:52 [DEBUG] cshmd.analysis (find_bond)                                   : find_bond Ca - O rcut -> 2.6
05/25 15:52 [DEBUG] cshmd.analysis (find_bond)                                   : find_bond Ca - O rcut -> 3.1
05/25 15:52 [DEBUG] cshmd.analysis (find_bond)                                   : find_bond Ca - O rcut -> 5.2
05/25 15:52 [DEBUG] cshmd.analysis (_anal_surface_co3_adsorption)                : No 'C' in system
05/25 15:52 [DEBUG] cshmd.analysis (__detail_search_oh_co3)                      : No CO3 in basic search
05/25 15:52 [DEBUG] cshmd.analysis (__detail_search_oh_sioh)                     : Searching 'OH' in 'SiO4
05/25 15:52 [DEBUG] cshmd.analysis (__detail_search_oh_caoh)                     : Searching 'OH' in 'CaOH
05/25 15:52 [DEBUG] cshmd.analysis (find_bond)                                   : find_bond O - H rcut -> 1.15
05/25 15:52 [DEBUG] cshmd.analysis (get_mole)                                    : get_mole O - H -> nbonds: 1
05/25 15:52 [DEBUG] cshmd.analysis (get_mole)                                    : get_mole O - H -> nbonds: 2
05/25 15:52 [DEBUG] cshmd.analysis (find_bond)                                   : find_bond C - O rcut -> 1.4
05/25 15:52 [DEBUG] cshmd.analysis (get_mole)                                    : get_mole C - O -> nbonds: 3
05/25 15:52 [DEBUG] cshmd.analysis (find_bond)                                   : find_bond Si - O rcut -> 1.8
05/25 15:52 [DEBUG] cshmd.analysis (get_mole)                                    : get_mole Si - O -> nbonds: 4
05/25 15:52 [INFO] cshmd.functions (cal_uniform_by_space)                        : Number of molecules to add : 2679
05/25 15:52 [INFO] cshmd.functions (cal_uniform_by_space)                        : Number of atoms per surface : 272
05/25 15:52 [INFO] cshmd.functions (cal_uniform_by_space)                        : Number of layer : 10
05/25 15:52 [INFO] cshmd.structure (extendLattice)                               : Extend lattice 53.882 59.402 27.924 -> 53.882 59.402 45.924 
05/25 15:52 [INFO] cif_modifier (exec_make_interface)                            : MODE -> distribution
05/25 15:52 [INFO] cif_modifier (exec_make_interface)                            : Number of atoms: 5330 -> 13368
05/25 15:52 [INFO] cshmd.structure (labeling_by_clayff)                          : Now get label according to 'Clayff' style
05/25 15:52 [DEBUG] cshmd.analysis (get_mole)                                    : get_mole O - H -> nbonds: 1
05/25 15:52 [DEBUG] cshmd.analysis (get_mole)                                    : get_mole O - H -> nbonds: 2
05/25 15:52 [DEBUG] cshmd.analysis (get_mole)                                    : get_mole Si - O -> nbonds: 4
05/25 15:52 [DEBUG] cshmd.analysis (get_mole)                                    : get_mole C - O -> nbonds: 3
05/25 15:52 [INFO] cshmd.structure (labeling_by_clayff)                          : All atoms labeled by clayff
05/25 15:52 [INFO] cshmd.structure (labeling_by_clayff)                          : Clayff charge: 0.000
05/25 15:52 [INFO] cshmd.structure (writeCif)                                    : L035_w2750_c.cif was created
05/25 15:52 [INFO] cif_modifier (__init__)                                       : Total charge: 0 -> -2
05/25 15:52 [DEBUG] cshmd.common (get_logger)                                    : $$$$$$$$$$$$$$  Logger 'cshmd.common........' initialized  $$$$$$$$$$$$$$
05/25 15:52 [DEBUG] cshmd.functions (get_logger)                                 : $$$$$$$$$$$$$$  Logger 'cshmd.functions.....' initialized  $$$$$$$$$$$$$$
05/25 15:52 [DEBUG] cshmd.load (get_logger)                                      : $$$$$$$$$$$$$$  Logger 'cshmd.load..........' initialized  $$$$$$$$$$$$$$
05/25 15:52 [DEBUG] cshmd.analysis (get_logger)                                  : $$$$$$$$$$$$$$  Logger 'cshmd.analysis......' initialized  $$$$$$$$$$$$$$
05/25 15:52 [DEBUG] cshmd.equation (get_logger)                                  : $$$$$$$$$$$$$$  Logger 'cshmd.equation......' initialized  $$$$$$$$$$$$$$
05/25 15:52 [DEBUG] cshmd.structure (get_logger)                                 : $$$$$$$$$$$$$$  Logger 'cshmd.structure.....' initialized  $$$$$$$$$$$$$$
05/25 15:52 [DEBUG] cshmd.builder (get_logger)                                   : $$$$$$$$$$$$$$  Logger 'cshmd.builder.......' initialized  $$$$$$$$$$$$$$
05/25 15:52 [DEBUG] cshmd.trj_analysis (get_logger)                              : $$$$$$$$$$$$$$  Logger 'cshmd.trj_analysis..' initialized  $$$$$$$$$$$$$$
05/25 15:52 [DEBUG] cif_modifier (get_logger)                                    : $$$$$$$$$$$$$$  Logger 'cif_modifier........' initialized  $$$$$$$$$$$$$$
05/25 15:52 [INFO] cif_modifier (<module>)                                       : Logger loaded
05/25 15:52 [INFO] cshmd.structure (__init__)                                    : L040.cif was loaded
05/25 15:52 [DEBUG] cshmd.analysis (__init__)                                    : [Structure] Now new data setted for get Bonds
05/25 15:52 [DEBUG] cshmd.analysis (__del_bond__)                                : del -> Si_O O_H H_O Ca_O C_O BO NBO
05/25 15:52 [DEBUG] cshmd.analysis (__initialize_mole__)                         : initalize -> H2O SiO4 OH CO3 CO2 H3O
05/25 15:52 [DEBUG] cshmd.analysis (__initialize_mole__)                         : initalize -> SiOH CaOH HCO3 H2CO3 H3CO3
05/25 15:52 [DEBUG] cshmd.analysis (find_bond)                                   : find_bond O - H rcut -> 1.2
05/25 15:52 [DEBUG] cshmd.common (time_wrapper)                                  : [RUNTIME] get_distance_table in 0.574 seconds
05/25 15:52 [DEBUG] cshmd.analysis (get_mole)                                    : get_mole O - H -> nbonds: 2
05/25 15:52 [DEBUG] cshmd.analysis (find_bond)                                   : find_bond Si - O rcut -> 2.3
05/25 15:52 [DEBUG] cshmd.common (time_wrapper)                                  : [RUNTIME] get_distance_table in 0.263 seconds
05/25 15:52 [DEBUG] cshmd.analysis (get_mole)                                    : get_mole Si - O -> nbonds: 4
05/25 15:52 [DEBUG] cshmd.analysis (get_mole)                                    : get_mole O - H -> nbonds: 1
05/25 15:52 [DEBUG] cshmd.analysis (find_bond)                                   : find_bond C - O rcut -> 1.6
05/25 15:52 [DEBUG] cshmd.analysis (get_mole)                                    : get_mole C - O -> nbonds: 3
05/25 15:52 [DEBUG] cshmd.analysis (get_mole)                                    : get_mole O - H -> nbonds: 3
05/25 15:52 [DEBUG] cshmd.analysis (find_bond)                                   : find_bond Ca - O rcut -> 3.0
05/25 15:52 [DEBUG] cshmd.common (time_wrapper)                                  : [RUNTIME] get_distance_table in 0.308 seconds
05/25 15:52 [DEBUG] cshmd.analysis (search_basic)                                : Basic search result -> H2O: 576, SiO4: 612, OH: 228, CO3: 0, H3O: 0, Ca_O: 4113
05/25 15:52 [DEBUG] cshmd.analysis (full_search)                                 : Search layer details
05/25 15:52 [DEBUG] cshmd.analysis (set_layer_boundary)                          : Set layer boundary -> 0.24344102250000055 - 0.7445715765749975
05/25 15:52 [DEBUG] cshmd.analysis (find_bond)                                   : find_bond Ca - O rcut -> 2.6
05/25 15:52 [DEBUG] cshmd.analysis (find_bond)                                   : find_bond Ca - O rcut -> 3.1
05/25 15:52 [DEBUG] cshmd.analysis (find_bond)                                   : find_bond Ca - O rcut -> 5.2
05/25 15:52 [DEBUG] cshmd.analysis (_anal_surface_co3_adsorption)                : No 'C' in system
05/25 15:52 [DEBUG] cshmd.analysis (__detail_search_oh_co3)                      : No CO3 in basic search
05/25 15:52 [DEBUG] cshmd.analysis (__detail_search_oh_sioh)                     : Searching 'OH' in 'SiO4
05/25 15:52 [DEBUG] cshmd.analysis (__detail_search_oh_caoh)                     : Searching 'OH' in 'CaOH
05/25 15:52 [DEBUG] cshmd.analysis (find_bond)                                   : find_bond O - H rcut -> 1.15
05/25 15:52 [DEBUG] cshmd.analysis (get_mole)                                    : get_mole O - H -> nbonds: 1
05/25 15:52 [DEBUG] cshmd.analysis (get_mole)                                    : get_mole O - H -> nbonds: 2
05/25 15:52 [DEBUG] cshmd.analysis (find_bond)                                   : find_bond C - O rcut -> 1.4
05/25 15:52 [DEBUG] cshmd.analysis (get_mole)                                    : get_mole C - O -> nbonds: 3
05/25 15:52 [DEBUG] cshmd.analysis (find_bond)                                   : find_bond Si - O rcut -> 1.8
05/25 15:52 [DEBUG] cshmd.analysis (get_mole)                                    : get_mole Si - O -> nbonds: 4
05/25 15:52 [INFO] cshmd.functions (cal_uniform_by_space)                        : Number of molecules to add : 2679
05/25 15:52 [INFO] cshmd.functions (cal_uniform_by_space)                        : Number of atoms per surface : 272
05/25 15:52 [INFO] cshmd.functions (cal_uniform_by_space)                        : Number of layer : 10
05/25 15:52 [INFO] cshmd.structure (extendLattice)                               : Extend lattice 53.882 59.402 27.924 -> 53.882 59.402 45.924 
05/25 15:52 [INFO] cif_modifier (exec_make_interface)                            : MODE -> distribution
05/25 15:52 [INFO] cif_modifier (exec_make_interface)                            : Number of atoms: 5370 -> 13408
05/25 15:52 [INFO] cshmd.structure (labeling_by_clayff)                          : Now get label according to 'Clayff' style
05/25 15:52 [DEBUG] cshmd.analysis (get_mole)                                    : get_mole O - H -> nbonds: 1
05/25 15:52 [DEBUG] cshmd.analysis (get_mole)                                    : get_mole O - H -> nbonds: 2
05/25 15:52 [DEBUG] cshmd.analysis (get_mole)                                    : get_mole Si - O -> nbonds: 4
05/25 15:52 [DEBUG] cshmd.analysis (get_mole)                                    : get_mole C - O -> nbonds: 3
05/25 15:52 [INFO] cshmd.structure (labeling_by_clayff)                          : All atoms labeled by clayff
05/25 15:52 [INFO] cshmd.structure (labeling_by_clayff)                          : Clayff charge: 0.000
05/25 15:52 [INFO] cshmd.structure (writeCif)                                    : L040_w2750_c.cif was created
05/25 15:52 [INFO] cif_modifier (__init__)                                       : Total charge: 0 -> -2
05/25 15:52 [DEBUG] cshmd.common (get_logger)                                    : $$$$$$$$$$$$$$  Logger 'cshmd.common........' initialized  $$$$$$$$$$$$$$
05/25 15:52 [DEBUG] cshmd.functions (get_logger)                                 : $$$$$$$$$$$$$$  Logger 'cshmd.functions.....' initialized  $$$$$$$$$$$$$$
05/25 15:52 [DEBUG] cshmd.load (get_logger)                                      : $$$$$$$$$$$$$$  Logger 'cshmd.load..........' initialized  $$$$$$$$$$$$$$
05/25 15:52 [DEBUG] cshmd.analysis (get_logger)                                  : $$$$$$$$$$$$$$  Logger 'cshmd.analysis......' initialized  $$$$$$$$$$$$$$
05/25 15:52 [DEBUG] cshmd.equation (get_logger)                                  : $$$$$$$$$$$$$$  Logger 'cshmd.equation......' initialized  $$$$$$$$$$$$$$
05/25 15:52 [DEBUG] cshmd.structure (get_logger)                                 : $$$$$$$$$$$$$$  Logger 'cshmd.structure.....' initialized  $$$$$$$$$$$$$$
05/25 15:52 [DEBUG] cshmd.builder (get_logger)                                   : $$$$$$$$$$$$$$  Logger 'cshmd.builder.......' initialized  $$$$$$$$$$$$$$
05/25 15:52 [DEBUG] cshmd.trj_analysis (get_logger)                              : $$$$$$$$$$$$$$  Logger 'cshmd.trj_analysis..' initialized  $$$$$$$$$$$$$$
05/25 15:52 [DEBUG] cif_modifier (get_logger)                                    : $$$$$$$$$$$$$$  Logger 'cif_modifier........' initialized  $$$$$$$$$$$$$$
05/25 15:52 [INFO] cif_modifier (<module>)                                       : Logger loaded
05/25 15:52 [INFO] cshmd.structure (__init__)                                    : L045.cif was loaded
05/25 15:52 [DEBUG] cshmd.analysis (__init__)                                    : [Structure] Now new data setted for get Bonds
05/25 15:52 [DEBUG] cshmd.analysis (__del_bond__)                                : del -> Si_O O_H H_O Ca_O C_O BO NBO
05/25 15:52 [DEBUG] cshmd.analysis (__initialize_mole__)                         : initalize -> H2O SiO4 OH CO3 CO2 H3O
05/25 15:52 [DEBUG] cshmd.analysis (__initialize_mole__)                         : initalize -> SiOH CaOH HCO3 H2CO3 H3CO3
05/25 15:52 [DEBUG] cshmd.analysis (find_bond)                                   : find_bond O - H rcut -> 1.2
05/25 15:52 [DEBUG] cshmd.common (time_wrapper)                                  : [RUNTIME] get_distance_table in 0.597 seconds
05/25 15:52 [DEBUG] cshmd.analysis (get_mole)                                    : get_mole O - H -> nbonds: 2
05/25 15:52 [DEBUG] cshmd.analysis (find_bond)                                   : find_bond Si - O rcut -> 2.3
05/25 15:52 [DEBUG] cshmd.common (time_wrapper)                                  : [RUNTIME] get_distance_table in 0.295 seconds
05/25 15:52 [DEBUG] cshmd.analysis (get_mole)                                    : get_mole Si - O -> nbonds: 4
05/25 15:52 [DEBUG] cshmd.analysis (get_mole)                                    : get_mole O - H -> nbonds: 1
05/25 15:52 [DEBUG] cshmd.analysis (find_bond)                                   : find_bond C - O rcut -> 1.6
05/25 15:52 [DEBUG] cshmd.analysis (get_mole)                                    : get_mole C - O -> nbonds: 3
05/25 15:52 [DEBUG] cshmd.analysis (get_mole)                                    : get_mole O - H -> nbonds: 3
05/25 15:52 [DEBUG] cshmd.analysis (find_bond)                                   : find_bond Ca - O rcut -> 3.0
05/25 15:52 [DEBUG] cshmd.common (time_wrapper)                                  : [RUNTIME] get_distance_table in 0.313 seconds
05/25 15:52 [DEBUG] cshmd.analysis (search_basic)                                : Basic search result -> H2O: 576, SiO4: 628, OH: 244, CO3: 0, H3O: 0, Ca_O: 4085
05/25 15:52 [DEBUG] cshmd.analysis (full_search)                                 : Search layer details
05/25 15:52 [DEBUG] cshmd.analysis (set_layer_boundary)                          : Set layer boundary -> 0.24344102250000055 - 0.7445715765749975
05/25 15:52 [DEBUG] cshmd.analysis (find_bond)                                   : find_bond Ca - O rcut -> 2.6
05/25 15:52 [DEBUG] cshmd.analysis (find_bond)                                   : find_bond Ca - O rcut -> 3.1
05/25 15:52 [DEBUG] cshmd.analysis (find_bond)                                   : find_bond Ca - O rcut -> 5.2
05/25 15:52 [DEBUG] cshmd.analysis (_anal_surface_co3_adsorption)                : No 'C' in system
05/25 15:52 [DEBUG] cshmd.analysis (__detail_search_oh_co3)                      : No CO3 in basic search
05/25 15:52 [DEBUG] cshmd.analysis (__detail_search_oh_sioh)                     : Searching 'OH' in 'SiO4
05/25 15:52 [DEBUG] cshmd.analysis (__detail_search_oh_caoh)                     : Searching 'OH' in 'CaOH
05/25 15:52 [DEBUG] cshmd.analysis (find_bond)                                   : find_bond O - H rcut -> 1.15
05/25 15:52 [DEBUG] cshmd.analysis (get_mole)                                    : get_mole O - H -> nbonds: 1
05/25 15:52 [DEBUG] cshmd.analysis (get_mole)                                    : get_mole O - H -> nbonds: 2
05/25 15:52 [DEBUG] cshmd.analysis (find_bond)                                   : find_bond C - O rcut -> 1.4
05/25 15:52 [DEBUG] cshmd.analysis (get_mole)                                    : get_mole C - O -> nbonds: 3
05/25 15:52 [DEBUG] cshmd.analysis (find_bond)                                   : find_bond Si - O rcut -> 1.8
05/25 15:52 [DEBUG] cshmd.analysis (get_mole)                                    : get_mole Si - O -> nbonds: 4
05/25 15:52 [INFO] cshmd.functions (cal_uniform_by_space)                        : Number of molecules to add : 2679
05/25 15:52 [INFO] cshmd.functions (cal_uniform_by_space)                        : Number of atoms per surface : 272
05/25 15:52 [INFO] cshmd.functions (cal_uniform_by_space)                        : Number of layer : 10
05/25 15:52 [INFO] cshmd.structure (extendLattice)                               : Extend lattice 53.882 59.402 27.924 -> 53.882 59.402 45.924 
05/25 15:52 [INFO] cif_modifier (exec_make_interface)                            : MODE -> distribution
05/25 15:52 [INFO] cif_modifier (exec_make_interface)                            : Number of atoms: 5410 -> 13448
05/25 15:52 [INFO] cshmd.structure (labeling_by_clayff)                          : Now get label according to 'Clayff' style
05/25 15:52 [DEBUG] cshmd.analysis (get_mole)                                    : get_mole O - H -> nbonds: 1
05/25 15:52 [DEBUG] cshmd.analysis (get_mole)                                    : get_mole O - H -> nbonds: 2
05/25 15:52 [DEBUG] cshmd.analysis (get_mole)                                    : get_mole Si - O -> nbonds: 4
05/25 15:52 [DEBUG] cshmd.analysis (get_mole)                                    : get_mole C - O -> nbonds: 3
05/25 15:52 [INFO] cshmd.structure (labeling_by_clayff)                          : All atoms labeled by clayff
05/25 15:52 [INFO] cshmd.structure (labeling_by_clayff)                          : Clayff charge: 0.000
05/25 15:52 [INFO] cshmd.structure (writeCif)                                    : L045_w2750_c.cif was created
05/25 15:52 [INFO] cif_modifier (__init__)                                       : Total charge: 0 -> -2
05/25 15:52 [DEBUG] cshmd.common (get_logger)                                    : $$$$$$$$$$$$$$  Logger 'cshmd.common........' initialized  $$$$$$$$$$$$$$
05/25 15:52 [DEBUG] cshmd.functions (get_logger)                                 : $$$$$$$$$$$$$$  Logger 'cshmd.functions.....' initialized  $$$$$$$$$$$$$$
05/25 15:52 [DEBUG] cshmd.load (get_logger)                                      : $$$$$$$$$$$$$$  Logger 'cshmd.load..........' initialized  $$$$$$$$$$$$$$
05/25 15:52 [DEBUG] cshmd.analysis (get_logger)                                  : $$$$$$$$$$$$$$  Logger 'cshmd.analysis......' initialized  $$$$$$$$$$$$$$
05/25 15:52 [DEBUG] cshmd.equation (get_logger)                                  : $$$$$$$$$$$$$$  Logger 'cshmd.equation......' initialized  $$$$$$$$$$$$$$
05/25 15:52 [DEBUG] cshmd.structure (get_logger)                                 : $$$$$$$$$$$$$$  Logger 'cshmd.structure.....' initialized  $$$$$$$$$$$$$$
05/25 15:52 [DEBUG] cshmd.builder (get_logger)                                   : $$$$$$$$$$$$$$  Logger 'cshmd.builder.......' initialized  $$$$$$$$$$$$$$
05/25 15:52 [DEBUG] cshmd.trj_analysis (get_logger)                              : $$$$$$$$$$$$$$  Logger 'cshmd.trj_analysis..' initialized  $$$$$$$$$$$$$$
05/25 15:52 [DEBUG] cif_modifier (get_logger)                                    : $$$$$$$$$$$$$$  Logger 'cif_modifier........' initialized  $$$$$$$$$$$$$$
05/25 15:52 [INFO] cif_modifier (<module>)                                       : Logger loaded
05/25 15:52 [INFO] cshmd.structure (__init__)                                    : L050.cif was loaded
05/25 15:52 [DEBUG] cshmd.analysis (__init__)                                    : [Structure] Now new data setted for get Bonds
05/25 15:52 [DEBUG] cshmd.analysis (__del_bond__)                                : del -> Si_O O_H H_O Ca_O C_O BO NBO
05/25 15:52 [DEBUG] cshmd.analysis (__initialize_mole__)                         : initalize -> H2O SiO4 OH CO3 CO2 H3O
05/25 15:52 [DEBUG] cshmd.analysis (__initialize_mole__)                         : initalize -> SiOH CaOH HCO3 H2CO3 H3CO3
05/25 15:52 [DEBUG] cshmd.analysis (find_bond)                                   : find_bond O - H rcut -> 1.2
05/25 15:52 [DEBUG] cshmd.common (time_wrapper)                                  : [RUNTIME] get_distance_table in 0.614 seconds
05/25 15:52 [DEBUG] cshmd.analysis (get_mole)                                    : get_mole O - H -> nbonds: 2
05/25 15:52 [DEBUG] cshmd.analysis (find_bond)                                   : find_bond Si - O rcut -> 2.3
05/25 15:52 [DEBUG] cshmd.common (time_wrapper)                                  : [RUNTIME] get_distance_table in 0.289 seconds
05/25 15:52 [DEBUG] cshmd.analysis (get_mole)                                    : get_mole Si - O -> nbonds: 4
05/25 15:52 [DEBUG] cshmd.analysis (get_mole)                                    : get_mole O - H -> nbonds: 1
05/25 15:52 [DEBUG] cshmd.analysis (find_bond)                                   : find_bond C - O rcut -> 1.6
05/25 15:52 [DEBUG] cshmd.analysis (get_mole)                                    : get_mole C - O -> nbonds: 3
05/25 15:52 [DEBUG] cshmd.analysis (get_mole)                                    : get_mole O - H -> nbonds: 3
05/25 15:52 [DEBUG] cshmd.analysis (find_bond)                                   : find_bond Ca - O rcut -> 3.0
05/25 15:52 [DEBUG] cshmd.common (time_wrapper)                                  : [RUNTIME] get_distance_table in 0.307 seconds
05/25 15:52 [DEBUG] cshmd.analysis (search_basic)                                : Basic search result -> H2O: 576, SiO4: 640, OH: 256, CO3: 0, H3O: 0, Ca_O: 4064
05/25 15:52 [DEBUG] cshmd.analysis (full_search)                                 : Search layer details
05/25 15:52 [DEBUG] cshmd.analysis (set_layer_boundary)                          : Set layer boundary -> 0.24344102250000055 - 0.7445715765749975
05/25 15:52 [DEBUG] cshmd.analysis (find_bond)                                   : find_bond Ca - O rcut -> 2.6
05/25 15:52 [DEBUG] cshmd.analysis (find_bond)                                   : find_bond Ca - O rcut -> 3.1
05/25 15:52 [DEBUG] cshmd.analysis (find_bond)                                   : find_bond Ca - O rcut -> 5.2
05/25 15:52 [DEBUG] cshmd.analysis (_anal_surface_co3_adsorption)                : No 'C' in system
05/25 15:52 [DEBUG] cshmd.analysis (__detail_search_oh_co3)                      : No CO3 in basic search
05/25 15:52 [DEBUG] cshmd.analysis (__detail_search_oh_sioh)                     : Searching 'OH' in 'SiO4
05/25 15:52 [DEBUG] cshmd.analysis (__detail_search_oh_caoh)                     : Searching 'OH' in 'CaOH
05/25 15:52 [DEBUG] cshmd.analysis (find_bond)                                   : find_bond O - H rcut -> 1.15
05/25 15:52 [DEBUG] cshmd.analysis (get_mole)                                    : get_mole O - H -> nbonds: 1
05/25 15:52 [DEBUG] cshmd.analysis (get_mole)                                    : get_mole O - H -> nbonds: 2
05/25 15:52 [DEBUG] cshmd.analysis (find_bond)                                   : find_bond C - O rcut -> 1.4
05/25 15:52 [DEBUG] cshmd.analysis (get_mole)                                    : get_mole C - O -> nbonds: 3
05/25 15:52 [DEBUG] cshmd.analysis (find_bond)                                   : find_bond Si - O rcut -> 1.8
05/25 15:52 [DEBUG] cshmd.analysis (get_mole)                                    : get_mole Si - O -> nbonds: 4
05/25 15:52 [INFO] cshmd.functions (cal_uniform_by_space)                        : Number of molecules to add : 2679
05/25 15:52 [INFO] cshmd.functions (cal_uniform_by_space)                        : Number of atoms per surface : 272
05/25 15:52 [INFO] cshmd.functions (cal_uniform_by_space)                        : Number of layer : 10
05/25 15:52 [INFO] cshmd.structure (extendLattice)                               : Extend lattice 53.882 59.402 27.924 -> 53.882 59.402 45.924 
05/25 15:52 [INFO] cif_modifier (exec_make_interface)                            : MODE -> distribution
05/25 15:53 [INFO] cif_modifier (exec_make_interface)                            : Number of atoms: 5440 -> 13478
05/25 15:53 [INFO] cshmd.structure (labeling_by_clayff)                          : Now get label according to 'Clayff' style
05/25 15:53 [DEBUG] cshmd.analysis (get_mole)                                    : get_mole O - H -> nbonds: 1
05/25 15:53 [DEBUG] cshmd.analysis (get_mole)                                    : get_mole O - H -> nbonds: 2
05/25 15:53 [DEBUG] cshmd.analysis (get_mole)                                    : get_mole Si - O -> nbonds: 4
05/25 15:53 [DEBUG] cshmd.analysis (get_mole)                                    : get_mole C - O -> nbonds: 3
05/25 15:53 [INFO] cshmd.structure (labeling_by_clayff)                          : All atoms labeled by clayff
05/25 15:53 [INFO] cshmd.structure (labeling_by_clayff)                          : Clayff charge: -0.000
05/25 15:53 [INFO] cshmd.structure (writeCif)                                    : L050_w2750_c.cif was created
05/25 15:53 [INFO] cif_modifier (__init__)                                       : Total charge: 0 -> -2
05/25 15:53 [DEBUG] cshmd.common (get_logger)                                    : $$$$$$$$$$$$$$  Logger 'cshmd.common........' initialized  $$$$$$$$$$$$$$
05/25 15:53 [DEBUG] cshmd.functions (get_logger)                                 : $$$$$$$$$$$$$$  Logger 'cshmd.functions.....' initialized  $$$$$$$$$$$$$$
05/25 15:53 [DEBUG] cshmd.load (get_logger)                                      : $$$$$$$$$$$$$$  Logger 'cshmd.load..........' initialized  $$$$$$$$$$$$$$
05/25 15:53 [DEBUG] cshmd.analysis (get_logger)                                  : $$$$$$$$$$$$$$  Logger 'cshmd.analysis......' initialized  $$$$$$$$$$$$$$
05/25 15:53 [DEBUG] cshmd.equation (get_logger)                                  : $$$$$$$$$$$$$$  Logger 'cshmd.equation......' initialized  $$$$$$$$$$$$$$
05/25 15:53 [DEBUG] cshmd.structure (get_logger)                                 : $$$$$$$$$$$$$$  Logger 'cshmd.structure.....' initialized  $$$$$$$$$$$$$$
05/25 15:53 [DEBUG] cshmd.builder (get_logger)                                   : $$$$$$$$$$$$$$  Logger 'cshmd.builder.......' initialized  $$$$$$$$$$$$$$
05/25 15:53 [DEBUG] cshmd.trj_analysis (get_logger)                              : $$$$$$$$$$$$$$  Logger 'cshmd.trj_analysis..' initialized  $$$$$$$$$$$$$$
05/25 15:53 [DEBUG] cif_modifier (get_logger)                                    : $$$$$$$$$$$$$$  Logger 'cif_modifier........' initialized  $$$$$$$$$$$$$$
05/25 15:53 [INFO] cif_modifier (<module>)                                       : Logger loaded
05/25 15:53 [INFO] cshmd.structure (__init__)                                    : L060.cif was loaded
05/25 15:53 [DEBUG] cshmd.analysis (__init__)                                    : [Structure] Now new data setted for get Bonds
05/25 15:53 [DEBUG] cshmd.analysis (__del_bond__)                                : del -> Si_O O_H H_O Ca_O C_O BO NBO
05/25 15:53 [DEBUG] cshmd.analysis (__initialize_mole__)                         : initalize -> H2O SiO4 OH CO3 CO2 H3O
05/25 15:53 [DEBUG] cshmd.analysis (__initialize_mole__)                         : initalize -> SiOH CaOH HCO3 H2CO3 H3CO3
05/25 15:53 [DEBUG] cshmd.analysis (find_bond)                                   : find_bond O - H rcut -> 1.2
05/25 15:53 [DEBUG] cshmd.common (time_wrapper)                                  : [RUNTIME] get_distance_table in 0.601 seconds
05/25 15:53 [DEBUG] cshmd.analysis (get_mole)                                    : get_mole O - H -> nbonds: 2
05/25 15:53 [DEBUG] cshmd.analysis (find_bond)                                   : find_bond Si - O rcut -> 2.3
05/25 15:53 [DEBUG] cshmd.common (time_wrapper)                                  : [RUNTIME] get_distance_table in 0.288 seconds
05/25 15:53 [DEBUG] cshmd.analysis (get_mole)                                    : get_mole Si - O -> nbonds: 4
05/25 15:53 [DEBUG] cshmd.analysis (get_mole)                                    : get_mole O - H -> nbonds: 1
05/25 15:53 [DEBUG] cshmd.analysis (find_bond)                                   : find_bond C - O rcut -> 1.6
05/25 15:53 [DEBUG] cshmd.analysis (get_mole)                                    : get_mole C - O -> nbonds: 3
05/25 15:53 [DEBUG] cshmd.analysis (get_mole)                                    : get_mole O - H -> nbonds: 3
05/25 15:53 [DEBUG] cshmd.analysis (find_bond)                                   : find_bond Ca - O rcut -> 3.0
05/25 15:53 [DEBUG] cshmd.common (time_wrapper)                                  : [RUNTIME] get_distance_table in 0.313 seconds
05/25 15:53 [DEBUG] cshmd.analysis (search_basic)                                : Basic search result -> H2O: 576, SiO4: 656, OH: 272, CO3: 0, H3O: 0, Ca_O: 4036
05/25 15:53 [DEBUG] cshmd.analysis (full_search)                                 : Search layer details
05/25 15:53 [DEBUG] cshmd.analysis (set_layer_boundary)                          : Set layer boundary -> 0.24344102250000055 - 0.7445715765749975
05/25 15:53 [DEBUG] cshmd.analysis (find_bond)                                   : find_bond Ca - O rcut -> 2.6
05/25 15:53 [DEBUG] cshmd.analysis (find_bond)                                   : find_bond Ca - O rcut -> 3.1
05/25 15:53 [DEBUG] cshmd.analysis (find_bond)                                   : find_bond Ca - O rcut -> 5.2
05/25 15:53 [DEBUG] cshmd.analysis (_anal_surface_co3_adsorption)                : No 'C' in system
05/25 15:53 [DEBUG] cshmd.analysis (__detail_search_oh_co3)                      : No CO3 in basic search
05/25 15:53 [DEBUG] cshmd.analysis (__detail_search_oh_sioh)                     : Searching 'OH' in 'SiO4
05/25 15:53 [DEBUG] cshmd.analysis (__detail_search_oh_caoh)                     : Searching 'OH' in 'CaOH
05/25 15:53 [DEBUG] cshmd.analysis (find_bond)                                   : find_bond O - H rcut -> 1.15
05/25 15:53 [DEBUG] cshmd.analysis (get_mole)                                    : get_mole O - H -> nbonds: 1
05/25 15:53 [DEBUG] cshmd.analysis (get_mole)                                    : get_mole O - H -> nbonds: 2
05/25 15:53 [DEBUG] cshmd.analysis (find_bond)                                   : find_bond C - O rcut -> 1.4
05/25 15:53 [DEBUG] cshmd.analysis (get_mole)                                    : get_mole C - O -> nbonds: 3
05/25 15:53 [DEBUG] cshmd.analysis (find_bond)                                   : find_bond Si - O rcut -> 1.8
05/25 15:53 [DEBUG] cshmd.analysis (get_mole)                                    : get_mole Si - O -> nbonds: 4
05/25 15:53 [INFO] cshmd.functions (cal_uniform_by_space)                        : Number of molecules to add : 2679
05/25 15:53 [INFO] cshmd.functions (cal_uniform_by_space)                        : Number of atoms per surface : 272
05/25 15:53 [INFO] cshmd.functions (cal_uniform_by_space)                        : Number of layer : 10
05/25 15:53 [INFO] cshmd.structure (extendLattice)                               : Extend lattice 53.882 59.402 27.924 -> 53.882 59.402 45.924 
05/25 15:53 [INFO] cif_modifier (exec_make_interface)                            : MODE -> distribution
05/25 15:53 [INFO] cif_modifier (exec_make_interface)                            : Number of atoms: 5480 -> 13518
05/25 15:53 [INFO] cshmd.structure (labeling_by_clayff)                          : Now get label according to 'Clayff' style
05/25 15:53 [DEBUG] cshmd.analysis (get_mole)                                    : get_mole O - H -> nbonds: 1
05/25 15:53 [DEBUG] cshmd.analysis (get_mole)                                    : get_mole O - H -> nbonds: 2
05/25 15:53 [DEBUG] cshmd.analysis (get_mole)                                    : get_mole Si - O -> nbonds: 4
05/25 15:53 [DEBUG] cshmd.analysis (get_mole)                                    : get_mole C - O -> nbonds: 3
05/25 15:53 [INFO] cshmd.structure (labeling_by_clayff)                          : All atoms labeled by clayff
05/25 15:53 [INFO] cshmd.structure (labeling_by_clayff)                          : Clayff charge: 0.000
05/25 15:53 [INFO] cshmd.structure (writeCif)                                    : L060_w2750_c.cif was created
05/25 15:53 [INFO] cif_modifier (__init__)                                       : Total charge: 0 -> -2
05/25 15:53 [DEBUG] cshmd.common (get_logger)                                    : $$$$$$$$$$$$$$  Logger 'cshmd.common........' initialized  $$$$$$$$$$$$$$
05/25 15:53 [DEBUG] cshmd.functions (get_logger)                                 : $$$$$$$$$$$$$$  Logger 'cshmd.functions.....' initialized  $$$$$$$$$$$$$$
05/25 15:53 [DEBUG] cshmd.load (get_logger)                                      : $$$$$$$$$$$$$$  Logger 'cshmd.load..........' initialized  $$$$$$$$$$$$$$
05/25 15:53 [DEBUG] cshmd.analysis (get_logger)                                  : $$$$$$$$$$$$$$  Logger 'cshmd.analysis......' initialized  $$$$$$$$$$$$$$
05/25 15:53 [DEBUG] cshmd.equation (get_logger)                                  : $$$$$$$$$$$$$$  Logger 'cshmd.equation......' initialized  $$$$$$$$$$$$$$
05/25 15:53 [DEBUG] cshmd.structure (get_logger)                                 : $$$$$$$$$$$$$$  Logger 'cshmd.structure.....' initialized  $$$$$$$$$$$$$$
05/25 15:53 [DEBUG] cshmd.builder (get_logger)                                   : $$$$$$$$$$$$$$  Logger 'cshmd.builder.......' initialized  $$$$$$$$$$$$$$
05/25 15:53 [DEBUG] cshmd.trj_analysis (get_logger)                              : $$$$$$$$$$$$$$  Logger 'cshmd.trj_analysis..' initialized  $$$$$$$$$$$$$$
05/25 15:53 [DEBUG] cif_modifier (get_logger)                                    : $$$$$$$$$$$$$$  Logger 'cif_modifier........' initialized  $$$$$$$$$$$$$$
05/25 15:53 [INFO] cif_modifier (<module>)                                       : Logger loaded
05/25 15:53 [INFO] cshmd.structure (__init__)                                    : L070.cif was loaded
05/25 15:53 [DEBUG] cshmd.analysis (__init__)                                    : [Structure] Now new data setted for get Bonds
05/25 15:53 [DEBUG] cshmd.analysis (__del_bond__)                                : del -> Si_O O_H H_O Ca_O C_O BO NBO
05/25 15:53 [DEBUG] cshmd.analysis (__initialize_mole__)                         : initalize -> H2O SiO4 OH CO3 CO2 H3O
05/25 15:53 [DEBUG] cshmd.analysis (__initialize_mole__)                         : initalize -> SiOH CaOH HCO3 H2CO3 H3CO3
05/25 15:53 [DEBUG] cshmd.analysis (find_bond)                                   : find_bond O - H rcut -> 1.2
05/25 15:53 [DEBUG] cshmd.common (time_wrapper)                                  : [RUNTIME] get_distance_table in 0.627 seconds
05/25 15:53 [DEBUG] cshmd.analysis (get_mole)                                    : get_mole O - H -> nbonds: 2
05/25 15:53 [DEBUG] cshmd.analysis (find_bond)                                   : find_bond Si - O rcut -> 2.3
05/25 15:53 [DEBUG] cshmd.common (time_wrapper)                                  : [RUNTIME] get_distance_table in 0.370 seconds
05/25 15:53 [DEBUG] cshmd.analysis (get_mole)                                    : get_mole Si - O -> nbonds: 4
05/25 15:53 [DEBUG] cshmd.analysis (get_mole)                                    : get_mole O - H -> nbonds: 1
05/25 15:53 [DEBUG] cshmd.analysis (find_bond)                                   : find_bond C - O rcut -> 1.6
05/25 15:53 [DEBUG] cshmd.analysis (get_mole)                                    : get_mole C - O -> nbonds: 3
05/25 15:53 [DEBUG] cshmd.analysis (get_mole)                                    : get_mole O - H -> nbonds: 3
05/25 15:53 [DEBUG] cshmd.analysis (find_bond)                                   : find_bond Ca - O rcut -> 3.0
05/25 15:53 [DEBUG] cshmd.common (time_wrapper)                                  : [RUNTIME] get_distance_table in 0.304 seconds
05/25 15:53 [DEBUG] cshmd.analysis (search_basic)                                : Basic search result -> H2O: 576, SiO4: 672, OH: 288, CO3: 0, H3O: 0, Ca_O: 4008
05/25 15:53 [DEBUG] cshmd.analysis (full_search)                                 : Search layer details
05/25 15:53 [DEBUG] cshmd.analysis (set_layer_boundary)                          : Set layer boundary -> 0.24344102250000055 - 0.7445715765749975
05/25 15:53 [DEBUG] cshmd.analysis (find_bond)                                   : find_bond Ca - O rcut -> 2.6
05/25 15:53 [DEBUG] cshmd.analysis (find_bond)                                   : find_bond Ca - O rcut -> 3.1
05/25 15:53 [DEBUG] cshmd.analysis (find_bond)                                   : find_bond Ca - O rcut -> 5.2
05/25 15:53 [DEBUG] cshmd.analysis (_anal_surface_co3_adsorption)                : No 'C' in system
05/25 15:53 [DEBUG] cshmd.analysis (__detail_search_oh_co3)                      : No CO3 in basic search
05/25 15:53 [DEBUG] cshmd.analysis (__detail_search_oh_sioh)                     : Searching 'OH' in 'SiO4
05/25 15:53 [DEBUG] cshmd.analysis (__detail_search_oh_caoh)                     : Searching 'OH' in 'CaOH
05/25 15:53 [DEBUG] cshmd.analysis (find_bond)                                   : find_bond O - H rcut -> 1.15
05/25 15:53 [DEBUG] cshmd.analysis (get_mole)                                    : get_mole O - H -> nbonds: 1
05/25 15:53 [DEBUG] cshmd.analysis (get_mole)                                    : get_mole O - H -> nbonds: 2
05/25 15:53 [DEBUG] cshmd.analysis (find_bond)                                   : find_bond C - O rcut -> 1.4
05/25 15:53 [DEBUG] cshmd.analysis (get_mole)                                    : get_mole C - O -> nbonds: 3
05/25 15:53 [DEBUG] cshmd.analysis (find_bond)                                   : find_bond Si - O rcut -> 1.8
05/25 15:53 [DEBUG] cshmd.analysis (get_mole)                                    : get_mole Si - O -> nbonds: 4
05/25 15:53 [INFO] cshmd.functions (cal_uniform_by_space)                        : Number of molecules to add : 2679
05/25 15:53 [INFO] cshmd.functions (cal_uniform_by_space)                        : Number of atoms per surface : 272
05/25 15:53 [INFO] cshmd.functions (cal_uniform_by_space)                        : Number of layer : 10
05/25 15:53 [INFO] cshmd.structure (extendLattice)                               : Extend lattice 53.882 59.402 27.924 -> 53.882 59.402 45.924 
05/25 15:53 [INFO] cif_modifier (exec_make_interface)                            : MODE -> distribution
05/25 15:53 [INFO] cif_modifier (exec_make_interface)                            : Number of atoms: 5520 -> 13558
05/25 15:53 [INFO] cshmd.structure (labeling_by_clayff)                          : Now get label according to 'Clayff' style
05/25 15:53 [DEBUG] cshmd.analysis (get_mole)                                    : get_mole O - H -> nbonds: 1
05/25 15:53 [DEBUG] cshmd.analysis (get_mole)                                    : get_mole O - H -> nbonds: 2
05/25 15:53 [DEBUG] cshmd.analysis (get_mole)                                    : get_mole Si - O -> nbonds: 4
05/25 15:53 [DEBUG] cshmd.analysis (get_mole)                                    : get_mole C - O -> nbonds: 3
05/25 15:53 [INFO] cshmd.structure (labeling_by_clayff)                          : All atoms labeled by clayff
05/25 15:53 [INFO] cshmd.structure (labeling_by_clayff)                          : Clayff charge: 0.000
05/25 15:53 [INFO] cshmd.structure (writeCif)                                    : L070_w2750_c.cif was created
05/25 15:53 [INFO] cif_modifier (__init__)                                       : Total charge: 0 -> -2
05/25 15:53 [DEBUG] cshmd.common (get_logger)                                    : $$$$$$$$$$$$$$  Logger 'cshmd.common........' initialized  $$$$$$$$$$$$$$
05/25 15:53 [DEBUG] cshmd.functions (get_logger)                                 : $$$$$$$$$$$$$$  Logger 'cshmd.functions.....' initialized  $$$$$$$$$$$$$$
05/25 15:53 [DEBUG] cshmd.load (get_logger)                                      : $$$$$$$$$$$$$$  Logger 'cshmd.load..........' initialized  $$$$$$$$$$$$$$
05/25 15:53 [DEBUG] cshmd.analysis (get_logger)                                  : $$$$$$$$$$$$$$  Logger 'cshmd.analysis......' initialized  $$$$$$$$$$$$$$
05/25 15:53 [DEBUG] cshmd.equation (get_logger)                                  : $$$$$$$$$$$$$$  Logger 'cshmd.equation......' initialized  $$$$$$$$$$$$$$
05/25 15:53 [DEBUG] cshmd.structure (get_logger)                                 : $$$$$$$$$$$$$$  Logger 'cshmd.structure.....' initialized  $$$$$$$$$$$$$$
05/25 15:53 [DEBUG] cshmd.builder (get_logger)                                   : $$$$$$$$$$$$$$  Logger 'cshmd.builder.......' initialized  $$$$$$$$$$$$$$
05/25 15:53 [DEBUG] cshmd.trj_analysis (get_logger)                              : $$$$$$$$$$$$$$  Logger 'cshmd.trj_analysis..' initialized  $$$$$$$$$$$$$$
05/25 15:53 [DEBUG] cif_modifier (get_logger)                                    : $$$$$$$$$$$$$$  Logger 'cif_modifier........' initialized  $$$$$$$$$$$$$$
05/25 15:53 [INFO] cif_modifier (<module>)                                       : Logger loaded
05/25 15:53 [INFO] cshmd.structure (__init__)                                    : L080.cif was loaded
05/25 15:53 [DEBUG] cshmd.analysis (__init__)                                    : [Structure] Now new data setted for get Bonds
05/25 15:53 [DEBUG] cshmd.analysis (__del_bond__)                                : del -> Si_O O_H H_O Ca_O C_O BO NBO
05/25 15:53 [DEBUG] cshmd.analysis (__initialize_mole__)                         : initalize -> H2O SiO4 OH CO3 CO2 H3O
05/25 15:53 [DEBUG] cshmd.analysis (__initialize_mole__)                         : initalize -> SiOH CaOH HCO3 H2CO3 H3CO3
05/25 15:53 [DEBUG] cshmd.analysis (find_bond)                                   : find_bond O - H rcut -> 1.2
05/25 15:53 [DEBUG] cshmd.common (time_wrapper)                                  : [RUNTIME] get_distance_table in 0.697 seconds
05/25 15:53 [DEBUG] cshmd.analysis (get_mole)                                    : get_mole O - H -> nbonds: 2
05/25 15:53 [DEBUG] cshmd.analysis (find_bond)                                   : find_bond Si - O rcut -> 2.3
05/25 15:53 [DEBUG] cshmd.common (time_wrapper)                                  : [RUNTIME] get_distance_table in 0.351 seconds
05/25 15:53 [DEBUG] cshmd.analysis (get_mole)                                    : get_mole Si - O -> nbonds: 4
05/25 15:53 [DEBUG] cshmd.analysis (get_mole)                                    : get_mole O - H -> nbonds: 1
05/25 15:53 [DEBUG] cshmd.analysis (find_bond)                                   : find_bond C - O rcut -> 1.6
05/25 15:53 [DEBUG] cshmd.analysis (get_mole)                                    : get_mole C - O -> nbonds: 3
05/25 15:53 [DEBUG] cshmd.analysis (get_mole)                                    : get_mole O - H -> nbonds: 3
05/25 15:53 [DEBUG] cshmd.analysis (find_bond)                                   : find_bond Ca - O rcut -> 3.0
05/25 15:53 [DEBUG] cshmd.common (time_wrapper)                                  : [RUNTIME] get_distance_table in 0.320 seconds
05/25 15:53 [DEBUG] cshmd.analysis (search_basic)                                : Basic search result -> H2O: 576, SiO4: 680, OH: 296, CO3: 0, H3O: 0, Ca_O: 3994
05/25 15:53 [DEBUG] cshmd.analysis (full_search)                                 : Search layer details
05/25 15:53 [DEBUG] cshmd.analysis (set_layer_boundary)                          : Set layer boundary -> 0.24344102250000055 - 0.7445715765749975
05/25 15:53 [DEBUG] cshmd.analysis (find_bond)                                   : find_bond Ca - O rcut -> 2.6
05/25 15:53 [DEBUG] cshmd.analysis (find_bond)                                   : find_bond Ca - O rcut -> 3.1
05/25 15:53 [DEBUG] cshmd.analysis (find_bond)                                   : find_bond Ca - O rcut -> 5.2
05/25 15:53 [DEBUG] cshmd.analysis (_anal_surface_co3_adsorption)                : No 'C' in system
05/25 15:53 [DEBUG] cshmd.analysis (__detail_search_oh_co3)                      : No CO3 in basic search
05/25 15:53 [DEBUG] cshmd.analysis (__detail_search_oh_sioh)                     : Searching 'OH' in 'SiO4
05/25 15:53 [DEBUG] cshmd.analysis (__detail_search_oh_caoh)                     : Searching 'OH' in 'CaOH
05/25 15:53 [DEBUG] cshmd.analysis (find_bond)                                   : find_bond O - H rcut -> 1.15
05/25 15:53 [DEBUG] cshmd.analysis (get_mole)                                    : get_mole O - H -> nbonds: 1
05/25 15:53 [DEBUG] cshmd.analysis (get_mole)                                    : get_mole O - H -> nbonds: 2
05/25 15:53 [DEBUG] cshmd.analysis (find_bond)                                   : find_bond C - O rcut -> 1.4
05/25 15:53 [DEBUG] cshmd.analysis (get_mole)                                    : get_mole C - O -> nbonds: 3
05/25 15:53 [DEBUG] cshmd.analysis (find_bond)                                   : find_bond Si - O rcut -> 1.8
05/25 15:53 [DEBUG] cshmd.analysis (get_mole)                                    : get_mole Si - O -> nbonds: 4
05/25 15:53 [INFO] cshmd.functions (cal_uniform_by_space)                        : Number of molecules to add : 2679
05/25 15:53 [INFO] cshmd.functions (cal_uniform_by_space)                        : Number of atoms per surface : 272
05/25 15:53 [INFO] cshmd.functions (cal_uniform_by_space)                        : Number of layer : 10
05/25 15:53 [INFO] cshmd.structure (extendLattice)                               : Extend lattice 53.882 59.402 27.924 -> 53.882 59.402 45.924 
05/25 15:53 [INFO] cif_modifier (exec_make_interface)                            : MODE -> distribution
05/25 15:53 [INFO] cif_modifier (exec_make_interface)                            : Number of atoms: 5540 -> 13578
05/25 15:53 [INFO] cshmd.structure (labeling_by_clayff)                          : Now get label according to 'Clayff' style
05/25 15:53 [DEBUG] cshmd.analysis (get_mole)                                    : get_mole O - H -> nbonds: 1
05/25 15:53 [DEBUG] cshmd.analysis (get_mole)                                    : get_mole O - H -> nbonds: 2
05/25 15:53 [DEBUG] cshmd.analysis (get_mole)                                    : get_mole Si - O -> nbonds: 4
05/25 15:53 [DEBUG] cshmd.analysis (get_mole)                                    : get_mole C - O -> nbonds: 3
05/25 15:53 [INFO] cshmd.structure (labeling_by_clayff)                          : All atoms labeled by clayff
05/25 15:53 [INFO] cshmd.structure (labeling_by_clayff)                          : Clayff charge: -0.000
05/25 15:53 [INFO] cshmd.structure (writeCif)                                    : L080_w2750_c.cif was created
05/25 15:53 [INFO] cif_modifier (__init__)                                       : Total charge: 0 -> -2
05/25 15:53 [DEBUG] cshmd.common (get_logger)                                    : $$$$$$$$$$$$$$  Logger 'cshmd.common........' initialized  $$$$$$$$$$$$$$
05/25 15:53 [DEBUG] cshmd.functions (get_logger)                                 : $$$$$$$$$$$$$$  Logger 'cshmd.functions.....' initialized  $$$$$$$$$$$$$$
05/25 15:53 [DEBUG] cshmd.load (get_logger)                                      : $$$$$$$$$$$$$$  Logger 'cshmd.load..........' initialized  $$$$$$$$$$$$$$
05/25 15:53 [DEBUG] cshmd.analysis (get_logger)                                  : $$$$$$$$$$$$$$  Logger 'cshmd.analysis......' initialized  $$$$$$$$$$$$$$
05/25 15:53 [DEBUG] cshmd.equation (get_logger)                                  : $$$$$$$$$$$$$$  Logger 'cshmd.equation......' initialized  $$$$$$$$$$$$$$
05/25 15:53 [DEBUG] cshmd.structure (get_logger)                                 : $$$$$$$$$$$$$$  Logger 'cshmd.structure.....' initialized  $$$$$$$$$$$$$$
05/25 15:53 [DEBUG] cshmd.builder (get_logger)                                   : $$$$$$$$$$$$$$  Logger 'cshmd.builder.......' initialized  $$$$$$$$$$$$$$
05/25 15:53 [DEBUG] cshmd.trj_analysis (get_logger)                              : $$$$$$$$$$$$$$  Logger 'cshmd.trj_analysis..' initialized  $$$$$$$$$$$$$$
05/25 15:53 [DEBUG] cif_modifier (get_logger)                                    : $$$$$$$$$$$$$$  Logger 'cif_modifier........' initialized  $$$$$$$$$$$$$$
05/25 15:53 [INFO] cif_modifier (<module>)                                       : Logger loaded
05/25 15:53 [INFO] cshmd.structure (__init__)                                    : L100.cif was loaded
05/25 15:53 [DEBUG] cshmd.analysis (__init__)                                    : [Structure] Now new data setted for get Bonds
05/25 15:53 [DEBUG] cshmd.analysis (__del_bond__)                                : del -> Si_O O_H H_O Ca_O C_O BO NBO
05/25 15:53 [DEBUG] cshmd.analysis (__initialize_mole__)                         : initalize -> H2O SiO4 OH CO3 CO2 H3O
05/25 15:53 [DEBUG] cshmd.analysis (__initialize_mole__)                         : initalize -> SiOH CaOH HCO3 H2CO3 H3CO3
05/25 15:53 [DEBUG] cshmd.analysis (find_bond)                                   : find_bond O - H rcut -> 1.2
05/25 15:53 [DEBUG] cshmd.common (time_wrapper)                                  : [RUNTIME] get_distance_table in 0.628 seconds
05/25 15:53 [DEBUG] cshmd.analysis (get_mole)                                    : get_mole O - H -> nbonds: 2
05/25 15:53 [DEBUG] cshmd.analysis (find_bond)                                   : find_bond Si - O rcut -> 2.3
05/25 15:53 [DEBUG] cshmd.common (time_wrapper)                                  : [RUNTIME] get_distance_table in 0.343 seconds
05/25 15:53 [DEBUG] cshmd.analysis (get_mole)                                    : get_mole Si - O -> nbonds: 4
05/25 15:53 [DEBUG] cshmd.analysis (get_mole)                                    : get_mole O - H -> nbonds: 1
05/25 15:53 [DEBUG] cshmd.analysis (find_bond)                                   : find_bond C - O rcut -> 1.6
05/25 15:53 [DEBUG] cshmd.analysis (get_mole)                                    : get_mole C - O -> nbonds: 3
05/25 15:53 [DEBUG] cshmd.analysis (get_mole)                                    : get_mole O - H -> nbonds: 3
05/25 15:53 [DEBUG] cshmd.analysis (find_bond)                                   : find_bond Ca - O rcut -> 3.0
05/25 15:53 [DEBUG] cshmd.common (time_wrapper)                                  : [RUNTIME] get_distance_table in 0.282 seconds
05/25 15:53 [DEBUG] cshmd.analysis (search_basic)                                : Basic search result -> H2O: 576, SiO4: 696, OH: 312, CO3: 0, H3O: 0, Ca_O: 3966
05/25 15:53 [DEBUG] cshmd.analysis (full_search)                                 : Search layer details
05/25 15:53 [DEBUG] cshmd.analysis (set_layer_boundary)                          : Set layer boundary -> 0.24344102250000055 - 0.7445715765749975
05/25 15:53 [DEBUG] cshmd.analysis (find_bond)                                   : find_bond Ca - O rcut -> 2.6
05/25 15:53 [DEBUG] cshmd.analysis (find_bond)                                   : find_bond Ca - O rcut -> 3.1
05/25 15:53 [DEBUG] cshmd.analysis (find_bond)                                   : find_bond Ca - O rcut -> 5.2
05/25 15:53 [DEBUG] cshmd.analysis (_anal_surface_co3_adsorption)                : No 'C' in system
05/25 15:53 [DEBUG] cshmd.analysis (__detail_search_oh_co3)                      : No CO3 in basic search
05/25 15:53 [DEBUG] cshmd.analysis (__detail_search_oh_sioh)                     : Searching 'OH' in 'SiO4
05/25 15:53 [DEBUG] cshmd.analysis (__detail_search_oh_caoh)                     : Searching 'OH' in 'CaOH
05/25 15:53 [DEBUG] cshmd.analysis (find_bond)                                   : find_bond O - H rcut -> 1.15
05/25 15:53 [DEBUG] cshmd.analysis (get_mole)                                    : get_mole O - H -> nbonds: 1
05/25 15:53 [DEBUG] cshmd.analysis (get_mole)                                    : get_mole O - H -> nbonds: 2
05/25 15:53 [DEBUG] cshmd.analysis (find_bond)                                   : find_bond C - O rcut -> 1.4
05/25 15:53 [DEBUG] cshmd.analysis (get_mole)                                    : get_mole C - O -> nbonds: 3
05/25 15:53 [DEBUG] cshmd.analysis (find_bond)                                   : find_bond Si - O rcut -> 1.8
05/25 15:53 [DEBUG] cshmd.analysis (get_mole)                                    : get_mole Si - O -> nbonds: 4
05/25 15:53 [INFO] cshmd.functions (cal_uniform_by_space)                        : Number of molecules to add : 2679
05/25 15:53 [INFO] cshmd.functions (cal_uniform_by_space)                        : Number of atoms per surface : 272
05/25 15:53 [INFO] cshmd.functions (cal_uniform_by_space)                        : Number of layer : 10
05/25 15:53 [INFO] cshmd.structure (extendLattice)                               : Extend lattice 53.882 59.402 27.924 -> 53.882 59.402 45.924 
05/25 15:53 [INFO] cif_modifier (exec_make_interface)                            : MODE -> distribution
05/25 15:53 [INFO] cif_modifier (exec_make_interface)                            : Number of atoms: 5580 -> 13618
05/25 15:53 [INFO] cshmd.structure (labeling_by_clayff)                          : Now get label according to 'Clayff' style
05/25 15:53 [DEBUG] cshmd.analysis (get_mole)                                    : get_mole O - H -> nbonds: 1
05/25 15:53 [DEBUG] cshmd.analysis (get_mole)                                    : get_mole O - H -> nbonds: 2
05/25 15:53 [DEBUG] cshmd.analysis (get_mole)                                    : get_mole Si - O -> nbonds: 4
05/25 15:53 [DEBUG] cshmd.analysis (get_mole)                                    : get_mole C - O -> nbonds: 3
05/25 15:53 [INFO] cshmd.structure (labeling_by_clayff)                          : All atoms labeled by clayff
05/25 15:53 [INFO] cshmd.structure (labeling_by_clayff)                          : Clayff charge: 0.000
05/25 15:53 [INFO] cshmd.structure (writeCif)                                    : L100_w2750_c.cif was created
05/25 15:53 [INFO] cif_modifier (__init__)                                       : Total charge: 0 -> -2
05/25 15:53 [DEBUG] cshmd.common (get_logger)                                    : $$$$$$$$$$$$$$  Logger 'cshmd.common........' initialized  $$$$$$$$$$$$$$
05/25 15:53 [DEBUG] cshmd.functions (get_logger)                                 : $$$$$$$$$$$$$$  Logger 'cshmd.functions.....' initialized  $$$$$$$$$$$$$$
05/25 15:53 [DEBUG] cshmd.load (get_logger)                                      : $$$$$$$$$$$$$$  Logger 'cshmd.load..........' initialized  $$$$$$$$$$$$$$
05/25 15:53 [DEBUG] cshmd.analysis (get_logger)                                  : $$$$$$$$$$$$$$  Logger 'cshmd.analysis......' initialized  $$$$$$$$$$$$$$
05/25 15:53 [DEBUG] cshmd.equation (get_logger)                                  : $$$$$$$$$$$$$$  Logger 'cshmd.equation......' initialized  $$$$$$$$$$$$$$
05/25 15:53 [DEBUG] cshmd.structure (get_logger)                                 : $$$$$$$$$$$$$$  Logger 'cshmd.structure.....' initialized  $$$$$$$$$$$$$$
05/25 15:53 [DEBUG] cshmd.builder (get_logger)                                   : $$$$$$$$$$$$$$  Logger 'cshmd.builder.......' initialized  $$$$$$$$$$$$$$
05/25 15:53 [DEBUG] cshmd.trj_analysis (get_logger)                              : $$$$$$$$$$$$$$  Logger 'cshmd.trj_analysis..' initialized  $$$$$$$$$$$$$$
05/25 15:53 [DEBUG] cif_modifier (get_logger)                                    : $$$$$$$$$$$$$$  Logger 'cif_modifier........' initialized  $$$$$$$$$$$$$$
05/25 15:53 [INFO] cif_modifier (<module>)                                       : Logger loaded
05/25 15:53 [INFO] cshmd.structure (__init__)                                    : L120.cif was loaded
05/25 15:53 [DEBUG] cshmd.analysis (__init__)                                    : [Structure] Now new data setted for get Bonds
05/25 15:53 [DEBUG] cshmd.analysis (__del_bond__)                                : del -> Si_O O_H H_O Ca_O C_O BO NBO
05/25 15:53 [DEBUG] cshmd.analysis (__initialize_mole__)                         : initalize -> H2O SiO4 OH CO3 CO2 H3O
05/25 15:53 [DEBUG] cshmd.analysis (__initialize_mole__)                         : initalize -> SiOH CaOH HCO3 H2CO3 H3CO3
05/25 15:53 [DEBUG] cshmd.analysis (find_bond)                                   : find_bond O - H rcut -> 1.2
05/25 15:53 [DEBUG] cshmd.common (time_wrapper)                                  : [RUNTIME] get_distance_table in 0.641 seconds
05/25 15:53 [DEBUG] cshmd.analysis (get_mole)                                    : get_mole O - H -> nbonds: 2
05/25 15:53 [DEBUG] cshmd.analysis (find_bond)                                   : find_bond Si - O rcut -> 2.3
05/25 15:53 [DEBUG] cshmd.common (time_wrapper)                                  : [RUNTIME] get_distance_table in 0.359 seconds
05/25 15:53 [DEBUG] cshmd.analysis (get_mole)                                    : get_mole Si - O -> nbonds: 4
05/25 15:53 [DEBUG] cshmd.analysis (get_mole)                                    : get_mole O - H -> nbonds: 1
05/25 15:53 [DEBUG] cshmd.analysis (find_bond)                                   : find_bond C - O rcut -> 1.6
05/25 15:53 [DEBUG] cshmd.analysis (get_mole)                                    : get_mole C - O -> nbonds: 3
05/25 15:53 [DEBUG] cshmd.analysis (get_mole)                                    : get_mole O - H -> nbonds: 3
05/25 15:53 [DEBUG] cshmd.analysis (find_bond)                                   : find_bond Ca - O rcut -> 3.0
05/25 15:53 [DEBUG] cshmd.common (time_wrapper)                                  : [RUNTIME] get_distance_table in 0.279 seconds
05/25 15:53 [DEBUG] cshmd.analysis (search_basic)                                : Basic search result -> H2O: 576, SiO4: 708, OH: 324, CO3: 0, H3O: 0, Ca_O: 3945
05/25 15:53 [DEBUG] cshmd.analysis (full_search)                                 : Search layer details
05/25 15:53 [DEBUG] cshmd.analysis (set_layer_boundary)                          : Set layer boundary -> 0.24344102250000055 - 0.7445715765749975
05/25 15:53 [DEBUG] cshmd.analysis (find_bond)                                   : find_bond Ca - O rcut -> 2.6
05/25 15:53 [DEBUG] cshmd.analysis (find_bond)                                   : find_bond Ca - O rcut -> 3.1
05/25 15:53 [DEBUG] cshmd.analysis (find_bond)                                   : find_bond Ca - O rcut -> 5.2
05/25 15:53 [DEBUG] cshmd.analysis (_anal_surface_co3_adsorption)                : No 'C' in system
05/25 15:53 [DEBUG] cshmd.analysis (__detail_search_oh_co3)                      : No CO3 in basic search
05/25 15:53 [DEBUG] cshmd.analysis (__detail_search_oh_sioh)                     : Searching 'OH' in 'SiO4
05/25 15:53 [DEBUG] cshmd.analysis (__detail_search_oh_caoh)                     : Searching 'OH' in 'CaOH
05/25 15:53 [DEBUG] cshmd.analysis (find_bond)                                   : find_bond O - H rcut -> 1.15
05/25 15:53 [DEBUG] cshmd.analysis (get_mole)                                    : get_mole O - H -> nbonds: 1
05/25 15:53 [DEBUG] cshmd.analysis (get_mole)                                    : get_mole O - H -> nbonds: 2
05/25 15:53 [DEBUG] cshmd.analysis (find_bond)                                   : find_bond C - O rcut -> 1.4
05/25 15:53 [DEBUG] cshmd.analysis (get_mole)                                    : get_mole C - O -> nbonds: 3
05/25 15:53 [DEBUG] cshmd.analysis (find_bond)                                   : find_bond Si - O rcut -> 1.8
05/25 15:53 [DEBUG] cshmd.analysis (get_mole)                                    : get_mole Si - O -> nbonds: 4
05/25 15:53 [INFO] cshmd.functions (cal_uniform_by_space)                        : Number of molecules to add : 2679
05/25 15:53 [INFO] cshmd.functions (cal_uniform_by_space)                        : Number of atoms per surface : 272
05/25 15:53 [INFO] cshmd.functions (cal_uniform_by_space)                        : Number of layer : 10
05/25 15:53 [INFO] cshmd.structure (extendLattice)                               : Extend lattice 53.882 59.402 27.924 -> 53.882 59.402 45.924 
05/25 15:53 [INFO] cif_modifier (exec_make_interface)                            : MODE -> distribution
05/25 15:53 [INFO] cif_modifier (exec_make_interface)                            : Number of atoms: 5610 -> 13648
05/25 15:53 [INFO] cshmd.structure (labeling_by_clayff)                          : Now get label according to 'Clayff' style
05/25 15:53 [DEBUG] cshmd.analysis (get_mole)                                    : get_mole O - H -> nbonds: 1
05/25 15:53 [DEBUG] cshmd.analysis (get_mole)                                    : get_mole O - H -> nbonds: 2
05/25 15:53 [DEBUG] cshmd.analysis (get_mole)                                    : get_mole Si - O -> nbonds: 4
05/25 15:53 [DEBUG] cshmd.analysis (get_mole)                                    : get_mole C - O -> nbonds: 3
05/25 15:53 [INFO] cshmd.structure (labeling_by_clayff)                          : All atoms labeled by clayff
05/25 15:53 [INFO] cshmd.structure (labeling_by_clayff)                          : Clayff charge: 0.000
05/25 15:53 [INFO] cshmd.structure (writeCif)                                    : L120_w2750_c.cif was created
05/25 15:53 [INFO] cif_modifier (__init__)                                       : Total charge: 0 -> -2
05/25 15:54 [DEBUG] cshmd.common (get_logger)                                    : $$$$$$$$$$$$$$  Logger 'cshmd.common........' initialized  $$$$$$$$$$$$$$
05/25 15:54 [DEBUG] cshmd.functions (get_logger)                                 : $$$$$$$$$$$$$$  Logger 'cshmd.functions.....' initialized  $$$$$$$$$$$$$$
05/25 15:54 [DEBUG] cshmd.load (get_logger)                                      : $$$$$$$$$$$$$$  Logger 'cshmd.load..........' initialized  $$$$$$$$$$$$$$
05/25 15:54 [DEBUG] cshmd.analysis (get_logger)                                  : $$$$$$$$$$$$$$  Logger 'cshmd.analysis......' initialized  $$$$$$$$$$$$$$
05/25 15:54 [DEBUG] cshmd.equation (get_logger)                                  : $$$$$$$$$$$$$$  Logger 'cshmd.equation......' initialized  $$$$$$$$$$$$$$
05/25 15:54 [DEBUG] cshmd.structure (get_logger)                                 : $$$$$$$$$$$$$$  Logger 'cshmd.structure.....' initialized  $$$$$$$$$$$$$$
05/25 15:54 [DEBUG] cshmd.builder (get_logger)                                   : $$$$$$$$$$$$$$  Logger 'cshmd.builder.......' initialized  $$$$$$$$$$$$$$
05/25 15:54 [DEBUG] cshmd.trj_analysis (get_logger)                              : $$$$$$$$$$$$$$  Logger 'cshmd.trj_analysis..' initialized  $$$$$$$$$$$$$$
05/25 15:54 [DEBUG] csh_info (get_logger)                                        : $$$$$$$$$$$$$$  Logger 'csh_info............' initialized  $$$$$$$$$$$$$$
05/25 15:54 [INFO] csh_info (main)                                               : Cif: L020_w2750_c.cif L025_w2750_c.cif L030_w2750_c.cif L035_w2750_c.cif L040_w2750_c.cif L045_w2750_c.cif L050_w2750_c.cif L060_w2750_c.cif L070_w2750_c.cif L080_w2750_c.cif L100_w2750_c.cif L120_w2750_c.cif
05/25 15:54 [INFO] cshmd.structure (__init__)                                    : L020_w2750_c.cif was loaded
05/25 15:54 [DEBUG] cshmd.analysis (__init__)                                    : [Structure] Now new data setted for get Bonds
05/25 15:54 [DEBUG] cshmd.analysis (__del_bond__)                                : del -> Si_O O_H H_O Ca_O C_O BO NBO
05/25 15:54 [DEBUG] cshmd.analysis (__initialize_mole__)                         : initalize -> H2O SiO4 OH CO3 CO2 H3O
05/25 15:54 [DEBUG] cshmd.analysis (__initialize_mole__)                         : initalize -> SiOH CaOH HCO3 H2CO3 H3CO3
05/25 15:54 [DEBUG] cshmd.analysis (find_bond)                                   : find_bond O - H rcut -> 1.2
05/25 15:54 [DEBUG] cshmd.common (time_wrapper)                                  : [RUNTIME] get_distance_table in 6.128 seconds
05/25 15:54 [DEBUG] cshmd.analysis (get_mole)                                    : get_mole O - H -> nbonds: 2
05/25 15:54 [DEBUG] cshmd.analysis (find_bond)                                   : find_bond Si - O rcut -> 2.3
05/25 15:54 [DEBUG] cshmd.common (time_wrapper)                                  : [RUNTIME] get_distance_table in 0.447 seconds
05/25 15:54 [DEBUG] cshmd.analysis (get_mole)                                    : get_mole Si - O -> nbonds: 4
05/25 15:54 [DEBUG] cshmd.analysis (get_mole)                                    : get_mole O - H -> nbonds: 1
05/25 15:54 [DEBUG] cshmd.analysis (find_bond)                                   : find_bond C - O rcut -> 1.6
05/25 15:54 [DEBUG] cshmd.common (time_wrapper)                                  : [RUNTIME] get_distance_table in 0.001 seconds
05/25 15:54 [DEBUG] cshmd.analysis (get_mole)                                    : get_mole C - O -> nbonds: 3
05/25 15:54 [DEBUG] cshmd.analysis (get_mole)                                    : get_mole O - H -> nbonds: 3
05/25 15:54 [DEBUG] cshmd.analysis (find_bond)                                   : find_bond Ca - O rcut -> 3.0
05/25 15:54 [DEBUG] cshmd.common (time_wrapper)                                  : [RUNTIME] get_distance_table in 0.719 seconds
05/25 15:54 [DEBUG] cshmd.analysis (search_basic)                                : Basic search result -> H2O: 3254, SiO4: 512, OH: 128, CO3: 1, H3O: 0, Ca_O: 4428
05/25 15:54 [DEBUG] cshmd.analysis (full_search)                                 : Search layer details
05/25 15:54 [DEBUG] cshmd.analysis (set_layer_boundary)                          : Set layer boundary -> 0.14802459417500036 - 0.4527376048249997
05/25 15:54 [DEBUG] cshmd.analysis (find_bond)                                   : find_bond Ca - O rcut -> 2.6
05/25 15:54 [DEBUG] cshmd.analysis (find_bond)                                   : find_bond Ca - O rcut -> 3.1
05/25 15:54 [DEBUG] cshmd.analysis (find_bond)                                   : find_bond Ca - O rcut -> 5.2
05/25 15:54 [DEBUG] cshmd.analysis (find_bond)                                   : find_bond Si - C rcut -> 5.3
05/25 15:54 [DEBUG] cshmd.common (time_wrapper)                                  : [RUNTIME] get_distance_table in 0.001 seconds
05/25 15:54 [DEBUG] cshmd.analysis (__detail_search_oh_co3)                      : Searching 'OH' in 'CO3'
05/25 15:54 [DEBUG] cshmd.analysis (__detail_search_oh_sioh)                     : Searching 'OH' in 'SiO4
05/25 15:54 [DEBUG] cshmd.analysis (__detail_search_oh_caoh)                     : Searching 'OH' in 'CaOH
05/25 15:54 [INFO] cshmd.analysis (Qn)                                           : [Structure] Q1: 1.000
05/25 15:54 [INFO] cshmd.analysis (evaluate_csh)                                 : [Structure] BT: 0, PT: 512
05/25 15:54 [DEBUG] cshmd.analysis (__init__)                                    : <class 'cshmd.analysis.Chain'> loaded
05/25 15:54 [DEBUG] cshmd.analysis (__init__)                                    : <class 'cshmd.analysis.Chain'> loaded
05/25 15:54 [DEBUG] cshmd.analysis (__init__)                                    : <class 'cshmd.analysis.Chain'> loaded
05/25 15:54 [DEBUG] cshmd.analysis (__init__)                                    : <class 'cshmd.analysis.Chain'> loaded
05/25 15:54 [INFO] cshmd.analysis (evaluate_csh)                                 : [Structure] CL : Length 2: 64
05/25 15:54 [INFO] cshmd.analysis (evaluate_csh)                                 : [Structure] MCL : 2.000
05/25 15:54 [INFO] cshmd.structure (out2info)                                    : 'L020_w2750_c.tmp.pkl' was created
05/25 15:54 [INFO] cshmd.structure (__init__)                                    : L025_w2750_c.cif was loaded
05/25 15:54 [DEBUG] cshmd.analysis (__init__)                                    : [Structure] Now new data setted for get Bonds
05/25 15:54 [DEBUG] cshmd.analysis (__del_bond__)                                : del -> Si_O O_H H_O Ca_O C_O BO NBO
05/25 15:54 [DEBUG] cshmd.analysis (__initialize_mole__)                         : initalize -> H2O SiO4 OH CO3 CO2 H3O
05/25 15:54 [DEBUG] cshmd.analysis (__initialize_mole__)                         : initalize -> SiOH CaOH HCO3 H2CO3 H3CO3
05/25 15:54 [DEBUG] cshmd.analysis (find_bond)                                   : find_bond O - H rcut -> 1.2
05/25 15:54 [DEBUG] cshmd.common (time_wrapper)                                  : [RUNTIME] get_distance_table in 5.885 seconds
05/25 15:54 [DEBUG] cshmd.analysis (get_mole)                                    : get_mole O - H -> nbonds: 2
05/25 15:54 [DEBUG] cshmd.analysis (find_bond)                                   : find_bond Si - O rcut -> 2.3
05/25 15:54 [DEBUG] cshmd.common (time_wrapper)                                  : [RUNTIME] get_distance_table in 0.487 seconds
05/25 15:54 [DEBUG] cshmd.analysis (get_mole)                                    : get_mole Si - O -> nbonds: 4
05/25 15:54 [DEBUG] cshmd.analysis (get_mole)                                    : get_mole O - H -> nbonds: 1
05/25 15:54 [DEBUG] cshmd.analysis (find_bond)                                   : find_bond C - O rcut -> 1.6
05/25 15:54 [DEBUG] cshmd.common (time_wrapper)                                  : [RUNTIME] get_distance_table in 0.001 seconds
05/25 15:54 [DEBUG] cshmd.analysis (get_mole)                                    : get_mole C - O -> nbonds: 3
05/25 15:54 [DEBUG] cshmd.analysis (get_mole)                                    : get_mole O - H -> nbonds: 3
05/25 15:54 [DEBUG] cshmd.analysis (find_bond)                                   : find_bond Ca - O rcut -> 3.0
05/25 15:54 [DEBUG] cshmd.common (time_wrapper)                                  : [RUNTIME] get_distance_table in 0.680 seconds
05/25 15:54 [DEBUG] cshmd.analysis (search_basic)                                : Basic search result -> H2O: 3250, SiO4: 548, OH: 164, CO3: 1, H3O: 4, Ca_O: 4342
05/25 15:54 [DEBUG] cshmd.analysis (full_search)                                 : Search layer details
05/25 15:54 [DEBUG] cshmd.analysis (set_layer_boundary)                          : Set layer boundary -> 0.14802459417500036 - 0.4527376048249997
05/25 15:54 [DEBUG] cshmd.analysis (find_bond)                                   : find_bond Ca - O rcut -> 2.6
05/25 15:54 [DEBUG] cshmd.analysis (find_bond)                                   : find_bond Ca - O rcut -> 3.1
05/25 15:54 [DEBUG] cshmd.analysis (find_bond)                                   : find_bond Ca - O rcut -> 5.2
05/25 15:54 [DEBUG] cshmd.analysis (find_bond)                                   : find_bond Si - C rcut -> 5.3
05/25 15:54 [DEBUG] cshmd.common (time_wrapper)                                  : [RUNTIME] get_distance_table in 0.001 seconds
05/25 15:54 [DEBUG] cshmd.analysis (__detail_search_oh_co3)                      : Searching 'OH' in 'CO3'
05/25 15:54 [DEBUG] cshmd.analysis (__detail_search_oh_sioh)                     : Searching 'OH' in 'SiO4
05/25 15:54 [DEBUG] cshmd.analysis (__detail_search_oh_caoh)                     : Searching 'OH' in 'CaOH
05/25 15:54 [INFO] cshmd.analysis (Qn)                                           : [Structure] Q1: 0.803
05/25 15:54 [INFO] cshmd.analysis (Qn)                                           : [Structure] Q2: 0.197
05/25 15:54 [INFO] cshmd.analysis (evaluate_csh)                                 : [Structure] BT: 36, PT: 512
05/25 15:54 [DEBUG] cshmd.analysis (__init__)                                    : <class 'cshmd.analysis.Chain'> loaded
05/25 15:54 [DEBUG] cshmd.analysis (__init__)                                    : <class 'cshmd.analysis.Chain'> loaded
05/25 15:54 [DEBUG] cshmd.analysis (__init__)                                    : <class 'cshmd.analysis.Chain'> loaded
05/25 15:54 [DEBUG] cshmd.analysis (__init__)                                    : <class 'cshmd.analysis.Chain'> loaded
05/25 15:54 [INFO] cshmd.analysis (evaluate_csh)                                 : [Structure] CL : Length 2: 46 Length 5: 9
05/25 15:54 [INFO] cshmd.analysis (evaluate_csh)                                 : [Structure] MCL : 2.491
05/25 15:54 [INFO] cshmd.structure (out2info)                                    : 'L025_w2750_c.tmp.pkl' was created
05/25 15:54 [INFO] cshmd.structure (__init__)                                    : L030_w2750_c.cif was loaded
05/25 15:54 [DEBUG] cshmd.analysis (__init__)                                    : [Structure] Now new data setted for get Bonds
05/25 15:54 [DEBUG] cshmd.analysis (__del_bond__)                                : del -> Si_O O_H H_O Ca_O C_O BO NBO
05/25 15:54 [DEBUG] cshmd.analysis (__initialize_mole__)                         : initalize -> H2O SiO4 OH CO3 CO2 H3O
05/25 15:54 [DEBUG] cshmd.analysis (__initialize_mole__)                         : initalize -> SiOH CaOH HCO3 H2CO3 H3CO3
05/25 15:54 [DEBUG] cshmd.analysis (find_bond)                                   : find_bond O - H rcut -> 1.2
05/25 15:54 [DEBUG] cshmd.common (time_wrapper)                                  : [RUNTIME] get_distance_table in 5.915 seconds
05/25 15:54 [DEBUG] cshmd.analysis (get_mole)                                    : get_mole O - H -> nbonds: 2
05/25 15:54 [DEBUG] cshmd.analysis (find_bond)                                   : find_bond Si - O rcut -> 2.3
05/25 15:54 [DEBUG] cshmd.common (time_wrapper)                                  : [RUNTIME] get_distance_table in 0.490 seconds
05/25 15:54 [DEBUG] cshmd.analysis (get_mole)                                    : get_mole Si - O -> nbonds: 4
05/25 15:54 [DEBUG] cshmd.analysis (get_mole)                                    : get_mole O - H -> nbonds: 1
05/25 15:54 [DEBUG] cshmd.analysis (find_bond)                                   : find_bond C - O rcut -> 1.6
05/25 15:54 [DEBUG] cshmd.common (time_wrapper)                                  : [RUNTIME] get_distance_table in 0.001 seconds
05/25 15:54 [DEBUG] cshmd.analysis (get_mole)                                    : get_mole C - O -> nbonds: 3
05/25 15:54 [DEBUG] cshmd.analysis (get_mole)                                    : get_mole O - H -> nbonds: 3
05/25 15:54 [DEBUG] cshmd.analysis (find_bond)                                   : find_bond Ca - O rcut -> 3.0
05/25 15:54 [DEBUG] cshmd.common (time_wrapper)                                  : [RUNTIME] get_distance_table in 0.649 seconds
05/25 15:54 [DEBUG] cshmd.analysis (search_basic)                                : Basic search result -> H2O: 3247, SiO4: 576, OH: 192, CO3: 1, H3O: 7, Ca_O: 4285
05/25 15:54 [DEBUG] cshmd.analysis (full_search)                                 : Search layer details
05/25 15:54 [DEBUG] cshmd.analysis (set_layer_boundary)                          : Set layer boundary -> 0.14802459417500036 - 0.4527376048249997
05/25 15:54 [DEBUG] cshmd.analysis (find_bond)                                   : find_bond Ca - O rcut -> 2.6
05/25 15:54 [DEBUG] cshmd.analysis (find_bond)                                   : find_bond Ca - O rcut -> 3.1
05/25 15:54 [DEBUG] cshmd.analysis (find_bond)                                   : find_bond Ca - O rcut -> 5.2
05/25 15:54 [DEBUG] cshmd.analysis (find_bond)                                   : find_bond Si - C rcut -> 5.3
05/25 15:54 [DEBUG] cshmd.common (time_wrapper)                                  : [RUNTIME] get_distance_table in 0.001 seconds
05/25 15:54 [DEBUG] cshmd.analysis (__detail_search_oh_co3)                      : Searching 'OH' in 'CO3'
05/25 15:54 [DEBUG] cshmd.analysis (__detail_search_oh_sioh)                     : Searching 'OH' in 'SiO4
05/25 15:54 [DEBUG] cshmd.analysis (__detail_search_oh_caoh)                     : Searching 'OH' in 'CaOH
05/25 15:54 [INFO] cshmd.analysis (Qn)                                           : [Structure] Q1: 0.667
05/25 15:54 [INFO] cshmd.analysis (Qn)                                           : [Structure] Q2: 0.333
05/25 15:54 [INFO] cshmd.analysis (evaluate_csh)                                 : [Structure] BT: 64, PT: 512
05/25 15:54 [DEBUG] cshmd.analysis (__init__)                                    : <class 'cshmd.analysis.Chain'> loaded
05/25 15:54 [DEBUG] cshmd.analysis (__init__)                                    : <class 'cshmd.analysis.Chain'> loaded
05/25 15:54 [DEBUG] cshmd.analysis (__init__)                                    : <class 'cshmd.analysis.Chain'> loaded
05/25 15:54 [DEBUG] cshmd.analysis (__init__)                                    : <class 'cshmd.analysis.Chain'> loaded
05/25 15:54 [INFO] cshmd.analysis (evaluate_csh)                                 : [Structure] CL : Length 2: 32 Length 5: 16
05/25 15:54 [INFO] cshmd.analysis (evaluate_csh)                                 : [Structure] MCL : 3.000
05/25 15:54 [INFO] cshmd.structure (out2info)                                    : 'L030_w2750_c.tmp.pkl' was created
05/25 15:54 [INFO] cshmd.structure (__init__)                                    : L035_w2750_c.cif was loaded
05/25 15:54 [DEBUG] cshmd.analysis (__init__)                                    : [Structure] Now new data setted for get Bonds
05/25 15:54 [DEBUG] cshmd.analysis (__del_bond__)                                : del -> Si_O O_H H_O Ca_O C_O BO NBO
05/25 15:54 [DEBUG] cshmd.analysis (__initialize_mole__)                         : initalize -> H2O SiO4 OH CO3 CO2 H3O
05/25 15:54 [DEBUG] cshmd.analysis (__initialize_mole__)                         : initalize -> SiOH CaOH HCO3 H2CO3 H3CO3
05/25 15:54 [DEBUG] cshmd.analysis (find_bond)                                   : find_bond O - H rcut -> 1.2
05/25 15:54 [DEBUG] cshmd.common (time_wrapper)                                  : [RUNTIME] get_distance_table in 5.839 seconds
05/25 15:54 [DEBUG] cshmd.analysis (get_mole)                                    : get_mole O - H -> nbonds: 2
05/25 15:54 [DEBUG] cshmd.analysis (find_bond)                                   : find_bond Si - O rcut -> 2.3
05/25 15:54 [DEBUG] cshmd.common (time_wrapper)                                  : [RUNTIME] get_distance_table in 0.601 seconds
05/25 15:54 [DEBUG] cshmd.analysis (get_mole)                                    : get_mole Si - O -> nbonds: 4
05/25 15:54 [DEBUG] cshmd.analysis (get_mole)                                    : get_mole O - H -> nbonds: 1
05/25 15:54 [DEBUG] cshmd.analysis (find_bond)                                   : find_bond C - O rcut -> 1.6
05/25 15:54 [DEBUG] cshmd.common (time_wrapper)                                  : [RUNTIME] get_distance_table in 0.001 seconds
05/25 15:54 [DEBUG] cshmd.analysis (get_mole)                                    : get_mole C - O -> nbonds: 3
05/25 15:54 [DEBUG] cshmd.analysis (get_mole)                                    : get_mole O - H -> nbonds: 3
05/25 15:54 [DEBUG] cshmd.analysis (find_bond)                                   : find_bond Ca - O rcut -> 3.0
05/25 15:54 [DEBUG] cshmd.common (time_wrapper)                                  : [RUNTIME] get_distance_table in 0.767 seconds
05/25 15:54 [DEBUG] cshmd.analysis (search_basic)                                : Basic search result -> H2O: 3242, SiO4: 596, OH: 212, CO3: 1, H3O: 12, Ca_O: 4234
05/25 15:54 [DEBUG] cshmd.analysis (full_search)                                 : Search layer details
05/25 15:54 [DEBUG] cshmd.analysis (set_layer_boundary)                          : Set layer boundary -> 0.14802459417500036 - 0.4527376048249997
05/25 15:54 [DEBUG] cshmd.analysis (find_bond)                                   : find_bond Ca - O rcut -> 2.6
05/25 15:54 [DEBUG] cshmd.analysis (find_bond)                                   : find_bond Ca - O rcut -> 3.1
05/25 15:54 [DEBUG] cshmd.analysis (find_bond)                                   : find_bond Ca - O rcut -> 5.2
05/25 15:54 [DEBUG] cshmd.analysis (find_bond)                                   : find_bond Si - C rcut -> 5.3
05/25 15:54 [DEBUG] cshmd.common (time_wrapper)                                  : [RUNTIME] get_distance_table in 0.001 seconds
05/25 15:54 [DEBUG] cshmd.analysis (__detail_search_oh_co3)                      : Searching 'OH' in 'CO3'
05/25 15:54 [DEBUG] cshmd.analysis (__detail_search_oh_sioh)                     : Searching 'OH' in 'SiO4
05/25 15:54 [DEBUG] cshmd.analysis (__detail_search_oh_caoh)                     : Searching 'OH' in 'CaOH
05/25 15:54 [INFO] cshmd.analysis (Qn)                                           : [Structure] Q1: 0.577
05/25 15:54 [INFO] cshmd.analysis (Qn)                                           : [Structure] Q2: 0.423
05/25 15:54 [INFO] cshmd.analysis (evaluate_csh)                                 : [Structure] BT: 84, PT: 512
05/25 15:54 [DEBUG] cshmd.analysis (__init__)                                    : <class 'cshmd.analysis.Chain'> loaded
05/25 15:54 [DEBUG] cshmd.analysis (__init__)                                    : <class 'cshmd.analysis.Chain'> loaded
05/25 15:54 [DEBUG] cshmd.analysis (__init__)                                    : <class 'cshmd.analysis.Chain'> loaded
05/25 15:54 [DEBUG] cshmd.analysis (__init__)                                    : <class 'cshmd.analysis.Chain'> loaded
05/25 15:54 [INFO] cshmd.analysis (evaluate_csh)                                 : [Structure] CL : Length 2: 22 Length 5: 21
05/25 15:54 [INFO] cshmd.analysis (evaluate_csh)                                 : [Structure] MCL : 3.465
05/25 15:54 [INFO] cshmd.structure (out2info)                                    : 'L035_w2750_c.tmp.pkl' was created
05/25 15:54 [INFO] cshmd.structure (__init__)                                    : L040_w2750_c.cif was loaded
05/25 15:54 [DEBUG] cshmd.analysis (__init__)                                    : [Structure] Now new data setted for get Bonds
05/25 15:54 [DEBUG] cshmd.analysis (__del_bond__)                                : del -> Si_O O_H H_O Ca_O C_O BO NBO
05/25 15:54 [DEBUG] cshmd.analysis (__initialize_mole__)                         : initalize -> H2O SiO4 OH CO3 CO2 H3O
05/25 15:54 [DEBUG] cshmd.analysis (__initialize_mole__)                         : initalize -> SiOH CaOH HCO3 H2CO3 H3CO3
05/25 15:54 [DEBUG] cshmd.analysis (find_bond)                                   : find_bond O - H rcut -> 1.2
05/25 15:54 [DEBUG] cshmd.common (time_wrapper)                                  : [RUNTIME] get_distance_table in 7.483 seconds
05/25 15:54 [DEBUG] cshmd.analysis (get_mole)                                    : get_mole O - H -> nbonds: 2
05/25 15:54 [DEBUG] cshmd.analysis (find_bond)                                   : find_bond Si - O rcut -> 2.3
05/25 15:54 [DEBUG] cshmd.common (time_wrapper)                                  : [RUNTIME] get_distance_table in 0.563 seconds
05/25 15:54 [DEBUG] cshmd.analysis (get_mole)                                    : get_mole Si - O -> nbonds: 4
05/25 15:54 [DEBUG] cshmd.analysis (get_mole)                                    : get_mole O - H -> nbonds: 1
05/25 15:54 [DEBUG] cshmd.analysis (find_bond)                                   : find_bond C - O rcut -> 1.6
05/25 15:54 [DEBUG] cshmd.common (time_wrapper)                                  : [RUNTIME] get_distance_table in 0.001 seconds
05/25 15:54 [DEBUG] cshmd.analysis (get_mole)                                    : get_mole C - O -> nbonds: 3
05/25 15:54 [DEBUG] cshmd.analysis (get_mole)                                    : get_mole O - H -> nbonds: 3
05/25 15:54 [DEBUG] cshmd.analysis (find_bond)                                   : find_bond Ca - O rcut -> 3.0
05/25 15:55 [DEBUG] cshmd.common (time_wrapper)                                  : [RUNTIME] get_distance_table in 0.661 seconds
05/25 15:55 [DEBUG] cshmd.analysis (search_basic)                                : Basic search result -> H2O: 3240, SiO4: 612, OH: 228, CO3: 1, H3O: 14, Ca_O: 4197
05/25 15:55 [DEBUG] cshmd.analysis (full_search)                                 : Search layer details
05/25 15:55 [DEBUG] cshmd.analysis (set_layer_boundary)                          : Set layer boundary -> 0.14802459417500036 - 0.4527376048249997
05/25 15:55 [DEBUG] cshmd.analysis (find_bond)                                   : find_bond Ca - O rcut -> 2.6
05/25 15:55 [DEBUG] cshmd.analysis (find_bond)                                   : find_bond Ca - O rcut -> 3.1
05/25 15:55 [DEBUG] cshmd.analysis (find_bond)                                   : find_bond Ca - O rcut -> 5.2
05/25 15:55 [DEBUG] cshmd.analysis (find_bond)                                   : find_bond Si - C rcut -> 5.3
05/25 15:55 [DEBUG] cshmd.common (time_wrapper)                                  : [RUNTIME] get_distance_table in 0.001 seconds
05/25 15:55 [DEBUG] cshmd.analysis (__detail_search_oh_co3)                      : Searching 'OH' in 'CO3'
05/25 15:55 [DEBUG] cshmd.analysis (__detail_search_oh_sioh)                     : Searching 'OH' in 'SiO4
05/25 15:55 [DEBUG] cshmd.analysis (__detail_search_oh_caoh)                     : Searching 'OH' in 'CaOH
05/25 15:55 [INFO] cshmd.analysis (Qn)                                           : [Structure] Q1: 0.510
05/25 15:55 [INFO] cshmd.analysis (Qn)                                           : [Structure] Q2: 0.490
05/25 15:55 [INFO] cshmd.analysis (evaluate_csh)                                 : [Structure] BT: 100, PT: 512
05/25 15:55 [DEBUG] cshmd.analysis (__init__)                                    : <class 'cshmd.analysis.Chain'> loaded
05/25 15:55 [DEBUG] cshmd.analysis (__init__)                                    : <class 'cshmd.analysis.Chain'> loaded
05/25 15:55 [DEBUG] cshmd.analysis (__init__)                                    : <class 'cshmd.analysis.Chain'> loaded
05/25 15:55 [DEBUG] cshmd.analysis (__init__)                                    : <class 'cshmd.analysis.Chain'> loaded
05/25 15:55 [INFO] cshmd.analysis (evaluate_csh)                                 : [Structure] CL : Length 2: 14 Length 5: 25
05/25 15:55 [INFO] cshmd.analysis (evaluate_csh)                                 : [Structure] MCL : 3.923
05/25 15:55 [INFO] cshmd.structure (out2info)                                    : 'L040_w2750_c.tmp.pkl' was created
05/25 15:55 [INFO] cshmd.structure (__init__)                                    : L045_w2750_c.cif was loaded
05/25 15:55 [DEBUG] cshmd.analysis (__init__)                                    : [Structure] Now new data setted for get Bonds
05/25 15:55 [DEBUG] cshmd.analysis (__del_bond__)                                : del -> Si_O O_H H_O Ca_O C_O BO NBO
05/25 15:55 [DEBUG] cshmd.analysis (__initialize_mole__)                         : initalize -> H2O SiO4 OH CO3 CO2 H3O
05/25 15:55 [DEBUG] cshmd.analysis (__initialize_mole__)                         : initalize -> SiOH CaOH HCO3 H2CO3 H3CO3
05/25 15:55 [DEBUG] cshmd.analysis (find_bond)                                   : find_bond O - H rcut -> 1.2
05/25 15:55 [DEBUG] cshmd.common (time_wrapper)                                  : [RUNTIME] get_distance_table in 7.782 seconds
05/25 15:55 [DEBUG] cshmd.analysis (get_mole)                                    : get_mole O - H -> nbonds: 2
05/25 15:55 [DEBUG] cshmd.analysis (find_bond)                                   : find_bond Si - O rcut -> 2.3
05/25 15:55 [DEBUG] cshmd.common (time_wrapper)                                  : [RUNTIME] get_distance_table in 0.625 seconds
05/25 15:55 [DEBUG] cshmd.analysis (get_mole)                                    : get_mole Si - O -> nbonds: 4
05/25 15:55 [DEBUG] cshmd.analysis (get_mole)                                    : get_mole O - H -> nbonds: 1
05/25 15:55 [DEBUG] cshmd.analysis (find_bond)                                   : find_bond C - O rcut -> 1.6
05/25 15:55 [DEBUG] cshmd.common (time_wrapper)                                  : [RUNTIME] get_distance_table in 0.002 seconds
05/25 15:55 [DEBUG] cshmd.analysis (get_mole)                                    : get_mole C - O -> nbonds: 3
05/25 15:55 [DEBUG] cshmd.analysis (get_mole)                                    : get_mole O - H -> nbonds: 3
05/25 15:55 [DEBUG] cshmd.analysis (find_bond)                                   : find_bond Ca - O rcut -> 3.0
05/25 15:55 [DEBUG] cshmd.common (time_wrapper)                                  : [RUNTIME] get_distance_table in 0.696 seconds
05/25 15:55 [DEBUG] cshmd.analysis (search_basic)                                : Basic search result -> H2O: 3238, SiO4: 628, OH: 244, CO3: 1, H3O: 16, Ca_O: 4162
05/25 15:55 [DEBUG] cshmd.analysis (full_search)                                 : Search layer details
05/25 15:55 [DEBUG] cshmd.analysis (set_layer_boundary)                          : Set layer boundary -> 0.14802459417500036 - 0.4527376048249997
05/25 15:55 [DEBUG] cshmd.analysis (find_bond)                                   : find_bond Ca - O rcut -> 2.6
05/25 15:55 [DEBUG] cshmd.analysis (find_bond)                                   : find_bond Ca - O rcut -> 3.1
05/25 15:55 [DEBUG] cshmd.analysis (find_bond)                                   : find_bond Ca - O rcut -> 5.2
05/25 15:55 [DEBUG] cshmd.analysis (find_bond)                                   : find_bond Si - C rcut -> 5.3
05/25 15:55 [DEBUG] cshmd.common (time_wrapper)                                  : [RUNTIME] get_distance_table in 0.001 seconds
05/25 15:55 [DEBUG] cshmd.analysis (__detail_search_oh_co3)                      : Searching 'OH' in 'CO3'
05/25 15:55 [DEBUG] cshmd.analysis (__detail_search_oh_sioh)                     : Searching 'OH' in 'SiO4
05/25 15:55 [DEBUG] cshmd.analysis (__detail_search_oh_caoh)                     : Searching 'OH' in 'CaOH
05/25 15:55 [INFO] cshmd.analysis (Qn)                                           : [Structure] Q1: 0.446
05/25 15:55 [INFO] cshmd.analysis (Qn)                                           : [Structure] Q2: 0.554
05/25 15:55 [INFO] cshmd.analysis (evaluate_csh)                                 : [Structure] BT: 116, PT: 512
05/25 15:55 [DEBUG] cshmd.analysis (__init__)                                    : <class 'cshmd.analysis.Chain'> loaded
05/25 15:55 [DEBUG] cshmd.analysis (__init__)                                    : <class 'cshmd.analysis.Chain'> loaded
05/25 15:55 [DEBUG] cshmd.analysis (__init__)                                    : <class 'cshmd.analysis.Chain'> loaded
05/25 15:55 [DEBUG] cshmd.analysis (__init__)                                    : <class 'cshmd.analysis.Chain'> loaded
05/25 15:55 [INFO] cshmd.analysis (evaluate_csh)                                 : [Structure] CL : Length 2: 10 Length 5: 21 Length 8: 4
05/25 15:55 [INFO] cshmd.analysis (evaluate_csh)                                 : [Structure] MCL : 4.486
05/25 15:55 [INFO] cshmd.structure (out2info)                                    : 'L045_w2750_c.tmp.pkl' was created
05/25 15:55 [INFO] cshmd.structure (__init__)                                    : L050_w2750_c.cif was loaded
05/25 15:55 [DEBUG] cshmd.analysis (__init__)                                    : [Structure] Now new data setted for get Bonds
05/25 15:55 [DEBUG] cshmd.analysis (__del_bond__)                                : del -> Si_O O_H H_O Ca_O C_O BO NBO
05/25 15:55 [DEBUG] cshmd.analysis (__initialize_mole__)                         : initalize -> H2O SiO4 OH CO3 CO2 H3O
05/25 15:55 [DEBUG] cshmd.analysis (__initialize_mole__)                         : initalize -> SiOH CaOH HCO3 H2CO3 H3CO3
05/25 15:55 [DEBUG] cshmd.analysis (find_bond)                                   : find_bond O - H rcut -> 1.2
05/25 15:55 [DEBUG] cshmd.common (time_wrapper)                                  : [RUNTIME] get_distance_table in 6.079 seconds
05/25 15:55 [DEBUG] cshmd.analysis (get_mole)                                    : get_mole O - H -> nbonds: 2
05/25 15:55 [DEBUG] cshmd.analysis (find_bond)                                   : find_bond Si - O rcut -> 2.3
05/25 15:55 [DEBUG] cshmd.common (time_wrapper)                                  : [RUNTIME] get_distance_table in 0.573 seconds
05/25 15:55 [DEBUG] cshmd.analysis (get_mole)                                    : get_mole Si - O -> nbonds: 4
05/25 15:55 [DEBUG] cshmd.analysis (get_mole)                                    : get_mole O - H -> nbonds: 1
05/25 15:55 [DEBUG] cshmd.analysis (find_bond)                                   : find_bond C - O rcut -> 1.6
05/25 15:55 [DEBUG] cshmd.common (time_wrapper)                                  : [RUNTIME] get_distance_table in 0.001 seconds
05/25 15:55 [DEBUG] cshmd.analysis (get_mole)                                    : get_mole C - O -> nbonds: 3
05/25 15:55 [DEBUG] cshmd.analysis (get_mole)                                    : get_mole O - H -> nbonds: 3
05/25 15:55 [DEBUG] cshmd.analysis (find_bond)                                   : find_bond Ca - O rcut -> 3.0
05/25 15:55 [DEBUG] cshmd.common (time_wrapper)                                  : [RUNTIME] get_distance_table in 0.605 seconds
05/25 15:55 [DEBUG] cshmd.analysis (search_basic)                                : Basic search result -> H2O: 3236, SiO4: 640, OH: 256, CO3: 1, H3O: 18, Ca_O: 4132
05/25 15:55 [DEBUG] cshmd.analysis (full_search)                                 : Search layer details
05/25 15:55 [DEBUG] cshmd.analysis (set_layer_boundary)                          : Set layer boundary -> 0.14802459417500036 - 0.4527376048249997
05/25 15:55 [DEBUG] cshmd.analysis (find_bond)                                   : find_bond Ca - O rcut -> 2.6
05/25 15:55 [DEBUG] cshmd.analysis (find_bond)                                   : find_bond Ca - O rcut -> 3.1
05/25 15:55 [DEBUG] cshmd.analysis (find_bond)                                   : find_bond Ca - O rcut -> 5.2
05/25 15:55 [DEBUG] cshmd.analysis (find_bond)                                   : find_bond Si - C rcut -> 5.3
05/25 15:55 [DEBUG] cshmd.common (time_wrapper)                                  : [RUNTIME] get_distance_table in 0.001 seconds
05/25 15:55 [DEBUG] cshmd.analysis (__detail_search_oh_co3)                      : Searching 'OH' in 'CO3'
05/25 15:55 [DEBUG] cshmd.analysis (__detail_search_oh_sioh)                     : Searching 'OH' in 'SiO4
05/25 15:55 [DEBUG] cshmd.analysis (__detail_search_oh_caoh)                     : Searching 'OH' in 'CaOH
05/25 15:55 [INFO] cshmd.analysis (Qn)                                           : [Structure] Q1: 0.400
05/25 15:55 [INFO] cshmd.analysis (Qn)                                           : [Structure] Q2: 0.600
05/25 15:55 [INFO] cshmd.analysis (evaluate_csh)                                 : [Structure] BT: 128, PT: 512
05/25 15:55 [DEBUG] cshmd.analysis (__init__)                                    : <class 'cshmd.analysis.Chain'> loaded
05/25 15:55 [DEBUG] cshmd.analysis (__init__)                                    : <class 'cshmd.analysis.Chain'> loaded
05/25 15:55 [DEBUG] cshmd.analysis (__init__)                                    : <class 'cshmd.analysis.Chain'> loaded
05/25 15:55 [DEBUG] cshmd.analysis (__init__)                                    : <class 'cshmd.analysis.Chain'> loaded
05/25 15:55 [INFO] cshmd.analysis (evaluate_csh)                                 : [Structure] CL : Length 2: 8 Length 5: 16 Length 8: 8
05/25 15:55 [INFO] cshmd.analysis (evaluate_csh)                                 : [Structure] MCL : 5.000
05/25 15:55 [INFO] cshmd.structure (out2info)                                    : 'L050_w2750_c.tmp.pkl' was created
05/25 15:55 [INFO] cshmd.structure (__init__)                                    : L060_w2750_c.cif was loaded
05/25 15:55 [DEBUG] cshmd.analysis (__init__)                                    : [Structure] Now new data setted for get Bonds
05/25 15:55 [DEBUG] cshmd.analysis (__del_bond__)                                : del -> Si_O O_H H_O Ca_O C_O BO NBO
05/25 15:55 [DEBUG] cshmd.analysis (__initialize_mole__)                         : initalize -> H2O SiO4 OH CO3 CO2 H3O
05/25 15:55 [DEBUG] cshmd.analysis (__initialize_mole__)                         : initalize -> SiOH CaOH HCO3 H2CO3 H3CO3
05/25 15:55 [DEBUG] cshmd.analysis (find_bond)                                   : find_bond O - H rcut -> 1.2
05/25 15:55 [DEBUG] cshmd.common (time_wrapper)                                  : [RUNTIME] get_distance_table in 5.894 seconds
05/25 15:55 [DEBUG] cshmd.analysis (get_mole)                                    : get_mole O - H -> nbonds: 2
05/25 15:55 [DEBUG] cshmd.analysis (find_bond)                                   : find_bond Si - O rcut -> 2.3
05/25 15:55 [DEBUG] cshmd.common (time_wrapper)                                  : [RUNTIME] get_distance_table in 0.559 seconds
05/25 15:55 [DEBUG] cshmd.analysis (get_mole)                                    : get_mole Si - O -> nbonds: 4
05/25 15:55 [DEBUG] cshmd.analysis (get_mole)                                    : get_mole O - H -> nbonds: 1
05/25 15:55 [DEBUG] cshmd.analysis (find_bond)                                   : find_bond C - O rcut -> 1.6
05/25 15:55 [DEBUG] cshmd.common (time_wrapper)                                  : [RUNTIME] get_distance_table in 0.001 seconds
05/25 15:55 [DEBUG] cshmd.analysis (get_mole)                                    : get_mole C - O -> nbonds: 3
05/25 15:55 [DEBUG] cshmd.analysis (get_mole)                                    : get_mole O - H -> nbonds: 3
05/25 15:55 [DEBUG] cshmd.analysis (find_bond)                                   : find_bond Ca - O rcut -> 3.0
05/25 15:55 [DEBUG] cshmd.common (time_wrapper)                                  : [RUNTIME] get_distance_table in 0.600 seconds
05/25 15:55 [DEBUG] cshmd.analysis (search_basic)                                : Basic search result -> H2O: 3236, SiO4: 656, OH: 272, CO3: 1, H3O: 18, Ca_O: 4094
05/25 15:55 [DEBUG] cshmd.analysis (full_search)                                 : Search layer details
05/25 15:55 [DEBUG] cshmd.analysis (set_layer_boundary)                          : Set layer boundary -> 0.14802459417500036 - 0.4527376048249997
05/25 15:55 [DEBUG] cshmd.analysis (find_bond)                                   : find_bond Ca - O rcut -> 2.6
05/25 15:55 [DEBUG] cshmd.analysis (find_bond)                                   : find_bond Ca - O rcut -> 3.1
05/25 15:55 [DEBUG] cshmd.analysis (find_bond)                                   : find_bond Ca - O rcut -> 5.2
05/25 15:55 [DEBUG] cshmd.analysis (find_bond)                                   : find_bond Si - C rcut -> 5.3
05/25 15:55 [DEBUG] cshmd.common (time_wrapper)                                  : [RUNTIME] get_distance_table in 0.001 seconds
05/25 15:55 [DEBUG] cshmd.analysis (__detail_search_oh_co3)                      : Searching 'OH' in 'CO3'
05/25 15:55 [DEBUG] cshmd.analysis (__detail_search_oh_sioh)                     : Searching 'OH' in 'SiO4
05/25 15:55 [DEBUG] cshmd.analysis (__detail_search_oh_caoh)                     : Searching 'OH' in 'CaOH
05/25 15:55 [INFO] cshmd.analysis (Qn)                                           : [Structure] Q1: 0.341
05/25 15:55 [INFO] cshmd.analysis (Qn)                                           : [Structure] Q2: 0.659
05/25 15:55 [INFO] cshmd.analysis (evaluate_csh)                                 : [Structure] BT: 144, PT: 512
05/25 15:55 [DEBUG] cshmd.analysis (__init__)                                    : <class 'cshmd.analysis.Chain'> loaded
05/25 15:55 [DEBUG] cshmd.analysis (__init__)                                    : <class 'cshmd.analysis.Chain'> loaded
05/25 15:55 [DEBUG] cshmd.analysis (__init__)                                    : <class 'cshmd.analysis.Chain'> loaded
05/25 15:55 [DEBUG] cshmd.analysis (__init__)                                    : <class 'cshmd.analysis.Chain'> loaded
05/25 15:55 [INFO] cshmd.analysis (evaluate_csh)                                 : [Structure] CL : Length 2: 6 Length 5: 9 Length 8: 12 Length 11: 1
05/25 15:55 [INFO] cshmd.analysis (evaluate_csh)                                 : [Structure] MCL : 5.857
05/25 15:55 [INFO] cshmd.structure (out2info)                                    : 'L060_w2750_c.tmp.pkl' was created
05/25 15:55 [INFO] cshmd.structure (__init__)                                    : L070_w2750_c.cif was loaded
05/25 15:55 [DEBUG] cshmd.analysis (__init__)                                    : [Structure] Now new data setted for get Bonds
05/25 15:55 [DEBUG] cshmd.analysis (__del_bond__)                                : del -> Si_O O_H H_O Ca_O C_O BO NBO
05/25 15:55 [DEBUG] cshmd.analysis (__initialize_mole__)                         : initalize -> H2O SiO4 OH CO3 CO2 H3O
05/25 15:55 [DEBUG] cshmd.analysis (__initialize_mole__)                         : initalize -> SiOH CaOH HCO3 H2CO3 H3CO3
05/25 15:55 [DEBUG] cshmd.analysis (find_bond)                                   : find_bond O - H rcut -> 1.2
05/25 15:55 [DEBUG] cshmd.common (time_wrapper)                                  : [RUNTIME] get_distance_table in 6.086 seconds
05/25 15:55 [DEBUG] cshmd.analysis (get_mole)                                    : get_mole O - H -> nbonds: 2
05/25 15:55 [DEBUG] cshmd.analysis (find_bond)                                   : find_bond Si - O rcut -> 2.3
05/25 15:55 [DEBUG] cshmd.common (time_wrapper)                                  : [RUNTIME] get_distance_table in 0.576 seconds
05/25 15:55 [DEBUG] cshmd.analysis (get_mole)                                    : get_mole Si - O -> nbonds: 4
05/25 15:55 [DEBUG] cshmd.analysis (get_mole)                                    : get_mole O - H -> nbonds: 1
05/25 15:55 [DEBUG] cshmd.analysis (find_bond)                                   : find_bond C - O rcut -> 1.6
05/25 15:55 [DEBUG] cshmd.common (time_wrapper)                                  : [RUNTIME] get_distance_table in 0.001 seconds
05/25 15:55 [DEBUG] cshmd.analysis (get_mole)                                    : get_mole C - O -> nbonds: 3
05/25 15:55 [DEBUG] cshmd.analysis (get_mole)                                    : get_mole O - H -> nbonds: 3
05/25 15:55 [DEBUG] cshmd.analysis (find_bond)                                   : find_bond Ca - O rcut -> 3.0
05/25 15:55 [DEBUG] cshmd.common (time_wrapper)                                  : [RUNTIME] get_distance_table in 0.577 seconds
05/25 15:55 [DEBUG] cshmd.analysis (search_basic)                                : Basic search result -> H2O: 3235, SiO4: 672, OH: 288, CO3: 1, H3O: 19, Ca_O: 4059
05/25 15:55 [DEBUG] cshmd.analysis (full_search)                                 : Search layer details
05/25 15:55 [DEBUG] cshmd.analysis (set_layer_boundary)                          : Set layer boundary -> 0.14802459417500036 - 0.4527376048249997
05/25 15:55 [DEBUG] cshmd.analysis (find_bond)                                   : find_bond Ca - O rcut -> 2.6
05/25 15:55 [DEBUG] cshmd.analysis (find_bond)                                   : find_bond Ca - O rcut -> 3.1
05/25 15:55 [DEBUG] cshmd.analysis (find_bond)                                   : find_bond Ca - O rcut -> 5.2
05/25 15:55 [DEBUG] cshmd.analysis (find_bond)                                   : find_bond Si - C rcut -> 5.3
05/25 15:55 [DEBUG] cshmd.common (time_wrapper)                                  : [RUNTIME] get_distance_table in 0.001 seconds
05/25 15:55 [DEBUG] cshmd.analysis (__detail_search_oh_co3)                      : Searching 'OH' in 'CO3'
05/25 15:55 [DEBUG] cshmd.analysis (__detail_search_oh_sioh)                     : Searching 'OH' in 'SiO4
05/25 15:55 [DEBUG] cshmd.analysis (__detail_search_oh_caoh)                     : Searching 'OH' in 'CaOH
05/25 15:55 [INFO] cshmd.analysis (Qn)                                           : [Structure] Q1: 0.286
05/25 15:55 [INFO] cshmd.analysis (Qn)                                           : [Structure] Q2: 0.714
05/25 15:55 [INFO] cshmd.analysis (evaluate_csh)                                 : [Structure] BT: 160, PT: 512
05/25 15:55 [DEBUG] cshmd.analysis (__init__)                                    : <class 'cshmd.analysis.Chain'> loaded
05/25 15:55 [DEBUG] cshmd.analysis (__init__)                                    : <class 'cshmd.analysis.Chain'> loaded
05/25 15:55 [DEBUG] cshmd.analysis (__init__)                                    : <class 'cshmd.analysis.Chain'> loaded
05/25 15:55 [DEBUG] cshmd.analysis (__init__)                                    : <class 'cshmd.analysis.Chain'> loaded
05/25 15:55 [INFO] cshmd.analysis (evaluate_csh)                                 : [Structure] CL : Length 2: 2 Length 5: 7 Length 8: 12 Length 11: 3
05/25 15:55 [INFO] cshmd.analysis (evaluate_csh)                                 : [Structure] MCL : 7.000
05/25 15:55 [INFO] cshmd.structure (out2info)                                    : 'L070_w2750_c.tmp.pkl' was created
05/25 15:55 [INFO] cshmd.structure (__init__)                                    : L080_w2750_c.cif was loaded
05/25 15:55 [DEBUG] cshmd.analysis (__init__)                                    : [Structure] Now new data setted for get Bonds
05/25 15:55 [DEBUG] cshmd.analysis (__del_bond__)                                : del -> Si_O O_H H_O Ca_O C_O BO NBO
05/25 15:55 [DEBUG] cshmd.analysis (__initialize_mole__)                         : initalize -> H2O SiO4 OH CO3 CO2 H3O
05/25 15:55 [DEBUG] cshmd.analysis (__initialize_mole__)                         : initalize -> SiOH CaOH HCO3 H2CO3 H3CO3
05/25 15:55 [DEBUG] cshmd.analysis (find_bond)                                   : find_bond O - H rcut -> 1.2
05/25 15:55 [DEBUG] cshmd.common (time_wrapper)                                  : [RUNTIME] get_distance_table in 6.504 seconds
05/25 15:55 [DEBUG] cshmd.analysis (get_mole)                                    : get_mole O - H -> nbonds: 2
05/25 15:55 [DEBUG] cshmd.analysis (find_bond)                                   : find_bond Si - O rcut -> 2.3
05/25 15:55 [DEBUG] cshmd.common (time_wrapper)                                  : [RUNTIME] get_distance_table in 0.689 seconds
05/25 15:55 [DEBUG] cshmd.analysis (get_mole)                                    : get_mole Si - O -> nbonds: 4
05/25 15:55 [DEBUG] cshmd.analysis (get_mole)                                    : get_mole O - H -> nbonds: 1
05/25 15:55 [DEBUG] cshmd.analysis (find_bond)                                   : find_bond C - O rcut -> 1.6
05/25 15:55 [DEBUG] cshmd.common (time_wrapper)                                  : [RUNTIME] get_distance_table in 0.001 seconds
05/25 15:55 [DEBUG] cshmd.analysis (get_mole)                                    : get_mole C - O -> nbonds: 3
05/25 15:55 [DEBUG] cshmd.analysis (get_mole)                                    : get_mole O - H -> nbonds: 3
05/25 15:55 [DEBUG] cshmd.analysis (find_bond)                                   : find_bond Ca - O rcut -> 3.0
05/25 15:55 [DEBUG] cshmd.common (time_wrapper)                                  : [RUNTIME] get_distance_table in 0.587 seconds
05/25 15:55 [DEBUG] cshmd.analysis (search_basic)                                : Basic search result -> H2O: 3233, SiO4: 680, OH: 296, CO3: 1, H3O: 21, Ca_O: 4042
05/25 15:55 [DEBUG] cshmd.analysis (full_search)                                 : Search layer details
05/25 15:55 [DEBUG] cshmd.analysis (set_layer_boundary)                          : Set layer boundary -> 0.14802459417500036 - 0.4527376048249997
05/25 15:55 [DEBUG] cshmd.analysis (find_bond)                                   : find_bond Ca - O rcut -> 2.6
05/25 15:55 [DEBUG] cshmd.analysis (find_bond)                                   : find_bond Ca - O rcut -> 3.1
05/25 15:55 [DEBUG] cshmd.analysis (find_bond)                                   : find_bond Ca - O rcut -> 5.2
05/25 15:55 [DEBUG] cshmd.analysis (find_bond)                                   : find_bond Si - C rcut -> 5.3
05/25 15:55 [DEBUG] cshmd.common (time_wrapper)                                  : [RUNTIME] get_distance_table in 0.001 seconds
05/25 15:55 [DEBUG] cshmd.analysis (__detail_search_oh_co3)                      : Searching 'OH' in 'CO3'
05/25 15:55 [DEBUG] cshmd.analysis (__detail_search_oh_sioh)                     : Searching 'OH' in 'SiO4
05/25 15:55 [DEBUG] cshmd.analysis (__detail_search_oh_caoh)                     : Searching 'OH' in 'CaOH
05/25 15:55 [INFO] cshmd.analysis (Qn)                                           : [Structure] Q1: 0.259
05/25 15:55 [INFO] cshmd.analysis (Qn)                                           : [Structure] Q2: 0.741
05/25 15:55 [INFO] cshmd.analysis (evaluate_csh)                                 : [Structure] BT: 168, PT: 512
05/25 15:55 [DEBUG] cshmd.analysis (__init__)                                    : <class 'cshmd.analysis.Chain'> loaded
05/25 15:55 [DEBUG] cshmd.analysis (__init__)                                    : <class 'cshmd.analysis.Chain'> loaded
05/25 15:55 [DEBUG] cshmd.analysis (__init__)                                    : <class 'cshmd.analysis.Chain'> loaded
05/25 15:55 [DEBUG] cshmd.analysis (__init__)                                    : <class 'cshmd.analysis.Chain'> loaded
05/25 15:55 [INFO] cshmd.analysis (evaluate_csh)                                 : [Structure] CL : Length 2: 2 Length 5: 4 Length 8: 10 Length 11: 6
05/25 15:55 [INFO] cshmd.analysis (evaluate_csh)                                 : [Structure] MCL : 7.727
05/25 15:55 [INFO] cshmd.structure (out2info)                                    : 'L080_w2750_c.tmp.pkl' was created
05/25 15:55 [INFO] cshmd.structure (__init__)                                    : L100_w2750_c.cif was loaded
05/25 15:55 [DEBUG] cshmd.analysis (__init__)                                    : [Structure] Now new data setted for get Bonds
05/25 15:55 [DEBUG] cshmd.analysis (__del_bond__)                                : del -> Si_O O_H H_O Ca_O C_O BO NBO
05/25 15:55 [DEBUG] cshmd.analysis (__initialize_mole__)                         : initalize -> H2O SiO4 OH CO3 CO2 H3O
05/25 15:55 [DEBUG] cshmd.analysis (__initialize_mole__)                         : initalize -> SiOH CaOH HCO3 H2CO3 H3CO3
05/25 15:55 [DEBUG] cshmd.analysis (find_bond)                                   : find_bond O - H rcut -> 1.2
05/25 15:55 [DEBUG] cshmd.common (time_wrapper)                                  : [RUNTIME] get_distance_table in 6.090 seconds
05/25 15:55 [DEBUG] cshmd.analysis (get_mole)                                    : get_mole O - H -> nbonds: 2
05/25 15:55 [DEBUG] cshmd.analysis (find_bond)                                   : find_bond Si - O rcut -> 2.3
05/25 15:55 [DEBUG] cshmd.common (time_wrapper)                                  : [RUNTIME] get_distance_table in 0.618 seconds
05/25 15:55 [DEBUG] cshmd.analysis (get_mole)                                    : get_mole Si - O -> nbonds: 4
05/25 15:55 [DEBUG] cshmd.analysis (get_mole)                                    : get_mole O - H -> nbonds: 1
05/25 15:55 [DEBUG] cshmd.analysis (find_bond)                                   : find_bond C - O rcut -> 1.6
05/25 15:55 [DEBUG] cshmd.common (time_wrapper)                                  : [RUNTIME] get_distance_table in 0.001 seconds
05/25 15:55 [DEBUG] cshmd.analysis (get_mole)                                    : get_mole C - O -> nbonds: 3
05/25 15:55 [DEBUG] cshmd.analysis (get_mole)                                    : get_mole O - H -> nbonds: 3
05/25 15:55 [DEBUG] cshmd.analysis (find_bond)                                   : find_bond Ca - O rcut -> 3.0
05/25 15:55 [DEBUG] cshmd.common (time_wrapper)                                  : [RUNTIME] get_distance_table in 0.612 seconds
05/25 15:55 [DEBUG] cshmd.analysis (search_basic)                                : Basic search result -> H2O: 3233, SiO4: 696, OH: 312, CO3: 1, H3O: 21, Ca_O: 4005
05/25 15:55 [DEBUG] cshmd.analysis (full_search)                                 : Search layer details
05/25 15:55 [DEBUG] cshmd.analysis (set_layer_boundary)                          : Set layer boundary -> 0.14802459417500036 - 0.4527376048249997
05/25 15:55 [DEBUG] cshmd.analysis (find_bond)                                   : find_bond Ca - O rcut -> 2.6
05/25 15:55 [DEBUG] cshmd.analysis (find_bond)                                   : find_bond Ca - O rcut -> 3.1
05/25 15:55 [DEBUG] cshmd.analysis (find_bond)                                   : find_bond Ca - O rcut -> 5.2
05/25 15:55 [DEBUG] cshmd.analysis (find_bond)                                   : find_bond Si - C rcut -> 5.3
05/25 15:55 [DEBUG] cshmd.common (time_wrapper)                                  : [RUNTIME] get_distance_table in 0.001 seconds
05/25 15:55 [DEBUG] cshmd.analysis (__detail_search_oh_co3)                      : Searching 'OH' in 'CO3'
05/25 15:55 [DEBUG] cshmd.analysis (__detail_search_oh_sioh)                     : Searching 'OH' in 'SiO4
05/25 15:55 [DEBUG] cshmd.analysis (__detail_search_oh_caoh)                     : Searching 'OH' in 'CaOH
05/25 15:55 [INFO] cshmd.analysis (Qn)                                           : [Structure] Q1: 0.207
05/25 15:55 [INFO] cshmd.analysis (Qn)                                           : [Structure] Q2: 0.793
05/25 15:55 [INFO] cshmd.analysis (evaluate_csh)                                 : [Structure] BT: 184, PT: 512
05/25 15:55 [DEBUG] cshmd.analysis (__init__)                                    : <class 'cshmd.analysis.Chain'> loaded
05/25 15:55 [DEBUG] cshmd.analysis (__init__)                                    : <class 'cshmd.analysis.Chain'> loaded
05/25 15:55 [DEBUG] cshmd.analysis (__init__)                                    : <class 'cshmd.analysis.Chain'> loaded
05/25 15:55 [DEBUG] cshmd.analysis (__init__)                                    : <class 'cshmd.analysis.Chain'> loaded
05/25 15:55 [INFO] cshmd.analysis (evaluate_csh)                                 : [Structure] CL : Length 2: 1 Length 5: 2 Length 8: 5 Length 11: 6 Length 14: 4
05/25 15:55 [INFO] cshmd.analysis (evaluate_csh)                                 : [Structure] MCL : 9.667
05/25 15:55 [INFO] cshmd.structure (out2info)                                    : 'L100_w2750_c.tmp.pkl' was created
05/25 15:55 [INFO] cshmd.structure (__init__)                                    : L120_w2750_c.cif was loaded
05/25 15:55 [DEBUG] cshmd.analysis (__init__)                                    : [Structure] Now new data setted for get Bonds
05/25 15:55 [DEBUG] cshmd.analysis (__del_bond__)                                : del -> Si_O O_H H_O Ca_O C_O BO NBO
05/25 15:55 [DEBUG] cshmd.analysis (__initialize_mole__)                         : initalize -> H2O SiO4 OH CO3 CO2 H3O
05/25 15:55 [DEBUG] cshmd.analysis (__initialize_mole__)                         : initalize -> SiOH CaOH HCO3 H2CO3 H3CO3
05/25 15:55 [DEBUG] cshmd.analysis (find_bond)                                   : find_bond O - H rcut -> 1.2
05/25 15:55 [DEBUG] cshmd.common (time_wrapper)                                  : [RUNTIME] get_distance_table in 6.031 seconds
05/25 15:55 [DEBUG] cshmd.analysis (get_mole)                                    : get_mole O - H -> nbonds: 2
05/25 15:55 [DEBUG] cshmd.analysis (find_bond)                                   : find_bond Si - O rcut -> 2.3
05/25 15:55 [DEBUG] cshmd.common (time_wrapper)                                  : [RUNTIME] get_distance_table in 0.631 seconds
05/25 15:55 [DEBUG] cshmd.analysis (get_mole)                                    : get_mole Si - O -> nbonds: 4
05/25 15:55 [DEBUG] cshmd.analysis (get_mole)                                    : get_mole O - H -> nbonds: 1
05/25 15:55 [DEBUG] cshmd.analysis (find_bond)                                   : find_bond C - O rcut -> 1.6
05/25 15:55 [DEBUG] cshmd.common (time_wrapper)                                  : [RUNTIME] get_distance_table in 0.001 seconds
05/25 15:55 [DEBUG] cshmd.analysis (get_mole)                                    : get_mole C - O -> nbonds: 3
05/25 15:55 [DEBUG] cshmd.analysis (get_mole)                                    : get_mole O - H -> nbonds: 3
05/25 15:55 [DEBUG] cshmd.analysis (find_bond)                                   : find_bond Ca - O rcut -> 3.0
05/25 15:55 [DEBUG] cshmd.common (time_wrapper)                                  : [RUNTIME] get_distance_table in 0.545 seconds
05/25 15:55 [DEBUG] cshmd.analysis (search_basic)                                : Basic search result -> H2O: 3230, SiO4: 708, OH: 324, CO3: 1, H3O: 24, Ca_O: 3978
05/25 15:55 [DEBUG] cshmd.analysis (full_search)                                 : Search layer details
05/25 15:55 [DEBUG] cshmd.analysis (set_layer_boundary)                          : Set layer boundary -> 0.14802459417500036 - 0.4527376048249997
05/25 15:55 [DEBUG] cshmd.analysis (find_bond)                                   : find_bond Ca - O rcut -> 2.6
05/25 15:55 [DEBUG] cshmd.analysis (find_bond)                                   : find_bond Ca - O rcut -> 3.1
05/25 15:55 [DEBUG] cshmd.analysis (find_bond)                                   : find_bond Ca - O rcut -> 5.2
05/25 15:55 [DEBUG] cshmd.analysis (find_bond)                                   : find_bond Si - C rcut -> 5.3
05/25 15:55 [DEBUG] cshmd.common (time_wrapper)                                  : [RUNTIME] get_distance_table in 0.001 seconds
05/25 15:55 [DEBUG] cshmd.analysis (__detail_search_oh_co3)                      : Searching 'OH' in 'CO3'
05/25 15:55 [DEBUG] cshmd.analysis (__detail_search_oh_sioh)                     : Searching 'OH' in 'SiO4
05/25 15:55 [DEBUG] cshmd.analysis (__detail_search_oh_caoh)                     : Searching 'OH' in 'CaOH
05/25 15:55 [INFO] cshmd.analysis (Qn)                                           : [Structure] Q1: 0.169
05/25 15:55 [INFO] cshmd.analysis (Qn)                                           : [Structure] Q2: 0.831
05/25 15:55 [INFO] cshmd.analysis (evaluate_csh)                                 : [Structure] BT: 196, PT: 512
05/25 15:55 [DEBUG] cshmd.analysis (__init__)                                    : <class 'cshmd.analysis.Chain'> loaded
05/25 15:55 [DEBUG] cshmd.analysis (__init__)                                    : <class 'cshmd.analysis.Chain'> loaded
05/25 15:55 [DEBUG] cshmd.analysis (__init__)                                    : <class 'cshmd.analysis.Chain'> loaded
05/25 15:55 [DEBUG] cshmd.analysis (__init__)                                    : <class 'cshmd.analysis.Chain'> loaded
05/25 15:55 [INFO] cshmd.analysis (evaluate_csh)                                 : [Structure] CL : Length 5: 1 Length 8: 1 Length 11: 10 Length 14: 1 Length 17: 1 Length 23: 1
05/25 15:55 [INFO] cshmd.analysis (evaluate_csh)                                 : [Structure] MCL : 11.800
05/25 15:55 [INFO] cshmd.structure (out2info)                                    : 'L120_w2750_c.tmp.pkl' was created
05/25 16:02 [DEBUG] cshmd.common (get_logger)                                    : $$$$$$$$$$$$$$  Logger 'cshmd.common........' initialized  $$$$$$$$$$$$$$
05/25 16:02 [DEBUG] cshmd.functions (get_logger)                                 : $$$$$$$$$$$$$$  Logger 'cshmd.functions.....' initialized  $$$$$$$$$$$$$$
05/25 16:02 [DEBUG] cshmd.load (get_logger)                                      : $$$$$$$$$$$$$$  Logger 'cshmd.load..........' initialized  $$$$$$$$$$$$$$
05/25 16:02 [DEBUG] cshmd.analysis (get_logger)                                  : $$$$$$$$$$$$$$  Logger 'cshmd.analysis......' initialized  $$$$$$$$$$$$$$
05/25 16:02 [DEBUG] cshmd.equation (get_logger)                                  : $$$$$$$$$$$$$$  Logger 'cshmd.equation......' initialized  $$$$$$$$$$$$$$
05/25 16:02 [DEBUG] cshmd.structure (get_logger)                                 : $$$$$$$$$$$$$$  Logger 'cshmd.structure.....' initialized  $$$$$$$$$$$$$$
05/25 16:02 [DEBUG] cshmd.builder (get_logger)                                   : $$$$$$$$$$$$$$  Logger 'cshmd.builder.......' initialized  $$$$$$$$$$$$$$
05/25 16:02 [DEBUG] cshmd.trj_analysis (get_logger)                              : $$$$$$$$$$$$$$  Logger 'cshmd.trj_analysis..' initialized  $$$$$$$$$$$$$$
05/25 16:03 [DEBUG] cshmd.common (get_logger)                                    : $$$$$$$$$$$$$$  Logger 'cshmd.common........' initialized  $$$$$$$$$$$$$$
05/25 16:03 [DEBUG] cshmd.functions (get_logger)                                 : $$$$$$$$$$$$$$  Logger 'cshmd.functions.....' initialized  $$$$$$$$$$$$$$
05/25 16:03 [DEBUG] cshmd.load (get_logger)                                      : $$$$$$$$$$$$$$  Logger 'cshmd.load..........' initialized  $$$$$$$$$$$$$$
05/25 16:03 [DEBUG] cshmd.analysis (get_logger)                                  : $$$$$$$$$$$$$$  Logger 'cshmd.analysis......' initialized  $$$$$$$$$$$$$$
05/25 16:03 [DEBUG] cshmd.equation (get_logger)                                  : $$$$$$$$$$$$$$  Logger 'cshmd.equation......' initialized  $$$$$$$$$$$$$$
05/25 16:03 [DEBUG] cshmd.structure (get_logger)                                 : $$$$$$$$$$$$$$  Logger 'cshmd.structure.....' initialized  $$$$$$$$$$$$$$
05/25 16:03 [DEBUG] cshmd.builder (get_logger)                                   : $$$$$$$$$$$$$$  Logger 'cshmd.builder.......' initialized  $$$$$$$$$$$$$$
05/25 16:03 [DEBUG] cshmd.trj_analysis (get_logger)                              : $$$$$$$$$$$$$$  Logger 'cshmd.trj_analysis..' initialized  $$$$$$$$$$$$$$
05/25 16:04 [DEBUG] cshmd.common (get_logger)                                    : $$$$$$$$$$$$$$  Logger 'cshmd.common........' initialized  $$$$$$$$$$$$$$
05/25 16:04 [DEBUG] cshmd.functions (get_logger)                                 : $$$$$$$$$$$$$$  Logger 'cshmd.functions.....' initialized  $$$$$$$$$$$$$$
05/25 16:04 [DEBUG] cshmd.load (get_logger)                                      : $$$$$$$$$$$$$$  Logger 'cshmd.load..........' initialized  $$$$$$$$$$$$$$
05/25 16:04 [DEBUG] cshmd.analysis (get_logger)                                  : $$$$$$$$$$$$$$  Logger 'cshmd.analysis......' initialized  $$$$$$$$$$$$$$
05/25 16:04 [DEBUG] cshmd.equation (get_logger)                                  : $$$$$$$$$$$$$$  Logger 'cshmd.equation......' initialized  $$$$$$$$$$$$$$
05/25 16:04 [DEBUG] cshmd.structure (get_logger)                                 : $$$$$$$$$$$$$$  Logger 'cshmd.structure.....' initialized  $$$$$$$$$$$$$$
05/25 16:04 [DEBUG] cshmd.builder (get_logger)                                   : $$$$$$$$$$$$$$  Logger 'cshmd.builder.......' initialized  $$$$$$$$$$$$$$
05/25 16:04 [DEBUG] cshmd.trj_analysis (get_logger)                              : $$$$$$$$$$$$$$  Logger 'cshmd.trj_analysis..' initialized  $$$$$$$$$$$$$$
05/25 16:05 [DEBUG] cshmd.common (get_logger)                                    : $$$$$$$$$$$$$$  Logger 'cshmd.common........' initialized  $$$$$$$$$$$$$$
05/25 16:05 [DEBUG] cshmd.functions (get_logger)                                 : $$$$$$$$$$$$$$  Logger 'cshmd.functions.....' initialized  $$$$$$$$$$$$$$
05/25 16:05 [DEBUG] cshmd.load (get_logger)                                      : $$$$$$$$$$$$$$  Logger 'cshmd.load..........' initialized  $$$$$$$$$$$$$$
05/25 16:05 [DEBUG] cshmd.analysis (get_logger)                                  : $$$$$$$$$$$$$$  Logger 'cshmd.analysis......' initialized  $$$$$$$$$$$$$$
05/25 16:05 [DEBUG] cshmd.equation (get_logger)                                  : $$$$$$$$$$$$$$  Logger 'cshmd.equation......' initialized  $$$$$$$$$$$$$$
05/25 16:05 [DEBUG] cshmd.structure (get_logger)                                 : $$$$$$$$$$$$$$  Logger 'cshmd.structure.....' initialized  $$$$$$$$$$$$$$
05/25 16:05 [DEBUG] cshmd.builder (get_logger)                                   : $$$$$$$$$$$$$$  Logger 'cshmd.builder.......' initialized  $$$$$$$$$$$$$$
05/25 16:05 [DEBUG] cshmd.trj_analysis (get_logger)                              : $$$$$$$$$$$$$$  Logger 'cshmd.trj_analysis..' initialized  $$$$$$$$$$$$$$
05/25 16:08 [DEBUG] cshmd.common (get_logger)                                    : $$$$$$$$$$$$$$  Logger 'cshmd.common........' initialized  $$$$$$$$$$$$$$
05/25 16:08 [DEBUG] cshmd.functions (get_logger)                                 : $$$$$$$$$$$$$$  Logger 'cshmd.functions.....' initialized  $$$$$$$$$$$$$$
05/25 16:08 [DEBUG] cshmd.load (get_logger)                                      : $$$$$$$$$$$$$$  Logger 'cshmd.load..........' initialized  $$$$$$$$$$$$$$
05/25 16:08 [DEBUG] cshmd.analysis (get_logger)                                  : $$$$$$$$$$$$$$  Logger 'cshmd.analysis......' initialized  $$$$$$$$$$$$$$
05/25 16:08 [DEBUG] cshmd.equation (get_logger)                                  : $$$$$$$$$$$$$$  Logger 'cshmd.equation......' initialized  $$$$$$$$$$$$$$
05/25 16:08 [DEBUG] cshmd.structure (get_logger)                                 : $$$$$$$$$$$$$$  Logger 'cshmd.structure.....' initialized  $$$$$$$$$$$$$$
05/25 16:08 [DEBUG] cshmd.builder (get_logger)                                   : $$$$$$$$$$$$$$  Logger 'cshmd.builder.......' initialized  $$$$$$$$$$$$$$
05/25 16:08 [DEBUG] cshmd.trj_analysis (get_logger)                              : $$$$$$$$$$$$$$  Logger 'cshmd.trj_analysis..' initialized  $$$$$$$$$$$$$$
05/25 16:08 [DEBUG] cshmd.common (get_logger)                                    : $$$$$$$$$$$$$$  Logger 'cshmd.common........' initialized  $$$$$$$$$$$$$$
05/25 16:08 [DEBUG] cshmd.functions (get_logger)                                 : $$$$$$$$$$$$$$  Logger 'cshmd.functions.....' initialized  $$$$$$$$$$$$$$
05/25 16:08 [DEBUG] cshmd.load (get_logger)                                      : $$$$$$$$$$$$$$  Logger 'cshmd.load..........' initialized  $$$$$$$$$$$$$$
05/25 16:08 [DEBUG] cshmd.analysis (get_logger)                                  : $$$$$$$$$$$$$$  Logger 'cshmd.analysis......' initialized  $$$$$$$$$$$$$$
05/25 16:08 [DEBUG] cshmd.equation (get_logger)                                  : $$$$$$$$$$$$$$  Logger 'cshmd.equation......' initialized  $$$$$$$$$$$$$$
05/25 16:08 [DEBUG] cshmd.structure (get_logger)                                 : $$$$$$$$$$$$$$  Logger 'cshmd.structure.....' initialized  $$$$$$$$$$$$$$
05/25 16:08 [DEBUG] cshmd.builder (get_logger)                                   : $$$$$$$$$$$$$$  Logger 'cshmd.builder.......' initialized  $$$$$$$$$$$$$$
05/25 16:08 [DEBUG] cshmd.trj_analysis (get_logger)                              : $$$$$$$$$$$$$$  Logger 'cshmd.trj_analysis..' initialized  $$$$$$$$$$$$$$
05/25 16:08 [DEBUG] cshmd.common (get_logger)                                    : $$$$$$$$$$$$$$  Logger 'cshmd.common........' initialized  $$$$$$$$$$$$$$
05/25 16:08 [DEBUG] cshmd.functions (get_logger)                                 : $$$$$$$$$$$$$$  Logger 'cshmd.functions.....' initialized  $$$$$$$$$$$$$$
05/25 16:08 [DEBUG] cshmd.load (get_logger)                                      : $$$$$$$$$$$$$$  Logger 'cshmd.load..........' initialized  $$$$$$$$$$$$$$
05/25 16:08 [DEBUG] cshmd.analysis (get_logger)                                  : $$$$$$$$$$$$$$  Logger 'cshmd.analysis......' initialized  $$$$$$$$$$$$$$
05/25 16:08 [DEBUG] cshmd.equation (get_logger)                                  : $$$$$$$$$$$$$$  Logger 'cshmd.equation......' initialized  $$$$$$$$$$$$$$
05/25 16:08 [DEBUG] cshmd.structure (get_logger)                                 : $$$$$$$$$$$$$$  Logger 'cshmd.structure.....' initialized  $$$$$$$$$$$$$$
05/25 16:08 [DEBUG] cshmd.builder (get_logger)                                   : $$$$$$$$$$$$$$  Logger 'cshmd.builder.......' initialized  $$$$$$$$$$$$$$
05/25 16:08 [DEBUG] cshmd.trj_analysis (get_logger)                              : $$$$$$$$$$$$$$  Logger 'cshmd.trj_analysis..' initialized  $$$$$$$$$$$$$$
05/25 16:09 [DEBUG] cshmd.common (get_logger)                                    : $$$$$$$$$$$$$$  Logger 'cshmd.common........' initialized  $$$$$$$$$$$$$$
05/25 16:09 [DEBUG] cshmd.functions (get_logger)                                 : $$$$$$$$$$$$$$  Logger 'cshmd.functions.....' initialized  $$$$$$$$$$$$$$
05/25 16:09 [DEBUG] cshmd.load (get_logger)                                      : $$$$$$$$$$$$$$  Logger 'cshmd.load..........' initialized  $$$$$$$$$$$$$$
05/25 16:09 [DEBUG] cshmd.analysis (get_logger)                                  : $$$$$$$$$$$$$$  Logger 'cshmd.analysis......' initialized  $$$$$$$$$$$$$$
05/25 16:09 [DEBUG] cshmd.equation (get_logger)                                  : $$$$$$$$$$$$$$  Logger 'cshmd.equation......' initialized  $$$$$$$$$$$$$$
05/25 16:09 [DEBUG] cshmd.structure (get_logger)                                 : $$$$$$$$$$$$$$  Logger 'cshmd.structure.....' initialized  $$$$$$$$$$$$$$
05/25 16:09 [DEBUG] cshmd.builder (get_logger)                                   : $$$$$$$$$$$$$$  Logger 'cshmd.builder.......' initialized  $$$$$$$$$$$$$$
05/25 16:09 [DEBUG] cshmd.trj_analysis (get_logger)                              : $$$$$$$$$$$$$$  Logger 'cshmd.trj_analysis..' initialized  $$$$$$$$$$$$$$
05/25 16:09 [DEBUG] cshmd.common (get_logger)                                    : $$$$$$$$$$$$$$  Logger 'cshmd.common........' initialized  $$$$$$$$$$$$$$
05/25 16:09 [DEBUG] cshmd.functions (get_logger)                                 : $$$$$$$$$$$$$$  Logger 'cshmd.functions.....' initialized  $$$$$$$$$$$$$$
05/25 16:09 [DEBUG] cshmd.load (get_logger)                                      : $$$$$$$$$$$$$$  Logger 'cshmd.load..........' initialized  $$$$$$$$$$$$$$
05/25 16:09 [DEBUG] cshmd.analysis (get_logger)                                  : $$$$$$$$$$$$$$  Logger 'cshmd.analysis......' initialized  $$$$$$$$$$$$$$
05/25 16:09 [DEBUG] cshmd.equation (get_logger)                                  : $$$$$$$$$$$$$$  Logger 'cshmd.equation......' initialized  $$$$$$$$$$$$$$
05/25 16:09 [DEBUG] cshmd.structure (get_logger)                                 : $$$$$$$$$$$$$$  Logger 'cshmd.structure.....' initialized  $$$$$$$$$$$$$$
05/25 16:09 [DEBUG] cshmd.builder (get_logger)                                   : $$$$$$$$$$$$$$  Logger 'cshmd.builder.......' initialized  $$$$$$$$$$$$$$
05/25 16:09 [DEBUG] cshmd.trj_analysis (get_logger)                              : $$$$$$$$$$$$$$  Logger 'cshmd.trj_analysis..' initialized  $$$$$$$$$$$$$$
05/25 16:10 [DEBUG] cshmd.common (get_logger)                                    : $$$$$$$$$$$$$$  Logger 'cshmd.common........' initialized  $$$$$$$$$$$$$$
05/25 16:10 [DEBUG] cshmd.functions (get_logger)                                 : $$$$$$$$$$$$$$  Logger 'cshmd.functions.....' initialized  $$$$$$$$$$$$$$
05/25 16:10 [DEBUG] cshmd.load (get_logger)                                      : $$$$$$$$$$$$$$  Logger 'cshmd.load..........' initialized  $$$$$$$$$$$$$$
05/25 16:10 [DEBUG] cshmd.analysis (get_logger)                                  : $$$$$$$$$$$$$$  Logger 'cshmd.analysis......' initialized  $$$$$$$$$$$$$$
05/25 16:10 [DEBUG] cshmd.equation (get_logger)                                  : $$$$$$$$$$$$$$  Logger 'cshmd.equation......' initialized  $$$$$$$$$$$$$$
05/25 16:10 [DEBUG] cshmd.structure (get_logger)                                 : $$$$$$$$$$$$$$  Logger 'cshmd.structure.....' initialized  $$$$$$$$$$$$$$
05/25 16:10 [DEBUG] cshmd.builder (get_logger)                                   : $$$$$$$$$$$$$$  Logger 'cshmd.builder.......' initialized  $$$$$$$$$$$$$$
05/25 16:10 [DEBUG] cshmd.trj_analysis (get_logger)                              : $$$$$$$$$$$$$$  Logger 'cshmd.trj_analysis..' initialized  $$$$$$$$$$$$$$
05/25 16:10 [DEBUG] cshmd.common (get_logger)                                    : $$$$$$$$$$$$$$  Logger 'cshmd.common........' initialized  $$$$$$$$$$$$$$
05/25 16:10 [DEBUG] cshmd.functions (get_logger)                                 : $$$$$$$$$$$$$$  Logger 'cshmd.functions.....' initialized  $$$$$$$$$$$$$$
05/25 16:10 [DEBUG] cshmd.load (get_logger)                                      : $$$$$$$$$$$$$$  Logger 'cshmd.load..........' initialized  $$$$$$$$$$$$$$
05/25 16:10 [DEBUG] cshmd.analysis (get_logger)                                  : $$$$$$$$$$$$$$  Logger 'cshmd.analysis......' initialized  $$$$$$$$$$$$$$
05/25 16:10 [DEBUG] cshmd.equation (get_logger)                                  : $$$$$$$$$$$$$$  Logger 'cshmd.equation......' initialized  $$$$$$$$$$$$$$
05/25 16:10 [DEBUG] cshmd.structure (get_logger)                                 : $$$$$$$$$$$$$$  Logger 'cshmd.structure.....' initialized  $$$$$$$$$$$$$$
05/25 16:10 [DEBUG] cshmd.builder (get_logger)                                   : $$$$$$$$$$$$$$  Logger 'cshmd.builder.......' initialized  $$$$$$$$$$$$$$
05/25 16:10 [DEBUG] cshmd.trj_analysis (get_logger)                              : $$$$$$$$$$$$$$  Logger 'cshmd.trj_analysis..' initialized  $$$$$$$$$$$$$$
05/25 16:11 [DEBUG] cshmd.common (get_logger)                                    : $$$$$$$$$$$$$$  Logger 'cshmd.common........' initialized  $$$$$$$$$$$$$$
05/25 16:11 [DEBUG] cshmd.functions (get_logger)                                 : $$$$$$$$$$$$$$  Logger 'cshmd.functions.....' initialized  $$$$$$$$$$$$$$
05/25 16:11 [DEBUG] cshmd.load (get_logger)                                      : $$$$$$$$$$$$$$  Logger 'cshmd.load..........' initialized  $$$$$$$$$$$$$$
05/25 16:11 [DEBUG] cshmd.analysis (get_logger)                                  : $$$$$$$$$$$$$$  Logger 'cshmd.analysis......' initialized  $$$$$$$$$$$$$$
05/25 16:11 [DEBUG] cshmd.equation (get_logger)                                  : $$$$$$$$$$$$$$  Logger 'cshmd.equation......' initialized  $$$$$$$$$$$$$$
05/25 16:11 [DEBUG] cshmd.structure (get_logger)                                 : $$$$$$$$$$$$$$  Logger 'cshmd.structure.....' initialized  $$$$$$$$$$$$$$
05/25 16:11 [DEBUG] cshmd.builder (get_logger)                                   : $$$$$$$$$$$$$$  Logger 'cshmd.builder.......' initialized  $$$$$$$$$$$$$$
05/25 16:11 [DEBUG] cshmd.trj_analysis (get_logger)                              : $$$$$$$$$$$$$$  Logger 'cshmd.trj_analysis..' initialized  $$$$$$$$$$$$$$
05/26 10:08 [DEBUG] cshmd.common (get_logger)                                    : $$$$$$$$$$$$$$  Logger 'cshmd.common........' initialized  $$$$$$$$$$$$$$
05/26 10:08 [DEBUG] cshmd.functions (get_logger)                                 : $$$$$$$$$$$$$$  Logger 'cshmd.functions.....' initialized  $$$$$$$$$$$$$$
05/26 10:08 [DEBUG] cshmd.load (get_logger)                                      : $$$$$$$$$$$$$$  Logger 'cshmd.load..........' initialized  $$$$$$$$$$$$$$
05/26 10:08 [DEBUG] cshmd.analysis (get_logger)                                  : $$$$$$$$$$$$$$  Logger 'cshmd.analysis......' initialized  $$$$$$$$$$$$$$
05/26 10:08 [DEBUG] cshmd.equation (get_logger)                                  : $$$$$$$$$$$$$$  Logger 'cshmd.equation......' initialized  $$$$$$$$$$$$$$
05/26 10:08 [DEBUG] cshmd.structure (get_logger)                                 : $$$$$$$$$$$$$$  Logger 'cshmd.structure.....' initialized  $$$$$$$$$$$$$$
05/26 10:08 [DEBUG] cshmd.builder (get_logger)                                   : $$$$$$$$$$$$$$  Logger 'cshmd.builder.......' initialized  $$$$$$$$$$$$$$
05/26 10:08 [DEBUG] cshmd.trj_analysis (get_logger)                              : $$$$$$$$$$$$$$  Logger 'cshmd.trj_analysis..' initialized  $$$$$$$$$$$$$$
05/26 10:08 [DEBUG] cshmd.common (get_logger)                                    : $$$$$$$$$$$$$$  Logger 'cshmd.common........' initialized  $$$$$$$$$$$$$$
05/26 10:08 [DEBUG] cshmd.functions (get_logger)                                 : $$$$$$$$$$$$$$  Logger 'cshmd.functions.....' initialized  $$$$$$$$$$$$$$
05/26 10:08 [DEBUG] cshmd.load (get_logger)                                      : $$$$$$$$$$$$$$  Logger 'cshmd.load..........' initialized  $$$$$$$$$$$$$$
05/26 10:08 [DEBUG] cshmd.analysis (get_logger)                                  : $$$$$$$$$$$$$$  Logger 'cshmd.analysis......' initialized  $$$$$$$$$$$$$$
05/26 10:08 [DEBUG] cshmd.equation (get_logger)                                  : $$$$$$$$$$$$$$  Logger 'cshmd.equation......' initialized  $$$$$$$$$$$$$$
05/26 10:08 [DEBUG] cshmd.structure (get_logger)                                 : $$$$$$$$$$$$$$  Logger 'cshmd.structure.....' initialized  $$$$$$$$$$$$$$
05/26 10:08 [DEBUG] cshmd.builder (get_logger)                                   : $$$$$$$$$$$$$$  Logger 'cshmd.builder.......' initialized  $$$$$$$$$$$$$$
05/26 10:08 [DEBUG] cshmd.trj_analysis (get_logger)                              : $$$$$$$$$$$$$$  Logger 'cshmd.trj_analysis..' initialized  $$$$$$$$$$$$$$
05/26 10:09 [DEBUG] cshmd.common (get_logger)                                    : $$$$$$$$$$$$$$  Logger 'cshmd.common........' initialized  $$$$$$$$$$$$$$
05/26 10:09 [DEBUG] cshmd.functions (get_logger)                                 : $$$$$$$$$$$$$$  Logger 'cshmd.functions.....' initialized  $$$$$$$$$$$$$$
05/26 10:09 [DEBUG] cshmd.load (get_logger)                                      : $$$$$$$$$$$$$$  Logger 'cshmd.load..........' initialized  $$$$$$$$$$$$$$
05/26 10:09 [DEBUG] cshmd.analysis (get_logger)                                  : $$$$$$$$$$$$$$  Logger 'cshmd.analysis......' initialized  $$$$$$$$$$$$$$
05/26 10:09 [DEBUG] cshmd.equation (get_logger)                                  : $$$$$$$$$$$$$$  Logger 'cshmd.equation......' initialized  $$$$$$$$$$$$$$
05/26 10:09 [DEBUG] cshmd.structure (get_logger)                                 : $$$$$$$$$$$$$$  Logger 'cshmd.structure.....' initialized  $$$$$$$$$$$$$$
05/26 10:09 [DEBUG] cshmd.builder (get_logger)                                   : $$$$$$$$$$$$$$  Logger 'cshmd.builder.......' initialized  $$$$$$$$$$$$$$
05/26 10:09 [DEBUG] cshmd.trj_analysis (get_logger)                              : $$$$$$$$$$$$$$  Logger 'cshmd.trj_analysis..' initialized  $$$$$$$$$$$$$$
05/26 10:09 [DEBUG] cshmd.common (get_logger)                                    : $$$$$$$$$$$$$$  Logger 'cshmd.common........' initialized  $$$$$$$$$$$$$$
05/26 10:09 [DEBUG] cshmd.functions (get_logger)                                 : $$$$$$$$$$$$$$  Logger 'cshmd.functions.....' initialized  $$$$$$$$$$$$$$
05/26 10:09 [DEBUG] cshmd.load (get_logger)                                      : $$$$$$$$$$$$$$  Logger 'cshmd.load..........' initialized  $$$$$$$$$$$$$$
05/26 10:09 [DEBUG] cshmd.analysis (get_logger)                                  : $$$$$$$$$$$$$$  Logger 'cshmd.analysis......' initialized  $$$$$$$$$$$$$$
05/26 10:09 [DEBUG] cshmd.equation (get_logger)                                  : $$$$$$$$$$$$$$  Logger 'cshmd.equation......' initialized  $$$$$$$$$$$$$$
05/26 10:09 [DEBUG] cshmd.structure (get_logger)                                 : $$$$$$$$$$$$$$  Logger 'cshmd.structure.....' initialized  $$$$$$$$$$$$$$
05/26 10:09 [DEBUG] cshmd.builder (get_logger)                                   : $$$$$$$$$$$$$$  Logger 'cshmd.builder.......' initialized  $$$$$$$$$$$$$$
05/26 10:09 [DEBUG] cshmd.trj_analysis (get_logger)                              : $$$$$$$$$$$$$$  Logger 'cshmd.trj_analysis..' initialized  $$$$$$$$$$$$$$
05/26 10:09 [DEBUG] cshmd.common (get_logger)                                    : $$$$$$$$$$$$$$  Logger 'cshmd.common........' initialized  $$$$$$$$$$$$$$
05/26 10:09 [DEBUG] cshmd.functions (get_logger)                                 : $$$$$$$$$$$$$$  Logger 'cshmd.functions.....' initialized  $$$$$$$$$$$$$$
05/26 10:09 [DEBUG] cshmd.load (get_logger)                                      : $$$$$$$$$$$$$$  Logger 'cshmd.load..........' initialized  $$$$$$$$$$$$$$
05/26 10:09 [DEBUG] cshmd.analysis (get_logger)                                  : $$$$$$$$$$$$$$  Logger 'cshmd.analysis......' initialized  $$$$$$$$$$$$$$
05/26 10:09 [DEBUG] cshmd.equation (get_logger)                                  : $$$$$$$$$$$$$$  Logger 'cshmd.equation......' initialized  $$$$$$$$$$$$$$
05/26 10:09 [DEBUG] cshmd.structure (get_logger)                                 : $$$$$$$$$$$$$$  Logger 'cshmd.structure.....' initialized  $$$$$$$$$$$$$$
05/26 10:09 [DEBUG] cshmd.builder (get_logger)                                   : $$$$$$$$$$$$$$  Logger 'cshmd.builder.......' initialized  $$$$$$$$$$$$$$
05/26 10:09 [DEBUG] cshmd.trj_analysis (get_logger)                              : $$$$$$$$$$$$$$  Logger 'cshmd.trj_analysis..' initialized  $$$$$$$$$$$$$$
05/26 10:10 [DEBUG] cshmd.common (get_logger)                                    : $$$$$$$$$$$$$$  Logger 'cshmd.common........' initialized  $$$$$$$$$$$$$$
05/26 10:10 [DEBUG] cshmd.functions (get_logger)                                 : $$$$$$$$$$$$$$  Logger 'cshmd.functions.....' initialized  $$$$$$$$$$$$$$
05/26 10:10 [DEBUG] cshmd.load (get_logger)                                      : $$$$$$$$$$$$$$  Logger 'cshmd.load..........' initialized  $$$$$$$$$$$$$$
05/26 10:10 [DEBUG] cshmd.analysis (get_logger)                                  : $$$$$$$$$$$$$$  Logger 'cshmd.analysis......' initialized  $$$$$$$$$$$$$$
05/26 10:10 [DEBUG] cshmd.equation (get_logger)                                  : $$$$$$$$$$$$$$  Logger 'cshmd.equation......' initialized  $$$$$$$$$$$$$$
05/26 10:10 [DEBUG] cshmd.structure (get_logger)                                 : $$$$$$$$$$$$$$  Logger 'cshmd.structure.....' initialized  $$$$$$$$$$$$$$
05/26 10:10 [DEBUG] cshmd.builder (get_logger)                                   : $$$$$$$$$$$$$$  Logger 'cshmd.builder.......' initialized  $$$$$$$$$$$$$$
05/26 10:10 [DEBUG] cshmd.trj_analysis (get_logger)                              : $$$$$$$$$$$$$$  Logger 'cshmd.trj_analysis..' initialized  $$$$$$$$$$$$$$
05/26 10:12 [DEBUG] cshmd.common (get_logger)                                    : $$$$$$$$$$$$$$  Logger 'cshmd.common........' initialized  $$$$$$$$$$$$$$
05/26 10:12 [DEBUG] cshmd.functions (get_logger)                                 : $$$$$$$$$$$$$$  Logger 'cshmd.functions.....' initialized  $$$$$$$$$$$$$$
05/26 10:12 [DEBUG] cshmd.load (get_logger)                                      : $$$$$$$$$$$$$$  Logger 'cshmd.load..........' initialized  $$$$$$$$$$$$$$
05/26 10:12 [DEBUG] cshmd.analysis (get_logger)                                  : $$$$$$$$$$$$$$  Logger 'cshmd.analysis......' initialized  $$$$$$$$$$$$$$
05/26 10:12 [DEBUG] cshmd.equation (get_logger)                                  : $$$$$$$$$$$$$$  Logger 'cshmd.equation......' initialized  $$$$$$$$$$$$$$
05/26 10:12 [DEBUG] cshmd.structure (get_logger)                                 : $$$$$$$$$$$$$$  Logger 'cshmd.structure.....' initialized  $$$$$$$$$$$$$$
05/26 10:12 [DEBUG] cshmd.builder (get_logger)                                   : $$$$$$$$$$$$$$  Logger 'cshmd.builder.......' initialized  $$$$$$$$$$$$$$
05/26 10:12 [DEBUG] cshmd.trj_analysis (get_logger)                              : $$$$$$$$$$$$$$  Logger 'cshmd.trj_analysis..' initialized  $$$$$$$$$$$$$$
05/26 10:12 [DEBUG] cshmd.common (get_logger)                                    : $$$$$$$$$$$$$$  Logger 'cshmd.common........' initialized  $$$$$$$$$$$$$$
05/26 10:12 [DEBUG] cshmd.functions (get_logger)                                 : $$$$$$$$$$$$$$  Logger 'cshmd.functions.....' initialized  $$$$$$$$$$$$$$
05/26 10:12 [DEBUG] cshmd.load (get_logger)                                      : $$$$$$$$$$$$$$  Logger 'cshmd.load..........' initialized  $$$$$$$$$$$$$$
05/26 10:12 [DEBUG] cshmd.analysis (get_logger)                                  : $$$$$$$$$$$$$$  Logger 'cshmd.analysis......' initialized  $$$$$$$$$$$$$$
05/26 10:12 [DEBUG] cshmd.equation (get_logger)                                  : $$$$$$$$$$$$$$  Logger 'cshmd.equation......' initialized  $$$$$$$$$$$$$$
05/26 10:12 [DEBUG] cshmd.structure (get_logger)                                 : $$$$$$$$$$$$$$  Logger 'cshmd.structure.....' initialized  $$$$$$$$$$$$$$
05/26 10:12 [DEBUG] cshmd.builder (get_logger)                                   : $$$$$$$$$$$$$$  Logger 'cshmd.builder.......' initialized  $$$$$$$$$$$$$$
05/26 10:12 [DEBUG] cshmd.trj_analysis (get_logger)                              : $$$$$$$$$$$$$$  Logger 'cshmd.trj_analysis..' initialized  $$$$$$$$$$$$$$
05/26 10:12 [DEBUG] csh_info (get_logger)                                        : $$$$$$$$$$$$$$  Logger 'csh_info............' initialized  $$$$$$$$$$$$$$
05/26 10:14 [DEBUG] cshmd.common (get_logger)                                    : $$$$$$$$$$$$$$  Logger 'cshmd.common........' initialized  $$$$$$$$$$$$$$
05/26 10:14 [DEBUG] cshmd.functions (get_logger)                                 : $$$$$$$$$$$$$$  Logger 'cshmd.functions.....' initialized  $$$$$$$$$$$$$$
05/26 10:14 [DEBUG] cshmd.load (get_logger)                                      : $$$$$$$$$$$$$$  Logger 'cshmd.load..........' initialized  $$$$$$$$$$$$$$
05/26 10:14 [DEBUG] cshmd.analysis (get_logger)                                  : $$$$$$$$$$$$$$  Logger 'cshmd.analysis......' initialized  $$$$$$$$$$$$$$
05/26 10:14 [DEBUG] cshmd.equation (get_logger)                                  : $$$$$$$$$$$$$$  Logger 'cshmd.equation......' initialized  $$$$$$$$$$$$$$
05/26 10:14 [DEBUG] cshmd.structure (get_logger)                                 : $$$$$$$$$$$$$$  Logger 'cshmd.structure.....' initialized  $$$$$$$$$$$$$$
05/26 10:14 [DEBUG] cshmd.builder (get_logger)                                   : $$$$$$$$$$$$$$  Logger 'cshmd.builder.......' initialized  $$$$$$$$$$$$$$
05/26 10:14 [DEBUG] cshmd.trj_analysis (get_logger)                              : $$$$$$$$$$$$$$  Logger 'cshmd.trj_analysis..' initialized  $$$$$$$$$$$$$$
05/26 10:14 [DEBUG] table_csh_info (get_logger)                                  : $$$$$$$$$$$$$$  Logger 'table_csh_info......' initialized  $$$$$$$$$$$$$$
05/26 10:14 [INFO] table_csh_info (<module>)                                     : Found 1 files
05/26 10:14 [INFO] table_csh_info (<module>)                                     : [PosixPath('merge.pkl')]
05/26 10:14 [DEBUG] cshmd.common (get_logger)                                    : $$$$$$$$$$$$$$  Logger 'cshmd.common........' initialized  $$$$$$$$$$$$$$
05/26 10:14 [DEBUG] cshmd.functions (get_logger)                                 : $$$$$$$$$$$$$$  Logger 'cshmd.functions.....' initialized  $$$$$$$$$$$$$$
05/26 10:14 [DEBUG] cshmd.load (get_logger)                                      : $$$$$$$$$$$$$$  Logger 'cshmd.load..........' initialized  $$$$$$$$$$$$$$
05/26 10:14 [DEBUG] cshmd.analysis (get_logger)                                  : $$$$$$$$$$$$$$  Logger 'cshmd.analysis......' initialized  $$$$$$$$$$$$$$
05/26 10:14 [DEBUG] cshmd.equation (get_logger)                                  : $$$$$$$$$$$$$$  Logger 'cshmd.equation......' initialized  $$$$$$$$$$$$$$
05/26 10:14 [DEBUG] cshmd.structure (get_logger)                                 : $$$$$$$$$$$$$$  Logger 'cshmd.structure.....' initialized  $$$$$$$$$$$$$$
05/26 10:14 [DEBUG] cshmd.builder (get_logger)                                   : $$$$$$$$$$$$$$  Logger 'cshmd.builder.......' initialized  $$$$$$$$$$$$$$
05/26 10:14 [DEBUG] cshmd.trj_analysis (get_logger)                              : $$$$$$$$$$$$$$  Logger 'cshmd.trj_analysis..' initialized  $$$$$$$$$$$$$$
05/26 10:14 [DEBUG] table_csh_info (get_logger)                                  : $$$$$$$$$$$$$$  Logger 'table_csh_info......' initialized  $$$$$$$$$$$$$$
05/26 10:14 [INFO] table_csh_info (<module>)                                     : Found 1 files
05/26 10:14 [INFO] table_csh_info (<module>)                                     : [PosixPath('merge.pkl')]
05/26 10:14 [DEBUG] cshmd.common (get_logger)                                    : $$$$$$$$$$$$$$  Logger 'cshmd.common........' initialized  $$$$$$$$$$$$$$
05/26 10:14 [DEBUG] cshmd.functions (get_logger)                                 : $$$$$$$$$$$$$$  Logger 'cshmd.functions.....' initialized  $$$$$$$$$$$$$$
05/26 10:14 [DEBUG] cshmd.load (get_logger)                                      : $$$$$$$$$$$$$$  Logger 'cshmd.load..........' initialized  $$$$$$$$$$$$$$
05/26 10:14 [DEBUG] cshmd.analysis (get_logger)                                  : $$$$$$$$$$$$$$  Logger 'cshmd.analysis......' initialized  $$$$$$$$$$$$$$
05/26 10:14 [DEBUG] cshmd.equation (get_logger)                                  : $$$$$$$$$$$$$$  Logger 'cshmd.equation......' initialized  $$$$$$$$$$$$$$
05/26 10:14 [DEBUG] cshmd.structure (get_logger)                                 : $$$$$$$$$$$$$$  Logger 'cshmd.structure.....' initialized  $$$$$$$$$$$$$$
05/26 10:14 [DEBUG] cshmd.builder (get_logger)                                   : $$$$$$$$$$$$$$  Logger 'cshmd.builder.......' initialized  $$$$$$$$$$$$$$
05/26 10:14 [DEBUG] cshmd.trj_analysis (get_logger)                              : $$$$$$$$$$$$$$  Logger 'cshmd.trj_analysis..' initialized  $$$$$$$$$$$$$$
05/26 10:14 [DEBUG] table_csh_info (get_logger)                                  : $$$$$$$$$$$$$$  Logger 'table_csh_info......' initialized  $$$$$$$$$$$$$$
05/26 10:14 [INFO] table_csh_info (<module>)                                     : Found 1 files
05/26 10:14 [INFO] table_csh_info (<module>)                                     : [PosixPath('merge.pkl')]
05/26 10:17 [DEBUG] cshmd.common (get_logger)                                    : $$$$$$$$$$$$$$  Logger 'cshmd.common........' initialized  $$$$$$$$$$$$$$
05/26 10:17 [DEBUG] cshmd.functions (get_logger)                                 : $$$$$$$$$$$$$$  Logger 'cshmd.functions.....' initialized  $$$$$$$$$$$$$$
05/26 10:17 [DEBUG] cshmd.load (get_logger)                                      : $$$$$$$$$$$$$$  Logger 'cshmd.load..........' initialized  $$$$$$$$$$$$$$
05/26 10:17 [DEBUG] cshmd.analysis (get_logger)                                  : $$$$$$$$$$$$$$  Logger 'cshmd.analysis......' initialized  $$$$$$$$$$$$$$
05/26 10:17 [DEBUG] cshmd.equation (get_logger)                                  : $$$$$$$$$$$$$$  Logger 'cshmd.equation......' initialized  $$$$$$$$$$$$$$
05/26 10:17 [DEBUG] cshmd.structure (get_logger)                                 : $$$$$$$$$$$$$$  Logger 'cshmd.structure.....' initialized  $$$$$$$$$$$$$$
05/26 10:17 [DEBUG] cshmd.builder (get_logger)                                   : $$$$$$$$$$$$$$  Logger 'cshmd.builder.......' initialized  $$$$$$$$$$$$$$
05/26 10:17 [DEBUG] cshmd.trj_analysis (get_logger)                              : $$$$$$$$$$$$$$  Logger 'cshmd.trj_analysis..' initialized  $$$$$$$$$$$$$$
05/26 10:17 [DEBUG] table_csh_info (get_logger)                                  : $$$$$$$$$$$$$$  Logger 'table_csh_info......' initialized  $$$$$$$$$$$$$$
05/26 10:17 [DEBUG] cshmd.common (get_logger)                                    : $$$$$$$$$$$$$$  Logger 'cshmd.common........' initialized  $$$$$$$$$$$$$$
05/26 10:17 [DEBUG] cshmd.functions (get_logger)                                 : $$$$$$$$$$$$$$  Logger 'cshmd.functions.....' initialized  $$$$$$$$$$$$$$
05/26 10:17 [DEBUG] cshmd.load (get_logger)                                      : $$$$$$$$$$$$$$  Logger 'cshmd.load..........' initialized  $$$$$$$$$$$$$$
05/26 10:17 [DEBUG] cshmd.analysis (get_logger)                                  : $$$$$$$$$$$$$$  Logger 'cshmd.analysis......' initialized  $$$$$$$$$$$$$$
05/26 10:17 [DEBUG] cshmd.equation (get_logger)                                  : $$$$$$$$$$$$$$  Logger 'cshmd.equation......' initialized  $$$$$$$$$$$$$$
05/26 10:17 [DEBUG] cshmd.structure (get_logger)                                 : $$$$$$$$$$$$$$  Logger 'cshmd.structure.....' initialized  $$$$$$$$$$$$$$
05/26 10:17 [DEBUG] cshmd.builder (get_logger)                                   : $$$$$$$$$$$$$$  Logger 'cshmd.builder.......' initialized  $$$$$$$$$$$$$$
05/26 10:17 [DEBUG] cshmd.trj_analysis (get_logger)                              : $$$$$$$$$$$$$$  Logger 'cshmd.trj_analysis..' initialized  $$$$$$$$$$$$$$
05/26 10:17 [DEBUG] table_csh_info (get_logger)                                  : $$$$$$$$$$$$$$  Logger 'table_csh_info......' initialized  $$$$$$$$$$$$$$
05/26 10:17 [DEBUG] cshmd.common (get_logger)                                    : $$$$$$$$$$$$$$  Logger 'cshmd.common........' initialized  $$$$$$$$$$$$$$
05/26 10:17 [DEBUG] cshmd.functions (get_logger)                                 : $$$$$$$$$$$$$$  Logger 'cshmd.functions.....' initialized  $$$$$$$$$$$$$$
05/26 10:17 [DEBUG] cshmd.load (get_logger)                                      : $$$$$$$$$$$$$$  Logger 'cshmd.load..........' initialized  $$$$$$$$$$$$$$
05/26 10:17 [DEBUG] cshmd.analysis (get_logger)                                  : $$$$$$$$$$$$$$  Logger 'cshmd.analysis......' initialized  $$$$$$$$$$$$$$
05/26 10:17 [DEBUG] cshmd.equation (get_logger)                                  : $$$$$$$$$$$$$$  Logger 'cshmd.equation......' initialized  $$$$$$$$$$$$$$
05/26 10:17 [DEBUG] cshmd.structure (get_logger)                                 : $$$$$$$$$$$$$$  Logger 'cshmd.structure.....' initialized  $$$$$$$$$$$$$$
05/26 10:17 [DEBUG] cshmd.builder (get_logger)                                   : $$$$$$$$$$$$$$  Logger 'cshmd.builder.......' initialized  $$$$$$$$$$$$$$
05/26 10:17 [DEBUG] cshmd.trj_analysis (get_logger)                              : $$$$$$$$$$$$$$  Logger 'cshmd.trj_analysis..' initialized  $$$$$$$$$$$$$$
05/26 10:17 [DEBUG] table_csh_info (get_logger)                                  : $$$$$$$$$$$$$$  Logger 'table_csh_info......' initialized  $$$$$$$$$$$$$$
05/26 10:17 [INFO] table_csh_info (<module>)                                     : Found 1 files
05/26 10:17 [INFO] table_csh_info (<module>)                                     : [PosixPath('merge.pkl')]
05/26 10:18 [DEBUG] cshmd.common (get_logger)                                    : $$$$$$$$$$$$$$  Logger 'cshmd.common........' initialized  $$$$$$$$$$$$$$
05/26 10:18 [DEBUG] cshmd.functions (get_logger)                                 : $$$$$$$$$$$$$$  Logger 'cshmd.functions.....' initialized  $$$$$$$$$$$$$$
05/26 10:18 [DEBUG] cshmd.load (get_logger)                                      : $$$$$$$$$$$$$$  Logger 'cshmd.load..........' initialized  $$$$$$$$$$$$$$
05/26 10:18 [DEBUG] cshmd.analysis (get_logger)                                  : $$$$$$$$$$$$$$  Logger 'cshmd.analysis......' initialized  $$$$$$$$$$$$$$
05/26 10:18 [DEBUG] cshmd.equation (get_logger)                                  : $$$$$$$$$$$$$$  Logger 'cshmd.equation......' initialized  $$$$$$$$$$$$$$
05/26 10:18 [DEBUG] cshmd.structure (get_logger)                                 : $$$$$$$$$$$$$$  Logger 'cshmd.structure.....' initialized  $$$$$$$$$$$$$$
05/26 10:18 [DEBUG] cshmd.builder (get_logger)                                   : $$$$$$$$$$$$$$  Logger 'cshmd.builder.......' initialized  $$$$$$$$$$$$$$
05/26 10:18 [DEBUG] cshmd.trj_analysis (get_logger)                              : $$$$$$$$$$$$$$  Logger 'cshmd.trj_analysis..' initialized  $$$$$$$$$$$$$$
05/26 10:18 [DEBUG] table_csh_info (get_logger)                                  : $$$$$$$$$$$$$$  Logger 'table_csh_info......' initialized  $$$$$$$$$$$$$$
05/26 10:18 [INFO] table_csh_info (<module>)                                     : Found 1 files
05/26 10:18 [INFO] table_csh_info (<module>)                                     : [PosixPath('merge.pkl')]
05/26 10:26 [DEBUG] cshmd.common (get_logger)                                    : $$$$$$$$$$$$$$  Logger 'cshmd.common........' initialized  $$$$$$$$$$$$$$
05/26 10:26 [DEBUG] cshmd.functions (get_logger)                                 : $$$$$$$$$$$$$$  Logger 'cshmd.functions.....' initialized  $$$$$$$$$$$$$$
05/26 10:26 [DEBUG] cshmd.load (get_logger)                                      : $$$$$$$$$$$$$$  Logger 'cshmd.load..........' initialized  $$$$$$$$$$$$$$
05/26 10:26 [DEBUG] cshmd.analysis (get_logger)                                  : $$$$$$$$$$$$$$  Logger 'cshmd.analysis......' initialized  $$$$$$$$$$$$$$
05/26 10:26 [DEBUG] cshmd.equation (get_logger)                                  : $$$$$$$$$$$$$$  Logger 'cshmd.equation......' initialized  $$$$$$$$$$$$$$
05/26 10:26 [DEBUG] cshmd.structure (get_logger)                                 : $$$$$$$$$$$$$$  Logger 'cshmd.structure.....' initialized  $$$$$$$$$$$$$$
05/26 10:26 [DEBUG] cshmd.builder (get_logger)                                   : $$$$$$$$$$$$$$  Logger 'cshmd.builder.......' initialized  $$$$$$$$$$$$$$
05/26 10:26 [DEBUG] cshmd.trj_analysis (get_logger)                              : $$$$$$$$$$$$$$  Logger 'cshmd.trj_analysis..' initialized  $$$$$$$$$$$$$$
05/26 10:26 [DEBUG] table_csh_info (get_logger)                                  : $$$$$$$$$$$$$$  Logger 'table_csh_info......' initialized  $$$$$$$$$$$$$$
05/26 10:26 [INFO] table_csh_info (<module>)                                     : Found 1 files
05/26 10:26 [INFO] table_csh_info (<module>)                                     : [PosixPath('merge.pkl')]
05/26 10:27 [DEBUG] cshmd.common (get_logger)                                    : $$$$$$$$$$$$$$  Logger 'cshmd.common........' initialized  $$$$$$$$$$$$$$
05/26 10:27 [DEBUG] cshmd.functions (get_logger)                                 : $$$$$$$$$$$$$$  Logger 'cshmd.functions.....' initialized  $$$$$$$$$$$$$$
05/26 10:27 [DEBUG] cshmd.load (get_logger)                                      : $$$$$$$$$$$$$$  Logger 'cshmd.load..........' initialized  $$$$$$$$$$$$$$
05/26 10:27 [DEBUG] cshmd.analysis (get_logger)                                  : $$$$$$$$$$$$$$  Logger 'cshmd.analysis......' initialized  $$$$$$$$$$$$$$
05/26 10:27 [DEBUG] cshmd.equation (get_logger)                                  : $$$$$$$$$$$$$$  Logger 'cshmd.equation......' initialized  $$$$$$$$$$$$$$
05/26 10:27 [DEBUG] cshmd.structure (get_logger)                                 : $$$$$$$$$$$$$$  Logger 'cshmd.structure.....' initialized  $$$$$$$$$$$$$$
05/26 10:27 [DEBUG] cshmd.builder (get_logger)                                   : $$$$$$$$$$$$$$  Logger 'cshmd.builder.......' initialized  $$$$$$$$$$$$$$
05/26 10:27 [DEBUG] cshmd.trj_analysis (get_logger)                              : $$$$$$$$$$$$$$  Logger 'cshmd.trj_analysis..' initialized  $$$$$$$$$$$$$$
05/26 10:27 [DEBUG] table_csh_info (get_logger)                                  : $$$$$$$$$$$$$$  Logger 'table_csh_info......' initialized  $$$$$$$$$$$$$$
05/26 10:27 [INFO] table_csh_info (<module>)                                     : Found 1 files
05/26 10:27 [INFO] table_csh_info (<module>)                                     : [PosixPath('merge.pkl')]
05/26 10:27 [DEBUG] cshmd.common (get_logger)                                    : $$$$$$$$$$$$$$  Logger 'cshmd.common........' initialized  $$$$$$$$$$$$$$
05/26 10:27 [DEBUG] cshmd.functions (get_logger)                                 : $$$$$$$$$$$$$$  Logger 'cshmd.functions.....' initialized  $$$$$$$$$$$$$$
05/26 10:27 [DEBUG] cshmd.load (get_logger)                                      : $$$$$$$$$$$$$$  Logger 'cshmd.load..........' initialized  $$$$$$$$$$$$$$
05/26 10:27 [DEBUG] cshmd.analysis (get_logger)                                  : $$$$$$$$$$$$$$  Logger 'cshmd.analysis......' initialized  $$$$$$$$$$$$$$
05/26 10:27 [DEBUG] cshmd.equation (get_logger)                                  : $$$$$$$$$$$$$$  Logger 'cshmd.equation......' initialized  $$$$$$$$$$$$$$
05/26 10:27 [DEBUG] cshmd.structure (get_logger)                                 : $$$$$$$$$$$$$$  Logger 'cshmd.structure.....' initialized  $$$$$$$$$$$$$$
05/26 10:27 [DEBUG] cshmd.builder (get_logger)                                   : $$$$$$$$$$$$$$  Logger 'cshmd.builder.......' initialized  $$$$$$$$$$$$$$
05/26 10:27 [DEBUG] cshmd.trj_analysis (get_logger)                              : $$$$$$$$$$$$$$  Logger 'cshmd.trj_analysis..' initialized  $$$$$$$$$$$$$$
05/26 10:27 [DEBUG] table_csh_info (get_logger)                                  : $$$$$$$$$$$$$$  Logger 'table_csh_info......' initialized  $$$$$$$$$$$$$$
05/26 10:27 [INFO] table_csh_info (<module>)                                     : Found 1 files
05/26 10:27 [INFO] table_csh_info (<module>)                                     : [PosixPath('merge.pkl')]
05/26 10:27 [DEBUG] cshmd.common (get_logger)                                    : $$$$$$$$$$$$$$  Logger 'cshmd.common........' initialized  $$$$$$$$$$$$$$
05/26 10:27 [DEBUG] cshmd.functions (get_logger)                                 : $$$$$$$$$$$$$$  Logger 'cshmd.functions.....' initialized  $$$$$$$$$$$$$$
05/26 10:27 [DEBUG] cshmd.load (get_logger)                                      : $$$$$$$$$$$$$$  Logger 'cshmd.load..........' initialized  $$$$$$$$$$$$$$
05/26 10:27 [DEBUG] cshmd.analysis (get_logger)                                  : $$$$$$$$$$$$$$  Logger 'cshmd.analysis......' initialized  $$$$$$$$$$$$$$
05/26 10:27 [DEBUG] cshmd.equation (get_logger)                                  : $$$$$$$$$$$$$$  Logger 'cshmd.equation......' initialized  $$$$$$$$$$$$$$
05/26 10:27 [DEBUG] cshmd.structure (get_logger)                                 : $$$$$$$$$$$$$$  Logger 'cshmd.structure.....' initialized  $$$$$$$$$$$$$$
05/26 10:27 [DEBUG] cshmd.builder (get_logger)                                   : $$$$$$$$$$$$$$  Logger 'cshmd.builder.......' initialized  $$$$$$$$$$$$$$
05/26 10:27 [DEBUG] cshmd.trj_analysis (get_logger)                              : $$$$$$$$$$$$$$  Logger 'cshmd.trj_analysis..' initialized  $$$$$$$$$$$$$$
05/26 10:27 [DEBUG] table_csh_info (get_logger)                                  : $$$$$$$$$$$$$$  Logger 'table_csh_info......' initialized  $$$$$$$$$$$$$$
05/26 10:27 [INFO] table_csh_info (<module>)                                     : Found 1 files
05/26 10:27 [INFO] table_csh_info (<module>)                                     : [PosixPath('merge.pkl')]
05/26 10:29 [DEBUG] cshmd.common (get_logger)                                    : $$$$$$$$$$$$$$  Logger 'cshmd.common........' initialized  $$$$$$$$$$$$$$
05/26 10:29 [DEBUG] cshmd.functions (get_logger)                                 : $$$$$$$$$$$$$$  Logger 'cshmd.functions.....' initialized  $$$$$$$$$$$$$$
05/26 10:29 [DEBUG] cshmd.load (get_logger)                                      : $$$$$$$$$$$$$$  Logger 'cshmd.load..........' initialized  $$$$$$$$$$$$$$
05/26 10:29 [DEBUG] cshmd.analysis (get_logger)                                  : $$$$$$$$$$$$$$  Logger 'cshmd.analysis......' initialized  $$$$$$$$$$$$$$
05/26 10:29 [DEBUG] cshmd.equation (get_logger)                                  : $$$$$$$$$$$$$$  Logger 'cshmd.equation......' initialized  $$$$$$$$$$$$$$
05/26 10:29 [DEBUG] cshmd.structure (get_logger)                                 : $$$$$$$$$$$$$$  Logger 'cshmd.structure.....' initialized  $$$$$$$$$$$$$$
05/26 10:29 [DEBUG] cshmd.builder (get_logger)                                   : $$$$$$$$$$$$$$  Logger 'cshmd.builder.......' initialized  $$$$$$$$$$$$$$
05/26 10:29 [DEBUG] cshmd.trj_analysis (get_logger)                              : $$$$$$$$$$$$$$  Logger 'cshmd.trj_analysis..' initialized  $$$$$$$$$$$$$$
05/26 10:29 [DEBUG] table_csh_info (get_logger)                                  : $$$$$$$$$$$$$$  Logger 'table_csh_info......' initialized  $$$$$$$$$$$$$$
05/26 10:29 [INFO] table_csh_info (<module>)                                     : Found 1 files
05/26 10:29 [INFO] table_csh_info (<module>)                                     : [PosixPath('merge.pkl')]
05/26 10:29 [DEBUG] cshmd.common (get_logger)                                    : $$$$$$$$$$$$$$  Logger 'cshmd.common........' initialized  $$$$$$$$$$$$$$
05/26 10:29 [DEBUG] cshmd.functions (get_logger)                                 : $$$$$$$$$$$$$$  Logger 'cshmd.functions.....' initialized  $$$$$$$$$$$$$$
05/26 10:29 [DEBUG] cshmd.load (get_logger)                                      : $$$$$$$$$$$$$$  Logger 'cshmd.load..........' initialized  $$$$$$$$$$$$$$
05/26 10:29 [DEBUG] cshmd.analysis (get_logger)                                  : $$$$$$$$$$$$$$  Logger 'cshmd.analysis......' initialized  $$$$$$$$$$$$$$
05/26 10:29 [DEBUG] cshmd.equation (get_logger)                                  : $$$$$$$$$$$$$$  Logger 'cshmd.equation......' initialized  $$$$$$$$$$$$$$
05/26 10:29 [DEBUG] cshmd.structure (get_logger)                                 : $$$$$$$$$$$$$$  Logger 'cshmd.structure.....' initialized  $$$$$$$$$$$$$$
05/26 10:29 [DEBUG] cshmd.builder (get_logger)                                   : $$$$$$$$$$$$$$  Logger 'cshmd.builder.......' initialized  $$$$$$$$$$$$$$
05/26 10:29 [DEBUG] cshmd.trj_analysis (get_logger)                              : $$$$$$$$$$$$$$  Logger 'cshmd.trj_analysis..' initialized  $$$$$$$$$$$$$$
05/26 10:29 [DEBUG] table_csh_info (get_logger)                                  : $$$$$$$$$$$$$$  Logger 'table_csh_info......' initialized  $$$$$$$$$$$$$$
05/26 10:29 [INFO] table_csh_info (<module>)                                     : Found 1 files
05/26 10:29 [INFO] table_csh_info (<module>)                                     : [PosixPath('merge.pkl')]
05/26 10:30 [DEBUG] cshmd.common (get_logger)                                    : $$$$$$$$$$$$$$  Logger 'cshmd.common........' initialized  $$$$$$$$$$$$$$
05/26 10:30 [DEBUG] cshmd.functions (get_logger)                                 : $$$$$$$$$$$$$$  Logger 'cshmd.functions.....' initialized  $$$$$$$$$$$$$$
05/26 10:30 [DEBUG] cshmd.load (get_logger)                                      : $$$$$$$$$$$$$$  Logger 'cshmd.load..........' initialized  $$$$$$$$$$$$$$
05/26 10:30 [DEBUG] cshmd.analysis (get_logger)                                  : $$$$$$$$$$$$$$  Logger 'cshmd.analysis......' initialized  $$$$$$$$$$$$$$
05/26 10:30 [DEBUG] cshmd.equation (get_logger)                                  : $$$$$$$$$$$$$$  Logger 'cshmd.equation......' initialized  $$$$$$$$$$$$$$
05/26 10:30 [DEBUG] cshmd.structure (get_logger)                                 : $$$$$$$$$$$$$$  Logger 'cshmd.structure.....' initialized  $$$$$$$$$$$$$$
05/26 10:30 [DEBUG] cshmd.builder (get_logger)                                   : $$$$$$$$$$$$$$  Logger 'cshmd.builder.......' initialized  $$$$$$$$$$$$$$
05/26 10:30 [DEBUG] cshmd.trj_analysis (get_logger)                              : $$$$$$$$$$$$$$  Logger 'cshmd.trj_analysis..' initialized  $$$$$$$$$$$$$$
05/26 10:30 [DEBUG] table_csh_info (get_logger)                                  : $$$$$$$$$$$$$$  Logger 'table_csh_info......' initialized  $$$$$$$$$$$$$$
05/26 10:30 [INFO] table_csh_info (<module>)                                     : Found 1 files
05/26 10:30 [INFO] table_csh_info (<module>)                                     : [PosixPath('merge.pkl')]
05/26 10:30 [DEBUG] cshmd.common (get_logger)                                    : $$$$$$$$$$$$$$  Logger 'cshmd.common........' initialized  $$$$$$$$$$$$$$
05/26 10:30 [DEBUG] cshmd.functions (get_logger)                                 : $$$$$$$$$$$$$$  Logger 'cshmd.functions.....' initialized  $$$$$$$$$$$$$$
05/26 10:30 [DEBUG] cshmd.load (get_logger)                                      : $$$$$$$$$$$$$$  Logger 'cshmd.load..........' initialized  $$$$$$$$$$$$$$
05/26 10:30 [DEBUG] cshmd.analysis (get_logger)                                  : $$$$$$$$$$$$$$  Logger 'cshmd.analysis......' initialized  $$$$$$$$$$$$$$
05/26 10:30 [DEBUG] cshmd.equation (get_logger)                                  : $$$$$$$$$$$$$$  Logger 'cshmd.equation......' initialized  $$$$$$$$$$$$$$
05/26 10:30 [DEBUG] cshmd.structure (get_logger)                                 : $$$$$$$$$$$$$$  Logger 'cshmd.structure.....' initialized  $$$$$$$$$$$$$$
05/26 10:30 [DEBUG] cshmd.builder (get_logger)                                   : $$$$$$$$$$$$$$  Logger 'cshmd.builder.......' initialized  $$$$$$$$$$$$$$
05/26 10:30 [DEBUG] cshmd.trj_analysis (get_logger)                              : $$$$$$$$$$$$$$  Logger 'cshmd.trj_analysis..' initialized  $$$$$$$$$$$$$$
05/26 10:30 [DEBUG] table_csh_info (get_logger)                                  : $$$$$$$$$$$$$$  Logger 'table_csh_info......' initialized  $$$$$$$$$$$$$$
05/26 10:30 [INFO] table_csh_info (<module>)                                     : Found 1 files
05/26 10:30 [INFO] table_csh_info (<module>)                                     : [PosixPath('merge.pkl')]
05/26 10:35 [DEBUG] cshmd.common (get_logger)                                    : $$$$$$$$$$$$$$  Logger 'cshmd.common........' initialized  $$$$$$$$$$$$$$
05/26 10:35 [DEBUG] cshmd.functions (get_logger)                                 : $$$$$$$$$$$$$$  Logger 'cshmd.functions.....' initialized  $$$$$$$$$$$$$$
05/26 10:35 [DEBUG] cshmd.load (get_logger)                                      : $$$$$$$$$$$$$$  Logger 'cshmd.load..........' initialized  $$$$$$$$$$$$$$
05/26 10:35 [DEBUG] cshmd.analysis (get_logger)                                  : $$$$$$$$$$$$$$  Logger 'cshmd.analysis......' initialized  $$$$$$$$$$$$$$
05/26 10:35 [DEBUG] cshmd.equation (get_logger)                                  : $$$$$$$$$$$$$$  Logger 'cshmd.equation......' initialized  $$$$$$$$$$$$$$
05/26 10:35 [DEBUG] cshmd.structure (get_logger)                                 : $$$$$$$$$$$$$$  Logger 'cshmd.structure.....' initialized  $$$$$$$$$$$$$$
05/26 10:35 [DEBUG] cshmd.builder (get_logger)                                   : $$$$$$$$$$$$$$  Logger 'cshmd.builder.......' initialized  $$$$$$$$$$$$$$
05/26 10:35 [DEBUG] cshmd.trj_analysis (get_logger)                              : $$$$$$$$$$$$$$  Logger 'cshmd.trj_analysis..' initialized  $$$$$$$$$$$$$$
05/26 10:35 [DEBUG] table_csh_info (get_logger)                                  : $$$$$$$$$$$$$$  Logger 'table_csh_info......' initialized  $$$$$$$$$$$$$$
05/26 10:35 [INFO] table_csh_info (<module>)                                     : Found 1 files
05/26 10:35 [INFO] table_csh_info (<module>)                                     : [PosixPath('merge.pkl')]
05/26 10:35 [DEBUG] cshmd.common (get_logger)                                    : $$$$$$$$$$$$$$  Logger 'cshmd.common........' initialized  $$$$$$$$$$$$$$
05/26 10:35 [DEBUG] cshmd.functions (get_logger)                                 : $$$$$$$$$$$$$$  Logger 'cshmd.functions.....' initialized  $$$$$$$$$$$$$$
05/26 10:35 [DEBUG] cshmd.load (get_logger)                                      : $$$$$$$$$$$$$$  Logger 'cshmd.load..........' initialized  $$$$$$$$$$$$$$
05/26 10:35 [DEBUG] cshmd.analysis (get_logger)                                  : $$$$$$$$$$$$$$  Logger 'cshmd.analysis......' initialized  $$$$$$$$$$$$$$
05/26 10:35 [DEBUG] cshmd.equation (get_logger)                                  : $$$$$$$$$$$$$$  Logger 'cshmd.equation......' initialized  $$$$$$$$$$$$$$
05/26 10:35 [DEBUG] cshmd.structure (get_logger)                                 : $$$$$$$$$$$$$$  Logger 'cshmd.structure.....' initialized  $$$$$$$$$$$$$$
05/26 10:35 [DEBUG] cshmd.builder (get_logger)                                   : $$$$$$$$$$$$$$  Logger 'cshmd.builder.......' initialized  $$$$$$$$$$$$$$
05/26 10:35 [DEBUG] cshmd.trj_analysis (get_logger)                              : $$$$$$$$$$$$$$  Logger 'cshmd.trj_analysis..' initialized  $$$$$$$$$$$$$$
05/26 10:35 [DEBUG] table_csh_info (get_logger)                                  : $$$$$$$$$$$$$$  Logger 'table_csh_info......' initialized  $$$$$$$$$$$$$$
05/26 10:35 [INFO] table_csh_info (<module>)                                     : Found 1 files
05/26 10:35 [INFO] table_csh_info (<module>)                                     : [PosixPath('merge.pkl')]
05/26 10:36 [DEBUG] cshmd.common (get_logger)                                    : $$$$$$$$$$$$$$  Logger 'cshmd.common........' initialized  $$$$$$$$$$$$$$
05/26 10:36 [DEBUG] cshmd.functions (get_logger)                                 : $$$$$$$$$$$$$$  Logger 'cshmd.functions.....' initialized  $$$$$$$$$$$$$$
05/26 10:36 [DEBUG] cshmd.load (get_logger)                                      : $$$$$$$$$$$$$$  Logger 'cshmd.load..........' initialized  $$$$$$$$$$$$$$
05/26 10:36 [DEBUG] cshmd.analysis (get_logger)                                  : $$$$$$$$$$$$$$  Logger 'cshmd.analysis......' initialized  $$$$$$$$$$$$$$
05/26 10:36 [DEBUG] cshmd.equation (get_logger)                                  : $$$$$$$$$$$$$$  Logger 'cshmd.equation......' initialized  $$$$$$$$$$$$$$
05/26 10:36 [DEBUG] cshmd.structure (get_logger)                                 : $$$$$$$$$$$$$$  Logger 'cshmd.structure.....' initialized  $$$$$$$$$$$$$$
05/26 10:36 [DEBUG] cshmd.builder (get_logger)                                   : $$$$$$$$$$$$$$  Logger 'cshmd.builder.......' initialized  $$$$$$$$$$$$$$
05/26 10:36 [DEBUG] cshmd.trj_analysis (get_logger)                              : $$$$$$$$$$$$$$  Logger 'cshmd.trj_analysis..' initialized  $$$$$$$$$$$$$$
05/26 10:36 [DEBUG] table_csh_info (get_logger)                                  : $$$$$$$$$$$$$$  Logger 'table_csh_info......' initialized  $$$$$$$$$$$$$$
05/26 10:36 [INFO] table_csh_info (<module>)                                     : Found 1 files
05/26 10:36 [INFO] table_csh_info (<module>)                                     : [PosixPath('merge.pkl')]
05/26 10:36 [DEBUG] cshmd.common (get_logger)                                    : $$$$$$$$$$$$$$  Logger 'cshmd.common........' initialized  $$$$$$$$$$$$$$
05/26 10:36 [DEBUG] cshmd.functions (get_logger)                                 : $$$$$$$$$$$$$$  Logger 'cshmd.functions.....' initialized  $$$$$$$$$$$$$$
05/26 10:36 [DEBUG] cshmd.load (get_logger)                                      : $$$$$$$$$$$$$$  Logger 'cshmd.load..........' initialized  $$$$$$$$$$$$$$
05/26 10:36 [DEBUG] cshmd.analysis (get_logger)                                  : $$$$$$$$$$$$$$  Logger 'cshmd.analysis......' initialized  $$$$$$$$$$$$$$
05/26 10:36 [DEBUG] cshmd.equation (get_logger)                                  : $$$$$$$$$$$$$$  Logger 'cshmd.equation......' initialized  $$$$$$$$$$$$$$
05/26 10:36 [DEBUG] cshmd.structure (get_logger)                                 : $$$$$$$$$$$$$$  Logger 'cshmd.structure.....' initialized  $$$$$$$$$$$$$$
05/26 10:36 [DEBUG] cshmd.builder (get_logger)                                   : $$$$$$$$$$$$$$  Logger 'cshmd.builder.......' initialized  $$$$$$$$$$$$$$
05/26 10:36 [DEBUG] cshmd.trj_analysis (get_logger)                              : $$$$$$$$$$$$$$  Logger 'cshmd.trj_analysis..' initialized  $$$$$$$$$$$$$$
05/26 10:36 [DEBUG] table_csh_info (get_logger)                                  : $$$$$$$$$$$$$$  Logger 'table_csh_info......' initialized  $$$$$$$$$$$$$$
05/26 10:36 [INFO] table_csh_info (<module>)                                     : Found 1 files
05/26 10:36 [INFO] table_csh_info (<module>)                                     : [PosixPath('merge.pkl')]
05/26 10:37 [DEBUG] cshmd.common (get_logger)                                    : $$$$$$$$$$$$$$  Logger 'cshmd.common........' initialized  $$$$$$$$$$$$$$
05/26 10:37 [DEBUG] cshmd.functions (get_logger)                                 : $$$$$$$$$$$$$$  Logger 'cshmd.functions.....' initialized  $$$$$$$$$$$$$$
05/26 10:37 [DEBUG] cshmd.load (get_logger)                                      : $$$$$$$$$$$$$$  Logger 'cshmd.load..........' initialized  $$$$$$$$$$$$$$
05/26 10:37 [DEBUG] cshmd.analysis (get_logger)                                  : $$$$$$$$$$$$$$  Logger 'cshmd.analysis......' initialized  $$$$$$$$$$$$$$
05/26 10:37 [DEBUG] cshmd.equation (get_logger)                                  : $$$$$$$$$$$$$$  Logger 'cshmd.equation......' initialized  $$$$$$$$$$$$$$
05/26 10:37 [DEBUG] cshmd.structure (get_logger)                                 : $$$$$$$$$$$$$$  Logger 'cshmd.structure.....' initialized  $$$$$$$$$$$$$$
05/26 10:37 [DEBUG] cshmd.builder (get_logger)                                   : $$$$$$$$$$$$$$  Logger 'cshmd.builder.......' initialized  $$$$$$$$$$$$$$
05/26 10:37 [DEBUG] cshmd.trj_analysis (get_logger)                              : $$$$$$$$$$$$$$  Logger 'cshmd.trj_analysis..' initialized  $$$$$$$$$$$$$$
05/26 10:37 [DEBUG] table_csh_info (get_logger)                                  : $$$$$$$$$$$$$$  Logger 'table_csh_info......' initialized  $$$$$$$$$$$$$$
05/26 10:37 [INFO] table_csh_info (<module>)                                     : Found 1 files
05/26 10:37 [INFO] table_csh_info (<module>)                                     : [PosixPath('merge.pkl')]
05/26 10:37 [DEBUG] cshmd.common (get_logger)                                    : $$$$$$$$$$$$$$  Logger 'cshmd.common........' initialized  $$$$$$$$$$$$$$
05/26 10:37 [DEBUG] cshmd.functions (get_logger)                                 : $$$$$$$$$$$$$$  Logger 'cshmd.functions.....' initialized  $$$$$$$$$$$$$$
05/26 10:37 [DEBUG] cshmd.load (get_logger)                                      : $$$$$$$$$$$$$$  Logger 'cshmd.load..........' initialized  $$$$$$$$$$$$$$
05/26 10:37 [DEBUG] cshmd.analysis (get_logger)                                  : $$$$$$$$$$$$$$  Logger 'cshmd.analysis......' initialized  $$$$$$$$$$$$$$
05/26 10:37 [DEBUG] cshmd.equation (get_logger)                                  : $$$$$$$$$$$$$$  Logger 'cshmd.equation......' initialized  $$$$$$$$$$$$$$
05/26 10:37 [DEBUG] cshmd.structure (get_logger)                                 : $$$$$$$$$$$$$$  Logger 'cshmd.structure.....' initialized  $$$$$$$$$$$$$$
05/26 10:37 [DEBUG] cshmd.builder (get_logger)                                   : $$$$$$$$$$$$$$  Logger 'cshmd.builder.......' initialized  $$$$$$$$$$$$$$
05/26 10:37 [DEBUG] cshmd.trj_analysis (get_logger)                              : $$$$$$$$$$$$$$  Logger 'cshmd.trj_analysis..' initialized  $$$$$$$$$$$$$$
05/26 10:37 [DEBUG] table_csh_info (get_logger)                                  : $$$$$$$$$$$$$$  Logger 'table_csh_info......' initialized  $$$$$$$$$$$$$$
05/26 10:37 [INFO] table_csh_info (<module>)                                     : Found 1 files
05/26 10:37 [INFO] table_csh_info (<module>)                                     : [PosixPath('merge.pkl')]
05/26 10:37 [DEBUG] cshmd.common (get_logger)                                    : $$$$$$$$$$$$$$  Logger 'cshmd.common........' initialized  $$$$$$$$$$$$$$
05/26 10:37 [DEBUG] cshmd.functions (get_logger)                                 : $$$$$$$$$$$$$$  Logger 'cshmd.functions.....' initialized  $$$$$$$$$$$$$$
05/26 10:37 [DEBUG] cshmd.load (get_logger)                                      : $$$$$$$$$$$$$$  Logger 'cshmd.load..........' initialized  $$$$$$$$$$$$$$
05/26 10:37 [DEBUG] cshmd.analysis (get_logger)                                  : $$$$$$$$$$$$$$  Logger 'cshmd.analysis......' initialized  $$$$$$$$$$$$$$
05/26 10:37 [DEBUG] cshmd.equation (get_logger)                                  : $$$$$$$$$$$$$$  Logger 'cshmd.equation......' initialized  $$$$$$$$$$$$$$
05/26 10:37 [DEBUG] cshmd.structure (get_logger)                                 : $$$$$$$$$$$$$$  Logger 'cshmd.structure.....' initialized  $$$$$$$$$$$$$$
05/26 10:37 [DEBUG] cshmd.builder (get_logger)                                   : $$$$$$$$$$$$$$  Logger 'cshmd.builder.......' initialized  $$$$$$$$$$$$$$
05/26 10:37 [DEBUG] cshmd.trj_analysis (get_logger)                              : $$$$$$$$$$$$$$  Logger 'cshmd.trj_analysis..' initialized  $$$$$$$$$$$$$$
05/26 10:37 [DEBUG] table_csh_info (get_logger)                                  : $$$$$$$$$$$$$$  Logger 'table_csh_info......' initialized  $$$$$$$$$$$$$$
05/26 10:37 [INFO] table_csh_info (<module>)                                     : Found 1 files
05/26 10:37 [INFO] table_csh_info (<module>)                                     : [PosixPath('merge.pkl')]
05/26 10:38 [DEBUG] cshmd.common (get_logger)                                    : $$$$$$$$$$$$$$  Logger 'cshmd.common........' initialized  $$$$$$$$$$$$$$
05/26 10:38 [DEBUG] cshmd.functions (get_logger)                                 : $$$$$$$$$$$$$$  Logger 'cshmd.functions.....' initialized  $$$$$$$$$$$$$$
05/26 10:38 [DEBUG] cshmd.load (get_logger)                                      : $$$$$$$$$$$$$$  Logger 'cshmd.load..........' initialized  $$$$$$$$$$$$$$
05/26 10:38 [DEBUG] cshmd.analysis (get_logger)                                  : $$$$$$$$$$$$$$  Logger 'cshmd.analysis......' initialized  $$$$$$$$$$$$$$
05/26 10:38 [DEBUG] cshmd.equation (get_logger)                                  : $$$$$$$$$$$$$$  Logger 'cshmd.equation......' initialized  $$$$$$$$$$$$$$
05/26 10:38 [DEBUG] cshmd.structure (get_logger)                                 : $$$$$$$$$$$$$$  Logger 'cshmd.structure.....' initialized  $$$$$$$$$$$$$$
05/26 10:38 [DEBUG] cshmd.builder (get_logger)                                   : $$$$$$$$$$$$$$  Logger 'cshmd.builder.......' initialized  $$$$$$$$$$$$$$
05/26 10:38 [DEBUG] cshmd.trj_analysis (get_logger)                              : $$$$$$$$$$$$$$  Logger 'cshmd.trj_analysis..' initialized  $$$$$$$$$$$$$$
05/26 10:38 [DEBUG] table_csh_info (get_logger)                                  : $$$$$$$$$$$$$$  Logger 'table_csh_info......' initialized  $$$$$$$$$$$$$$
05/26 10:38 [INFO] table_csh_info (<module>)                                     : Found 1 files
05/26 10:38 [INFO] table_csh_info (<module>)                                     : [PosixPath('merge.pkl')]
05/26 10:38 [DEBUG] cshmd.common (get_logger)                                    : $$$$$$$$$$$$$$  Logger 'cshmd.common........' initialized  $$$$$$$$$$$$$$
05/26 10:38 [DEBUG] cshmd.functions (get_logger)                                 : $$$$$$$$$$$$$$  Logger 'cshmd.functions.....' initialized  $$$$$$$$$$$$$$
05/26 10:38 [DEBUG] cshmd.load (get_logger)                                      : $$$$$$$$$$$$$$  Logger 'cshmd.load..........' initialized  $$$$$$$$$$$$$$
05/26 10:38 [DEBUG] cshmd.analysis (get_logger)                                  : $$$$$$$$$$$$$$  Logger 'cshmd.analysis......' initialized  $$$$$$$$$$$$$$
05/26 10:38 [DEBUG] cshmd.equation (get_logger)                                  : $$$$$$$$$$$$$$  Logger 'cshmd.equation......' initialized  $$$$$$$$$$$$$$
05/26 10:38 [DEBUG] cshmd.structure (get_logger)                                 : $$$$$$$$$$$$$$  Logger 'cshmd.structure.....' initialized  $$$$$$$$$$$$$$
05/26 10:38 [DEBUG] cshmd.builder (get_logger)                                   : $$$$$$$$$$$$$$  Logger 'cshmd.builder.......' initialized  $$$$$$$$$$$$$$
05/26 10:38 [DEBUG] cshmd.trj_analysis (get_logger)                              : $$$$$$$$$$$$$$  Logger 'cshmd.trj_analysis..' initialized  $$$$$$$$$$$$$$
05/26 10:38 [DEBUG] table_csh_info (get_logger)                                  : $$$$$$$$$$$$$$  Logger 'table_csh_info......' initialized  $$$$$$$$$$$$$$
05/26 10:38 [INFO] table_csh_info (<module>)                                     : Found 1 files
05/26 10:38 [INFO] table_csh_info (<module>)                                     : [PosixPath('merge.pkl')]
05/26 10:38 [DEBUG] cshmd.equation (__init__)                                    : No fit type specified. Data only mode.
05/26 10:38 [DEBUG] cshmd.equation (__init__)                                    : No fit type specified. Data only mode.
05/26 10:38 [DEBUG] cshmd.equation (__init__)                                    : No fit type specified. Data only mode.
05/26 10:43 [DEBUG] cshmd.common (get_logger)                                    : $$$$$$$$$$$$$$  Logger 'cshmd.common........' initialized  $$$$$$$$$$$$$$
05/26 10:43 [DEBUG] cshmd.functions (get_logger)                                 : $$$$$$$$$$$$$$  Logger 'cshmd.functions.....' initialized  $$$$$$$$$$$$$$
05/26 10:43 [DEBUG] cshmd.load (get_logger)                                      : $$$$$$$$$$$$$$  Logger 'cshmd.load..........' initialized  $$$$$$$$$$$$$$
05/26 10:43 [DEBUG] cshmd.analysis (get_logger)                                  : $$$$$$$$$$$$$$  Logger 'cshmd.analysis......' initialized  $$$$$$$$$$$$$$
05/26 10:43 [DEBUG] cshmd.equation (get_logger)                                  : $$$$$$$$$$$$$$  Logger 'cshmd.equation......' initialized  $$$$$$$$$$$$$$
05/26 10:43 [DEBUG] cshmd.structure (get_logger)                                 : $$$$$$$$$$$$$$  Logger 'cshmd.structure.....' initialized  $$$$$$$$$$$$$$
05/26 10:43 [DEBUG] cshmd.builder (get_logger)                                   : $$$$$$$$$$$$$$  Logger 'cshmd.builder.......' initialized  $$$$$$$$$$$$$$
05/26 10:43 [DEBUG] cshmd.trj_analysis (get_logger)                              : $$$$$$$$$$$$$$  Logger 'cshmd.trj_analysis..' initialized  $$$$$$$$$$$$$$
05/26 10:43 [DEBUG] table_csh_info (get_logger)                                  : $$$$$$$$$$$$$$  Logger 'table_csh_info......' initialized  $$$$$$$$$$$$$$
05/26 10:43 [INFO] table_csh_info (<module>)                                     : Found 1 files
05/26 10:43 [INFO] table_csh_info (<module>)                                     : [PosixPath('merge.pkl')]
05/26 10:43 [DEBUG] cshmd.equation (__init__)                                    : No fit type specified. Data only mode.
05/26 10:43 [DEBUG] cshmd.equation (__init__)                                    : No fit type specified. Data only mode.
05/26 10:43 [DEBUG] cshmd.equation (__init__)                                    : No fit type specified. Data only mode.
05/26 10:45 [DEBUG] cshmd.common (get_logger)                                    : $$$$$$$$$$$$$$  Logger 'cshmd.common........' initialized  $$$$$$$$$$$$$$
05/26 10:45 [DEBUG] cshmd.functions (get_logger)                                 : $$$$$$$$$$$$$$  Logger 'cshmd.functions.....' initialized  $$$$$$$$$$$$$$
05/26 10:45 [DEBUG] cshmd.load (get_logger)                                      : $$$$$$$$$$$$$$  Logger 'cshmd.load..........' initialized  $$$$$$$$$$$$$$
05/26 10:45 [DEBUG] cshmd.analysis (get_logger)                                  : $$$$$$$$$$$$$$  Logger 'cshmd.analysis......' initialized  $$$$$$$$$$$$$$
05/26 10:45 [DEBUG] cshmd.equation (get_logger)                                  : $$$$$$$$$$$$$$  Logger 'cshmd.equation......' initialized  $$$$$$$$$$$$$$
05/26 10:45 [DEBUG] cshmd.structure (get_logger)                                 : $$$$$$$$$$$$$$  Logger 'cshmd.structure.....' initialized  $$$$$$$$$$$$$$
05/26 10:45 [DEBUG] cshmd.builder (get_logger)                                   : $$$$$$$$$$$$$$  Logger 'cshmd.builder.......' initialized  $$$$$$$$$$$$$$
05/26 10:45 [DEBUG] cshmd.trj_analysis (get_logger)                              : $$$$$$$$$$$$$$  Logger 'cshmd.trj_analysis..' initialized  $$$$$$$$$$$$$$
05/26 10:45 [DEBUG] table_csh_info (get_logger)                                  : $$$$$$$$$$$$$$  Logger 'table_csh_info......' initialized  $$$$$$$$$$$$$$
05/26 10:45 [INFO] table_csh_info (<module>)                                     : Found 1 files
05/26 10:45 [INFO] table_csh_info (<module>)                                     : [PosixPath('merge.pkl')]
05/26 10:45 [DEBUG] cshmd.equation (__init__)                                    : No fit type specified. Data only mode.
05/26 10:45 [DEBUG] cshmd.equation (__init__)                                    : No fit type specified. Data only mode.
05/26 10:45 [DEBUG] cshmd.equation (__init__)                                    : No fit type specified. Data only mode.
05/26 10:45 [DEBUG] cshmd.common (get_logger)                                    : $$$$$$$$$$$$$$  Logger 'cshmd.common........' initialized  $$$$$$$$$$$$$$
05/26 10:45 [DEBUG] cshmd.functions (get_logger)                                 : $$$$$$$$$$$$$$  Logger 'cshmd.functions.....' initialized  $$$$$$$$$$$$$$
05/26 10:45 [DEBUG] cshmd.load (get_logger)                                      : $$$$$$$$$$$$$$  Logger 'cshmd.load..........' initialized  $$$$$$$$$$$$$$
05/26 10:45 [DEBUG] cshmd.analysis (get_logger)                                  : $$$$$$$$$$$$$$  Logger 'cshmd.analysis......' initialized  $$$$$$$$$$$$$$
05/26 10:45 [DEBUG] cshmd.equation (get_logger)                                  : $$$$$$$$$$$$$$  Logger 'cshmd.equation......' initialized  $$$$$$$$$$$$$$
05/26 10:45 [DEBUG] cshmd.structure (get_logger)                                 : $$$$$$$$$$$$$$  Logger 'cshmd.structure.....' initialized  $$$$$$$$$$$$$$
05/26 10:45 [DEBUG] cshmd.builder (get_logger)                                   : $$$$$$$$$$$$$$  Logger 'cshmd.builder.......' initialized  $$$$$$$$$$$$$$
05/26 10:45 [DEBUG] cshmd.trj_analysis (get_logger)                              : $$$$$$$$$$$$$$  Logger 'cshmd.trj_analysis..' initialized  $$$$$$$$$$$$$$
05/26 10:45 [DEBUG] table_csh_info (get_logger)                                  : $$$$$$$$$$$$$$  Logger 'table_csh_info......' initialized  $$$$$$$$$$$$$$
05/26 10:45 [INFO] table_csh_info (<module>)                                     : Found 1 files
05/26 10:45 [INFO] table_csh_info (<module>)                                     : [PosixPath('merge.pkl')]
05/26 10:45 [DEBUG] cshmd.equation (__init__)                                    : No fit type specified. Data only mode.
05/26 10:45 [DEBUG] cshmd.equation (__init__)                                    : No fit type specified. Data only mode.
05/26 10:45 [DEBUG] cshmd.equation (__init__)                                    : No fit type specified. Data only mode.
05/26 10:53 [DEBUG] cshmd.common (get_logger)                                    : $$$$$$$$$$$$$$  Logger 'cshmd.common........' initialized  $$$$$$$$$$$$$$
05/26 10:53 [DEBUG] cshmd.functions (get_logger)                                 : $$$$$$$$$$$$$$  Logger 'cshmd.functions.....' initialized  $$$$$$$$$$$$$$
05/26 10:53 [DEBUG] cshmd.load (get_logger)                                      : $$$$$$$$$$$$$$  Logger 'cshmd.load..........' initialized  $$$$$$$$$$$$$$
05/26 10:53 [DEBUG] cshmd.analysis (get_logger)                                  : $$$$$$$$$$$$$$  Logger 'cshmd.analysis......' initialized  $$$$$$$$$$$$$$
05/26 10:53 [DEBUG] cshmd.equation (get_logger)                                  : $$$$$$$$$$$$$$  Logger 'cshmd.equation......' initialized  $$$$$$$$$$$$$$
05/26 10:53 [DEBUG] cshmd.structure (get_logger)                                 : $$$$$$$$$$$$$$  Logger 'cshmd.structure.....' initialized  $$$$$$$$$$$$$$
05/26 10:53 [DEBUG] cshmd.builder (get_logger)                                   : $$$$$$$$$$$$$$  Logger 'cshmd.builder.......' initialized  $$$$$$$$$$$$$$
05/26 10:53 [DEBUG] cshmd.trj_analysis (get_logger)                              : $$$$$$$$$$$$$$  Logger 'cshmd.trj_analysis..' initialized  $$$$$$$$$$$$$$
05/26 10:53 [DEBUG] cshmd.common (get_logger)                                    : $$$$$$$$$$$$$$  Logger 'cshmd.common........' initialized  $$$$$$$$$$$$$$
05/26 10:53 [DEBUG] cshmd.functions (get_logger)                                 : $$$$$$$$$$$$$$  Logger 'cshmd.functions.....' initialized  $$$$$$$$$$$$$$
05/26 10:53 [DEBUG] cshmd.load (get_logger)                                      : $$$$$$$$$$$$$$  Logger 'cshmd.load..........' initialized  $$$$$$$$$$$$$$
05/26 10:53 [DEBUG] cshmd.analysis (get_logger)                                  : $$$$$$$$$$$$$$  Logger 'cshmd.analysis......' initialized  $$$$$$$$$$$$$$
05/26 10:53 [DEBUG] cshmd.equation (get_logger)                                  : $$$$$$$$$$$$$$  Logger 'cshmd.equation......' initialized  $$$$$$$$$$$$$$
05/26 10:53 [DEBUG] cshmd.structure (get_logger)                                 : $$$$$$$$$$$$$$  Logger 'cshmd.structure.....' initialized  $$$$$$$$$$$$$$
05/26 10:53 [DEBUG] cshmd.builder (get_logger)                                   : $$$$$$$$$$$$$$  Logger 'cshmd.builder.......' initialized  $$$$$$$$$$$$$$
05/26 10:53 [DEBUG] cshmd.trj_analysis (get_logger)                              : $$$$$$$$$$$$$$  Logger 'cshmd.trj_analysis..' initialized  $$$$$$$$$$$$$$
05/26 10:53 [DEBUG] cshmd.common (get_logger)                                    : $$$$$$$$$$$$$$  Logger 'cshmd.common........' initialized  $$$$$$$$$$$$$$
05/26 10:53 [DEBUG] cshmd.functions (get_logger)                                 : $$$$$$$$$$$$$$  Logger 'cshmd.functions.....' initialized  $$$$$$$$$$$$$$
05/26 10:53 [DEBUG] cshmd.load (get_logger)                                      : $$$$$$$$$$$$$$  Logger 'cshmd.load..........' initialized  $$$$$$$$$$$$$$
05/26 10:53 [DEBUG] cshmd.analysis (get_logger)                                  : $$$$$$$$$$$$$$  Logger 'cshmd.analysis......' initialized  $$$$$$$$$$$$$$
05/26 10:53 [DEBUG] cshmd.equation (get_logger)                                  : $$$$$$$$$$$$$$  Logger 'cshmd.equation......' initialized  $$$$$$$$$$$$$$
05/26 10:53 [DEBUG] cshmd.structure (get_logger)                                 : $$$$$$$$$$$$$$  Logger 'cshmd.structure.....' initialized  $$$$$$$$$$$$$$
05/26 10:53 [DEBUG] cshmd.builder (get_logger)                                   : $$$$$$$$$$$$$$  Logger 'cshmd.builder.......' initialized  $$$$$$$$$$$$$$
05/26 10:53 [DEBUG] cshmd.trj_analysis (get_logger)                              : $$$$$$$$$$$$$$  Logger 'cshmd.trj_analysis..' initialized  $$$$$$$$$$$$$$
05/26 10:53 [DEBUG] cshmd.common (get_logger)                                    : $$$$$$$$$$$$$$  Logger 'cshmd.common........' initialized  $$$$$$$$$$$$$$
05/26 10:53 [DEBUG] cshmd.functions (get_logger)                                 : $$$$$$$$$$$$$$  Logger 'cshmd.functions.....' initialized  $$$$$$$$$$$$$$
05/26 10:53 [DEBUG] cshmd.load (get_logger)                                      : $$$$$$$$$$$$$$  Logger 'cshmd.load..........' initialized  $$$$$$$$$$$$$$
05/26 10:53 [DEBUG] cshmd.analysis (get_logger)                                  : $$$$$$$$$$$$$$  Logger 'cshmd.analysis......' initialized  $$$$$$$$$$$$$$
05/26 10:53 [DEBUG] cshmd.equation (get_logger)                                  : $$$$$$$$$$$$$$  Logger 'cshmd.equation......' initialized  $$$$$$$$$$$$$$
05/26 10:53 [DEBUG] cshmd.structure (get_logger)                                 : $$$$$$$$$$$$$$  Logger 'cshmd.structure.....' initialized  $$$$$$$$$$$$$$
05/26 10:53 [DEBUG] cshmd.builder (get_logger)                                   : $$$$$$$$$$$$$$  Logger 'cshmd.builder.......' initialized  $$$$$$$$$$$$$$
05/26 10:53 [DEBUG] cshmd.trj_analysis (get_logger)                              : $$$$$$$$$$$$$$  Logger 'cshmd.trj_analysis..' initialized  $$$$$$$$$$$$$$
05/26 10:53 [DEBUG] table_csh_info (get_logger)                                  : $$$$$$$$$$$$$$  Logger 'table_csh_info......' initialized  $$$$$$$$$$$$$$
05/26 10:53 [INFO] table_csh_info (<module>)                                     : Found 1 files
05/26 10:53 [INFO] table_csh_info (<module>)                                     : [PosixPath('merge.pkl')]
05/26 10:53 [DEBUG] cshmd.equation (__init__)                                    : No fit type specified. Data only mode.
05/26 10:53 [DEBUG] cshmd.equation (__init__)                                    : No fit type specified. Data only mode.
05/26 10:53 [DEBUG] cshmd.equation (__init__)                                    : No fit type specified. Data only mode.
05/26 10:58 [DEBUG] cshmd.common (get_logger)                                    : $$$$$$$$$$$$$$  Logger 'cshmd.common........' initialized  $$$$$$$$$$$$$$
05/26 10:58 [DEBUG] cshmd.functions (get_logger)                                 : $$$$$$$$$$$$$$  Logger 'cshmd.functions.....' initialized  $$$$$$$$$$$$$$
05/26 10:58 [DEBUG] cshmd.load (get_logger)                                      : $$$$$$$$$$$$$$  Logger 'cshmd.load..........' initialized  $$$$$$$$$$$$$$
05/26 10:58 [DEBUG] cshmd.analysis (get_logger)                                  : $$$$$$$$$$$$$$  Logger 'cshmd.analysis......' initialized  $$$$$$$$$$$$$$
05/26 10:58 [DEBUG] cshmd.equation (get_logger)                                  : $$$$$$$$$$$$$$  Logger 'cshmd.equation......' initialized  $$$$$$$$$$$$$$
05/26 10:58 [DEBUG] cshmd.structure (get_logger)                                 : $$$$$$$$$$$$$$  Logger 'cshmd.structure.....' initialized  $$$$$$$$$$$$$$
05/26 10:58 [DEBUG] cshmd.builder (get_logger)                                   : $$$$$$$$$$$$$$  Logger 'cshmd.builder.......' initialized  $$$$$$$$$$$$$$
05/26 10:58 [DEBUG] cshmd.trj_analysis (get_logger)                              : $$$$$$$$$$$$$$  Logger 'cshmd.trj_analysis..' initialized  $$$$$$$$$$$$$$
05/26 10:58 [DEBUG] table_csh_info (get_logger)                                  : $$$$$$$$$$$$$$  Logger 'table_csh_info......' initialized  $$$$$$$$$$$$$$
05/26 10:58 [INFO] table_csh_info (<module>)                                     : Found 1 files
05/26 10:58 [INFO] table_csh_info (<module>)                                     : [PosixPath('merge.pkl')]
05/26 10:58 [DEBUG] cshmd.equation (__init__)                                    : No fit type specified. Data only mode.
05/26 10:58 [DEBUG] cshmd.equation (__init__)                                    : No fit type specified. Data only mode.
05/26 10:58 [DEBUG] cshmd.equation (__init__)                                    : No fit type specified. Data only mode.
